source_station,source_order,comid,sequence,start_measure,end_measure,length_km,mapped_waterbody,waterbody_id,area_weight,shared_by_all_sources,target
03024000,0,9053487,0,12.835,0.0,0.3532192,False,0,0.6785141196017093,False,03049625
03024000,0,9053519,1,100.0,0.0,3.293,False,0,0.6785141196017093,False,03049625
03024000,0,9053507,2,100.0,0.0,2.496,False,0,0.6785141196017093,False,03049625
03024000,0,9057779,3,100.0,0.0,0.526,False,0,0.6785141196017093,False,03049625
03024000,0,9053501,4,100.0,0.0,1.969,False,0,0.6785141196017093,False,03049625
03024000,0,9053499,5,100.0,0.0,2.14,False,0,0.6785141196017093,False,03049625
03024000,0,9053509,6,100.0,0.0,1.314,False,0,0.6785141196017093,False,03049625
03024000,0,9053513,7,100.0,0.0,3.58,False,0,0.6785141196017093,False,03049625
03024000,0,9057781,8,100.0,0.0,0.185,False,0,0.6785141196017093,False,03049625
03024000,0,10222194,9,100.0,0.0,3.211,False,0,0.6785141196017093,False,03049625
03024000,0,10222198,10,100.0,0.0,2.52,False,0,0.6785141196017093,False,03049625
03024000,0,10222204,11,100.0,0.0,0.53,False,0,0.6785141196017093,False,03049625
03024000,0,10222212,12,100.0,0.0,1.598,False,0,0.6785141196017093,False,03049625
03024000,0,10222216,13,100.0,0.0,1.17,False,0,0.6785141196017093,False,03049625
03024000,0,10222218,14,100.0,0.0,6.18,False,0,0.6785141196017093,False,03049625
03024000,0,10222224,15,100.0,0.0,0.269,False,0,0.6785141196017093,False,03049625
03024000,0,10222228,16,100.0,0.0,0.35,False,0,0.6785141196017093,False,03049625
03024000,0,10222232,17,100.0,0.0,1.5289999999999997,False,0,0.6785141196017093,False,03049625
03024000,0,10222240,18,100.0,0.0,1.057,False,0,0.6785141196017093,False,03049625
03024000,0,10222246,19,100.0,0.0,4.881,False,0,0.6785141196017093,False,03049625
03024000,0,10222256,20,100.0,0.0,2.428,False,0,0.6785141196017093,False,03049625
03024000,0,10222268,21,100.0,0.0,1.709,False,0,0.6785141196017093,False,03049625
03024000,0,10222266,22,100.0,0.0,0.463,False,0,0.6785141196017093,False,03049625
03024000,0,10222260,23,100.0,0.0,3.636,False,0,0.6785141196017093,False,03049625
03024000,0,10222254,24,100.0,0.0,0.599,False,0,0.6785141196017093,False,03049625
03024000,0,10222282,25,100.0,0.0,2.481,False,0,0.6785141196017093,False,03049625
03024000,0,10222284,26,100.0,0.0,0.332,False,0,0.6785141196017093,False,03049625
03024000,0,10222300,27,100.0,0.0,2.9930000000000003,False,0,0.6785141196017093,False,03049625
03024000,0,10222302,28,100.0,0.0,0.279,False,0,0.6785141196017093,False,03049625
03024000,0,10222298,29,100.0,0.0,1.798,False,0,0.6785141196017093,False,03049625
03024000,0,10222316,30,100.0,0.0,8.53,False,0,0.6785141196017093,False,03049625
03024000,0,10222310,31,100.0,0.0,2.068,False,0,0.6785141196017093,False,03049625
03024000,0,10222312,32,100.0,0.0,0.072,False,0,0.6785141196017093,False,03049625
03024000,0,10222318,33,100.0,0.0,3.04,False,0,0.6785141196017093,False,03049625
03024000,0,10222334,34,100.0,0.0,2.957,False,0,0.6785141196017093,False,03049625
03024000,0,10222336,35,100.0,0.0,0.669,False,0,0.6785141196017093,False,03049625
03024000,0,10222344,36,100.0,0.0,1.751,False,0,0.6785141196017093,False,03049625
03024000,0,10222346,37,100.0,0.0,2.606,False,0,0.6785141196017093,False,03049625
03024000,0,10222350,38,100.0,0.0,3.4389999999999996,False,0,0.6785141196017093,False,03049625
03024000,0,4745925,39,100.0,0.0,0.554,False,0,0.6785141196017093,False,03049625
03024000,0,4738895,40,100.0,0.0,0.098,False,0,0.6785141196017093,False,03049625
03024000,0,4745955,41,100.0,0.0,1.967,False,0,0.6785141196017093,False,03049625
03024000,0,4738897,42,100.0,0.0,0.622,False,0,0.6785141196017093,False,03049625
03024000,0,4738903,43,100.0,0.0,0.79,False,0,0.6785141196017093,False,03049625
03024000,0,4738909,44,100.0,0.0,0.306,False,0,0.6785141196017093,False,03049625
03024000,0,4738915,45,100.0,0.0,1.411,False,0,0.6785141196017093,False,03049625
03024000,0,4738917,46,100.0,0.0,2.348,False,0,0.6785141196017093,False,03049625
03024000,0,4738923,47,100.0,0.0,0.862,False,0,0.6785141196017093,False,03049625
03024000,0,4738929,48,100.0,0.0,2.701,False,0,0.6785141196017093,False,03049625
03024000,0,4738931,49,100.0,0.0,0.111,False,0,0.6785141196017093,False,03049625
03024000,0,4738939,50,100.0,0.0,5.431,False,0,0.6785141196017093,False,03049625
03024000,0,4738945,51,100.0,0.0,2.152,False,0,0.6785141196017093,False,03049625
03024000,0,4738947,52,100.0,0.0,0.695,False,0,0.6785141196017093,False,03049625
03024000,0,4741959,53,100.0,0.0,0.573,False,0,0.6785141196017093,False,03049625
03024000,0,4741977,54,100.0,0.0,3.196,False,0,0.6785141196017093,False,03049625
03024000,0,4742019,55,100.0,0.0,4.692,False,0,0.6785141196017093,False,03049625
03024000,0,4742011,56,100.0,0.0,2.044,False,0,0.6785141196017093,False,03049625
03024000,0,4741991,57,100.0,0.0,2.317,False,0,0.6785141196017093,False,03049625
03024000,0,4742001,58,100.0,0.0,1.19,False,0,0.6785141196017093,False,03049625
03024000,0,4742007,59,100.0,0.0,0.131,False,0,0.6785141196017093,False,03049625
03024000,0,4742043,60,100.0,0.0,1.533,False,0,0.6785141196017093,False,03049625
03024000,0,4742049,61,100.0,0.0,0.737,False,0,0.6785141196017093,False,03049625
03024000,0,4742063,62,100.0,0.0,0.45300000000000007,False,0,0.6785141196017093,False,03049625
03024000,0,4742083,63,100.0,0.0,1.18,False,0,0.6785141196017093,False,03049625
03024000,0,4742087,64,100.0,0.0,0.491,False,0,0.6785141196017093,False,03049625
03024000,0,4742093,65,100.0,0.0,0.615,False,0,0.6785141196017093,False,03049625
03024000,0,4742101,66,100.0,0.0,1.584,False,0,0.6785141196017093,False,03049625
03024000,0,4742109,67,100.0,0.0,1.222,False,0,0.6785141196017093,False,03049625
03024000,0,4742107,68,100.0,0.0,2.141,False,0,0.6785141196017093,False,03049625
03024000,0,4742067,69,100.0,0.0,1.378,False,0,0.6785141196017093,False,03049625
03024000,0,4742071,70,100.0,0.0,1.118,False,0,0.6785141196017093,False,03049625
03024000,0,4742095,71,100.0,0.0,1.057,False,0,0.6785141196017093,False,03049625
03024000,0,4742105,72,100.0,0.0,0.279,False,0,0.6785141196017093,False,03049625
03024000,0,4742115,73,100.0,0.0,3.2969999999999997,False,0,0.6785141196017093,False,03049625
03024000,0,4742117,74,100.0,0.0,0.084,False,0,0.6785141196017093,False,03049625
03024000,0,4742125,75,100.0,0.0,3.097,False,0,0.6785141196017093,False,03049625
03024000,0,4742127,76,100.0,0.0,0.907,False,0,0.6785141196017093,False,03049625
03024000,0,4742131,77,100.0,0.0,0.365,False,0,0.6785141196017093,False,03049625
03024000,0,4742139,78,100.0,0.0,0.987,False,0,0.6785141196017093,False,03049625
03024000,0,4742143,79,100.0,0.0,0.825,False,0,0.6785141196017093,False,03049625
03024000,0,4742145,80,100.0,0.0,0.086,False,0,0.6785141196017093,False,03049625
03024000,0,4742153,81,100.0,0.0,0.297,False,0,0.6785141196017093,False,03049625
03024000,0,4742161,82,100.0,0.0,1.056,False,0,0.6785141196017093,False,03049625
03024000,0,4742165,83,100.0,0.0,3.44,False,0,0.6785141196017093,False,03049625
03024000,0,4742183,84,100.0,0.0,3.2739999999999996,False,0,0.6785141196017093,False,03049625
03024000,0,4742185,85,100.0,0.0,0.18099999999999997,False,0,0.6785141196017093,False,03049625
03024000,0,4742197,86,100.0,0.0,1.3530000000000002,False,0,0.6785141196017093,False,03049625
03024000,0,4742211,87,100.0,0.0,3.429,False,0,0.6785141196017093,False,03049625
03024000,0,4742213,88,100.0,0.0,0.8080000000000002,False,0,0.6785141196017093,False,03049625
03024000,0,4742215,89,100.0,0.0,1.035,False,0,0.6785141196017093,False,03049625
03024000,0,4742219,90,100.0,0.0,1.3460000000000003,False,0,0.6785141196017093,False,03049625
03024000,0,4742231,91,100.0,0.0,1.248,False,0,0.6785141196017093,False,03049625
03024000,0,4742235,92,100.0,0.0,0.927,False,0,0.6785141196017093,False,03049625
03024000,0,4742239,93,100.0,0.0,0.368,False,0,0.6785141196017093,False,03049625
03024000,0,4742251,94,100.0,0.0,0.691,False,0,0.6785141196017093,False,03049625
03024000,0,4742257,95,100.0,0.0,0.619,False,0,0.6785141196017093,False,03049625
03024000,0,4742269,96,100.0,0.0,0.993,False,0,0.6785141196017093,False,03049625
03024000,0,4742277,97,100.0,0.0,0.262,False,0,0.6785141196017093,False,03049625
03024000,0,4742283,98,100.0,0.0,1.64,False,0,0.6785141196017093,False,03049625
03024000,0,4742293,99,100.0,0.0,0.353,False,0,0.6785141196017093,False,03049625
03024000,0,4742301,100,100.0,0.0,1.588,False,0,0.6785141196017093,False,03049625
03024000,0,4742303,101,100.0,0.0,0.034,False,0,0.6785141196017093,False,03049625
03024000,0,4742317,102,100.0,0.0,0.87,False,0,0.6785141196017093,False,03049625
03024000,0,4742319,103,100.0,0.0,1.556,False,0,0.6785141196017093,False,03049625
03024000,0,11049952,104,100.0,0.0,2.287,False,0,0.6785141196017093,False,03049625
03024000,0,11049954,105,100.0,0.0,0.473,False,0,0.6785141196017093,False,03049625
03024000,0,11051848,106,100.0,0.0,0.131,False,0,0.6785141196017093,False,03049625
03024000,0,11049958,107,100.0,0.0,0.679,False,0,0.6785141196017093,True,03049625
03024000,0,11049962,108,100.0,0.0,1.642,False,0,0.6785141196017093,True,03049625
03024000,0,11049970,109,100.0,0.0,2.265,False,0,0.6785141196017093,True,03049625
03024000,0,11049972,110,100.0,0.0,0.228,False,0,0.6785141196017093,True,03049625
03024000,0,11049980,111,100.0,0.0,1.472,False,0,0.6785141196017093,True,03049625
03024000,0,11049986,112,100.0,0.0,0.302,False,0,0.6785141196017093,True,03049625
03024000,0,11049994,113,100.0,0.0,3.028,False,0,0.6785141196017093,True,03049625
03024000,0,11050000,114,100.0,0.0,1.153,False,0,0.6785141196017093,True,03049625
03024000,0,11050006,115,100.0,0.0,2.906,False,0,0.6785141196017093,True,03049625
03024000,0,11050010,116,100.0,0.0,1.9370000000000003,False,0,0.6785141196017093,True,03049625
03024000,0,11050014,117,100.0,0.0,0.42100000000000004,False,0,0.6785141196017093,True,03049625
03024000,0,11050030,118,100.0,42.772,2.08252692,False,0,0.6785141196017093,True,03049625
03040000,1,4753658,0,90.08,0.0,3.9202816,False,0,0.2990759628021434,False,03049625
03040000,1,4758064,1,100.0,0.0,0.902,False,0,0.2990759628021434,False,03049625
03040000,1,4753094,2,100.0,0.0,3.93,False,0,0.2990759628021434,False,03049625
03040000,1,4753778,3,100.0,0.0,0.045,False,0,0.2990759628021434,False,03049625
03040000,1,4753774,4,100.0,0.0,1.052,False,0,0.2990759628021434,False,03049625
03040000,1,4753772,5,100.0,0.0,1.676,False,0,0.2990759628021434,False,03049625
03040000,1,4753868,6,100.0,0.0,1.827,False,0,0.2990759628021434,False,03049625
03040000,1,4753870,7,100.0,0.0,0.38299999999999995,False,0,0.2990759628021434,False,03049625
03040000,1,4753762,8,100.0,0.0,1.765,False,0,0.2990759628021434,False,03049625
03040000,1,4753760,9,100.0,0.0,0.483,False,0,0.2990759628021434,False,03049625
03040000,1,4753756,10,100.0,0.0,4.657,False,0,0.2990759628021434,False,03049625
03040000,1,4753744,11,100.0,0.0,0.406,False,0,0.2990759628021434,False,03049625
03040000,1,4753736,12,100.0,0.0,0.767,False,0,0.2990759628021434,False,03049625
03040000,1,4754888,13,100.0,0.0,1.989,False,0,0.2990759628021434,False,03049625
03040000,1,4754886,14,100.0,0.0,0.482,False,0,0.2990759628021434,False,03049625
03040000,1,4754926,15,100.0,0.0,2.6519999999999997,False,0,0.2990759628021434,False,03049625
03040000,1,4754942,16,100.0,0.0,0.408,False,0,0.2990759628021434,False,03049625
03040000,1,4754956,17,100.0,0.0,1.705,False,0,0.2990759628021434,False,03049625
03040000,1,4754980,18,100.0,0.0,2.327,False,0,0.2990759628021434,False,03049625
03040000,1,4754982,19,100.0,0.0,1.279,False,0,0.2990759628021434,False,03049625
03040000,1,4754986,20,100.0,0.0,0.8219999999999998,False,0,0.2990759628021434,False,03049625
03040000,1,4755052,21,100.0,0.0,0.028000000000000004,False,0,0.2990759628021434,False,03049625
03040000,1,4758088,22,100.0,0.0,1.739,False,0,0.2990759628021434,False,03049625
03040000,1,4754994,23,100.0,0.0,3.6629999999999994,False,0,0.2990759628021434,False,03049625
03040000,1,4754992,24,100.0,0.0,4.673,False,0,0.2990759628021434,False,03049625
03040000,1,4755050,25,100.0,0.0,0.098,False,0,0.2990759628021434,False,03049625
03040000,1,4758084,26,100.0,0.0,0.491,False,0,0.2990759628021434,False,03049625
03040000,1,4758086,27,100.0,0.0,1.244,False,0,0.2990759628021434,False,03049625
03040000,1,4754974,28,100.0,0.0,1.113,False,0,0.2990759628021434,False,03049625
03040000,1,4754960,29,100.0,0.0,4.403,False,0,0.2990759628021434,False,03049625
03040000,1,4754962,30,100.0,0.0,2.843,False,0,0.2990759628021434,False,03049625
03040000,1,4754966,31,100.0,0.0,4.387,True,167484295,0.2990759628021434,False,03049625
03040000,1,4754972,32,100.0,0.0,2.665,False,0,0.2990759628021434,False,03049625
03040000,1,4754934,33,100.0,0.0,2.957,False,0,0.2990759628021434,False,03049625
03040000,1,4754948,34,100.0,0.0,0.747,False,0,0.2990759628021434,False,03049625
03040000,1,4754944,35,100.0,0.0,1.886,False,0,0.2990759628021434,False,03049625
03040000,1,4754902,36,100.0,0.0,5.278,True,167484295,0.2990759628021434,False,03049625
03040000,1,4754870,37,100.0,0.0,0.21099999999999997,False,0,0.2990759628021434,False,03049625
03040000,1,4754906,38,100.0,0.0,3.1719999999999997,False,0,0.2990759628021434,False,03049625
03040000,1,4754908,39,100.0,0.0,4.878,False,0,0.2990759628021434,False,03049625
03040000,1,4754914,40,100.0,0.0,1.86,False,0,0.2990759628021434,False,03049625
03040000,1,4754924,41,100.0,0.0,1.8560000000000003,False,0,0.2990759628021434,False,03049625
03040000,1,4754912,42,100.0,0.0,0.9469999999999998,False,0,0.2990759628021434,False,03049625
03040000,1,4754894,43,100.0,0.0,0.86,False,0,0.2990759628021434,False,03049625
03040000,1,4754890,44,100.0,0.0,3.034,False,0,0.2990759628021434,False,03049625
03040000,1,4754874,45,100.0,0.0,0.791,False,0,0.2990759628021434,False,03049625
03040000,1,4754876,46,100.0,0.0,2.897,False,0,0.2990759628021434,False,03049625
03040000,1,4583004,47,100.0,0.0,1.505,False,0,0.2990759628021434,False,03049625
03040000,1,4583000,48,100.0,0.0,0.203,False,0,0.2990759628021434,False,03049625
03040000,1,4581992,49,100.0,0.0,0.052000000000000005,False,0,0.2990759628021434,False,03049625
03040000,1,4581988,50,100.0,0.0,2.818,False,0,0.2990759628021434,False,03049625
03040000,1,4581970,51,100.0,0.0,0.513,False,0,0.2990759628021434,False,03049625
03040000,1,4581966,52,100.0,0.0,3.608,False,0,0.2990759628021434,False,03049625
03040000,1,4581976,53,100.0,0.0,2.327,False,0,0.2990759628021434,False,03049625
03040000,1,4581978,54,100.0,0.0,0.068,False,0,0.2990759628021434,False,03049625
03040000,1,4581984,55,100.0,0.0,2.051,False,0,0.2990759628021434,False,03049625
03040000,1,4581964,56,100.0,0.0,0.903,False,0,0.2990759628021434,False,03049625
03040000,1,4581956,57,100.0,0.0,2.594,False,0,0.2990759628021434,False,03049625
03040000,1,4581952,58,100.0,0.0,2.504,False,0,0.2990759628021434,False,03049625
03040000,1,4581948,59,100.0,0.0,0.959,False,0,0.2990759628021434,False,03049625
03040000,1,4581942,60,100.0,0.0,0.574,False,0,0.2990759628021434,False,03049625
03040000,1,4581938,61,100.0,0.0,1.69,False,0,0.2990759628021434,False,03049625
03040000,1,4581934,62,100.0,0.0,2.146,False,0,0.2990759628021434,False,03049625
03040000,1,4581930,63,100.0,0.0,3.6040000000000005,False,0,0.2990759628021434,False,03049625
03040000,1,4581926,64,100.0,0.0,0.529,False,0,0.2990759628021434,False,03049625
03040000,1,4581916,65,100.0,0.0,0.4040000000000001,False,0,0.2990759628021434,False,03049625
03040000,1,4581908,66,100.0,0.0,2.319,False,0,0.2990759628021434,False,03049625
03040000,1,4581902,67,100.0,0.0,3.054,False,0,0.2990759628021434,False,03049625
03040000,1,4581898,68,100.0,0.0,0.839,False,0,0.2990759628021434,False,03049625
03040000,1,4581892,69,100.0,0.0,1.203,False,0,0.2990759628021434,False,03049625
03040000,1,4584206,70,100.0,0.0,1.382,False,0,0.2990759628021434,False,03049625
03040000,1,4581888,71,100.0,0.0,0.551,False,0,0.2990759628021434,False,03049625
03040000,1,4581878,72,100.0,0.0,0.291,False,0,0.2990759628021434,False,03049625
03040000,1,4581872,73,100.0,0.0,2.147,False,0,0.2990759628021434,False,03049625
03040000,1,4581868,74,100.0,0.0,0.796,False,0,0.2990759628021434,False,03049625
03040000,1,4582010,75,100.0,0.0,1.678,False,0,0.2990759628021434,False,03049625
03040000,1,11049958,76,100.0,0.0,0.679,False,0,0.2990759628021434,True,03049625
03040000,1,11049962,77,100.0,0.0,1.642,False,0,0.2990759628021434,True,03049625
03040000,1,11049970,78,100.0,0.0,2.265,False,0,0.2990759628021434,True,03049625
03040000,1,11049972,79,100.0,0.0,0.228,False,0,0.2990759628021434,True,03049625
03040000,1,11049980,80,100.0,0.0,1.472,False,0,0.2990759628021434,True,03049625
03040000,1,11049986,81,100.0,0.0,0.302,False,0,0.2990759628021434,True,03049625
03040000,1,11049994,82,100.0,0.0,3.028,False,0,0.2990759628021434,True,03049625
03040000,1,11050000,83,100.0,0.0,1.153,False,0,0.2990759628021434,True,03049625
03040000,1,11050006,84,100.0,0.0,2.906,False,0,0.2990759628021434,True,03049625
03040000,1,11050010,85,100.0,0.0,1.9370000000000003,False,0,0.2990759628021434,True,03049625
03040000,1,11050014,86,100.0,0.0,0.42100000000000004,False,0,0.2990759628021434,True,03049625
03040000,1,11050030,87,100.0,42.772,2.08252692,False,0,0.2990759628021434,True,03049625
03037525,2,4741851,0,91.9487,0.0,2.7290374159999997,False,0,0.0224099175961473,False,03049625
03037525,2,4741149,1,100.0,0.0,2.12,False,0,0.0224099175961473,False,03049625
03037525,2,4741157,2,100.0,0.0,0.305,False,0,0.0224099175961473,False,03049625
03037525,2,4741163,3,100.0,0.0,1.367,False,0,0.0224099175961473,False,03049625
03037525,2,4741175,4,100.0,0.0,0.696,False,0,0.0224099175961473,False,03049625
03037525,2,4741255,5,100.0,0.0,2.927,False,0,0.0224099175961473,False,03049625
03037525,2,4741277,6,100.0,0.0,0.531,False,0,0.0224099175961473,False,03049625
03037525,2,4741343,7,100.0,0.0,2.184,False,0,0.0224099175961473,False,03049625
03037525,2,4741369,8,100.0,0.0,0.898,False,0,0.0224099175961473,False,03049625
03037525,2,4741433,9,100.0,0.0,1.306,False,0,0.0224099175961473,False,03049625
03037525,2,4741457,10,100.0,0.0,0.526,False,0,0.0224099175961473,False,03049625
03037525,2,4741469,11,100.0,0.0,0.584,False,0,0.0224099175961473,False,03049625
03037525,2,4741899,12,100.0,0.0,2.033,False,0,0.0224099175961473,False,03049625
03037525,2,4741523,13,100.0,0.0,0.028000000000000004,False,0,0.0224099175961473,False,03049625
03037525,2,4741521,14,100.0,0.0,0.547,False,0,0.0224099175961473,False,03049625
03037525,2,4741515,15,100.0,0.0,0.032,False,0,0.0224099175961473,False,03049625
03037525,2,4741537,16,100.0,0.0,0.237,False,0,0.0224099175961473,False,03049625
03037525,2,4741581,17,100.0,0.0,2.133,False,0,0.0224099175961473,False,03049625
03037525,2,4741593,18,100.0,0.0,0.47,False,0,0.0224099175961473,False,03049625
03037525,2,4741611,19,100.0,0.0,2.76,False,0,0.0224099175961473,False,03049625
03037525,2,4741597,20,100.0,0.0,0.7490000000000001,False,0,0.0224099175961473,False,03049625
03037525,2,4742349,21,100.0,0.0,0.017,False,0,0.0224099175961473,False,03049625
03037525,2,4742353,22,100.0,0.0,1.405,False,0,0.0224099175961473,False,03049625
03037525,2,4742417,23,100.0,0.0,0.136,False,0,0.0224099175961473,False,03049625
03037525,2,4742357,24,100.0,0.0,0.409,False,0,0.0224099175961473,False,03049625
03037525,2,4742405,25,100.0,0.0,0.42699999999999994,False,0,0.0224099175961473,False,03049625
03037525,2,4741573,26,100.0,0.0,0.409,False,0,0.0224099175961473,False,03049625
03037525,2,4742341,27,100.0,0.0,0.067,False,0,0.0224099175961473,False,03049625
03037525,2,4742411,28,100.0,0.0,2.155,False,0,0.0224099175961473,False,03049625
03037525,2,4742333,29,100.0,0.0,0.695,False,0,0.0224099175961473,False,03049625
03037525,2,4742329,30,100.0,0.0,0.031,False,0,0.0224099175961473,False,03049625
03037525,2,4741551,31,100.0,0.0,0.359,False,0,0.0224099175961473,False,03049625
03037525,2,4742335,32,100.0,0.0,0.014000000000000002,False,0,0.0224099175961473,False,03049625
03037525,2,4742337,33,100.0,0.0,0.525,False,0,0.0224099175961473,False,03049625
03037525,2,4742351,34,100.0,0.0,1.602,False,0,0.0224099175961473,False,03049625
03037525,2,4742413,35,100.0,0.0,0.026000000000000002,False,0,0.0224099175961473,False,03049625
03037525,2,4741565,36,100.0,0.0,0.187,False,0,0.0224099175961473,False,03049625
03037525,2,4741563,37,100.0,0.0,0.733,False,0,0.0224099175961473,False,03049625
03037525,2,4742343,38,100.0,0.0,0.715,True,4739601,0.0224099175961473,False,03049625
03037525,2,4742345,39,100.0,0.0,1.493,True,4739601,0.0224099175961473,False,03049625
03037525,2,25238984,40,100.0,0.0,1.351,True,4739601,0.0224099175961473,False,03049625
03037525,2,25238982,41,100.0,0.0,2.015,True,4739601,0.0224099175961473,False,03049625
03037525,2,25238988,42,100.0,0.0,2.47,True,4739601,0.0224099175961473,False,03049625
03037525,2,25238986,43,100.0,0.0,2.527,True,4739601,0.0224099175961473,False,03049625
03037525,2,4742289,44,100.0,0.0,0.758,True,4739601,0.0224099175961473,False,03049625
03037525,2,4742279,45,100.0,0.0,2.326,True,4739601,0.0224099175961473,False,03049625
03037525,2,4742263,46,100.0,0.0,1.002,True,4739601,0.0224099175961473,False,03049625
03037525,2,4742259,47,100.0,0.0,1.46,True,4739601,0.0224099175961473,False,03049625
03037525,2,4742253,48,100.0,0.0,0.972,True,4739601,0.0224099175961473,False,03049625
03037525,2,4742247,49,100.0,0.0,1.223,True,4739601,0.0224099175961473,False,03049625
03037525,2,4741863,50,100.0,0.0,0.523,False,0,0.0224099175961473,False,03049625
03037525,2,4741239,51,100.0,0.0,5.716,False,0,0.0224099175961473,False,03049625
03037525,2,4741135,52,100.0,0.0,1.829,False,0,0.0224099175961473,False,03049625
03037525,2,4741091,53,100.0,0.0,1.7619999999999998,False,0,0.0224099175961473,False,03049625
03037525,2,4741099,54,100.0,0.0,0.83,False,0,0.0224099175961473,False,03049625
03037525,2,4742227,55,100.0,0.0,0.01,False,0,0.0224099175961473,False,03049625
03037525,2,4745953,56,100.0,0.0,1.003,False,0,0.0224099175961473,False,03049625
03037525,2,4742225,57,100.0,0.0,0.457,False,0,0.0224099175961473,False,03049625
03037525,2,4742215,58,100.0,0.0,1.035,False,0,0.0224099175961473,False,03049625
03037525,2,4742219,59,100.0,0.0,1.3460000000000003,False,0,0.0224099175961473,False,03049625
03037525,2,4742231,60,100.0,0.0,1.248,False,0,0.0224099175961473,False,03049625
03037525,2,4742235,61,100.0,0.0,0.927,False,0,0.0224099175961473,False,03049625
03037525,2,4742239,62,100.0,0.0,0.368,False,0,0.0224099175961473,False,03049625
03037525,2,4742251,63,100.0,0.0,0.691,False,0,0.0224099175961473,False,03049625
03037525,2,4742257,64,100.0,0.0,0.619,False,0,0.0224099175961473,False,03049625
03037525,2,4742269,65,100.0,0.0,0.993,False,0,0.0224099175961473,False,03049625
03037525,2,4742277,66,100.0,0.0,0.262,False,0,0.0224099175961473,False,03049625
03037525,2,4742283,67,100.0,0.0,1.64,False,0,0.0224099175961473,False,03049625
03037525,2,4742293,68,100.0,0.0,0.353,False,0,0.0224099175961473,False,03049625
03037525,2,4742301,69,100.0,0.0,1.588,False,0,0.0224099175961473,False,03049625
03037525,2,4742303,70,100.0,0.0,0.034,False,0,0.0224099175961473,False,03049625
03037525,2,4742317,71,100.0,0.0,0.87,False,0,0.0224099175961473,False,03049625
03037525,2,4742319,72,100.0,0.0,1.556,False,0,0.0224099175961473,False,03049625
03037525,2,11049952,73,100.0,0.0,2.287,False,0,0.0224099175961473,False,03049625
03037525,2,11049954,74,100.0,0.0,0.473,False,0,0.0224099175961473,False,03049625
03037525,2,11051848,75,100.0,0.0,0.131,False,0,0.0224099175961473,False,03049625
03037525,2,11049958,76,100.0,0.0,0.679,False,0,0.0224099175961473,True,03049625
03037525,2,11049962,77,100.0,0.0,1.642,False,0,0.0224099175961473,True,03049625
03037525,2,11049970,78,100.0,0.0,2.265,False,0,0.0224099175961473,True,03049625
03037525,2,11049972,79,100.0,0.0,0.228,False,0,0.0224099175961473,True,03049625
03037525,2,11049980,80,100.0,0.0,1.472,False,0,0.0224099175961473,True,03049625
03037525,2,11049986,81,100.0,0.0,0.302,False,0,0.0224099175961473,True,03049625
03037525,2,11049994,82,100.0,0.0,3.028,False,0,0.0224099175961473,True,03049625
03037525,2,11050000,83,100.0,0.0,1.153,False,0,0.0224099175961473,True,03049625
03037525,2,11050006,84,100.0,0.0,2.906,False,0,0.0224099175961473,True,03049625
03037525,2,11050010,85,100.0,0.0,1.9370000000000003,False,0,0.0224099175961473,True,03049625
03037525,2,11050014,86,100.0,0.0,0.42100000000000004,False,0,0.0224099175961473,True,03049625
03037525,2,11050030,87,100.0,42.772,2.08252692,False,0,0.0224099175961473,True,03049625
03016000,0,10220190,0,68.263,0.0,1.4266967,False,0,0.6043630386585322,False,03049652
03016000,0,10220196,1,100.0,0.0,0.552,False,0,0.6043630386585322,False,03049652
03016000,0,10220200,2,100.0,0.0,0.086,False,0,0.6043630386585322,False,03049652
03016000,0,10220208,3,100.0,0.0,3.154,False,0,0.6043630386585322,False,03049652
03016000,0,10220230,4,100.0,0.0,3.48,False,0,0.6043630386585322,False,03049652
03016000,0,10220234,5,100.0,0.0,0.366,False,0,0.6043630386585322,False,03049652
03016000,0,10220238,6,100.0,0.0,0.915,False,0,0.6043630386585322,False,03049652
03016000,0,10222036,7,100.0,0.0,0.379,False,0,0.6043630386585322,False,03049652
03016000,0,10222044,8,100.0,0.0,1.249,False,0,0.6043630386585322,False,03049652
03016000,0,10222080,9,100.0,0.0,2.867,False,0,0.6043630386585322,False,03049652
03016000,0,10222088,10,100.0,0.0,0.768,False,0,0.6043630386585322,False,03049652
03016000,0,10222078,11,100.0,0.0,0.35600000000000004,False,0,0.6043630386585322,False,03049652
03016000,0,10222074,12,100.0,0.0,1.426,False,0,0.6043630386585322,False,03049652
03016000,0,10222090,13,100.0,0.0,2.375,False,0,0.6043630386585322,False,03049652
03016000,0,10222094,14,100.0,0.0,0.044,False,0,0.6043630386585322,False,03049652
03016000,0,10222108,15,100.0,0.0,3.197,False,0,0.6043630386585322,False,03049652
03016000,0,10222124,16,100.0,0.0,1.7079999999999997,False,0,0.6043630386585322,False,03049652
03016000,0,10222120,17,100.0,0.0,1.574,False,0,0.6043630386585322,False,03049652
03016000,0,10222100,18,100.0,0.0,0.384,False,0,0.6043630386585322,False,03049652
03016000,0,10222116,19,100.0,0.0,2.483,False,0,0.6043630386585322,False,03049652
03016000,0,10222126,20,100.0,0.0,2.226,False,0,0.6043630386585322,False,03049652
03016000,0,10222138,21,100.0,0.0,4.99,False,0,0.6043630386585322,False,03049652
03016000,0,10222144,22,100.0,0.0,1.6909999999999998,False,0,0.6043630386585322,False,03049652
03016000,0,10222148,23,100.0,0.0,0.5,False,0,0.6043630386585322,False,03049652
03016000,0,10222152,24,100.0,0.0,0.365,False,0,0.6043630386585322,False,03049652
03016000,0,10222166,25,100.0,0.0,4.399,False,0,0.6043630386585322,False,03049652
03016000,0,10222158,26,100.0,0.0,1.284,False,0,0.6043630386585322,False,03049652
03016000,0,10222162,27,100.0,0.0,1.425,False,0,0.6043630386585322,False,03049652
03016000,0,10222172,28,100.0,0.0,1.806,False,0,0.6043630386585322,False,03049652
03016000,0,10222180,29,100.0,0.0,2.752,False,0,0.6043630386585322,False,03049652
03016000,0,10222178,30,100.0,0.0,0.613,False,0,0.6043630386585322,False,03049652
03016000,0,10222182,31,100.0,0.0,2.453,False,0,0.6043630386585322,False,03049652
03016000,0,10222186,32,100.0,0.0,2.078,False,0,0.6043630386585322,False,03049652
03016000,0,10222190,33,100.0,0.0,1.02,False,0,0.6043630386585322,False,03049652
03016000,0,10222194,34,100.0,0.0,3.211,False,0,0.6043630386585322,False,03049652
03016000,0,10222198,35,100.0,0.0,2.52,False,0,0.6043630386585322,False,03049652
03016000,0,10222204,36,100.0,0.0,0.53,False,0,0.6043630386585322,False,03049652
03016000,0,10222212,37,100.0,0.0,1.598,False,0,0.6043630386585322,False,03049652
03016000,0,10222216,38,100.0,0.0,1.17,False,0,0.6043630386585322,False,03049652
03016000,0,10222218,39,100.0,0.0,6.18,False,0,0.6043630386585322,False,03049652
03016000,0,10222224,40,100.0,0.0,0.269,False,0,0.6043630386585322,False,03049652
03016000,0,10222228,41,100.0,0.0,0.35,False,0,0.6043630386585322,False,03049652
03016000,0,10222232,42,100.0,0.0,1.5289999999999997,False,0,0.6043630386585322,False,03049652
03016000,0,10222240,43,100.0,0.0,1.057,False,0,0.6043630386585322,False,03049652
03016000,0,10222246,44,100.0,0.0,4.881,False,0,0.6043630386585322,False,03049652
03016000,0,10222256,45,100.0,0.0,2.428,False,0,0.6043630386585322,False,03049652
03016000,0,10222268,46,100.0,0.0,1.709,False,0,0.6043630386585322,False,03049652
03016000,0,10222266,47,100.0,0.0,0.463,False,0,0.6043630386585322,False,03049652
03016000,0,10222260,48,100.0,0.0,3.636,False,0,0.6043630386585322,False,03049652
03016000,0,10222254,49,100.0,0.0,0.599,False,0,0.6043630386585322,False,03049652
03016000,0,10222282,50,100.0,0.0,2.481,False,0,0.6043630386585322,False,03049652
03016000,0,10222284,51,100.0,0.0,0.332,False,0,0.6043630386585322,False,03049652
03016000,0,10222300,52,100.0,0.0,2.9930000000000003,False,0,0.6043630386585322,False,03049652
03016000,0,10222302,53,100.0,0.0,0.279,False,0,0.6043630386585322,False,03049652
03016000,0,10222298,54,100.0,0.0,1.798,False,0,0.6043630386585322,False,03049652
03016000,0,10222316,55,100.0,0.0,8.53,False,0,0.6043630386585322,False,03049652
03016000,0,10222310,56,100.0,0.0,2.068,False,0,0.6043630386585322,False,03049652
03016000,0,10222312,57,100.0,0.0,0.072,False,0,0.6043630386585322,False,03049652
03016000,0,10222318,58,100.0,0.0,3.04,False,0,0.6043630386585322,False,03049652
03016000,0,10222334,59,100.0,0.0,2.957,False,0,0.6043630386585322,False,03049652
03016000,0,10222336,60,100.0,0.0,0.669,False,0,0.6043630386585322,False,03049652
03016000,0,10222344,61,100.0,0.0,1.751,False,0,0.6043630386585322,False,03049652
03016000,0,10222346,62,100.0,0.0,2.606,False,0,0.6043630386585322,False,03049652
03016000,0,10222350,63,100.0,0.0,3.4389999999999996,False,0,0.6043630386585322,False,03049652
03016000,0,4745925,64,100.0,0.0,0.554,False,0,0.6043630386585322,True,03049652
03016000,0,4738895,65,100.0,0.0,0.098,False,0,0.6043630386585322,True,03049652
03016000,0,4745955,66,100.0,0.0,1.967,False,0,0.6043630386585322,True,03049652
03016000,0,4738897,67,100.0,0.0,0.622,False,0,0.6043630386585322,True,03049652
03016000,0,4738903,68,100.0,0.0,0.79,False,0,0.6043630386585322,True,03049652
03016000,0,4738909,69,100.0,0.0,0.306,False,0,0.6043630386585322,True,03049652
03016000,0,4738915,70,100.0,0.0,1.411,False,0,0.6043630386585322,True,03049652
03016000,0,4738917,71,100.0,0.0,2.348,False,0,0.6043630386585322,True,03049652
03016000,0,4738923,72,100.0,0.0,0.862,False,0,0.6043630386585322,True,03049652
03016000,0,4738929,73,100.0,0.0,2.701,False,0,0.6043630386585322,True,03049652
03016000,0,4738931,74,100.0,0.0,0.111,False,0,0.6043630386585322,True,03049652
03016000,0,4738939,75,100.0,0.0,5.431,False,0,0.6043630386585322,True,03049652
03016000,0,4738945,76,100.0,0.0,2.152,False,0,0.6043630386585322,True,03049652
03016000,0,4738947,77,100.0,0.0,0.695,False,0,0.6043630386585322,True,03049652
03016000,0,4741959,78,100.0,0.0,0.573,False,0,0.6043630386585322,True,03049652
03016000,0,4741977,79,100.0,0.0,3.196,False,0,0.6043630386585322,True,03049652
03016000,0,4742019,80,100.0,0.0,4.692,False,0,0.6043630386585322,True,03049652
03016000,0,4742011,81,100.0,0.0,2.044,False,0,0.6043630386585322,True,03049652
03016000,0,4741991,82,100.0,0.0,2.317,False,0,0.6043630386585322,True,03049652
03016000,0,4742001,83,100.0,0.0,1.19,False,0,0.6043630386585322,True,03049652
03016000,0,4742007,84,100.0,0.0,0.131,False,0,0.6043630386585322,True,03049652
03016000,0,4742043,85,100.0,0.0,1.533,False,0,0.6043630386585322,True,03049652
03016000,0,4742049,86,100.0,0.0,0.737,False,0,0.6043630386585322,True,03049652
03016000,0,4742063,87,100.0,0.0,0.45300000000000007,False,0,0.6043630386585322,True,03049652
03016000,0,4742083,88,100.0,0.0,1.18,False,0,0.6043630386585322,True,03049652
03016000,0,4742087,89,100.0,0.0,0.491,False,0,0.6043630386585322,True,03049652
03016000,0,4742093,90,100.0,0.0,0.615,False,0,0.6043630386585322,True,03049652
03016000,0,4742101,91,100.0,0.0,1.584,False,0,0.6043630386585322,True,03049652
03016000,0,4742109,92,100.0,0.0,1.222,False,0,0.6043630386585322,True,03049652
03016000,0,4742107,93,100.0,0.0,2.141,False,0,0.6043630386585322,True,03049652
03016000,0,4742067,94,100.0,0.0,1.378,False,0,0.6043630386585322,True,03049652
03016000,0,4742071,95,100.0,0.0,1.118,False,0,0.6043630386585322,True,03049652
03016000,0,4742095,96,100.0,0.0,1.057,False,0,0.6043630386585322,True,03049652
03016000,0,4742105,97,100.0,0.0,0.279,False,0,0.6043630386585322,True,03049652
03016000,0,4742115,98,100.0,0.0,3.2969999999999997,False,0,0.6043630386585322,True,03049652
03016000,0,4742117,99,100.0,0.0,0.084,False,0,0.6043630386585322,True,03049652
03016000,0,4742125,100,100.0,0.0,3.097,False,0,0.6043630386585322,True,03049652
03016000,0,4742127,101,100.0,0.0,0.907,False,0,0.6043630386585322,True,03049652
03016000,0,4742131,102,100.0,0.0,0.365,False,0,0.6043630386585322,True,03049652
03016000,0,4742139,103,100.0,0.0,0.987,False,0,0.6043630386585322,True,03049652
03016000,0,4742143,104,100.0,0.0,0.825,False,0,0.6043630386585322,True,03049652
03016000,0,4742145,105,100.0,0.0,0.086,False,0,0.6043630386585322,True,03049652
03016000,0,4742153,106,100.0,0.0,0.297,False,0,0.6043630386585322,True,03049652
03016000,0,4742161,107,100.0,0.0,1.056,False,0,0.6043630386585322,True,03049652
03016000,0,4742165,108,100.0,0.0,3.44,False,0,0.6043630386585322,True,03049652
03016000,0,4742183,109,100.0,0.0,3.2739999999999996,False,0,0.6043630386585322,True,03049652
03016000,0,4742185,110,100.0,0.0,0.18099999999999997,False,0,0.6043630386585322,True,03049652
03016000,0,4742197,111,100.0,0.0,1.3530000000000002,False,0,0.6043630386585322,True,03049652
03016000,0,4742211,112,100.0,0.0,3.429,False,0,0.6043630386585322,True,03049652
03016000,0,4742213,113,100.0,0.0,0.8080000000000002,False,0,0.6043630386585322,True,03049652
03016000,0,4742215,114,100.0,0.0,1.035,False,0,0.6043630386585322,True,03049652
03016000,0,4742219,115,100.0,0.0,1.3460000000000003,False,0,0.6043630386585322,True,03049652
03016000,0,4742231,116,100.0,0.0,1.248,False,0,0.6043630386585322,True,03049652
03016000,0,4742235,117,100.0,0.0,0.927,False,0,0.6043630386585322,True,03049652
03016000,0,4742239,118,100.0,0.0,0.368,False,0,0.6043630386585322,True,03049652
03016000,0,4742251,119,100.0,0.0,0.691,False,0,0.6043630386585322,True,03049652
03016000,0,4742257,120,100.0,0.0,0.619,False,0,0.6043630386585322,True,03049652
03016000,0,4742269,121,100.0,0.0,0.993,False,0,0.6043630386585322,True,03049652
03016000,0,4742277,122,100.0,0.0,0.262,False,0,0.6043630386585322,True,03049652
03016000,0,4742283,123,100.0,0.0,1.64,False,0,0.6043630386585322,True,03049652
03016000,0,4742293,124,100.0,0.0,0.353,False,0,0.6043630386585322,True,03049652
03016000,0,4742301,125,100.0,0.0,1.588,False,0,0.6043630386585322,True,03049652
03016000,0,4742303,126,100.0,0.0,0.034,False,0,0.6043630386585322,True,03049652
03016000,0,4742317,127,100.0,0.0,0.87,False,0,0.6043630386585322,True,03049652
03016000,0,4742319,128,100.0,0.0,1.556,False,0,0.6043630386585322,True,03049652
03016000,0,11049952,129,100.0,0.0,2.287,False,0,0.6043630386585322,True,03049652
03016000,0,11049954,130,100.0,0.0,0.473,False,0,0.6043630386585322,True,03049652
03016000,0,11051848,131,100.0,0.0,0.131,False,0,0.6043630386585322,True,03049652
03016000,0,11049958,132,100.0,0.0,0.679,False,0,0.6043630386585322,True,03049652
03016000,0,11049962,133,100.0,0.0,1.642,False,0,0.6043630386585322,True,03049652
03016000,0,11049970,134,100.0,0.0,2.265,False,0,0.6043630386585322,True,03049652
03016000,0,11049972,135,100.0,0.0,0.228,False,0,0.6043630386585322,True,03049652
03016000,0,11049980,136,100.0,0.0,1.472,False,0,0.6043630386585322,True,03049652
03016000,0,11049986,137,100.0,0.0,0.302,False,0,0.6043630386585322,True,03049652
03016000,0,11049994,138,100.0,0.0,3.028,False,0,0.6043630386585322,True,03049652
03016000,0,11050000,139,100.0,0.0,1.153,False,0,0.6043630386585322,True,03049652
03016000,0,11050006,140,100.0,0.0,2.906,False,0,0.6043630386585322,True,03049652
03016000,0,11050010,141,100.0,0.0,1.9370000000000003,False,0,0.6043630386585322,True,03049652
03016000,0,11050014,142,100.0,0.0,0.42100000000000004,False,0,0.6043630386585322,True,03049652
03016000,0,11050030,143,100.0,0.0,3.639,False,0,0.6043630386585322,True,03049652
03016000,0,11050032,144,100.0,0.0,1.338,False,0,0.6043630386585322,True,03049652
03016000,0,11050038,145,100.0,0.0,2.387,False,0,0.6043630386585322,True,03049652
03016000,0,11050040,146,100.0,0.0,1.574,False,0,0.6043630386585322,True,03049652
03016000,0,11050042,147,100.0,0.0,0.127,False,0,0.6043630386585322,True,03049652
03016000,0,11050050,148,100.0,0.0,3.013,False,0,0.6043630386585322,True,03049652
03025490,1,9053513,0,44.2007,0.0,1.58238506,False,0,0.2041385832022343,False,03049652
03025490,1,9057781,1,100.0,0.0,0.185,False,0,0.2041385832022343,False,03049652
03025490,1,10222194,2,100.0,0.0,3.211,False,0,0.2041385832022343,False,03049652
03025490,1,10222198,3,100.0,0.0,2.52,False,0,0.2041385832022343,False,03049652
03025490,1,10222204,4,100.0,0.0,0.53,False,0,0.2041385832022343,False,03049652
03025490,1,10222212,5,100.0,0.0,1.598,False,0,0.2041385832022343,False,03049652
03025490,1,10222216,6,100.0,0.0,1.17,False,0,0.2041385832022343,False,03049652
03025490,1,10222218,7,100.0,0.0,6.18,False,0,0.2041385832022343,False,03049652
03025490,1,10222224,8,100.0,0.0,0.269,False,0,0.2041385832022343,False,03049652
03025490,1,10222228,9,100.0,0.0,0.35,False,0,0.2041385832022343,False,03049652
03025490,1,10222232,10,100.0,0.0,1.5289999999999997,False,0,0.2041385832022343,False,03049652
03025490,1,10222240,11,100.0,0.0,1.057,False,0,0.2041385832022343,False,03049652
03025490,1,10222246,12,100.0,0.0,4.881,False,0,0.2041385832022343,False,03049652
03025490,1,10222256,13,100.0,0.0,2.428,False,0,0.2041385832022343,False,03049652
03025490,1,10222268,14,100.0,0.0,1.709,False,0,0.2041385832022343,False,03049652
03025490,1,10222266,15,100.0,0.0,0.463,False,0,0.2041385832022343,False,03049652
03025490,1,10222260,16,100.0,0.0,3.636,False,0,0.2041385832022343,False,03049652
03025490,1,10222254,17,100.0,0.0,0.599,False,0,0.2041385832022343,False,03049652
03025490,1,10222282,18,100.0,0.0,2.481,False,0,0.2041385832022343,False,03049652
03025490,1,10222284,19,100.0,0.0,0.332,False,0,0.2041385832022343,False,03049652
03025490,1,10222300,20,100.0,0.0,2.9930000000000003,False,0,0.2041385832022343,False,03049652
03025490,1,10222302,21,100.0,0.0,0.279,False,0,0.2041385832022343,False,03049652
03025490,1,10222298,22,100.0,0.0,1.798,False,0,0.2041385832022343,False,03049652
03025490,1,10222316,23,100.0,0.0,8.53,False,0,0.2041385832022343,False,03049652
03025490,1,10222310,24,100.0,0.0,2.068,False,0,0.2041385832022343,False,03049652
03025490,1,10222312,25,100.0,0.0,0.072,False,0,0.2041385832022343,False,03049652
03025490,1,10222318,26,100.0,0.0,3.04,False,0,0.2041385832022343,False,03049652
03025490,1,10222334,27,100.0,0.0,2.957,False,0,0.2041385832022343,False,03049652
03025490,1,10222336,28,100.0,0.0,0.669,False,0,0.2041385832022343,False,03049652
03025490,1,10222344,29,100.0,0.0,1.751,False,0,0.2041385832022343,False,03049652
03025490,1,10222346,30,100.0,0.0,2.606,False,0,0.2041385832022343,False,03049652
03025490,1,10222350,31,100.0,0.0,3.4389999999999996,False,0,0.2041385832022343,False,03049652
03025490,1,4745925,32,100.0,0.0,0.554,False,0,0.2041385832022343,True,03049652
03025490,1,4738895,33,100.0,0.0,0.098,False,0,0.2041385832022343,True,03049652
03025490,1,4745955,34,100.0,0.0,1.967,False,0,0.2041385832022343,True,03049652
03025490,1,4738897,35,100.0,0.0,0.622,False,0,0.2041385832022343,True,03049652
03025490,1,4738903,36,100.0,0.0,0.79,False,0,0.2041385832022343,True,03049652
03025490,1,4738909,37,100.0,0.0,0.306,False,0,0.2041385832022343,True,03049652
03025490,1,4738915,38,100.0,0.0,1.411,False,0,0.2041385832022343,True,03049652
03025490,1,4738917,39,100.0,0.0,2.348,False,0,0.2041385832022343,True,03049652
03025490,1,4738923,40,100.0,0.0,0.862,False,0,0.2041385832022343,True,03049652
03025490,1,4738929,41,100.0,0.0,2.701,False,0,0.2041385832022343,True,03049652
03025490,1,4738931,42,100.0,0.0,0.111,False,0,0.2041385832022343,True,03049652
03025490,1,4738939,43,100.0,0.0,5.431,False,0,0.2041385832022343,True,03049652
03025490,1,4738945,44,100.0,0.0,2.152,False,0,0.2041385832022343,True,03049652
03025490,1,4738947,45,100.0,0.0,0.695,False,0,0.2041385832022343,True,03049652
03025490,1,4741959,46,100.0,0.0,0.573,False,0,0.2041385832022343,True,03049652
03025490,1,4741977,47,100.0,0.0,3.196,False,0,0.2041385832022343,True,03049652
03025490,1,4742019,48,100.0,0.0,4.692,False,0,0.2041385832022343,True,03049652
03025490,1,4742011,49,100.0,0.0,2.044,False,0,0.2041385832022343,True,03049652
03025490,1,4741991,50,100.0,0.0,2.317,False,0,0.2041385832022343,True,03049652
03025490,1,4742001,51,100.0,0.0,1.19,False,0,0.2041385832022343,True,03049652
03025490,1,4742007,52,100.0,0.0,0.131,False,0,0.2041385832022343,True,03049652
03025490,1,4742043,53,100.0,0.0,1.533,False,0,0.2041385832022343,True,03049652
03025490,1,4742049,54,100.0,0.0,0.737,False,0,0.2041385832022343,True,03049652
03025490,1,4742063,55,100.0,0.0,0.45300000000000007,False,0,0.2041385832022343,True,03049652
03025490,1,4742083,56,100.0,0.0,1.18,False,0,0.2041385832022343,True,03049652
03025490,1,4742087,57,100.0,0.0,0.491,False,0,0.2041385832022343,True,03049652
03025490,1,4742093,58,100.0,0.0,0.615,False,0,0.2041385832022343,True,03049652
03025490,1,4742101,59,100.0,0.0,1.584,False,0,0.2041385832022343,True,03049652
03025490,1,4742109,60,100.0,0.0,1.222,False,0,0.2041385832022343,True,03049652
03025490,1,4742107,61,100.0,0.0,2.141,False,0,0.2041385832022343,True,03049652
03025490,1,4742067,62,100.0,0.0,1.378,False,0,0.2041385832022343,True,03049652
03025490,1,4742071,63,100.0,0.0,1.118,False,0,0.2041385832022343,True,03049652
03025490,1,4742095,64,100.0,0.0,1.057,False,0,0.2041385832022343,True,03049652
03025490,1,4742105,65,100.0,0.0,0.279,False,0,0.2041385832022343,True,03049652
03025490,1,4742115,66,100.0,0.0,3.2969999999999997,False,0,0.2041385832022343,True,03049652
03025490,1,4742117,67,100.0,0.0,0.084,False,0,0.2041385832022343,True,03049652
03025490,1,4742125,68,100.0,0.0,3.097,False,0,0.2041385832022343,True,03049652
03025490,1,4742127,69,100.0,0.0,0.907,False,0,0.2041385832022343,True,03049652
03025490,1,4742131,70,100.0,0.0,0.365,False,0,0.2041385832022343,True,03049652
03025490,1,4742139,71,100.0,0.0,0.987,False,0,0.2041385832022343,True,03049652
03025490,1,4742143,72,100.0,0.0,0.825,False,0,0.2041385832022343,True,03049652
03025490,1,4742145,73,100.0,0.0,0.086,False,0,0.2041385832022343,True,03049652
03025490,1,4742153,74,100.0,0.0,0.297,False,0,0.2041385832022343,True,03049652
03025490,1,4742161,75,100.0,0.0,1.056,False,0,0.2041385832022343,True,03049652
03025490,1,4742165,76,100.0,0.0,3.44,False,0,0.2041385832022343,True,03049652
03025490,1,4742183,77,100.0,0.0,3.2739999999999996,False,0,0.2041385832022343,True,03049652
03025490,1,4742185,78,100.0,0.0,0.18099999999999997,False,0,0.2041385832022343,True,03049652
03025490,1,4742197,79,100.0,0.0,1.3530000000000002,False,0,0.2041385832022343,True,03049652
03025490,1,4742211,80,100.0,0.0,3.429,False,0,0.2041385832022343,True,03049652
03025490,1,4742213,81,100.0,0.0,0.8080000000000002,False,0,0.2041385832022343,True,03049652
03025490,1,4742215,82,100.0,0.0,1.035,False,0,0.2041385832022343,True,03049652
03025490,1,4742219,83,100.0,0.0,1.3460000000000003,False,0,0.2041385832022343,True,03049652
03025490,1,4742231,84,100.0,0.0,1.248,False,0,0.2041385832022343,True,03049652
03025490,1,4742235,85,100.0,0.0,0.927,False,0,0.2041385832022343,True,03049652
03025490,1,4742239,86,100.0,0.0,0.368,False,0,0.2041385832022343,True,03049652
03025490,1,4742251,87,100.0,0.0,0.691,False,0,0.2041385832022343,True,03049652
03025490,1,4742257,88,100.0,0.0,0.619,False,0,0.2041385832022343,True,03049652
03025490,1,4742269,89,100.0,0.0,0.993,False,0,0.2041385832022343,True,03049652
03025490,1,4742277,90,100.0,0.0,0.262,False,0,0.2041385832022343,True,03049652
03025490,1,4742283,91,100.0,0.0,1.64,False,0,0.2041385832022343,True,03049652
03025490,1,4742293,92,100.0,0.0,0.353,False,0,0.2041385832022343,True,03049652
03025490,1,4742301,93,100.0,0.0,1.588,False,0,0.2041385832022343,True,03049652
03025490,1,4742303,94,100.0,0.0,0.034,False,0,0.2041385832022343,True,03049652
03025490,1,4742317,95,100.0,0.0,0.87,False,0,0.2041385832022343,True,03049652
03025490,1,4742319,96,100.0,0.0,1.556,False,0,0.2041385832022343,True,03049652
03025490,1,11049952,97,100.0,0.0,2.287,False,0,0.2041385832022343,True,03049652
03025490,1,11049954,98,100.0,0.0,0.473,False,0,0.2041385832022343,True,03049652
03025490,1,11051848,99,100.0,0.0,0.131,False,0,0.2041385832022343,True,03049652
03025490,1,11049958,100,100.0,0.0,0.679,False,0,0.2041385832022343,True,03049652
03025490,1,11049962,101,100.0,0.0,1.642,False,0,0.2041385832022343,True,03049652
03025490,1,11049970,102,100.0,0.0,2.265,False,0,0.2041385832022343,True,03049652
03025490,1,11049972,103,100.0,0.0,0.228,False,0,0.2041385832022343,True,03049652
03025490,1,11049980,104,100.0,0.0,1.472,False,0,0.2041385832022343,True,03049652
03025490,1,11049986,105,100.0,0.0,0.302,False,0,0.2041385832022343,True,03049652
03025490,1,11049994,106,100.0,0.0,3.028,False,0,0.2041385832022343,True,03049652
03025490,1,11050000,107,100.0,0.0,1.153,False,0,0.2041385832022343,True,03049652
03025490,1,11050006,108,100.0,0.0,2.906,False,0,0.2041385832022343,True,03049652
03025490,1,11050010,109,100.0,0.0,1.9370000000000003,False,0,0.2041385832022343,True,03049652
03025490,1,11050014,110,100.0,0.0,0.42100000000000004,False,0,0.2041385832022343,True,03049652
03025490,1,11050030,111,100.0,0.0,3.639,False,0,0.2041385832022343,True,03049652
03025490,1,11050032,112,100.0,0.0,1.338,False,0,0.2041385832022343,True,03049652
03025490,1,11050038,113,100.0,0.0,2.387,False,0,0.2041385832022343,True,03049652
03025490,1,11050040,114,100.0,0.0,1.574,False,0,0.2041385832022343,True,03049652
03025490,1,11050042,115,100.0,0.0,0.127,False,0,0.2041385832022343,True,03049652
03025490,1,11050050,116,100.0,0.0,3.013,False,0,0.2041385832022343,True,03049652
03030852,2,6877337,0,24.1257,0.0,0.18094274999999999,False,0,0.1914983781392334,False,03049652
03030852,2,6877349,1,100.0,0.0,2.319,False,0,0.1914983781392334,False,03049652
03030852,2,6877347,2,100.0,0.0,1.052,False,0,0.1914983781392334,False,03049652
03030852,2,6877351,3,100.0,0.0,0.934,False,0,0.1914983781392334,False,03049652
03030852,2,6877339,4,100.0,0.0,3.8759999999999994,False,0,0.1914983781392334,False,03049652
03030852,2,6877323,5,100.0,0.0,1.829,False,0,0.1914983781392334,False,03049652
03030852,2,6877355,6,100.0,0.0,2.799,False,0,0.1914983781392334,False,03049652
03030852,2,6877353,7,100.0,0.0,3.471,False,0,0.1914983781392334,False,03049652
03030852,2,6877317,8,100.0,0.0,0.247,False,0,0.1914983781392334,False,03049652
03030852,2,6877359,9,100.0,0.0,9.75,False,0,0.1914983781392334,False,03049652
03030852,2,6879769,10,100.0,0.0,0.7490000000000001,False,0,0.1914983781392334,False,03049652
03030852,2,4745925,11,100.0,0.0,0.554,False,0,0.1914983781392334,True,03049652
03030852,2,4738895,12,100.0,0.0,0.098,False,0,0.1914983781392334,True,03049652
03030852,2,4745955,13,100.0,0.0,1.967,False,0,0.1914983781392334,True,03049652
03030852,2,4738897,14,100.0,0.0,0.622,False,0,0.1914983781392334,True,03049652
03030852,2,4738903,15,100.0,0.0,0.79,False,0,0.1914983781392334,True,03049652
03030852,2,4738909,16,100.0,0.0,0.306,False,0,0.1914983781392334,True,03049652
03030852,2,4738915,17,100.0,0.0,1.411,False,0,0.1914983781392334,True,03049652
03030852,2,4738917,18,100.0,0.0,2.348,False,0,0.1914983781392334,True,03049652
03030852,2,4738923,19,100.0,0.0,0.862,False,0,0.1914983781392334,True,03049652
03030852,2,4738929,20,100.0,0.0,2.701,False,0,0.1914983781392334,True,03049652
03030852,2,4738931,21,100.0,0.0,0.111,False,0,0.1914983781392334,True,03049652
03030852,2,4738939,22,100.0,0.0,5.431,False,0,0.1914983781392334,True,03049652
03030852,2,4738945,23,100.0,0.0,2.152,False,0,0.1914983781392334,True,03049652
03030852,2,4738947,24,100.0,0.0,0.695,False,0,0.1914983781392334,True,03049652
03030852,2,4741959,25,100.0,0.0,0.573,False,0,0.1914983781392334,True,03049652
03030852,2,4741977,26,100.0,0.0,3.196,False,0,0.1914983781392334,True,03049652
03030852,2,4742019,27,100.0,0.0,4.692,False,0,0.1914983781392334,True,03049652
03030852,2,4742011,28,100.0,0.0,2.044,False,0,0.1914983781392334,True,03049652
03030852,2,4741991,29,100.0,0.0,2.317,False,0,0.1914983781392334,True,03049652
03030852,2,4742001,30,100.0,0.0,1.19,False,0,0.1914983781392334,True,03049652
03030852,2,4742007,31,100.0,0.0,0.131,False,0,0.1914983781392334,True,03049652
03030852,2,4742043,32,100.0,0.0,1.533,False,0,0.1914983781392334,True,03049652
03030852,2,4742049,33,100.0,0.0,0.737,False,0,0.1914983781392334,True,03049652
03030852,2,4742063,34,100.0,0.0,0.45300000000000007,False,0,0.1914983781392334,True,03049652
03030852,2,4742083,35,100.0,0.0,1.18,False,0,0.1914983781392334,True,03049652
03030852,2,4742087,36,100.0,0.0,0.491,False,0,0.1914983781392334,True,03049652
03030852,2,4742093,37,100.0,0.0,0.615,False,0,0.1914983781392334,True,03049652
03030852,2,4742101,38,100.0,0.0,1.584,False,0,0.1914983781392334,True,03049652
03030852,2,4742109,39,100.0,0.0,1.222,False,0,0.1914983781392334,True,03049652
03030852,2,4742107,40,100.0,0.0,2.141,False,0,0.1914983781392334,True,03049652
03030852,2,4742067,41,100.0,0.0,1.378,False,0,0.1914983781392334,True,03049652
03030852,2,4742071,42,100.0,0.0,1.118,False,0,0.1914983781392334,True,03049652
03030852,2,4742095,43,100.0,0.0,1.057,False,0,0.1914983781392334,True,03049652
03030852,2,4742105,44,100.0,0.0,0.279,False,0,0.1914983781392334,True,03049652
03030852,2,4742115,45,100.0,0.0,3.2969999999999997,False,0,0.1914983781392334,True,03049652
03030852,2,4742117,46,100.0,0.0,0.084,False,0,0.1914983781392334,True,03049652
03030852,2,4742125,47,100.0,0.0,3.097,False,0,0.1914983781392334,True,03049652
03030852,2,4742127,48,100.0,0.0,0.907,False,0,0.1914983781392334,True,03049652
03030852,2,4742131,49,100.0,0.0,0.365,False,0,0.1914983781392334,True,03049652
03030852,2,4742139,50,100.0,0.0,0.987,False,0,0.1914983781392334,True,03049652
03030852,2,4742143,51,100.0,0.0,0.825,False,0,0.1914983781392334,True,03049652
03030852,2,4742145,52,100.0,0.0,0.086,False,0,0.1914983781392334,True,03049652
03030852,2,4742153,53,100.0,0.0,0.297,False,0,0.1914983781392334,True,03049652
03030852,2,4742161,54,100.0,0.0,1.056,False,0,0.1914983781392334,True,03049652
03030852,2,4742165,55,100.0,0.0,3.44,False,0,0.1914983781392334,True,03049652
03030852,2,4742183,56,100.0,0.0,3.2739999999999996,False,0,0.1914983781392334,True,03049652
03030852,2,4742185,57,100.0,0.0,0.18099999999999997,False,0,0.1914983781392334,True,03049652
03030852,2,4742197,58,100.0,0.0,1.3530000000000002,False,0,0.1914983781392334,True,03049652
03030852,2,4742211,59,100.0,0.0,3.429,False,0,0.1914983781392334,True,03049652
03030852,2,4742213,60,100.0,0.0,0.8080000000000002,False,0,0.1914983781392334,True,03049652
03030852,2,4742215,61,100.0,0.0,1.035,False,0,0.1914983781392334,True,03049652
03030852,2,4742219,62,100.0,0.0,1.3460000000000003,False,0,0.1914983781392334,True,03049652
03030852,2,4742231,63,100.0,0.0,1.248,False,0,0.1914983781392334,True,03049652
03030852,2,4742235,64,100.0,0.0,0.927,False,0,0.1914983781392334,True,03049652
03030852,2,4742239,65,100.0,0.0,0.368,False,0,0.1914983781392334,True,03049652
03030852,2,4742251,66,100.0,0.0,0.691,False,0,0.1914983781392334,True,03049652
03030852,2,4742257,67,100.0,0.0,0.619,False,0,0.1914983781392334,True,03049652
03030852,2,4742269,68,100.0,0.0,0.993,False,0,0.1914983781392334,True,03049652
03030852,2,4742277,69,100.0,0.0,0.262,False,0,0.1914983781392334,True,03049652
03030852,2,4742283,70,100.0,0.0,1.64,False,0,0.1914983781392334,True,03049652
03030852,2,4742293,71,100.0,0.0,0.353,False,0,0.1914983781392334,True,03049652
03030852,2,4742301,72,100.0,0.0,1.588,False,0,0.1914983781392334,True,03049652
03030852,2,4742303,73,100.0,0.0,0.034,False,0,0.1914983781392334,True,03049652
03030852,2,4742317,74,100.0,0.0,0.87,False,0,0.1914983781392334,True,03049652
03030852,2,4742319,75,100.0,0.0,1.556,False,0,0.1914983781392334,True,03049652
03030852,2,11049952,76,100.0,0.0,2.287,False,0,0.1914983781392334,True,03049652
03030852,2,11049954,77,100.0,0.0,0.473,False,0,0.1914983781392334,True,03049652
03030852,2,11051848,78,100.0,0.0,0.131,False,0,0.1914983781392334,True,03049652
03030852,2,11049958,79,100.0,0.0,0.679,False,0,0.1914983781392334,True,03049652
03030852,2,11049962,80,100.0,0.0,1.642,False,0,0.1914983781392334,True,03049652
03030852,2,11049970,81,100.0,0.0,2.265,False,0,0.1914983781392334,True,03049652
03030852,2,11049972,82,100.0,0.0,0.228,False,0,0.1914983781392334,True,03049652
03030852,2,11049980,83,100.0,0.0,1.472,False,0,0.1914983781392334,True,03049652
03030852,2,11049986,84,100.0,0.0,0.302,False,0,0.1914983781392334,True,03049652
03030852,2,11049994,85,100.0,0.0,3.028,False,0,0.1914983781392334,True,03049652
03030852,2,11050000,86,100.0,0.0,1.153,False,0,0.1914983781392334,True,03049652
03030852,2,11050006,87,100.0,0.0,2.906,False,0,0.1914983781392334,True,03049652
03030852,2,11050010,88,100.0,0.0,1.9370000000000003,False,0,0.1914983781392334,True,03049652
03030852,2,11050014,89,100.0,0.0,0.42100000000000004,False,0,0.1914983781392334,True,03049652
03030852,2,11050030,90,100.0,0.0,3.639,False,0,0.1914983781392334,True,03049652
03030852,2,11050032,91,100.0,0.0,1.338,False,0,0.1914983781392334,True,03049652
03030852,2,11050038,92,100.0,0.0,2.387,False,0,0.1914983781392334,True,03049652
03030852,2,11050040,93,100.0,0.0,1.574,False,0,0.1914983781392334,True,03049652
03030852,2,11050042,94,100.0,0.0,0.127,False,0,0.1914983781392334,True,03049652
03030852,2,11050050,95,100.0,0.0,3.013,False,0,0.1914983781392334,True,03049652
03083500,0,3806147,0,12.595,0.0,0.3511486,False,0,0.8826592565962579,False,03085000
03083500,0,3806349,1,100.0,0.0,1.99,False,0,0.8826592565962579,False,03085000
03083500,0,3806133,2,100.0,0.0,2.129,False,0,0.8826592565962579,False,03085000
03083500,0,3806125,3,100.0,0.0,0.312,False,0,0.8826592565962579,False,03085000
03083500,0,3806121,4,100.0,0.0,2.197,False,0,0.8826592565962579,False,03085000
03083500,0,3806117,5,100.0,0.0,0.543,False,0,0.8826592565962579,False,03085000
03083500,0,3806111,6,100.0,0.0,1.615,False,0,0.8826592565962579,False,03085000
03083500,0,3806109,7,100.0,0.0,8.634,False,0,0.8826592565962579,False,03085000
03083500,0,3806095,8,100.0,0.0,1.291,False,0,0.8826592565962579,False,03085000
03083500,0,3806083,9,100.0,0.0,0.764,False,0,0.8826592565962579,False,03085000
03083500,0,3806081,10,100.0,0.0,1.806,False,0,0.8826592565962579,False,03085000
03083500,0,3813299,11,100.0,0.0,2.398,False,0,0.8826592565962579,False,03085000
03083500,0,3806075,12,100.0,0.0,0.068,False,0,0.8826592565962579,False,03085000
03083500,0,3785871,13,100.0,0.0,6.58,False,0,0.8826592565962579,True,03085000
03083500,0,3785861,14,100.0,87.7431,0.05822027500000001,False,0,0.8826592565962579,True,03085000
03072000,1,3787957,0,36.608,0.0,1.1048294399999998,False,0,0.117340743403742,False,03085000
03072000,1,3787853,1,100.0,0.0,3.4930000000000003,False,0,0.117340743403742,False,03085000
03072000,1,3787851,2,100.0,0.0,0.79,False,0,0.117340743403742,False,03085000
03072000,1,3793079,3,100.0,0.0,1.281,False,0,0.117340743403742,False,03085000
03072000,1,3788127,4,100.0,0.0,0.10800000000000001,False,0,0.117340743403742,False,03085000
03072000,1,3788125,5,100.0,0.0,1.567,False,0,0.117340743403742,False,03085000
03072000,1,3788119,6,100.0,0.0,1.889,False,0,0.117340743403742,False,03085000
03072000,1,3788117,7,100.0,0.0,0.133,False,0,0.117340743403742,False,03085000
03072000,1,3788109,8,100.0,0.0,0.157,False,0,0.117340743403742,False,03085000
03072000,1,3788107,9,100.0,0.0,2.725,False,0,0.117340743403742,False,03085000
03072000,1,3788105,10,100.0,0.0,2.832,False,0,0.117340743403742,False,03085000
03072000,1,3788099,11,100.0,0.0,1.252,False,0,0.117340743403742,False,03085000
03072000,1,3788093,12,100.0,0.0,0.731,False,0,0.117340743403742,False,03085000
03072000,1,3788087,13,100.0,0.0,1.733,False,0,0.117340743403742,False,03085000
03072000,1,3788081,14,100.0,0.0,1.247,False,0,0.117340743403742,False,03085000
03072000,1,3788073,15,100.0,0.0,2.057,False,0,0.117340743403742,False,03085000
03072000,1,3788061,16,100.0,0.0,2.064,False,0,0.117340743403742,False,03085000
03072000,1,3788053,17,100.0,0.0,2.785,False,0,0.117340743403742,False,03085000
03072000,1,3788049,18,100.0,0.0,1.43,False,0,0.117340743403742,False,03085000
03072000,1,3788045,19,100.0,0.0,0.576,False,0,0.117340743403742,False,03085000
03072000,1,3788031,20,100.0,0.0,3.593,False,0,0.117340743403742,False,03085000
03072000,1,3788017,21,100.0,0.0,0.289,False,0,0.117340743403742,False,03085000
03072000,1,3788019,22,100.0,0.0,1.807,False,0,0.117340743403742,False,03085000
03072000,1,3788023,23,100.0,0.0,1.5490000000000002,False,0,0.117340743403742,False,03085000
03072000,1,3789771,24,100.0,0.0,0.022,False,0,0.117340743403742,False,03085000
03072000,1,3789769,25,100.0,0.0,1.419,False,0,0.117340743403742,False,03085000
03072000,1,3789763,26,100.0,0.0,0.03,False,0,0.117340743403742,False,03085000
03072000,1,3789761,27,100.0,0.0,2.064,False,0,0.117340743403742,False,03085000
03072000,1,3789757,28,100.0,0.0,0.695,False,0,0.117340743403742,False,03085000
03072000,1,3788007,29,100.0,0.0,0.144,False,0,0.117340743403742,False,03085000
03072000,1,3788003,30,100.0,0.0,2.383,False,0,0.117340743403742,False,03085000
03072000,1,3786069,31,100.0,0.0,0.9689999999999999,False,0,0.117340743403742,False,03085000
03072000,1,3786059,32,100.0,0.0,0.177,False,0,0.117340743403742,False,03085000
03072000,1,3786051,33,100.0,0.0,0.064,False,0,0.117340743403742,False,03085000
03072000,1,3786047,34,100.0,0.0,0.968,False,0,0.117340743403742,False,03085000
03072000,1,3786065,35,100.0,0.0,2.586,False,0,0.117340743403742,False,03085000
03072000,1,3786067,36,100.0,0.0,0.236,False,0,0.117340743403742,False,03085000
03072000,1,3787987,37,100.0,0.0,0.423,False,0,0.117340743403742,False,03085000
03072000,1,3787993,38,100.0,0.0,0.412,False,0,0.117340743403742,False,03085000
03072000,1,3787995,39,100.0,0.0,1.685,False,0,0.117340743403742,False,03085000
03072000,1,3786063,40,100.0,0.0,0.241,False,0,0.117340743403742,False,03085000
03072000,1,3786053,41,100.0,0.0,1.803,False,0,0.117340743403742,False,03085000
03072000,1,3786041,42,100.0,0.0,1.4910000000000003,False,0,0.117340743403742,False,03085000
03072000,1,3786035,43,100.0,0.0,1.751,False,0,0.117340743403742,False,03085000
03072000,1,3786025,44,100.0,0.0,1.9069999999999998,False,0,0.117340743403742,False,03085000
03072000,1,3786019,45,100.0,0.0,1.3020000000000003,False,0,0.117340743403742,False,03085000
03072000,1,3786015,46,100.0,0.0,4.567,False,0,0.117340743403742,False,03085000
03072000,1,3786009,47,100.0,0.0,3.037,False,0,0.117340743403742,False,03085000
03072000,1,3786007,48,100.0,0.0,1.342,False,0,0.117340743403742,False,03085000
03072000,1,3786003,49,100.0,0.0,3.085,False,0,0.117340743403742,False,03085000
03072000,1,3785997,50,100.0,0.0,0.687,False,0,0.117340743403742,False,03085000
03072000,1,3785993,51,100.0,0.0,0.412,False,0,0.117340743403742,False,03085000
03072000,1,3793069,52,100.0,0.0,0.055,False,0,0.117340743403742,False,03085000
03072000,1,3785987,53,100.0,0.0,2.317,False,0,0.117340743403742,False,03085000
03072000,1,3785983,54,100.0,0.0,0.965,False,0,0.117340743403742,False,03085000
03072000,1,3785979,55,100.0,0.0,1.081,False,0,0.117340743403742,False,03085000
03072000,1,3785977,56,100.0,0.0,1.147,False,0,0.117340743403742,False,03085000
03072000,1,3785971,57,100.0,0.0,1.744,False,0,0.117340743403742,False,03085000
03072000,1,3785969,58,100.0,0.0,0.352,False,0,0.117340743403742,False,03085000
03072000,1,3785965,59,100.0,0.0,1.071,False,0,0.117340743403742,False,03085000
03072000,1,3785961,60,100.0,0.0,0.625,False,0,0.117340743403742,False,03085000
03072000,1,3785957,61,100.0,0.0,6.317,False,0,0.117340743403742,False,03085000
03072000,1,3785951,62,100.0,0.0,2.201,False,0,0.117340743403742,False,03085000
03072000,1,3785931,63,100.0,0.0,1.405,False,0,0.117340743403742,False,03085000
03072000,1,3785939,64,100.0,0.0,0.8759999999999999,False,0,0.117340743403742,False,03085000
03072000,1,3785943,65,100.0,0.0,0.2,False,0,0.117340743403742,False,03085000
03072000,1,3785945,66,100.0,0.0,0.36,False,0,0.117340743403742,False,03085000
03072000,1,3785941,67,100.0,0.0,1.535,False,0,0.117340743403742,False,03085000
03072000,1,3785929,68,100.0,0.0,2.177,False,0,0.117340743403742,False,03085000
03072000,1,3785923,69,100.0,0.0,1.883,False,0,0.117340743403742,False,03085000
03072000,1,3785919,70,100.0,0.0,2.14,False,0,0.117340743403742,False,03085000
03072000,1,3785915,71,100.0,0.0,2.887,False,0,0.117340743403742,False,03085000
03072000,1,3785909,72,100.0,0.0,1.3939999999999997,False,0,0.117340743403742,False,03085000
03072000,1,3785905,73,100.0,0.0,1.277,False,0,0.117340743403742,False,03085000
03072000,1,3785899,74,100.0,0.0,0.898,False,0,0.117340743403742,False,03085000
03072000,1,3785895,75,100.0,0.0,0.948,False,0,0.117340743403742,False,03085000
03072000,1,3785893,76,100.0,0.0,1.815,False,0,0.117340743403742,False,03085000
03072000,1,3785889,77,100.0,0.0,0.943,False,0,0.117340743403742,False,03085000
03072000,1,3785883,78,100.0,0.0,3.978,False,0,0.117340743403742,False,03085000
03072000,1,3785877,79,100.0,0.0,1.763,False,0,0.117340743403742,False,03085000
03072000,1,3785873,80,100.0,0.0,4.868,False,0,0.117340743403742,False,03085000
03072000,1,3785871,81,100.0,0.0,6.58,False,0,0.117340743403742,True,03085000
03072000,1,3785861,82,100.0,87.7431,0.05822027500000001,False,0,0.117340743403742,True,03085000
03049652,0,11050050,0,0.0,0.0,0.0,False,0,0.6111642866249702,False,03086000
03049652,0,11050058,1,100.0,0.0,2.253,False,0,0.6111642866249702,False,03086000
03049652,0,11050060,2,100.0,0.0,0.06,False,0,0.6111642866249702,False,03086000
03049652,0,11050066,3,100.0,0.0,0.361,False,0,0.6111642866249702,False,03086000
03049652,0,11050068,4,100.0,0.0,0.375,False,0,0.6111642866249702,False,03086000
03049652,0,11050684,5,100.0,0.0,1.655,False,0,0.6111642866249702,False,03086000
03049652,0,11050690,6,100.0,0.0,0.279,False,0,0.6111642866249702,False,03086000
03049652,0,11050704,7,100.0,0.0,1.6030000000000002,False,0,0.6111642866249702,False,03086000
03049652,0,11050706,8,100.0,0.0,3.0639999999999996,False,0,0.6111642866249702,False,03086000
03049652,0,11050698,9,100.0,0.0,0.106,False,0,0.6111642866249702,False,03086000
03049652,0,11050700,10,100.0,0.0,0.9469999999999998,False,0,0.6111642866249702,False,03086000
03049652,0,11050708,11,100.0,0.0,2.208,False,0,0.6111642866249702,False,03086000
03049652,0,11050712,12,100.0,0.0,1.764,False,0,0.6111642866249702,False,03086000
03049652,0,11050716,13,100.0,0.0,4.5,False,0,0.6111642866249702,False,03086000
03049652,0,11050846,14,100.0,0.0,1.595,False,0,0.6111642866249702,False,03086000
03049652,0,11050844,15,100.0,0.0,0.811,False,0,0.6111642866249702,True,03086000
03049652,0,3824135,16,100.0,0.0,3.485,False,0,0.6111642866249702,True,03086000
03049652,0,3824131,17,100.0,0.0,4.231,False,0,0.6111642866249702,True,03086000
03049652,0,3821271,18,100.0,0.0,0.278,False,0,0.6111642866249702,True,03086000
03049652,0,3821269,19,100.0,0.0,0.774,False,0,0.6111642866249702,True,03086000
03049652,0,3821263,20,100.0,0.0,0.233,False,0,0.6111642866249702,True,03086000
03049652,0,25109349,21,100.0,0.0,2.513,False,0,0.6111642866249702,True,03086000
03049652,0,3821261,22,100.0,0.0,1.101,False,0,0.6111642866249702,True,03086000
03049652,0,3821241,23,100.0,0.0,2.547,False,0,0.6111642866249702,True,03086000
03049652,0,3821237,24,100.0,0.0,0.277,False,0,0.6111642866249702,True,03086000
03049652,0,3821235,25,100.0,0.0,1.2,False,0,0.6111642866249702,True,03086000
03049652,0,3821227,26,100.0,0.0,2.009,False,0,0.6111642866249702,True,03086000
03049652,0,3821223,27,100.0,9.8578,1.403514054,False,0,0.6111642866249702,True,03086000
03085000,1,3785861,0,87.7431,0.0,0.41677972499999993,False,0,0.3888357133750298,False,03086000
03085000,1,3785857,1,100.0,0.0,3.412,False,0,0.3888357133750298,False,03086000
03085000,1,3785847,2,100.0,0.0,2.393,False,0,0.3888357133750298,False,03086000
03085000,1,3785863,3,100.0,0.0,2.442,False,0,0.3888357133750298,False,03086000
03085000,1,3785867,4,100.0,0.0,2.623,False,0,0.3888357133750298,False,03086000
03085000,1,3785853,5,100.0,0.0,5.529,False,0,0.3888357133750298,False,03086000
03085000,1,3786893,6,100.0,0.0,1.34,False,0,0.3888357133750298,False,03086000
03085000,1,3786927,7,100.0,0.0,0.532,False,0,0.3888357133750298,False,03086000
03085000,1,11050844,8,100.0,0.0,0.811,False,0,0.3888357133750298,True,03086000
03085000,1,3824135,9,100.0,0.0,3.485,False,0,0.3888357133750298,True,03086000
03085000,1,3824131,10,100.0,0.0,4.231,False,0,0.3888357133750298,True,03086000
03085000,1,3821271,11,100.0,0.0,0.278,False,0,0.3888357133750298,True,03086000
03085000,1,3821269,12,100.0,0.0,0.774,False,0,0.3888357133750298,True,03086000
03085000,1,3821263,13,100.0,0.0,0.233,False,0,0.3888357133750298,True,03086000
03085000,1,25109349,14,100.0,0.0,2.513,False,0,0.3888357133750298,True,03086000
03085000,1,3821261,15,100.0,0.0,1.101,False,0,0.3888357133750298,True,03086000
03085000,1,3821241,16,100.0,0.0,2.547,False,0,0.3888357133750298,True,03086000
03085000,1,3821237,17,100.0,0.0,0.277,False,0,0.3888357133750298,True,03086000
03085000,1,3821235,18,100.0,0.0,1.2,False,0,0.3888357133750298,True,03086000
03085000,1,3821227,19,100.0,0.0,2.009,False,0,0.3888357133750298,True,03086000
03085000,1,3821223,20,100.0,9.8578,1.403514054,False,0,0.3888357133750298,True,03086000
03280000,0,454154,0,23.415,0.0,0.8438766,False,0,0.4690813119511221,False,03284000
03280000,0,454080,1,100.0,0.0,2.274,False,0,0.4690813119511221,False,03284000
03280000,0,454008,2,100.0,0.0,4.189,False,0,0.4690813119511221,False,03284000
03280000,0,453992,3,100.0,0.0,9.519,False,0,0.4690813119511221,False,03284000
03280000,0,453850,4,100.0,0.0,1.337,False,0,0.4690813119511221,False,03284000
03280000,0,453848,5,100.0,0.0,3.222,False,0,0.4690813119511221,False,03284000
03280000,0,453842,6,100.0,0.0,4.713,False,0,0.4690813119511221,False,03284000
03280000,0,453760,7,100.0,0.0,3.9590000000000005,False,0,0.4690813119511221,False,03284000
03280000,0,453762,8,100.0,0.0,1.841,False,0,0.4690813119511221,False,03284000
03280000,0,454362,9,100.0,0.0,4.915,False,0,0.4690813119511221,False,03284000
03280000,0,453750,10,100.0,0.0,3.599,False,0,0.4690813119511221,False,03284000
03280000,0,454360,11,100.0,0.0,2.325,False,0,0.4690813119511221,False,03284000
03280000,0,453652,12,100.0,0.0,0.52,False,0,0.4690813119511221,False,03284000
03280000,0,453650,13,100.0,0.0,0.815,False,0,0.4690813119511221,False,03284000
03280000,0,453646,14,100.0,0.0,0.557,False,0,0.4690813119511221,False,03284000
03280000,0,453656,15,100.0,0.0,2.146,False,0,0.4690813119511221,False,03284000
03280000,0,453670,16,100.0,0.0,0.997,False,0,0.4690813119511221,False,03284000
03280000,0,453672,17,100.0,0.0,4.995,False,0,0.4690813119511221,False,03284000
03280000,0,453562,18,100.0,0.0,1.985,False,0,0.4690813119511221,False,03284000
03280000,0,453580,19,100.0,0.0,1.184,False,0,0.4690813119511221,False,03284000
03280000,0,453582,20,100.0,0.0,0.042,False,0,0.4690813119511221,False,03284000
03280000,0,453588,21,100.0,0.0,1.111,False,0,0.4690813119511221,False,03284000
03280000,0,453680,22,100.0,0.0,2.705,False,0,0.4690813119511221,False,03284000
03280000,0,453734,23,100.0,0.0,1.335,False,0,0.4690813119511221,False,03284000
03280000,0,453804,24,100.0,0.0,0.9280000000000002,False,0,0.4690813119511221,False,03284000
03280000,0,453840,25,100.0,0.0,2.254,False,0,0.4690813119511221,False,03284000
03280000,0,453788,26,100.0,0.0,0.689,False,0,0.4690813119511221,False,03284000
03280000,0,453824,27,100.0,0.0,1.155,False,0,0.4690813119511221,False,03284000
03280000,0,453890,28,100.0,0.0,1.5289999999999997,False,0,0.4690813119511221,False,03284000
03280000,0,454402,29,100.0,0.0,0.239,False,0,0.4690813119511221,False,03284000
03280000,0,454410,30,100.0,0.0,2.192,False,0,0.4690813119511221,False,03284000
03280000,0,454408,31,100.0,0.0,0.321,False,0,0.4690813119511221,False,03284000
03280000,0,454412,32,100.0,0.0,1.786,False,0,0.4690813119511221,False,03284000
03280000,0,868086,33,100.0,0.0,1.8660000000000003,False,0,0.4690813119511221,False,03284000
03280000,0,868082,34,100.0,0.0,0.32899999999999996,False,0,0.4690813119511221,True,03284000
03280000,0,868092,35,100.0,0.0,2.417,False,0,0.4690813119511221,True,03284000
03280000,0,868106,36,100.0,0.0,1.266,False,0,0.4690813119511221,True,03284000
03280000,0,868108,37,100.0,0.0,0.696,False,0,0.4690813119511221,True,03284000
03280000,0,868104,38,100.0,0.0,0.609,False,0,0.4690813119511221,True,03284000
03280000,0,868100,39,100.0,0.0,1.276,False,0,0.4690813119511221,True,03284000
03280000,0,868114,40,100.0,0.0,2.125,False,0,0.4690813119511221,True,03284000
03280000,0,868118,41,100.0,0.0,0.655,False,0,0.4690813119511221,True,03284000
03280000,0,868120,42,100.0,0.0,0.456,False,0,0.4690813119511221,True,03284000
03280000,0,868122,43,100.0,0.0,0.456,False,0,0.4690813119511221,True,03284000
03280000,0,868154,44,100.0,0.0,5.629,False,0,0.4690813119511221,True,03284000
03280000,0,868096,45,100.0,0.0,3.017,False,0,0.4690813119511221,True,03284000
03280000,0,868078,46,100.0,0.0,1.252,False,0,0.4690813119511221,True,03284000
03280000,0,868070,47,100.0,0.0,0.795,False,0,0.4690813119511221,True,03284000
03280000,0,868074,48,100.0,0.0,3.577,False,0,0.4690813119511221,True,03284000
03280000,0,868066,49,100.0,0.0,5.567,False,0,0.4690813119511221,True,03284000
03280000,0,868064,50,100.0,0.0,14.003,False,0,0.4690813119511221,True,03284000
03280000,0,868056,51,100.0,0.0,2.589,False,0,0.4690813119511221,True,03284000
03280000,0,868050,52,100.0,0.0,1.6,False,0,0.4690813119511221,True,03284000
03280000,0,868052,53,100.0,0.0,2.276,False,0,0.4690813119511221,True,03284000
03280000,0,868038,54,100.0,0.0,3.344,False,0,0.4690813119511221,True,03284000
03280000,0,868150,55,100.0,0.0,0.218,False,0,0.4690813119511221,True,03284000
03280000,0,868036,56,100.0,0.0,0.22,False,0,0.4690813119511221,True,03284000
03280000,0,868040,57,100.0,0.0,0.333,False,0,0.4690813119511221,True,03284000
03280000,0,868046,58,100.0,0.0,1.7280000000000002,False,0,0.4690813119511221,True,03284000
03280000,0,868032,59,100.0,0.0,0.588,False,0,0.4690813119511221,True,03284000
03280000,0,868146,60,100.0,0.0,1.386,False,0,0.4690813119511221,True,03284000
03280000,0,868142,61,100.0,0.0,2.81,False,0,0.4690813119511221,True,03284000
03280000,0,868022,62,100.0,0.0,0.582,False,0,0.4690813119511221,True,03284000
03280000,0,868664,63,100.0,0.0,3.432,False,0,0.4690813119511221,True,03284000
03280000,0,868014,64,100.0,0.0,0.772,False,0,0.4690813119511221,True,03284000
03280000,0,868662,65,100.0,0.0,0.958,False,0,0.4690813119511221,True,03284000
03280000,0,868656,66,100.0,0.0,10.386,False,0,0.4690813119511221,True,03284000
03280000,0,868650,67,100.0,0.0,1.2920000000000003,False,0,0.4690813119511221,True,03284000
03280000,0,868652,68,100.0,0.0,1.345,False,0,0.4690813119511221,True,03284000
03280000,0,868648,69,100.0,0.0,1.3560000000000003,False,0,0.4690813119511221,True,03284000
03280000,0,868646,70,100.0,0.0,4.246,False,0,0.4690813119511221,True,03284000
03280000,0,868644,71,100.0,0.0,0.9419999999999998,False,0,0.4690813119511221,True,03284000
03280000,0,868626,72,100.0,0.0,3.1629999999999994,False,0,0.4690813119511221,True,03284000
03280000,0,868622,73,100.0,0.0,13.48,False,0,0.4690813119511221,True,03284000
03280000,0,24601292,74,100.0,0.0,3.704,False,0,0.4690813119511221,True,03284000
03280000,0,1827912,75,100.0,0.0,2.182,False,0,0.4690813119511221,True,03284000
03280000,0,1827728,76,100.0,0.0,1.658,False,0,0.4690813119511221,True,03284000
03280000,0,1827738,77,100.0,0.0,2.186,False,0,0.4690813119511221,True,03284000
03280000,0,1827740,78,100.0,0.0,1.432,False,0,0.4690813119511221,True,03284000
03280000,0,1827734,79,100.0,0.0,5.79,False,0,0.4690813119511221,True,03284000
03280000,0,1827712,80,100.0,0.0,1.6569999999999998,False,0,0.4690813119511221,True,03284000
03280000,0,1827730,81,100.0,0.0,3.322,False,0,0.4690813119511221,True,03284000
03280000,0,1827714,82,100.0,0.0,1.4780000000000002,False,0,0.4690813119511221,True,03284000
03280000,0,1827692,83,100.0,67.6731,0.9972848649999999,False,0,0.4690813119511221,True,03284000
03281500,1,503758,0,34.915,0.0,0.20914085,False,0,0.3020919136376331,False,03284000
03281500,1,505374,1,100.0,0.0,4.992,False,0,0.3020919136376331,False,03284000
03281500,1,503694,2,100.0,0.0,2.636,False,0,0.3020919136376331,False,03284000
03281500,1,503674,3,100.0,0.0,0.355,False,0,0.3020919136376331,False,03284000
03281500,1,503668,4,100.0,0.0,0.73,False,0,0.3020919136376331,False,03284000
03281500,1,503656,5,100.0,0.0,1.057,False,0,0.3020919136376331,False,03284000
03281500,1,503652,6,100.0,0.0,1.17,False,0,0.3020919136376331,False,03284000
03281500,1,503648,7,100.0,0.0,3.511,False,0,0.3020919136376331,False,03284000
03281500,1,503636,8,100.0,0.0,2.688,False,0,0.3020919136376331,False,03284000
03281500,1,867710,9,100.0,0.0,1.474,False,0,0.3020919136376331,False,03284000
03281500,1,868084,10,100.0,0.0,0.039,False,0,0.3020919136376331,False,03284000
03281500,1,868082,11,100.0,0.0,0.32899999999999996,False,0,0.3020919136376331,True,03284000
03281500,1,868092,12,100.0,0.0,2.417,False,0,0.3020919136376331,True,03284000
03281500,1,868106,13,100.0,0.0,1.266,False,0,0.3020919136376331,True,03284000
03281500,1,868108,14,100.0,0.0,0.696,False,0,0.3020919136376331,True,03284000
03281500,1,868104,15,100.0,0.0,0.609,False,0,0.3020919136376331,True,03284000
03281500,1,868100,16,100.0,0.0,1.276,False,0,0.3020919136376331,True,03284000
03281500,1,868114,17,100.0,0.0,2.125,False,0,0.3020919136376331,True,03284000
03281500,1,868118,18,100.0,0.0,0.655,False,0,0.3020919136376331,True,03284000
03281500,1,868120,19,100.0,0.0,0.456,False,0,0.3020919136376331,True,03284000
03281500,1,868122,20,100.0,0.0,0.456,False,0,0.3020919136376331,True,03284000
03281500,1,868154,21,100.0,0.0,5.629,False,0,0.3020919136376331,True,03284000
03281500,1,868096,22,100.0,0.0,3.017,False,0,0.3020919136376331,True,03284000
03281500,1,868078,23,100.0,0.0,1.252,False,0,0.3020919136376331,True,03284000
03281500,1,868070,24,100.0,0.0,0.795,False,0,0.3020919136376331,True,03284000
03281500,1,868074,25,100.0,0.0,3.577,False,0,0.3020919136376331,True,03284000
03281500,1,868066,26,100.0,0.0,5.567,False,0,0.3020919136376331,True,03284000
03281500,1,868064,27,100.0,0.0,14.003,False,0,0.3020919136376331,True,03284000
03281500,1,868056,28,100.0,0.0,2.589,False,0,0.3020919136376331,True,03284000
03281500,1,868050,29,100.0,0.0,1.6,False,0,0.3020919136376331,True,03284000
03281500,1,868052,30,100.0,0.0,2.276,False,0,0.3020919136376331,True,03284000
03281500,1,868038,31,100.0,0.0,3.344,False,0,0.3020919136376331,True,03284000
03281500,1,868150,32,100.0,0.0,0.218,False,0,0.3020919136376331,True,03284000
03281500,1,868036,33,100.0,0.0,0.22,False,0,0.3020919136376331,True,03284000
03281500,1,868040,34,100.0,0.0,0.333,False,0,0.3020919136376331,True,03284000
03281500,1,868046,35,100.0,0.0,1.7280000000000002,False,0,0.3020919136376331,True,03284000
03281500,1,868032,36,100.0,0.0,0.588,False,0,0.3020919136376331,True,03284000
03281500,1,868146,37,100.0,0.0,1.386,False,0,0.3020919136376331,True,03284000
03281500,1,868142,38,100.0,0.0,2.81,False,0,0.3020919136376331,True,03284000
03281500,1,868022,39,100.0,0.0,0.582,False,0,0.3020919136376331,True,03284000
03281500,1,868664,40,100.0,0.0,3.432,False,0,0.3020919136376331,True,03284000
03281500,1,868014,41,100.0,0.0,0.772,False,0,0.3020919136376331,True,03284000
03281500,1,868662,42,100.0,0.0,0.958,False,0,0.3020919136376331,True,03284000
03281500,1,868656,43,100.0,0.0,10.386,False,0,0.3020919136376331,True,03284000
03281500,1,868650,44,100.0,0.0,1.2920000000000003,False,0,0.3020919136376331,True,03284000
03281500,1,868652,45,100.0,0.0,1.345,False,0,0.3020919136376331,True,03284000
03281500,1,868648,46,100.0,0.0,1.3560000000000003,False,0,0.3020919136376331,True,03284000
03281500,1,868646,47,100.0,0.0,4.246,False,0,0.3020919136376331,True,03284000
03281500,1,868644,48,100.0,0.0,0.9419999999999998,False,0,0.3020919136376331,True,03284000
03281500,1,868626,49,100.0,0.0,3.1629999999999994,False,0,0.3020919136376331,True,03284000
03281500,1,868622,50,100.0,0.0,13.48,False,0,0.3020919136376331,True,03284000
03281500,1,24601292,51,100.0,0.0,3.704,False,0,0.3020919136376331,True,03284000
03281500,1,1827912,52,100.0,0.0,2.182,False,0,0.3020919136376331,True,03284000
03281500,1,1827728,53,100.0,0.0,1.658,False,0,0.3020919136376331,True,03284000
03281500,1,1827738,54,100.0,0.0,2.186,False,0,0.3020919136376331,True,03284000
03281500,1,1827740,55,100.0,0.0,1.432,False,0,0.3020919136376331,True,03284000
03281500,1,1827734,56,100.0,0.0,5.79,False,0,0.3020919136376331,True,03284000
03281500,1,1827712,57,100.0,0.0,1.6569999999999998,False,0,0.3020919136376331,True,03284000
03281500,1,1827730,58,100.0,0.0,3.322,False,0,0.3020919136376331,True,03284000
03281500,1,1827714,59,100.0,0.0,1.4780000000000002,False,0,0.3020919136376331,True,03284000
03281500,1,1827692,60,100.0,67.6731,0.9972848649999999,False,0,0.3020919136376331,True,03284000
03281000,2,486782,0,20.0,0.0,0.009,False,0,0.2288267744112448,False,03284000
03281000,2,486898,1,100.0,0.0,1.2990000000000002,False,0,0.2288267744112448,False,03284000
03281000,2,486758,2,100.0,0.0,1.844,False,0,0.2288267744112448,False,03284000
03281000,2,486756,3,100.0,0.0,6.295,False,0,0.2288267744112448,False,03284000
03281000,2,486746,4,100.0,0.0,0.889,False,0,0.2288267744112448,False,03284000
03281000,2,486744,5,100.0,0.0,0.927,False,0,0.2288267744112448,False,03284000
03281000,2,453922,6,100.0,0.0,2.039,False,0,0.2288267744112448,False,03284000
03281000,2,454400,7,100.0,0.0,0.107,False,0,0.2288267744112448,False,03284000
03281000,2,454410,8,100.0,0.0,2.192,False,0,0.2288267744112448,False,03284000
03281000,2,454408,9,100.0,0.0,0.321,False,0,0.2288267744112448,False,03284000
03281000,2,454412,10,100.0,0.0,1.786,False,0,0.2288267744112448,False,03284000
03281000,2,868086,11,100.0,0.0,1.8660000000000003,False,0,0.2288267744112448,False,03284000
03281000,2,868082,12,100.0,0.0,0.32899999999999996,False,0,0.2288267744112448,True,03284000
03281000,2,868092,13,100.0,0.0,2.417,False,0,0.2288267744112448,True,03284000
03281000,2,868106,14,100.0,0.0,1.266,False,0,0.2288267744112448,True,03284000
03281000,2,868108,15,100.0,0.0,0.696,False,0,0.2288267744112448,True,03284000
03281000,2,868104,16,100.0,0.0,0.609,False,0,0.2288267744112448,True,03284000
03281000,2,868100,17,100.0,0.0,1.276,False,0,0.2288267744112448,True,03284000
03281000,2,868114,18,100.0,0.0,2.125,False,0,0.2288267744112448,True,03284000
03281000,2,868118,19,100.0,0.0,0.655,False,0,0.2288267744112448,True,03284000
03281000,2,868120,20,100.0,0.0,0.456,False,0,0.2288267744112448,True,03284000
03281000,2,868122,21,100.0,0.0,0.456,False,0,0.2288267744112448,True,03284000
03281000,2,868154,22,100.0,0.0,5.629,False,0,0.2288267744112448,True,03284000
03281000,2,868096,23,100.0,0.0,3.017,False,0,0.2288267744112448,True,03284000
03281000,2,868078,24,100.0,0.0,1.252,False,0,0.2288267744112448,True,03284000
03281000,2,868070,25,100.0,0.0,0.795,False,0,0.2288267744112448,True,03284000
03281000,2,868074,26,100.0,0.0,3.577,False,0,0.2288267744112448,True,03284000
03281000,2,868066,27,100.0,0.0,5.567,False,0,0.2288267744112448,True,03284000
03281000,2,868064,28,100.0,0.0,14.003,False,0,0.2288267744112448,True,03284000
03281000,2,868056,29,100.0,0.0,2.589,False,0,0.2288267744112448,True,03284000
03281000,2,868050,30,100.0,0.0,1.6,False,0,0.2288267744112448,True,03284000
03281000,2,868052,31,100.0,0.0,2.276,False,0,0.2288267744112448,True,03284000
03281000,2,868038,32,100.0,0.0,3.344,False,0,0.2288267744112448,True,03284000
03281000,2,868150,33,100.0,0.0,0.218,False,0,0.2288267744112448,True,03284000
03281000,2,868036,34,100.0,0.0,0.22,False,0,0.2288267744112448,True,03284000
03281000,2,868040,35,100.0,0.0,0.333,False,0,0.2288267744112448,True,03284000
03281000,2,868046,36,100.0,0.0,1.7280000000000002,False,0,0.2288267744112448,True,03284000
03281000,2,868032,37,100.0,0.0,0.588,False,0,0.2288267744112448,True,03284000
03281000,2,868146,38,100.0,0.0,1.386,False,0,0.2288267744112448,True,03284000
03281000,2,868142,39,100.0,0.0,2.81,False,0,0.2288267744112448,True,03284000
03281000,2,868022,40,100.0,0.0,0.582,False,0,0.2288267744112448,True,03284000
03281000,2,868664,41,100.0,0.0,3.432,False,0,0.2288267744112448,True,03284000
03281000,2,868014,42,100.0,0.0,0.772,False,0,0.2288267744112448,True,03284000
03281000,2,868662,43,100.0,0.0,0.958,False,0,0.2288267744112448,True,03284000
03281000,2,868656,44,100.0,0.0,10.386,False,0,0.2288267744112448,True,03284000
03281000,2,868650,45,100.0,0.0,1.2920000000000003,False,0,0.2288267744112448,True,03284000
03281000,2,868652,46,100.0,0.0,1.345,False,0,0.2288267744112448,True,03284000
03281000,2,868648,47,100.0,0.0,1.3560000000000003,False,0,0.2288267744112448,True,03284000
03281000,2,868646,48,100.0,0.0,4.246,False,0,0.2288267744112448,True,03284000
03281000,2,868644,49,100.0,0.0,0.9419999999999998,False,0,0.2288267744112448,True,03284000
03281000,2,868626,50,100.0,0.0,3.1629999999999994,False,0,0.2288267744112448,True,03284000
03281000,2,868622,51,100.0,0.0,13.48,False,0,0.2288267744112448,True,03284000
03281000,2,24601292,52,100.0,0.0,3.704,False,0,0.2288267744112448,True,03284000
03281000,2,1827912,53,100.0,0.0,2.182,False,0,0.2288267744112448,True,03284000
03281000,2,1827728,54,100.0,0.0,1.658,False,0,0.2288267744112448,True,03284000
03281000,2,1827738,55,100.0,0.0,2.186,False,0,0.2288267744112448,True,03284000
03281000,2,1827740,56,100.0,0.0,1.432,False,0,0.2288267744112448,True,03284000
03281000,2,1827734,57,100.0,0.0,5.79,False,0,0.2288267744112448,True,03284000
03281000,2,1827712,58,100.0,0.0,1.6569999999999998,False,0,0.2288267744112448,True,03284000
03281000,2,1827730,59,100.0,0.0,3.322,False,0,0.2288267744112448,True,03284000
03281000,2,1827714,60,100.0,0.0,1.4780000000000002,False,0,0.2288267744112448,True,03284000
03281000,2,1827692,61,100.0,67.6731,0.9972848649999999,False,0,0.2288267744112448,True,03284000
03287500,0,1825588,0,1.042,0.0,0.05060994,False,0,0.9179825691202504,False,03290500
03287500,0,1825582,1,100.0,0.0,1.106,False,0,0.9179825691202504,False,03290500
03287500,0,1825580,2,100.0,0.0,0.09700000000000002,False,0,0.9179825691202504,False,03290500
03287500,0,1825578,3,100.0,0.0,0.036,False,0,0.9179825691202504,False,03290500
03287500,0,1825576,4,100.0,0.0,0.028000000000000004,False,0,0.9179825691202504,False,03290500
03287500,0,1825574,5,100.0,0.0,0.031,False,0,0.9179825691202504,False,03290500
03287500,0,1825572,6,100.0,0.0,8.342,False,0,0.9179825691202504,False,03290500
03287500,0,1825566,7,100.0,0.0,7.196000000000001,False,0,0.9179825691202504,False,03290500
03287500,0,1825564,8,100.0,0.0,6.318,False,0,0.9179825691202504,False,03290500
03287500,0,1825554,9,100.0,0.0,0.213,False,0,0.9179825691202504,False,03290500
03287500,0,1825558,10,100.0,0.0,5.769,False,0,0.9179825691202504,True,03290500
03287500,0,1825548,11,100.0,0.0,5.897,False,0,0.9179825691202504,True,03290500
03287500,0,1825546,12,100.0,0.0,0.105,False,0,0.9179825691202504,True,03290500
03287500,0,1825660,13,100.0,0.0,2.307,False,0,0.9179825691202504,True,03290500
03287500,0,1825542,14,100.0,0.0,2.396,False,0,0.9179825691202504,True,03290500
03287500,0,1825540,15,100.0,0.0,0.222,False,0,0.9179825691202504,True,03290500
03287500,0,1825538,16,100.0,0.0,0.234,False,0,0.9179825691202504,True,03290500
03287500,0,1825536,17,100.0,0.0,9.344,False,0,0.9179825691202504,True,03290500
03287500,0,1825528,18,100.0,0.0,4.744,False,0,0.9179825691202504,True,03290500
03287500,0,1825532,19,100.0,0.0,2.697,False,0,0.9179825691202504,True,03290500
03287500,0,1825522,20,100.0,0.0,0.088,False,0,0.9179825691202504,True,03290500
03287500,0,1825520,21,100.0,99.119,0.0011893500000000005,False,0,0.9179825691202504,True,03290500
03289500,1,1825460,0,22.8,0.0,3.531948,False,0,0.0820174308797496,False,03290500
03289500,1,1825076,1,100.0,0.0,0.491,False,0,0.0820174308797496,False,03290500
03289500,1,1825074,2,100.0,0.0,0.97,False,0,0.0820174308797496,False,03290500
03289500,1,1825066,3,100.0,0.0,0.485,False,0,0.0820174308797496,False,03290500
03289500,1,1825056,4,100.0,0.0,0.684,False,0,0.0820174308797496,False,03290500
03289500,1,1825054,5,100.0,0.0,2.038,False,0,0.0820174308797496,False,03290500
03289500,1,1825048,6,100.0,0.0,2.738,False,0,0.0820174308797496,False,03290500
03289500,1,1825028,7,100.0,0.0,0.412,False,0,0.0820174308797496,False,03290500
03289500,1,1825040,8,100.0,0.0,3.016,False,0,0.0820174308797496,False,03290500
03289500,1,1825020,9,100.0,0.0,0.575,False,0,0.0820174308797496,False,03290500
03289500,1,1825012,10,100.0,0.0,0.279,False,0,0.0820174308797496,False,03290500
03289500,1,1825022,11,100.0,0.0,1.272,False,0,0.0820174308797496,False,03290500
03289500,1,1825032,12,100.0,0.0,0.4040000000000001,False,0,0.0820174308797496,False,03290500
03289500,1,1825556,13,100.0,0.0,0.051,False,0,0.0820174308797496,False,03290500
03289500,1,1825558,14,100.0,0.0,5.769,False,0,0.0820174308797496,True,03290500
03289500,1,1825548,15,100.0,0.0,5.897,False,0,0.0820174308797496,True,03290500
03289500,1,1825546,16,100.0,0.0,0.105,False,0,0.0820174308797496,True,03290500
03289500,1,1825660,17,100.0,0.0,2.307,False,0,0.0820174308797496,True,03290500
03289500,1,1825542,18,100.0,0.0,2.396,False,0,0.0820174308797496,True,03290500
03289500,1,1825540,19,100.0,0.0,0.222,False,0,0.0820174308797496,True,03290500
03289500,1,1825538,20,100.0,0.0,0.234,False,0,0.0820174308797496,True,03290500
03289500,1,1825536,21,100.0,0.0,9.344,False,0,0.0820174308797496,True,03290500
03289500,1,1825528,22,100.0,0.0,4.744,False,0,0.0820174308797496,True,03290500
03289500,1,1825532,23,100.0,0.0,2.697,False,0,0.0820174308797496,True,03290500
03289500,1,1825522,24,100.0,0.0,0.088,False,0,0.0820174308797496,True,03290500
03289500,1,1825520,25,100.0,99.119,0.0011893500000000005,False,0,0.0820174308797496,True,03290500
03216600,0,465518,0,88.577,0.0,0.22321404,False,0,0.9950107017737057,False,03303280
03216600,0,465516,1,100.0,0.0,1.957,False,0,0.9950107017737057,False,03303280
03216600,0,465510,2,100.0,0.0,1.6369999999999998,False,0,0.9950107017737057,False,03303280
03216600,0,465504,3,100.0,0.0,1.044,False,0,0.9950107017737057,False,03303280
03216600,0,465500,4,100.0,0.0,0.479,False,0,0.9950107017737057,False,03303280
03216600,0,465496,5,100.0,0.0,1.188,False,0,0.9950107017737057,False,03303280
03216600,0,465490,6,100.0,0.0,0.96,False,0,0.9950107017737057,False,03303280
03216600,0,465486,7,100.0,0.0,2.412,False,0,0.9950107017737057,False,03303280
03216600,0,465472,8,100.0,0.0,1.995,False,0,0.9950107017737057,False,03303280
03216600,0,465456,9,100.0,0.0,1.358,False,0,0.9950107017737057,False,03303280
03216600,0,465458,10,100.0,0.0,3.057,False,0,0.9950107017737057,False,03303280
03216600,0,465462,11,100.0,0.0,0.635,False,0,0.9950107017737057,False,03303280
03216600,0,465476,12,100.0,0.0,3.0,False,0,0.9950107017737057,False,03303280
03216600,0,465482,13,100.0,0.0,3.8510000000000004,False,0,0.9950107017737057,False,03303280
03216600,0,466194,14,100.0,0.0,1.243,False,0,0.9950107017737057,False,03303280
03216600,0,466196,15,100.0,0.0,1.517,False,0,0.9950107017737057,False,03303280
03216600,0,466200,16,100.0,0.0,0.075,False,0,0.9950107017737057,False,03303280
03216600,0,466204,17,100.0,0.0,1.12,False,0,0.9950107017737057,False,03303280
03216600,0,466212,18,100.0,0.0,0.515,False,0,0.9950107017737057,False,03303280
03216600,0,466214,19,100.0,0.0,0.736,False,0,0.9950107017737057,False,03303280
03216600,0,466216,20,100.0,0.0,0.309,False,0,0.9950107017737057,False,03303280
03216600,0,466218,21,100.0,0.0,1.489,False,0,0.9950107017737057,False,03303280
03216600,0,1921828,22,100.0,0.0,0.992,False,0,0.9950107017737057,False,03303280
03216600,0,1921852,23,100.0,0.0,1.274,False,0,0.9950107017737057,False,03303280
03216600,0,1921886,24,100.0,0.0,2.455,False,0,0.9950107017737057,False,03303280
03216600,0,1921922,25,100.0,0.0,2.438,False,0,0.9950107017737057,False,03303280
03216600,0,1921942,26,100.0,0.0,0.513,False,0,0.9950107017737057,False,03303280
03216600,0,1921970,27,100.0,0.0,0.804,False,0,0.9950107017737057,False,03303280
03216600,0,1921982,28,100.0,0.0,0.234,False,0,0.9950107017737057,False,03303280
03216600,0,1921998,29,100.0,0.0,0.839,False,0,0.9950107017737057,False,03303280
03216600,0,1922036,30,100.0,0.0,1.663,False,0,0.9950107017737057,False,03303280
03216600,0,1922062,31,100.0,0.0,0.659,False,0,0.9950107017737057,False,03303280
03216600,0,1922064,32,100.0,0.0,0.319,False,0,0.9950107017737057,False,03303280
03216600,0,1920910,33,100.0,0.0,1.084,False,0,0.9950107017737057,False,03303280
03216600,0,1920912,34,100.0,0.0,0.281,False,0,0.9950107017737057,False,03303280
03216600,0,1922280,35,100.0,0.0,0.017,False,0,0.9950107017737057,False,03303280
03216600,0,1928522,36,100.0,0.0,0.067,False,0,0.9950107017737057,False,03303280
03216600,0,1922282,37,100.0,0.0,0.303,False,0,0.9950107017737057,False,03303280
03216600,0,1922078,38,100.0,0.0,0.277,False,0,0.9950107017737057,False,03303280
03216600,0,1922110,39,100.0,0.0,1.874,False,0,0.9950107017737057,False,03303280
03216600,0,1922120,40,100.0,0.0,1.629,False,0,0.9950107017737057,False,03303280
03216600,0,1922122,41,100.0,0.0,1.9370000000000003,False,0,0.9950107017737057,False,03303280
03216600,0,1922104,42,100.0,0.0,2.6289999999999996,False,0,0.9950107017737057,False,03303280
03216600,0,1922094,43,100.0,0.0,0.222,False,0,0.9950107017737057,False,03303280
03216600,0,1922142,44,100.0,0.0,1.8969999999999998,False,0,0.9950107017737057,False,03303280
03216600,0,1922152,45,100.0,0.0,0.883,False,0,0.9950107017737057,False,03303280
03216600,0,1922186,46,100.0,0.0,1.535,False,0,0.9950107017737057,False,03303280
03216600,0,1922200,47,100.0,0.0,1.901,False,0,0.9950107017737057,False,03303280
03216600,0,1922196,48,100.0,0.0,1.5659999999999998,False,0,0.9950107017737057,False,03303280
03216600,0,1922162,49,100.0,0.0,0.91,False,0,0.9950107017737057,False,03303280
03216600,0,1922146,50,100.0,0.0,1.091,False,0,0.9950107017737057,False,03303280
03216600,0,1922126,51,100.0,0.0,0.727,False,0,0.9950107017737057,False,03303280
03216600,0,1922098,52,100.0,0.0,0.415,False,0,0.9950107017737057,False,03303280
03216600,0,1922084,53,100.0,0.0,2.31,False,0,0.9950107017737057,False,03303280
03216600,0,1922034,54,100.0,0.0,0.271,False,0,0.9950107017737057,False,03303280
03216600,0,1922026,55,100.0,0.0,0.486,False,0,0.9950107017737057,False,03303280
03216600,0,1922022,56,100.0,0.0,3.111,False,0,0.9950107017737057,False,03303280
03216600,0,1922010,57,100.0,0.0,0.591,False,0,0.9950107017737057,False,03303280
03216600,0,1922004,58,100.0,0.0,1.426,False,0,0.9950107017737057,False,03303280
03216600,0,1922006,59,100.0,0.0,2.262,False,0,0.9950107017737057,False,03303280
03216600,0,1922008,60,100.0,0.0,1.786,False,0,0.9950107017737057,False,03303280
03216600,0,1921988,61,100.0,0.0,2.075,False,0,0.9950107017737057,False,03303280
03216600,0,1921974,62,100.0,0.0,1.115,False,0,0.9950107017737057,False,03303280
03216600,0,1921950,63,100.0,0.0,1.582,False,0,0.9950107017737057,False,03303280
03216600,0,1921920,64,100.0,0.0,0.10100000000000002,False,0,0.9950107017737057,False,03303280
03216600,0,1921916,65,100.0,0.0,1.974,False,0,0.9950107017737057,False,03303280
03216600,0,1921964,66,100.0,0.0,3.952,False,0,0.9950107017737057,False,03303280
03216600,0,1921992,67,100.0,0.0,1.729,False,0,0.9950107017737057,False,03303280
03216600,0,1922028,68,100.0,0.0,3.9590000000000005,False,0,0.9950107017737057,False,03303280
03216600,0,1922040,69,100.0,0.0,0.299,False,0,0.9950107017737057,False,03303280
03216600,0,1922184,70,100.0,0.0,4.776,False,0,0.9950107017737057,False,03303280
03216600,0,1922210,71,100.0,0.0,0.537,False,0,0.9950107017737057,False,03303280
03216600,0,1922218,72,100.0,0.0,0.6579999999999999,False,0,0.9950107017737057,False,03303280
03216600,0,1922226,73,100.0,0.0,1.023,False,0,0.9950107017737057,False,03303280
03216600,0,1922228,74,100.0,0.0,0.722,False,0,0.9950107017737057,False,03303280
03216600,0,1922224,75,100.0,0.0,2.9620000000000006,False,0,0.9950107017737057,False,03303280
03216600,0,1922204,76,100.0,0.0,0.708,False,0,0.9950107017737057,False,03303280
03216600,0,1922192,77,100.0,0.0,0.128,False,0,0.9950107017737057,False,03303280
03216600,0,1922188,78,100.0,0.0,1.733,False,0,0.9950107017737057,False,03303280
03216600,0,1922168,79,100.0,0.0,0.415,False,0,0.9950107017737057,False,03303280
03216600,0,1922170,80,100.0,0.0,2.072,False,0,0.9950107017737057,False,03303280
03216600,0,1922166,81,100.0,0.0,0.945,False,0,0.9950107017737057,False,03303280
03216600,0,1922160,82,100.0,0.0,0.828,False,0,0.9950107017737057,False,03303280
03216600,0,1922150,83,100.0,0.0,4.146,False,0,0.9950107017737057,False,03303280
03216600,0,1922018,84,100.0,0.0,4.62,False,0,0.9950107017737057,False,03303280
03216600,0,1921984,85,100.0,0.0,1.177,False,0,0.9950107017737057,False,03303280
03216600,0,1921954,86,100.0,0.0,0.403,False,0,0.9950107017737057,False,03303280
03216600,0,1921948,87,100.0,0.0,0.264,False,0,0.9950107017737057,False,03303280
03216600,0,1921934,88,100.0,0.0,0.695,False,0,0.9950107017737057,False,03303280
03216600,0,1921910,89,100.0,0.0,1.111,False,0,0.9950107017737057,False,03303280
03216600,0,1921898,90,100.0,0.0,1.53,False,0,0.9950107017737057,False,03303280
03216600,0,1921872,91,100.0,0.0,1.662,False,0,0.9950107017737057,False,03303280
03216600,0,1921864,92,100.0,0.0,0.599,False,0,0.9950107017737057,False,03303280
03216600,0,1921860,93,100.0,0.0,1.858,False,0,0.9950107017737057,False,03303280
03216600,0,1921856,94,100.0,0.0,1.551,False,0,0.9950107017737057,False,03303280
03216600,0,1921850,95,100.0,0.0,0.543,False,0,0.9950107017737057,False,03303280
03216600,0,1921842,96,100.0,0.0,2.965,False,0,0.9950107017737057,False,03303280
03216600,0,1922268,97,100.0,0.0,0.708,False,0,0.9950107017737057,False,03303280
03216600,0,1921820,98,100.0,0.0,1.653,False,0,0.9950107017737057,False,03303280
03216600,0,1921824,99,100.0,0.0,0.8,False,0,0.9950107017737057,False,03303280
03216600,0,1921836,100,100.0,0.0,0.686,False,0,0.9950107017737057,False,03303280
03216600,0,1921838,101,100.0,0.0,0.075,False,0,0.9950107017737057,False,03303280
03216600,0,1921840,102,100.0,0.0,0.12300000000000001,False,0,0.9950107017737057,False,03303280
03216600,0,1922962,103,100.0,0.0,3.465,False,0,0.9950107017737057,False,03303280
03216600,0,1922972,104,100.0,0.0,2.783,False,0,0.9950107017737057,False,03303280
03216600,0,1922974,105,100.0,0.0,1.117,False,0,0.9950107017737057,False,03303280
03216600,0,1922968,106,100.0,0.0,0.982,False,0,0.9950107017737057,False,03303280
03216600,0,1922946,107,100.0,0.0,1.9340000000000002,False,0,0.9950107017737057,False,03303280
03216600,0,1922944,108,100.0,0.0,0.45399999999999996,False,0,0.9950107017737057,False,03303280
03216600,0,1922934,109,100.0,0.0,4.053,False,0,0.9950107017737057,False,03303280
03216600,0,1922930,110,100.0,0.0,0.695,False,0,0.9950107017737057,False,03303280
03216600,0,1922928,111,100.0,0.0,1.581,False,0,0.9950107017737057,False,03303280
03216600,0,1922926,112,100.0,0.0,0.081,False,0,0.9950107017737057,False,03303280
03216600,0,1922924,113,100.0,0.0,2.346,False,0,0.9950107017737057,False,03303280
03216600,0,1922918,114,100.0,0.0,2.6920000000000006,False,0,0.9950107017737057,False,03303280
03216600,0,1922914,115,100.0,0.0,1.52,False,0,0.9950107017737057,False,03303280
03216600,0,1922910,116,100.0,0.0,0.387,False,0,0.9950107017737057,False,03303280
03216600,0,1922906,117,100.0,0.0,1.416,False,0,0.9950107017737057,False,03303280
03216600,0,1922902,118,100.0,0.0,2.083,False,0,0.9950107017737057,False,03303280
03216600,0,1922898,119,100.0,0.0,2.331,False,0,0.9950107017737057,False,03303280
03216600,0,1922894,120,100.0,0.0,3.908,False,0,0.9950107017737057,False,03303280
03216600,0,1922892,121,100.0,0.0,2.219,False,0,0.9950107017737057,False,03303280
03216600,0,1922888,122,100.0,0.0,3.78,False,0,0.9950107017737057,False,03303280
03216600,0,1922880,123,100.0,0.0,0.3459999999999999,False,0,0.9950107017737057,False,03303280
03216600,0,1922876,124,100.0,0.0,1.147,False,0,0.9950107017737057,False,03303280
03216600,0,1922872,125,100.0,0.0,2.053,False,0,0.9950107017737057,False,03303280
03216600,0,1918228,126,100.0,0.0,0.255,False,0,0.9950107017737057,False,03303280
03216600,0,1918224,127,100.0,0.0,2.171,False,0,0.9950107017737057,False,03303280
03216600,0,1918222,128,100.0,0.0,0.298,False,0,0.9950107017737057,False,03303280
03216600,0,1918216,129,100.0,0.0,1.966,False,0,0.9950107017737057,False,03303280
03216600,0,1918208,130,100.0,0.0,0.168,False,0,0.9950107017737057,False,03303280
03216600,0,1918204,131,100.0,0.0,1.952,False,0,0.9950107017737057,False,03303280
03216600,0,1918196,132,100.0,0.0,2.602,False,0,0.9950107017737057,False,03303280
03216600,0,1918194,133,100.0,0.0,1.287,False,0,0.9950107017737057,False,03303280
03216600,0,1918190,134,100.0,0.0,1.463,False,0,0.9950107017737057,False,03303280
03216600,0,1918184,135,100.0,0.0,0.737,False,0,0.9950107017737057,False,03303280
03216600,0,1918178,136,100.0,0.0,0.34,False,0,0.9950107017737057,False,03303280
03216600,0,1918174,137,100.0,0.0,2.606,False,0,0.9950107017737057,False,03303280
03216600,0,3406045,138,100.0,0.0,0.252,False,0,0.9950107017737057,False,03303280
03216600,0,3406043,139,100.0,0.0,8.992,False,0,0.9950107017737057,False,03303280
03216600,0,935090036,140,100.0,0.0,1.521,False,0,0.9950107017737057,False,03303280
03216600,0,935090035,141,100.0,0.0,3.6920000000000006,False,0,0.9950107017737057,False,03303280
03216600,0,3406055,142,100.0,0.0,2.223,False,0,0.9950107017737057,False,03303280
03216600,0,3406093,143,100.0,0.0,5.691,False,0,0.9950107017737057,False,03303280
03216600,0,3406091,144,100.0,0.0,1.114,False,0,0.9950107017737057,False,03303280
03216600,0,3406081,145,100.0,0.0,1.177,False,0,0.9950107017737057,False,03303280
03216600,0,3406079,146,100.0,0.0,1.061,False,0,0.9950107017737057,False,03303280
03216600,0,3406067,147,100.0,0.0,1.758,False,0,0.9950107017737057,False,03303280
03216600,0,3406053,148,100.0,0.0,0.652,False,0,0.9950107017737057,False,03303280
03216600,0,3406049,149,100.0,0.0,1.369,False,0,0.9950107017737057,False,03303280
03216600,0,3406041,150,100.0,0.0,3.4159999999999995,False,0,0.9950107017737057,False,03303280
03216600,0,3406017,151,100.0,0.0,0.191,False,0,0.9950107017737057,False,03303280
03216600,0,3406013,152,100.0,0.0,1.24,False,0,0.9950107017737057,False,03303280
03216600,0,3406003,153,100.0,0.0,1.902,False,0,0.9950107017737057,False,03303280
03216600,0,3405999,154,100.0,0.0,0.662,False,0,0.9950107017737057,False,03303280
03216600,0,3406031,155,100.0,0.0,2.6259999999999994,False,0,0.9950107017737057,False,03303280
03216600,0,3406061,156,100.0,0.0,2.633,False,0,0.9950107017737057,False,03303280
03216600,0,3410051,157,100.0,0.0,1.259,False,0,0.9950107017737057,False,03303280
03216600,0,3406069,158,100.0,0.0,0.614,False,0,0.9950107017737057,False,03303280
03216600,0,3406259,159,100.0,0.0,0.679,False,0,0.9950107017737057,False,03303280
03216600,0,3406097,160,100.0,0.0,3.0610000000000004,False,0,0.9950107017737057,True,03303280
03216600,0,3406103,161,100.0,0.0,0.429,False,0,0.9950107017737057,True,03303280
03216600,0,3406123,162,100.0,0.0,1.929,False,0,0.9950107017737057,True,03303280
03216600,0,3406133,163,100.0,0.0,1.551,False,0,0.9950107017737057,True,03303280
03216600,0,3406141,164,100.0,0.0,1.402,False,0,0.9950107017737057,True,03303280
03216600,0,3406169,165,100.0,0.0,3.242,False,0,0.9950107017737057,True,03303280
03216600,0,3406173,166,100.0,0.0,0.48699999999999993,False,0,0.9950107017737057,True,03303280
03216600,0,3406189,167,100.0,0.0,1.232,False,0,0.9950107017737057,True,03303280
03216600,0,3406199,168,100.0,0.0,1.32,False,0,0.9950107017737057,True,03303280
03216600,0,3406209,169,100.0,0.0,1.43,False,0,0.9950107017737057,True,03303280
03216600,0,3407441,170,100.0,0.0,0.075,False,0,0.9950107017737057,True,03303280
03216600,0,3407447,171,100.0,0.0,0.20800000000000002,False,0,0.9950107017737057,True,03303280
03216600,0,3407451,172,100.0,0.0,1.3730000000000002,False,0,0.9950107017737057,True,03303280
03216600,0,3407453,173,100.0,0.0,2.4,False,0,0.9950107017737057,True,03303280
03216600,0,3407459,174,100.0,0.0,0.8590000000000001,False,0,0.9950107017737057,True,03303280
03216600,0,3407461,175,100.0,0.0,6.288,False,0,0.9950107017737057,True,03303280
03216600,0,3407475,176,100.0,0.0,1.912,False,0,0.9950107017737057,True,03303280
03216600,0,3407479,177,100.0,0.0,3.572,False,0,0.9950107017737057,True,03303280
03216600,0,3407483,178,100.0,0.0,2.52,False,0,0.9950107017737057,True,03303280
03216600,0,3407493,179,100.0,0.0,1.517,False,0,0.9950107017737057,True,03303280
03216600,0,3407497,180,100.0,0.0,3.531,False,0,0.9950107017737057,True,03303280
03216600,0,3407499,181,100.0,0.0,2.306,False,0,0.9950107017737057,True,03303280
03216600,0,3407503,182,100.0,0.0,0.735,False,0,0.9950107017737057,True,03303280
03216600,0,3407507,183,100.0,0.0,0.077,False,0,0.9950107017737057,True,03303280
03216600,0,3407513,184,100.0,0.0,4.124,False,0,0.9950107017737057,True,03303280
03216600,0,3407523,185,100.0,0.0,2.277,False,0,0.9950107017737057,True,03303280
03216600,0,3407527,186,100.0,0.0,0.127,False,0,0.9950107017737057,True,03303280
03216600,0,3407537,187,100.0,0.0,3.593,False,0,0.9950107017737057,True,03303280
03216600,0,3407533,188,100.0,0.0,3.097,False,0,0.9950107017737057,True,03303280
03216600,0,3407545,189,100.0,0.0,3.3079999999999994,False,0,0.9950107017737057,True,03303280
03216600,0,3407551,190,100.0,0.0,1.818,False,0,0.9950107017737057,True,03303280
03216600,0,3407553,191,100.0,0.0,1.9340000000000002,False,0,0.9950107017737057,True,03303280
03216600,0,3407549,192,100.0,0.0,0.9079999999999999,False,0,0.9950107017737057,True,03303280
03216600,0,3407555,193,100.0,0.0,1.455,False,0,0.9950107017737057,True,03303280
03216600,0,3407567,194,100.0,0.0,0.8590000000000001,False,0,0.9950107017737057,True,03303280
03216600,0,3408267,195,100.0,0.0,1.939,False,0,0.9950107017737057,True,03303280
03216600,0,3408273,196,100.0,0.0,0.675,False,0,0.9950107017737057,True,03303280
03216600,0,3408277,197,100.0,0.0,0.726,False,0,0.9950107017737057,True,03303280
03216600,0,3408311,198,100.0,0.0,0.042,False,0,0.9950107017737057,True,03303280
03216600,0,3408309,199,100.0,0.0,0.295,False,0,0.9950107017737057,True,03303280
03216600,0,3408199,200,100.0,0.0,0.257,False,0,0.9950107017737057,True,03303280
03216600,0,3408283,201,100.0,0.0,0.266,False,0,0.9950107017737057,True,03303280
03216600,0,3408285,202,100.0,0.0,2.236,False,0,0.9950107017737057,True,03303280
03216600,0,3408289,203,100.0,0.0,4.485,False,0,0.9950107017737057,True,03303280
03216600,0,3408293,204,100.0,0.0,1.162,False,0,0.9950107017737057,True,03303280
03216600,0,3408299,205,100.0,0.0,2.011,False,0,0.9950107017737057,True,03303280
03216600,0,3408305,206,100.0,0.0,5.166,False,0,0.9950107017737057,True,03303280
03216600,0,3408307,207,100.0,0.0,0.723,False,0,0.9950107017737057,True,03303280
03216600,0,10161930,208,100.0,0.0,0.603,False,0,0.9950107017737057,True,03303280
03216600,0,10162006,209,100.0,0.0,0.682,False,0,0.9950107017737057,True,03303280
03216600,0,10161928,210,100.0,0.0,2.637,False,0,0.9950107017737057,True,03303280
03216600,0,10161924,211,100.0,0.0,2.262,False,0,0.9950107017737057,True,03303280
03216600,0,10161904,212,100.0,0.0,1.3769999999999998,False,0,0.9950107017737057,True,03303280
03216600,0,10161894,213,100.0,0.0,4.084,False,0,0.9950107017737057,True,03303280
03216600,0,10161890,214,100.0,0.0,1.787,False,0,0.9950107017737057,True,03303280
03216600,0,10161900,215,100.0,0.0,2.159,False,0,0.9950107017737057,True,03303280
03216600,0,10161912,216,100.0,0.0,2.313,False,0,0.9950107017737057,True,03303280
03216600,0,10161914,217,100.0,0.0,4.261,False,0,0.9950107017737057,True,03303280
03216600,0,10161916,218,100.0,0.0,1.028,False,0,0.9950107017737057,True,03303280
03216600,0,10161934,219,100.0,0.0,5.415,False,0,0.9950107017737057,True,03303280
03216600,0,10161942,220,100.0,0.0,1.17,False,0,0.9950107017737057,True,03303280
03216600,0,10161948,221,100.0,0.0,2.724,False,0,0.9950107017737057,True,03303280
03216600,0,10161952,222,100.0,0.0,0.703,False,0,0.9950107017737057,True,03303280
03216600,0,10161958,223,100.0,0.0,0.17800000000000002,False,0,0.9950107017737057,True,03303280
03216600,0,10161960,224,100.0,0.0,4.564,False,0,0.9950107017737057,True,03303280
03216600,0,10161964,225,100.0,0.0,0.22400000000000003,False,0,0.9950107017737057,True,03303280
03216600,0,10161972,226,100.0,0.0,1.774,False,0,0.9950107017737057,True,03303280
03216600,0,10161978,227,100.0,0.0,4.074,False,0,0.9950107017737057,True,03303280
03216600,0,10161982,228,100.0,0.0,2.133,False,0,0.9950107017737057,True,03303280
03216600,0,10161984,229,100.0,0.0,0.229,False,0,0.9950107017737057,True,03303280
03216600,0,10161990,230,100.0,0.0,2.767,False,0,0.9950107017737057,True,03303280
03216600,0,10161996,231,100.0,0.0,3.2939999999999996,False,0,0.9950107017737057,True,03303280
03216600,0,10162000,232,100.0,0.0,0.997,False,0,0.9950107017737057,True,03303280
03216600,0,10163890,233,100.0,0.0,3.158,False,0,0.9950107017737057,True,03303280
03216600,0,10163900,234,100.0,0.0,3.1180000000000003,False,0,0.9950107017737057,True,03303280
03216600,0,10163904,235,100.0,0.0,0.483,False,0,0.9950107017737057,True,03303280
03216600,0,10163910,236,100.0,0.0,2.028,False,0,0.9950107017737057,True,03303280
03216600,0,10163912,237,100.0,0.0,1.5520000000000003,False,0,0.9950107017737057,True,03303280
03216600,0,10163916,238,100.0,0.0,0.45899999999999996,False,0,0.9950107017737057,True,03303280
03216600,0,10163924,239,100.0,0.0,2.588,False,0,0.9950107017737057,True,03303280
03216600,0,10163932,240,100.0,0.0,3.326,False,0,0.9950107017737057,True,03303280
03216600,0,10163952,241,100.0,0.0,3.138,False,0,0.9950107017737057,True,03303280
03216600,0,10163954,242,100.0,0.0,0.242,False,0,0.9950107017737057,True,03303280
03216600,0,10163960,243,100.0,0.0,2.08,False,0,0.9950107017737057,True,03303280
03216600,0,10163972,244,100.0,0.0,5.155,False,0,0.9950107017737057,True,03303280
03216600,0,10163978,245,100.0,0.0,1.067,False,0,0.9950107017737057,True,03303280
03216600,0,10163982,246,100.0,0.0,0.8169999999999998,False,0,0.9950107017737057,True,03303280
03216600,0,10163984,247,100.0,0.0,2.468,False,0,0.9950107017737057,True,03303280
03216600,0,10163998,248,100.0,0.0,5.744,False,0,0.9950107017737057,True,03303280
03216600,0,10164002,249,100.0,0.0,5.703,False,0,0.9950107017737057,True,03303280
03216600,0,10163996,250,100.0,0.0,0.441,False,0,0.9950107017737057,True,03303280
03216600,0,10163992,251,100.0,0.0,0.7760000000000001,False,0,0.9950107017737057,True,03303280
03216600,0,10164004,252,100.0,0.0,4.028,False,0,0.9950107017737057,True,03303280
03216600,0,10164008,253,100.0,0.0,0.655,False,0,0.9950107017737057,True,03303280
03216600,0,10164012,254,100.0,0.0,5.704,False,0,0.9950107017737057,True,03303280
03216600,0,10164016,255,100.0,0.0,4.846,False,0,0.9950107017737057,True,03303280
03216600,0,10164018,256,100.0,0.0,1.817,False,0,0.9950107017737057,True,03303280
03216600,0,10164022,257,100.0,0.0,7.078,False,0,0.9950107017737057,True,03303280
03216600,0,10164026,258,100.0,0.0,2.5810000000000004,False,0,0.9950107017737057,True,03303280
03216600,0,10164030,259,100.0,0.0,1.49,False,0,0.9950107017737057,True,03303280
03216600,0,10164036,260,100.0,0.0,1.115,False,0,0.9950107017737057,True,03303280
03216600,0,10164038,261,100.0,0.0,6.831999999999999,False,0,0.9950107017737057,True,03303280
03216600,0,10164042,262,100.0,0.0,1.052,False,0,0.9950107017737057,True,03303280
03216600,0,10356892,263,100.0,0.0,0.375,False,0,0.9950107017737057,True,03303280
03216600,0,10356894,264,100.0,0.0,2.756,False,0,0.9950107017737057,True,03303280
03216600,0,10358140,265,100.0,0.0,1.418,False,0,0.9950107017737057,True,03303280
03216600,0,10358658,266,100.0,0.0,0.069,False,0,0.9950107017737057,True,03303280
03216600,0,10358662,267,100.0,0.0,0.47,False,0,0.9950107017737057,True,03303280
03216600,0,10358664,268,100.0,0.0,0.456,False,0,0.9950107017737057,True,03303280
03216600,0,10358668,269,100.0,0.0,1.811,False,0,0.9950107017737057,True,03303280
03216600,0,10358680,270,100.0,0.0,3.052,False,0,0.9950107017737057,True,03303280
03216600,0,10358684,271,100.0,0.0,5.044,False,0,0.9950107017737057,True,03303280
03216600,0,10358672,272,100.0,0.0,2.315,False,0,0.9950107017737057,True,03303280
03216600,0,10357900,273,100.0,0.0,1.966,False,0,0.9950107017737057,True,03303280
03216600,0,10357898,274,100.0,0.0,8.174,False,0,0.9950107017737057,True,03303280
03216600,0,10357892,275,100.0,0.0,1.322,False,0,0.9950107017737057,True,03303280
03216600,0,10357886,276,100.0,0.0,5.15,False,0,0.9950107017737057,True,03303280
03216600,0,10357866,277,100.0,0.0,7.154,False,0,0.9950107017737057,True,03303280
03216600,0,10357824,278,100.0,0.0,1.944,False,0,0.9950107017737057,True,03303280
03216600,0,10357810,279,100.0,0.0,4.821,False,0,0.9950107017737057,True,03303280
03216600,0,10357806,280,100.0,0.0,2.251,False,0,0.9950107017737057,True,03303280
03216600,0,10357800,281,100.0,0.0,2.288,False,0,0.9950107017737057,True,03303280
03216600,0,10357830,282,100.0,0.0,22.135,False,0,0.9950107017737057,True,03303280
03216600,0,10357840,283,100.0,0.0,2.988,False,0,0.9950107017737057,True,03303280
03216600,0,10357850,284,100.0,0.0,9.756,False,0,0.9950107017737057,True,03303280
03216600,0,10357860,285,100.0,0.0,2.078,False,0,0.9950107017737057,True,03303280
03216600,0,10357870,286,100.0,0.0,1.358,False,0,0.9950107017737057,True,03303280
03216600,0,10357882,287,100.0,0.0,2.461,False,0,0.9950107017737057,True,03303280
03216600,0,10357894,288,100.0,0.0,5.044,False,0,0.9950107017737057,True,03303280
03216600,0,10357902,289,100.0,0.0,4.24,False,0,0.9950107017737057,True,03303280
03216600,0,10358690,290,100.0,0.0,2.193,False,0,0.9950107017737057,True,03303280
03216600,0,10358696,291,100.0,0.0,1.6130000000000002,False,0,0.9950107017737057,True,03303280
03216600,0,10358704,292,100.0,0.0,3.5269999999999997,False,0,0.9950107017737057,True,03303280
03216600,0,10358706,293,100.0,0.0,3.264,False,0,0.9950107017737057,True,03303280
03216600,0,10358722,294,100.0,0.0,3.786,False,0,0.9950107017737057,True,03303280
03216600,0,10109591,295,100.0,0.0,6.706,False,0,0.9950107017737057,True,03303280
03216600,0,10109595,296,100.0,0.0,0.27,False,0,0.9950107017737057,True,03303280
03216600,0,10109603,297,100.0,0.0,2.132,False,0,0.9950107017737057,True,03303280
03216600,0,10109609,298,100.0,0.0,2.769,False,0,0.9950107017737057,True,03303280
03216600,0,10109613,299,100.0,0.0,0.513,False,0,0.9950107017737057,True,03303280
03216600,0,10109617,300,100.0,0.0,5.602,False,0,0.9950107017737057,True,03303280
03216600,0,10109599,301,100.0,0.0,1.8159999999999998,False,0,0.9950107017737057,True,03303280
03216600,0,10109577,302,100.0,0.0,2.232,False,0,0.9950107017737057,True,03303280
03216600,0,10109539,303,100.0,0.0,2.356,False,0,0.9950107017737057,True,03303280
03216600,0,10109567,304,100.0,26.301,2.3731078,False,0,0.9950107017737057,True,03303280
03267900,1,3985518,0,39.433,0.0,1.3284977700000002,False,0,0.0049892982262944,False,03303280
03267900,1,3985520,1,100.0,0.0,1.618,False,0,0.0049892982262944,False,03303280
03267900,1,3985524,2,100.0,0.0,1.675,False,0,0.0049892982262944,False,03303280
03267900,1,3985528,3,100.0,0.0,0.6919999999999998,False,0,0.0049892982262944,False,03303280
03267900,1,3985344,4,100.0,0.0,1.284,False,0,0.0049892982262944,False,03303280
03267900,1,3985532,5,100.0,0.0,1.954,False,0,0.0049892982262944,False,03303280
03267900,1,3985530,6,100.0,0.0,0.698,False,0,0.0049892982262944,False,03303280
03267900,1,3985374,7,100.0,0.0,2.256,False,0,0.0049892982262944,False,03303280
03267900,1,3985376,8,100.0,0.0,0.484,False,0,0.0049892982262944,False,03303280
03267900,1,3985414,9,100.0,0.0,4.117,False,0,0.0049892982262944,False,03303280
03267900,1,3985422,10,100.0,0.0,1.425,False,0,0.0049892982262944,False,03303280
03267900,1,3985428,11,100.0,0.0,2.033,False,0,0.0049892982262944,False,03303280
03267900,1,3985432,12,100.0,0.0,1.372,False,0,0.0049892982262944,False,03303280
03267900,1,3985590,13,100.0,0.0,0.277,True,3984952,0.0049892982262944,False,03303280
03267900,1,3985576,14,100.0,0.0,0.582,True,3984952,0.0049892982262944,False,03303280
03267900,1,3985436,15,100.0,0.0,0.581,False,0,0.0049892982262944,False,03303280
03267900,1,3986020,16,100.0,0.0,1.287,False,0,0.0049892982262944,False,03303280
03267900,1,3986316,17,100.0,0.0,1.544,False,0,0.0049892982262944,False,03303280
03267900,1,3986046,18,100.0,0.0,0.151,False,0,0.0049892982262944,False,03303280
03267900,1,3986068,19,100.0,0.0,0.695,False,0,0.0049892982262944,False,03303280
03267900,1,3986070,20,100.0,0.0,0.176,False,0,0.0049892982262944,False,03303280
03267900,1,3986076,21,100.0,0.0,0.109,False,0,0.0049892982262944,False,03303280
03267900,1,3986086,22,100.0,0.0,0.384,False,0,0.0049892982262944,False,03303280
03267900,1,3986330,23,100.0,0.0,2.528,False,0,0.0049892982262944,False,03303280
03267900,1,3986454,24,100.0,0.0,0.011,False,0,0.0049892982262944,False,03303280
03267900,1,3986370,25,100.0,0.0,0.24,False,0,0.0049892982262944,False,03303280
03267900,1,3986374,26,100.0,0.0,0.7760000000000001,False,0,0.0049892982262944,False,03303280
03267900,1,3986492,27,100.0,0.0,0.589,False,0,0.0049892982262944,False,03303280
03267900,1,3986376,28,100.0,0.0,0.062,False,0,0.0049892982262944,False,03303280
03267900,1,3986504,29,100.0,0.0,0.252,False,0,0.0049892982262944,False,03303280
03267900,1,3986384,30,100.0,0.0,4.205,False,0,0.0049892982262944,False,03303280
03267900,1,3986388,31,100.0,0.0,1.244,False,0,0.0049892982262944,False,03303280
03267900,1,3986396,32,100.0,0.0,0.11899999999999998,False,0,0.0049892982262944,False,03303280
03267900,1,3986398,33,100.0,0.0,1.05,False,0,0.0049892982262944,False,03303280
03267900,1,3986400,34,100.0,0.0,0.028000000000000004,False,0,0.0049892982262944,False,03303280
03267900,1,3986466,35,100.0,0.0,0.019,False,0,0.0049892982262944,False,03303280
03267900,1,3986180,36,100.0,0.0,0.965,False,0,0.0049892982262944,False,03303280
03267900,1,3986186,37,100.0,0.0,1.05,False,0,0.0049892982262944,False,03303280
03267900,1,3986420,38,100.0,0.0,0.048,False,0,0.0049892982262944,False,03303280
03267900,1,3986430,39,100.0,0.0,1.882,False,0,0.0049892982262944,False,03303280
03267900,1,3986450,40,100.0,0.0,4.328,False,0,0.0049892982262944,False,03303280
03267900,1,3990678,41,100.0,0.0,0.051,False,0,0.0049892982262944,False,03303280
03267900,1,3883698,42,100.0,0.0,1.9479999999999997,False,0,0.0049892982262944,False,03303280
03267900,1,3883702,43,100.0,0.0,3.0,False,0,0.0049892982262944,False,03303280
03267900,1,3883708,44,100.0,0.0,3.3340000000000005,False,0,0.0049892982262944,False,03303280
03267900,1,3888936,45,100.0,0.0,0.7170000000000001,False,0,0.0049892982262944,False,03303280
03267900,1,3883714,46,100.0,0.0,2.491,False,0,0.0049892982262944,False,03303280
03267900,1,3883720,47,100.0,0.0,1.477,False,0,0.0049892982262944,False,03303280
03267900,1,3883904,48,100.0,0.0,4.792,False,0,0.0049892982262944,False,03303280
03267900,1,3883902,49,100.0,0.0,0.163,False,0,0.0049892982262944,False,03303280
03267900,1,3883726,50,100.0,0.0,1.496,False,0,0.0049892982262944,False,03303280
03267900,1,3883730,51,100.0,0.0,3.165,False,0,0.0049892982262944,False,03303280
03267900,1,3883734,52,100.0,0.0,0.195,False,0,0.0049892982262944,False,03303280
03267900,1,3883750,53,100.0,0.0,2.658,False,0,0.0049892982262944,False,03303280
03267900,1,3883754,54,100.0,0.0,2.654,False,0,0.0049892982262944,False,03303280
03267900,1,3883756,55,100.0,0.0,0.313,False,0,0.0049892982262944,False,03303280
03267900,1,3883760,56,100.0,0.0,2.429,False,0,0.0049892982262944,False,03303280
03267900,1,3883766,57,100.0,0.0,2.8510000000000004,False,0,0.0049892982262944,False,03303280
03267900,1,3883772,58,100.0,0.0,0.081,False,0,0.0049892982262944,False,03303280
03267900,1,3883918,59,100.0,0.0,2.781,False,0,0.0049892982262944,False,03303280
03267900,1,3883778,60,100.0,0.0,0.718,False,0,0.0049892982262944,False,03303280
03267900,1,3883786,61,100.0,0.0,0.856,False,0,0.0049892982262944,False,03303280
03267900,1,3883796,62,100.0,0.0,0.7189999999999999,False,0,0.0049892982262944,False,03303280
03267900,1,3883804,63,100.0,0.0,0.276,False,0,0.0049892982262944,False,03303280
03267900,1,3883808,64,100.0,0.0,0.17,False,0,0.0049892982262944,False,03303280
03267900,1,3883812,65,100.0,0.0,0.846,False,0,0.0049892982262944,False,03303280
03267900,1,3888938,66,100.0,0.0,1.263,False,0,0.0049892982262944,False,03303280
03267900,1,3883818,67,100.0,0.0,2.127,False,0,0.0049892982262944,False,03303280
03267900,1,3883824,68,100.0,0.0,0.958,False,0,0.0049892982262944,False,03303280
03267900,1,3883830,69,100.0,0.0,1.432,False,0,0.0049892982262944,False,03303280
03267900,1,3883838,70,100.0,0.0,0.714,False,0,0.0049892982262944,False,03303280
03267900,1,3883842,71,100.0,0.0,0.111,False,0,0.0049892982262944,False,03303280
03267900,1,3883848,72,100.0,0.0,0.899,False,0,0.0049892982262944,False,03303280
03267900,1,3883850,73,100.0,0.0,1.571,False,0,0.0049892982262944,False,03303280
03267900,1,3883854,74,100.0,0.0,0.155,False,0,0.0049892982262944,False,03303280
03267900,1,3885808,75,100.0,0.0,2.155,False,0,0.0049892982262944,False,03303280
03267900,1,3885820,76,100.0,0.0,3.534,False,0,0.0049892982262944,False,03303280
03267900,1,3885822,77,100.0,0.0,0.128,False,0,0.0049892982262944,False,03303280
03267900,1,3884972,78,100.0,0.0,0.161,False,0,0.0049892982262944,False,03303280
03267900,1,3885824,79,100.0,0.0,0.462,False,0,0.0049892982262944,False,03303280
03267900,1,3885830,80,100.0,0.0,0.10100000000000002,False,0,0.0049892982262944,False,03303280
03267900,1,3885040,81,100.0,0.0,0.45300000000000007,False,0,0.0049892982262944,False,03303280
03267900,1,3885046,82,100.0,0.0,0.207,False,0,0.0049892982262944,False,03303280
03267900,1,3885832,83,100.0,0.0,0.006,False,0,0.0049892982262944,False,03303280
03267900,1,3885834,84,100.0,0.0,1.605,False,0,0.0049892982262944,False,03303280
03267900,1,3885838,85,100.0,0.0,0.977,False,0,0.0049892982262944,False,03303280
03267900,1,3885842,86,100.0,0.0,2.343,False,0,0.0049892982262944,False,03303280
03267900,1,3885848,87,100.0,0.0,0.122,False,0,0.0049892982262944,False,03303280
03267900,1,3885124,88,100.0,0.0,0.127,False,0,0.0049892982262944,False,03303280
03267900,1,3885850,89,100.0,0.0,0.06,False,0,0.0049892982262944,False,03303280
03267900,1,3885854,90,100.0,0.0,1.142,False,0,0.0049892982262944,False,03303280
03267900,1,3885866,91,100.0,0.0,1.8460000000000003,False,0,0.0049892982262944,False,03303280
03267900,1,3886104,92,100.0,0.0,0.137,False,0,0.0049892982262944,False,03303280
03267900,1,3885862,93,100.0,0.0,0.054000000000000006,False,0,0.0049892982262944,False,03303280
03267900,1,3886106,94,100.0,0.0,0.062,False,0,0.0049892982262944,False,03303280
03267900,1,3885860,95,100.0,0.0,0.11600000000000002,False,0,0.0049892982262944,False,03303280
03267900,1,3885138,96,100.0,0.0,0.417,False,0,0.0049892982262944,False,03303280
03267900,1,3885234,97,100.0,0.0,3.4760000000000004,False,0,0.0049892982262944,False,03303280
03267900,1,3885242,98,100.0,0.0,1.944,False,0,0.0049892982262944,False,03303280
03267900,1,3885876,99,100.0,0.0,0.09,False,0,0.0049892982262944,False,03303280
03267900,1,3885878,100,100.0,0.0,3.059,False,0,0.0049892982262944,False,03303280
03267900,1,3885882,101,100.0,0.0,2.985,False,0,0.0049892982262944,False,03303280
03267900,1,3885886,102,100.0,0.0,3.2939999999999996,False,0,0.0049892982262944,False,03303280
03267900,1,3885890,103,100.0,0.0,1.164,False,0,0.0049892982262944,False,03303280
03267900,1,3885894,104,100.0,0.0,0.72,False,0,0.0049892982262944,False,03303280
03267900,1,3885910,105,100.0,0.0,2.778,False,0,0.0049892982262944,False,03303280
03267900,1,3885900,106,100.0,0.0,0.811,False,0,0.0049892982262944,False,03303280
03267900,1,3885912,107,100.0,0.0,0.325,False,0,0.0049892982262944,False,03303280
03267900,1,3885916,108,100.0,0.0,1.902,False,0,0.0049892982262944,False,03303280
03267900,1,3885928,109,100.0,0.0,1.611,False,0,0.0049892982262944,False,03303280
03267900,1,3885924,110,100.0,0.0,0.376,False,0,0.0049892982262944,False,03303280
03267900,1,3885932,111,100.0,0.0,2.354,False,0,0.0049892982262944,False,03303280
03267900,1,3885936,112,100.0,0.0,1.7180000000000002,False,0,0.0049892982262944,False,03303280
03267900,1,3885938,113,100.0,0.0,1.756,False,0,0.0049892982262944,False,03303280
03267900,1,3885946,114,100.0,0.0,2.404,False,0,0.0049892982262944,False,03303280
03267900,1,3885950,115,100.0,0.0,2.414,False,0,0.0049892982262944,False,03303280
03267900,1,3885954,116,100.0,0.0,0.133,False,0,0.0049892982262944,False,03303280
03267900,1,3885956,117,100.0,0.0,0.062,False,0,0.0049892982262944,False,03303280
03267900,1,3885534,118,100.0,0.0,0.304,False,0,0.0049892982262944,False,03303280
03267900,1,3885958,119,100.0,0.0,0.045,False,0,0.0049892982262944,False,03303280
03267900,1,3885962,120,100.0,0.0,0.392,False,0,0.0049892982262944,False,03303280
03267900,1,3885966,121,100.0,0.0,0.26,False,0,0.0049892982262944,False,03303280
03267900,1,3886082,122,100.0,0.0,2.146,False,0,0.0049892982262944,False,03303280
03267900,1,3885970,123,100.0,0.0,0.245,False,0,0.0049892982262944,False,03303280
03267900,1,3885978,124,100.0,0.0,0.266,False,0,0.0049892982262944,False,03303280
03267900,1,3885980,125,100.0,0.0,0.18,False,0,0.0049892982262944,False,03303280
03267900,1,3885982,126,100.0,0.0,0.028000000000000004,False,0,0.0049892982262944,False,03303280
03267900,1,3885560,127,100.0,0.0,0.575,False,0,0.0049892982262944,False,03303280
03267900,1,3885986,128,100.0,0.0,0.064,False,0,0.0049892982262944,False,03303280
03267900,1,3885988,129,100.0,0.0,0.107,False,0,0.0049892982262944,False,03303280
03267900,1,3885992,130,100.0,0.0,0.107,False,0,0.0049892982262944,False,03303280
03267900,1,3885998,131,100.0,0.0,1.098,False,0,0.0049892982262944,False,03303280
03267900,1,3886002,132,100.0,0.0,2.88,False,0,0.0049892982262944,False,03303280
03267900,1,3886004,133,100.0,0.0,0.03,False,0,0.0049892982262944,False,03303280
03267900,1,3886006,134,100.0,0.0,2.049,False,0,0.0049892982262944,False,03303280
03267900,1,3886008,135,100.0,0.0,4.138,False,0,0.0049892982262944,False,03303280
03267900,1,3886122,136,100.0,0.0,0.457,False,0,0.0049892982262944,False,03303280
03267900,1,3886124,137,100.0,0.0,0.04100000000000001,False,0,0.0049892982262944,False,03303280
03267900,1,3885660,138,100.0,0.0,0.83,False,0,0.0049892982262944,False,03303280
03267900,1,3885670,139,100.0,0.0,0.16699999999999998,False,0,0.0049892982262944,False,03303280
03267900,1,3885672,140,100.0,0.0,0.15,False,0,0.0049892982262944,False,03303280
03267900,1,3885676,141,100.0,0.0,0.031,False,0,0.0049892982262944,False,03303280
03267900,1,3886098,142,100.0,0.0,0.226,False,0,0.0049892982262944,False,03303280
03267900,1,3886022,143,100.0,0.0,0.88,False,0,0.0049892982262944,False,03303280
03267900,1,3886024,144,100.0,0.0,1.987,False,0,0.0049892982262944,False,03303280
03267900,1,3886018,145,100.0,0.0,0.053,False,0,0.0049892982262944,False,03303280
03267900,1,3886028,146,100.0,0.0,0.805,False,0,0.0049892982262944,False,03303280
03267900,1,3886034,147,100.0,0.0,0.576,False,0,0.0049892982262944,False,03303280
03267900,1,3886042,148,100.0,0.0,3.155,False,0,0.0049892982262944,False,03303280
03267900,1,3886046,149,100.0,0.0,2.052,False,0,0.0049892982262944,False,03303280
03267900,1,3886048,150,100.0,0.0,2.374,False,0,0.0049892982262944,False,03303280
03267900,1,3886052,151,100.0,0.0,0.45300000000000007,False,0,0.0049892982262944,False,03303280
03267900,1,3886054,152,100.0,0.0,0.392,False,0,0.0049892982262944,False,03303280
03267900,1,3886056,153,100.0,0.0,0.018,False,0,0.0049892982262944,False,03303280
03267900,1,3885718,154,100.0,0.0,0.154,False,0,0.0049892982262944,False,03303280
03267900,1,3886088,155,100.0,0.0,0.357,False,0,0.0049892982262944,False,03303280
03267900,1,3406097,156,100.0,0.0,3.0610000000000004,False,0,0.0049892982262944,True,03303280
03267900,1,3406103,157,100.0,0.0,0.429,False,0,0.0049892982262944,True,03303280
03267900,1,3406123,158,100.0,0.0,1.929,False,0,0.0049892982262944,True,03303280
03267900,1,3406133,159,100.0,0.0,1.551,False,0,0.0049892982262944,True,03303280
03267900,1,3406141,160,100.0,0.0,1.402,False,0,0.0049892982262944,True,03303280
03267900,1,3406169,161,100.0,0.0,3.242,False,0,0.0049892982262944,True,03303280
03267900,1,3406173,162,100.0,0.0,0.48699999999999993,False,0,0.0049892982262944,True,03303280
03267900,1,3406189,163,100.0,0.0,1.232,False,0,0.0049892982262944,True,03303280
03267900,1,3406199,164,100.0,0.0,1.32,False,0,0.0049892982262944,True,03303280
03267900,1,3406209,165,100.0,0.0,1.43,False,0,0.0049892982262944,True,03303280
03267900,1,3407441,166,100.0,0.0,0.075,False,0,0.0049892982262944,True,03303280
03267900,1,3407447,167,100.0,0.0,0.20800000000000002,False,0,0.0049892982262944,True,03303280
03267900,1,3407451,168,100.0,0.0,1.3730000000000002,False,0,0.0049892982262944,True,03303280
03267900,1,3407453,169,100.0,0.0,2.4,False,0,0.0049892982262944,True,03303280
03267900,1,3407459,170,100.0,0.0,0.8590000000000001,False,0,0.0049892982262944,True,03303280
03267900,1,3407461,171,100.0,0.0,6.288,False,0,0.0049892982262944,True,03303280
03267900,1,3407475,172,100.0,0.0,1.912,False,0,0.0049892982262944,True,03303280
03267900,1,3407479,173,100.0,0.0,3.572,False,0,0.0049892982262944,True,03303280
03267900,1,3407483,174,100.0,0.0,2.52,False,0,0.0049892982262944,True,03303280
03267900,1,3407493,175,100.0,0.0,1.517,False,0,0.0049892982262944,True,03303280
03267900,1,3407497,176,100.0,0.0,3.531,False,0,0.0049892982262944,True,03303280
03267900,1,3407499,177,100.0,0.0,2.306,False,0,0.0049892982262944,True,03303280
03267900,1,3407503,178,100.0,0.0,0.735,False,0,0.0049892982262944,True,03303280
03267900,1,3407507,179,100.0,0.0,0.077,False,0,0.0049892982262944,True,03303280
03267900,1,3407513,180,100.0,0.0,4.124,False,0,0.0049892982262944,True,03303280
03267900,1,3407523,181,100.0,0.0,2.277,False,0,0.0049892982262944,True,03303280
03267900,1,3407527,182,100.0,0.0,0.127,False,0,0.0049892982262944,True,03303280
03267900,1,3407537,183,100.0,0.0,3.593,False,0,0.0049892982262944,True,03303280
03267900,1,3407533,184,100.0,0.0,3.097,False,0,0.0049892982262944,True,03303280
03267900,1,3407545,185,100.0,0.0,3.3079999999999994,False,0,0.0049892982262944,True,03303280
03267900,1,3407551,186,100.0,0.0,1.818,False,0,0.0049892982262944,True,03303280
03267900,1,3407553,187,100.0,0.0,1.9340000000000002,False,0,0.0049892982262944,True,03303280
03267900,1,3407549,188,100.0,0.0,0.9079999999999999,False,0,0.0049892982262944,True,03303280
03267900,1,3407555,189,100.0,0.0,1.455,False,0,0.0049892982262944,True,03303280
03267900,1,3407567,190,100.0,0.0,0.8590000000000001,False,0,0.0049892982262944,True,03303280
03267900,1,3408267,191,100.0,0.0,1.939,False,0,0.0049892982262944,True,03303280
03267900,1,3408273,192,100.0,0.0,0.675,False,0,0.0049892982262944,True,03303280
03267900,1,3408277,193,100.0,0.0,0.726,False,0,0.0049892982262944,True,03303280
03267900,1,3408311,194,100.0,0.0,0.042,False,0,0.0049892982262944,True,03303280
03267900,1,3408309,195,100.0,0.0,0.295,False,0,0.0049892982262944,True,03303280
03267900,1,3408199,196,100.0,0.0,0.257,False,0,0.0049892982262944,True,03303280
03267900,1,3408283,197,100.0,0.0,0.266,False,0,0.0049892982262944,True,03303280
03267900,1,3408285,198,100.0,0.0,2.236,False,0,0.0049892982262944,True,03303280
03267900,1,3408289,199,100.0,0.0,4.485,False,0,0.0049892982262944,True,03303280
03267900,1,3408293,200,100.0,0.0,1.162,False,0,0.0049892982262944,True,03303280
03267900,1,3408299,201,100.0,0.0,2.011,False,0,0.0049892982262944,True,03303280
03267900,1,3408305,202,100.0,0.0,5.166,False,0,0.0049892982262944,True,03303280
03267900,1,3408307,203,100.0,0.0,0.723,False,0,0.0049892982262944,True,03303280
03267900,1,10161930,204,100.0,0.0,0.603,False,0,0.0049892982262944,True,03303280
03267900,1,10162006,205,100.0,0.0,0.682,False,0,0.0049892982262944,True,03303280
03267900,1,10161928,206,100.0,0.0,2.637,False,0,0.0049892982262944,True,03303280
03267900,1,10161924,207,100.0,0.0,2.262,False,0,0.0049892982262944,True,03303280
03267900,1,10161904,208,100.0,0.0,1.3769999999999998,False,0,0.0049892982262944,True,03303280
03267900,1,10161894,209,100.0,0.0,4.084,False,0,0.0049892982262944,True,03303280
03267900,1,10161890,210,100.0,0.0,1.787,False,0,0.0049892982262944,True,03303280
03267900,1,10161900,211,100.0,0.0,2.159,False,0,0.0049892982262944,True,03303280
03267900,1,10161912,212,100.0,0.0,2.313,False,0,0.0049892982262944,True,03303280
03267900,1,10161914,213,100.0,0.0,4.261,False,0,0.0049892982262944,True,03303280
03267900,1,10161916,214,100.0,0.0,1.028,False,0,0.0049892982262944,True,03303280
03267900,1,10161934,215,100.0,0.0,5.415,False,0,0.0049892982262944,True,03303280
03267900,1,10161942,216,100.0,0.0,1.17,False,0,0.0049892982262944,True,03303280
03267900,1,10161948,217,100.0,0.0,2.724,False,0,0.0049892982262944,True,03303280
03267900,1,10161952,218,100.0,0.0,0.703,False,0,0.0049892982262944,True,03303280
03267900,1,10161958,219,100.0,0.0,0.17800000000000002,False,0,0.0049892982262944,True,03303280
03267900,1,10161960,220,100.0,0.0,4.564,False,0,0.0049892982262944,True,03303280
03267900,1,10161964,221,100.0,0.0,0.22400000000000003,False,0,0.0049892982262944,True,03303280
03267900,1,10161972,222,100.0,0.0,1.774,False,0,0.0049892982262944,True,03303280
03267900,1,10161978,223,100.0,0.0,4.074,False,0,0.0049892982262944,True,03303280
03267900,1,10161982,224,100.0,0.0,2.133,False,0,0.0049892982262944,True,03303280
03267900,1,10161984,225,100.0,0.0,0.229,False,0,0.0049892982262944,True,03303280
03267900,1,10161990,226,100.0,0.0,2.767,False,0,0.0049892982262944,True,03303280
03267900,1,10161996,227,100.0,0.0,3.2939999999999996,False,0,0.0049892982262944,True,03303280
03267900,1,10162000,228,100.0,0.0,0.997,False,0,0.0049892982262944,True,03303280
03267900,1,10163890,229,100.0,0.0,3.158,False,0,0.0049892982262944,True,03303280
03267900,1,10163900,230,100.0,0.0,3.1180000000000003,False,0,0.0049892982262944,True,03303280
03267900,1,10163904,231,100.0,0.0,0.483,False,0,0.0049892982262944,True,03303280
03267900,1,10163910,232,100.0,0.0,2.028,False,0,0.0049892982262944,True,03303280
03267900,1,10163912,233,100.0,0.0,1.5520000000000003,False,0,0.0049892982262944,True,03303280
03267900,1,10163916,234,100.0,0.0,0.45899999999999996,False,0,0.0049892982262944,True,03303280
03267900,1,10163924,235,100.0,0.0,2.588,False,0,0.0049892982262944,True,03303280
03267900,1,10163932,236,100.0,0.0,3.326,False,0,0.0049892982262944,True,03303280
03267900,1,10163952,237,100.0,0.0,3.138,False,0,0.0049892982262944,True,03303280
03267900,1,10163954,238,100.0,0.0,0.242,False,0,0.0049892982262944,True,03303280
03267900,1,10163960,239,100.0,0.0,2.08,False,0,0.0049892982262944,True,03303280
03267900,1,10163972,240,100.0,0.0,5.155,False,0,0.0049892982262944,True,03303280
03267900,1,10163978,241,100.0,0.0,1.067,False,0,0.0049892982262944,True,03303280
03267900,1,10163982,242,100.0,0.0,0.8169999999999998,False,0,0.0049892982262944,True,03303280
03267900,1,10163984,243,100.0,0.0,2.468,False,0,0.0049892982262944,True,03303280
03267900,1,10163998,244,100.0,0.0,5.744,False,0,0.0049892982262944,True,03303280
03267900,1,10164002,245,100.0,0.0,5.703,False,0,0.0049892982262944,True,03303280
03267900,1,10163996,246,100.0,0.0,0.441,False,0,0.0049892982262944,True,03303280
03267900,1,10163992,247,100.0,0.0,0.7760000000000001,False,0,0.0049892982262944,True,03303280
03267900,1,10164004,248,100.0,0.0,4.028,False,0,0.0049892982262944,True,03303280
03267900,1,10164008,249,100.0,0.0,0.655,False,0,0.0049892982262944,True,03303280
03267900,1,10164012,250,100.0,0.0,5.704,False,0,0.0049892982262944,True,03303280
03267900,1,10164016,251,100.0,0.0,4.846,False,0,0.0049892982262944,True,03303280
03267900,1,10164018,252,100.0,0.0,1.817,False,0,0.0049892982262944,True,03303280
03267900,1,10164022,253,100.0,0.0,7.078,False,0,0.0049892982262944,True,03303280
03267900,1,10164026,254,100.0,0.0,2.5810000000000004,False,0,0.0049892982262944,True,03303280
03267900,1,10164030,255,100.0,0.0,1.49,False,0,0.0049892982262944,True,03303280
03267900,1,10164036,256,100.0,0.0,1.115,False,0,0.0049892982262944,True,03303280
03267900,1,10164038,257,100.0,0.0,6.831999999999999,False,0,0.0049892982262944,True,03303280
03267900,1,10164042,258,100.0,0.0,1.052,False,0,0.0049892982262944,True,03303280
03267900,1,10356892,259,100.0,0.0,0.375,False,0,0.0049892982262944,True,03303280
03267900,1,10356894,260,100.0,0.0,2.756,False,0,0.0049892982262944,True,03303280
03267900,1,10358140,261,100.0,0.0,1.418,False,0,0.0049892982262944,True,03303280
03267900,1,10358658,262,100.0,0.0,0.069,False,0,0.0049892982262944,True,03303280
03267900,1,10358662,263,100.0,0.0,0.47,False,0,0.0049892982262944,True,03303280
03267900,1,10358664,264,100.0,0.0,0.456,False,0,0.0049892982262944,True,03303280
03267900,1,10358668,265,100.0,0.0,1.811,False,0,0.0049892982262944,True,03303280
03267900,1,10358680,266,100.0,0.0,3.052,False,0,0.0049892982262944,True,03303280
03267900,1,10358684,267,100.0,0.0,5.044,False,0,0.0049892982262944,True,03303280
03267900,1,10358672,268,100.0,0.0,2.315,False,0,0.0049892982262944,True,03303280
03267900,1,10357900,269,100.0,0.0,1.966,False,0,0.0049892982262944,True,03303280
03267900,1,10357898,270,100.0,0.0,8.174,False,0,0.0049892982262944,True,03303280
03267900,1,10357892,271,100.0,0.0,1.322,False,0,0.0049892982262944,True,03303280
03267900,1,10357886,272,100.0,0.0,5.15,False,0,0.0049892982262944,True,03303280
03267900,1,10357866,273,100.0,0.0,7.154,False,0,0.0049892982262944,True,03303280
03267900,1,10357824,274,100.0,0.0,1.944,False,0,0.0049892982262944,True,03303280
03267900,1,10357810,275,100.0,0.0,4.821,False,0,0.0049892982262944,True,03303280
03267900,1,10357806,276,100.0,0.0,2.251,False,0,0.0049892982262944,True,03303280
03267900,1,10357800,277,100.0,0.0,2.288,False,0,0.0049892982262944,True,03303280
03267900,1,10357830,278,100.0,0.0,22.135,False,0,0.0049892982262944,True,03303280
03267900,1,10357840,279,100.0,0.0,2.988,False,0,0.0049892982262944,True,03303280
03267900,1,10357850,280,100.0,0.0,9.756,False,0,0.0049892982262944,True,03303280
03267900,1,10357860,281,100.0,0.0,2.078,False,0,0.0049892982262944,True,03303280
03267900,1,10357870,282,100.0,0.0,1.358,False,0,0.0049892982262944,True,03303280
03267900,1,10357882,283,100.0,0.0,2.461,False,0,0.0049892982262944,True,03303280
03267900,1,10357894,284,100.0,0.0,5.044,False,0,0.0049892982262944,True,03303280
03267900,1,10357902,285,100.0,0.0,4.24,False,0,0.0049892982262944,True,03303280
03267900,1,10358690,286,100.0,0.0,2.193,False,0,0.0049892982262944,True,03303280
03267900,1,10358696,287,100.0,0.0,1.6130000000000002,False,0,0.0049892982262944,True,03303280
03267900,1,10358704,288,100.0,0.0,3.5269999999999997,False,0,0.0049892982262944,True,03303280
03267900,1,10358706,289,100.0,0.0,3.264,False,0,0.0049892982262944,True,03303280
03267900,1,10358722,290,100.0,0.0,3.786,False,0,0.0049892982262944,True,03303280
03267900,1,10109591,291,100.0,0.0,6.706,False,0,0.0049892982262944,True,03303280
03267900,1,10109595,292,100.0,0.0,0.27,False,0,0.0049892982262944,True,03303280
03267900,1,10109603,293,100.0,0.0,2.132,False,0,0.0049892982262944,True,03303280
03267900,1,10109609,294,100.0,0.0,2.769,False,0,0.0049892982262944,True,03303280
03267900,1,10109613,295,100.0,0.0,0.513,False,0,0.0049892982262944,True,03303280
03267900,1,10109617,296,100.0,0.0,5.602,False,0,0.0049892982262944,True,03303280
03267900,1,10109599,297,100.0,0.0,1.8159999999999998,False,0,0.0049892982262944,True,03303280
03267900,1,10109577,298,100.0,0.0,2.232,False,0,0.0049892982262944,True,03303280
03267900,1,10109539,299,100.0,0.0,2.356,False,0,0.0049892982262944,True,03303280
03267900,1,10109567,300,100.0,26.301,2.3731078,False,0,0.0049892982262944,True,03303280
03373500,0,18445710,0,12.878,0.0,1.5293912799999998,False,0,0.6678731785395051,False,03374100
03373500,0,18445712,1,100.0,0.0,6.384000000000001,False,0,0.6678731785395051,False,03374100
03373500,0,18445702,2,100.0,0.0,4.266,False,0,0.6678731785395051,False,03374100
03373500,0,18445726,3,100.0,0.0,5.325999999999999,False,0,0.6678731785395051,False,03374100
03373500,0,18445730,4,100.0,0.0,2.955,False,0,0.6678731785395051,False,03374100
03373500,0,18445718,5,100.0,0.0,1.163,False,0,0.6678731785395051,False,03374100
03373500,0,18445724,6,100.0,0.0,0.7070000000000001,False,0,0.6678731785395051,False,03374100
03373500,0,18445732,7,100.0,0.0,2.204,False,0,0.6678731785395051,False,03374100
03373500,0,18445740,8,100.0,0.0,0.912,False,0,0.6678731785395051,False,03374100
03373500,0,18445742,9,100.0,0.0,3.565,False,0,0.6678731785395051,False,03374100
03373500,0,18445750,10,100.0,0.0,0.823,False,0,0.6678731785395051,False,03374100
03373500,0,18445754,11,100.0,0.0,4.115,False,0,0.6678731785395051,False,03374100
03373500,0,18445756,12,100.0,0.0,0.679,False,0,0.6678731785395051,False,03374100
03373500,0,18445762,13,100.0,0.0,1.277,False,0,0.6678731785395051,False,03374100
03373500,0,18445770,14,100.0,0.0,1.921,False,0,0.6678731785395051,False,03374100
03373500,0,18445774,15,100.0,0.0,3.6829999999999994,False,0,0.6678731785395051,False,03374100
03373500,0,18446266,16,100.0,0.0,0.561,False,0,0.6678731785395051,False,03374100
03373500,0,18446272,17,100.0,0.0,1.916,False,0,0.6678731785395051,False,03374100
03373500,0,18445782,18,100.0,0.0,0.024,False,0,0.6678731785395051,False,03374100
03373500,0,18445784,19,100.0,0.0,0.845,False,0,0.6678731785395051,False,03374100
03373500,0,18446262,20,100.0,0.0,0.389,False,0,0.6678731785395051,False,03374100
03373500,0,18446274,21,100.0,0.0,1.308,False,0,0.6678731785395051,False,03374100
03373500,0,18445788,22,100.0,0.0,2.213,False,0,0.6678731785395051,False,03374100
03373500,0,18446280,23,100.0,0.0,2.224,False,0,0.6678731785395051,False,03374100
03373500,0,18446276,24,100.0,0.0,0.883,False,0,0.6678731785395051,False,03374100
03373500,0,18445792,25,100.0,0.0,0.3509999999999999,False,0,0.6678731785395051,False,03374100
03373500,0,18445790,26,100.0,0.0,3.011,False,0,0.6678731785395051,False,03374100
03373500,0,18445778,27,100.0,0.0,1.5930000000000002,False,0,0.6678731785395051,False,03374100
03373500,0,18446084,28,100.0,0.0,1.233,False,0,0.6678731785395051,False,03374100
03373500,0,18446094,29,100.0,0.0,1.2,False,0,0.6678731785395051,False,03374100
03373500,0,18446100,30,100.0,0.0,6.221,False,0,0.6678731785395051,False,03374100
03373500,0,18446088,31,100.0,0.0,0.899,False,0,0.6678731785395051,False,03374100
03373500,0,18446086,32,100.0,0.0,2.544,False,0,0.6678731785395051,False,03374100
03373500,0,18446070,33,100.0,0.0,1.072,False,0,0.6678731785395051,False,03374100
03373500,0,18446080,34,100.0,0.0,6.268,False,0,0.6678731785395051,False,03374100
03373500,0,18446098,35,100.0,0.0,4.658,False,0,0.6678731785395051,False,03374100
03373500,0,18446068,36,100.0,0.0,1.768,False,0,0.6678731785395051,False,03374100
03373500,0,18446058,37,100.0,0.0,4.92,False,0,0.6678731785395051,False,03374100
03373500,0,18446060,38,100.0,0.0,1.901,False,0,0.6678731785395051,False,03374100
03373500,0,18446054,39,100.0,0.0,0.053,False,0,0.6678731785395051,False,03374100
03373500,0,18471050,40,100.0,0.0,2.549,False,0,0.6678731785395051,True,03374100
03373500,0,18472136,41,100.0,0.0,2.717,False,0,0.6678731785395051,True,03374100
03373500,0,18472134,42,100.0,0.0,0.442,False,0,0.6678731785395051,True,03374100
03373500,0,18471066,43,100.0,0.0,0.919,False,0,0.6678731785395051,True,03374100
03373500,0,18471070,44,100.0,0.0,1.084,False,0,0.6678731785395051,True,03374100
03373500,0,18471062,45,100.0,0.0,0.42,False,0,0.6678731785395051,True,03374100
03373500,0,18471058,46,100.0,0.0,1.9579999999999997,False,0,0.6678731785395051,True,03374100
03373500,0,18471056,47,100.0,0.0,2.391,False,0,0.6678731785395051,True,03374100
03373500,0,18471076,48,100.0,0.0,16.381,False,0,0.6678731785395051,True,03374100
03373500,0,18471072,49,100.0,0.0,6.767,False,0,0.6678731785395051,True,03374100
03373500,0,18471080,50,100.0,0.0,0.36,False,0,0.6678731785395051,True,03374100
03373500,0,18471084,51,100.0,0.0,2.865,False,0,0.6678731785395051,True,03374100
03373500,0,18471296,52,100.0,0.0,0.327,False,0,0.6678731785395051,True,03374100
03373500,0,18471302,53,100.0,0.0,1.4980000000000002,False,0,0.6678731785395051,True,03374100
03373500,0,18471086,54,100.0,0.0,1.865,False,0,0.6678731785395051,True,03374100
03373500,0,18471300,55,100.0,0.0,0.73,False,0,0.6678731785395051,True,03374100
03373500,0,18471088,56,100.0,0.0,1.831,False,0,0.6678731785395051,True,03374100
03373500,0,18471090,57,100.0,0.0,3.347,False,0,0.6678731785395051,True,03374100
03373500,0,18472174,58,100.0,0.0,0.243,False,0,0.6678731785395051,True,03374100
03373500,0,18471304,59,100.0,0.0,0.209,False,0,0.6678731785395051,True,03374100
03373500,0,18472162,60,100.0,0.0,1.381,False,0,0.6678731785395051,True,03374100
03373500,0,18471310,61,100.0,98.8072,0.3421427520000016,False,0,0.6678731785395051,True,03374100
03354000,1,18477453,0,80.328,0.0,1.52864184,False,0,0.3321268214604947,False,03374100
03354000,1,18476999,1,100.0,0.0,0.342,False,0,0.3321268214604947,False,03374100
03354000,1,18477001,2,100.0,0.0,1.039,False,0,0.3321268214604947,False,03374100
03354000,1,18477451,3,100.0,0.0,0.23,False,0,0.3321268214604947,False,03374100
03354000,1,18477247,4,100.0,0.0,2.8170000000000006,False,0,0.3321268214604947,False,03374100
03354000,1,18477255,5,100.0,0.0,0.654,False,0,0.3321268214604947,False,03374100
03354000,1,18477265,6,100.0,0.0,1.511,False,0,0.3321268214604947,False,03374100
03354000,1,18477287,7,100.0,0.0,8.37,False,0,0.3321268214604947,False,03374100
03354000,1,18477427,8,100.0,0.0,4.53,False,0,0.3321268214604947,False,03374100
03354000,1,18477429,9,100.0,0.0,2.339,False,0,0.3321268214604947,False,03374100
03354000,1,18477431,10,100.0,0.0,3.424,False,0,0.3321268214604947,False,03374100
03354000,1,18477433,11,100.0,0.0,3.989,False,0,0.3321268214604947,False,03374100
03354000,1,18477435,12,100.0,0.0,1.5829999999999997,False,0,0.3321268214604947,False,03374100
03354000,1,18477439,13,100.0,0.0,4.167,False,0,0.3321268214604947,False,03374100
03354000,1,18477347,14,100.0,0.0,0.087,False,0,0.3321268214604947,False,03374100
03354000,1,18477349,15,100.0,0.0,0.458,False,0,0.3321268214604947,False,03374100
03354000,1,18477357,16,100.0,0.0,4.578,False,0,0.3321268214604947,False,03374100
03354000,1,18477361,17,100.0,0.0,2.628,False,0,0.3321268214604947,False,03374100
03354000,1,18469756,18,100.0,0.0,3.4560000000000004,False,0,0.3321268214604947,False,03374100
03354000,1,18469500,19,100.0,0.0,1.499,False,0,0.3321268214604947,False,03374100
03354000,1,18469502,20,100.0,0.0,3.775,False,0,0.3321268214604947,False,03374100
03354000,1,18469508,21,100.0,0.0,3.222,False,0,0.3321268214604947,False,03374100
03354000,1,18469514,22,100.0,0.0,1.641,False,0,0.3321268214604947,False,03374100
03354000,1,18469764,23,100.0,0.0,2.928,False,0,0.3321268214604947,False,03374100
03354000,1,18469766,24,100.0,0.0,6.275,False,0,0.3321268214604947,False,03374100
03354000,1,18469568,25,100.0,0.0,2.33,False,0,0.3321268214604947,False,03374100
03354000,1,18469786,26,100.0,0.0,3.938,False,0,0.3321268214604947,False,03374100
03354000,1,18469604,27,100.0,0.0,7.017,False,0,0.3321268214604947,False,03374100
03354000,1,18469616,28,100.0,0.0,7.877999999999999,False,0,0.3321268214604947,False,03374100
03354000,1,18469620,29,100.0,0.0,0.36,False,0,0.3321268214604947,False,03374100
03354000,1,18469622,30,100.0,0.0,0.241,False,0,0.3321268214604947,False,03374100
03354000,1,18469630,31,100.0,0.0,4.6,False,0,0.3321268214604947,False,03374100
03354000,1,18469632,32,100.0,0.0,0.833,False,0,0.3321268214604947,False,03374100
03354000,1,18469806,33,100.0,0.0,3.45,False,0,0.3321268214604947,False,03374100
03354000,1,18469642,34,100.0,0.0,0.051,False,0,0.3321268214604947,False,03374100
03354000,1,18469648,35,100.0,0.0,2.9960000000000004,False,0,0.3321268214604947,False,03374100
03354000,1,18469650,36,100.0,0.0,2.6519999999999997,False,0,0.3321268214604947,False,03374100
03354000,1,18469656,37,100.0,0.0,2.043,False,0,0.3321268214604947,False,03374100
03354000,1,18469834,38,100.0,0.0,0.098,False,0,0.3321268214604947,False,03374100
03354000,1,18469838,39,100.0,0.0,6.456,False,0,0.3321268214604947,False,03374100
03354000,1,18469840,40,100.0,0.0,9.074,False,0,0.3321268214604947,False,03374100
03354000,1,18469846,41,100.0,0.0,0.042,False,0,0.3321268214604947,False,03374100
03354000,1,18469852,42,100.0,0.0,4.319,False,0,0.3321268214604947,False,03374100
03354000,1,18470414,43,100.0,0.0,1.641,False,0,0.3321268214604947,False,03374100
03354000,1,18469850,44,100.0,0.0,0.778,False,0,0.3321268214604947,False,03374100
03354000,1,18470408,45,100.0,0.0,0.187,False,0,0.3321268214604947,False,03374100
03354000,1,18470416,46,100.0,0.0,3.3510000000000004,False,0,0.3321268214604947,False,03374100
03354000,1,18470420,47,100.0,0.0,1.107,False,0,0.3321268214604947,False,03374100
03354000,1,18470426,48,100.0,0.0,3.03,False,0,0.3321268214604947,False,03374100
03354000,1,18470432,49,100.0,0.0,1.303,False,0,0.3321268214604947,False,03374100
03354000,1,18470434,50,100.0,0.0,0.88,False,0,0.3321268214604947,False,03374100
03354000,1,18470960,51,100.0,0.0,2.156,False,0,0.3321268214604947,False,03374100
03354000,1,18470962,52,100.0,0.0,4.644,False,0,0.3321268214604947,False,03374100
03354000,1,18470968,53,100.0,0.0,0.753,False,0,0.3321268214604947,False,03374100
03354000,1,18470972,54,100.0,0.0,9.141,False,0,0.3321268214604947,False,03374100
03354000,1,18470978,55,100.0,0.0,0.66,False,0,0.3321268214604947,False,03374100
03354000,1,18470986,56,100.0,0.0,3.25,False,0,0.3321268214604947,False,03374100
03354000,1,18472164,57,100.0,0.0,0.586,False,0,0.3321268214604947,False,03374100
03354000,1,18472166,58,100.0,0.0,16.048,False,0,0.3321268214604947,False,03374100
03354000,1,18470994,59,100.0,0.0,6.535,False,0,0.3321268214604947,False,03374100
03354000,1,18470992,60,100.0,0.0,1.569,False,0,0.3321268214604947,False,03374100
03354000,1,18471000,61,100.0,0.0,9.517,False,0,0.3321268214604947,False,03374100
03354000,1,18471008,62,100.0,0.0,4.186,False,0,0.3321268214604947,False,03374100
03354000,1,18471012,63,100.0,0.0,6.019,False,0,0.3321268214604947,False,03374100
03354000,1,18471024,64,100.0,0.0,0.592,False,0,0.3321268214604947,False,03374100
03354000,1,18472170,65,100.0,0.0,0.725,False,0,0.3321268214604947,False,03374100
03354000,1,18472172,66,100.0,0.0,7.165,False,0,0.3321268214604947,False,03374100
03354000,1,18471028,67,100.0,0.0,1.643,False,0,0.3321268214604947,False,03374100
03354000,1,18471030,68,100.0,0.0,0.11200000000000002,False,0,0.3321268214604947,False,03374100
03354000,1,18471032,69,100.0,0.0,8.993,False,0,0.3321268214604947,False,03374100
03354000,1,18471034,70,100.0,0.0,0.054000000000000006,False,0,0.3321268214604947,False,03374100
03354000,1,18471036,71,100.0,0.0,8.85,False,0,0.3321268214604947,False,03374100
03354000,1,18471040,72,100.0,0.0,0.767,False,0,0.3321268214604947,False,03374100
03354000,1,18471042,73,100.0,0.0,1.612,False,0,0.3321268214604947,False,03374100
03354000,1,18471050,74,100.0,0.0,2.549,False,0,0.3321268214604947,True,03374100
03354000,1,18472136,75,100.0,0.0,2.717,False,0,0.3321268214604947,True,03374100
03354000,1,18472134,76,100.0,0.0,0.442,False,0,0.3321268214604947,True,03374100
03354000,1,18471066,77,100.0,0.0,0.919,False,0,0.3321268214604947,True,03374100
03354000,1,18471070,78,100.0,0.0,1.084,False,0,0.3321268214604947,True,03374100
03354000,1,18471062,79,100.0,0.0,0.42,False,0,0.3321268214604947,True,03374100
03354000,1,18471058,80,100.0,0.0,1.9579999999999997,False,0,0.3321268214604947,True,03374100
03354000,1,18471056,81,100.0,0.0,2.391,False,0,0.3321268214604947,True,03374100
03354000,1,18471076,82,100.0,0.0,16.381,False,0,0.3321268214604947,True,03374100
03354000,1,18471072,83,100.0,0.0,6.767,False,0,0.3321268214604947,True,03374100
03354000,1,18471080,84,100.0,0.0,0.36,False,0,0.3321268214604947,True,03374100
03354000,1,18471084,85,100.0,0.0,2.865,False,0,0.3321268214604947,True,03374100
03354000,1,18471296,86,100.0,0.0,0.327,False,0,0.3321268214604947,True,03374100
03354000,1,18471302,87,100.0,0.0,1.4980000000000002,False,0,0.3321268214604947,True,03374100
03354000,1,18471086,88,100.0,0.0,1.865,False,0,0.3321268214604947,True,03374100
03354000,1,18471300,89,100.0,0.0,0.73,False,0,0.3321268214604947,True,03374100
03354000,1,18471088,90,100.0,0.0,1.831,False,0,0.3321268214604947,True,03374100
03354000,1,18471090,91,100.0,0.0,3.347,False,0,0.3321268214604947,True,03374100
03354000,1,18472174,92,100.0,0.0,0.243,False,0,0.3321268214604947,True,03374100
03354000,1,18471304,93,100.0,0.0,0.209,False,0,0.3321268214604947,True,03374100
03354000,1,18472162,94,100.0,0.0,1.381,False,0,0.3321268214604947,True,03374100
03354000,1,18471310,95,100.0,98.8072,0.3421427520000016,False,0,0.3321268214604947,True,03374100
03303280,0,10109567,0,26.301,0.0,0.8468922000000001,False,0,0.5814082990683872,False,03612500
03303280,0,10109571,1,100.0,0.0,0.395,False,0,0.5814082990683872,False,03612500
03303280,0,10109575,2,100.0,0.0,0.755,False,0,0.5814082990683872,False,03612500
03303280,0,10109581,3,100.0,0.0,3.78,False,0,0.5814082990683872,False,03612500
03303280,0,10109559,4,100.0,0.0,0.414,False,0,0.5814082990683872,False,03612500
03303280,0,10109549,5,100.0,0.0,9.095,False,0,0.5814082990683872,False,03612500
03303280,0,10109495,6,100.0,0.0,2.443,False,0,0.5814082990683872,False,03612500
03303280,0,10109485,7,100.0,0.0,0.677,False,0,0.5814082990683872,False,03612500
03303280,0,10109489,8,100.0,0.0,2.195,False,0,0.5814082990683872,False,03612500
03303280,0,10111395,9,100.0,0.0,0.371,False,0,0.5814082990683872,False,03612500
03303280,0,10109491,10,100.0,0.0,0.151,False,0,0.5814082990683872,False,03612500
03303280,0,10109029,11,100.0,0.0,2.822,False,0,0.5814082990683872,False,03612500
03303280,0,10109059,12,100.0,0.0,4.108,False,0,0.5814082990683872,False,03612500
03303280,0,10109093,13,100.0,0.0,4.945,False,0,0.5814082990683872,False,03612500
03303280,0,10109531,14,100.0,0.0,0.517,False,0,0.5814082990683872,False,03612500
03303280,0,10109543,15,100.0,0.0,1.069,False,0,0.5814082990683872,False,03612500
03303280,0,10109551,16,100.0,0.0,1.259,False,0,0.5814082990683872,False,03612500
03303280,0,10109555,17,100.0,0.0,0.064,False,0,0.5814082990683872,False,03612500
03303280,0,10109565,18,100.0,0.0,1.6909999999999998,False,0,0.5814082990683872,False,03612500
03303280,0,10110313,19,100.0,0.0,1.5390000000000001,False,0,0.5814082990683872,False,03612500
03303280,0,10110333,20,100.0,0.0,3.87,False,0,0.5814082990683872,False,03612500
03303280,0,10110345,21,100.0,0.0,2.983,False,0,0.5814082990683872,False,03612500
03303280,0,10110351,22,100.0,0.0,3.3540000000000005,False,0,0.5814082990683872,False,03612500
03303280,0,10110397,23,100.0,0.0,1.61,False,0,0.5814082990683872,False,03612500
03303280,0,10110369,24,100.0,0.0,0.45899999999999996,False,0,0.5814082990683872,False,03612500
03303280,0,10110395,25,100.0,0.0,1.466,False,0,0.5814082990683872,False,03612500
03303280,0,10110377,26,100.0,0.0,9.88,False,0,0.5814082990683872,False,03612500
03303280,0,10110375,27,100.0,0.0,1.784,False,0,0.5814082990683872,False,03612500
03303280,0,10110371,28,100.0,0.0,0.529,False,0,0.5814082990683872,False,03612500
03303280,0,10110367,29,100.0,0.0,2.33,False,0,0.5814082990683872,False,03612500
03303280,0,10110359,30,100.0,0.0,0.847,False,0,0.5814082990683872,False,03612500
03303280,0,10110361,31,100.0,0.0,4.805,False,0,0.5814082990683872,False,03612500
03303280,0,10110355,32,100.0,0.0,5.313,False,0,0.5814082990683872,False,03612500
03303280,0,10110407,33,100.0,0.0,3.755,False,0,0.5814082990683872,False,03612500
03303280,0,10110403,34,100.0,0.0,1.969,False,0,0.5814082990683872,False,03612500
03303280,0,10110339,35,100.0,0.0,4.03,False,0,0.5814082990683872,False,03612500
03303280,0,10110331,36,100.0,0.0,0.814,False,0,0.5814082990683872,False,03612500
03303280,0,10110327,37,100.0,0.0,0.42,False,0,0.5814082990683872,False,03612500
03303280,0,10110389,38,100.0,0.0,4.885,False,0,0.5814082990683872,False,03612500
03303280,0,10110383,39,100.0,0.0,0.551,False,0,0.5814082990683872,False,03612500
03303280,0,10110255,40,100.0,0.0,3.389,False,0,0.5814082990683872,False,03612500
03303280,0,10110385,41,100.0,0.0,0.49200000000000005,False,0,0.5814082990683872,False,03612500
03303280,0,10110341,42,100.0,0.0,3.82,False,0,0.5814082990683872,False,03612500
03303280,0,10157671,43,100.0,0.0,11.418,False,0,0.5814082990683872,False,03612500
03303280,0,10157663,44,100.0,0.0,2.445,False,0,0.5814082990683872,False,03612500
03303280,0,10157667,45,100.0,0.0,5.67,False,0,0.5814082990683872,False,03612500
03303280,0,10157685,46,100.0,0.0,6.649,False,0,0.5814082990683872,False,03612500
03303280,0,10157713,47,100.0,0.0,6.543000000000001,False,0,0.5814082990683872,False,03612500
03303280,0,10157799,48,100.0,0.0,3.1289999999999996,False,0,0.5814082990683872,False,03612500
03303280,0,10157801,49,100.0,0.0,1.007,False,0,0.5814082990683872,False,03612500
03303280,0,10157715,50,100.0,0.0,9.669,False,0,0.5814082990683872,False,03612500
03303280,0,10157691,51,100.0,0.0,0.18,False,0,0.5814082990683872,False,03612500
03303280,0,10157783,52,100.0,0.0,2.082,False,0,0.5814082990683872,False,03612500
03303280,0,10157779,53,100.0,0.0,0.722,False,0,0.5814082990683872,False,03612500
03303280,0,10157689,54,100.0,0.0,3.145,False,0,0.5814082990683872,False,03612500
03303280,0,10157791,55,100.0,0.0,0.494,False,0,0.5814082990683872,False,03612500
03303280,0,10157697,56,100.0,0.0,2.657,False,0,0.5814082990683872,False,03612500
03303280,0,10157705,57,100.0,0.0,4.2,False,0,0.5814082990683872,False,03612500
03303280,0,10157789,58,100.0,0.0,3.8079999999999994,False,0,0.5814082990683872,False,03612500
03303280,0,10159273,59,100.0,0.0,4.479,False,0,0.5814082990683872,False,03612500
03303280,0,10157701,60,100.0,0.0,0.259,False,0,0.5814082990683872,False,03612500
03303280,0,10159275,61,100.0,0.0,0.07,False,0,0.5814082990683872,False,03612500
03303280,0,10157767,62,100.0,0.0,0.28,False,0,0.5814082990683872,False,03612500
03303280,0,10157765,63,100.0,0.0,2.013,False,0,0.5814082990683872,False,03612500
03303280,0,10157775,64,100.0,0.0,0.038,False,0,0.5814082990683872,False,03612500
03303280,0,10157773,65,100.0,0.0,0.41,False,0,0.5814082990683872,False,03612500
03303280,0,10157797,66,100.0,0.0,4.389,False,0,0.5814082990683872,False,03612500
03303280,0,10157693,67,100.0,0.0,1.205,False,0,0.5814082990683872,False,03612500
03303280,0,10157707,68,100.0,0.0,1.982,False,0,0.5814082990683872,False,03612500
03303280,0,10157795,69,100.0,0.0,4.085,False,0,0.5814082990683872,False,03612500
03303280,0,10157719,70,100.0,0.0,7.294,False,0,0.5814082990683872,False,03612500
03303280,0,10157727,71,100.0,0.0,1.925,False,0,0.5814082990683872,False,03612500
03303280,0,10157729,72,100.0,0.0,1.699,False,0,0.5814082990683872,False,03612500
03303280,0,10157731,73,100.0,0.0,4.42,False,0,0.5814082990683872,False,03612500
03303280,0,10157723,74,100.0,0.0,0.16400000000000003,False,0,0.5814082990683872,False,03612500
03303280,0,10157771,75,100.0,0.0,0.732,False,0,0.5814082990683872,False,03612500
03303280,0,10158625,76,100.0,0.0,1.724,False,0,0.5814082990683872,False,03612500
03303280,0,10158627,77,100.0,0.0,0.631,False,0,0.5814082990683872,False,03612500
03303280,0,11866814,78,100.0,0.0,0.149,False,0,0.5814082990683872,False,03612500
03303280,0,11866712,79,100.0,0.0,4.71,False,0,0.5814082990683872,False,03612500
03303280,0,11866714,80,100.0,0.0,0.03,False,0,0.5814082990683872,False,03612500
03303280,0,11866718,81,100.0,0.0,2.885,False,0,0.5814082990683872,False,03612500
03303280,0,11866722,82,100.0,0.0,2.015,False,0,0.5814082990683872,False,03612500
03303280,0,11866822,83,100.0,0.0,4.081,False,0,0.5814082990683872,False,03612500
03303280,0,11866728,84,100.0,0.0,0.159,False,0,0.5814082990683872,False,03612500
03303280,0,11866732,85,100.0,0.0,1.445,False,0,0.5814082990683872,False,03612500
03303280,0,11866736,86,100.0,0.0,1.835,False,0,0.5814082990683872,False,03612500
03303280,0,11866740,87,100.0,0.0,2.096,False,0,0.5814082990683872,False,03612500
03303280,0,11866744,88,100.0,0.0,1.4910000000000003,False,0,0.5814082990683872,False,03612500
03303280,0,11866748,89,100.0,0.0,1.44,False,0,0.5814082990683872,False,03612500
03303280,0,11866752,90,100.0,0.0,2.343,False,0,0.5814082990683872,False,03612500
03303280,0,11866758,91,100.0,0.0,3.867,False,0,0.5814082990683872,False,03612500
03303280,0,11866766,92,100.0,0.0,2.688,False,0,0.5814082990683872,False,03612500
03303280,0,11866772,93,100.0,0.0,1.305,False,0,0.5814082990683872,False,03612500
03303280,0,11866776,94,100.0,0.0,0.807,False,0,0.5814082990683872,False,03612500
03303280,0,11866780,95,100.0,0.0,3.346,False,0,0.5814082990683872,False,03612500
03303280,0,11866782,96,100.0,0.0,3.356,False,0,0.5814082990683872,False,03612500
03303280,0,11866786,97,100.0,0.0,0.708,False,0,0.5814082990683872,False,03612500
03303280,0,11866788,98,100.0,0.0,0.268,False,0,0.5814082990683872,False,03612500
03303280,0,11870004,99,100.0,0.0,2.096,False,0,0.5814082990683872,False,03612500
03303280,0,11870006,100,100.0,0.0,1.318,False,0,0.5814082990683872,False,03612500
03303280,0,11870010,101,100.0,0.0,0.9129999999999999,False,0,0.5814082990683872,False,03612500
03303280,0,11870012,102,100.0,0.0,0.553,False,0,0.5814082990683872,False,03612500
03303280,0,11870014,103,100.0,0.0,0.95,False,0,0.5814082990683872,False,03612500
03303280,0,11870018,104,100.0,0.0,0.121,False,0,0.5814082990683872,False,03612500
03303280,0,11870022,105,100.0,0.0,0.075,False,0,0.5814082990683872,False,03612500
03303280,0,11870032,106,100.0,0.0,4.396,False,0,0.5814082990683872,False,03612500
03303280,0,11870036,107,100.0,0.0,3.263,False,0,0.5814082990683872,False,03612500
03303280,0,11870038,108,100.0,0.0,0.78,False,0,0.5814082990683872,False,03612500
03303280,0,11870042,109,100.0,0.0,0.959,False,0,0.5814082990683872,False,03612500
03303280,0,11872730,110,100.0,0.0,1.359,False,0,0.5814082990683872,False,03612500
03303280,0,11870058,111,100.0,0.0,2.302,False,0,0.5814082990683872,False,03612500
03303280,0,11870064,112,100.0,0.0,2.073,False,0,0.5814082990683872,False,03612500
03303280,0,11870072,113,100.0,0.0,3.346,False,0,0.5814082990683872,False,03612500
03303280,0,11870082,114,100.0,0.0,3.781,False,0,0.5814082990683872,False,03612500
03303280,0,11870100,115,100.0,0.0,1.344,False,0,0.5814082990683872,False,03612500
03303280,0,11870106,116,100.0,0.0,0.689,False,0,0.5814082990683872,False,03612500
03303280,0,11870108,117,100.0,0.0,0.619,False,0,0.5814082990683872,False,03612500
03303280,0,11870110,118,100.0,0.0,0.154,False,0,0.5814082990683872,False,03612500
03303280,0,11870104,119,100.0,0.0,2.062,False,0,0.5814082990683872,False,03612500
03303280,0,11870088,120,100.0,0.0,1.298,False,0,0.5814082990683872,False,03612500
03303280,0,11870080,121,100.0,0.0,0.636,False,0,0.5814082990683872,False,03612500
03303280,0,11870086,122,100.0,0.0,1.341,False,0,0.5814082990683872,False,03612500
03303280,0,11870092,123,100.0,0.0,1.013,False,0,0.5814082990683872,False,03612500
03303280,0,11870120,124,100.0,0.0,2.987,False,0,0.5814082990683872,False,03612500
03303280,0,11870124,125,100.0,0.0,1.972,False,0,0.5814082990683872,False,03612500
03303280,0,11870136,126,100.0,0.0,2.151,False,0,0.5814082990683872,False,03612500
03303280,0,11870140,127,100.0,0.0,0.462,False,0,0.5814082990683872,False,03612500
03303280,0,11870144,128,100.0,0.0,0.8080000000000002,False,0,0.5814082990683872,False,03612500
03303280,0,11870154,129,100.0,0.0,0.868,False,0,0.5814082990683872,False,03612500
03303280,0,11870156,130,100.0,0.0,1.3329999999999997,False,0,0.5814082990683872,False,03612500
03303280,0,11870174,131,100.0,0.0,5.648,False,0,0.5814082990683872,False,03612500
03303280,0,11870182,132,100.0,0.0,3.644,False,0,0.5814082990683872,False,03612500
03303280,0,11870186,133,100.0,0.0,0.9689999999999999,False,0,0.5814082990683872,False,03612500
03303280,0,11870196,134,100.0,0.0,1.391,False,0,0.5814082990683872,False,03612500
03303280,0,11870200,135,100.0,0.0,0.3390000000000001,False,0,0.5814082990683872,False,03612500
03303280,0,11870202,136,100.0,0.0,1.307,False,0,0.5814082990683872,False,03612500
03303280,0,11870208,137,100.0,0.0,1.6230000000000002,False,0,0.5814082990683872,False,03612500
03303280,0,11870214,138,100.0,0.0,4.899,False,0,0.5814082990683872,False,03612500
03303280,0,11870216,139,100.0,0.0,2.543,False,0,0.5814082990683872,False,03612500
03303280,0,11870220,140,100.0,0.0,0.985,False,0,0.5814082990683872,False,03612500
03303280,0,11870286,141,100.0,0.0,0.524,False,0,0.5814082990683872,False,03612500
03303280,0,11870232,142,100.0,0.0,0.96,False,0,0.5814082990683872,False,03612500
03303280,0,11870236,143,100.0,0.0,0.596,False,0,0.5814082990683872,False,03612500
03303280,0,1840205,144,100.0,0.0,1.068,False,0,0.5814082990683872,False,03612500
03303280,0,1840209,145,100.0,0.0,2.947,False,0,0.5814082990683872,False,03612500
03303280,0,1840047,146,100.0,0.0,1.072,False,0,0.5814082990683872,False,03612500
03303280,0,1840061,147,100.0,0.0,0.681,False,0,0.5814082990683872,False,03612500
03303280,0,1840079,148,100.0,0.0,2.764,False,0,0.5814082990683872,False,03612500
03303280,0,1840087,149,100.0,0.0,0.909,False,0,0.5814082990683872,False,03612500
03303280,0,1840099,150,100.0,0.0,2.305,False,0,0.5814082990683872,False,03612500
03303280,0,1840103,151,100.0,0.0,1.639,False,0,0.5814082990683872,False,03612500
03303280,0,1840105,152,100.0,0.0,4.645,False,0,0.5814082990683872,False,03612500
03303280,0,1840097,153,100.0,0.0,1.577,False,0,0.5814082990683872,False,03612500
03303280,0,1840095,154,100.0,0.0,1.205,False,0,0.5814082990683872,True,03612500
03303280,0,1840193,155,100.0,0.0,0.8690000000000001,False,0,0.5814082990683872,True,03612500
03303280,0,1840075,156,100.0,0.0,0.555,False,0,0.5814082990683872,True,03612500
03303280,0,1840191,157,100.0,0.0,2.499,False,0,0.5814082990683872,True,03612500
03303280,0,1840069,158,100.0,0.0,2.506,False,0,0.5814082990683872,True,03612500
03303280,0,1840057,159,100.0,0.0,0.968,False,0,0.5814082990683872,True,03612500
03303280,0,1840053,160,100.0,0.0,0.904,False,0,0.5814082990683872,True,03612500
03303280,0,1840043,161,100.0,0.0,1.235,False,0,0.5814082990683872,True,03612500
03303280,0,1840041,162,100.0,0.0,1.745,False,0,0.5814082990683872,True,03612500
03303280,0,1840029,163,100.0,0.0,1.527,False,0,0.5814082990683872,True,03612500
03303280,0,1840019,164,100.0,0.0,0.466,False,0,0.5814082990683872,True,03612500
03303280,0,1840021,165,100.0,0.0,0.45,False,0,0.5814082990683872,True,03612500
03303280,0,1840023,166,100.0,0.0,0.706,False,0,0.5814082990683872,True,03612500
03303280,0,1840025,167,100.0,0.0,2.49,False,0,0.5814082990683872,True,03612500
03303280,0,1840009,168,100.0,0.0,0.534,False,0,0.5814082990683872,True,03612500
03303280,0,1840007,169,100.0,0.0,3.795,False,0,0.5814082990683872,True,03612500
03303280,0,1840001,170,100.0,0.0,1.15,False,0,0.5814082990683872,True,03612500
03303280,0,1839995,171,100.0,0.0,0.53,False,0,0.5814082990683872,True,03612500
03303280,0,1839991,172,100.0,0.0,1.307,False,0,0.5814082990683872,True,03612500
03303280,0,1839985,173,100.0,0.0,0.251,False,0,0.5814082990683872,True,03612500
03303280,0,1839981,174,100.0,0.0,0.982,False,0,0.5814082990683872,True,03612500
03303280,0,1839977,175,100.0,0.0,0.635,False,0,0.5814082990683872,True,03612500
03303280,0,1839971,176,100.0,0.0,0.047,False,0,0.5814082990683872,True,03612500
03303280,0,1839973,177,100.0,0.0,0.985,False,0,0.5814082990683872,True,03612500
03303280,0,1839967,178,100.0,0.0,0.718,False,0,0.5814082990683872,True,03612500
03303280,0,1839963,179,100.0,0.0,2.863,False,0,0.5814082990683872,True,03612500
03303280,0,1839957,180,100.0,0.0,0.602,False,0,0.5814082990683872,True,03612500
03303280,0,1839953,181,100.0,0.0,0.7490000000000001,False,0,0.5814082990683872,True,03612500
03303280,0,1839951,182,100.0,0.0,2.185,False,0,0.5814082990683872,True,03612500
03303280,0,1839939,183,100.0,0.0,0.299,False,0,0.5814082990683872,True,03612500
03303280,0,1839935,184,100.0,0.0,1.055,False,0,0.5814082990683872,True,03612500
03303280,0,1839931,185,100.0,0.0,2.675,False,0,0.5814082990683872,True,03612500
03303280,0,1839941,186,100.0,0.0,3.017,False,0,0.5814082990683872,True,03612500
03303280,0,1839947,187,100.0,0.0,0.302,False,0,0.5814082990683872,True,03612500
03303280,0,1841387,188,100.0,0.0,1.515,False,0,0.5814082990683872,True,03612500
03303280,0,1841391,189,100.0,0.0,0.375,False,0,0.5814082990683872,True,03612500
03303280,0,1841397,190,100.0,0.0,1.476,False,0,0.5814082990683872,True,03612500
03303280,0,1841401,191,100.0,36.5638,0.38759518200000004,False,0,0.5814082990683872,True,03612500
03609750,1,1861950,0,100.0,0.0,1.786,False,0,0.2423528524525729,False,03612500
03609750,1,1861924,1,100.0,0.0,2.06,False,0,0.2423528524525729,False,03612500
03609750,1,1861910,2,100.0,0.0,0.65,False,0,0.2423528524525729,False,03612500
03609750,1,1862014,3,100.0,0.0,0.225,False,0,0.2423528524525729,False,03612500
03609750,1,1868000,4,100.0,0.0,0.441,False,0,0.2423528524525729,False,03612500
03609750,1,1867998,5,100.0,0.0,0.05,False,0,0.2423528524525729,False,03612500
03609750,1,1861888,6,100.0,0.0,0.507,False,0,0.2423528524525729,False,03612500
03609750,1,1840095,7,100.0,0.0,1.205,False,0,0.2423528524525729,True,03612500
03609750,1,1840193,8,100.0,0.0,0.8690000000000001,False,0,0.2423528524525729,True,03612500
03609750,1,1840075,9,100.0,0.0,0.555,False,0,0.2423528524525729,True,03612500
03609750,1,1840191,10,100.0,0.0,2.499,False,0,0.2423528524525729,True,03612500
03609750,1,1840069,11,100.0,0.0,2.506,False,0,0.2423528524525729,True,03612500
03609750,1,1840057,12,100.0,0.0,0.968,False,0,0.2423528524525729,True,03612500
03609750,1,1840053,13,100.0,0.0,0.904,False,0,0.2423528524525729,True,03612500
03609750,1,1840043,14,100.0,0.0,1.235,False,0,0.2423528524525729,True,03612500
03609750,1,1840041,15,100.0,0.0,1.745,False,0,0.2423528524525729,True,03612500
03609750,1,1840029,16,100.0,0.0,1.527,False,0,0.2423528524525729,True,03612500
03609750,1,1840019,17,100.0,0.0,0.466,False,0,0.2423528524525729,True,03612500
03609750,1,1840021,18,100.0,0.0,0.45,False,0,0.2423528524525729,True,03612500
03609750,1,1840023,19,100.0,0.0,0.706,False,0,0.2423528524525729,True,03612500
03609750,1,1840025,20,100.0,0.0,2.49,False,0,0.2423528524525729,True,03612500
03609750,1,1840009,21,100.0,0.0,0.534,False,0,0.2423528524525729,True,03612500
03609750,1,1840007,22,100.0,0.0,3.795,False,0,0.2423528524525729,True,03612500
03609750,1,1840001,23,100.0,0.0,1.15,False,0,0.2423528524525729,True,03612500
03609750,1,1839995,24,100.0,0.0,0.53,False,0,0.2423528524525729,True,03612500
03609750,1,1839991,25,100.0,0.0,1.307,False,0,0.2423528524525729,True,03612500
03609750,1,1839985,26,100.0,0.0,0.251,False,0,0.2423528524525729,True,03612500
03609750,1,1839981,27,100.0,0.0,0.982,False,0,0.2423528524525729,True,03612500
03609750,1,1839977,28,100.0,0.0,0.635,False,0,0.2423528524525729,True,03612500
03609750,1,1839971,29,100.0,0.0,0.047,False,0,0.2423528524525729,True,03612500
03609750,1,1839973,30,100.0,0.0,0.985,False,0,0.2423528524525729,True,03612500
03609750,1,1839967,31,100.0,0.0,0.718,False,0,0.2423528524525729,True,03612500
03609750,1,1839963,32,100.0,0.0,2.863,False,0,0.2423528524525729,True,03612500
03609750,1,1839957,33,100.0,0.0,0.602,False,0,0.2423528524525729,True,03612500
03609750,1,1839953,34,100.0,0.0,0.7490000000000001,False,0,0.2423528524525729,True,03612500
03609750,1,1839951,35,100.0,0.0,2.185,False,0,0.2423528524525729,True,03612500
03609750,1,1839939,36,100.0,0.0,0.299,False,0,0.2423528524525729,True,03612500
03609750,1,1839935,37,100.0,0.0,1.055,False,0,0.2423528524525729,True,03612500
03609750,1,1839931,38,100.0,0.0,2.675,False,0,0.2423528524525729,True,03612500
03609750,1,1839941,39,100.0,0.0,3.017,False,0,0.2423528524525729,True,03612500
03609750,1,1839947,40,100.0,0.0,0.302,False,0,0.2423528524525729,True,03612500
03609750,1,1841387,41,100.0,0.0,1.515,False,0,0.2423528524525729,True,03612500
03609750,1,1841391,42,100.0,0.0,0.375,False,0,0.2423528524525729,True,03612500
03609750,1,1841397,43,100.0,0.0,1.476,False,0,0.2423528524525729,True,03612500
03609750,1,1841401,44,100.0,36.5638,0.38759518200000004,False,0,0.2423528524525729,True,03612500
03378500,2,10382125,0,64.2832,0.0,0.8388957599999999,False,0,0.1762388484790399,False,03612500
03378500,2,10382133,1,100.0,0.0,3.3,False,0,0.1762388484790399,False,03612500
03378500,2,10382139,2,100.0,0.0,1.6130000000000002,False,0,0.1762388484790399,False,03612500
03378500,2,10382147,3,100.0,0.0,3.109,False,0,0.1762388484790399,False,03612500
03378500,2,10382151,4,100.0,0.0,1.221,False,0,0.1762388484790399,False,03612500
03378500,2,10385561,5,100.0,0.0,1.3560000000000003,False,0,0.1762388484790399,False,03612500
03378500,2,10383153,6,100.0,0.0,2.606,False,0,0.1762388484790399,False,03612500
03378500,2,10383155,7,100.0,0.0,6.261,False,0,0.1762388484790399,False,03612500
03378500,2,10383157,8,100.0,0.0,0.034,False,0,0.1762388484790399,False,03612500
03378500,2,10383161,9,100.0,0.0,0.389,False,0,0.1762388484790399,False,03612500
03378500,2,10383165,10,100.0,0.0,0.13,False,0,0.1762388484790399,False,03612500
03378500,2,10383167,11,100.0,0.0,3.057,False,0,0.1762388484790399,False,03612500
03378500,2,10383171,12,100.0,0.0,0.17,False,0,0.1762388484790399,False,03612500
03378500,2,10384339,13,100.0,0.0,1.087,False,0,0.1762388484790399,False,03612500
03378500,2,10384345,14,100.0,0.0,0.607,False,0,0.1762388484790399,False,03612500
03378500,2,10384349,15,100.0,0.0,3.928,False,0,0.1762388484790399,False,03612500
03378500,2,10384355,16,100.0,0.0,0.924,False,0,0.1762388484790399,False,03612500
03378500,2,10384367,17,100.0,0.0,3.991,False,0,0.1762388484790399,False,03612500
03378500,2,10384369,18,100.0,0.0,1.575,False,0,0.1762388484790399,False,03612500
03378500,2,10384375,19,100.0,0.0,2.058,False,0,0.1762388484790399,False,03612500
03378500,2,10384377,20,100.0,0.0,10.566,False,0,0.1762388484790399,False,03612500
03378500,2,10384379,21,100.0,0.0,0.042,False,0,0.1762388484790399,False,03612500
03378500,2,10384383,22,100.0,0.0,7.922,False,0,0.1762388484790399,False,03612500
03378500,2,10384387,23,100.0,0.0,0.8420000000000001,False,0,0.1762388484790399,False,03612500
03378500,2,10384391,24,100.0,0.0,0.966,False,0,0.1762388484790399,False,03612500
03378500,2,10384399,25,100.0,0.0,5.831999999999999,False,0,0.1762388484790399,False,03612500
03378500,2,10384395,26,100.0,0.0,0.403,False,0,0.1762388484790399,False,03612500
03378500,2,10384403,27,100.0,0.0,3.753,False,0,0.1762388484790399,False,03612500
03378500,2,10384405,28,100.0,0.0,4.854,False,0,0.1762388484790399,False,03612500
03378500,2,10384401,29,100.0,0.0,0.299,False,0,0.1762388484790399,False,03612500
03378500,2,11866814,30,100.0,0.0,0.149,False,0,0.1762388484790399,False,03612500
03378500,2,11866712,31,100.0,0.0,4.71,False,0,0.1762388484790399,False,03612500
03378500,2,11866714,32,100.0,0.0,0.03,False,0,0.1762388484790399,False,03612500
03378500,2,11866718,33,100.0,0.0,2.885,False,0,0.1762388484790399,False,03612500
03378500,2,11866722,34,100.0,0.0,2.015,False,0,0.1762388484790399,False,03612500
03378500,2,11866822,35,100.0,0.0,4.081,False,0,0.1762388484790399,False,03612500
03378500,2,11866728,36,100.0,0.0,0.159,False,0,0.1762388484790399,False,03612500
03378500,2,11866732,37,100.0,0.0,1.445,False,0,0.1762388484790399,False,03612500
03378500,2,11866736,38,100.0,0.0,1.835,False,0,0.1762388484790399,False,03612500
03378500,2,11866740,39,100.0,0.0,2.096,False,0,0.1762388484790399,False,03612500
03378500,2,11866744,40,100.0,0.0,1.4910000000000003,False,0,0.1762388484790399,False,03612500
03378500,2,11866748,41,100.0,0.0,1.44,False,0,0.1762388484790399,False,03612500
03378500,2,11866752,42,100.0,0.0,2.343,False,0,0.1762388484790399,False,03612500
03378500,2,11866758,43,100.0,0.0,3.867,False,0,0.1762388484790399,False,03612500
03378500,2,11866766,44,100.0,0.0,2.688,False,0,0.1762388484790399,False,03612500
03378500,2,11866772,45,100.0,0.0,1.305,False,0,0.1762388484790399,False,03612500
03378500,2,11866776,46,100.0,0.0,0.807,False,0,0.1762388484790399,False,03612500
03378500,2,11866780,47,100.0,0.0,3.346,False,0,0.1762388484790399,False,03612500
03378500,2,11866782,48,100.0,0.0,3.356,False,0,0.1762388484790399,False,03612500
03378500,2,11866786,49,100.0,0.0,0.708,False,0,0.1762388484790399,False,03612500
03378500,2,11866788,50,100.0,0.0,0.268,False,0,0.1762388484790399,False,03612500
03378500,2,11870004,51,100.0,0.0,2.096,False,0,0.1762388484790399,False,03612500
03378500,2,11870006,52,100.0,0.0,1.318,False,0,0.1762388484790399,False,03612500
03378500,2,11870010,53,100.0,0.0,0.9129999999999999,False,0,0.1762388484790399,False,03612500
03378500,2,11870012,54,100.0,0.0,0.553,False,0,0.1762388484790399,False,03612500
03378500,2,11870014,55,100.0,0.0,0.95,False,0,0.1762388484790399,False,03612500
03378500,2,11870018,56,100.0,0.0,0.121,False,0,0.1762388484790399,False,03612500
03378500,2,11870022,57,100.0,0.0,0.075,False,0,0.1762388484790399,False,03612500
03378500,2,11870032,58,100.0,0.0,4.396,False,0,0.1762388484790399,False,03612500
03378500,2,11870036,59,100.0,0.0,3.263,False,0,0.1762388484790399,False,03612500
03378500,2,11870038,60,100.0,0.0,0.78,False,0,0.1762388484790399,False,03612500
03378500,2,11870042,61,100.0,0.0,0.959,False,0,0.1762388484790399,False,03612500
03378500,2,11872730,62,100.0,0.0,1.359,False,0,0.1762388484790399,False,03612500
03378500,2,11870058,63,100.0,0.0,2.302,False,0,0.1762388484790399,False,03612500
03378500,2,11870064,64,100.0,0.0,2.073,False,0,0.1762388484790399,False,03612500
03378500,2,11870072,65,100.0,0.0,3.346,False,0,0.1762388484790399,False,03612500
03378500,2,11870082,66,100.0,0.0,3.781,False,0,0.1762388484790399,False,03612500
03378500,2,11870100,67,100.0,0.0,1.344,False,0,0.1762388484790399,False,03612500
03378500,2,11870106,68,100.0,0.0,0.689,False,0,0.1762388484790399,False,03612500
03378500,2,11870108,69,100.0,0.0,0.619,False,0,0.1762388484790399,False,03612500
03378500,2,11870110,70,100.0,0.0,0.154,False,0,0.1762388484790399,False,03612500
03378500,2,11870104,71,100.0,0.0,2.062,False,0,0.1762388484790399,False,03612500
03378500,2,11870088,72,100.0,0.0,1.298,False,0,0.1762388484790399,False,03612500
03378500,2,11870080,73,100.0,0.0,0.636,False,0,0.1762388484790399,False,03612500
03378500,2,11870086,74,100.0,0.0,1.341,False,0,0.1762388484790399,False,03612500
03378500,2,11870092,75,100.0,0.0,1.013,False,0,0.1762388484790399,False,03612500
03378500,2,11870120,76,100.0,0.0,2.987,False,0,0.1762388484790399,False,03612500
03378500,2,11870124,77,100.0,0.0,1.972,False,0,0.1762388484790399,False,03612500
03378500,2,11870136,78,100.0,0.0,2.151,False,0,0.1762388484790399,False,03612500
03378500,2,11870140,79,100.0,0.0,0.462,False,0,0.1762388484790399,False,03612500
03378500,2,11870144,80,100.0,0.0,0.8080000000000002,False,0,0.1762388484790399,False,03612500
03378500,2,11870154,81,100.0,0.0,0.868,False,0,0.1762388484790399,False,03612500
03378500,2,11870156,82,100.0,0.0,1.3329999999999997,False,0,0.1762388484790399,False,03612500
03378500,2,11870174,83,100.0,0.0,5.648,False,0,0.1762388484790399,False,03612500
03378500,2,11870182,84,100.0,0.0,3.644,False,0,0.1762388484790399,False,03612500
03378500,2,11870186,85,100.0,0.0,0.9689999999999999,False,0,0.1762388484790399,False,03612500
03378500,2,11870196,86,100.0,0.0,1.391,False,0,0.1762388484790399,False,03612500
03378500,2,11870200,87,100.0,0.0,0.3390000000000001,False,0,0.1762388484790399,False,03612500
03378500,2,11870202,88,100.0,0.0,1.307,False,0,0.1762388484790399,False,03612500
03378500,2,11870208,89,100.0,0.0,1.6230000000000002,False,0,0.1762388484790399,False,03612500
03378500,2,11870214,90,100.0,0.0,4.899,False,0,0.1762388484790399,False,03612500
03378500,2,11870216,91,100.0,0.0,2.543,False,0,0.1762388484790399,False,03612500
03378500,2,11870220,92,100.0,0.0,0.985,False,0,0.1762388484790399,False,03612500
03378500,2,11870286,93,100.0,0.0,0.524,False,0,0.1762388484790399,False,03612500
03378500,2,11870232,94,100.0,0.0,0.96,False,0,0.1762388484790399,False,03612500
03378500,2,11870236,95,100.0,0.0,0.596,False,0,0.1762388484790399,False,03612500
03378500,2,1840205,96,100.0,0.0,1.068,False,0,0.1762388484790399,False,03612500
03378500,2,1840209,97,100.0,0.0,2.947,False,0,0.1762388484790399,False,03612500
03378500,2,1840047,98,100.0,0.0,1.072,False,0,0.1762388484790399,False,03612500
03378500,2,1840061,99,100.0,0.0,0.681,False,0,0.1762388484790399,False,03612500
03378500,2,1840079,100,100.0,0.0,2.764,False,0,0.1762388484790399,False,03612500
03378500,2,1840087,101,100.0,0.0,0.909,False,0,0.1762388484790399,False,03612500
03378500,2,1840099,102,100.0,0.0,2.305,False,0,0.1762388484790399,False,03612500
03378500,2,1840103,103,100.0,0.0,1.639,False,0,0.1762388484790399,False,03612500
03378500,2,1840105,104,100.0,0.0,4.645,False,0,0.1762388484790399,False,03612500
03378500,2,1840097,105,100.0,0.0,1.577,False,0,0.1762388484790399,False,03612500
03378500,2,1840095,106,100.0,0.0,1.205,False,0,0.1762388484790399,True,03612500
03378500,2,1840193,107,100.0,0.0,0.8690000000000001,False,0,0.1762388484790399,True,03612500
03378500,2,1840075,108,100.0,0.0,0.555,False,0,0.1762388484790399,True,03612500
03378500,2,1840191,109,100.0,0.0,2.499,False,0,0.1762388484790399,True,03612500
03378500,2,1840069,110,100.0,0.0,2.506,False,0,0.1762388484790399,True,03612500
03378500,2,1840057,111,100.0,0.0,0.968,False,0,0.1762388484790399,True,03612500
03378500,2,1840053,112,100.0,0.0,0.904,False,0,0.1762388484790399,True,03612500
03378500,2,1840043,113,100.0,0.0,1.235,False,0,0.1762388484790399,True,03612500
03378500,2,1840041,114,100.0,0.0,1.745,False,0,0.1762388484790399,True,03612500
03378500,2,1840029,115,100.0,0.0,1.527,False,0,0.1762388484790399,True,03612500
03378500,2,1840019,116,100.0,0.0,0.466,False,0,0.1762388484790399,True,03612500
03378500,2,1840021,117,100.0,0.0,0.45,False,0,0.1762388484790399,True,03612500
03378500,2,1840023,118,100.0,0.0,0.706,False,0,0.1762388484790399,True,03612500
03378500,2,1840025,119,100.0,0.0,2.49,False,0,0.1762388484790399,True,03612500
03378500,2,1840009,120,100.0,0.0,0.534,False,0,0.1762388484790399,True,03612500
03378500,2,1840007,121,100.0,0.0,3.795,False,0,0.1762388484790399,True,03612500
03378500,2,1840001,122,100.0,0.0,1.15,False,0,0.1762388484790399,True,03612500
03378500,2,1839995,123,100.0,0.0,0.53,False,0,0.1762388484790399,True,03612500
03378500,2,1839991,124,100.0,0.0,1.307,False,0,0.1762388484790399,True,03612500
03378500,2,1839985,125,100.0,0.0,0.251,False,0,0.1762388484790399,True,03612500
03378500,2,1839981,126,100.0,0.0,0.982,False,0,0.1762388484790399,True,03612500
03378500,2,1839977,127,100.0,0.0,0.635,False,0,0.1762388484790399,True,03612500
03378500,2,1839971,128,100.0,0.0,0.047,False,0,0.1762388484790399,True,03612500
03378500,2,1839973,129,100.0,0.0,0.985,False,0,0.1762388484790399,True,03612500
03378500,2,1839967,130,100.0,0.0,0.718,False,0,0.1762388484790399,True,03612500
03378500,2,1839963,131,100.0,0.0,2.863,False,0,0.1762388484790399,True,03612500
03378500,2,1839957,132,100.0,0.0,0.602,False,0,0.1762388484790399,True,03612500
03378500,2,1839953,133,100.0,0.0,0.7490000000000001,False,0,0.1762388484790399,True,03612500
03378500,2,1839951,134,100.0,0.0,2.185,False,0,0.1762388484790399,True,03612500
03378500,2,1839939,135,100.0,0.0,0.299,False,0,0.1762388484790399,True,03612500
03378500,2,1839935,136,100.0,0.0,1.055,False,0,0.1762388484790399,True,03612500
03378500,2,1839931,137,100.0,0.0,2.675,False,0,0.1762388484790399,True,03612500
03378500,2,1839941,138,100.0,0.0,3.017,False,0,0.1762388484790399,True,03612500
03378500,2,1839947,139,100.0,0.0,0.302,False,0,0.1762388484790399,True,03612500
03378500,2,1841387,140,100.0,0.0,1.515,False,0,0.1762388484790399,True,03612500
03378500,2,1841391,141,100.0,0.0,0.375,False,0,0.1762388484790399,True,03612500
03378500,2,1841397,142,100.0,0.0,1.476,False,0,0.1762388484790399,True,03612500
03378500,2,1841401,143,100.0,36.5638,0.38759518200000004,False,0,0.1762388484790399,True,03612500
03303280,0,10109567,0,26.301,0.0,0.8468922000000001,False,0,0.5814082990683872,False,03612600
03303280,0,10109571,1,100.0,0.0,0.395,False,0,0.5814082990683872,False,03612600
03303280,0,10109575,2,100.0,0.0,0.755,False,0,0.5814082990683872,False,03612600
03303280,0,10109581,3,100.0,0.0,3.78,False,0,0.5814082990683872,False,03612600
03303280,0,10109559,4,100.0,0.0,0.414,False,0,0.5814082990683872,False,03612600
03303280,0,10109549,5,100.0,0.0,9.095,False,0,0.5814082990683872,False,03612600
03303280,0,10109495,6,100.0,0.0,2.443,False,0,0.5814082990683872,False,03612600
03303280,0,10109485,7,100.0,0.0,0.677,False,0,0.5814082990683872,False,03612600
03303280,0,10109489,8,100.0,0.0,2.195,False,0,0.5814082990683872,False,03612600
03303280,0,10111395,9,100.0,0.0,0.371,False,0,0.5814082990683872,False,03612600
03303280,0,10109491,10,100.0,0.0,0.151,False,0,0.5814082990683872,False,03612600
03303280,0,10109029,11,100.0,0.0,2.822,False,0,0.5814082990683872,False,03612600
03303280,0,10109059,12,100.0,0.0,4.108,False,0,0.5814082990683872,False,03612600
03303280,0,10109093,13,100.0,0.0,4.945,False,0,0.5814082990683872,False,03612600
03303280,0,10109531,14,100.0,0.0,0.517,False,0,0.5814082990683872,False,03612600
03303280,0,10109543,15,100.0,0.0,1.069,False,0,0.5814082990683872,False,03612600
03303280,0,10109551,16,100.0,0.0,1.259,False,0,0.5814082990683872,False,03612600
03303280,0,10109555,17,100.0,0.0,0.064,False,0,0.5814082990683872,False,03612600
03303280,0,10109565,18,100.0,0.0,1.6909999999999998,False,0,0.5814082990683872,False,03612600
03303280,0,10110313,19,100.0,0.0,1.5390000000000001,False,0,0.5814082990683872,False,03612600
03303280,0,10110333,20,100.0,0.0,3.87,False,0,0.5814082990683872,False,03612600
03303280,0,10110345,21,100.0,0.0,2.983,False,0,0.5814082990683872,False,03612600
03303280,0,10110351,22,100.0,0.0,3.3540000000000005,False,0,0.5814082990683872,False,03612600
03303280,0,10110397,23,100.0,0.0,1.61,False,0,0.5814082990683872,False,03612600
03303280,0,10110369,24,100.0,0.0,0.45899999999999996,False,0,0.5814082990683872,False,03612600
03303280,0,10110395,25,100.0,0.0,1.466,False,0,0.5814082990683872,False,03612600
03303280,0,10110377,26,100.0,0.0,9.88,False,0,0.5814082990683872,False,03612600
03303280,0,10110375,27,100.0,0.0,1.784,False,0,0.5814082990683872,False,03612600
03303280,0,10110371,28,100.0,0.0,0.529,False,0,0.5814082990683872,False,03612600
03303280,0,10110367,29,100.0,0.0,2.33,False,0,0.5814082990683872,False,03612600
03303280,0,10110359,30,100.0,0.0,0.847,False,0,0.5814082990683872,False,03612600
03303280,0,10110361,31,100.0,0.0,4.805,False,0,0.5814082990683872,False,03612600
03303280,0,10110355,32,100.0,0.0,5.313,False,0,0.5814082990683872,False,03612600
03303280,0,10110407,33,100.0,0.0,3.755,False,0,0.5814082990683872,False,03612600
03303280,0,10110403,34,100.0,0.0,1.969,False,0,0.5814082990683872,False,03612600
03303280,0,10110339,35,100.0,0.0,4.03,False,0,0.5814082990683872,False,03612600
03303280,0,10110331,36,100.0,0.0,0.814,False,0,0.5814082990683872,False,03612600
03303280,0,10110327,37,100.0,0.0,0.42,False,0,0.5814082990683872,False,03612600
03303280,0,10110389,38,100.0,0.0,4.885,False,0,0.5814082990683872,False,03612600
03303280,0,10110383,39,100.0,0.0,0.551,False,0,0.5814082990683872,False,03612600
03303280,0,10110255,40,100.0,0.0,3.389,False,0,0.5814082990683872,False,03612600
03303280,0,10110385,41,100.0,0.0,0.49200000000000005,False,0,0.5814082990683872,False,03612600
03303280,0,10110341,42,100.0,0.0,3.82,False,0,0.5814082990683872,False,03612600
03303280,0,10157671,43,100.0,0.0,11.418,False,0,0.5814082990683872,False,03612600
03303280,0,10157663,44,100.0,0.0,2.445,False,0,0.5814082990683872,False,03612600
03303280,0,10157667,45,100.0,0.0,5.67,False,0,0.5814082990683872,False,03612600
03303280,0,10157685,46,100.0,0.0,6.649,False,0,0.5814082990683872,False,03612600
03303280,0,10157713,47,100.0,0.0,6.543000000000001,False,0,0.5814082990683872,False,03612600
03303280,0,10157799,48,100.0,0.0,3.1289999999999996,False,0,0.5814082990683872,False,03612600
03303280,0,10157801,49,100.0,0.0,1.007,False,0,0.5814082990683872,False,03612600
03303280,0,10157715,50,100.0,0.0,9.669,False,0,0.5814082990683872,False,03612600
03303280,0,10157691,51,100.0,0.0,0.18,False,0,0.5814082990683872,False,03612600
03303280,0,10157783,52,100.0,0.0,2.082,False,0,0.5814082990683872,False,03612600
03303280,0,10157779,53,100.0,0.0,0.722,False,0,0.5814082990683872,False,03612600
03303280,0,10157689,54,100.0,0.0,3.145,False,0,0.5814082990683872,False,03612600
03303280,0,10157791,55,100.0,0.0,0.494,False,0,0.5814082990683872,False,03612600
03303280,0,10157697,56,100.0,0.0,2.657,False,0,0.5814082990683872,False,03612600
03303280,0,10157705,57,100.0,0.0,4.2,False,0,0.5814082990683872,False,03612600
03303280,0,10157789,58,100.0,0.0,3.8079999999999994,False,0,0.5814082990683872,False,03612600
03303280,0,10159273,59,100.0,0.0,4.479,False,0,0.5814082990683872,False,03612600
03303280,0,10157701,60,100.0,0.0,0.259,False,0,0.5814082990683872,False,03612600
03303280,0,10159275,61,100.0,0.0,0.07,False,0,0.5814082990683872,False,03612600
03303280,0,10157767,62,100.0,0.0,0.28,False,0,0.5814082990683872,False,03612600
03303280,0,10157765,63,100.0,0.0,2.013,False,0,0.5814082990683872,False,03612600
03303280,0,10157775,64,100.0,0.0,0.038,False,0,0.5814082990683872,False,03612600
03303280,0,10157773,65,100.0,0.0,0.41,False,0,0.5814082990683872,False,03612600
03303280,0,10157797,66,100.0,0.0,4.389,False,0,0.5814082990683872,False,03612600
03303280,0,10157693,67,100.0,0.0,1.205,False,0,0.5814082990683872,False,03612600
03303280,0,10157707,68,100.0,0.0,1.982,False,0,0.5814082990683872,False,03612600
03303280,0,10157795,69,100.0,0.0,4.085,False,0,0.5814082990683872,False,03612600
03303280,0,10157719,70,100.0,0.0,7.294,False,0,0.5814082990683872,False,03612600
03303280,0,10157727,71,100.0,0.0,1.925,False,0,0.5814082990683872,False,03612600
03303280,0,10157729,72,100.0,0.0,1.699,False,0,0.5814082990683872,False,03612600
03303280,0,10157731,73,100.0,0.0,4.42,False,0,0.5814082990683872,False,03612600
03303280,0,10157723,74,100.0,0.0,0.16400000000000003,False,0,0.5814082990683872,False,03612600
03303280,0,10157771,75,100.0,0.0,0.732,False,0,0.5814082990683872,False,03612600
03303280,0,10158625,76,100.0,0.0,1.724,False,0,0.5814082990683872,False,03612600
03303280,0,10158627,77,100.0,0.0,0.631,False,0,0.5814082990683872,False,03612600
03303280,0,11866814,78,100.0,0.0,0.149,False,0,0.5814082990683872,False,03612600
03303280,0,11866712,79,100.0,0.0,4.71,False,0,0.5814082990683872,False,03612600
03303280,0,11866714,80,100.0,0.0,0.03,False,0,0.5814082990683872,False,03612600
03303280,0,11866718,81,100.0,0.0,2.885,False,0,0.5814082990683872,False,03612600
03303280,0,11866722,82,100.0,0.0,2.015,False,0,0.5814082990683872,False,03612600
03303280,0,11866822,83,100.0,0.0,4.081,False,0,0.5814082990683872,False,03612600
03303280,0,11866728,84,100.0,0.0,0.159,False,0,0.5814082990683872,False,03612600
03303280,0,11866732,85,100.0,0.0,1.445,False,0,0.5814082990683872,False,03612600
03303280,0,11866736,86,100.0,0.0,1.835,False,0,0.5814082990683872,False,03612600
03303280,0,11866740,87,100.0,0.0,2.096,False,0,0.5814082990683872,False,03612600
03303280,0,11866744,88,100.0,0.0,1.4910000000000003,False,0,0.5814082990683872,False,03612600
03303280,0,11866748,89,100.0,0.0,1.44,False,0,0.5814082990683872,False,03612600
03303280,0,11866752,90,100.0,0.0,2.343,False,0,0.5814082990683872,False,03612600
03303280,0,11866758,91,100.0,0.0,3.867,False,0,0.5814082990683872,False,03612600
03303280,0,11866766,92,100.0,0.0,2.688,False,0,0.5814082990683872,False,03612600
03303280,0,11866772,93,100.0,0.0,1.305,False,0,0.5814082990683872,False,03612600
03303280,0,11866776,94,100.0,0.0,0.807,False,0,0.5814082990683872,False,03612600
03303280,0,11866780,95,100.0,0.0,3.346,False,0,0.5814082990683872,False,03612600
03303280,0,11866782,96,100.0,0.0,3.356,False,0,0.5814082990683872,False,03612600
03303280,0,11866786,97,100.0,0.0,0.708,False,0,0.5814082990683872,False,03612600
03303280,0,11866788,98,100.0,0.0,0.268,False,0,0.5814082990683872,False,03612600
03303280,0,11870004,99,100.0,0.0,2.096,False,0,0.5814082990683872,False,03612600
03303280,0,11870006,100,100.0,0.0,1.318,False,0,0.5814082990683872,False,03612600
03303280,0,11870010,101,100.0,0.0,0.9129999999999999,False,0,0.5814082990683872,False,03612600
03303280,0,11870012,102,100.0,0.0,0.553,False,0,0.5814082990683872,False,03612600
03303280,0,11870014,103,100.0,0.0,0.95,False,0,0.5814082990683872,False,03612600
03303280,0,11870018,104,100.0,0.0,0.121,False,0,0.5814082990683872,False,03612600
03303280,0,11870022,105,100.0,0.0,0.075,False,0,0.5814082990683872,False,03612600
03303280,0,11870032,106,100.0,0.0,4.396,False,0,0.5814082990683872,False,03612600
03303280,0,11870036,107,100.0,0.0,3.263,False,0,0.5814082990683872,False,03612600
03303280,0,11870038,108,100.0,0.0,0.78,False,0,0.5814082990683872,False,03612600
03303280,0,11870042,109,100.0,0.0,0.959,False,0,0.5814082990683872,False,03612600
03303280,0,11872730,110,100.0,0.0,1.359,False,0,0.5814082990683872,False,03612600
03303280,0,11870058,111,100.0,0.0,2.302,False,0,0.5814082990683872,False,03612600
03303280,0,11870064,112,100.0,0.0,2.073,False,0,0.5814082990683872,False,03612600
03303280,0,11870072,113,100.0,0.0,3.346,False,0,0.5814082990683872,False,03612600
03303280,0,11870082,114,100.0,0.0,3.781,False,0,0.5814082990683872,False,03612600
03303280,0,11870100,115,100.0,0.0,1.344,False,0,0.5814082990683872,False,03612600
03303280,0,11870106,116,100.0,0.0,0.689,False,0,0.5814082990683872,False,03612600
03303280,0,11870108,117,100.0,0.0,0.619,False,0,0.5814082990683872,False,03612600
03303280,0,11870110,118,100.0,0.0,0.154,False,0,0.5814082990683872,False,03612600
03303280,0,11870104,119,100.0,0.0,2.062,False,0,0.5814082990683872,False,03612600
03303280,0,11870088,120,100.0,0.0,1.298,False,0,0.5814082990683872,False,03612600
03303280,0,11870080,121,100.0,0.0,0.636,False,0,0.5814082990683872,False,03612600
03303280,0,11870086,122,100.0,0.0,1.341,False,0,0.5814082990683872,False,03612600
03303280,0,11870092,123,100.0,0.0,1.013,False,0,0.5814082990683872,False,03612600
03303280,0,11870120,124,100.0,0.0,2.987,False,0,0.5814082990683872,False,03612600
03303280,0,11870124,125,100.0,0.0,1.972,False,0,0.5814082990683872,False,03612600
03303280,0,11870136,126,100.0,0.0,2.151,False,0,0.5814082990683872,False,03612600
03303280,0,11870140,127,100.0,0.0,0.462,False,0,0.5814082990683872,False,03612600
03303280,0,11870144,128,100.0,0.0,0.8080000000000002,False,0,0.5814082990683872,False,03612600
03303280,0,11870154,129,100.0,0.0,0.868,False,0,0.5814082990683872,False,03612600
03303280,0,11870156,130,100.0,0.0,1.3329999999999997,False,0,0.5814082990683872,False,03612600
03303280,0,11870174,131,100.0,0.0,5.648,False,0,0.5814082990683872,False,03612600
03303280,0,11870182,132,100.0,0.0,3.644,False,0,0.5814082990683872,False,03612600
03303280,0,11870186,133,100.0,0.0,0.9689999999999999,False,0,0.5814082990683872,False,03612600
03303280,0,11870196,134,100.0,0.0,1.391,False,0,0.5814082990683872,False,03612600
03303280,0,11870200,135,100.0,0.0,0.3390000000000001,False,0,0.5814082990683872,False,03612600
03303280,0,11870202,136,100.0,0.0,1.307,False,0,0.5814082990683872,False,03612600
03303280,0,11870208,137,100.0,0.0,1.6230000000000002,False,0,0.5814082990683872,False,03612600
03303280,0,11870214,138,100.0,0.0,4.899,False,0,0.5814082990683872,False,03612600
03303280,0,11870216,139,100.0,0.0,2.543,False,0,0.5814082990683872,False,03612600
03303280,0,11870220,140,100.0,0.0,0.985,False,0,0.5814082990683872,False,03612600
03303280,0,11870286,141,100.0,0.0,0.524,False,0,0.5814082990683872,False,03612600
03303280,0,11870232,142,100.0,0.0,0.96,False,0,0.5814082990683872,False,03612600
03303280,0,11870236,143,100.0,0.0,0.596,False,0,0.5814082990683872,False,03612600
03303280,0,1840205,144,100.0,0.0,1.068,False,0,0.5814082990683872,False,03612600
03303280,0,1840209,145,100.0,0.0,2.947,False,0,0.5814082990683872,False,03612600
03303280,0,1840047,146,100.0,0.0,1.072,False,0,0.5814082990683872,False,03612600
03303280,0,1840061,147,100.0,0.0,0.681,False,0,0.5814082990683872,False,03612600
03303280,0,1840079,148,100.0,0.0,2.764,False,0,0.5814082990683872,False,03612600
03303280,0,1840087,149,100.0,0.0,0.909,False,0,0.5814082990683872,False,03612600
03303280,0,1840099,150,100.0,0.0,2.305,False,0,0.5814082990683872,False,03612600
03303280,0,1840103,151,100.0,0.0,1.639,False,0,0.5814082990683872,False,03612600
03303280,0,1840105,152,100.0,0.0,4.645,False,0,0.5814082990683872,False,03612600
03303280,0,1840097,153,100.0,0.0,1.577,False,0,0.5814082990683872,False,03612600
03303280,0,1840095,154,100.0,0.0,1.205,False,0,0.5814082990683872,True,03612600
03303280,0,1840193,155,100.0,0.0,0.8690000000000001,False,0,0.5814082990683872,True,03612600
03303280,0,1840075,156,100.0,0.0,0.555,False,0,0.5814082990683872,True,03612600
03303280,0,1840191,157,100.0,0.0,2.499,False,0,0.5814082990683872,True,03612600
03303280,0,1840069,158,100.0,0.0,2.506,False,0,0.5814082990683872,True,03612600
03303280,0,1840057,159,100.0,0.0,0.968,False,0,0.5814082990683872,True,03612600
03303280,0,1840053,160,100.0,0.0,0.904,False,0,0.5814082990683872,True,03612600
03303280,0,1840043,161,100.0,0.0,1.235,False,0,0.5814082990683872,True,03612600
03303280,0,1840041,162,100.0,0.0,1.745,False,0,0.5814082990683872,True,03612600
03303280,0,1840029,163,100.0,0.0,1.527,False,0,0.5814082990683872,True,03612600
03303280,0,1840019,164,100.0,0.0,0.466,False,0,0.5814082990683872,True,03612600
03303280,0,1840021,165,100.0,0.0,0.45,False,0,0.5814082990683872,True,03612600
03303280,0,1840023,166,100.0,0.0,0.706,False,0,0.5814082990683872,True,03612600
03303280,0,1840025,167,100.0,0.0,2.49,False,0,0.5814082990683872,True,03612600
03303280,0,1840009,168,100.0,0.0,0.534,False,0,0.5814082990683872,True,03612600
03303280,0,1840007,169,100.0,0.0,3.795,False,0,0.5814082990683872,True,03612600
03303280,0,1840001,170,100.0,0.0,1.15,False,0,0.5814082990683872,True,03612600
03303280,0,1839995,171,100.0,0.0,0.53,False,0,0.5814082990683872,True,03612600
03303280,0,1839991,172,100.0,0.0,1.307,False,0,0.5814082990683872,True,03612600
03303280,0,1839985,173,100.0,0.0,0.251,False,0,0.5814082990683872,True,03612600
03303280,0,1839981,174,100.0,0.0,0.982,False,0,0.5814082990683872,True,03612600
03303280,0,1839977,175,100.0,0.0,0.635,False,0,0.5814082990683872,True,03612600
03303280,0,1839971,176,100.0,0.0,0.047,False,0,0.5814082990683872,True,03612600
03303280,0,1839973,177,100.0,0.0,0.985,False,0,0.5814082990683872,True,03612600
03303280,0,1839967,178,100.0,0.0,0.718,False,0,0.5814082990683872,True,03612600
03303280,0,1839963,179,100.0,0.0,2.863,False,0,0.5814082990683872,True,03612600
03303280,0,1839957,180,100.0,0.0,0.602,False,0,0.5814082990683872,True,03612600
03303280,0,1839953,181,100.0,0.0,0.7490000000000001,False,0,0.5814082990683872,True,03612600
03303280,0,1839951,182,100.0,0.0,2.185,False,0,0.5814082990683872,True,03612600
03303280,0,1839939,183,100.0,0.0,0.299,False,0,0.5814082990683872,True,03612600
03303280,0,1839935,184,100.0,0.0,1.055,False,0,0.5814082990683872,True,03612600
03303280,0,1839931,185,100.0,0.0,2.675,False,0,0.5814082990683872,True,03612600
03303280,0,1839941,186,100.0,0.0,3.017,False,0,0.5814082990683872,True,03612600
03303280,0,1839947,187,100.0,0.0,0.302,False,0,0.5814082990683872,True,03612600
03303280,0,1841387,188,100.0,0.0,1.515,False,0,0.5814082990683872,True,03612600
03303280,0,1841391,189,100.0,0.0,0.375,False,0,0.5814082990683872,True,03612600
03303280,0,1841397,190,100.0,0.0,1.476,False,0,0.5814082990683872,True,03612600
03303280,0,1841401,191,100.0,0.0,0.611,False,0,0.5814082990683872,True,03612600
03303280,0,1841403,192,100.0,0.0,1.204,False,0,0.5814082990683872,True,03612600
03303280,0,1841415,193,100.0,78.1292,1.592631656,False,0,0.5814082990683872,True,03612600
03609750,1,1861950,0,100.0,0.0,1.786,False,0,0.2423528524525729,False,03612600
03609750,1,1861924,1,100.0,0.0,2.06,False,0,0.2423528524525729,False,03612600
03609750,1,1861910,2,100.0,0.0,0.65,False,0,0.2423528524525729,False,03612600
03609750,1,1862014,3,100.0,0.0,0.225,False,0,0.2423528524525729,False,03612600
03609750,1,1868000,4,100.0,0.0,0.441,False,0,0.2423528524525729,False,03612600
03609750,1,1867998,5,100.0,0.0,0.05,False,0,0.2423528524525729,False,03612600
03609750,1,1861888,6,100.0,0.0,0.507,False,0,0.2423528524525729,False,03612600
03609750,1,1840095,7,100.0,0.0,1.205,False,0,0.2423528524525729,True,03612600
03609750,1,1840193,8,100.0,0.0,0.8690000000000001,False,0,0.2423528524525729,True,03612600
03609750,1,1840075,9,100.0,0.0,0.555,False,0,0.2423528524525729,True,03612600
03609750,1,1840191,10,100.0,0.0,2.499,False,0,0.2423528524525729,True,03612600
03609750,1,1840069,11,100.0,0.0,2.506,False,0,0.2423528524525729,True,03612600
03609750,1,1840057,12,100.0,0.0,0.968,False,0,0.2423528524525729,True,03612600
03609750,1,1840053,13,100.0,0.0,0.904,False,0,0.2423528524525729,True,03612600
03609750,1,1840043,14,100.0,0.0,1.235,False,0,0.2423528524525729,True,03612600
03609750,1,1840041,15,100.0,0.0,1.745,False,0,0.2423528524525729,True,03612600
03609750,1,1840029,16,100.0,0.0,1.527,False,0,0.2423528524525729,True,03612600
03609750,1,1840019,17,100.0,0.0,0.466,False,0,0.2423528524525729,True,03612600
03609750,1,1840021,18,100.0,0.0,0.45,False,0,0.2423528524525729,True,03612600
03609750,1,1840023,19,100.0,0.0,0.706,False,0,0.2423528524525729,True,03612600
03609750,1,1840025,20,100.0,0.0,2.49,False,0,0.2423528524525729,True,03612600
03609750,1,1840009,21,100.0,0.0,0.534,False,0,0.2423528524525729,True,03612600
03609750,1,1840007,22,100.0,0.0,3.795,False,0,0.2423528524525729,True,03612600
03609750,1,1840001,23,100.0,0.0,1.15,False,0,0.2423528524525729,True,03612600
03609750,1,1839995,24,100.0,0.0,0.53,False,0,0.2423528524525729,True,03612600
03609750,1,1839991,25,100.0,0.0,1.307,False,0,0.2423528524525729,True,03612600
03609750,1,1839985,26,100.0,0.0,0.251,False,0,0.2423528524525729,True,03612600
03609750,1,1839981,27,100.0,0.0,0.982,False,0,0.2423528524525729,True,03612600
03609750,1,1839977,28,100.0,0.0,0.635,False,0,0.2423528524525729,True,03612600
03609750,1,1839971,29,100.0,0.0,0.047,False,0,0.2423528524525729,True,03612600
03609750,1,1839973,30,100.0,0.0,0.985,False,0,0.2423528524525729,True,03612600
03609750,1,1839967,31,100.0,0.0,0.718,False,0,0.2423528524525729,True,03612600
03609750,1,1839963,32,100.0,0.0,2.863,False,0,0.2423528524525729,True,03612600
03609750,1,1839957,33,100.0,0.0,0.602,False,0,0.2423528524525729,True,03612600
03609750,1,1839953,34,100.0,0.0,0.7490000000000001,False,0,0.2423528524525729,True,03612600
03609750,1,1839951,35,100.0,0.0,2.185,False,0,0.2423528524525729,True,03612600
03609750,1,1839939,36,100.0,0.0,0.299,False,0,0.2423528524525729,True,03612600
03609750,1,1839935,37,100.0,0.0,1.055,False,0,0.2423528524525729,True,03612600
03609750,1,1839931,38,100.0,0.0,2.675,False,0,0.2423528524525729,True,03612600
03609750,1,1839941,39,100.0,0.0,3.017,False,0,0.2423528524525729,True,03612600
03609750,1,1839947,40,100.0,0.0,0.302,False,0,0.2423528524525729,True,03612600
03609750,1,1841387,41,100.0,0.0,1.515,False,0,0.2423528524525729,True,03612600
03609750,1,1841391,42,100.0,0.0,0.375,False,0,0.2423528524525729,True,03612600
03609750,1,1841397,43,100.0,0.0,1.476,False,0,0.2423528524525729,True,03612600
03609750,1,1841401,44,100.0,0.0,0.611,False,0,0.2423528524525729,True,03612600
03609750,1,1841403,45,100.0,0.0,1.204,False,0,0.2423528524525729,True,03612600
03609750,1,1841415,46,100.0,78.1292,1.592631656,False,0,0.2423528524525729,True,03612600
03378500,2,10382125,0,64.2832,0.0,0.8388957599999999,False,0,0.1762388484790399,False,03612600
03378500,2,10382133,1,100.0,0.0,3.3,False,0,0.1762388484790399,False,03612600
03378500,2,10382139,2,100.0,0.0,1.6130000000000002,False,0,0.1762388484790399,False,03612600
03378500,2,10382147,3,100.0,0.0,3.109,False,0,0.1762388484790399,False,03612600
03378500,2,10382151,4,100.0,0.0,1.221,False,0,0.1762388484790399,False,03612600
03378500,2,10385561,5,100.0,0.0,1.3560000000000003,False,0,0.1762388484790399,False,03612600
03378500,2,10383153,6,100.0,0.0,2.606,False,0,0.1762388484790399,False,03612600
03378500,2,10383155,7,100.0,0.0,6.261,False,0,0.1762388484790399,False,03612600
03378500,2,10383157,8,100.0,0.0,0.034,False,0,0.1762388484790399,False,03612600
03378500,2,10383161,9,100.0,0.0,0.389,False,0,0.1762388484790399,False,03612600
03378500,2,10383165,10,100.0,0.0,0.13,False,0,0.1762388484790399,False,03612600
03378500,2,10383167,11,100.0,0.0,3.057,False,0,0.1762388484790399,False,03612600
03378500,2,10383171,12,100.0,0.0,0.17,False,0,0.1762388484790399,False,03612600
03378500,2,10384339,13,100.0,0.0,1.087,False,0,0.1762388484790399,False,03612600
03378500,2,10384345,14,100.0,0.0,0.607,False,0,0.1762388484790399,False,03612600
03378500,2,10384349,15,100.0,0.0,3.928,False,0,0.1762388484790399,False,03612600
03378500,2,10384355,16,100.0,0.0,0.924,False,0,0.1762388484790399,False,03612600
03378500,2,10384367,17,100.0,0.0,3.991,False,0,0.1762388484790399,False,03612600
03378500,2,10384369,18,100.0,0.0,1.575,False,0,0.1762388484790399,False,03612600
03378500,2,10384375,19,100.0,0.0,2.058,False,0,0.1762388484790399,False,03612600
03378500,2,10384377,20,100.0,0.0,10.566,False,0,0.1762388484790399,False,03612600
03378500,2,10384379,21,100.0,0.0,0.042,False,0,0.1762388484790399,False,03612600
03378500,2,10384383,22,100.0,0.0,7.922,False,0,0.1762388484790399,False,03612600
03378500,2,10384387,23,100.0,0.0,0.8420000000000001,False,0,0.1762388484790399,False,03612600
03378500,2,10384391,24,100.0,0.0,0.966,False,0,0.1762388484790399,False,03612600
03378500,2,10384399,25,100.0,0.0,5.831999999999999,False,0,0.1762388484790399,False,03612600
03378500,2,10384395,26,100.0,0.0,0.403,False,0,0.1762388484790399,False,03612600
03378500,2,10384403,27,100.0,0.0,3.753,False,0,0.1762388484790399,False,03612600
03378500,2,10384405,28,100.0,0.0,4.854,False,0,0.1762388484790399,False,03612600
03378500,2,10384401,29,100.0,0.0,0.299,False,0,0.1762388484790399,False,03612600
03378500,2,11866814,30,100.0,0.0,0.149,False,0,0.1762388484790399,False,03612600
03378500,2,11866712,31,100.0,0.0,4.71,False,0,0.1762388484790399,False,03612600
03378500,2,11866714,32,100.0,0.0,0.03,False,0,0.1762388484790399,False,03612600
03378500,2,11866718,33,100.0,0.0,2.885,False,0,0.1762388484790399,False,03612600
03378500,2,11866722,34,100.0,0.0,2.015,False,0,0.1762388484790399,False,03612600
03378500,2,11866822,35,100.0,0.0,4.081,False,0,0.1762388484790399,False,03612600
03378500,2,11866728,36,100.0,0.0,0.159,False,0,0.1762388484790399,False,03612600
03378500,2,11866732,37,100.0,0.0,1.445,False,0,0.1762388484790399,False,03612600
03378500,2,11866736,38,100.0,0.0,1.835,False,0,0.1762388484790399,False,03612600
03378500,2,11866740,39,100.0,0.0,2.096,False,0,0.1762388484790399,False,03612600
03378500,2,11866744,40,100.0,0.0,1.4910000000000003,False,0,0.1762388484790399,False,03612600
03378500,2,11866748,41,100.0,0.0,1.44,False,0,0.1762388484790399,False,03612600
03378500,2,11866752,42,100.0,0.0,2.343,False,0,0.1762388484790399,False,03612600
03378500,2,11866758,43,100.0,0.0,3.867,False,0,0.1762388484790399,False,03612600
03378500,2,11866766,44,100.0,0.0,2.688,False,0,0.1762388484790399,False,03612600
03378500,2,11866772,45,100.0,0.0,1.305,False,0,0.1762388484790399,False,03612600
03378500,2,11866776,46,100.0,0.0,0.807,False,0,0.1762388484790399,False,03612600
03378500,2,11866780,47,100.0,0.0,3.346,False,0,0.1762388484790399,False,03612600
03378500,2,11866782,48,100.0,0.0,3.356,False,0,0.1762388484790399,False,03612600
03378500,2,11866786,49,100.0,0.0,0.708,False,0,0.1762388484790399,False,03612600
03378500,2,11866788,50,100.0,0.0,0.268,False,0,0.1762388484790399,False,03612600
03378500,2,11870004,51,100.0,0.0,2.096,False,0,0.1762388484790399,False,03612600
03378500,2,11870006,52,100.0,0.0,1.318,False,0,0.1762388484790399,False,03612600
03378500,2,11870010,53,100.0,0.0,0.9129999999999999,False,0,0.1762388484790399,False,03612600
03378500,2,11870012,54,100.0,0.0,0.553,False,0,0.1762388484790399,False,03612600
03378500,2,11870014,55,100.0,0.0,0.95,False,0,0.1762388484790399,False,03612600
03378500,2,11870018,56,100.0,0.0,0.121,False,0,0.1762388484790399,False,03612600
03378500,2,11870022,57,100.0,0.0,0.075,False,0,0.1762388484790399,False,03612600
03378500,2,11870032,58,100.0,0.0,4.396,False,0,0.1762388484790399,False,03612600
03378500,2,11870036,59,100.0,0.0,3.263,False,0,0.1762388484790399,False,03612600
03378500,2,11870038,60,100.0,0.0,0.78,False,0,0.1762388484790399,False,03612600
03378500,2,11870042,61,100.0,0.0,0.959,False,0,0.1762388484790399,False,03612600
03378500,2,11872730,62,100.0,0.0,1.359,False,0,0.1762388484790399,False,03612600
03378500,2,11870058,63,100.0,0.0,2.302,False,0,0.1762388484790399,False,03612600
03378500,2,11870064,64,100.0,0.0,2.073,False,0,0.1762388484790399,False,03612600
03378500,2,11870072,65,100.0,0.0,3.346,False,0,0.1762388484790399,False,03612600
03378500,2,11870082,66,100.0,0.0,3.781,False,0,0.1762388484790399,False,03612600
03378500,2,11870100,67,100.0,0.0,1.344,False,0,0.1762388484790399,False,03612600
03378500,2,11870106,68,100.0,0.0,0.689,False,0,0.1762388484790399,False,03612600
03378500,2,11870108,69,100.0,0.0,0.619,False,0,0.1762388484790399,False,03612600
03378500,2,11870110,70,100.0,0.0,0.154,False,0,0.1762388484790399,False,03612600
03378500,2,11870104,71,100.0,0.0,2.062,False,0,0.1762388484790399,False,03612600
03378500,2,11870088,72,100.0,0.0,1.298,False,0,0.1762388484790399,False,03612600
03378500,2,11870080,73,100.0,0.0,0.636,False,0,0.1762388484790399,False,03612600
03378500,2,11870086,74,100.0,0.0,1.341,False,0,0.1762388484790399,False,03612600
03378500,2,11870092,75,100.0,0.0,1.013,False,0,0.1762388484790399,False,03612600
03378500,2,11870120,76,100.0,0.0,2.987,False,0,0.1762388484790399,False,03612600
03378500,2,11870124,77,100.0,0.0,1.972,False,0,0.1762388484790399,False,03612600
03378500,2,11870136,78,100.0,0.0,2.151,False,0,0.1762388484790399,False,03612600
03378500,2,11870140,79,100.0,0.0,0.462,False,0,0.1762388484790399,False,03612600
03378500,2,11870144,80,100.0,0.0,0.8080000000000002,False,0,0.1762388484790399,False,03612600
03378500,2,11870154,81,100.0,0.0,0.868,False,0,0.1762388484790399,False,03612600
03378500,2,11870156,82,100.0,0.0,1.3329999999999997,False,0,0.1762388484790399,False,03612600
03378500,2,11870174,83,100.0,0.0,5.648,False,0,0.1762388484790399,False,03612600
03378500,2,11870182,84,100.0,0.0,3.644,False,0,0.1762388484790399,False,03612600
03378500,2,11870186,85,100.0,0.0,0.9689999999999999,False,0,0.1762388484790399,False,03612600
03378500,2,11870196,86,100.0,0.0,1.391,False,0,0.1762388484790399,False,03612600
03378500,2,11870200,87,100.0,0.0,0.3390000000000001,False,0,0.1762388484790399,False,03612600
03378500,2,11870202,88,100.0,0.0,1.307,False,0,0.1762388484790399,False,03612600
03378500,2,11870208,89,100.0,0.0,1.6230000000000002,False,0,0.1762388484790399,False,03612600
03378500,2,11870214,90,100.0,0.0,4.899,False,0,0.1762388484790399,False,03612600
03378500,2,11870216,91,100.0,0.0,2.543,False,0,0.1762388484790399,False,03612600
03378500,2,11870220,92,100.0,0.0,0.985,False,0,0.1762388484790399,False,03612600
03378500,2,11870286,93,100.0,0.0,0.524,False,0,0.1762388484790399,False,03612600
03378500,2,11870232,94,100.0,0.0,0.96,False,0,0.1762388484790399,False,03612600
03378500,2,11870236,95,100.0,0.0,0.596,False,0,0.1762388484790399,False,03612600
03378500,2,1840205,96,100.0,0.0,1.068,False,0,0.1762388484790399,False,03612600
03378500,2,1840209,97,100.0,0.0,2.947,False,0,0.1762388484790399,False,03612600
03378500,2,1840047,98,100.0,0.0,1.072,False,0,0.1762388484790399,False,03612600
03378500,2,1840061,99,100.0,0.0,0.681,False,0,0.1762388484790399,False,03612600
03378500,2,1840079,100,100.0,0.0,2.764,False,0,0.1762388484790399,False,03612600
03378500,2,1840087,101,100.0,0.0,0.909,False,0,0.1762388484790399,False,03612600
03378500,2,1840099,102,100.0,0.0,2.305,False,0,0.1762388484790399,False,03612600
03378500,2,1840103,103,100.0,0.0,1.639,False,0,0.1762388484790399,False,03612600
03378500,2,1840105,104,100.0,0.0,4.645,False,0,0.1762388484790399,False,03612600
03378500,2,1840097,105,100.0,0.0,1.577,False,0,0.1762388484790399,False,03612600
03378500,2,1840095,106,100.0,0.0,1.205,False,0,0.1762388484790399,True,03612600
03378500,2,1840193,107,100.0,0.0,0.8690000000000001,False,0,0.1762388484790399,True,03612600
03378500,2,1840075,108,100.0,0.0,0.555,False,0,0.1762388484790399,True,03612600
03378500,2,1840191,109,100.0,0.0,2.499,False,0,0.1762388484790399,True,03612600
03378500,2,1840069,110,100.0,0.0,2.506,False,0,0.1762388484790399,True,03612600
03378500,2,1840057,111,100.0,0.0,0.968,False,0,0.1762388484790399,True,03612600
03378500,2,1840053,112,100.0,0.0,0.904,False,0,0.1762388484790399,True,03612600
03378500,2,1840043,113,100.0,0.0,1.235,False,0,0.1762388484790399,True,03612600
03378500,2,1840041,114,100.0,0.0,1.745,False,0,0.1762388484790399,True,03612600
03378500,2,1840029,115,100.0,0.0,1.527,False,0,0.1762388484790399,True,03612600
03378500,2,1840019,116,100.0,0.0,0.466,False,0,0.1762388484790399,True,03612600
03378500,2,1840021,117,100.0,0.0,0.45,False,0,0.1762388484790399,True,03612600
03378500,2,1840023,118,100.0,0.0,0.706,False,0,0.1762388484790399,True,03612600
03378500,2,1840025,119,100.0,0.0,2.49,False,0,0.1762388484790399,True,03612600
03378500,2,1840009,120,100.0,0.0,0.534,False,0,0.1762388484790399,True,03612600
03378500,2,1840007,121,100.0,0.0,3.795,False,0,0.1762388484790399,True,03612600
03378500,2,1840001,122,100.0,0.0,1.15,False,0,0.1762388484790399,True,03612600
03378500,2,1839995,123,100.0,0.0,0.53,False,0,0.1762388484790399,True,03612600
03378500,2,1839991,124,100.0,0.0,1.307,False,0,0.1762388484790399,True,03612600
03378500,2,1839985,125,100.0,0.0,0.251,False,0,0.1762388484790399,True,03612600
03378500,2,1839981,126,100.0,0.0,0.982,False,0,0.1762388484790399,True,03612600
03378500,2,1839977,127,100.0,0.0,0.635,False,0,0.1762388484790399,True,03612600
03378500,2,1839971,128,100.0,0.0,0.047,False,0,0.1762388484790399,True,03612600
03378500,2,1839973,129,100.0,0.0,0.985,False,0,0.1762388484790399,True,03612600
03378500,2,1839967,130,100.0,0.0,0.718,False,0,0.1762388484790399,True,03612600
03378500,2,1839963,131,100.0,0.0,2.863,False,0,0.1762388484790399,True,03612600
03378500,2,1839957,132,100.0,0.0,0.602,False,0,0.1762388484790399,True,03612600
03378500,2,1839953,133,100.0,0.0,0.7490000000000001,False,0,0.1762388484790399,True,03612600
03378500,2,1839951,134,100.0,0.0,2.185,False,0,0.1762388484790399,True,03612600
03378500,2,1839939,135,100.0,0.0,0.299,False,0,0.1762388484790399,True,03612600
03378500,2,1839935,136,100.0,0.0,1.055,False,0,0.1762388484790399,True,03612600
03378500,2,1839931,137,100.0,0.0,2.675,False,0,0.1762388484790399,True,03612600
03378500,2,1839941,138,100.0,0.0,3.017,False,0,0.1762388484790399,True,03612600
03378500,2,1839947,139,100.0,0.0,0.302,False,0,0.1762388484790399,True,03612600
03378500,2,1841387,140,100.0,0.0,1.515,False,0,0.1762388484790399,True,03612600
03378500,2,1841391,141,100.0,0.0,0.375,False,0,0.1762388484790399,True,03612600
03378500,2,1841397,142,100.0,0.0,1.476,False,0,0.1762388484790399,True,03612600
03378500,2,1841401,143,100.0,0.0,0.611,False,0,0.1762388484790399,True,03612600
03378500,2,1841403,144,100.0,0.0,1.204,False,0,0.1762388484790399,True,03612600
03378500,2,1841415,145,100.0,78.1292,1.592631656,False,0,0.1762388484790399,True,03612600
05330000,0,2387166,0,50.9483,0.0,3.885826841,False,0,0.9947065665461904,False,05331580
05330000,0,2387150,1,100.0,0.0,1.9140000000000001,False,0,0.9947065665461904,False,05331580
05330000,0,2387144,2,100.0,0.0,4.171,False,0,0.9947065665461904,False,05331580
05330000,0,2387136,3,100.0,0.0,1.987,False,0,0.9947065665461904,False,05331580
05330000,0,2387132,4,100.0,0.0,0.095,False,0,0.9947065665461904,False,05331580
05330000,0,2387126,5,100.0,0.0,3.713,False,0,0.9947065665461904,False,05331580
05330000,0,2387118,6,100.0,0.0,1.475,False,0,0.9947065665461904,False,05331580
05330000,0,2387112,7,100.0,0.0,1.108,False,0,0.9947065665461904,False,05331580
05330000,0,2387406,8,100.0,0.0,3.836,False,0,0.9947065665461904,False,05331580
05330000,0,2387062,9,100.0,0.0,5.579,False,0,0.9947065665461904,False,05331580
05330000,0,2387040,10,100.0,0.0,0.297,False,0,0.9947065665461904,False,05331580
05330000,0,2387046,11,100.0,0.0,3.3310000000000004,False,0,0.9947065665461904,False,05331580
05330000,0,2387418,12,100.0,0.0,3.21,False,0,0.9947065665461904,False,05331580
05330000,0,2387056,13,100.0,0.0,1.66,False,0,0.9947065665461904,False,05331580
05330000,0,2387098,14,100.0,0.0,2.487,False,0,0.9947065665461904,False,05331580
05330000,0,2387096,15,100.0,0.0,1.744,False,0,0.9947065665461904,False,05331580
05330000,0,2387094,16,100.0,0.0,1.986,False,0,0.9947065665461904,False,05331580
05330000,0,2387088,17,100.0,0.0,1.912,False,0,0.9947065665461904,False,05331580
05330000,0,2387072,18,100.0,0.0,2.597,False,0,0.9947065665461904,False,05331580
05330000,0,2387048,19,100.0,0.0,0.063,False,0,0.9947065665461904,False,05331580
05330000,0,2387424,20,100.0,0.0,0.42699999999999994,False,0,0.9947065665461904,False,05331580
05330000,0,2387042,21,100.0,0.0,5.192,False,0,0.9947065665461904,False,05331580
05330000,0,937020561,22,100.0,0.0,1.341,False,0,0.9947065665461904,False,05331580
05330000,0,937020560,23,100.0,0.0,3.0239999999999996,False,0,0.9947065665461904,False,05331580
05330000,0,2387412,24,100.0,0.0,2.213,False,0,0.9947065665461904,False,05331580
05330000,0,2386972,25,100.0,0.0,1.517,False,0,0.9947065665461904,False,05331580
05330000,0,2386966,26,100.0,0.0,0.06,False,0,0.9947065665461904,False,05331580
05330000,0,2385830,27,100.0,0.0,0.047,False,0,0.9947065665461904,False,05331580
05330000,0,2386962,28,100.0,0.0,1.074,False,0,0.9947065665461904,False,05331580
05330000,0,2386956,29,100.0,0.0,0.631,False,0,0.9947065665461904,False,05331580
05330000,0,1104244,30,100.0,0.0,2.219,False,0,0.9947065665461904,True,05331580
05330000,0,1104234,31,100.0,0.0,1.392,False,0,0.9947065665461904,True,05331580
05330000,0,1104210,32,100.0,0.0,2.6429999999999993,False,0,0.9947065665461904,True,05331580
05330000,0,937010723,33,100.0,0.0,6.409,False,0,0.9947065665461904,True,05331580
05330000,0,937010724,34,100.0,0.0,6.327000000000001,False,0,0.9947065665461904,True,05331580
05330000,0,1104326,35,100.0,0.0,3.877,False,0,0.9947065665461904,True,05331580
05330000,0,1104260,36,100.0,0.0,1.118,False,0,0.9947065665461904,True,05331580
05330000,0,1104276,37,100.0,0.0,4.083,False,0,0.9947065665461904,True,05331580
05330000,0,1104280,38,100.0,0.0,3.074,False,0,0.9947065665461904,True,05331580
05330000,0,1104290,39,100.0,0.0,0.8320000000000001,False,0,0.9947065665461904,True,05331580
05330000,0,1104370,40,100.0,0.0,0.201,False,0,0.9947065665461904,True,05331580
05330000,0,1104368,41,100.0,0.0,1.0,True,120051919,0.9947065665461904,True,05331580
05330000,0,1104292,42,100.0,0.0,0.915,True,120051919,0.9947065665461904,True,05331580
05330000,0,1101440,43,100.0,0.0,4.789,True,120051919,0.9947065665461904,True,05331580
05330000,0,1101438,44,100.0,0.0,3.193,True,120051919,0.9947065665461904,True,05331580
05330000,0,1101412,45,100.0,0.0,0.466,True,120051919,0.9947065665461904,True,05331580
05330000,0,1101430,46,100.0,0.0,4.065,True,120051919,0.9947065665461904,True,05331580
05330000,0,1101434,47,100.0,0.0,0.288,True,120051919,0.9947065665461904,True,05331580
05330000,0,1101436,48,100.0,0.0,0.298,True,120051919,0.9947065665461904,True,05331580
05330000,0,1101442,49,100.0,0.0,0.157,False,0,0.9947065665461904,True,05331580
05330000,0,1101448,50,100.0,0.0,0.925,False,0,0.9947065665461904,True,05331580
05330000,0,1101462,51,100.0,30.5082,1.4822600940000001,False,0,0.9947065665461904,True,05331580
05330902,1,2386790,0,13.031,0.0,0.8261654,False,0,0.0028490018113749,False,05331580
05330902,1,2386796,1,100.0,0.0,1.371,False,0,0.0028490018113749,False,05331580
05330902,1,2387422,2,100.0,0.0,0.062,False,0,0.0028490018113749,False,05331580
05330902,1,2387424,3,100.0,0.0,0.42699999999999994,False,0,0.0028490018113749,False,05331580
05330902,1,2387042,4,100.0,0.0,5.192,False,0,0.0028490018113749,False,05331580
05330902,1,937020561,5,100.0,0.0,1.341,False,0,0.0028490018113749,False,05331580
05330902,1,937020560,6,100.0,0.0,3.0239999999999996,False,0,0.0028490018113749,False,05331580
05330902,1,2387412,7,100.0,0.0,2.213,False,0,0.0028490018113749,False,05331580
05330902,1,2386972,8,100.0,0.0,1.517,False,0,0.0028490018113749,False,05331580
05330902,1,2386966,9,100.0,0.0,0.06,False,0,0.0028490018113749,False,05331580
05330902,1,2385830,10,100.0,0.0,0.047,False,0,0.0028490018113749,False,05331580
05330902,1,2386962,11,100.0,0.0,1.074,False,0,0.0028490018113749,False,05331580
05330902,1,2386956,12,100.0,0.0,0.631,False,0,0.0028490018113749,False,05331580
05330902,1,1104244,13,100.0,0.0,2.219,False,0,0.0028490018113749,True,05331580
05330902,1,1104234,14,100.0,0.0,1.392,False,0,0.0028490018113749,True,05331580
05330902,1,1104210,15,100.0,0.0,2.6429999999999993,False,0,0.0028490018113749,True,05331580
05330902,1,937010723,16,100.0,0.0,6.409,False,0,0.0028490018113749,True,05331580
05330902,1,937010724,17,100.0,0.0,6.327000000000001,False,0,0.0028490018113749,True,05331580
05330902,1,1104326,18,100.0,0.0,3.877,False,0,0.0028490018113749,True,05331580
05330902,1,1104260,19,100.0,0.0,1.118,False,0,0.0028490018113749,True,05331580
05330902,1,1104276,20,100.0,0.0,4.083,False,0,0.0028490018113749,True,05331580
05330902,1,1104280,21,100.0,0.0,3.074,False,0,0.0028490018113749,True,05331580
05330902,1,1104290,22,100.0,0.0,0.8320000000000001,False,0,0.0028490018113749,True,05331580
05330902,1,1104370,23,100.0,0.0,0.201,False,0,0.0028490018113749,True,05331580
05330902,1,1104368,24,100.0,0.0,1.0,True,120051919,0.0028490018113749,True,05331580
05330902,1,1104292,25,100.0,0.0,0.915,True,120051919,0.0028490018113749,True,05331580
05330902,1,1101440,26,100.0,0.0,4.789,True,120051919,0.0028490018113749,True,05331580
05330902,1,1101438,27,100.0,0.0,3.193,True,120051919,0.0028490018113749,True,05331580
05330902,1,1101412,28,100.0,0.0,0.466,True,120051919,0.0028490018113749,True,05331580
05330902,1,1101430,29,100.0,0.0,4.065,True,120051919,0.0028490018113749,True,05331580
05330902,1,1101434,30,100.0,0.0,0.288,True,120051919,0.0028490018113749,True,05331580
05330902,1,1101436,31,100.0,0.0,0.298,True,120051919,0.0028490018113749,True,05331580
05330902,1,1101442,32,100.0,0.0,0.157,False,0,0.0028490018113749,True,05331580
05330902,1,1101448,33,100.0,0.0,0.925,False,0,0.0028490018113749,True,05331580
05330902,1,1101462,34,100.0,30.5082,1.4822600940000001,False,0,0.0028490018113749,True,05331580
05288705,2,1100446,0,22.2366,0.0,1.112719464,False,0,0.0024444316424347,False,05331580
05288705,2,1100092,1,100.0,0.0,1.902,False,0,0.0024444316424347,False,05331580
05288705,2,1100700,2,100.0,0.0,0.105,False,0,0.0024444316424347,False,05331580
05288705,2,1100714,3,100.0,0.0,3.784,False,0,0.0024444316424347,False,05331580
05288705,2,1104098,4,100.0,0.0,1.81,False,0,0.0024444316424347,False,05331580
05288705,2,1104206,5,100.0,0.0,11.437999999999999,False,0,0.0024444316424347,False,05331580
05288705,2,1104246,6,100.0,0.0,2.867,False,0,0.0024444316424347,False,05331580
05288705,2,1104244,7,100.0,0.0,2.219,False,0,0.0024444316424347,True,05331580
05288705,2,1104234,8,100.0,0.0,1.392,False,0,0.0024444316424347,True,05331580
05288705,2,1104210,9,100.0,0.0,2.6429999999999993,False,0,0.0024444316424347,True,05331580
05288705,2,937010723,10,100.0,0.0,6.409,False,0,0.0024444316424347,True,05331580
05288705,2,937010724,11,100.0,0.0,6.327000000000001,False,0,0.0024444316424347,True,05331580
05288705,2,1104326,12,100.0,0.0,3.877,False,0,0.0024444316424347,True,05331580
05288705,2,1104260,13,100.0,0.0,1.118,False,0,0.0024444316424347,True,05331580
05288705,2,1104276,14,100.0,0.0,4.083,False,0,0.0024444316424347,True,05331580
05288705,2,1104280,15,100.0,0.0,3.074,False,0,0.0024444316424347,True,05331580
05288705,2,1104290,16,100.0,0.0,0.8320000000000001,False,0,0.0024444316424347,True,05331580
05288705,2,1104370,17,100.0,0.0,0.201,False,0,0.0024444316424347,True,05331580
05288705,2,1104368,18,100.0,0.0,1.0,True,120051919,0.0024444316424347,True,05331580
05288705,2,1104292,19,100.0,0.0,0.915,True,120051919,0.0024444316424347,True,05331580
05288705,2,1101440,20,100.0,0.0,4.789,True,120051919,0.0024444316424347,True,05331580
05288705,2,1101438,21,100.0,0.0,3.193,True,120051919,0.0024444316424347,True,05331580
05288705,2,1101412,22,100.0,0.0,0.466,True,120051919,0.0024444316424347,True,05331580
05288705,2,1101430,23,100.0,0.0,4.065,True,120051919,0.0024444316424347,True,05331580
05288705,2,1101434,24,100.0,0.0,0.288,True,120051919,0.0024444316424347,True,05331580
05288705,2,1101436,25,100.0,0.0,0.298,True,120051919,0.0024444316424347,True,05331580
05288705,2,1101442,26,100.0,0.0,0.157,False,0,0.0024444316424347,True,05331580
05288705,2,1101448,27,100.0,0.0,0.925,False,0,0.0024444316424347,True,05331580
05288705,2,1101462,28,100.0,30.5082,1.4822600940000001,False,0,0.0024444316424347,True,05331580
05331580,0,1101462,0,30.5082,0.0,0.650739906,False,0,0.8582671608065496,False,05355250
05331580,0,1101464,1,100.0,0.0,2.205,False,0,0.8582671608065496,False,05355250
05331580,0,1874963,2,100.0,0.0,0.688,False,0,0.8582671608065496,False,05355250
05331580,0,1874965,3,100.0,0.0,1.247,False,0,0.8582671608065496,True,05355250
05331580,0,23220140,4,100.0,0.0,0.7490000000000001,False,0,0.8582671608065496,True,05355250
05331580,0,1874967,5,100.0,0.0,0.247,False,0,0.8582671608065496,True,05355250
05331580,0,1874009,6,100.0,0.0,1.152,False,0,0.8582671608065496,True,05355250
05331580,0,1874973,7,100.0,0.0,0.228,True,1873445,0.8582671608065496,True,05355250
05331580,0,1874039,8,100.0,0.0,0.441,False,0,0.8582671608065496,True,05355250
05331580,0,1874067,9,100.0,0.0,0.804,False,0,0.8582671608065496,True,05355250
05331580,0,1874113,10,100.0,0.0,3.105,False,0,0.8582671608065496,True,05355250
05331580,0,1875257,11,100.0,0.0,0.019,False,0,0.8582671608065496,True,05355250
05331580,0,1875007,12,100.0,0.0,2.704,False,0,0.8582671608065496,True,05355250
05331580,0,1875015,13,100.0,0.0,1.96,False,0,0.8582671608065496,True,05355250
05331580,0,1875031,14,100.0,0.0,0.547,False,0,0.8582671608065496,True,05355250
05331580,0,1875041,15,100.0,0.0,1.011,False,0,0.8582671608065496,True,05355250
05331580,0,1875251,16,100.0,0.0,0.597,False,0,0.8582671608065496,True,05355250
05331580,0,1875069,17,100.0,0.0,2.287,False,0,0.8582671608065496,True,05355250
05331580,0,1875073,18,100.0,0.0,1.25,False,0,0.8582671608065496,True,05355250
05331580,0,1875081,19,100.0,0.0,1.226,False,0,0.8582671608065496,True,05355250
05331580,0,1875089,20,100.0,0.0,1.109,False,0,0.8582671608065496,True,05355250
05331580,0,1875087,21,100.0,0.0,0.042,False,0,0.8582671608065496,True,05355250
05331580,0,1874451,22,100.0,0.0,0.42100000000000004,False,0,0.8582671608065496,True,05355250
05331580,0,1875085,23,100.0,0.0,0.32,True,1873527,0.8582671608065496,True,05355250
05331580,0,1875095,24,100.0,0.0,3.699,True,1873527,0.8582671608065496,True,05355250
05331580,0,1875287,25,100.0,0.0,5.689,True,1873527,0.8582671608065496,True,05355250
05331580,0,1875117,26,100.0,0.0,0.201,True,1873527,0.8582671608065496,True,05355250
05331580,0,1875115,27,100.0,0.0,0.385,False,0,0.8582671608065496,True,05355250
05331580,0,1875113,28,100.0,0.0,1.695,False,0,0.8582671608065496,True,05355250
05331580,0,1875229,29,100.0,0.0,1.216,False,0,0.8582671608065496,True,05355250
05331580,0,1875227,30,100.0,0.0,0.903,False,0,0.8582671608065496,True,05355250
05331580,0,1875133,31,100.0,0.0,1.766,False,0,0.8582671608065496,True,05355250
05331580,0,1875139,32,100.0,53.3562,1.202010726,False,0,0.8582671608065496,True,05355250
05340500,1,2649362,0,54.697,0.0,2.23491942,False,0,0.1417328391934503,False,05355250
05340500,1,2655154,1,100.0,0.0,0.556,False,0,0.1417328391934503,False,05355250
05340500,1,2655156,2,100.0,0.0,0.742,False,0,0.1417328391934503,False,05355250
05340500,1,2655158,3,100.0,0.0,0.536,False,0,0.1417328391934503,False,05355250
05340500,1,2655160,4,100.0,0.0,1.2890000000000001,False,0,0.1417328391934503,False,05355250
05340500,1,2649366,5,100.0,0.0,1.357,False,0,0.1417328391934503,False,05355250
05340500,1,2649372,6,100.0,0.0,0.834,False,0,0.1417328391934503,False,05355250
05340500,1,2649384,7,100.0,0.0,2.108,False,0,0.1417328391934503,False,05355250
05340500,1,2655162,8,100.0,0.0,0.005,False,0,0.1417328391934503,False,05355250
05340500,1,2655164,9,100.0,0.0,0.368,False,0,0.1417328391934503,False,05355250
05340500,1,2649394,10,100.0,0.0,0.8420000000000001,False,0,0.1417328391934503,False,05355250
05340500,1,2649412,11,100.0,0.0,0.45300000000000007,False,0,0.1417328391934503,False,05355250
05340500,1,2655166,12,100.0,0.0,0.544,False,0,0.1417328391934503,False,05355250
05340500,1,2655168,13,100.0,0.0,0.467,False,0,0.1417328391934503,False,05355250
05340500,1,2649440,14,100.0,0.0,0.675,False,0,0.1417328391934503,False,05355250
05340500,1,2655170,15,100.0,0.0,0.337,False,0,0.1417328391934503,False,05355250
05340500,1,2655172,16,100.0,0.0,0.977,False,0,0.1417328391934503,False,05355250
05340500,1,2655174,17,100.0,0.0,0.134,False,0,0.1417328391934503,False,05355250
05340500,1,2655176,18,100.0,0.0,0.109,False,0,0.1417328391934503,False,05355250
05340500,1,2649450,19,100.0,0.0,0.105,False,0,0.1417328391934503,False,05355250
05340500,1,2655178,20,100.0,0.0,0.912,False,0,0.1417328391934503,False,05355250
05340500,1,2655180,21,100.0,0.0,0.612,False,0,0.1417328391934503,False,05355250
05340500,1,2649454,22,100.0,0.0,0.148,False,0,0.1417328391934503,False,05355250
05340500,1,2655182,23,100.0,0.0,0.39399999999999996,False,0,0.1417328391934503,False,05355250
05340500,1,2655184,24,100.0,0.0,0.303,False,0,0.1417328391934503,False,05355250
05340500,1,2649456,25,100.0,0.0,0.073,False,0,0.1417328391934503,False,05355250
05340500,1,2648542,26,100.0,0.0,1.585,False,0,0.1417328391934503,False,05355250
05340500,1,2648546,27,100.0,0.0,0.268,False,0,0.1417328391934503,False,05355250
05340500,1,2649470,28,100.0,0.0,0.124,False,0,0.1417328391934503,False,05355250
05340500,1,2649478,29,100.0,0.0,0.318,False,0,0.1417328391934503,False,05355250
05340500,1,2649480,30,100.0,0.0,0.067,False,0,0.1417328391934503,False,05355250
05340500,1,2649496,31,100.0,0.0,0.765,False,0,0.1417328391934503,False,05355250
05340500,1,2655186,32,100.0,0.0,0.498,False,0,0.1417328391934503,False,05355250
05340500,1,2655188,33,100.0,0.0,0.154,False,0,0.1417328391934503,False,05355250
05340500,1,2654942,34,100.0,0.0,0.05600000000000001,False,0,0.1417328391934503,False,05355250
05340500,1,2649500,35,100.0,0.0,0.716,False,0,0.1417328391934503,False,05355250
05340500,1,2649504,36,100.0,0.0,0.128,False,0,0.1417328391934503,False,05355250
05340500,1,2654952,37,100.0,0.0,0.835,False,0,0.1417328391934503,False,05355250
05340500,1,2649506,38,100.0,0.0,0.845,False,0,0.1417328391934503,False,05355250
05340500,1,2649510,39,100.0,0.0,0.473,False,0,0.1417328391934503,False,05355250
05340500,1,2654956,40,100.0,0.0,1.442,False,0,0.1417328391934503,False,05355250
05340500,1,2649848,41,100.0,0.0,0.332,False,0,0.1417328391934503,False,05355250
05340500,1,2649846,42,100.0,0.0,0.846,False,0,0.1417328391934503,False,05355250
05340500,1,2649844,43,100.0,0.0,0.493,False,0,0.1417328391934503,False,05355250
05340500,1,2649830,44,100.0,0.0,0.45,False,0,0.1417328391934503,False,05355250
05340500,1,2649838,45,100.0,0.0,0.004,False,0,0.1417328391934503,False,05355250
05340500,1,2649836,46,100.0,0.0,0.132,False,0,0.1417328391934503,False,05355250
05340500,1,2649518,47,100.0,0.0,0.722,False,0,0.1417328391934503,False,05355250
05340500,1,2649524,48,100.0,0.0,0.23,False,0,0.1417328391934503,False,05355250
05340500,1,2649534,49,100.0,0.0,0.576,False,0,0.1417328391934503,False,05355250
05340500,1,2649540,50,100.0,0.0,1.82,False,0,0.1417328391934503,False,05355250
05340500,1,2654992,51,100.0,0.0,0.055,False,0,0.1417328391934503,False,05355250
05340500,1,2649544,52,100.0,0.0,0.182,False,0,0.1417328391934503,False,05355250
05340500,1,2649548,53,100.0,0.0,0.636,False,0,0.1417328391934503,False,05355250
05340500,1,2655002,54,100.0,0.0,0.49,False,0,0.1417328391934503,False,05355250
05340500,1,2649820,55,100.0,0.0,0.1,False,0,0.1417328391934503,False,05355250
05340500,1,2655208,56,100.0,0.0,0.128,False,0,0.1417328391934503,False,05355250
05340500,1,2649832,57,100.0,0.0,0.38800000000000007,False,0,0.1417328391934503,False,05355250
05340500,1,2649834,58,100.0,0.0,0.764,False,0,0.1417328391934503,False,05355250
05340500,1,2649578,59,100.0,0.0,0.03,False,0,0.1417328391934503,False,05355250
05340500,1,2655196,60,100.0,0.0,0.183,False,0,0.1417328391934503,False,05355250
05340500,1,2655198,61,100.0,0.0,0.48100000000000004,False,0,0.1417328391934503,False,05355250
05340500,1,2655200,62,100.0,0.0,0.35600000000000004,False,0,0.1417328391934503,False,05355250
05340500,1,2655202,63,100.0,0.0,0.062,False,0,0.1417328391934503,False,05355250
05340500,1,2649582,64,100.0,0.0,0.067,False,0,0.1417328391934503,False,05355250
05340500,1,2649592,65,100.0,0.0,0.278,False,0,0.1417328391934503,False,05355250
05340500,1,2649604,66,100.0,0.0,0.305,False,0,0.1417328391934503,False,05355250
05340500,1,2649618,67,100.0,0.0,0.792,False,0,0.1417328391934503,False,05355250
05340500,1,2649634,68,100.0,0.0,0.401,False,0,0.1417328391934503,False,05355250
05340500,1,2649640,69,100.0,0.0,0.566,False,0,0.1417328391934503,False,05355250
05340500,1,2649652,70,100.0,0.0,0.768,False,0,0.1417328391934503,False,05355250
05340500,1,2649654,71,100.0,0.0,0.361,False,0,0.1417328391934503,False,05355250
05340500,1,2649664,72,100.0,0.0,0.135,False,0,0.1417328391934503,False,05355250
05340500,1,2648912,73,100.0,0.0,0.819,False,0,0.1417328391934503,False,05355250
05340500,1,2649668,74,100.0,0.0,0.107,False,0,0.1417328391934503,False,05355250
05340500,1,2649760,75,100.0,0.0,0.348,False,0,0.1417328391934503,False,05355250
05340500,1,2649670,76,100.0,0.0,0.45399999999999996,False,0,0.1417328391934503,False,05355250
05340500,1,2655086,77,100.0,0.0,0.755,False,0,0.1417328391934503,False,05355250
05340500,1,2649672,78,100.0,0.0,0.218,False,0,0.1417328391934503,False,05355250
05340500,1,2655088,79,100.0,0.0,0.391,False,0,0.1417328391934503,False,05355250
05340500,1,2655090,80,100.0,0.0,0.095,False,0,0.1417328391934503,False,05355250
05340500,1,2655092,81,100.0,0.0,0.99,False,0,0.1417328391934503,False,05355250
05340500,1,2655094,82,100.0,0.0,0.45300000000000007,False,0,0.1417328391934503,False,05355250
05340500,1,2649676,83,100.0,0.0,0.113,False,0,0.1417328391934503,False,05355250
05340500,1,2649680,84,100.0,0.0,0.287,False,0,0.1417328391934503,False,05355250
05340500,1,2649684,85,100.0,0.0,0.563,False,0,0.1417328391934503,False,05355250
05340500,1,2649688,86,100.0,0.0,0.884,False,0,0.1417328391934503,False,05355250
05340500,1,2649690,87,100.0,0.0,0.083,True,120053219,0.1417328391934503,False,05355250
05340500,1,2649696,88,100.0,0.0,0.857,True,120053219,0.1417328391934503,False,05355250
05340500,1,2649706,89,100.0,0.0,9.18,True,120053219,0.1417328391934503,False,05355250
05340500,1,2649710,90,100.0,0.0,0.206,True,120053219,0.1417328391934503,False,05355250
05340500,1,2651840,91,100.0,0.0,1.027,True,120053219,0.1417328391934503,False,05355250
05340500,1,2651848,92,100.0,0.0,0.564,True,120053219,0.1417328391934503,False,05355250
05340500,1,2651850,93,100.0,0.0,2.991,True,120053219,0.1417328391934503,False,05355250
05340500,1,2651854,94,100.0,0.0,7.587,True,120053219,0.1417328391934503,False,05355250
05340500,1,2651858,95,100.0,0.0,0.892,True,120053219,0.1417328391934503,False,05355250
05340500,1,2651864,96,100.0,0.0,4.496,True,120053219,0.1417328391934503,False,05355250
05340500,1,2651870,97,100.0,0.0,3.0469999999999997,True,120053219,0.1417328391934503,False,05355250
05340500,1,937030055,98,100.0,0.0,1.341,True,120053219,0.1417328391934503,False,05355250
05340500,1,937030054,99,100.0,0.0,2.8079999999999994,True,120053219,0.1417328391934503,False,05355250
05340500,1,2651880,100,100.0,0.0,0.566,True,120053219,0.1417328391934503,False,05355250
05340500,1,2651882,101,100.0,0.0,0.93,True,120053219,0.1417328391934503,False,05355250
05340500,1,2651886,102,100.0,0.0,0.688,True,120053219,0.1417328391934503,False,05355250
05340500,1,2651890,103,100.0,0.0,1.518,True,120053219,0.1417328391934503,False,05355250
05340500,1,2651896,104,100.0,0.0,2.403,True,120053219,0.1417328391934503,False,05355250
05340500,1,24645773,105,100.0,0.0,0.147,False,0,0.1417328391934503,False,05355250
05340500,1,1874965,106,100.0,0.0,1.247,False,0,0.1417328391934503,True,05355250
05340500,1,23220140,107,100.0,0.0,0.7490000000000001,False,0,0.1417328391934503,True,05355250
05340500,1,1874967,108,100.0,0.0,0.247,False,0,0.1417328391934503,True,05355250
05340500,1,1874009,109,100.0,0.0,1.152,False,0,0.1417328391934503,True,05355250
05340500,1,1874973,110,100.0,0.0,0.228,True,1873445,0.1417328391934503,True,05355250
05340500,1,1874039,111,100.0,0.0,0.441,False,0,0.1417328391934503,True,05355250
05340500,1,1874067,112,100.0,0.0,0.804,False,0,0.1417328391934503,True,05355250
05340500,1,1874113,113,100.0,0.0,3.105,False,0,0.1417328391934503,True,05355250
05340500,1,1875257,114,100.0,0.0,0.019,False,0,0.1417328391934503,True,05355250
05340500,1,1875007,115,100.0,0.0,2.704,False,0,0.1417328391934503,True,05355250
05340500,1,1875015,116,100.0,0.0,1.96,False,0,0.1417328391934503,True,05355250
05340500,1,1875031,117,100.0,0.0,0.547,False,0,0.1417328391934503,True,05355250
05340500,1,1875041,118,100.0,0.0,1.011,False,0,0.1417328391934503,True,05355250
05340500,1,1875251,119,100.0,0.0,0.597,False,0,0.1417328391934503,True,05355250
05340500,1,1875069,120,100.0,0.0,2.287,False,0,0.1417328391934503,True,05355250
05340500,1,1875073,121,100.0,0.0,1.25,False,0,0.1417328391934503,True,05355250
05340500,1,1875081,122,100.0,0.0,1.226,False,0,0.1417328391934503,True,05355250
05340500,1,1875089,123,100.0,0.0,1.109,False,0,0.1417328391934503,True,05355250
05340500,1,1875087,124,100.0,0.0,0.042,False,0,0.1417328391934503,True,05355250
05340500,1,1874451,125,100.0,0.0,0.42100000000000004,False,0,0.1417328391934503,True,05355250
05340500,1,1875085,126,100.0,0.0,0.32,True,1873527,0.1417328391934503,True,05355250
05340500,1,1875095,127,100.0,0.0,3.699,True,1873527,0.1417328391934503,True,05355250
05340500,1,1875287,128,100.0,0.0,5.689,True,1873527,0.1417328391934503,True,05355250
05340500,1,1875117,129,100.0,0.0,0.201,True,1873527,0.1417328391934503,True,05355250
05340500,1,1875115,130,100.0,0.0,0.385,False,0,0.1417328391934503,True,05355250
05340500,1,1875113,131,100.0,0.0,1.695,False,0,0.1417328391934503,True,05355250
05340500,1,1875229,132,100.0,0.0,1.216,False,0,0.1417328391934503,True,05355250
05340500,1,1875227,133,100.0,0.0,0.903,False,0,0.1417328391934503,True,05355250
05340500,1,1875133,134,100.0,0.0,1.766,False,0,0.1417328391934503,True,05355250
05340500,1,1875139,135,100.0,53.3562,1.202010726,False,0,0.1417328391934503,True,05355250
05357215,0,13344478,0,96.1967,0.0,0.455010391,False,0,0.5299413345029881,False,05357245
05357215,0,13345086,1,100.0,0.0,2.416,True,13343906,0.5299413345029881,False,05357245
05357215,0,13345074,2,100.0,0.0,1.4069999999999998,True,13343906,0.5299413345029881,False,05357245
05357215,0,13345076,3,100.0,0.0,0.55,True,13343906,0.5299413345029881,True,05357245
05357215,0,13344470,4,100.0,87.669,0.06683402000000002,False,0,0.5299413345029881,True,05357245
05357239,1,13344878,0,96.0638,0.0,0.9981028819999999,False,0,0.2021382751247327,False,05357245
05357239,1,13345096,1,100.0,0.0,2.6489999999999996,True,13343906,0.2021382751247327,False,05357245
05357239,1,13345076,2,100.0,0.0,0.55,True,13343906,0.2021382751247327,True,05357245
05357239,1,13344470,3,100.0,87.669,0.06683402000000002,False,0,0.2021382751247327,True,05357245
05357225,2,13344442,0,2.9595,0.0,0.083901825,False,0,0.1441526399473655,False,05357245
05357225,2,13345048,1,100.0,0.0,1.193,True,13343906,0.1441526399473655,False,05357245
05357225,2,13345072,2,100.0,0.0,3.901,True,13343906,0.1441526399473655,False,05357245
05357225,2,13345074,3,100.0,0.0,1.4069999999999998,True,13343906,0.1441526399473655,False,05357245
05357225,2,13345076,4,100.0,0.0,0.55,True,13343906,0.1441526399473655,True,05357245
05357225,2,13344470,5,100.0,87.669,0.06683402000000002,False,0,0.1441526399473655,True,05357245
05357230,3,13344840,0,0.0,0.0,0.0,False,0,0.1237677504249136,False,05357245
05357230,3,13345050,1,100.0,0.0,2.313,True,13343906,0.1237677504249136,False,05357245
05357230,3,13345072,2,100.0,0.0,3.901,True,13343906,0.1237677504249136,False,05357245
05357230,3,13345074,3,100.0,0.0,1.4069999999999998,True,13343906,0.1237677504249136,False,05357245
05357230,3,13345076,4,100.0,0.0,0.55,True,13343906,0.1237677504249136,True,05357245
05357230,3,13344470,5,100.0,87.669,0.06683402000000002,False,0,0.1237677504249136,True,05357245
05418600,0,13383175,0,73.2286,0.0,2.059188232,False,0,0.5053307575432058,False,05420500
05418600,0,13375607,1,100.0,0.0,0.451,False,0,0.5053307575432058,False,05420500
05418600,0,13375565,2,100.0,0.0,0.109,False,0,0.5053307575432058,False,05420500
05418600,0,13375571,3,100.0,0.0,1.957,False,0,0.5053307575432058,False,05420500
05418600,0,13375575,4,100.0,0.0,1.642,False,0,0.5053307575432058,False,05420500
05418600,0,13375579,5,100.0,0.0,0.839,False,0,0.5053307575432058,False,05420500
05418600,0,13375595,6,100.0,0.0,1.456,False,0,0.5053307575432058,False,05420500
05418600,0,13375619,7,100.0,0.0,0.31,False,0,0.5053307575432058,False,05420500
05418600,0,13383179,8,100.0,0.0,1.601,False,0,0.5053307575432058,False,05420500
05418600,0,13375637,9,100.0,0.0,1.072,False,0,0.5053307575432058,False,05420500
05418600,0,13375641,10,100.0,0.0,3.276,False,0,0.5053307575432058,False,05420500
05418600,0,13383181,11,100.0,0.0,1.4409999999999998,False,0,0.5053307575432058,False,05420500
05418600,0,13375627,12,100.0,0.0,0.111,False,0,0.5053307575432058,False,05420500
05418600,0,13375601,13,100.0,0.0,1.44,False,0,0.5053307575432058,False,05420500
05418600,0,13375587,14,100.0,0.0,0.374,False,0,0.5053307575432058,False,05420500
05418600,0,13375581,15,100.0,0.0,1.395,False,0,0.5053307575432058,False,05420500
05418600,0,13375559,16,100.0,0.0,0.456,False,0,0.5053307575432058,False,05420500
05418600,0,13375555,17,100.0,0.0,1.329,False,0,0.5053307575432058,False,05420500
05418600,0,13375549,18,100.0,0.0,0.065,False,0,0.5053307575432058,False,05420500
05418600,0,13375545,19,100.0,0.0,1.402,False,0,0.5053307575432058,False,05420500
05418600,0,13375539,20,100.0,0.0,1.103,False,0,0.5053307575432058,False,05420500
05418600,0,13375535,21,100.0,0.0,0.546,False,0,0.5053307575432058,False,05420500
05418600,0,13375531,22,100.0,0.0,1.09,False,0,0.5053307575432058,False,05420500
05418600,0,13375527,23,100.0,0.0,0.64,False,0,0.5053307575432058,False,05420500
05418600,0,13375523,24,100.0,0.0,0.075,False,0,0.5053307575432058,False,05420500
05418600,0,13375519,25,100.0,0.0,1.861,False,0,0.5053307575432058,False,05420500
05418600,0,13375515,26,100.0,0.0,3.346,False,0,0.5053307575432058,False,05420500
05418600,0,13383173,27,100.0,0.0,0.234,False,0,0.5053307575432058,False,05420500
05418600,0,13375513,28,100.0,0.0,0.47,False,0,0.5053307575432058,False,05420500
05418600,0,13361784,29,100.0,0.0,1.662,False,0,0.5053307575432058,True,05420500
05418600,0,13361786,30,100.0,0.0,0.706,False,0,0.5053307575432058,True,05420500
05418600,0,13361788,31,100.0,0.0,0.3390000000000001,False,0,0.5053307575432058,True,05420500
05418600,0,13361790,32,100.0,0.0,1.954,False,0,0.5053307575432058,True,05420500
05418600,0,13361794,33,100.0,0.0,1.6060000000000003,False,0,0.5053307575432058,True,05420500
05418600,0,13361804,34,100.0,0.0,2.782,False,0,0.5053307575432058,True,05420500
05418600,0,13361822,35,100.0,0.0,2.764,False,0,0.5053307575432058,True,05420500
05418600,0,13361830,36,100.0,0.0,0.811,False,0,0.5053307575432058,True,05420500
05418600,0,13361832,37,100.0,0.0,0.74,False,0,0.5053307575432058,True,05420500
05418600,0,13361836,38,100.0,0.0,1.4140000000000001,False,0,0.5053307575432058,True,05420500
05418600,0,13361838,39,100.0,0.0,0.306,False,0,0.5053307575432058,True,05420500
05418600,0,13361840,40,100.0,0.0,0.289,False,0,0.5053307575432058,True,05420500
05418600,0,13361842,41,100.0,0.0,0.287,False,0,0.5053307575432058,True,05420500
05418600,0,13361854,42,100.0,0.0,5.19,False,0,0.5053307575432058,True,05420500
05418600,0,13361862,43,100.0,0.0,1.608,False,0,0.5053307575432058,True,05420500
05418600,0,13361864,44,100.0,0.0,1.702,False,0,0.5053307575432058,True,05420500
05418600,0,13361866,45,100.0,0.0,5.593999999999999,False,0,0.5053307575432058,True,05420500
05418600,0,13362344,46,100.0,0.0,2.731,False,0,0.5053307575432058,True,05420500
05418600,0,13362348,47,100.0,0.0,0.584,False,0,0.5053307575432058,True,05420500
05418600,0,13362354,48,100.0,0.0,3.092,False,0,0.5053307575432058,True,05420500
05418600,0,13362356,49,100.0,0.0,0.637,False,0,0.5053307575432058,True,05420500
05418600,0,13362360,50,100.0,0.0,2.202,False,0,0.5053307575432058,True,05420500
05418600,0,13366192,51,100.0,0.0,0.542,False,0,0.5053307575432058,True,05420500
05418600,0,13362364,52,100.0,0.0,0.242,False,0,0.5053307575432058,True,05420500
05418600,0,13366234,53,100.0,0.0,1.614,False,0,0.5053307575432058,True,05420500
05418600,0,14804289,54,100.0,0.0,0.532,False,0,0.5053307575432058,True,05420500
05418600,0,14804295,55,100.0,0.0,0.915,False,0,0.5053307575432058,True,05420500
05418600,0,14804299,56,100.0,0.0,0.076,False,0,0.5053307575432058,True,05420500
05418600,0,14804307,57,100.0,0.0,1.236,False,0,0.5053307575432058,True,05420500
05418600,0,14804309,58,100.0,0.0,0.8269999999999998,False,0,0.5053307575432058,True,05420500
05418600,0,14804317,59,100.0,0.0,1.247,False,0,0.5053307575432058,True,05420500
05418600,0,14809463,60,100.0,0.0,3.9329999999999994,False,0,0.5053307575432058,True,05420500
05418600,0,14804321,61,100.0,0.0,0.234,False,0,0.5053307575432058,True,05420500
05418600,0,14804337,62,100.0,0.0,2.496,False,0,0.5053307575432058,True,05420500
05418600,0,14804345,63,100.0,0.0,2.644,False,0,0.5053307575432058,True,05420500
05418600,0,14804351,64,100.0,0.0,2.378,False,0,0.5053307575432058,True,05420500
05418600,0,14804355,65,100.0,0.0,0.281,False,0,0.5053307575432058,True,05420500
05418600,0,14809371,66,100.0,44.288,1.28360448,False,0,0.5053307575432058,True,05420500
05412500,1,13312489,0,20.498,0.0,0.16541886000000003,False,0,0.4811727149944483,False,05420500
05412500,1,13313347,1,100.0,0.0,6.57,False,0,0.4811727149944483,False,05420500
05412500,1,13312495,2,100.0,0.0,0.462,False,0,0.4811727149944483,False,05420500
05412500,1,13312545,3,100.0,0.0,2.361,False,0,0.4811727149944483,False,05420500
05412500,1,13312527,4,100.0,0.0,0.43,False,0,0.4811727149944483,False,05420500
05412500,1,13312531,5,100.0,0.0,2.765,False,0,0.4811727149944483,False,05420500
05412500,1,13312509,6,100.0,0.0,0.24,False,0,0.4811727149944483,False,05420500
05412500,1,13312543,7,100.0,0.0,1.166,False,0,0.4811727149944483,False,05420500
05412500,1,13312553,8,100.0,0.0,1.567,False,0,0.4811727149944483,False,05420500
05412500,1,13312551,9,100.0,0.0,0.507,False,0,0.4811727149944483,False,05420500
05412500,1,13312529,10,100.0,0.0,0.61,False,0,0.4811727149944483,False,05420500
05412500,1,13312561,11,100.0,0.0,2.016,False,0,0.4811727149944483,False,05420500
05412500,1,13312565,12,100.0,0.0,0.10400000000000001,False,0,0.4811727149944483,False,05420500
05412500,1,13313449,13,100.0,0.0,0.221,False,0,0.4811727149944483,False,05420500
05412500,1,13313499,14,100.0,0.0,0.345,False,0,0.4811727149944483,False,05420500
05412500,1,13312577,15,100.0,0.0,0.645,False,0,0.4811727149944483,False,05420500
05412500,1,13313451,16,100.0,0.0,0.42199999999999993,False,0,0.4811727149944483,False,05420500
05412500,1,13312555,17,100.0,0.0,1.072,False,0,0.4811727149944483,False,05420500
05412500,1,13312525,18,100.0,0.0,0.067,False,0,0.4811727149944483,False,05420500
05412500,1,13313443,19,100.0,0.0,0.007000000000000001,False,0,0.4811727149944483,False,05420500
05412500,1,13313445,20,100.0,0.0,0.3390000000000001,False,0,0.4811727149944483,False,05420500
05412500,1,13313447,21,100.0,0.0,0.008,False,0,0.4811727149944483,False,05420500
05412500,1,13312567,22,100.0,0.0,0.791,False,0,0.4811727149944483,False,05420500
05412500,1,13313453,23,100.0,0.0,0.518,False,0,0.4811727149944483,False,05420500
05412500,1,13313455,24,100.0,0.0,0.008,False,0,0.4811727149944483,False,05420500
05412500,1,13312609,25,100.0,0.0,0.286,False,0,0.4811727149944483,False,05420500
05412500,1,13312647,26,100.0,0.0,1.056,False,0,0.4811727149944483,False,05420500
05412500,1,13313467,27,100.0,0.0,0.431,False,0,0.4811727149944483,False,05420500
05412500,1,13313465,28,100.0,0.0,0.016,False,0,0.4811727149944483,False,05420500
05412500,1,13312651,29,100.0,0.0,0.242,False,0,0.4811727149944483,False,05420500
05412500,1,13312653,30,100.0,0.0,1.198,False,0,0.4811727149944483,False,05420500
05412500,1,13312623,31,100.0,0.0,1.936,False,0,0.4811727149944483,False,05420500
05412500,1,13313457,32,100.0,0.0,0.567,False,0,0.4811727149944483,False,05420500
05412500,1,13313461,33,100.0,0.0,0.09,False,0,0.4811727149944483,False,05420500
05412500,1,13313463,34,100.0,0.0,0.007000000000000001,False,0,0.4811727149944483,False,05420500
05412500,1,13312639,35,100.0,0.0,1.08,False,0,0.4811727149944483,False,05420500
05412500,1,13312635,36,100.0,0.0,0.512,False,0,0.4811727149944483,False,05420500
05412500,1,13312621,37,100.0,0.0,0.079,False,0,0.4811727149944483,False,05420500
05412500,1,13326536,38,100.0,0.0,0.13,False,0,0.4811727149944483,False,05420500
05412500,1,13327070,39,100.0,0.0,0.7239999999999999,False,0,0.4811727149944483,False,05420500
05412500,1,13326534,40,100.0,0.0,0.141,False,0,0.4811727149944483,False,05420500
05412500,1,13327066,41,100.0,0.0,0.23799999999999996,False,0,0.4811727149944483,False,05420500
05412500,1,13330926,42,100.0,0.0,0.313,False,0,0.4811727149944483,False,05420500
05412500,1,13327068,43,100.0,0.0,0.298,False,0,0.4811727149944483,False,05420500
05412500,1,13326796,44,100.0,0.0,0.447,False,0,0.4811727149944483,False,05420500
05412500,1,13326792,45,100.0,0.0,0.28,False,0,0.4811727149944483,False,05420500
05412500,1,13326804,46,100.0,0.0,0.76,False,0,0.4811727149944483,False,05420500
05412500,1,13326806,47,100.0,0.0,0.05800000000000001,False,0,0.4811727149944483,False,05420500
05412500,1,13325422,48,100.0,0.0,0.662,False,0,0.4811727149944483,False,05420500
05412500,1,13325594,49,100.0,0.0,1.264,False,0,0.4811727149944483,False,05420500
05412500,1,13325656,50,100.0,0.0,2.952,False,0,0.4811727149944483,False,05420500
05412500,1,13325436,51,100.0,0.0,0.113,False,0,0.4811727149944483,False,05420500
05412500,1,13325442,52,100.0,0.0,0.233,False,0,0.4811727149944483,False,05420500
05412500,1,13325448,53,100.0,0.0,0.579,False,0,0.4811727149944483,False,05420500
05412500,1,13325450,54,100.0,0.0,1.148,False,0,0.4811727149944483,False,05420500
05412500,1,13325446,55,100.0,0.0,1.222,False,0,0.4811727149944483,False,05420500
05412500,1,13325618,56,100.0,0.0,0.031,False,0,0.4811727149944483,False,05420500
05412500,1,13325460,57,100.0,0.0,0.831,False,0,0.4811727149944483,False,05420500
05412500,1,13325472,58,100.0,0.0,1.8259999999999998,False,0,0.4811727149944483,False,05420500
05412500,1,13325474,59,100.0,0.0,1.03,False,0,0.4811727149944483,False,05420500
05412500,1,13325646,60,100.0,0.0,1.091,False,0,0.4811727149944483,False,05420500
05412500,1,13325480,61,100.0,0.0,1.66,False,0,0.4811727149944483,False,05420500
05412500,1,13325630,62,100.0,0.0,0.45,False,0,0.4811727149944483,False,05420500
05412500,1,13325626,63,100.0,0.0,1.5629999999999997,False,0,0.4811727149944483,False,05420500
05412500,1,13325648,64,100.0,0.0,1.671,False,0,0.4811727149944483,False,05420500
05412500,1,13324662,65,100.0,0.0,0.304,False,0,0.4811727149944483,False,05420500
05412500,1,13325470,66,100.0,0.0,0.145,False,0,0.4811727149944483,False,05420500
05412500,1,13330930,67,100.0,0.0,1.021,False,0,0.4811727149944483,False,05420500
05412500,1,13325624,68,100.0,0.0,1.242,False,0,0.4811727149944483,False,05420500
05412500,1,13325488,69,100.0,0.0,0.239,False,0,0.4811727149944483,False,05420500
05412500,1,13330932,70,100.0,0.0,0.433,False,0,0.4811727149944483,False,05420500
05412500,1,13325490,71,100.0,0.0,1.191,False,0,0.4811727149944483,False,05420500
05412500,1,13325622,72,100.0,0.0,0.821,False,0,0.4811727149944483,False,05420500
05412500,1,13325486,73,100.0,0.0,2.265,False,0,0.4811727149944483,False,05420500
05412500,1,13325494,74,100.0,0.0,1.091,False,0,0.4811727149944483,False,05420500
05412500,1,13325498,75,100.0,0.0,0.105,False,0,0.4811727149944483,False,05420500
05412500,1,13325502,76,100.0,0.0,0.096,False,0,0.4811727149944483,False,05420500
05412500,1,13325652,77,100.0,0.0,0.064,False,0,0.4811727149944483,False,05420500
05412500,1,13325504,78,100.0,0.0,0.085,False,0,0.4811727149944483,False,05420500
05412500,1,13325508,79,100.0,0.0,0.114,False,0,0.4811727149944483,False,05420500
05412500,1,13325512,80,100.0,0.0,0.711,False,0,0.4811727149944483,False,05420500
05412500,1,13325534,81,100.0,0.0,2.502,False,0,0.4811727149944483,False,05420500
05412500,1,13325538,82,100.0,0.0,1.364,False,0,0.4811727149944483,False,05420500
05412500,1,13325542,83,100.0,0.0,2.038,False,0,0.4811727149944483,False,05420500
05412500,1,13325556,84,100.0,0.0,0.278,False,0,0.4811727149944483,False,05420500
05412500,1,13325558,85,100.0,0.0,0.114,False,0,0.4811727149944483,False,05420500
05412500,1,13325564,86,100.0,0.0,1.345,False,0,0.4811727149944483,False,05420500
05412500,1,13325570,87,100.0,0.0,1.214,False,0,0.4811727149944483,False,05420500
05412500,1,13325572,88,100.0,0.0,2.407,False,0,0.4811727149944483,False,05420500
05412500,1,13325578,89,100.0,0.0,2.7739999999999996,False,0,0.4811727149944483,False,05420500
05412500,1,13325604,90,100.0,0.0,1.3839999999999997,False,0,0.4811727149944483,False,05420500
05412500,1,13325582,91,100.0,0.0,0.629,False,0,0.4811727149944483,False,05420500
05412500,1,13357546,92,100.0,0.0,1.8560000000000003,False,0,0.4811727149944483,False,05420500
05412500,1,13366242,93,100.0,0.0,1.159,False,0,0.4811727149944483,False,05420500
05412500,1,13357554,94,100.0,0.0,1.029,False,0,0.4811727149944483,False,05420500
05412500,1,13357548,95,100.0,0.0,0.97,False,0,0.4811727149944483,False,05420500
05412500,1,13361908,96,100.0,0.0,4.052,False,0,0.4811727149944483,False,05420500
05412500,1,13366122,97,100.0,0.0,0.698,False,0,0.4811727149944483,False,05420500
05412500,1,13361610,98,100.0,0.0,0.711,False,0,0.4811727149944483,False,05420500
05412500,1,13361618,99,100.0,0.0,1.525,False,0,0.4811727149944483,False,05420500
05412500,1,13361622,100,100.0,0.0,0.759,False,0,0.4811727149944483,False,05420500
05412500,1,13361626,101,100.0,0.0,0.187,False,0,0.4811727149944483,False,05420500
05412500,1,13361632,102,100.0,0.0,0.941,False,0,0.4811727149944483,False,05420500
05412500,1,13366236,103,100.0,0.0,0.151,False,0,0.4811727149944483,False,05420500
05412500,1,13361630,104,100.0,0.0,0.21099999999999997,False,0,0.4811727149944483,False,05420500
05412500,1,13361644,105,100.0,0.0,1.931,False,0,0.4811727149944483,False,05420500
05412500,1,13361646,106,100.0,0.0,0.044,False,0,0.4811727149944483,False,05420500
05412500,1,13361648,107,100.0,0.0,0.244,False,0,0.4811727149944483,False,05420500
05412500,1,13361650,108,100.0,0.0,0.439,False,0,0.4811727149944483,False,05420500
05412500,1,13361656,109,100.0,0.0,0.7929999999999999,False,0,0.4811727149944483,False,05420500
05412500,1,13361664,110,100.0,0.0,1.4379999999999997,False,0,0.4811727149944483,False,05420500
05412500,1,13361674,111,100.0,0.0,1.322,False,0,0.4811727149944483,False,05420500
05412500,1,13361676,112,100.0,0.0,0.233,False,0,0.4811727149944483,False,05420500
05412500,1,13361918,113,100.0,0.0,1.019,False,0,0.4811727149944483,False,05420500
05412500,1,13366128,114,100.0,0.0,0.129,False,0,0.4811727149944483,False,05420500
05412500,1,13366130,115,100.0,0.0,0.068,False,0,0.4811727149944483,False,05420500
05412500,1,13361682,116,100.0,0.0,0.44299999999999995,False,0,0.4811727149944483,False,05420500
05412500,1,13366134,117,100.0,0.0,3.1289999999999996,False,0,0.4811727149944483,False,05420500
05412500,1,13361690,118,100.0,0.0,0.491,False,0,0.4811727149944483,False,05420500
05412500,1,13361694,119,100.0,0.0,1.9140000000000001,False,0,0.4811727149944483,False,05420500
05412500,1,13361698,120,100.0,0.0,2.779,False,0,0.4811727149944483,False,05420500
05412500,1,13366156,121,100.0,0.0,0.655,False,0,0.4811727149944483,False,05420500
05412500,1,13361700,122,100.0,0.0,0.126,False,0,0.4811727149944483,False,05420500
05412500,1,13361704,123,100.0,0.0,1.901,False,0,0.4811727149944483,False,05420500
05412500,1,13361706,124,100.0,0.0,0.531,False,0,0.4811727149944483,False,05420500
05412500,1,13361710,125,100.0,0.0,2.119,False,0,0.4811727149944483,False,05420500
05412500,1,13361712,126,100.0,0.0,2.004,False,0,0.4811727149944483,False,05420500
05412500,1,13361716,127,100.0,0.0,0.82,False,0,0.4811727149944483,False,05420500
05412500,1,13361722,128,100.0,0.0,1.8869999999999998,False,0,0.4811727149944483,False,05420500
05412500,1,13361728,129,100.0,0.0,1.618,False,0,0.4811727149944483,False,05420500
05412500,1,13361738,130,100.0,0.0,0.447,False,0,0.4811727149944483,False,05420500
05412500,1,13361742,131,100.0,0.0,1.253,False,0,0.4811727149944483,False,05420500
05412500,1,13361752,132,100.0,0.0,3.12,False,0,0.4811727149944483,False,05420500
05412500,1,13361766,133,100.0,0.0,1.967,False,0,0.4811727149944483,False,05420500
05412500,1,13361772,134,100.0,0.0,2.481,False,0,0.4811727149944483,False,05420500
05412500,1,13361774,135,100.0,0.0,1.477,False,0,0.4811727149944483,False,05420500
05412500,1,13361778,136,100.0,0.0,0.55,False,0,0.4811727149944483,False,05420500
05412500,1,13361780,137,100.0,0.0,1.393,False,0,0.4811727149944483,False,05420500
05412500,1,13361782,138,100.0,0.0,1.058,False,0,0.4811727149944483,False,05420500
05412500,1,13361784,139,100.0,0.0,1.662,False,0,0.4811727149944483,True,05420500
05412500,1,13361786,140,100.0,0.0,0.706,False,0,0.4811727149944483,True,05420500
05412500,1,13361788,141,100.0,0.0,0.3390000000000001,False,0,0.4811727149944483,True,05420500
05412500,1,13361790,142,100.0,0.0,1.954,False,0,0.4811727149944483,True,05420500
05412500,1,13361794,143,100.0,0.0,1.6060000000000003,False,0,0.4811727149944483,True,05420500
05412500,1,13361804,144,100.0,0.0,2.782,False,0,0.4811727149944483,True,05420500
05412500,1,13361822,145,100.0,0.0,2.764,False,0,0.4811727149944483,True,05420500
05412500,1,13361830,146,100.0,0.0,0.811,False,0,0.4811727149944483,True,05420500
05412500,1,13361832,147,100.0,0.0,0.74,False,0,0.4811727149944483,True,05420500
05412500,1,13361836,148,100.0,0.0,1.4140000000000001,False,0,0.4811727149944483,True,05420500
05412500,1,13361838,149,100.0,0.0,0.306,False,0,0.4811727149944483,True,05420500
05412500,1,13361840,150,100.0,0.0,0.289,False,0,0.4811727149944483,True,05420500
05412500,1,13361842,151,100.0,0.0,0.287,False,0,0.4811727149944483,True,05420500
05412500,1,13361854,152,100.0,0.0,5.19,False,0,0.4811727149944483,True,05420500
05412500,1,13361862,153,100.0,0.0,1.608,False,0,0.4811727149944483,True,05420500
05412500,1,13361864,154,100.0,0.0,1.702,False,0,0.4811727149944483,True,05420500
05412500,1,13361866,155,100.0,0.0,5.593999999999999,False,0,0.4811727149944483,True,05420500
05412500,1,13362344,156,100.0,0.0,2.731,False,0,0.4811727149944483,True,05420500
05412500,1,13362348,157,100.0,0.0,0.584,False,0,0.4811727149944483,True,05420500
05412500,1,13362354,158,100.0,0.0,3.092,False,0,0.4811727149944483,True,05420500
05412500,1,13362356,159,100.0,0.0,0.637,False,0,0.4811727149944483,True,05420500
05412500,1,13362360,160,100.0,0.0,2.202,False,0,0.4811727149944483,True,05420500
05412500,1,13366192,161,100.0,0.0,0.542,False,0,0.4811727149944483,True,05420500
05412500,1,13362364,162,100.0,0.0,0.242,False,0,0.4811727149944483,True,05420500
05412500,1,13366234,163,100.0,0.0,1.614,False,0,0.4811727149944483,True,05420500
05412500,1,14804289,164,100.0,0.0,0.532,False,0,0.4811727149944483,True,05420500
05412500,1,14804295,165,100.0,0.0,0.915,False,0,0.4811727149944483,True,05420500
05412500,1,14804299,166,100.0,0.0,0.076,False,0,0.4811727149944483,True,05420500
05412500,1,14804307,167,100.0,0.0,1.236,False,0,0.4811727149944483,True,05420500
05412500,1,14804309,168,100.0,0.0,0.8269999999999998,False,0,0.4811727149944483,True,05420500
05412500,1,14804317,169,100.0,0.0,1.247,False,0,0.4811727149944483,True,05420500
05412500,1,14809463,170,100.0,0.0,3.9329999999999994,False,0,0.4811727149944483,True,05420500
05412500,1,14804321,171,100.0,0.0,0.234,False,0,0.4811727149944483,True,05420500
05412500,1,14804337,172,100.0,0.0,2.496,False,0,0.4811727149944483,True,05420500
05412500,1,14804345,173,100.0,0.0,2.644,False,0,0.4811727149944483,True,05420500
05412500,1,14804351,174,100.0,0.0,2.378,False,0,0.4811727149944483,True,05420500
05412500,1,14804355,175,100.0,0.0,0.281,False,0,0.4811727149944483,True,05420500
05412500,1,14809371,176,100.0,44.288,1.28360448,False,0,0.4811727149944483,True,05420500
05357245,2,13344470,0,87.669,0.0,0.47516598000000004,False,0,0.0134965274623458,False,05420500
05357245,2,13345080,1,100.0,0.0,0.267,True,13344120,0.0134965274623458,False,05420500
05357245,2,13344472,2,100.0,0.0,0.38800000000000007,False,0,0.0134965274623458,False,05420500
05357245,2,13345088,3,100.0,0.0,0.8489999999999999,True,13344134,0.0134965274623458,False,05420500
05357245,2,13345094,4,100.0,0.0,3.0269999999999997,True,13344134,0.0134965274623458,False,05420500
05357245,2,13344874,5,100.0,0.0,1.737,False,0,0.0134965274623458,False,05420500
05357245,2,13344876,6,100.0,0.0,4.079,False,0,0.0134965274623458,False,05420500
05357245,2,13344858,7,100.0,0.0,2.343,False,0,0.0134965274623458,False,05420500
05357245,2,13345054,8,100.0,0.0,0.616,False,0,0.0134965274623458,False,05420500
05357245,2,13344438,9,100.0,0.0,0.614,False,0,0.0134965274623458,False,05420500
05357245,2,937050134,10,100.0,0.0,0.12300000000000001,False,0,0.0134965274623458,False,05420500
05357245,2,13345184,11,100.0,0.0,1.753,True,69885924,0.0134965274623458,False,05420500
05357245,2,937050135,12,100.0,0.0,0.294,False,0,0.0134965274623458,False,05420500
05357245,2,13344432,13,100.0,0.0,0.102,False,0,0.0134965274623458,False,05420500
05357245,2,13345046,14,100.0,0.0,2.323,True,13343802,0.0134965274623458,False,05420500
05357245,2,13345036,15,100.0,0.0,1.176,True,13343802,0.0134965274623458,False,05420500
05357245,2,13344420,16,100.0,0.0,0.566,False,0,0.0134965274623458,False,05420500
05357245,2,937050106,17,100.0,0.0,2.057,True,13343686,0.0134965274623458,False,05420500
05357245,2,937050108,18,100.0,0.0,0.133,False,0,0.0134965274623458,False,05420500
05357245,2,937050107,19,100.0,0.0,0.517,True,13343614,0.0134965274623458,False,05420500
05357245,2,937050128,20,100.0,0.0,1.221,True,13343614,0.0134965274623458,False,05420500
05357245,2,13345012,21,100.0,0.0,0.585,True,13343614,0.0134965274623458,False,05420500
05357245,2,13344398,22,100.0,0.0,0.458,False,0,0.0134965274623458,False,05420500
05357245,2,13345014,23,100.0,0.0,3.553,True,13343530,0.0134965274623458,False,05420500
05357245,2,13344986,24,100.0,0.0,0.28,True,13343530,0.0134965274623458,False,05420500
05357245,2,13344388,25,100.0,0.0,0.1,False,0,0.0134965274623458,False,05420500
05357245,2,13344988,26,100.0,0.0,0.527,True,13343586,0.0134965274623458,False,05420500
05357245,2,13344392,27,100.0,0.0,0.784,False,0,0.0134965274623458,False,05420500
05357245,2,13344998,28,100.0,0.0,0.935,True,13343592,0.0134965274623458,False,05420500
05357245,2,13344394,29,100.0,0.0,1.357,False,0,0.0134965274623458,False,05420500
05357245,2,13345008,30,100.0,0.0,1.534,True,13343604,0.0134965274623458,False,05420500
05357245,2,13344386,31,100.0,0.0,1.232,False,0,0.0134965274623458,False,05420500
05357245,2,13344800,32,100.0,0.0,7.313,False,0,0.0134965274623458,False,05420500
05357245,2,13346176,33,100.0,0.0,14.181,False,0,0.0134965274623458,False,05420500
05357245,2,13346198,34,100.0,0.0,5.311,False,0,0.0134965274623458,False,05420500
05357245,2,13346288,35,100.0,0.0,5.473,True,13345552,0.0134965274623458,False,05420500
05357245,2,13346290,36,100.0,0.0,7.943,True,13345552,0.0134965274623458,False,05420500
05357245,2,13346298,37,100.0,0.0,2.691,True,13345552,0.0134965274623458,False,05420500
05357245,2,13346300,38,100.0,0.0,1.025,True,13345552,0.0134965274623458,False,05420500
05357245,2,13346294,39,100.0,0.0,0.062,True,13345552,0.0134965274623458,False,05420500
05357245,2,13346368,40,100.0,0.0,6.419,False,0,0.0134965274623458,False,05420500
05357245,2,13346304,41,100.0,0.0,1.402,False,0,0.0134965274623458,False,05420500
05357245,2,13346310,42,100.0,0.0,2.855,False,0,0.0134965274623458,False,05420500
05357245,2,13346312,43,100.0,0.0,1.149,False,0,0.0134965274623458,False,05420500
05357245,2,13346314,44,100.0,0.0,0.076,False,0,0.0134965274623458,False,05420500
05357245,2,13346366,45,100.0,0.0,1.157,False,0,0.0134965274623458,False,05420500
05357245,2,13346316,46,100.0,0.0,0.711,False,0,0.0134965274623458,False,05420500
05357245,2,13346318,47,100.0,0.0,0.091,False,0,0.0134965274623458,False,05420500
05357245,2,13346320,48,100.0,0.0,0.704,False,0,0.0134965274623458,False,05420500
05357245,2,13346322,49,100.0,0.0,0.073,False,0,0.0134965274623458,False,05420500
05357245,2,13346330,50,100.0,0.0,2.9930000000000003,False,0,0.0134965274623458,False,05420500
05357245,2,13346332,51,100.0,0.0,0.067,False,0,0.0134965274623458,False,05420500
05357245,2,13346334,52,100.0,0.0,0.36199999999999993,False,0,0.0134965274623458,False,05420500
05357245,2,13350626,53,100.0,0.0,1.15,False,0,0.0134965274623458,False,05420500
05357245,2,13350628,54,100.0,0.0,0.072,False,0,0.0134965274623458,False,05420500
05357245,2,13350636,55,100.0,0.0,0.41,False,0,0.0134965274623458,False,05420500
05357245,2,13350640,56,100.0,0.0,0.408,False,0,0.0134965274623458,False,05420500
05357245,2,13350642,57,100.0,0.0,0.073,False,0,0.0134965274623458,False,05420500
05357245,2,13350644,58,100.0,0.0,0.508,False,0,0.0134965274623458,False,05420500
05357245,2,13350638,59,100.0,0.0,0.091,False,0,0.0134965274623458,False,05420500
05357245,2,13350632,60,100.0,0.0,1.274,False,0,0.0134965274623458,False,05420500
05357245,2,13350646,61,100.0,0.0,2.6240000000000006,False,0,0.0134965274623458,False,05420500
05357245,2,13350650,62,100.0,0.0,0.3509999999999999,False,0,0.0134965274623458,False,05420500
05357245,2,13350662,63,100.0,0.0,5.229,False,0,0.0134965274623458,False,05420500
05357245,2,13350668,64,100.0,0.0,0.504,False,0,0.0134965274623458,False,05420500
05357245,2,13350678,65,100.0,0.0,7.353,False,0,0.0134965274623458,False,05420500
05357245,2,13350686,66,100.0,0.0,2.809,False,0,0.0134965274623458,False,05420500
05357245,2,13350688,67,100.0,0.0,0.067,False,0,0.0134965274623458,False,05420500
05357245,2,13350700,68,100.0,0.0,0.677,False,0,0.0134965274623458,False,05420500
05357245,2,13350702,69,100.0,0.0,0.617,False,0,0.0134965274623458,False,05420500
05357245,2,13350682,70,100.0,0.0,1.098,False,0,0.0134965274623458,False,05420500
05357245,2,13350708,71,100.0,0.0,1.4710000000000003,False,0,0.0134965274623458,False,05420500
05357245,2,13350712,72,100.0,0.0,1.391,False,0,0.0134965274623458,False,05420500
05357245,2,13350718,73,100.0,0.0,3.887,False,0,0.0134965274623458,False,05420500
05357245,2,13350722,74,100.0,0.0,2.431,False,0,0.0134965274623458,False,05420500
05357245,2,13350734,75,100.0,0.0,2.886,False,0,0.0134965274623458,False,05420500
05357245,2,13350730,76,100.0,0.0,1.4579999999999997,False,0,0.0134965274623458,False,05420500
05357245,2,13350720,77,100.0,0.0,0.079,False,0,0.0134965274623458,False,05420500
05357245,2,13350726,78,100.0,0.0,2.6429999999999993,False,0,0.0134965274623458,False,05420500
05357245,2,13350736,79,100.0,0.0,1.216,False,0,0.0134965274623458,False,05420500
05357245,2,13350738,80,100.0,0.0,5.472,False,0,0.0134965274623458,False,05420500
05357245,2,13350882,81,100.0,0.0,1.206,False,0,0.0134965274623458,False,05420500
05357245,2,13350696,82,100.0,0.0,0.16,False,0,0.0134965274623458,False,05420500
05357245,2,13350886,83,100.0,0.0,4.845,False,0,0.0134965274623458,False,05420500
05357245,2,13350744,84,100.0,0.0,7.834,False,0,0.0134965274623458,False,05420500
05357245,2,13350748,85,100.0,0.0,1.5289999999999997,False,0,0.0134965274623458,False,05420500
05357245,2,13350752,86,100.0,0.0,2.211,False,0,0.0134965274623458,False,05420500
05357245,2,13350760,87,100.0,0.0,2.389,False,0,0.0134965274623458,False,05420500
05357245,2,13350762,88,100.0,0.0,0.382,False,0,0.0134965274623458,False,05420500
05357245,2,13350770,89,100.0,0.0,0.252,False,0,0.0134965274623458,False,05420500
05357245,2,13350774,90,100.0,0.0,2.783,False,0,0.0134965274623458,False,05420500
05357245,2,13350780,91,100.0,0.0,1.685,False,0,0.0134965274623458,False,05420500
05357245,2,13350786,92,100.0,0.0,1.5829999999999997,False,0,0.0134965274623458,False,05420500
05357245,2,13350790,93,100.0,0.0,6.872000000000001,False,0,0.0134965274623458,False,05420500
05357245,2,13350806,94,100.0,0.0,6.313,False,0,0.0134965274623458,False,05420500
05357245,2,13350820,95,100.0,0.0,3.444,False,0,0.0134965274623458,False,05420500
05357245,2,13350828,96,100.0,0.0,1.746,False,0,0.0134965274623458,False,05420500
05357245,2,13350830,97,100.0,0.0,0.091,False,0,0.0134965274623458,False,05420500
05357245,2,13350840,98,100.0,0.0,1.3,False,0,0.0134965274623458,False,05420500
05357245,2,13350838,99,100.0,0.0,0.096,False,0,0.0134965274623458,False,05420500
05357245,2,13350836,100,100.0,0.0,0.61,False,0,0.0134965274623458,False,05420500
05357245,2,13350834,101,100.0,0.0,0.971,False,0,0.0134965274623458,False,05420500
05357245,2,13350826,102,100.0,0.0,0.095,False,0,0.0134965274623458,False,05420500
05357245,2,13350842,103,100.0,0.0,2.493,False,0,0.0134965274623458,False,05420500
05357245,2,13350844,104,100.0,0.0,0.083,False,0,0.0134965274623458,False,05420500
05357245,2,13350846,105,100.0,0.0,2.01,False,0,0.0134965274623458,False,05420500
05357245,2,13350848,106,100.0,0.0,0.09,False,0,0.0134965274623458,False,05420500
05357245,2,13350852,107,100.0,0.0,2.077,False,0,0.0134965274623458,False,05420500
05357245,2,13350856,108,100.0,0.0,3.966,False,0,0.0134965274623458,False,05420500
05357245,2,13350858,109,100.0,0.0,2.454,False,0,0.0134965274623458,False,05420500
05357245,2,13350862,110,100.0,0.0,0.9230000000000002,True,13350068,0.0134965274623458,False,05420500
05357245,2,13350864,111,100.0,0.0,3.006,True,13350068,0.0134965274623458,False,05420500
05357245,2,13350866,112,100.0,0.0,2.473,True,13350068,0.0134965274623458,False,05420500
05357245,2,13351490,113,100.0,0.0,0.316,True,13351250,0.0134965274623458,False,05420500
05357245,2,13351492,114,100.0,0.0,2.825,True,13351250,0.0134965274623458,False,05420500
05357245,2,13351494,115,100.0,0.0,3.051,True,13351250,0.0134965274623458,False,05420500
05357245,2,13352430,116,100.0,0.0,1.579,True,13352060,0.0134965274623458,False,05420500
05357245,2,13352434,117,100.0,0.0,7.488,False,0,0.0134965274623458,False,05420500
05357245,2,13352436,118,100.0,0.0,0.385,False,0,0.0134965274623458,False,05420500
05357245,2,13352438,119,100.0,0.0,0.09300000000000001,False,0,0.0134965274623458,False,05420500
05357245,2,13352440,120,100.0,0.0,0.081,False,0,0.0134965274623458,False,05420500
05357245,2,13352442,121,100.0,0.0,1.152,False,0,0.0134965274623458,False,05420500
05357245,2,13352450,122,100.0,0.0,1.712,False,0,0.0134965274623458,False,05420500
05357245,2,13352448,123,100.0,0.0,0.839,False,0,0.0134965274623458,False,05420500
05357245,2,13352456,124,100.0,0.0,3.22,False,0,0.0134965274623458,False,05420500
05357245,2,13352458,125,100.0,0.0,7.699,False,0,0.0134965274623458,False,05420500
05357245,2,13352460,126,100.0,0.0,3.8310000000000004,False,0,0.0134965274623458,False,05420500
05357245,2,13352468,127,100.0,0.0,4.929,False,0,0.0134965274623458,False,05420500
05357245,2,13352472,128,100.0,0.0,2.8959999999999995,False,0,0.0134965274623458,False,05420500
05357245,2,13352474,129,100.0,0.0,6.218,False,0,0.0134965274623458,False,05420500
05357245,2,13125084,130,100.0,0.0,0.634,False,0,0.0134965274623458,False,05420500
05357245,2,13125078,131,100.0,0.0,1.912,False,0,0.0134965274623458,False,05420500
05357245,2,13125064,132,100.0,0.0,3.193,False,0,0.0134965274623458,False,05420500
05357245,2,13127192,133,100.0,0.0,0.41,False,0,0.0134965274623458,False,05420500
05357245,2,13125106,134,100.0,0.0,3.923,False,0,0.0134965274623458,False,05420500
05357245,2,13125108,135,100.0,0.0,0.447,False,0,0.0134965274623458,False,05420500
05357245,2,13125110,136,100.0,0.0,0.016,True,13124080,0.0134965274623458,False,05420500
05357245,2,13125120,137,100.0,0.0,1.16,True,13124080,0.0134965274623458,False,05420500
05357245,2,13125122,138,100.0,0.0,1.694,True,13124080,0.0134965274623458,False,05420500
05357245,2,13125138,139,100.0,0.0,1.34,True,13124080,0.0134965274623458,False,05420500
05357245,2,13125142,140,100.0,0.0,3.139,True,13124080,0.0134965274623458,False,05420500
05357245,2,13104827,141,100.0,0.0,5.431,False,0,0.0134965274623458,False,05420500
05357245,2,13104849,142,100.0,0.0,3.37,False,0,0.0134965274623458,False,05420500
05357245,2,13104853,143,100.0,0.0,0.7340000000000001,False,0,0.0134965274623458,False,05420500
05357245,2,13104857,144,100.0,0.0,0.25,False,0,0.0134965274623458,False,05420500
05357245,2,13104861,145,100.0,0.0,1.982,False,0,0.0134965274623458,False,05420500
05357245,2,13104869,146,100.0,0.0,1.67,False,0,0.0134965274623458,False,05420500
05357245,2,13104877,147,100.0,0.0,2.753,False,0,0.0134965274623458,False,05420500
05357245,2,13104887,148,100.0,0.0,1.6130000000000002,False,0,0.0134965274623458,False,05420500
05357245,2,13104893,149,100.0,0.0,1.975,False,0,0.0134965274623458,False,05420500
05357245,2,13104909,150,100.0,0.0,3.131,False,0,0.0134965274623458,False,05420500
05357245,2,13104911,151,100.0,0.0,0.205,True,13104083,0.0134965274623458,False,05420500
05357245,2,13104917,152,100.0,0.0,0.366,True,13104083,0.0134965274623458,False,05420500
05357245,2,13104919,153,100.0,0.0,1.073,True,13104083,0.0134965274623458,False,05420500
05357245,2,13104925,154,100.0,0.0,1.956,True,13104083,0.0134965274623458,False,05420500
05357245,2,13104929,155,100.0,0.0,0.311,True,13104083,0.0134965274623458,False,05420500
05357245,2,13104931,156,100.0,0.0,0.014000000000000002,False,0,0.0134965274623458,False,05420500
05357245,2,13104933,157,100.0,0.0,0.062,False,0,0.0134965274623458,False,05420500
05357245,2,13104937,158,100.0,0.0,0.096,False,0,0.0134965274623458,False,05420500
05357245,2,13104939,159,100.0,0.0,0.183,False,0,0.0134965274623458,False,05420500
05357245,2,13104943,160,100.0,0.0,0.716,False,0,0.0134965274623458,False,05420500
05357245,2,13104945,161,100.0,0.0,0.09700000000000002,False,0,0.0134965274623458,False,05420500
05357245,2,13104947,162,100.0,0.0,0.7659999999999999,False,0,0.0134965274623458,False,05420500
05357245,2,13104951,163,100.0,0.0,1.737,False,0,0.0134965274623458,False,05420500
05357245,2,13104959,164,100.0,0.0,3.721,False,0,0.0134965274623458,False,05420500
05357245,2,13104961,165,100.0,0.0,1.2920000000000003,False,0,0.0134965274623458,False,05420500
05357245,2,13104965,166,100.0,0.0,2.097,False,0,0.0134965274623458,False,05420500
05357245,2,13107107,167,100.0,0.0,0.686,False,0,0.0134965274623458,False,05420500
05357245,2,13107113,168,100.0,0.0,2.718,False,0,0.0134965274623458,False,05420500
05357245,2,13107115,169,100.0,0.0,0.002,True,13105755,0.0134965274623458,False,05420500
05357245,2,13107133,170,100.0,0.0,3.715,True,13105755,0.0134965274623458,False,05420500
05357245,2,13107143,171,100.0,0.0,1.732,True,13105755,0.0134965274623458,False,05420500
05357245,2,13107145,172,100.0,0.0,0.442,True,13105755,0.0134965274623458,False,05420500
05357245,2,13107389,173,100.0,0.0,0.028000000000000004,False,0,0.0134965274623458,False,05420500
05357245,2,13107391,174,100.0,0.0,4.538,False,0,0.0134965274623458,False,05420500
05357245,2,13107379,175,100.0,0.0,0.037,False,0,0.0134965274623458,False,05420500
05357245,2,13107149,176,100.0,0.0,0.035,False,0,0.0134965274623458,False,05420500
05357245,2,13107161,177,100.0,0.0,4.984,False,0,0.0134965274623458,False,05420500
05357245,2,13107157,178,100.0,0.0,0.442,False,0,0.0134965274623458,False,05420500
05357245,2,13107165,179,100.0,0.0,0.723,False,0,0.0134965274623458,False,05420500
05357245,2,13107185,180,100.0,0.0,6.035999999999999,False,0,0.0134965274623458,False,05420500
05357245,2,13107181,181,100.0,0.0,1.006,False,0,0.0134965274623458,False,05420500
05357245,2,13107187,182,100.0,0.0,0.6460000000000001,False,0,0.0134965274623458,False,05420500
05357245,2,13107193,183,100.0,0.0,1.288,False,0,0.0134965274623458,False,05420500
05357245,2,13107197,184,100.0,0.0,0.9469999999999998,False,0,0.0134965274623458,False,05420500
05357245,2,13112431,185,100.0,0.0,4.379,False,0,0.0134965274623458,False,05420500
05357245,2,13107199,186,100.0,0.0,0.406,True,13134581,0.0134965274623458,False,05420500
05357245,2,13107201,187,100.0,0.0,3.994,False,0,0.0134965274623458,False,05420500
05357245,2,13107207,188,100.0,0.0,3.988,False,0,0.0134965274623458,False,05420500
05357245,2,13107209,189,100.0,0.0,2.615,False,0,0.0134965274623458,False,05420500
05357245,2,13107215,190,100.0,0.0,2.494,False,0,0.0134965274623458,False,05420500
05357245,2,13107235,191,100.0,0.0,3.585,False,0,0.0134965274623458,False,05420500
05357245,2,13107233,192,100.0,0.0,4.212,False,0,0.0134965274623458,False,05420500
05357245,2,13107223,193,100.0,0.0,3.013,False,0,0.0134965274623458,False,05420500
05357245,2,13107245,194,100.0,0.0,3.34,False,0,0.0134965274623458,False,05420500
05357245,2,13107243,195,100.0,0.0,0.298,False,0,0.0134965274623458,False,05420500
05357245,2,13107273,196,100.0,0.0,2.815,False,0,0.0134965274623458,False,05420500
05357245,2,13107385,197,100.0,0.0,0.176,False,0,0.0134965274623458,False,05420500
05357245,2,13107383,198,100.0,0.0,2.748,False,0,0.0134965274623458,False,05420500
05357245,2,13107381,199,100.0,0.0,0.961,False,0,0.0134965274623458,False,05420500
05357245,2,13107269,200,100.0,0.0,0.324,False,0,0.0134965274623458,False,05420500
05357245,2,13112413,201,100.0,0.0,1.781,False,0,0.0134965274623458,False,05420500
05357245,2,13107279,202,100.0,0.0,4.42,False,0,0.0134965274623458,False,05420500
05357245,2,13112361,203,100.0,0.0,0.314,False,0,0.0134965274623458,False,05420500
05357245,2,13107289,204,100.0,0.0,0.873,False,0,0.0134965274623458,False,05420500
05357245,2,13107291,205,100.0,0.0,0.272,False,0,0.0134965274623458,False,05420500
05357245,2,13106481,206,100.0,0.0,1.238,False,0,0.0134965274623458,False,05420500
05357245,2,13106493,207,100.0,0.0,1.167,False,0,0.0134965274623458,False,05420500
05357245,2,13106527,208,100.0,0.0,2.825,False,0,0.0134965274623458,False,05420500
05357245,2,13107307,209,100.0,0.0,0.511,True,13134601,0.0134965274623458,False,05420500
05357245,2,13107419,210,100.0,0.0,0.029000000000000005,True,13134601,0.0134965274623458,False,05420500
05357245,2,13106537,211,100.0,0.0,0.314,False,0,0.0134965274623458,False,05420500
05357245,2,13107311,212,100.0,0.0,0.11200000000000002,False,0,0.0134965274623458,False,05420500
05357245,2,13107315,213,100.0,0.0,1.462,False,0,0.0134965274623458,False,05420500
05357245,2,13107317,214,100.0,0.0,1.19,False,0,0.0134965274623458,False,05420500
05357245,2,13107321,215,100.0,0.0,1.319,False,0,0.0134965274623458,False,05420500
05357245,2,13107431,216,100.0,0.0,0.195,False,0,0.0134965274623458,False,05420500
05357245,2,13107327,217,100.0,0.0,2.308,False,0,0.0134965274623458,False,05420500
05357245,2,13107331,218,100.0,0.0,0.094,False,0,0.0134965274623458,False,05420500
05357245,2,13107333,219,100.0,0.0,1.023,False,0,0.0134965274623458,False,05420500
05357245,2,13112371,220,100.0,0.0,3.3,False,0,0.0134965274623458,False,05420500
05357245,2,13107337,221,100.0,0.0,1.212,False,0,0.0134965274623458,False,05420500
05357245,2,13112377,222,100.0,0.0,0.58,False,0,0.0134965274623458,False,05420500
05357245,2,13107421,223,100.0,0.0,8.068,False,0,0.0134965274623458,False,05420500
05357245,2,13107355,224,100.0,0.0,0.026000000000000002,False,0,0.0134965274623458,False,05420500
05357245,2,13107361,225,100.0,0.0,1.197,False,0,0.0134965274623458,False,05420500
05357245,2,13107363,226,100.0,0.0,0.288,False,0,0.0134965274623458,False,05420500
05357245,2,13108373,227,100.0,0.0,1.3460000000000003,False,0,0.0134965274623458,False,05420500
05357245,2,13108371,228,100.0,0.0,0.16,False,0,0.0134965274623458,False,05420500
05357245,2,13112429,229,100.0,0.0,0.386,False,0,0.0134965274623458,False,05420500
05357245,2,13108125,230,100.0,0.0,0.826,False,0,0.0134965274623458,False,05420500
05357245,2,13112423,231,100.0,0.0,0.759,False,0,0.0134965274623458,False,05420500
05357245,2,13108333,232,100.0,0.0,0.16699999999999998,False,0,0.0134965274623458,False,05420500
05357245,2,13108335,233,100.0,0.0,1.915,False,0,0.0134965274623458,False,05420500
05357245,2,13108341,234,100.0,0.0,1.851,False,0,0.0134965274623458,False,05420500
05357245,2,13108343,235,100.0,0.0,1.138,False,0,0.0134965274623458,False,05420500
05357245,2,13108347,236,100.0,0.0,1.212,False,0,0.0134965274623458,False,05420500
05357245,2,13108351,237,100.0,0.0,0.282,False,0,0.0134965274623458,False,05420500
05357245,2,13108355,238,100.0,0.0,1.632,False,0,0.0134965274623458,False,05420500
05357245,2,13108359,239,100.0,0.0,0.353,False,0,0.0134965274623458,False,05420500
05357245,2,13108363,240,100.0,0.0,1.038,False,0,0.0134965274623458,False,05420500
05357245,2,13109167,241,100.0,0.0,0.9230000000000002,False,0,0.0134965274623458,False,05420500
05357245,2,13109171,242,100.0,0.0,0.095,False,0,0.0134965274623458,False,05420500
05357245,2,13109175,243,100.0,0.0,0.188,False,0,0.0134965274623458,False,05420500
05357245,2,13109179,244,100.0,0.0,0.688,False,0,0.0134965274623458,False,05420500
05357245,2,13109183,245,100.0,0.0,0.951,False,0,0.0134965274623458,False,05420500
05357245,2,13109191,246,100.0,0.0,0.616,False,0,0.0134965274623458,False,05420500
05357245,2,13109199,247,100.0,0.0,0.6629999999999999,False,0,0.0134965274623458,False,05420500
05357245,2,13109209,248,100.0,0.0,0.144,False,0,0.0134965274623458,False,05420500
05357245,2,13112421,249,100.0,0.0,1.426,False,0,0.0134965274623458,False,05420500
05357245,2,13109213,250,100.0,0.0,0.484,False,0,0.0134965274623458,False,05420500
05357245,2,13109219,251,100.0,0.0,0.43200000000000005,False,0,0.0134965274623458,False,05420500
05357245,2,13109223,252,100.0,0.0,0.9469999999999998,False,0,0.0134965274623458,False,05420500
05357245,2,13109227,253,100.0,0.0,0.786,False,0,0.0134965274623458,False,05420500
05357245,2,13109287,254,100.0,0.0,1.658,False,0,0.0134965274623458,False,05420500
05357245,2,13109271,255,100.0,0.0,0.111,False,0,0.0134965274623458,False,05420500
05357245,2,13109131,256,100.0,0.0,0.094,False,0,0.0134965274623458,False,05420500
05357245,2,13109133,257,100.0,0.0,0.098,False,0,0.0134965274623458,False,05420500
05357245,2,2120100,258,100.0,0.0,0.7879999999999999,True,2119092,0.0134965274623458,False,05420500
05357245,2,2124988,259,100.0,0.0,0.764,True,2119092,0.0134965274623458,False,05420500
05357245,2,2119968,260,100.0,0.0,0.791,True,2119092,0.0134965274623458,False,05420500
05357245,2,2119974,261,100.0,0.0,0.132,True,2119092,0.0134965274623458,False,05420500
05357245,2,2119980,262,100.0,0.0,0.154,False,0,0.0134965274623458,False,05420500
05357245,2,2119988,263,100.0,0.0,0.47,False,0,0.0134965274623458,False,05420500
05357245,2,2120018,264,100.0,0.0,1.222,False,0,0.0134965274623458,False,05420500
05357245,2,2124786,265,100.0,0.0,0.337,False,0,0.0134965274623458,False,05420500
05357245,2,2120026,266,100.0,0.0,0.57,False,0,0.0134965274623458,False,05420500
05357245,2,2120032,267,100.0,0.0,0.38800000000000007,False,0,0.0134965274623458,False,05420500
05357245,2,2120030,268,100.0,0.0,0.106,False,0,0.0134965274623458,False,05420500
05357245,2,2120024,269,100.0,0.0,0.042,True,2119102,0.0134965274623458,False,05420500
05357245,2,2124974,270,100.0,0.0,0.9129999999999999,True,2119102,0.0134965274623458,False,05420500
05357245,2,2124970,271,100.0,0.0,0.498,True,2119102,0.0134965274623458,False,05420500
05357245,2,2120098,272,100.0,0.0,0.424,True,2119102,0.0134965274623458,False,05420500
05357245,2,2124966,273,100.0,0.0,0.078,True,2119102,0.0134965274623458,False,05420500
05357245,2,2119348,274,100.0,0.0,0.271,False,0,0.0134965274623458,False,05420500
05357245,2,2120070,275,100.0,0.0,0.317,True,2119102,0.0134965274623458,False,05420500
05357245,2,2120108,276,100.0,0.0,0.3390000000000001,True,2119102,0.0134965274623458,False,05420500
05357245,2,2120106,277,100.0,0.0,0.206,True,2119102,0.0134965274623458,False,05420500
05357245,2,2120022,278,100.0,0.0,0.408,True,2119102,0.0134965274623458,False,05420500
05357245,2,2118156,279,100.0,0.0,1.765,False,0,0.0134965274623458,False,05420500
05357245,2,2118160,280,100.0,0.0,0.6510000000000001,False,0,0.0134965274623458,False,05420500
05357245,2,2118174,281,100.0,0.0,3.272,False,0,0.0134965274623458,False,05420500
05357245,2,2118182,282,100.0,0.0,0.598,False,0,0.0134965274623458,False,05420500
05357245,2,2118198,283,100.0,0.0,0.45399999999999996,False,0,0.0134965274623458,False,05420500
05357245,2,2118212,284,100.0,0.0,1.6230000000000002,False,0,0.0134965274623458,False,05420500
05357245,2,2118214,285,100.0,0.0,2.58,False,0,0.0134965274623458,False,05420500
05357245,2,2118216,286,100.0,0.0,1.334,False,0,0.0134965274623458,False,05420500
05357245,2,2124984,287,100.0,0.0,0.8320000000000001,False,0,0.0134965274623458,False,05420500
05357245,2,2118222,288,100.0,0.0,1.3359999999999999,False,0,0.0134965274623458,False,05420500
05357245,2,2118224,289,100.0,0.0,0.327,False,0,0.0134965274623458,False,05420500
05357245,2,2118228,290,100.0,0.0,0.451,False,0,0.0134965274623458,False,05420500
05357245,2,2124922,291,100.0,0.0,0.374,False,0,0.0134965274623458,False,05420500
05357245,2,2124914,292,100.0,0.0,0.747,False,0,0.0134965274623458,False,05420500
05357245,2,2118238,293,100.0,0.0,1.037,False,0,0.0134965274623458,False,05420500
05357245,2,2118242,294,100.0,0.0,2.035,False,0,0.0134965274623458,False,05420500
05357245,2,2118246,295,100.0,0.0,0.265,False,0,0.0134965274623458,False,05420500
05357245,2,2118248,296,100.0,0.0,0.318,False,0,0.0134965274623458,False,05420500
05357245,2,2117118,297,100.0,0.0,0.419,False,0,0.0134965274623458,False,05420500
05357245,2,2118258,298,100.0,0.0,0.16,True,2115986,0.0134965274623458,False,05420500
05357245,2,2118722,299,100.0,0.0,0.139,True,2115986,0.0134965274623458,False,05420500
05357245,2,2118266,300,100.0,0.0,0.24,True,2115986,0.0134965274623458,False,05420500
05357245,2,2117144,301,100.0,0.0,0.21899999999999997,False,0,0.0134965274623458,False,05420500
05357245,2,2118284,302,100.0,0.0,0.266,False,0,0.0134965274623458,False,05420500
05357245,2,2118314,303,100.0,0.0,3.051,False,0,0.0134965274623458,False,05420500
05357245,2,2118318,304,100.0,0.0,0.635,False,0,0.0134965274623458,False,05420500
05357245,2,2118324,305,100.0,0.0,0.303,False,0,0.0134965274623458,False,05420500
05357245,2,2118328,306,100.0,0.0,0.321,False,0,0.0134965274623458,False,05420500
05357245,2,2118332,307,100.0,0.0,2.005,False,0,0.0134965274623458,False,05420500
05357245,2,2118340,308,100.0,0.0,0.451,False,0,0.0134965274623458,False,05420500
05357245,2,2118342,309,100.0,0.0,0.162,False,0,0.0134965274623458,False,05420500
05357245,2,2118918,310,100.0,0.0,0.8690000000000001,False,0,0.0134965274623458,False,05420500
05357245,2,2118354,311,100.0,0.0,1.486,False,0,0.0134965274623458,False,05420500
05357245,2,2118356,312,100.0,0.0,0.261,False,0,0.0134965274623458,False,05420500
05357245,2,2118386,313,100.0,0.0,3.017,False,0,0.0134965274623458,False,05420500
05357245,2,2118404,314,100.0,0.0,0.97,False,0,0.0134965274623458,False,05420500
05357245,2,2124998,315,100.0,0.0,1.392,False,0,0.0134965274623458,False,05420500
05357245,2,2118416,316,100.0,0.0,1.371,False,0,0.0134965274623458,False,05420500
05357245,2,2118414,317,100.0,0.0,0.17299999999999996,False,0,0.0134965274623458,False,05420500
05357245,2,2117468,318,100.0,0.0,0.382,False,0,0.0134965274623458,False,05420500
05357245,2,2118410,319,100.0,0.0,0.109,True,2116098,0.0134965274623458,False,05420500
05357245,2,2124982,320,100.0,0.0,0.18099999999999997,True,2116098,0.0134965274623458,False,05420500
05357245,2,2117432,321,100.0,0.0,0.073,False,0,0.0134965274623458,False,05420500
05357245,2,2118408,322,100.0,0.0,0.159,True,2116094,0.0134965274623458,False,05420500
05357245,2,2117444,323,100.0,0.0,0.11,False,0,0.0134965274623458,False,05420500
05357245,2,2117452,324,100.0,0.0,0.122,False,0,0.0134965274623458,False,05420500
05357245,2,2117454,325,100.0,0.0,0.124,False,0,0.0134965274623458,False,05420500
05357245,2,2118924,326,100.0,0.0,0.24600000000000002,True,2116104,0.0134965274623458,False,05420500
05357245,2,2118412,327,100.0,0.0,0.059,True,2116104,0.0134965274623458,False,05420500
05357245,2,2117458,328,100.0,0.0,0.033,False,0,0.0134965274623458,False,05420500
05357245,2,2118438,329,100.0,0.0,1.213,False,0,0.0134965274623458,False,05420500
05357245,2,2118436,330,100.0,0.0,0.11,False,0,0.0134965274623458,False,05420500
05357245,2,2117486,331,100.0,0.0,0.262,False,0,0.0134965274623458,False,05420500
05357245,2,2118434,332,100.0,0.0,0.564,False,0,0.0134965274623458,False,05420500
05357245,2,2118422,333,100.0,0.0,0.201,False,0,0.0134965274623458,False,05420500
05357245,2,2117476,334,100.0,0.0,0.176,False,0,0.0134965274623458,False,05420500
05357245,2,2118758,335,100.0,0.0,0.135,False,0,0.0134965274623458,False,05420500
05357245,2,2118426,336,100.0,0.0,0.287,False,0,0.0134965274623458,False,05420500
05357245,2,2118428,337,100.0,0.0,0.414,False,0,0.0134965274623458,False,05420500
05357245,2,2118450,338,100.0,0.0,1.345,False,0,0.0134965274623458,False,05420500
05357245,2,2118460,339,100.0,0.0,0.905,False,0,0.0134965274623458,False,05420500
05357245,2,2118478,340,100.0,0.0,1.037,False,0,0.0134965274623458,False,05420500
05357245,2,2125006,341,100.0,0.0,0.3390000000000001,False,0,0.0134965274623458,False,05420500
05357245,2,2118882,342,100.0,0.0,0.168,False,0,0.0134965274623458,False,05420500
05357245,2,2118880,343,100.0,0.0,0.23,False,0,0.0134965274623458,False,05420500
05357245,2,2117536,344,100.0,0.0,0.348,False,0,0.0134965274623458,False,05420500
05357245,2,2118886,345,100.0,0.0,0.088,False,0,0.0134965274623458,False,05420500
05357245,2,2118888,346,100.0,0.0,0.309,False,0,0.0134965274623458,False,05420500
05357245,2,2118892,347,100.0,0.0,2.239,False,0,0.0134965274623458,False,05420500
05357245,2,2118528,348,100.0,0.0,3.012,False,0,0.0134965274623458,False,05420500
05357245,2,2118868,349,100.0,0.0,0.483,False,0,0.0134965274623458,False,05420500
05357245,2,2118866,350,100.0,0.0,0.866,False,0,0.0134965274623458,False,05420500
05357245,2,2118864,351,100.0,0.0,0.075,False,0,0.0134965274623458,False,05420500
05357245,2,2118870,352,100.0,0.0,0.261,False,0,0.0134965274623458,False,05420500
05357245,2,2117666,353,100.0,0.0,0.08200000000000002,False,0,0.0134965274623458,False,05420500
05357245,2,2118832,354,100.0,0.0,0.278,True,13138531,0.0134965274623458,False,05420500
05357245,2,2117676,355,100.0,0.0,0.13,False,0,0.0134965274623458,False,05420500
05357245,2,2117668,356,100.0,0.0,0.19699999999999998,False,0,0.0134965274623458,False,05420500
05357245,2,2117664,357,100.0,0.0,0.23,False,0,0.0134965274623458,False,05420500
05357245,2,2118834,358,100.0,0.0,0.301,True,13138529,0.0134965274623458,False,05420500
05357245,2,2117682,359,100.0,0.0,0.288,False,0,0.0134965274623458,False,05420500
05357245,2,2118836,360,100.0,0.0,0.146,False,0,0.0134965274623458,False,05420500
05357245,2,2124886,361,100.0,0.0,0.617,False,0,0.0134965274623458,False,05420500
05357245,2,2118856,362,100.0,0.0,1.374,False,0,0.0134965274623458,False,05420500
05357245,2,2118546,363,100.0,0.0,0.321,False,0,0.0134965274623458,False,05420500
05357245,2,2118562,364,100.0,0.0,1.9479999999999997,False,0,0.0134965274623458,False,05420500
05357245,2,2118568,365,100.0,0.0,0.853,False,0,0.0134965274623458,False,05420500
05357245,2,2118572,366,100.0,0.0,1.919,False,0,0.0134965274623458,False,05420500
05357245,2,2118584,367,100.0,0.0,1.859,False,0,0.0134965274623458,False,05420500
05357245,2,2118586,368,100.0,0.0,0.714,False,0,0.0134965274623458,False,05420500
05357245,2,2118590,369,100.0,0.0,0.225,False,0,0.0134965274623458,False,05420500
05357245,2,2124900,370,100.0,0.0,1.066,False,0,0.0134965274623458,False,05420500
05357245,2,2118598,371,100.0,0.0,0.16400000000000003,False,0,0.0134965274623458,False,05420500
05357245,2,2118610,372,100.0,0.0,0.49,False,0,0.0134965274623458,False,05420500
05357245,2,2124904,373,100.0,0.0,2.116,False,0,0.0134965274623458,False,05420500
05357245,2,2118622,374,100.0,0.0,2.226,False,0,0.0134965274623458,False,05420500
05357245,2,2118628,375,100.0,0.0,0.971,False,0,0.0134965274623458,False,05420500
05357245,2,2118634,376,100.0,0.0,1.692,False,0,0.0134965274623458,False,05420500
05357245,2,2118636,377,100.0,0.0,2.15,False,0,0.0134965274623458,False,05420500
05357245,2,2118638,378,100.0,0.0,0.64,False,0,0.0134965274623458,False,05420500
05357245,2,2121080,379,100.0,0.0,0.207,False,0,0.0134965274623458,False,05420500
05357245,2,2121082,380,100.0,0.0,0.025,False,0,0.0134965274623458,False,05420500
05357245,2,2121096,381,100.0,0.0,1.86,False,0,0.0134965274623458,False,05420500
05357245,2,24854505,382,100.0,0.0,2.644,False,0,0.0134965274623458,False,05420500
05357245,2,2456660,383,100.0,0.0,1.033,False,0,0.0134965274623458,False,05420500
05357245,2,2456192,384,100.0,0.0,0.259,False,0,0.0134965274623458,False,05420500
05357245,2,2456196,385,100.0,0.0,0.45899999999999996,False,0,0.0134965274623458,False,05420500
05357245,2,2456194,386,100.0,0.0,0.43799999999999994,False,0,0.0134965274623458,False,05420500
05357245,2,2455296,387,100.0,0.0,0.503,False,0,0.0134965274623458,False,05420500
05357245,2,2456400,388,100.0,0.0,0.805,True,2454720,0.0134965274623458,False,05420500
05357245,2,2456206,389,100.0,0.0,0.128,True,2454720,0.0134965274623458,False,05420500
05357245,2,2456208,390,100.0,0.0,0.57,False,0,0.0134965274623458,False,05420500
05357245,2,2456214,391,100.0,0.0,0.393,False,0,0.0134965274623458,False,05420500
05357245,2,2456254,392,100.0,0.0,1.267,False,0,0.0134965274623458,False,05420500
05357245,2,2456262,393,100.0,0.0,0.3990000000000001,False,0,0.0134965274623458,False,05420500
05357245,2,2456420,394,100.0,0.0,1.391,False,0,0.0134965274623458,False,05420500
05357245,2,2456278,395,100.0,0.0,0.498,False,0,0.0134965274623458,False,05420500
05357245,2,2456292,396,100.0,0.0,1.492,False,0,0.0134965274623458,False,05420500
05357245,2,2456424,397,100.0,0.0,0.136,False,0,0.0134965274623458,False,05420500
05357245,2,2456422,398,100.0,0.0,0.814,False,0,0.0134965274623458,False,05420500
05357245,2,2456478,399,100.0,0.0,0.802,True,2454752,0.0134965274623458,False,05420500
05357245,2,2456476,400,100.0,0.0,0.231,True,2454752,0.0134965274623458,False,05420500
05357245,2,2456470,401,100.0,0.0,1.7689999999999997,True,2454752,0.0134965274623458,False,05420500
05357245,2,2458174,402,100.0,0.0,0.872,True,2454752,0.0134965274623458,False,05420500
05357245,2,2458176,403,100.0,0.0,3.57,True,2454752,0.0134965274623458,False,05420500
05357245,2,2458178,404,100.0,0.0,0.511,True,2454752,0.0134965274623458,False,05420500
05357245,2,2456302,405,100.0,0.0,0.532,True,2454752,0.0134965274623458,False,05420500
05357245,2,2456304,406,100.0,0.0,0.297,False,0,0.0134965274623458,False,05420500
05357245,2,2456308,407,100.0,0.0,0.127,False,0,0.0134965274623458,False,05420500
05357245,2,2456580,408,100.0,0.0,0.937,False,0,0.0134965274623458,False,05420500
05357245,2,2456576,409,100.0,0.0,0.179,False,0,0.0134965274623458,False,05420500
05357245,2,2455638,410,100.0,0.0,0.282,False,0,0.0134965274623458,False,05420500
05357245,2,2456574,411,100.0,0.0,1.064,False,0,0.0134965274623458,False,05420500
05357245,2,2456566,412,100.0,0.0,3.818,False,0,0.0134965274623458,False,05420500
05357245,2,2456564,413,100.0,0.0,0.322,False,0,0.0134965274623458,False,05420500
05357245,2,2455788,414,100.0,0.0,0.272,False,0,0.0134965274623458,False,05420500
05357245,2,2456562,415,100.0,0.0,0.21600000000000003,False,0,0.0134965274623458,False,05420500
05357245,2,2456654,416,100.0,0.0,1.091,False,0,0.0134965274623458,False,05420500
05357245,2,2456312,417,100.0,0.0,0.135,False,0,0.0134965274623458,False,05420500
05357245,2,2456318,418,100.0,0.0,1.7210000000000003,False,0,0.0134965274623458,False,05420500
05357245,2,2458180,419,100.0,0.0,0.446,False,0,0.0134965274623458,False,05420500
05357245,2,2456322,420,100.0,0.0,0.58,False,0,0.0134965274623458,False,05420500
05357245,2,2456324,421,100.0,0.0,0.23,False,0,0.0134965274623458,False,05420500
05357245,2,2456332,422,100.0,0.0,1.703,False,0,0.0134965274623458,False,05420500
05357245,2,2456342,423,100.0,0.0,0.801,False,0,0.0134965274623458,False,05420500
05357245,2,2456348,424,100.0,0.0,0.168,False,0,0.0134965274623458,False,05420500
05357245,2,2456364,425,100.0,0.0,0.4709999999999999,False,0,0.0134965274623458,False,05420500
05357245,2,2456370,426,100.0,0.0,0.151,False,0,0.0134965274623458,False,05420500
05357245,2,2456374,427,100.0,0.0,0.32800000000000007,False,0,0.0134965274623458,False,05420500
05357245,2,2456642,428,100.0,0.0,0.06,False,0,0.0134965274623458,False,05420500
05357245,2,2456640,429,100.0,0.0,0.055,False,0,0.0134965274623458,False,05420500
05357245,2,13208194,430,100.0,0.0,0.313,False,0,0.0134965274623458,False,05420500
05357245,2,13208654,431,100.0,0.0,1.485,False,0,0.0134965274623458,False,05420500
05357245,2,13208732,432,100.0,0.0,1.2890000000000001,False,0,0.0134965274623458,False,05420500
05357245,2,13208734,433,100.0,0.0,0.42,False,0,0.0134965274623458,False,05420500
05357245,2,13208770,434,100.0,0.0,0.195,False,0,0.0134965274623458,False,05420500
05357245,2,13208762,435,100.0,0.0,0.396,False,0,0.0134965274623458,False,05420500
05357245,2,13208764,436,100.0,0.0,0.486,False,0,0.0134965274623458,False,05420500
05357245,2,13208788,437,100.0,0.0,0.298,False,0,0.0134965274623458,False,05420500
05357245,2,13208786,438,100.0,0.0,0.138,False,0,0.0134965274623458,False,05420500
05357245,2,13208776,439,100.0,0.0,0.567,False,0,0.0134965274623458,False,05420500
05357245,2,13206870,440,100.0,0.0,0.44800000000000006,False,0,0.0134965274623458,False,05420500
05357245,2,13208782,441,100.0,0.0,0.528,False,0,0.0134965274623458,False,05420500
05357245,2,13208794,442,100.0,0.0,0.105,False,0,0.0134965274623458,False,05420500
05357245,2,13208846,443,100.0,0.0,1.359,False,0,0.0134965274623458,False,05420500
05357245,2,13208844,444,100.0,0.0,0.156,False,0,0.0134965274623458,False,05420500
05357245,2,13208264,445,100.0,0.0,0.978,False,0,0.0134965274623458,False,05420500
05357245,2,13208850,446,100.0,0.0,0.763,False,0,0.0134965274623458,False,05420500
05357245,2,13208268,447,100.0,0.0,1.103,False,0,0.0134965274623458,False,05420500
05357245,2,13208980,448,100.0,0.0,0.653,False,0,0.0134965274623458,False,05420500
05357245,2,13208888,449,100.0,0.0,0.393,False,0,0.0134965274623458,False,05420500
05357245,2,13208272,450,100.0,0.0,1.763,False,0,0.0134965274623458,False,05420500
05357245,2,13208898,451,100.0,0.0,1.854,False,0,0.0134965274623458,False,05420500
05357245,2,13208280,452,100.0,0.0,1.026,False,0,0.0134965274623458,False,05420500
05357245,2,13208294,453,100.0,0.0,1.533,False,0,0.0134965274623458,False,05420500
05357245,2,13208902,454,100.0,0.0,2.809,False,0,0.0134965274623458,False,05420500
05357245,2,13208314,455,100.0,0.0,1.098,False,0,0.0134965274623458,False,05420500
05357245,2,13208322,456,100.0,0.0,1.465,False,0,0.0134965274623458,False,05420500
05357245,2,13208326,457,100.0,0.0,0.473,False,0,0.0134965274623458,False,05420500
05357245,2,13209010,458,100.0,0.0,1.475,False,0,0.0134965274623458,False,05420500
05357245,2,13216120,459,100.0,0.0,0.005,False,0,0.0134965274623458,False,05420500
05357245,2,13208906,460,100.0,0.0,2.12,False,0,0.0134965274623458,False,05420500
05357245,2,13207498,461,100.0,0.0,0.42100000000000004,False,0,0.0134965274623458,False,05420500
05357245,2,13208910,462,100.0,0.0,2.069,True,13206516,0.0134965274623458,False,05420500
05357245,2,13208918,463,100.0,0.0,0.151,True,13206516,0.0134965274623458,False,05420500
05357245,2,13208908,464,100.0,0.0,0.321,True,13206516,0.0134965274623458,False,05420500
05357245,2,13216102,465,100.0,0.0,0.18600000000000003,True,13206516,0.0134965274623458,False,05420500
05357245,2,13208346,466,100.0,0.0,0.073,True,13206516,0.0134965274623458,False,05420500
05357245,2,13207568,467,100.0,0.0,0.273,False,0,0.0134965274623458,False,05420500
05357245,2,13207574,468,100.0,0.0,0.52,False,0,0.0134965274623458,False,05420500
05357245,2,13207580,469,100.0,0.0,0.16,False,0,0.0134965274623458,False,05420500
05357245,2,13208358,470,100.0,0.0,0.068,True,13206534,0.0134965274623458,False,05420500
05357245,2,13208356,471,100.0,0.0,0.069,True,13206534,0.0134965274623458,False,05420500
05357245,2,13207598,472,100.0,0.0,0.408,False,0,0.0134965274623458,False,05420500
05357245,2,13208366,473,100.0,0.0,0.142,True,120052963,0.0134965274623458,False,05420500
05357245,2,13208368,474,100.0,0.0,0.14,True,120052963,0.0134965274623458,False,05420500
05357245,2,13208380,475,100.0,0.0,0.727,True,120052963,0.0134965274623458,False,05420500
05357245,2,13208398,476,100.0,0.0,1.184,True,120052963,0.0134965274623458,False,05420500
05357245,2,13208410,477,100.0,0.0,0.047,True,120052963,0.0134965274623458,False,05420500
05357245,2,13208430,478,100.0,0.0,1.526,True,120052963,0.0134965274623458,False,05420500
05357245,2,13208452,479,100.0,0.0,1.1,True,120052963,0.0134965274623458,False,05420500
05357245,2,13208464,480,100.0,0.0,0.35600000000000004,True,120052963,0.0134965274623458,False,05420500
05357245,2,13216110,481,100.0,0.0,0.08200000000000002,True,120052963,0.0134965274623458,False,05420500
05357245,2,13208472,482,100.0,0.0,0.148,True,120052963,0.0134965274623458,False,05420500
05357245,2,13208470,483,100.0,0.0,0.127,True,120052963,0.0134965274623458,False,05420500
05357245,2,13208460,484,100.0,0.0,0.162,True,120052963,0.0134965274623458,False,05420500
05357245,2,13208486,485,100.0,0.0,0.736,True,120052963,0.0134965274623458,False,05420500
05357245,2,13209002,486,100.0,0.0,0.4709999999999999,True,120052963,0.0134965274623458,False,05420500
05357245,2,13208496,487,100.0,0.0,0.713,True,120052963,0.0134965274623458,False,05420500
05357245,2,13208504,488,100.0,0.0,0.184,True,120052963,0.0134965274623458,False,05420500
05357245,2,13208510,489,100.0,0.0,0.172,True,120052963,0.0134965274623458,False,05420500
05357245,2,13211548,490,100.0,0.0,0.812,True,120052963,0.0134965274623458,False,05420500
05357245,2,13211558,491,100.0,0.0,2.592,True,120052963,0.0134965274623458,False,05420500
05357245,2,13211770,492,100.0,0.0,1.226,True,120052963,0.0134965274623458,False,05420500
05357245,2,13211852,493,100.0,0.0,1.622,True,120052963,0.0134965274623458,False,05420500
05357245,2,13211562,494,100.0,0.0,0.447,True,120052963,0.0134965274623458,False,05420500
05357245,2,13211566,495,100.0,0.0,0.088,False,0,0.0134965274623458,False,05420500
05357245,2,13211568,496,100.0,0.0,0.571,False,0,0.0134965274623458,False,05420500
05357245,2,13211570,497,100.0,0.0,0.616,False,0,0.0134965274623458,False,05420500
05357245,2,13211584,498,100.0,0.0,3.41,False,0,0.0134965274623458,False,05420500
05357245,2,13211600,499,100.0,0.0,2.6519999999999997,False,0,0.0134965274623458,False,05420500
05357245,2,13211598,500,100.0,0.0,0.642,False,0,0.0134965274623458,False,05420500
05357245,2,13210032,501,100.0,0.0,0.433,False,0,0.0134965274623458,False,05420500
05357245,2,13211614,502,100.0,0.0,0.652,True,13209682,0.0134965274623458,False,05420500
05357245,2,13211776,503,100.0,0.0,3.327,True,13209682,0.0134965274623458,False,05420500
05357245,2,13211640,504,100.0,0.0,0.153,True,13209682,0.0134965274623458,False,05420500
05357245,2,13210120,505,100.0,0.0,0.118,False,0,0.0134965274623458,False,05420500
05357245,2,13210134,506,100.0,0.0,1.135,False,0,0.0134965274623458,False,05420500
05357245,2,13210136,507,100.0,0.0,0.17,False,0,0.0134965274623458,False,05420500
05357245,2,13210148,508,100.0,0.0,1.015,False,0,0.0134965274623458,False,05420500
05357245,2,13211816,509,100.0,0.0,0.086,True,13209682,0.0134965274623458,False,05420500
05357245,2,13211794,510,100.0,0.0,1.679,True,13209682,0.0134965274623458,False,05420500
05357245,2,13211798,511,100.0,0.0,0.948,True,13209682,0.0134965274623458,False,05420500
05357245,2,13211800,512,100.0,0.0,3.82,True,13209682,0.0134965274623458,False,05420500
05357245,2,13216086,513,100.0,0.0,2.494,True,13209682,0.0134965274623458,False,05420500
05357245,2,13211826,514,100.0,0.0,4.024,True,13209682,0.0134965274623458,False,05420500
05357245,2,13216088,515,100.0,0.0,0.614,True,13209682,0.0134965274623458,False,05420500
05357245,2,13216090,516,100.0,0.0,1.466,True,13209682,0.0134965274623458,False,05420500
05357245,2,13211828,517,100.0,0.0,0.887,True,13209682,0.0134965274623458,False,05420500
05357245,2,13211762,518,100.0,0.0,1.82,False,0,0.0134965274623458,False,05420500
05357245,2,13211682,519,100.0,0.0,4.364,False,0,0.0134965274623458,False,05420500
05357245,2,13211684,520,100.0,0.0,1.931,False,0,0.0134965274623458,False,05420500
05357245,2,13211688,521,100.0,0.0,0.606,False,0,0.0134965274623458,False,05420500
05357245,2,13211692,522,100.0,0.0,0.6460000000000001,False,0,0.0134965274623458,False,05420500
05357245,2,13211694,523,100.0,0.0,0.3459999999999999,False,0,0.0134965274623458,False,05420500
05357245,2,13211696,524,100.0,0.0,1.9039999999999997,False,0,0.0134965274623458,False,05420500
05357245,2,13211700,525,100.0,0.0,0.681,False,0,0.0134965274623458,False,05420500
05357245,2,13211706,526,100.0,0.0,3.2060000000000004,False,0,0.0134965274623458,False,05420500
05357245,2,13211710,527,100.0,0.0,3.528,False,0,0.0134965274623458,False,05420500
05357245,2,13211714,528,100.0,0.0,0.48,False,0,0.0134965274623458,False,05420500
05357245,2,13211718,529,100.0,0.0,1.029,False,0,0.0134965274623458,False,05420500
05357245,2,13211720,530,100.0,0.0,1.049,False,0,0.0134965274623458,False,05420500
05357245,2,13211724,531,100.0,0.0,4.974,False,0,0.0134965274623458,False,05420500
05357245,2,937060032,532,100.0,0.0,3.4329999999999994,False,0,0.0134965274623458,False,05420500
05357245,2,937060031,533,100.0,0.0,4.935,False,0,0.0134965274623458,False,05420500
05357245,2,13211732,534,100.0,0.0,1.891,False,0,0.0134965274623458,False,05420500
05357245,2,13211734,535,100.0,0.0,0.558,False,0,0.0134965274623458,False,05420500
05357245,2,13212250,536,100.0,0.0,0.139,False,0,0.0134965274623458,False,05420500
05357245,2,13216072,537,100.0,0.0,0.616,False,0,0.0134965274623458,False,05420500
05357245,2,13326854,538,100.0,0.0,0.103,False,0,0.0134965274623458,False,05420500
05357245,2,13330922,539,100.0,0.0,0.3390000000000001,False,0,0.0134965274623458,False,05420500
05357245,2,13330924,540,100.0,0.0,0.7760000000000001,False,0,0.0134965274623458,False,05420500
05357245,2,13326652,541,100.0,0.0,0.993,False,0,0.0134965274623458,False,05420500
05357245,2,13326872,542,100.0,0.0,0.9129999999999999,False,0,0.0134965274623458,False,05420500
05357245,2,13326658,543,100.0,0.0,1.069,False,0,0.0134965274623458,False,05420500
05357245,2,13326664,544,100.0,0.0,1.239,False,0,0.0134965274623458,False,05420500
05357245,2,13326666,545,100.0,0.0,0.662,False,0,0.0134965274623458,False,05420500
05357245,2,13326882,546,100.0,0.0,0.359,False,0,0.0134965274623458,False,05420500
05357245,2,13326670,547,100.0,0.0,1.355,False,0,0.0134965274623458,False,05420500
05357245,2,13326672,548,100.0,0.0,1.2920000000000003,False,0,0.0134965274623458,False,05420500
05357245,2,13326972,549,100.0,0.0,0.6409999999999999,False,0,0.0134965274623458,False,05420500
05357245,2,13326976,550,100.0,0.0,0.107,False,0,0.0134965274623458,False,05420500
05357245,2,13326684,551,100.0,0.0,0.091,False,0,0.0134965274623458,False,05420500
05357245,2,13326708,552,100.0,0.0,0.66,False,0,0.0134965274623458,False,05420500
05357245,2,13326706,553,100.0,0.0,0.325,False,0,0.0134965274623458,False,05420500
05357245,2,13326190,554,100.0,0.0,0.12300000000000001,False,0,0.0134965274623458,False,05420500
05357245,2,13326866,555,100.0,0.0,0.029000000000000005,True,13325852,0.0134965274623458,False,05420500
05357245,2,13326980,556,100.0,0.0,0.055,True,13325852,0.0134965274623458,False,05420500
05357245,2,13326618,557,100.0,0.0,0.765,False,0,0.0134965274623458,False,05420500
05357245,2,13326864,558,100.0,0.0,0.293,True,13325850,0.0134965274623458,False,05420500
05357245,2,13326182,559,100.0,0.0,0.072,False,0,0.0134965274623458,False,05420500
05357245,2,13326186,560,100.0,0.0,0.155,False,0,0.0134965274623458,False,05420500
05357245,2,13326694,561,100.0,0.0,0.061,True,13325854,0.0134965274623458,False,05420500
05357245,2,13326702,562,100.0,0.0,0.276,True,13325854,0.0134965274623458,False,05420500
05357245,2,13326200,563,100.0,0.0,0.222,False,0,0.0134965274623458,False,05420500
05357245,2,13326210,564,100.0,0.0,0.42100000000000004,False,0,0.0134965274623458,False,05420500
05357245,2,13326982,565,100.0,0.0,0.205,False,0,0.0134965274623458,False,05420500
05357245,2,13326716,566,100.0,0.0,0.67,False,0,0.0134965274623458,False,05420500
05357245,2,13330918,567,100.0,0.0,0.579,False,0,0.0134965274623458,False,05420500
05357245,2,13326722,568,100.0,0.0,0.772,False,0,0.0134965274623458,False,05420500
05357245,2,13326988,569,100.0,0.0,0.087,False,0,0.0134965274623458,False,05420500
05357245,2,13326994,570,100.0,0.0,1.787,False,0,0.0134965274623458,False,05420500
05357245,2,13326992,571,100.0,0.0,0.099,False,0,0.0134965274623458,False,05420500
05357245,2,13326724,572,100.0,0.0,0.858,False,0,0.0134965274623458,False,05420500
05357245,2,13326998,573,100.0,0.0,0.226,False,0,0.0134965274623458,False,05420500
05357245,2,13326728,574,100.0,0.0,1.287,False,0,0.0134965274623458,False,05420500
05357245,2,13327010,575,100.0,0.0,0.45,False,0,0.0134965274623458,False,05420500
05357245,2,13327004,576,100.0,0.0,1.75,False,0,0.0134965274623458,False,05420500
05357245,2,13327012,577,100.0,0.0,0.15,False,0,0.0134965274623458,False,05420500
05357245,2,13326738,578,100.0,0.0,0.151,False,0,0.0134965274623458,False,05420500
05357245,2,13327016,579,100.0,0.0,0.206,False,0,0.0134965274623458,False,05420500
05357245,2,13326928,580,100.0,0.0,0.226,False,0,0.0134965274623458,False,05420500
05357245,2,13327020,581,100.0,0.0,0.8219999999999998,False,0,0.0134965274623458,False,05420500
05357245,2,13326930,582,100.0,0.0,0.145,False,0,0.0134965274623458,False,05420500
05357245,2,13326934,583,100.0,0.0,0.57,False,0,0.0134965274623458,False,05420500
05357245,2,13326932,584,100.0,0.0,0.956,False,0,0.0134965274623458,False,05420500
05357245,2,13326740,585,100.0,0.0,0.4759999999999999,False,0,0.0134965274623458,False,05420500
05357245,2,13326742,586,100.0,0.0,0.315,False,0,0.0134965274623458,False,05420500
05357245,2,13330920,587,100.0,0.0,2.13,False,0,0.0134965274623458,False,05420500
05357245,2,13326744,588,100.0,0.0,0.87,False,0,0.0134965274623458,False,05420500
05357245,2,13326746,589,100.0,0.0,0.23799999999999996,False,0,0.0134965274623458,False,05420500
05357245,2,13326470,590,100.0,0.0,0.57,False,0,0.0134965274623458,False,05420500
05357245,2,13327022,591,100.0,0.0,0.982,False,0,0.0134965274623458,False,05420500
05357245,2,13327030,592,100.0,0.0,0.027000000000000003,False,0,0.0134965274623458,False,05420500
05357245,2,13326936,593,100.0,0.0,0.484,False,0,0.0134965274623458,False,05420500
05357245,2,13326752,594,100.0,0.0,0.316,False,0,0.0134965274623458,False,05420500
05357245,2,13327032,595,100.0,0.0,0.055,False,0,0.0134965274623458,False,05420500
05357245,2,13326774,596,100.0,0.0,2.294,False,0,0.0134965274623458,False,05420500
05357245,2,13326952,597,100.0,0.0,0.551,False,0,0.0134965274623458,False,05420500
05357245,2,13327044,598,100.0,0.0,1.4370000000000003,False,0,0.0134965274623458,False,05420500
05357245,2,13327042,599,100.0,0.0,2.097,False,0,0.0134965274623458,False,05420500
05357245,2,13326532,600,100.0,0.0,0.152,False,0,0.0134965274623458,False,05420500
05357245,2,13327040,601,100.0,0.0,0.592,False,0,0.0134965274623458,False,05420500
05357245,2,13327048,602,100.0,0.0,1.5629999999999997,False,0,0.0134965274623458,False,05420500
05357245,2,13326794,603,100.0,0.0,0.095,False,0,0.0134965274623458,False,05420500
05357245,2,13326958,604,100.0,0.0,0.581,False,0,0.0134965274623458,False,05420500
05357245,2,13326798,605,100.0,0.0,0.397,False,0,0.0134965274623458,False,05420500
05357245,2,13326796,606,100.0,0.0,0.447,False,0,0.0134965274623458,False,05420500
05357245,2,13326792,607,100.0,0.0,0.28,False,0,0.0134965274623458,False,05420500
05357245,2,13326804,608,100.0,0.0,0.76,False,0,0.0134965274623458,False,05420500
05357245,2,13326806,609,100.0,0.0,0.05800000000000001,False,0,0.0134965274623458,False,05420500
05357245,2,13325422,610,100.0,0.0,0.662,False,0,0.0134965274623458,False,05420500
05357245,2,13325594,611,100.0,0.0,1.264,False,0,0.0134965274623458,False,05420500
05357245,2,13325656,612,100.0,0.0,2.952,False,0,0.0134965274623458,False,05420500
05357245,2,13325436,613,100.0,0.0,0.113,False,0,0.0134965274623458,False,05420500
05357245,2,13325442,614,100.0,0.0,0.233,False,0,0.0134965274623458,False,05420500
05357245,2,13325448,615,100.0,0.0,0.579,False,0,0.0134965274623458,False,05420500
05357245,2,13325450,616,100.0,0.0,1.148,False,0,0.0134965274623458,False,05420500
05357245,2,13325446,617,100.0,0.0,1.222,False,0,0.0134965274623458,False,05420500
05357245,2,13325618,618,100.0,0.0,0.031,False,0,0.0134965274623458,False,05420500
05357245,2,13325460,619,100.0,0.0,0.831,False,0,0.0134965274623458,False,05420500
05357245,2,13325472,620,100.0,0.0,1.8259999999999998,False,0,0.0134965274623458,False,05420500
05357245,2,13325474,621,100.0,0.0,1.03,False,0,0.0134965274623458,False,05420500
05357245,2,13325646,622,100.0,0.0,1.091,False,0,0.0134965274623458,False,05420500
05357245,2,13325480,623,100.0,0.0,1.66,False,0,0.0134965274623458,False,05420500
05357245,2,13325630,624,100.0,0.0,0.45,False,0,0.0134965274623458,False,05420500
05357245,2,13325626,625,100.0,0.0,1.5629999999999997,False,0,0.0134965274623458,False,05420500
05357245,2,13325648,626,100.0,0.0,1.671,False,0,0.0134965274623458,False,05420500
05357245,2,13324662,627,100.0,0.0,0.304,False,0,0.0134965274623458,False,05420500
05357245,2,13325470,628,100.0,0.0,0.145,False,0,0.0134965274623458,False,05420500
05357245,2,13330930,629,100.0,0.0,1.021,False,0,0.0134965274623458,False,05420500
05357245,2,13325624,630,100.0,0.0,1.242,False,0,0.0134965274623458,False,05420500
05357245,2,13325488,631,100.0,0.0,0.239,False,0,0.0134965274623458,False,05420500
05357245,2,13330932,632,100.0,0.0,0.433,False,0,0.0134965274623458,False,05420500
05357245,2,13325490,633,100.0,0.0,1.191,False,0,0.0134965274623458,False,05420500
05357245,2,13325622,634,100.0,0.0,0.821,False,0,0.0134965274623458,False,05420500
05357245,2,13325486,635,100.0,0.0,2.265,False,0,0.0134965274623458,False,05420500
05357245,2,13325494,636,100.0,0.0,1.091,False,0,0.0134965274623458,False,05420500
05357245,2,13325498,637,100.0,0.0,0.105,False,0,0.0134965274623458,False,05420500
05357245,2,13325502,638,100.0,0.0,0.096,False,0,0.0134965274623458,False,05420500
05357245,2,13325652,639,100.0,0.0,0.064,False,0,0.0134965274623458,False,05420500
05357245,2,13325504,640,100.0,0.0,0.085,False,0,0.0134965274623458,False,05420500
05357245,2,13325508,641,100.0,0.0,0.114,False,0,0.0134965274623458,False,05420500
05357245,2,13325512,642,100.0,0.0,0.711,False,0,0.0134965274623458,False,05420500
05357245,2,13325534,643,100.0,0.0,2.502,False,0,0.0134965274623458,False,05420500
05357245,2,13325538,644,100.0,0.0,1.364,False,0,0.0134965274623458,False,05420500
05357245,2,13325542,645,100.0,0.0,2.038,False,0,0.0134965274623458,False,05420500
05357245,2,13325556,646,100.0,0.0,0.278,False,0,0.0134965274623458,False,05420500
05357245,2,13325558,647,100.0,0.0,0.114,False,0,0.0134965274623458,False,05420500
05357245,2,13325564,648,100.0,0.0,1.345,False,0,0.0134965274623458,False,05420500
05357245,2,13325570,649,100.0,0.0,1.214,False,0,0.0134965274623458,False,05420500
05357245,2,13325572,650,100.0,0.0,2.407,False,0,0.0134965274623458,False,05420500
05357245,2,13325578,651,100.0,0.0,2.7739999999999996,False,0,0.0134965274623458,False,05420500
05357245,2,13325604,652,100.0,0.0,1.3839999999999997,False,0,0.0134965274623458,False,05420500
05357245,2,13325582,653,100.0,0.0,0.629,False,0,0.0134965274623458,False,05420500
05357245,2,13357546,654,100.0,0.0,1.8560000000000003,False,0,0.0134965274623458,False,05420500
05357245,2,13366242,655,100.0,0.0,1.159,False,0,0.0134965274623458,False,05420500
05357245,2,13357554,656,100.0,0.0,1.029,False,0,0.0134965274623458,False,05420500
05357245,2,13357548,657,100.0,0.0,0.97,False,0,0.0134965274623458,False,05420500
05357245,2,13361908,658,100.0,0.0,4.052,False,0,0.0134965274623458,False,05420500
05357245,2,13366122,659,100.0,0.0,0.698,False,0,0.0134965274623458,False,05420500
05357245,2,13361610,660,100.0,0.0,0.711,False,0,0.0134965274623458,False,05420500
05357245,2,13361618,661,100.0,0.0,1.525,False,0,0.0134965274623458,False,05420500
05357245,2,13361622,662,100.0,0.0,0.759,False,0,0.0134965274623458,False,05420500
05357245,2,13361626,663,100.0,0.0,0.187,False,0,0.0134965274623458,False,05420500
05357245,2,13361632,664,100.0,0.0,0.941,False,0,0.0134965274623458,False,05420500
05357245,2,13366236,665,100.0,0.0,0.151,False,0,0.0134965274623458,False,05420500
05357245,2,13361630,666,100.0,0.0,0.21099999999999997,False,0,0.0134965274623458,False,05420500
05357245,2,13361644,667,100.0,0.0,1.931,False,0,0.0134965274623458,False,05420500
05357245,2,13361646,668,100.0,0.0,0.044,False,0,0.0134965274623458,False,05420500
05357245,2,13361648,669,100.0,0.0,0.244,False,0,0.0134965274623458,False,05420500
05357245,2,13361650,670,100.0,0.0,0.439,False,0,0.0134965274623458,False,05420500
05357245,2,13361656,671,100.0,0.0,0.7929999999999999,False,0,0.0134965274623458,False,05420500
05357245,2,13361664,672,100.0,0.0,1.4379999999999997,False,0,0.0134965274623458,False,05420500
05357245,2,13361674,673,100.0,0.0,1.322,False,0,0.0134965274623458,False,05420500
05357245,2,13361676,674,100.0,0.0,0.233,False,0,0.0134965274623458,False,05420500
05357245,2,13361918,675,100.0,0.0,1.019,False,0,0.0134965274623458,False,05420500
05357245,2,13366128,676,100.0,0.0,0.129,False,0,0.0134965274623458,False,05420500
05357245,2,13366130,677,100.0,0.0,0.068,False,0,0.0134965274623458,False,05420500
05357245,2,13361682,678,100.0,0.0,0.44299999999999995,False,0,0.0134965274623458,False,05420500
05357245,2,13366134,679,100.0,0.0,3.1289999999999996,False,0,0.0134965274623458,False,05420500
05357245,2,13361690,680,100.0,0.0,0.491,False,0,0.0134965274623458,False,05420500
05357245,2,13361694,681,100.0,0.0,1.9140000000000001,False,0,0.0134965274623458,False,05420500
05357245,2,13361698,682,100.0,0.0,2.779,False,0,0.0134965274623458,False,05420500
05357245,2,13366156,683,100.0,0.0,0.655,False,0,0.0134965274623458,False,05420500
05357245,2,13361700,684,100.0,0.0,0.126,False,0,0.0134965274623458,False,05420500
05357245,2,13361704,685,100.0,0.0,1.901,False,0,0.0134965274623458,False,05420500
05357245,2,13361706,686,100.0,0.0,0.531,False,0,0.0134965274623458,False,05420500
05357245,2,13361710,687,100.0,0.0,2.119,False,0,0.0134965274623458,False,05420500
05357245,2,13361712,688,100.0,0.0,2.004,False,0,0.0134965274623458,False,05420500
05357245,2,13361716,689,100.0,0.0,0.82,False,0,0.0134965274623458,False,05420500
05357245,2,13361722,690,100.0,0.0,1.8869999999999998,False,0,0.0134965274623458,False,05420500
05357245,2,13361728,691,100.0,0.0,1.618,False,0,0.0134965274623458,False,05420500
05357245,2,13361738,692,100.0,0.0,0.447,False,0,0.0134965274623458,False,05420500
05357245,2,13361742,693,100.0,0.0,1.253,False,0,0.0134965274623458,False,05420500
05357245,2,13361752,694,100.0,0.0,3.12,False,0,0.0134965274623458,False,05420500
05357245,2,13361766,695,100.0,0.0,1.967,False,0,0.0134965274623458,False,05420500
05357245,2,13361772,696,100.0,0.0,2.481,False,0,0.0134965274623458,False,05420500
05357245,2,13361774,697,100.0,0.0,1.477,False,0,0.0134965274623458,False,05420500
05357245,2,13361778,698,100.0,0.0,0.55,False,0,0.0134965274623458,False,05420500
05357245,2,13361780,699,100.0,0.0,1.393,False,0,0.0134965274623458,False,05420500
05357245,2,13361782,700,100.0,0.0,1.058,False,0,0.0134965274623458,False,05420500
05357245,2,13361784,701,100.0,0.0,1.662,False,0,0.0134965274623458,True,05420500
05357245,2,13361786,702,100.0,0.0,0.706,False,0,0.0134965274623458,True,05420500
05357245,2,13361788,703,100.0,0.0,0.3390000000000001,False,0,0.0134965274623458,True,05420500
05357245,2,13361790,704,100.0,0.0,1.954,False,0,0.0134965274623458,True,05420500
05357245,2,13361794,705,100.0,0.0,1.6060000000000003,False,0,0.0134965274623458,True,05420500
05357245,2,13361804,706,100.0,0.0,2.782,False,0,0.0134965274623458,True,05420500
05357245,2,13361822,707,100.0,0.0,2.764,False,0,0.0134965274623458,True,05420500
05357245,2,13361830,708,100.0,0.0,0.811,False,0,0.0134965274623458,True,05420500
05357245,2,13361832,709,100.0,0.0,0.74,False,0,0.0134965274623458,True,05420500
05357245,2,13361836,710,100.0,0.0,1.4140000000000001,False,0,0.0134965274623458,True,05420500
05357245,2,13361838,711,100.0,0.0,0.306,False,0,0.0134965274623458,True,05420500
05357245,2,13361840,712,100.0,0.0,0.289,False,0,0.0134965274623458,True,05420500
05357245,2,13361842,713,100.0,0.0,0.287,False,0,0.0134965274623458,True,05420500
05357245,2,13361854,714,100.0,0.0,5.19,False,0,0.0134965274623458,True,05420500
05357245,2,13361862,715,100.0,0.0,1.608,False,0,0.0134965274623458,True,05420500
05357245,2,13361864,716,100.0,0.0,1.702,False,0,0.0134965274623458,True,05420500
05357245,2,13361866,717,100.0,0.0,5.593999999999999,False,0,0.0134965274623458,True,05420500
05357245,2,13362344,718,100.0,0.0,2.731,False,0,0.0134965274623458,True,05420500
05357245,2,13362348,719,100.0,0.0,0.584,False,0,0.0134965274623458,True,05420500
05357245,2,13362354,720,100.0,0.0,3.092,False,0,0.0134965274623458,True,05420500
05357245,2,13362356,721,100.0,0.0,0.637,False,0,0.0134965274623458,True,05420500
05357245,2,13362360,722,100.0,0.0,2.202,False,0,0.0134965274623458,True,05420500
05357245,2,13366192,723,100.0,0.0,0.542,False,0,0.0134965274623458,True,05420500
05357245,2,13362364,724,100.0,0.0,0.242,False,0,0.0134965274623458,True,05420500
05357245,2,13366234,725,100.0,0.0,1.614,False,0,0.0134965274623458,True,05420500
05357245,2,14804289,726,100.0,0.0,0.532,False,0,0.0134965274623458,True,05420500
05357245,2,14804295,727,100.0,0.0,0.915,False,0,0.0134965274623458,True,05420500
05357245,2,14804299,728,100.0,0.0,0.076,False,0,0.0134965274623458,True,05420500
05357245,2,14804307,729,100.0,0.0,1.236,False,0,0.0134965274623458,True,05420500
05357245,2,14804309,730,100.0,0.0,0.8269999999999998,False,0,0.0134965274623458,True,05420500
05357245,2,14804317,731,100.0,0.0,1.247,False,0,0.0134965274623458,True,05420500
05357245,2,14809463,732,100.0,0.0,3.9329999999999994,False,0,0.0134965274623458,True,05420500
05357245,2,14804321,733,100.0,0.0,0.234,False,0,0.0134965274623458,True,05420500
05357245,2,14804337,734,100.0,0.0,2.496,False,0,0.0134965274623458,True,05420500
05357245,2,14804345,735,100.0,0.0,2.644,False,0,0.0134965274623458,True,05420500
05357245,2,14804351,736,100.0,0.0,2.378,False,0,0.0134965274623458,True,05420500
05357245,2,14804355,737,100.0,0.0,0.281,False,0,0.0134965274623458,True,05420500
05357245,2,14809371,738,100.0,44.288,1.28360448,False,0,0.0134965274623458,True,05420500
05449500,0,6570940,0,13.8064,0.0,0.279855728,False,0,0.6546967956246659,False,05453100
05449500,0,6570694,1,100.0,0.0,0.954,False,0,0.6546967956246659,False,05453100
05449500,0,6570948,2,100.0,0.0,2.67,False,0,0.6546967956246659,False,05453100
05449500,0,6570700,3,100.0,0.0,3.0670000000000006,False,0,0.6546967956246659,False,05453100
05449500,0,6570704,4,100.0,0.0,0.477,False,0,0.6546967956246659,False,05453100
05449500,0,6570712,5,100.0,0.0,3.332,False,0,0.6546967956246659,False,05453100
05449500,0,6570714,6,100.0,0.0,0.587,False,0,0.6546967956246659,False,05453100
05449500,0,6570722,7,100.0,0.0,0.209,False,0,0.6546967956246659,False,05453100
05449500,0,6570728,8,100.0,0.0,2.137,False,0,0.6546967956246659,False,05453100
05449500,0,6570954,9,100.0,0.0,6.597,False,0,0.6546967956246659,False,05453100
05449500,0,6570762,10,100.0,0.0,2.172,False,0,0.6546967956246659,False,05453100
05449500,0,6570966,11,100.0,0.0,4.414,False,0,0.6546967956246659,False,05453100
05449500,0,6570970,12,100.0,0.0,3.154,False,0,0.6546967956246659,False,05453100
05449500,0,6570788,13,100.0,0.0,0.245,False,0,0.6546967956246659,False,05453100
05449500,0,6570806,14,100.0,0.0,3.003,False,0,0.6546967956246659,False,05453100
05449500,0,6570808,15,100.0,0.0,3.924,False,0,0.6546967956246659,False,05453100
05449500,0,6570798,16,100.0,0.0,0.732,False,0,0.6546967956246659,False,05453100
05449500,0,6570842,17,100.0,0.0,6.867000000000001,False,0,0.6546967956246659,False,05453100
05449500,0,6570848,18,100.0,0.0,1.079,False,0,0.6546967956246659,False,05453100
05449500,0,6570892,19,100.0,0.0,5.392,False,0,0.6546967956246659,False,05453100
05449500,0,6570984,20,100.0,0.0,3.2,False,0,0.6546967956246659,False,05453100
05449500,0,6570912,21,100.0,0.0,1.056,False,0,0.6546967956246659,False,05453100
05449500,0,6570900,22,100.0,0.0,1.89,False,0,0.6546967956246659,False,05453100
05449500,0,6570882,23,100.0,0.0,0.349,False,0,0.6546967956246659,False,05453100
05449500,0,6570876,24,100.0,0.0,2.187,False,0,0.6546967956246659,False,05453100
05449500,0,6570998,25,100.0,0.0,0.204,False,0,0.6546967956246659,False,05453100
05449500,0,6570996,26,100.0,0.0,1.995,False,0,0.6546967956246659,False,05453100
05449500,0,6570982,27,100.0,0.0,0.954,False,0,0.6546967956246659,False,05453100
05449500,0,6570986,28,100.0,0.0,1.778,False,0,0.6546967956246659,False,05453100
05449500,0,6570918,29,100.0,0.0,0.961,False,0,0.6546967956246659,False,05453100
05449500,0,6570924,30,100.0,0.0,0.6460000000000001,False,0,0.6546967956246659,False,05453100
05449500,0,6571812,31,100.0,0.0,0.218,False,0,0.6546967956246659,False,05453100
05449500,0,6571822,32,100.0,0.0,0.457,False,0,0.6546967956246659,False,05453100
05449500,0,6571820,33,100.0,0.0,0.518,False,0,0.6546967956246659,False,05453100
05449500,0,6571832,34,100.0,0.0,0.86,False,0,0.6546967956246659,False,05453100
05449500,0,6571826,35,100.0,0.0,0.252,False,0,0.6546967956246659,False,05453100
05449500,0,6571834,36,100.0,0.0,0.439,False,0,0.6546967956246659,False,05453100
05449500,0,6571836,37,100.0,0.0,0.20200000000000004,False,0,0.6546967956246659,False,05453100
05449500,0,6571850,38,100.0,0.0,3.175,False,0,0.6546967956246659,False,05453100
05449500,0,6571854,39,100.0,0.0,0.954,False,0,0.6546967956246659,False,05453100
05449500,0,6571886,40,100.0,0.0,1.375,False,0,0.6546967956246659,False,05453100
05449500,0,6571888,41,100.0,0.0,0.11,False,0,0.6546967956246659,False,05453100
05449500,0,6571896,42,100.0,0.0,0.299,False,0,0.6546967956246659,False,05453100
05449500,0,6571908,43,100.0,0.0,1.604,False,0,0.6546967956246659,False,05453100
05449500,0,6571902,44,100.0,0.0,3.306,False,0,0.6546967956246659,False,05453100
05449500,0,6571864,45,100.0,0.0,2.897,False,0,0.6546967956246659,False,05453100
05449500,0,6571870,46,100.0,0.0,0.7490000000000001,False,0,0.6546967956246659,False,05453100
05449500,0,6571874,47,100.0,0.0,0.419,False,0,0.6546967956246659,False,05453100
05449500,0,6571872,48,100.0,0.0,0.229,False,0,0.6546967956246659,False,05453100
05449500,0,6571878,49,100.0,0.0,0.098,False,0,0.6546967956246659,False,05453100
05449500,0,6571918,50,100.0,0.0,4.916,False,0,0.6546967956246659,False,05453100
05449500,0,6571926,51,100.0,0.0,4.693,False,0,0.6546967956246659,False,05453100
05449500,0,6571920,52,100.0,0.0,0.257,False,0,0.6546967956246659,False,05453100
05449500,0,6572668,53,100.0,0.0,4.144,False,0,0.6546967956246659,False,05453100
05449500,0,6571970,54,100.0,0.0,1.155,False,0,0.6546967956246659,False,05453100
05449500,0,6572002,55,100.0,0.0,1.3969999999999998,False,0,0.6546967956246659,False,05453100
05449500,0,6572680,56,100.0,0.0,8.386,False,0,0.6546967956246659,False,05453100
05449500,0,6572682,57,100.0,0.0,5.4,False,0,0.6546967956246659,False,05453100
05449500,0,6572168,58,100.0,0.0,2.804,False,0,0.6546967956246659,False,05453100
05449500,0,6572210,59,100.0,0.0,1.835,False,0,0.6546967956246659,False,05453100
05449500,0,6572772,60,100.0,0.0,0.541,True,6572640,0.6546967956246659,False,05453100
05449500,0,6572778,61,100.0,0.0,0.075,True,6572640,0.6546967956246659,True,05453100
05449500,0,6572782,62,100.0,0.0,0.117,True,6572640,0.6546967956246659,True,05453100
05449500,0,6572786,63,100.0,0.0,0.545,True,6572640,0.6546967956246659,True,05453100
05449500,0,24811405,64,100.0,0.0,0.777,False,0,0.6546967956246659,True,05453100
05449500,0,24811407,65,100.0,0.0,1.439,False,0,0.6546967956246659,True,05453100
05449500,0,6572698,66,100.0,0.0,1.625,False,0,0.6546967956246659,True,05453100
05449500,0,6572714,67,100.0,0.0,2.784,False,0,0.6546967956246659,True,05453100
05449500,0,6572718,68,100.0,0.0,1.067,False,0,0.6546967956246659,True,05453100
05449500,0,6572308,69,100.0,0.0,0.105,False,0,0.6546967956246659,True,05453100
05449500,0,6572322,70,100.0,0.0,1.5960000000000003,False,0,0.6546967956246659,True,05453100
05449500,0,6572332,71,100.0,0.0,0.8030000000000002,False,0,0.6546967956246659,True,05453100
05449500,0,6572348,72,100.0,0.0,1.7109999999999999,False,0,0.6546967956246659,True,05453100
05449500,0,6572360,73,100.0,0.0,1.589,False,0,0.6546967956246659,True,05453100
05449500,0,6572366,74,100.0,0.0,0.352,False,0,0.6546967956246659,True,05453100
05449500,0,6572376,75,100.0,0.0,0.221,False,0,0.6546967956246659,True,05453100
05449500,0,6572392,76,100.0,0.0,0.6,False,0,0.6546967956246659,True,05453100
05449500,0,6572406,77,100.0,0.0,1.163,False,0,0.6546967956246659,True,05453100
05449500,0,6572422,78,100.0,0.0,0.629,False,0,0.6546967956246659,True,05453100
05449500,0,6572438,79,100.0,0.0,0.973,False,0,0.6546967956246659,True,05453100
05449500,0,6572452,80,100.0,0.0,1.028,False,0,0.6546967956246659,True,05453100
05449500,0,6572490,81,100.0,0.0,2.107,False,0,0.6546967956246659,True,05453100
05449500,0,6572510,82,100.0,0.0,1.393,False,0,0.6546967956246659,True,05453100
05449500,0,6572520,83,100.0,0.0,0.565,False,0,0.6546967956246659,True,05453100
05449500,0,6572538,84,100.0,0.0,1.555,False,0,0.6546967956246659,True,05453100
05449500,0,17539513,85,100.0,0.0,1.072,False,0,0.6546967956246659,True,05453100
05449500,0,17539523,86,100.0,0.0,1.4910000000000003,False,0,0.6546967956246659,True,05453100
05449500,0,17539529,87,100.0,0.0,0.773,False,0,0.6546967956246659,True,05453100
05449500,0,17539533,88,100.0,0.0,0.8269999999999998,False,0,0.6546967956246659,True,05453100
05449500,0,17539531,89,100.0,0.0,0.215,False,0,0.6546967956246659,True,05453100
05449500,0,17538561,90,100.0,0.0,1.23,False,0,0.6546967956246659,True,05453100
05449500,0,17538549,91,100.0,0.0,0.319,False,0,0.6546967956246659,True,05453100
05449500,0,17538721,92,100.0,0.0,3.335,False,0,0.6546967956246659,True,05453100
05449500,0,17538729,93,100.0,0.0,0.18099999999999997,False,0,0.6546967956246659,True,05453100
05449500,0,17538785,94,100.0,0.0,1.898,False,0,0.6546967956246659,True,05453100
05449500,0,17538801,95,100.0,0.0,0.985,False,0,0.6546967956246659,True,05453100
05449500,0,17538799,96,100.0,0.0,0.554,False,0,0.6546967956246659,True,05453100
05449500,0,17539323,97,100.0,0.0,3.071,False,0,0.6546967956246659,True,05453100
05449500,0,17538745,98,100.0,0.0,0.475,False,0,0.6546967956246659,True,05453100
05449500,0,17538727,99,100.0,0.0,2.16,False,0,0.6546967956246659,True,05453100
05449500,0,17539329,100,100.0,0.0,2.405,False,0,0.6546967956246659,True,05453100
05449500,0,17538795,101,100.0,0.0,0.635,False,0,0.6546967956246659,True,05453100
05449500,0,17538901,102,100.0,0.0,3.928,False,0,0.6546967956246659,True,05453100
05449500,0,17539029,103,100.0,0.0,3.4530000000000003,False,0,0.6546967956246659,True,05453100
05449500,0,17539017,104,100.0,0.0,0.3390000000000001,False,0,0.6546967956246659,True,05453100
05449500,0,17539051,105,100.0,0.0,3.535,False,0,0.6546967956246659,True,05453100
05449500,0,17539037,106,100.0,0.0,0.327,False,0,0.6546967956246659,True,05453100
05449500,0,17539341,107,100.0,0.0,1.338,False,0,0.6546967956246659,True,05453100
05449500,0,17539343,108,100.0,0.0,1.002,False,0,0.6546967956246659,True,05453100
05449500,0,17539349,109,100.0,0.0,4.555,False,0,0.6546967956246659,True,05453100
05449500,0,17539121,110,100.0,0.0,2.102,False,0,0.6546967956246659,True,05453100
05449500,0,17539151,111,100.0,0.0,1.035,False,0,0.6546967956246659,True,05453100
05449500,0,17539179,112,100.0,0.0,0.466,False,0,0.6546967956246659,True,05453100
05449500,0,17539177,113,100.0,0.0,1.254,False,0,0.6546967956246659,True,05453100
05449500,0,17539243,114,100.0,0.0,0.964,False,0,0.6546967956246659,True,05453100
05449500,0,17548437,115,100.0,0.0,0.007000000000000001,False,0,0.6546967956246659,True,05453100
05449500,0,17541095,116,100.0,0.0,0.475,False,0,0.6546967956246659,True,05453100
05449500,0,17541127,117,100.0,0.0,0.555,False,0,0.6546967956246659,True,05453100
05449500,0,17541143,118,100.0,0.0,0.477,False,0,0.6546967956246659,True,05453100
05449500,0,17541199,119,100.0,0.0,1.6740000000000002,False,0,0.6546967956246659,True,05453100
05449500,0,17541221,120,100.0,0.0,0.885,False,0,0.6546967956246659,True,05453100
05449500,0,17541257,121,100.0,0.0,0.855,False,0,0.6546967956246659,True,05453100
05449500,0,17543531,122,100.0,0.0,0.774,False,0,0.6546967956246659,True,05453100
05449500,0,17541275,123,100.0,0.0,0.545,False,0,0.6546967956246659,True,05453100
05449500,0,17541273,124,100.0,0.0,0.071,False,0,0.6546967956246659,True,05453100
05449500,0,17541271,125,100.0,0.0,1.545,False,0,0.6546967956246659,True,05453100
05449500,0,17541253,126,100.0,0.0,0.747,False,0,0.6546967956246659,True,05453100
05449500,0,17541267,127,100.0,0.0,0.884,False,0,0.6546967956246659,True,05453100
05449500,0,17541345,128,100.0,0.0,3.595,False,0,0.6546967956246659,True,05453100
05449500,0,17541405,129,100.0,0.0,1.5189999999999997,False,0,0.6546967956246659,True,05453100
05449500,0,17541423,130,100.0,0.0,0.54,False,0,0.6546967956246659,True,05453100
05449500,0,17541429,131,100.0,0.0,0.48699999999999993,False,0,0.6546967956246659,True,05453100
05449500,0,17541477,132,100.0,0.0,0.865,False,0,0.6546967956246659,True,05453100
05449500,0,17541489,133,100.0,0.0,0.595,False,0,0.6546967956246659,True,05453100
05449500,0,17541511,134,100.0,0.0,1.214,False,0,0.6546967956246659,True,05453100
05449500,0,17541509,135,100.0,0.0,0.269,False,0,0.6546967956246659,True,05453100
05449500,0,17541525,136,100.0,0.0,1.5,False,0,0.6546967956246659,True,05453100
05449500,0,17541565,137,100.0,0.0,0.4109999999999999,False,0,0.6546967956246659,True,05453100
05449500,0,17541563,138,100.0,0.0,0.779,False,0,0.6546967956246659,True,05453100
05449500,0,17541537,139,100.0,0.0,0.283,False,0,0.6546967956246659,True,05453100
05449500,0,17541569,140,100.0,0.0,0.21600000000000003,False,0,0.6546967956246659,True,05453100
05449500,0,17541585,141,100.0,0.0,0.15,False,0,0.6546967956246659,True,05453100
05449500,0,17541621,142,100.0,0.0,1.696,False,0,0.6546967956246659,True,05453100
05449500,0,17541605,143,100.0,0.0,0.755,False,0,0.6546967956246659,True,05453100
05449500,0,17541631,144,100.0,0.0,1.824,False,0,0.6546967956246659,True,05453100
05449500,0,937080128,145,100.0,0.0,5.384000000000001,False,0,0.6546967956246659,True,05453100
05449500,0,937080129,146,100.0,0.0,0.231,False,0,0.6546967956246659,True,05453100
05449500,0,937080130,147,100.0,0.0,3.272,False,0,0.6546967956246659,True,05453100
05449500,0,17541687,148,100.0,0.0,0.291,False,0,0.6546967956246659,True,05453100
05449500,0,17541699,149,100.0,0.0,0.447,False,0,0.6546967956246659,True,05453100
05449500,0,17541793,150,100.0,0.0,2.58,False,0,0.6546967956246659,True,05453100
05449500,0,17541815,151,100.0,0.0,2.268,False,0,0.6546967956246659,True,05453100
05449500,0,17541825,152,100.0,0.0,3.651,False,0,0.6546967956246659,True,05453100
05449500,0,17541869,153,100.0,0.0,2.094,False,0,0.6546967956246659,True,05453100
05449500,0,17541881,154,100.0,0.0,0.241,False,0,0.6546967956246659,True,05453100
05449500,0,17541895,155,100.0,0.0,0.11600000000000002,False,0,0.6546967956246659,True,05453100
05449500,0,17541931,156,100.0,0.0,0.7070000000000001,False,0,0.6546967956246659,True,05453100
05449500,0,17541977,157,100.0,0.0,0.595,False,0,0.6546967956246659,True,05453100
05449500,0,17541989,158,100.0,0.0,0.495,False,0,0.6546967956246659,True,05453100
05449500,0,17541975,159,100.0,0.0,0.363,False,0,0.6546967956246659,True,05453100
05449500,0,17542047,160,100.0,0.0,1.113,False,0,0.6546967956246659,True,05453100
05449500,0,17542041,161,100.0,0.0,0.3459999999999999,False,0,0.6546967956246659,True,05453100
05449500,0,17543565,162,100.0,0.0,0.527,False,0,0.6546967956246659,True,05453100
05449500,0,17543761,163,100.0,0.0,0.03,False,0,0.6546967956246659,True,05453100
05449500,0,17542083,164,100.0,0.0,0.7019999999999998,False,0,0.6546967956246659,True,05453100
05449500,0,17542099,165,100.0,0.0,0.652,False,0,0.6546967956246659,True,05453100
05449500,0,17542109,166,100.0,0.0,0.255,False,0,0.6546967956246659,True,05453100
05449500,0,17542123,167,100.0,0.0,0.345,False,0,0.6546967956246659,True,05453100
05449500,0,17542201,168,100.0,0.0,2.603,False,0,0.6546967956246659,True,05453100
05449500,0,17542261,169,100.0,0.0,3.338,False,0,0.6546967956246659,True,05453100
05449500,0,17542273,170,100.0,0.0,0.534,False,0,0.6546967956246659,True,05453100
05449500,0,17542285,171,100.0,0.0,0.402,False,0,0.6546967956246659,True,05453100
05449500,0,17542307,172,100.0,0.0,0.914,False,0,0.6546967956246659,True,05453100
05449500,0,17543573,173,100.0,0.0,0.71,False,0,0.6546967956246659,True,05453100
05449500,0,17542403,174,100.0,0.0,0.643,False,0,0.6546967956246659,True,05453100
05449500,0,17542405,175,100.0,0.0,2.146,False,0,0.6546967956246659,True,05453100
05449500,0,17543581,176,100.0,0.0,0.959,False,0,0.6546967956246659,True,05453100
05449500,0,17542517,177,100.0,0.0,4.881,False,0,0.6546967956246659,True,05453100
05449500,0,17542513,178,100.0,0.0,0.883,False,0,0.6546967956246659,True,05453100
05449500,0,17542561,179,100.0,0.0,2.558,False,0,0.6546967956246659,True,05453100
05449500,0,17542505,180,100.0,0.0,0.11600000000000002,False,0,0.6546967956246659,True,05453100
05449500,0,17542539,181,100.0,0.0,0.8489999999999999,False,0,0.6546967956246659,True,05453100
05449500,0,17542601,182,100.0,0.0,1.617,False,0,0.6546967956246659,True,05453100
05449500,0,17542533,183,100.0,0.0,1.144,False,0,0.6546967956246659,True,05453100
05449500,0,17542573,184,100.0,0.0,0.711,False,0,0.6546967956246659,True,05453100
05449500,0,17542619,185,100.0,0.0,0.977,False,0,0.6546967956246659,True,05453100
05449500,0,17542633,186,100.0,0.0,1.236,False,0,0.6546967956246659,True,05453100
05449500,0,17542639,187,100.0,0.0,0.212,False,0,0.6546967956246659,True,05453100
05449500,0,17542655,188,100.0,0.0,2.339,False,0,0.6546967956246659,True,05453100
05449500,0,17542717,189,100.0,0.0,0.664,False,0,0.6546967956246659,True,05453100
05449500,0,17542767,190,100.0,0.0,0.89,False,0,0.6546967956246659,True,05453100
05449500,0,17542787,191,100.0,0.0,1.354,False,0,0.6546967956246659,True,05453100
05449500,0,17542759,192,100.0,0.0,0.512,False,0,0.6546967956246659,True,05453100
05449500,0,17542749,193,100.0,0.0,0.573,False,0,0.6546967956246659,True,05453100
05449500,0,17542807,194,100.0,0.0,1.653,False,0,0.6546967956246659,True,05453100
05449500,0,17542805,195,100.0,0.0,1.511,False,0,0.6546967956246659,True,05453100
05449500,0,17542809,196,100.0,0.0,0.929,False,0,0.6546967956246659,True,05453100
05449500,0,17543597,197,100.0,38.341,1.30223808,False,0,0.6546967956246659,True,05453100
05451210,1,6572160,0,79.1079,0.0,0.756271524,False,0,0.3453032043753341,False,05453100
05451210,1,6572156,1,100.0,0.0,0.927,False,0,0.3453032043753341,False,05453100
05451210,1,6572162,2,100.0,0.0,1.9340000000000002,False,0,0.3453032043753341,False,05453100
05451210,1,6572166,3,100.0,0.0,0.612,False,0,0.3453032043753341,False,05453100
05451210,1,6572198,4,100.0,0.0,3.51,False,0,0.3453032043753341,False,05453100
05451210,1,6572214,5,100.0,0.0,0.413,False,0,0.3453032043753341,False,05453100
05451210,1,6572220,6,100.0,0.0,0.3509999999999999,False,0,0.3453032043753341,False,05453100
05451210,1,6572774,7,100.0,0.0,0.098,True,6572640,0.3453032043753341,False,05453100
05451210,1,6572778,8,100.0,0.0,0.075,True,6572640,0.3453032043753341,True,05453100
05451210,1,6572782,9,100.0,0.0,0.117,True,6572640,0.3453032043753341,True,05453100
05451210,1,6572786,10,100.0,0.0,0.545,True,6572640,0.3453032043753341,True,05453100
05451210,1,24811405,11,100.0,0.0,0.777,False,0,0.3453032043753341,True,05453100
05451210,1,24811407,12,100.0,0.0,1.439,False,0,0.3453032043753341,True,05453100
05451210,1,6572698,13,100.0,0.0,1.625,False,0,0.3453032043753341,True,05453100
05451210,1,6572714,14,100.0,0.0,2.784,False,0,0.3453032043753341,True,05453100
05451210,1,6572718,15,100.0,0.0,1.067,False,0,0.3453032043753341,True,05453100
05451210,1,6572308,16,100.0,0.0,0.105,False,0,0.3453032043753341,True,05453100
05451210,1,6572322,17,100.0,0.0,1.5960000000000003,False,0,0.3453032043753341,True,05453100
05451210,1,6572332,18,100.0,0.0,0.8030000000000002,False,0,0.3453032043753341,True,05453100
05451210,1,6572348,19,100.0,0.0,1.7109999999999999,False,0,0.3453032043753341,True,05453100
05451210,1,6572360,20,100.0,0.0,1.589,False,0,0.3453032043753341,True,05453100
05451210,1,6572366,21,100.0,0.0,0.352,False,0,0.3453032043753341,True,05453100
05451210,1,6572376,22,100.0,0.0,0.221,False,0,0.3453032043753341,True,05453100
05451210,1,6572392,23,100.0,0.0,0.6,False,0,0.3453032043753341,True,05453100
05451210,1,6572406,24,100.0,0.0,1.163,False,0,0.3453032043753341,True,05453100
05451210,1,6572422,25,100.0,0.0,0.629,False,0,0.3453032043753341,True,05453100
05451210,1,6572438,26,100.0,0.0,0.973,False,0,0.3453032043753341,True,05453100
05451210,1,6572452,27,100.0,0.0,1.028,False,0,0.3453032043753341,True,05453100
05451210,1,6572490,28,100.0,0.0,2.107,False,0,0.3453032043753341,True,05453100
05451210,1,6572510,29,100.0,0.0,1.393,False,0,0.3453032043753341,True,05453100
05451210,1,6572520,30,100.0,0.0,0.565,False,0,0.3453032043753341,True,05453100
05451210,1,6572538,31,100.0,0.0,1.555,False,0,0.3453032043753341,True,05453100
05451210,1,17539513,32,100.0,0.0,1.072,False,0,0.3453032043753341,True,05453100
05451210,1,17539523,33,100.0,0.0,1.4910000000000003,False,0,0.3453032043753341,True,05453100
05451210,1,17539529,34,100.0,0.0,0.773,False,0,0.3453032043753341,True,05453100
05451210,1,17539533,35,100.0,0.0,0.8269999999999998,False,0,0.3453032043753341,True,05453100
05451210,1,17539531,36,100.0,0.0,0.215,False,0,0.3453032043753341,True,05453100
05451210,1,17538561,37,100.0,0.0,1.23,False,0,0.3453032043753341,True,05453100
05451210,1,17538549,38,100.0,0.0,0.319,False,0,0.3453032043753341,True,05453100
05451210,1,17538721,39,100.0,0.0,3.335,False,0,0.3453032043753341,True,05453100
05451210,1,17538729,40,100.0,0.0,0.18099999999999997,False,0,0.3453032043753341,True,05453100
05451210,1,17538785,41,100.0,0.0,1.898,False,0,0.3453032043753341,True,05453100
05451210,1,17538801,42,100.0,0.0,0.985,False,0,0.3453032043753341,True,05453100
05451210,1,17538799,43,100.0,0.0,0.554,False,0,0.3453032043753341,True,05453100
05451210,1,17539323,44,100.0,0.0,3.071,False,0,0.3453032043753341,True,05453100
05451210,1,17538745,45,100.0,0.0,0.475,False,0,0.3453032043753341,True,05453100
05451210,1,17538727,46,100.0,0.0,2.16,False,0,0.3453032043753341,True,05453100
05451210,1,17539329,47,100.0,0.0,2.405,False,0,0.3453032043753341,True,05453100
05451210,1,17538795,48,100.0,0.0,0.635,False,0,0.3453032043753341,True,05453100
05451210,1,17538901,49,100.0,0.0,3.928,False,0,0.3453032043753341,True,05453100
05451210,1,17539029,50,100.0,0.0,3.4530000000000003,False,0,0.3453032043753341,True,05453100
05451210,1,17539017,51,100.0,0.0,0.3390000000000001,False,0,0.3453032043753341,True,05453100
05451210,1,17539051,52,100.0,0.0,3.535,False,0,0.3453032043753341,True,05453100
05451210,1,17539037,53,100.0,0.0,0.327,False,0,0.3453032043753341,True,05453100
05451210,1,17539341,54,100.0,0.0,1.338,False,0,0.3453032043753341,True,05453100
05451210,1,17539343,55,100.0,0.0,1.002,False,0,0.3453032043753341,True,05453100
05451210,1,17539349,56,100.0,0.0,4.555,False,0,0.3453032043753341,True,05453100
05451210,1,17539121,57,100.0,0.0,2.102,False,0,0.3453032043753341,True,05453100
05451210,1,17539151,58,100.0,0.0,1.035,False,0,0.3453032043753341,True,05453100
05451210,1,17539179,59,100.0,0.0,0.466,False,0,0.3453032043753341,True,05453100
05451210,1,17539177,60,100.0,0.0,1.254,False,0,0.3453032043753341,True,05453100
05451210,1,17539243,61,100.0,0.0,0.964,False,0,0.3453032043753341,True,05453100
05451210,1,17548437,62,100.0,0.0,0.007000000000000001,False,0,0.3453032043753341,True,05453100
05451210,1,17541095,63,100.0,0.0,0.475,False,0,0.3453032043753341,True,05453100
05451210,1,17541127,64,100.0,0.0,0.555,False,0,0.3453032043753341,True,05453100
05451210,1,17541143,65,100.0,0.0,0.477,False,0,0.3453032043753341,True,05453100
05451210,1,17541199,66,100.0,0.0,1.6740000000000002,False,0,0.3453032043753341,True,05453100
05451210,1,17541221,67,100.0,0.0,0.885,False,0,0.3453032043753341,True,05453100
05451210,1,17541257,68,100.0,0.0,0.855,False,0,0.3453032043753341,True,05453100
05451210,1,17543531,69,100.0,0.0,0.774,False,0,0.3453032043753341,True,05453100
05451210,1,17541275,70,100.0,0.0,0.545,False,0,0.3453032043753341,True,05453100
05451210,1,17541273,71,100.0,0.0,0.071,False,0,0.3453032043753341,True,05453100
05451210,1,17541271,72,100.0,0.0,1.545,False,0,0.3453032043753341,True,05453100
05451210,1,17541253,73,100.0,0.0,0.747,False,0,0.3453032043753341,True,05453100
05451210,1,17541267,74,100.0,0.0,0.884,False,0,0.3453032043753341,True,05453100
05451210,1,17541345,75,100.0,0.0,3.595,False,0,0.3453032043753341,True,05453100
05451210,1,17541405,76,100.0,0.0,1.5189999999999997,False,0,0.3453032043753341,True,05453100
05451210,1,17541423,77,100.0,0.0,0.54,False,0,0.3453032043753341,True,05453100
05451210,1,17541429,78,100.0,0.0,0.48699999999999993,False,0,0.3453032043753341,True,05453100
05451210,1,17541477,79,100.0,0.0,0.865,False,0,0.3453032043753341,True,05453100
05451210,1,17541489,80,100.0,0.0,0.595,False,0,0.3453032043753341,True,05453100
05451210,1,17541511,81,100.0,0.0,1.214,False,0,0.3453032043753341,True,05453100
05451210,1,17541509,82,100.0,0.0,0.269,False,0,0.3453032043753341,True,05453100
05451210,1,17541525,83,100.0,0.0,1.5,False,0,0.3453032043753341,True,05453100
05451210,1,17541565,84,100.0,0.0,0.4109999999999999,False,0,0.3453032043753341,True,05453100
05451210,1,17541563,85,100.0,0.0,0.779,False,0,0.3453032043753341,True,05453100
05451210,1,17541537,86,100.0,0.0,0.283,False,0,0.3453032043753341,True,05453100
05451210,1,17541569,87,100.0,0.0,0.21600000000000003,False,0,0.3453032043753341,True,05453100
05451210,1,17541585,88,100.0,0.0,0.15,False,0,0.3453032043753341,True,05453100
05451210,1,17541621,89,100.0,0.0,1.696,False,0,0.3453032043753341,True,05453100
05451210,1,17541605,90,100.0,0.0,0.755,False,0,0.3453032043753341,True,05453100
05451210,1,17541631,91,100.0,0.0,1.824,False,0,0.3453032043753341,True,05453100
05451210,1,937080128,92,100.0,0.0,5.384000000000001,False,0,0.3453032043753341,True,05453100
05451210,1,937080129,93,100.0,0.0,0.231,False,0,0.3453032043753341,True,05453100
05451210,1,937080130,94,100.0,0.0,3.272,False,0,0.3453032043753341,True,05453100
05451210,1,17541687,95,100.0,0.0,0.291,False,0,0.3453032043753341,True,05453100
05451210,1,17541699,96,100.0,0.0,0.447,False,0,0.3453032043753341,True,05453100
05451210,1,17541793,97,100.0,0.0,2.58,False,0,0.3453032043753341,True,05453100
05451210,1,17541815,98,100.0,0.0,2.268,False,0,0.3453032043753341,True,05453100
05451210,1,17541825,99,100.0,0.0,3.651,False,0,0.3453032043753341,True,05453100
05451210,1,17541869,100,100.0,0.0,2.094,False,0,0.3453032043753341,True,05453100
05451210,1,17541881,101,100.0,0.0,0.241,False,0,0.3453032043753341,True,05453100
05451210,1,17541895,102,100.0,0.0,0.11600000000000002,False,0,0.3453032043753341,True,05453100
05451210,1,17541931,103,100.0,0.0,0.7070000000000001,False,0,0.3453032043753341,True,05453100
05451210,1,17541977,104,100.0,0.0,0.595,False,0,0.3453032043753341,True,05453100
05451210,1,17541989,105,100.0,0.0,0.495,False,0,0.3453032043753341,True,05453100
05451210,1,17541975,106,100.0,0.0,0.363,False,0,0.3453032043753341,True,05453100
05451210,1,17542047,107,100.0,0.0,1.113,False,0,0.3453032043753341,True,05453100
05451210,1,17542041,108,100.0,0.0,0.3459999999999999,False,0,0.3453032043753341,True,05453100
05451210,1,17543565,109,100.0,0.0,0.527,False,0,0.3453032043753341,True,05453100
05451210,1,17543761,110,100.0,0.0,0.03,False,0,0.3453032043753341,True,05453100
05451210,1,17542083,111,100.0,0.0,0.7019999999999998,False,0,0.3453032043753341,True,05453100
05451210,1,17542099,112,100.0,0.0,0.652,False,0,0.3453032043753341,True,05453100
05451210,1,17542109,113,100.0,0.0,0.255,False,0,0.3453032043753341,True,05453100
05451210,1,17542123,114,100.0,0.0,0.345,False,0,0.3453032043753341,True,05453100
05451210,1,17542201,115,100.0,0.0,2.603,False,0,0.3453032043753341,True,05453100
05451210,1,17542261,116,100.0,0.0,3.338,False,0,0.3453032043753341,True,05453100
05451210,1,17542273,117,100.0,0.0,0.534,False,0,0.3453032043753341,True,05453100
05451210,1,17542285,118,100.0,0.0,0.402,False,0,0.3453032043753341,True,05453100
05451210,1,17542307,119,100.0,0.0,0.914,False,0,0.3453032043753341,True,05453100
05451210,1,17543573,120,100.0,0.0,0.71,False,0,0.3453032043753341,True,05453100
05451210,1,17542403,121,100.0,0.0,0.643,False,0,0.3453032043753341,True,05453100
05451210,1,17542405,122,100.0,0.0,2.146,False,0,0.3453032043753341,True,05453100
05451210,1,17543581,123,100.0,0.0,0.959,False,0,0.3453032043753341,True,05453100
05451210,1,17542517,124,100.0,0.0,4.881,False,0,0.3453032043753341,True,05453100
05451210,1,17542513,125,100.0,0.0,0.883,False,0,0.3453032043753341,True,05453100
05451210,1,17542561,126,100.0,0.0,2.558,False,0,0.3453032043753341,True,05453100
05451210,1,17542505,127,100.0,0.0,0.11600000000000002,False,0,0.3453032043753341,True,05453100
05451210,1,17542539,128,100.0,0.0,0.8489999999999999,False,0,0.3453032043753341,True,05453100
05451210,1,17542601,129,100.0,0.0,1.617,False,0,0.3453032043753341,True,05453100
05451210,1,17542533,130,100.0,0.0,1.144,False,0,0.3453032043753341,True,05453100
05451210,1,17542573,131,100.0,0.0,0.711,False,0,0.3453032043753341,True,05453100
05451210,1,17542619,132,100.0,0.0,0.977,False,0,0.3453032043753341,True,05453100
05451210,1,17542633,133,100.0,0.0,1.236,False,0,0.3453032043753341,True,05453100
05451210,1,17542639,134,100.0,0.0,0.212,False,0,0.3453032043753341,True,05453100
05451210,1,17542655,135,100.0,0.0,2.339,False,0,0.3453032043753341,True,05453100
05451210,1,17542717,136,100.0,0.0,0.664,False,0,0.3453032043753341,True,05453100
05451210,1,17542767,137,100.0,0.0,0.89,False,0,0.3453032043753341,True,05453100
05451210,1,17542787,138,100.0,0.0,1.354,False,0,0.3453032043753341,True,05453100
05451210,1,17542759,139,100.0,0.0,0.512,False,0,0.3453032043753341,True,05453100
05451210,1,17542749,140,100.0,0.0,0.573,False,0,0.3453032043753341,True,05453100
05451210,1,17542807,141,100.0,0.0,1.653,False,0,0.3453032043753341,True,05453100
05451210,1,17542805,142,100.0,0.0,1.511,False,0,0.3453032043753341,True,05453100
05451210,1,17542809,143,100.0,0.0,0.929,False,0,0.3453032043753341,True,05453100
05451210,1,17543597,144,100.0,38.341,1.30223808,False,0,0.3453032043753341,True,05453100
05453100,0,17543597,0,38.341,0.0,0.8097619200000001,False,0,0.932469498974292,False,05465500
05453100,0,17542823,1,100.0,0.0,0.294,False,0,0.932469498974292,False,05465500
05453100,0,937080126,2,100.0,0.0,1.117,False,0,0.932469498974292,False,05465500
05453100,0,937080127,3,100.0,0.0,0.564,False,0,0.932469498974292,False,05465500
05453100,0,17542927,4,100.0,0.0,1.561,False,0,0.932469498974292,False,05465500
05453100,0,17542907,5,100.0,0.0,0.502,False,0,0.932469498974292,False,05465500
05453100,0,17542929,6,100.0,0.0,1.142,False,0,0.932469498974292,False,05465500
05453100,0,937080138,7,100.0,0.0,0.177,False,0,0.932469498974292,False,05465500
05453100,0,937080137,8,100.0,0.0,2.017,False,0,0.932469498974292,False,05465500
05453100,0,17543759,9,100.0,0.0,0.365,False,0,0.932469498974292,False,05465500
05453100,0,17543607,10,100.0,0.0,0.257,False,0,0.932469498974292,False,05465500
05453100,0,17548461,11,100.0,0.0,0.011,False,0,0.932469498974292,False,05465500
05453100,0,17540357,12,100.0,0.0,2.026,False,0,0.932469498974292,False,05465500
05453100,0,17540339,13,100.0,0.0,0.91,False,0,0.932469498974292,False,05465500
05453100,0,17540821,14,100.0,0.0,1.074,False,0,0.932469498974292,False,05465500
05453100,0,17540323,15,100.0,0.0,0.935,False,0,0.932469498974292,False,05465500
05453100,0,17540319,16,100.0,0.0,0.541,False,0,0.932469498974292,False,05465500
05453100,0,17540337,17,100.0,0.0,1.8,False,0,0.932469498974292,False,05465500
05453100,0,17540341,18,100.0,0.0,0.963,False,0,0.932469498974292,False,05465500
05453100,0,17540345,19,100.0,0.0,1.668,False,0,0.932469498974292,False,05465500
05453100,0,17540543,20,100.0,0.0,3.1659999999999995,False,0,0.932469498974292,False,05465500
05453100,0,17540343,21,100.0,0.0,0.435,False,0,0.932469498974292,False,05465500
05453100,0,17540347,22,100.0,0.0,1.241,False,0,0.932469498974292,False,05465500
05453100,0,17540361,23,100.0,0.0,0.474,False,0,0.932469498974292,False,05465500
05453100,0,17540359,24,100.0,0.0,0.51,False,0,0.932469498974292,False,05465500
05453100,0,17540373,25,100.0,0.0,0.6969999999999998,False,0,0.932469498974292,False,05465500
05453100,0,17540775,26,100.0,0.0,2.312,False,0,0.932469498974292,False,05465500
05453100,0,17540749,27,100.0,0.0,0.9079999999999999,False,0,0.932469498974292,False,05465500
05453100,0,17540743,28,100.0,0.0,4.119,False,0,0.932469498974292,False,05465500
05453100,0,17540753,29,100.0,0.0,1.53,False,0,0.932469498974292,False,05465500
05453100,0,17540759,30,100.0,0.0,0.704,False,0,0.932469498974292,False,05465500
05453100,0,17540751,31,100.0,0.0,0.102,False,0,0.932469498974292,False,05465500
05453100,0,17540847,32,100.0,0.0,0.38800000000000007,False,0,0.932469498974292,False,05465500
05453100,0,17540763,33,100.0,0.0,0.718,False,0,0.932469498974292,False,05465500
05453100,0,17540769,34,100.0,0.0,2.174,False,0,0.932469498974292,False,05465500
05453100,0,17540737,35,100.0,0.0,1.235,False,0,0.932469498974292,False,05465500
05453100,0,17540733,36,100.0,0.0,1.923,False,0,0.932469498974292,False,05465500
05453100,0,17540841,37,100.0,0.0,2.029,False,0,0.932469498974292,False,05465500
05453100,0,17540691,38,100.0,0.0,0.234,False,0,0.932469498974292,False,05465500
05453100,0,17540689,39,100.0,0.0,0.196,False,0,0.932469498974292,False,05465500
05453100,0,17540705,40,100.0,0.0,2.089,False,0,0.932469498974292,False,05465500
05453100,0,17540679,41,100.0,0.0,1.023,False,0,0.932469498974292,False,05465500
05453100,0,17540669,42,100.0,0.0,0.778,False,0,0.932469498974292,False,05465500
05453100,0,17540667,43,100.0,0.0,0.236,False,0,0.932469498974292,False,05465500
05453100,0,17540665,44,100.0,0.0,0.015,True,17539821,0.932469498974292,False,05465500
05453100,0,17540663,45,100.0,0.0,0.121,True,17539821,0.932469498974292,False,05465500
05453100,0,17540661,46,100.0,0.0,0.762,True,17539821,0.932469498974292,False,05465500
05453100,0,17540647,47,100.0,0.0,0.054000000000000006,True,17539821,0.932469498974292,False,05465500
05453100,0,17540641,48,100.0,0.0,0.22699999999999998,True,17539821,0.932469498974292,False,05465500
05453100,0,17540645,49,100.0,0.0,0.375,True,17539821,0.932469498974292,False,05465500
05453100,0,17540707,50,100.0,0.0,2.113,True,17539821,0.932469498974292,False,05465500
05453100,0,17540721,51,100.0,0.0,0.845,True,17539821,0.932469498974292,False,05465500
05453100,0,17540735,52,100.0,0.0,2.319,True,17539821,0.932469498974292,False,05465500
05453100,0,17540731,53,100.0,0.0,4.198,True,17539821,0.932469498974292,False,05465500
05453100,0,17540713,54,100.0,0.0,1.909,True,17539821,0.932469498974292,False,05465500
05453100,0,17540771,55,100.0,0.0,2.634,True,17539821,0.932469498974292,False,05465500
05453100,0,17540777,56,100.0,0.0,3.2230000000000003,True,17539821,0.932469498974292,False,05465500
05453100,0,17540785,57,100.0,0.0,2.845,True,17539821,0.932469498974292,False,05465500
05453100,0,17540787,58,100.0,0.0,0.397,True,17539821,0.932469498974292,False,05465500
05453100,0,17540791,59,100.0,0.0,0.472,True,17539821,0.932469498974292,False,05465500
05453100,0,17540799,60,100.0,0.0,3.286,True,17539821,0.932469498974292,False,05465500
05453100,0,17540805,61,100.0,0.0,0.445,True,17539821,0.932469498974292,False,05465500
05453100,0,17540475,62,100.0,0.0,0.21899999999999997,False,0,0.932469498974292,False,05465500
05453100,0,11916389,63,100.0,0.0,1.075,False,0,0.932469498974292,False,05465500
05453100,0,11916295,64,100.0,0.0,2.549,False,0,0.932469498974292,False,05465500
05453100,0,11916299,65,100.0,0.0,1.351,False,0,0.932469498974292,False,05465500
05453100,0,11916305,66,100.0,0.0,3.915,False,0,0.932469498974292,False,05465500
05453100,0,11916401,67,100.0,0.0,2.852,False,0,0.932469498974292,False,05465500
05453100,0,11916315,68,100.0,0.0,3.8170000000000006,False,0,0.932469498974292,False,05465500
05453100,0,11916321,69,100.0,0.0,2.6659999999999995,False,0,0.932469498974292,False,05465500
05453100,0,11916327,70,100.0,0.0,3.995,False,0,0.932469498974292,False,05465500
05453100,0,11916329,71,100.0,0.0,1.084,False,0,0.932469498974292,False,05465500
05453100,0,11916397,72,100.0,0.0,0.162,False,0,0.932469498974292,False,05465500
05453100,0,11916333,73,100.0,0.0,2.631,False,0,0.932469498974292,False,05465500
05453100,0,11916405,74,100.0,0.0,0.7509999999999999,False,0,0.932469498974292,False,05465500
05453100,0,11916337,75,100.0,0.0,2.927,False,0,0.932469498974292,False,05465500
05453100,0,11916341,76,100.0,0.0,1.5729999999999997,False,0,0.932469498974292,False,05465500
05453100,0,11916409,77,100.0,0.0,1.271,False,0,0.932469498974292,False,05465500
05453100,0,11916347,78,100.0,0.0,0.125,False,0,0.932469498974292,False,05465500
05453100,0,11916355,79,100.0,0.0,0.392,False,0,0.932469498974292,False,05465500
05453100,0,11916357,80,100.0,0.0,0.704,False,0,0.932469498974292,True,05465500
05453100,0,11916413,81,100.0,0.0,1.497,False,0,0.932469498974292,True,05465500
05453100,0,11916363,82,100.0,0.0,5.142,False,0,0.932469498974292,True,05465500
05453100,0,11916377,83,100.0,0.0,1.087,False,0,0.932469498974292,True,05465500
05453100,0,11919659,84,100.0,0.0,1.073,False,0,0.932469498974292,True,05465500
05453100,0,11916375,85,100.0,0.0,0.489,False,0,0.932469498974292,True,05465500
05453100,0,11916373,86,100.0,0.0,0.301,False,0,0.932469498974292,True,05465500
05453100,0,11919885,87,100.0,0.0,2.062,False,0,0.932469498974292,True,05465500
05453100,0,11919661,88,100.0,0.0,0.772,False,0,0.932469498974292,True,05465500
05453100,0,11919665,89,100.0,0.0,2.382,False,0,0.932469498974292,True,05465500
05453100,0,11919669,90,100.0,0.0,0.915,False,0,0.932469498974292,True,05465500
05453100,0,11919675,91,100.0,0.0,0.789,False,0,0.932469498974292,True,05465500
05453100,0,11919681,92,100.0,0.0,4.873,False,0,0.932469498974292,True,05465500
05453100,0,11919685,93,100.0,0.0,1.43,False,0,0.932469498974292,True,05465500
05453100,0,11919691,94,100.0,0.0,2.525,False,0,0.932469498974292,True,05465500
05453100,0,11919693,95,100.0,0.0,0.919,False,0,0.932469498974292,True,05465500
05453100,0,11919697,96,100.0,0.0,1.416,False,0,0.932469498974292,True,05465500
05453100,0,11919709,97,100.0,0.0,1.033,False,0,0.932469498974292,True,05465500
05453100,0,11919731,98,100.0,0.0,3.5780000000000003,False,0,0.932469498974292,True,05465500
05453100,0,11919733,99,100.0,0.0,0.791,False,0,0.932469498974292,True,05465500
05453100,0,11919735,100,100.0,0.0,0.007000000000000001,False,0,0.932469498974292,True,05465500
05453100,0,11919737,101,100.0,0.0,0.988,False,0,0.932469498974292,True,05465500
05453100,0,11919741,102,100.0,0.0,0.9890000000000001,False,0,0.932469498974292,True,05465500
05453100,0,11919745,103,100.0,0.0,5.086,False,0,0.932469498974292,True,05465500
05453100,0,11919753,104,100.0,0.0,1.3630000000000002,False,0,0.932469498974292,True,05465500
05453100,0,11919759,105,100.0,0.0,6.816,False,0,0.932469498974292,True,05465500
05453100,0,11919761,106,100.0,0.0,0.445,False,0,0.932469498974292,True,05465500
05453100,0,11919765,107,100.0,0.0,0.626,False,0,0.932469498974292,True,05465500
05453100,0,11919769,108,100.0,0.0,3.4990000000000006,False,0,0.932469498974292,True,05465500
05453100,0,11919771,109,100.0,0.0,1.307,False,0,0.932469498974292,True,05465500
05453100,0,11919775,110,100.0,0.0,0.259,False,0,0.932469498974292,True,05465500
05453100,0,11919781,111,100.0,0.0,1.114,False,0,0.932469498974292,True,05465500
05453100,0,11919785,112,100.0,0.0,0.941,False,0,0.932469498974292,True,05465500
05453100,0,11919791,113,100.0,0.0,1.8329999999999997,False,0,0.932469498974292,True,05465500
05453100,0,11919797,114,100.0,0.0,2.571,False,0,0.932469498974292,True,05465500
05453100,0,11919807,115,100.0,0.0,4.35,False,0,0.932469498974292,True,05465500
05453100,0,11919805,116,100.0,0.0,0.6409999999999999,False,0,0.932469498974292,True,05465500
05453100,0,11919813,117,100.0,0.0,2.762,False,0,0.932469498974292,True,05465500
05453100,0,11919817,118,100.0,0.0,0.20200000000000004,False,0,0.932469498974292,True,05465500
05453100,0,11919825,119,100.0,46.955,2.7212085000000004,False,0,0.932469498974292,True,05465500
05455100,1,11915787,0,96.407,0.0,0.91104615,False,0,0.0675305010257081,False,05465500
05455100,1,11915839,1,100.0,0.0,2.472,False,0,0.0675305010257081,False,05465500
05455100,1,11915845,2,100.0,0.0,0.355,False,0,0.0675305010257081,False,05465500
05455100,1,11915863,3,100.0,0.0,0.945,False,0,0.0675305010257081,False,05465500
05455100,1,11915869,4,100.0,0.0,0.198,False,0,0.0675305010257081,False,05465500
05455100,1,11915879,5,100.0,0.0,1.412,False,0,0.0675305010257081,False,05465500
05455100,1,11915935,6,100.0,0.0,2.829,False,0,0.0675305010257081,False,05465500
05455100,1,11915945,7,100.0,0.0,0.486,False,0,0.0675305010257081,False,05465500
05455100,1,11915987,8,100.0,0.0,3.7539999999999996,False,0,0.0675305010257081,False,05465500
05455100,1,11915995,9,100.0,0.0,0.135,False,0,0.0675305010257081,False,05465500
05455100,1,11916351,10,100.0,0.0,0.006,False,0,0.0675305010257081,False,05465500
05455100,1,11916353,11,100.0,0.0,0.02,False,0,0.0675305010257081,False,05465500
05455100,1,11916357,12,100.0,0.0,0.704,False,0,0.0675305010257081,True,05465500
05455100,1,11916413,13,100.0,0.0,1.497,False,0,0.0675305010257081,True,05465500
05455100,1,11916363,14,100.0,0.0,5.142,False,0,0.0675305010257081,True,05465500
05455100,1,11916377,15,100.0,0.0,1.087,False,0,0.0675305010257081,True,05465500
05455100,1,11919659,16,100.0,0.0,1.073,False,0,0.0675305010257081,True,05465500
05455100,1,11916375,17,100.0,0.0,0.489,False,0,0.0675305010257081,True,05465500
05455100,1,11916373,18,100.0,0.0,0.301,False,0,0.0675305010257081,True,05465500
05455100,1,11919885,19,100.0,0.0,2.062,False,0,0.0675305010257081,True,05465500
05455100,1,11919661,20,100.0,0.0,0.772,False,0,0.0675305010257081,True,05465500
05455100,1,11919665,21,100.0,0.0,2.382,False,0,0.0675305010257081,True,05465500
05455100,1,11919669,22,100.0,0.0,0.915,False,0,0.0675305010257081,True,05465500
05455100,1,11919675,23,100.0,0.0,0.789,False,0,0.0675305010257081,True,05465500
05455100,1,11919681,24,100.0,0.0,4.873,False,0,0.0675305010257081,True,05465500
05455100,1,11919685,25,100.0,0.0,1.43,False,0,0.0675305010257081,True,05465500
05455100,1,11919691,26,100.0,0.0,2.525,False,0,0.0675305010257081,True,05465500
05455100,1,11919693,27,100.0,0.0,0.919,False,0,0.0675305010257081,True,05465500
05455100,1,11919697,28,100.0,0.0,1.416,False,0,0.0675305010257081,True,05465500
05455100,1,11919709,29,100.0,0.0,1.033,False,0,0.0675305010257081,True,05465500
05455100,1,11919731,30,100.0,0.0,3.5780000000000003,False,0,0.0675305010257081,True,05465500
05455100,1,11919733,31,100.0,0.0,0.791,False,0,0.0675305010257081,True,05465500
05455100,1,11919735,32,100.0,0.0,0.007000000000000001,False,0,0.0675305010257081,True,05465500
05455100,1,11919737,33,100.0,0.0,0.988,False,0,0.0675305010257081,True,05465500
05455100,1,11919741,34,100.0,0.0,0.9890000000000001,False,0,0.0675305010257081,True,05465500
05455100,1,11919745,35,100.0,0.0,5.086,False,0,0.0675305010257081,True,05465500
05455100,1,11919753,36,100.0,0.0,1.3630000000000002,False,0,0.0675305010257081,True,05465500
05455100,1,11919759,37,100.0,0.0,6.816,False,0,0.0675305010257081,True,05465500
05455100,1,11919761,38,100.0,0.0,0.445,False,0,0.0675305010257081,True,05465500
05455100,1,11919765,39,100.0,0.0,0.626,False,0,0.0675305010257081,True,05465500
05455100,1,11919769,40,100.0,0.0,3.4990000000000006,False,0,0.0675305010257081,True,05465500
05455100,1,11919771,41,100.0,0.0,1.307,False,0,0.0675305010257081,True,05465500
05455100,1,11919775,42,100.0,0.0,0.259,False,0,0.0675305010257081,True,05465500
05455100,1,11919781,43,100.0,0.0,1.114,False,0,0.0675305010257081,True,05465500
05455100,1,11919785,44,100.0,0.0,0.941,False,0,0.0675305010257081,True,05465500
05455100,1,11919791,45,100.0,0.0,1.8329999999999997,False,0,0.0675305010257081,True,05465500
05455100,1,11919797,46,100.0,0.0,2.571,False,0,0.0675305010257081,True,05465500
05455100,1,11919807,47,100.0,0.0,4.35,False,0,0.0675305010257081,True,05465500
05455100,1,11919805,48,100.0,0.0,0.6409999999999999,False,0,0.0675305010257081,True,05465500
05455100,1,11919813,49,100.0,0.0,2.762,False,0,0.0675305010257081,True,05465500
05455100,1,11919817,50,100.0,0.0,0.20200000000000004,False,0,0.0675305010257081,True,05465500
05455100,1,11919825,51,100.0,46.955,2.7212085000000004,False,0,0.0675305010257081,True,05465500
05520500,0,13438215,0,29.4124,0.0,0.5891303720000001,False,0,0.3749907285672935,False,05543500
05520500,0,13438369,1,100.0,0.0,0.9079999999999999,False,0,0.3749907285672935,False,05543500
05520500,0,13438225,2,100.0,0.0,0.716,False,0,0.3749907285672935,False,05543500
05520500,0,13438229,3,100.0,0.0,0.358,False,0,0.3749907285672935,False,05543500
05520500,0,13438375,4,100.0,0.0,0.055,False,0,0.3749907285672935,False,05543500
05520500,0,13437039,5,100.0,0.0,0.6560000000000001,False,0,0.3749907285672935,False,05543500
05520500,0,13438373,6,100.0,0.0,0.035,False,0,0.3749907285672935,False,05543500
05520500,0,13438241,7,100.0,0.0,0.945,False,0,0.3749907285672935,False,05543500
05520500,0,13438243,8,100.0,0.0,0.037,False,0,0.3749907285672935,False,05543500
05520500,0,13437091,9,100.0,0.0,0.839,False,0,0.3749907285672935,False,05543500
05520500,0,13438251,10,100.0,0.0,0.064,False,0,0.3749907285672935,False,05543500
05520500,0,13438257,11,100.0,0.0,0.309,False,0,0.3749907285672935,False,05543500
05520500,0,13438261,12,100.0,0.0,0.034,False,0,0.3749907285672935,False,05543500
05520500,0,13438377,13,100.0,0.0,3.115,False,0,0.3749907285672935,False,05543500
05520500,0,13438273,14,100.0,0.0,0.696,False,0,0.3749907285672935,False,05543500
05520500,0,13438287,15,100.0,0.0,2.906,False,0,0.3749907285672935,False,05543500
05520500,0,13438293,16,100.0,0.0,1.286,False,0,0.3749907285672935,False,05543500
05520500,0,13438297,17,100.0,0.0,0.54,False,0,0.3749907285672935,False,05543500
05520500,0,13438385,18,100.0,0.0,0.109,False,0,0.3749907285672935,False,05543500
05520500,0,13438301,19,100.0,0.0,1.089,False,0,0.3749907285672935,False,05543500
05520500,0,13438305,20,100.0,0.0,0.376,False,0,0.3749907285672935,False,05543500
05520500,0,13438389,21,100.0,0.0,0.275,False,0,0.3749907285672935,False,05543500
05520500,0,13438309,22,100.0,0.0,0.425,False,0,0.3749907285672935,False,05543500
05520500,0,13438311,23,100.0,0.0,1.94,False,0,0.3749907285672935,False,05543500
05520500,0,13438291,24,100.0,0.0,1.595,False,0,0.3749907285672935,False,05543500
05520500,0,13438285,25,100.0,0.0,1.7890000000000001,False,0,0.3749907285672935,False,05543500
05520500,0,13438279,26,100.0,0.0,3.19,False,0,0.3749907285672935,False,05543500
05520500,0,13438271,27,100.0,0.0,3.2120000000000006,False,0,0.3749907285672935,False,05543500
05520500,0,13438255,28,100.0,0.0,2.495,False,0,0.3749907285672935,False,05543500
05520500,0,13438247,29,100.0,0.0,2.509,False,0,0.3749907285672935,False,05543500
05520500,0,13438231,30,100.0,0.0,0.915,False,0,0.3749907285672935,False,05543500
05520500,0,13438223,31,100.0,0.0,1.474,False,0,0.3749907285672935,False,05543500
05520500,0,13438209,32,100.0,0.0,1.3839999999999997,False,0,0.3749907285672935,False,05543500
05520500,0,13438167,33,100.0,0.0,0.617,False,0,0.3749907285672935,False,05543500
05520500,0,13438147,34,100.0,0.0,1.39,False,0,0.3749907285672935,False,05543500
05520500,0,13438145,35,100.0,0.0,1.3460000000000003,False,0,0.3749907285672935,False,05543500
05520500,0,13439273,36,100.0,0.0,0.01,False,0,0.3749907285672935,False,05543500
05520500,0,13439281,37,100.0,0.0,2.078,False,0,0.3749907285672935,False,05543500
05520500,0,13439279,38,100.0,0.0,0.321,False,0,0.3749907285672935,False,05543500
05520500,0,13439271,39,100.0,0.0,0.135,False,0,0.3749907285672935,False,05543500
05520500,0,13438935,40,100.0,0.0,0.598,False,0,0.3749907285672935,False,05543500
05520500,0,13439263,41,100.0,0.0,0.049,False,0,0.3749907285672935,False,05543500
05520500,0,13439261,42,100.0,0.0,0.49200000000000005,False,0,0.3749907285672935,False,05543500
05520500,0,13439255,43,100.0,0.0,3.7490000000000006,False,0,0.3749907285672935,False,05543500
05520500,0,13439249,44,100.0,0.0,0.117,False,0,0.3749907285672935,False,05543500
05520500,0,13439177,45,100.0,0.0,0.884,False,0,0.3749907285672935,False,05543500
05520500,0,13439245,46,100.0,0.0,0.113,False,0,0.3749907285672935,False,05543500
05520500,0,13439247,47,100.0,0.0,0.281,False,0,0.3749907285672935,False,05543500
05520500,0,13439243,48,100.0,0.0,0.69,False,0,0.3749907285672935,False,05543500
05520500,0,13439241,49,100.0,0.0,3.592,False,0,0.3749907285672935,False,05543500
05520500,0,13439237,50,100.0,0.0,2.443,False,0,0.3749907285672935,False,05543500
05520500,0,13439233,51,100.0,0.0,3.904,False,0,0.3749907285672935,False,05543500
05520500,0,13439231,52,100.0,0.0,0.14,False,0,0.3749907285672935,False,05543500
05520500,0,13445169,53,100.0,0.0,1.072,False,0,0.3749907285672935,False,05543500
05520500,0,13438847,54,100.0,0.0,0.43200000000000005,False,0,0.3749907285672935,False,05543500
05520500,0,13439225,55,100.0,0.0,0.06,False,0,0.3749907285672935,False,05543500
05520500,0,13439223,56,100.0,0.0,0.263,False,0,0.3749907285672935,False,05543500
05520500,0,13439221,57,100.0,0.0,0.321,False,0,0.3749907285672935,False,05543500
05520500,0,13439217,58,100.0,0.0,0.36700000000000005,False,0,0.3749907285672935,False,05543500
05520500,0,13439213,59,100.0,0.0,0.4709999999999999,False,0,0.3749907285672935,False,05543500
05520500,0,13439211,60,100.0,0.0,2.974,False,0,0.3749907285672935,False,05543500
05520500,0,13439205,61,100.0,0.0,1.274,False,0,0.3749907285672935,False,05543500
05520500,0,13439203,62,100.0,0.0,1.735,False,0,0.3749907285672935,False,05543500
05520500,0,13439201,63,100.0,0.0,1.557,False,0,0.3749907285672935,False,05543500
05520500,0,13439195,64,100.0,0.0,0.139,False,0,0.3749907285672935,False,05543500
05520500,0,13438787,65,100.0,0.0,0.163,False,0,0.3749907285672935,False,05543500
05520500,0,13439289,66,100.0,0.0,0.944,False,0,0.3749907285672935,False,05543500
05520500,0,13439191,67,100.0,0.0,1.426,False,0,0.3749907285672935,False,05543500
05520500,0,13445167,68,100.0,0.0,0.15,False,0,0.3749907285672935,False,05543500
05520500,0,13439309,69,100.0,0.0,0.311,False,0,0.3749907285672935,False,05543500
05520500,0,13439193,70,100.0,0.0,0.665,False,0,0.3749907285672935,False,05543500
05520500,0,13439311,71,100.0,0.0,4.119,False,0,0.3749907285672935,False,05543500
05520500,0,13439293,72,100.0,0.0,0.031,False,0,0.3749907285672935,False,05543500
05520500,0,13445171,73,100.0,0.0,0.182,False,0,0.3749907285672935,False,05543500
05520500,0,13439295,74,100.0,0.0,0.242,False,0,0.3749907285672935,False,05543500
05520500,0,14780096,75,100.0,0.0,1.115,False,0,0.3749907285672935,True,05543500
05520500,0,14780092,76,100.0,0.0,1.079,False,0,0.3749907285672935,True,05543500
05520500,0,14780100,77,100.0,0.0,5.284,False,0,0.3749907285672935,True,05543500
05520500,0,14780104,78,100.0,0.0,0.936,False,0,0.3749907285672935,True,05543500
05520500,0,14780112,79,100.0,0.0,6.672999999999999,False,0,0.3749907285672935,True,05543500
05520500,0,14780114,80,100.0,0.0,1.144,False,0,0.3749907285672935,True,05543500
05520500,0,14780118,81,100.0,0.0,1.3839999999999997,False,0,0.3749907285672935,True,05543500
05520500,0,14780302,82,100.0,0.0,1.231,False,0,0.3749907285672935,True,05543500
05520500,0,14780122,83,100.0,0.0,0.68,False,0,0.3749907285672935,True,05543500
05520500,0,14780304,84,100.0,0.0,0.95,False,0,0.3749907285672935,True,05543500
05520500,0,14780126,85,100.0,0.0,0.147,False,0,0.3749907285672935,True,05543500
05520500,0,14780134,86,100.0,0.0,2.27,False,0,0.3749907285672935,True,05543500
05520500,0,14780136,87,100.0,0.0,0.44800000000000006,False,0,0.3749907285672935,True,05543500
05520500,0,14780142,88,100.0,0.0,2.9530000000000003,False,0,0.3749907285672935,True,05543500
05520500,0,14780192,89,100.0,0.0,3.6,False,0,0.3749907285672935,True,05543500
05520500,0,14780208,90,100.0,0.0,0.617,False,0,0.3749907285672935,True,05543500
05520500,0,14780218,91,100.0,0.0,1.19,False,0,0.3749907285672935,True,05543500
05520500,0,14780220,92,100.0,0.0,0.034,False,0,0.3749907285672935,True,05543500
05520500,0,14780222,93,100.0,0.0,0.85,False,0,0.3749907285672935,True,05543500
05520500,0,14780226,94,100.0,0.0,1.383,False,0,0.3749907285672935,True,05543500
05520500,0,14780224,95,100.0,0.0,0.6510000000000001,False,0,0.3749907285672935,True,05543500
05520500,0,14780210,96,100.0,0.0,1.272,False,0,0.3749907285672935,True,05543500
05520500,0,14780200,97,100.0,0.0,1.022,False,0,0.3749907285672935,True,05543500
05520500,0,14780194,98,100.0,0.0,0.53,False,0,0.3749907285672935,True,05543500
05520500,0,14780204,99,100.0,0.0,1.113,False,0,0.3749907285672935,True,05543500
05520500,0,14780202,100,100.0,0.0,1.227,False,0,0.3749907285672935,True,05543500
05520500,0,14780314,101,100.0,0.0,1.082,False,0,0.3749907285672935,True,05543500
05520500,0,14780184,102,100.0,0.0,0.138,False,0,0.3749907285672935,True,05543500
05520500,0,14780186,103,100.0,0.0,0.7070000000000001,False,0,0.3749907285672935,True,05543500
05520500,0,14780342,104,100.0,0.0,0.107,False,0,0.3749907285672935,True,05543500
05520500,0,14780178,105,100.0,0.0,0.14,False,0,0.3749907285672935,True,05543500
05520500,0,14779428,106,100.0,0.0,0.872,False,0,0.3749907285672935,True,05543500
05520500,0,14780170,107,100.0,0.0,0.105,False,0,0.3749907285672935,True,05543500
05520500,0,14780172,108,100.0,35.6653,0.445839471,False,0,0.3749907285672935,True,05543500
05526000,1,13451898,0,0.0,0.0,0.0,False,0,0.3457655052565723,False,05543500
05526000,1,13451894,1,100.0,0.0,0.286,False,0,0.3457655052565723,False,05543500
05526000,1,13451890,2,100.0,0.0,0.509,False,0,0.3457655052565723,False,05543500
05526000,1,13451884,3,100.0,0.0,1.135,False,0,0.3457655052565723,False,05543500
05526000,1,13451882,4,100.0,0.0,2.523,False,0,0.3457655052565723,False,05543500
05526000,1,13451902,5,100.0,0.0,0.883,False,0,0.3457655052565723,False,05543500
05526000,1,13451876,6,100.0,0.0,4.322,False,0,0.3457655052565723,False,05543500
05526000,1,13459060,7,100.0,0.0,0.785,False,0,0.3457655052565723,False,05543500
05526000,1,13451870,8,100.0,0.0,0.095,False,0,0.3457655052565723,False,05543500
05526000,1,13438311,9,100.0,0.0,1.94,False,0,0.3457655052565723,False,05543500
05526000,1,13438291,10,100.0,0.0,1.595,False,0,0.3457655052565723,False,05543500
05526000,1,13438285,11,100.0,0.0,1.7890000000000001,False,0,0.3457655052565723,False,05543500
05526000,1,13438279,12,100.0,0.0,3.19,False,0,0.3457655052565723,False,05543500
05526000,1,13438271,13,100.0,0.0,3.2120000000000006,False,0,0.3457655052565723,False,05543500
05526000,1,13438255,14,100.0,0.0,2.495,False,0,0.3457655052565723,False,05543500
05526000,1,13438247,15,100.0,0.0,2.509,False,0,0.3457655052565723,False,05543500
05526000,1,13438231,16,100.0,0.0,0.915,False,0,0.3457655052565723,False,05543500
05526000,1,13438223,17,100.0,0.0,1.474,False,0,0.3457655052565723,False,05543500
05526000,1,13438209,18,100.0,0.0,1.3839999999999997,False,0,0.3457655052565723,False,05543500
05526000,1,13438167,19,100.0,0.0,0.617,False,0,0.3457655052565723,False,05543500
05526000,1,13438147,20,100.0,0.0,1.39,False,0,0.3457655052565723,False,05543500
05526000,1,13438145,21,100.0,0.0,1.3460000000000003,False,0,0.3457655052565723,False,05543500
05526000,1,13439273,22,100.0,0.0,0.01,False,0,0.3457655052565723,False,05543500
05526000,1,13439281,23,100.0,0.0,2.078,False,0,0.3457655052565723,False,05543500
05526000,1,13439279,24,100.0,0.0,0.321,False,0,0.3457655052565723,False,05543500
05526000,1,13439271,25,100.0,0.0,0.135,False,0,0.3457655052565723,False,05543500
05526000,1,13438935,26,100.0,0.0,0.598,False,0,0.3457655052565723,False,05543500
05526000,1,13439263,27,100.0,0.0,0.049,False,0,0.3457655052565723,False,05543500
05526000,1,13439261,28,100.0,0.0,0.49200000000000005,False,0,0.3457655052565723,False,05543500
05526000,1,13439255,29,100.0,0.0,3.7490000000000006,False,0,0.3457655052565723,False,05543500
05526000,1,13439249,30,100.0,0.0,0.117,False,0,0.3457655052565723,False,05543500
05526000,1,13439177,31,100.0,0.0,0.884,False,0,0.3457655052565723,False,05543500
05526000,1,13439245,32,100.0,0.0,0.113,False,0,0.3457655052565723,False,05543500
05526000,1,13439247,33,100.0,0.0,0.281,False,0,0.3457655052565723,False,05543500
05526000,1,13439243,34,100.0,0.0,0.69,False,0,0.3457655052565723,False,05543500
05526000,1,13439241,35,100.0,0.0,3.592,False,0,0.3457655052565723,False,05543500
05526000,1,13439237,36,100.0,0.0,2.443,False,0,0.3457655052565723,False,05543500
05526000,1,13439233,37,100.0,0.0,3.904,False,0,0.3457655052565723,False,05543500
05526000,1,13439231,38,100.0,0.0,0.14,False,0,0.3457655052565723,False,05543500
05526000,1,13445169,39,100.0,0.0,1.072,False,0,0.3457655052565723,False,05543500
05526000,1,13438847,40,100.0,0.0,0.43200000000000005,False,0,0.3457655052565723,False,05543500
05526000,1,13439225,41,100.0,0.0,0.06,False,0,0.3457655052565723,False,05543500
05526000,1,13439223,42,100.0,0.0,0.263,False,0,0.3457655052565723,False,05543500
05526000,1,13439221,43,100.0,0.0,0.321,False,0,0.3457655052565723,False,05543500
05526000,1,13439217,44,100.0,0.0,0.36700000000000005,False,0,0.3457655052565723,False,05543500
05526000,1,13439213,45,100.0,0.0,0.4709999999999999,False,0,0.3457655052565723,False,05543500
05526000,1,13439211,46,100.0,0.0,2.974,False,0,0.3457655052565723,False,05543500
05526000,1,13439205,47,100.0,0.0,1.274,False,0,0.3457655052565723,False,05543500
05526000,1,13439203,48,100.0,0.0,1.735,False,0,0.3457655052565723,False,05543500
05526000,1,13439201,49,100.0,0.0,1.557,False,0,0.3457655052565723,False,05543500
05526000,1,13439195,50,100.0,0.0,0.139,False,0,0.3457655052565723,False,05543500
05526000,1,13438787,51,100.0,0.0,0.163,False,0,0.3457655052565723,False,05543500
05526000,1,13439289,52,100.0,0.0,0.944,False,0,0.3457655052565723,False,05543500
05526000,1,13439191,53,100.0,0.0,1.426,False,0,0.3457655052565723,False,05543500
05526000,1,13445167,54,100.0,0.0,0.15,False,0,0.3457655052565723,False,05543500
05526000,1,13439309,55,100.0,0.0,0.311,False,0,0.3457655052565723,False,05543500
05526000,1,13439193,56,100.0,0.0,0.665,False,0,0.3457655052565723,False,05543500
05526000,1,13439311,57,100.0,0.0,4.119,False,0,0.3457655052565723,False,05543500
05526000,1,13439293,58,100.0,0.0,0.031,False,0,0.3457655052565723,False,05543500
05526000,1,13445171,59,100.0,0.0,0.182,False,0,0.3457655052565723,False,05543500
05526000,1,13439295,60,100.0,0.0,0.242,False,0,0.3457655052565723,False,05543500
05526000,1,14780096,61,100.0,0.0,1.115,False,0,0.3457655052565723,True,05543500
05526000,1,14780092,62,100.0,0.0,1.079,False,0,0.3457655052565723,True,05543500
05526000,1,14780100,63,100.0,0.0,5.284,False,0,0.3457655052565723,True,05543500
05526000,1,14780104,64,100.0,0.0,0.936,False,0,0.3457655052565723,True,05543500
05526000,1,14780112,65,100.0,0.0,6.672999999999999,False,0,0.3457655052565723,True,05543500
05526000,1,14780114,66,100.0,0.0,1.144,False,0,0.3457655052565723,True,05543500
05526000,1,14780118,67,100.0,0.0,1.3839999999999997,False,0,0.3457655052565723,True,05543500
05526000,1,14780302,68,100.0,0.0,1.231,False,0,0.3457655052565723,True,05543500
05526000,1,14780122,69,100.0,0.0,0.68,False,0,0.3457655052565723,True,05543500
05526000,1,14780304,70,100.0,0.0,0.95,False,0,0.3457655052565723,True,05543500
05526000,1,14780126,71,100.0,0.0,0.147,False,0,0.3457655052565723,True,05543500
05526000,1,14780134,72,100.0,0.0,2.27,False,0,0.3457655052565723,True,05543500
05526000,1,14780136,73,100.0,0.0,0.44800000000000006,False,0,0.3457655052565723,True,05543500
05526000,1,14780142,74,100.0,0.0,2.9530000000000003,False,0,0.3457655052565723,True,05543500
05526000,1,14780192,75,100.0,0.0,3.6,False,0,0.3457655052565723,True,05543500
05526000,1,14780208,76,100.0,0.0,0.617,False,0,0.3457655052565723,True,05543500
05526000,1,14780218,77,100.0,0.0,1.19,False,0,0.3457655052565723,True,05543500
05526000,1,14780220,78,100.0,0.0,0.034,False,0,0.3457655052565723,True,05543500
05526000,1,14780222,79,100.0,0.0,0.85,False,0,0.3457655052565723,True,05543500
05526000,1,14780226,80,100.0,0.0,1.383,False,0,0.3457655052565723,True,05543500
05526000,1,14780224,81,100.0,0.0,0.6510000000000001,False,0,0.3457655052565723,True,05543500
05526000,1,14780210,82,100.0,0.0,1.272,False,0,0.3457655052565723,True,05543500
05526000,1,14780200,83,100.0,0.0,1.022,False,0,0.3457655052565723,True,05543500
05526000,1,14780194,84,100.0,0.0,0.53,False,0,0.3457655052565723,True,05543500
05526000,1,14780204,85,100.0,0.0,1.113,False,0,0.3457655052565723,True,05543500
05526000,1,14780202,86,100.0,0.0,1.227,False,0,0.3457655052565723,True,05543500
05526000,1,14780314,87,100.0,0.0,1.082,False,0,0.3457655052565723,True,05543500
05526000,1,14780184,88,100.0,0.0,0.138,False,0,0.3457655052565723,True,05543500
05526000,1,14780186,89,100.0,0.0,0.7070000000000001,False,0,0.3457655052565723,True,05543500
05526000,1,14780342,90,100.0,0.0,0.107,False,0,0.3457655052565723,True,05543500
05526000,1,14780178,91,100.0,0.0,0.14,False,0,0.3457655052565723,True,05543500
05526000,1,14779428,92,100.0,0.0,0.872,False,0,0.3457655052565723,True,05543500
05526000,1,14780170,93,100.0,0.0,0.105,False,0,0.3457655052565723,True,05543500
05526000,1,14780172,94,100.0,35.6653,0.445839471,False,0,0.3457655052565723,True,05543500
05536995,2,14787485,0,53.7505,0.0,3.4545446349999995,False,0,0.1207448723658636,False,05543500
05536995,2,14787497,1,100.0,0.0,2.8789999999999996,False,0,0.1207448723658636,False,05543500
05536995,2,14787499,2,100.0,0.0,0.147,False,0,0.1207448723658636,False,05543500
05536995,2,14787503,3,100.0,0.0,0.354,False,0,0.1207448723658636,False,05543500
05536995,2,14787637,4,100.0,0.0,0.369,False,0,0.1207448723658636,False,05543500
05536995,2,14787507,5,100.0,0.0,0.297,False,0,0.1207448723658636,False,05543500
05536995,2,14787513,6,100.0,0.0,0.062,False,0,0.1207448723658636,False,05543500
05536995,2,14787635,7,100.0,0.0,0.521,False,0,0.1207448723658636,False,05543500
05536995,2,14787633,8,100.0,0.0,0.185,False,0,0.1207448723658636,False,05543500
05536995,2,14787631,9,100.0,0.0,0.165,False,0,0.1207448723658636,False,05543500
05536995,2,14787525,10,100.0,0.0,0.787,False,0,0.1207448723658636,False,05543500
05536995,2,14787527,11,100.0,0.0,0.637,False,0,0.1207448723658636,False,05543500
05536995,2,14787531,12,100.0,0.0,0.054000000000000006,False,0,0.1207448723658636,False,05543500
05536995,2,14787539,13,100.0,0.0,0.514,False,0,0.1207448723658636,False,05543500
05536995,2,14787545,14,100.0,0.0,1.051,False,0,0.1207448723658636,False,05543500
05536995,2,14787555,15,100.0,0.0,2.032,False,0,0.1207448723658636,False,05543500
05536995,2,14787569,16,100.0,0.0,4.291,False,0,0.1207448723658636,False,05543500
05536995,2,14787573,17,100.0,0.0,0.012,False,0,0.1207448723658636,False,05543500
05536995,2,14787581,18,100.0,0.0,0.036,False,0,0.1207448723658636,False,05543500
05536995,2,14787639,19,100.0,0.0,0.087,False,0,0.1207448723658636,False,05543500
05536995,2,14787585,20,100.0,0.0,0.414,False,0,0.1207448723658636,False,05543500
05536995,2,14788089,21,100.0,0.0,4.652,False,0,0.1207448723658636,False,05543500
05536995,2,14788091,22,100.0,0.0,0.37799999999999995,False,0,0.1207448723658636,False,05543500
05536995,2,14788095,23,100.0,0.0,1.943,False,0,0.1207448723658636,False,05543500
05536995,2,14788099,24,100.0,0.0,0.304,False,0,0.1207448723658636,False,05543500
05536995,2,14788103,25,100.0,0.0,0.218,False,0,0.1207448723658636,False,05543500
05536995,2,14788105,26,100.0,0.0,1.3660000000000003,False,0,0.1207448723658636,False,05543500
05536995,2,14788145,27,100.0,0.0,0.33,False,0,0.1207448723658636,False,05543500
05536995,2,14788159,28,100.0,0.0,1.453,False,0,0.1207448723658636,False,05543500
05536995,2,14788127,29,100.0,0.0,4.156,False,0,0.1207448723658636,False,05543500
05536995,2,14788165,30,100.0,0.0,1.203,False,0,0.1207448723658636,False,05543500
05536995,2,14788133,31,100.0,0.0,0.145,False,0,0.1207448723658636,False,05543500
05536995,2,14788163,32,100.0,0.0,1.347,False,0,0.1207448723658636,False,05543500
05536995,2,14788137,33,100.0,0.0,0.586,False,0,0.1207448723658636,False,05543500
05536995,2,14790007,34,100.0,0.0,2.8079999999999994,False,0,0.1207448723658636,False,05543500
05536995,2,14788139,35,100.0,0.0,0.3,False,0,0.1207448723658636,False,05543500
05536995,2,14780096,36,100.0,0.0,1.115,False,0,0.1207448723658636,True,05543500
05536995,2,14780092,37,100.0,0.0,1.079,False,0,0.1207448723658636,True,05543500
05536995,2,14780100,38,100.0,0.0,5.284,False,0,0.1207448723658636,True,05543500
05536995,2,14780104,39,100.0,0.0,0.936,False,0,0.1207448723658636,True,05543500
05536995,2,14780112,40,100.0,0.0,6.672999999999999,False,0,0.1207448723658636,True,05543500
05536995,2,14780114,41,100.0,0.0,1.144,False,0,0.1207448723658636,True,05543500
05536995,2,14780118,42,100.0,0.0,1.3839999999999997,False,0,0.1207448723658636,True,05543500
05536995,2,14780302,43,100.0,0.0,1.231,False,0,0.1207448723658636,True,05543500
05536995,2,14780122,44,100.0,0.0,0.68,False,0,0.1207448723658636,True,05543500
05536995,2,14780304,45,100.0,0.0,0.95,False,0,0.1207448723658636,True,05543500
05536995,2,14780126,46,100.0,0.0,0.147,False,0,0.1207448723658636,True,05543500
05536995,2,14780134,47,100.0,0.0,2.27,False,0,0.1207448723658636,True,05543500
05536995,2,14780136,48,100.0,0.0,0.44800000000000006,False,0,0.1207448723658636,True,05543500
05536995,2,14780142,49,100.0,0.0,2.9530000000000003,False,0,0.1207448723658636,True,05543500
05536995,2,14780192,50,100.0,0.0,3.6,False,0,0.1207448723658636,True,05543500
05536995,2,14780208,51,100.0,0.0,0.617,False,0,0.1207448723658636,True,05543500
05536995,2,14780218,52,100.0,0.0,1.19,False,0,0.1207448723658636,True,05543500
05536995,2,14780220,53,100.0,0.0,0.034,False,0,0.1207448723658636,True,05543500
05536995,2,14780222,54,100.0,0.0,0.85,False,0,0.1207448723658636,True,05543500
05536995,2,14780226,55,100.0,0.0,1.383,False,0,0.1207448723658636,True,05543500
05536995,2,14780224,56,100.0,0.0,0.6510000000000001,False,0,0.1207448723658636,True,05543500
05536995,2,14780210,57,100.0,0.0,1.272,False,0,0.1207448723658636,True,05543500
05536995,2,14780200,58,100.0,0.0,1.022,False,0,0.1207448723658636,True,05543500
05536995,2,14780194,59,100.0,0.0,0.53,False,0,0.1207448723658636,True,05543500
05536995,2,14780204,60,100.0,0.0,1.113,False,0,0.1207448723658636,True,05543500
05536995,2,14780202,61,100.0,0.0,1.227,False,0,0.1207448723658636,True,05543500
05536995,2,14780314,62,100.0,0.0,1.082,False,0,0.1207448723658636,True,05543500
05536995,2,14780184,63,100.0,0.0,0.138,False,0,0.1207448723658636,True,05543500
05536995,2,14780186,64,100.0,0.0,0.7070000000000001,False,0,0.1207448723658636,True,05543500
05536995,2,14780342,65,100.0,0.0,0.107,False,0,0.1207448723658636,True,05543500
05536995,2,14780178,66,100.0,0.0,0.14,False,0,0.1207448723658636,True,05543500
05536995,2,14779428,67,100.0,0.0,0.872,False,0,0.1207448723658636,True,05543500
05536995,2,14780170,68,100.0,0.0,0.105,False,0,0.1207448723658636,True,05543500
05536995,2,14780172,69,100.0,35.6653,0.445839471,False,0,0.1207448723658636,True,05543500
05532500,3,14786231,0,93.6761,0.0,5.440707888,False,0,0.1057916182108531,False,05543500
05532500,3,14786237,1,100.0,0.0,5.884000000000001,False,0,0.1057916182108531,False,05543500
05532500,3,14786321,2,100.0,0.0,5.452000000000001,False,0,0.1057916182108531,False,05543500
05532500,3,14786247,3,100.0,0.0,0.451,False,0,0.1057916182108531,False,05543500
05532500,3,14786249,4,100.0,0.0,0.825,False,0,0.1057916182108531,False,05543500
05532500,3,14786253,5,100.0,0.0,1.127,False,0,0.1057916182108531,False,05543500
05532500,3,14786263,6,100.0,0.0,2.162,False,0,0.1057916182108531,False,05543500
05532500,3,14786281,7,100.0,0.0,3.71,False,0,0.1057916182108531,False,05543500
05532500,3,14787477,8,100.0,0.0,4.73,False,0,0.1057916182108531,False,05543500
05532500,3,14787487,9,100.0,0.0,6.323,False,0,0.1057916182108531,False,05543500
05532500,3,14787489,10,100.0,0.0,0.144,False,0,0.1057916182108531,False,05543500
05532500,3,14787493,11,100.0,0.0,0.042,False,0,0.1057916182108531,False,05543500
05532500,3,14787133,12,100.0,0.0,1.332,False,0,0.1057916182108531,False,05543500
05532500,3,14787135,13,100.0,0.0,0.032,False,0,0.1057916182108531,False,05543500
05532500,3,14787143,14,100.0,0.0,0.32,False,0,0.1057916182108531,False,05543500
05532500,3,14787151,15,100.0,0.0,0.271,False,0,0.1057916182108531,False,05543500
05532500,3,14787501,16,100.0,0.0,0.284,False,0,0.1057916182108531,False,05543500
05532500,3,14787617,17,100.0,0.0,0.23200000000000004,False,0,0.1057916182108531,False,05543500
05532500,3,14787619,18,100.0,0.0,0.057,False,0,0.1057916182108531,False,05543500
05532500,3,14787161,19,100.0,0.0,0.132,False,0,0.1057916182108531,False,05543500
05532500,3,14787623,20,100.0,0.0,0.092,False,0,0.1057916182108531,False,05543500
05532500,3,14787507,21,100.0,0.0,0.297,False,0,0.1057916182108531,False,05543500
05532500,3,14787513,22,100.0,0.0,0.062,False,0,0.1057916182108531,False,05543500
05532500,3,14787635,23,100.0,0.0,0.521,False,0,0.1057916182108531,False,05543500
05532500,3,14787633,24,100.0,0.0,0.185,False,0,0.1057916182108531,False,05543500
05532500,3,14787631,25,100.0,0.0,0.165,False,0,0.1057916182108531,False,05543500
05532500,3,14787525,26,100.0,0.0,0.787,False,0,0.1057916182108531,False,05543500
05532500,3,14787527,27,100.0,0.0,0.637,False,0,0.1057916182108531,False,05543500
05532500,3,14787531,28,100.0,0.0,0.054000000000000006,False,0,0.1057916182108531,False,05543500
05532500,3,14787539,29,100.0,0.0,0.514,False,0,0.1057916182108531,False,05543500
05532500,3,14787545,30,100.0,0.0,1.051,False,0,0.1057916182108531,False,05543500
05532500,3,14787555,31,100.0,0.0,2.032,False,0,0.1057916182108531,False,05543500
05532500,3,14787569,32,100.0,0.0,4.291,False,0,0.1057916182108531,False,05543500
05532500,3,14787573,33,100.0,0.0,0.012,False,0,0.1057916182108531,False,05543500
05532500,3,14787581,34,100.0,0.0,0.036,False,0,0.1057916182108531,False,05543500
05532500,3,14787639,35,100.0,0.0,0.087,False,0,0.1057916182108531,False,05543500
05532500,3,14787585,36,100.0,0.0,0.414,False,0,0.1057916182108531,False,05543500
05532500,3,14788089,37,100.0,0.0,4.652,False,0,0.1057916182108531,False,05543500
05532500,3,14788091,38,100.0,0.0,0.37799999999999995,False,0,0.1057916182108531,False,05543500
05532500,3,14788095,39,100.0,0.0,1.943,False,0,0.1057916182108531,False,05543500
05532500,3,14788099,40,100.0,0.0,0.304,False,0,0.1057916182108531,False,05543500
05532500,3,14788103,41,100.0,0.0,0.218,False,0,0.1057916182108531,False,05543500
05532500,3,14788105,42,100.0,0.0,1.3660000000000003,False,0,0.1057916182108531,False,05543500
05532500,3,14788145,43,100.0,0.0,0.33,False,0,0.1057916182108531,False,05543500
05532500,3,14788159,44,100.0,0.0,1.453,False,0,0.1057916182108531,False,05543500
05532500,3,14788127,45,100.0,0.0,4.156,False,0,0.1057916182108531,False,05543500
05532500,3,14788165,46,100.0,0.0,1.203,False,0,0.1057916182108531,False,05543500
05532500,3,14788133,47,100.0,0.0,0.145,False,0,0.1057916182108531,False,05543500
05532500,3,14788163,48,100.0,0.0,1.347,False,0,0.1057916182108531,False,05543500
05532500,3,14788137,49,100.0,0.0,0.586,False,0,0.1057916182108531,False,05543500
05532500,3,14790007,50,100.0,0.0,2.8079999999999994,False,0,0.1057916182108531,False,05543500
05532500,3,14788139,51,100.0,0.0,0.3,False,0,0.1057916182108531,False,05543500
05532500,3,14780096,52,100.0,0.0,1.115,False,0,0.1057916182108531,True,05543500
05532500,3,14780092,53,100.0,0.0,1.079,False,0,0.1057916182108531,True,05543500
05532500,3,14780100,54,100.0,0.0,5.284,False,0,0.1057916182108531,True,05543500
05532500,3,14780104,55,100.0,0.0,0.936,False,0,0.1057916182108531,True,05543500
05532500,3,14780112,56,100.0,0.0,6.672999999999999,False,0,0.1057916182108531,True,05543500
05532500,3,14780114,57,100.0,0.0,1.144,False,0,0.1057916182108531,True,05543500
05532500,3,14780118,58,100.0,0.0,1.3839999999999997,False,0,0.1057916182108531,True,05543500
05532500,3,14780302,59,100.0,0.0,1.231,False,0,0.1057916182108531,True,05543500
05532500,3,14780122,60,100.0,0.0,0.68,False,0,0.1057916182108531,True,05543500
05532500,3,14780304,61,100.0,0.0,0.95,False,0,0.1057916182108531,True,05543500
05532500,3,14780126,62,100.0,0.0,0.147,False,0,0.1057916182108531,True,05543500
05532500,3,14780134,63,100.0,0.0,2.27,False,0,0.1057916182108531,True,05543500
05532500,3,14780136,64,100.0,0.0,0.44800000000000006,False,0,0.1057916182108531,True,05543500
05532500,3,14780142,65,100.0,0.0,2.9530000000000003,False,0,0.1057916182108531,True,05543500
05532500,3,14780192,66,100.0,0.0,3.6,False,0,0.1057916182108531,True,05543500
05532500,3,14780208,67,100.0,0.0,0.617,False,0,0.1057916182108531,True,05543500
05532500,3,14780218,68,100.0,0.0,1.19,False,0,0.1057916182108531,True,05543500
05532500,3,14780220,69,100.0,0.0,0.034,False,0,0.1057916182108531,True,05543500
05532500,3,14780222,70,100.0,0.0,0.85,False,0,0.1057916182108531,True,05543500
05532500,3,14780226,71,100.0,0.0,1.383,False,0,0.1057916182108531,True,05543500
05532500,3,14780224,72,100.0,0.0,0.6510000000000001,False,0,0.1057916182108531,True,05543500
05532500,3,14780210,73,100.0,0.0,1.272,False,0,0.1057916182108531,True,05543500
05532500,3,14780200,74,100.0,0.0,1.022,False,0,0.1057916182108531,True,05543500
05532500,3,14780194,75,100.0,0.0,0.53,False,0,0.1057916182108531,True,05543500
05532500,3,14780204,76,100.0,0.0,1.113,False,0,0.1057916182108531,True,05543500
05532500,3,14780202,77,100.0,0.0,1.227,False,0,0.1057916182108531,True,05543500
05532500,3,14780314,78,100.0,0.0,1.082,False,0,0.1057916182108531,True,05543500
05532500,3,14780184,79,100.0,0.0,0.138,False,0,0.1057916182108531,True,05543500
05532500,3,14780186,80,100.0,0.0,0.7070000000000001,False,0,0.1057916182108531,True,05543500
05532500,3,14780342,81,100.0,0.0,0.107,False,0,0.1057916182108531,True,05543500
05532500,3,14780178,82,100.0,0.0,0.14,False,0,0.1057916182108531,True,05543500
05532500,3,14779428,83,100.0,0.0,0.872,False,0,0.1057916182108531,True,05543500
05532500,3,14780170,84,100.0,0.0,0.105,False,0,0.1057916182108531,True,05543500
05532500,3,14780172,85,100.0,35.6653,0.445839471,False,0,0.1057916182108531,True,05543500
05540500,4,14787279,0,9.0343,0.0,0.090975401,False,0,0.0527072755994174,False,05543500
05540500,4,14787297,1,100.0,0.0,2.487,False,0,0.0527072755994174,False,05543500
05540500,4,14787303,2,100.0,0.0,0.566,False,0,0.0527072755994174,False,05543500
05540500,4,14787323,3,100.0,0.0,0.392,False,0,0.0527072755994174,False,05543500
05540500,4,14787903,4,100.0,0.0,0.131,False,0,0.0527072755994174,False,05543500
05540500,4,14787931,5,100.0,0.0,5.418000000000001,False,0,0.0527072755994174,False,05543500
05540500,4,14787937,6,100.0,0.0,0.99,False,0,0.0527072755994174,False,05543500
05540500,4,14787969,7,100.0,0.0,2.59,False,0,0.0527072755994174,False,05543500
05540500,4,14787971,8,100.0,0.0,0.021,False,0,0.0527072755994174,False,05543500
05540500,4,14788123,9,100.0,0.0,2.563,True,14787847,0.0527072755994174,False,05543500
05540500,4,14788125,10,100.0,0.0,0.165,True,14787847,0.0527072755994174,False,05543500
05540500,4,14787991,11,100.0,0.0,0.887,False,0,0.0527072755994174,False,05543500
05540500,4,14790005,12,100.0,0.0,0.709,False,0,0.0527072755994174,False,05543500
05540500,4,14788129,13,100.0,0.0,0.38,False,0,0.0527072755994174,False,05543500
05540500,4,14788165,14,100.0,0.0,1.203,False,0,0.0527072755994174,False,05543500
05540500,4,14788133,15,100.0,0.0,0.145,False,0,0.0527072755994174,False,05543500
05540500,4,14788163,16,100.0,0.0,1.347,False,0,0.0527072755994174,False,05543500
05540500,4,14788137,17,100.0,0.0,0.586,False,0,0.0527072755994174,False,05543500
05540500,4,14790007,18,100.0,0.0,2.8079999999999994,False,0,0.0527072755994174,False,05543500
05540500,4,14788139,19,100.0,0.0,0.3,False,0,0.0527072755994174,False,05543500
05540500,4,14780096,20,100.0,0.0,1.115,False,0,0.0527072755994174,True,05543500
05540500,4,14780092,21,100.0,0.0,1.079,False,0,0.0527072755994174,True,05543500
05540500,4,14780100,22,100.0,0.0,5.284,False,0,0.0527072755994174,True,05543500
05540500,4,14780104,23,100.0,0.0,0.936,False,0,0.0527072755994174,True,05543500
05540500,4,14780112,24,100.0,0.0,6.672999999999999,False,0,0.0527072755994174,True,05543500
05540500,4,14780114,25,100.0,0.0,1.144,False,0,0.0527072755994174,True,05543500
05540500,4,14780118,26,100.0,0.0,1.3839999999999997,False,0,0.0527072755994174,True,05543500
05540500,4,14780302,27,100.0,0.0,1.231,False,0,0.0527072755994174,True,05543500
05540500,4,14780122,28,100.0,0.0,0.68,False,0,0.0527072755994174,True,05543500
05540500,4,14780304,29,100.0,0.0,0.95,False,0,0.0527072755994174,True,05543500
05540500,4,14780126,30,100.0,0.0,0.147,False,0,0.0527072755994174,True,05543500
05540500,4,14780134,31,100.0,0.0,2.27,False,0,0.0527072755994174,True,05543500
05540500,4,14780136,32,100.0,0.0,0.44800000000000006,False,0,0.0527072755994174,True,05543500
05540500,4,14780142,33,100.0,0.0,2.9530000000000003,False,0,0.0527072755994174,True,05543500
05540500,4,14780192,34,100.0,0.0,3.6,False,0,0.0527072755994174,True,05543500
05540500,4,14780208,35,100.0,0.0,0.617,False,0,0.0527072755994174,True,05543500
05540500,4,14780218,36,100.0,0.0,1.19,False,0,0.0527072755994174,True,05543500
05540500,4,14780220,37,100.0,0.0,0.034,False,0,0.0527072755994174,True,05543500
05540500,4,14780222,38,100.0,0.0,0.85,False,0,0.0527072755994174,True,05543500
05540500,4,14780226,39,100.0,0.0,1.383,False,0,0.0527072755994174,True,05543500
05540500,4,14780224,40,100.0,0.0,0.6510000000000001,False,0,0.0527072755994174,True,05543500
05540500,4,14780210,41,100.0,0.0,1.272,False,0,0.0527072755994174,True,05543500
05540500,4,14780200,42,100.0,0.0,1.022,False,0,0.0527072755994174,True,05543500
05540500,4,14780194,43,100.0,0.0,0.53,False,0,0.0527072755994174,True,05543500
05540500,4,14780204,44,100.0,0.0,1.113,False,0,0.0527072755994174,True,05543500
05540500,4,14780202,45,100.0,0.0,1.227,False,0,0.0527072755994174,True,05543500
05540500,4,14780314,46,100.0,0.0,1.082,False,0,0.0527072755994174,True,05543500
05540500,4,14780184,47,100.0,0.0,0.138,False,0,0.0527072755994174,True,05543500
05540500,4,14780186,48,100.0,0.0,0.7070000000000001,False,0,0.0527072755994174,True,05543500
05540500,4,14780342,49,100.0,0.0,0.107,False,0,0.0527072755994174,True,05543500
05540500,4,14780178,50,100.0,0.0,0.14,False,0,0.0527072755994174,True,05543500
05540500,4,14779428,51,100.0,0.0,0.872,False,0,0.0527072755994174,True,05543500
05540500,4,14780170,52,100.0,0.0,0.105,False,0,0.0527072755994174,True,05543500
05540500,4,14780172,53,100.0,35.6653,0.445839471,False,0,0.0527072755994174,True,05543500
05420500,0,14809371,0,44.288,0.0,1.02039552,False,0,0.6147585109482283,False,05587455
05420500,0,14804359,1,100.0,0.0,2.164,False,0,0.6147585109482283,False,05587455
05420500,0,14804371,2,100.0,0.0,4.64,False,0,0.6147585109482283,False,05587455
05420500,0,14804375,3,100.0,0.0,0.465,False,0,0.6147585109482283,False,05587455
05420500,0,14804377,4,100.0,0.0,0.06,False,0,0.6147585109482283,False,05587455
05420500,0,14804379,5,100.0,0.0,1.245,False,0,0.6147585109482283,False,05587455
05420500,0,14804387,6,100.0,0.0,4.386,False,0,0.6147585109482283,False,05587455
05420500,0,14804389,7,100.0,0.0,0.17,False,0,0.6147585109482283,False,05587455
05420500,0,14804395,8,100.0,0.0,1.225,False,0,0.6147585109482283,False,05587455
05420500,0,14804403,9,100.0,0.0,1.96,False,0,0.6147585109482283,False,05587455
05420500,0,14804405,10,100.0,0.0,0.144,False,0,0.6147585109482283,False,05587455
05420500,0,14804409,11,100.0,0.0,0.9179999999999999,False,0,0.6147585109482283,False,05587455
05420500,0,14804415,12,100.0,0.0,1.002,False,0,0.6147585109482283,False,05587455
05420500,0,14804419,13,100.0,0.0,0.679,False,0,0.6147585109482283,False,05587455
05420500,0,14804421,14,100.0,0.0,0.315,False,0,0.6147585109482283,False,05587455
05420500,0,14804427,15,100.0,0.0,0.163,False,0,0.6147585109482283,False,05587455
05420500,0,14804431,16,100.0,0.0,1.123,False,0,0.6147585109482283,False,05587455
05420500,0,14804433,17,100.0,0.0,0.457,False,0,0.6147585109482283,False,05587455
05420500,0,14804437,18,100.0,0.0,1.457,False,0,0.6147585109482283,False,05587455
05420500,0,14804443,19,100.0,0.0,0.925,False,0,0.6147585109482283,False,05587455
05420500,0,14804445,20,100.0,0.0,0.939,False,0,0.6147585109482283,False,05587455
05420500,0,14804451,21,100.0,0.0,2.413,False,0,0.6147585109482283,False,05587455
05420500,0,14804455,22,100.0,0.0,0.628,False,0,0.6147585109482283,False,05587455
05420500,0,14804459,23,100.0,0.0,0.217,False,0,0.6147585109482283,False,05587455
05420500,0,14804461,24,100.0,0.0,0.772,False,0,0.6147585109482283,False,05587455
05420500,0,14804465,25,100.0,0.0,0.579,False,0,0.6147585109482283,False,05587455
05420500,0,14804469,26,100.0,0.0,0.797,False,0,0.6147585109482283,False,05587455
05420500,0,14804473,27,100.0,0.0,0.885,False,0,0.6147585109482283,False,05587455
05420500,0,14804477,28,100.0,0.0,0.41,False,0,0.6147585109482283,False,05587455
05420500,0,14804481,29,100.0,0.0,1.645,False,0,0.6147585109482283,False,05587455
05420500,0,14804487,30,100.0,0.0,0.162,False,0,0.6147585109482283,False,05587455
05420500,0,14804489,31,100.0,0.0,1.096,False,0,0.6147585109482283,False,05587455
05420500,0,14804493,32,100.0,0.0,1.371,False,0,0.6147585109482283,False,05587455
05420500,0,14804497,33,100.0,0.0,2.983,False,0,0.6147585109482283,False,05587455
05420500,0,14804501,34,100.0,0.0,0.075,False,0,0.6147585109482283,False,05587455
05420500,0,14804505,35,100.0,0.0,1.328,False,0,0.6147585109482283,False,05587455
05420500,0,14804507,36,100.0,0.0,3.648,False,0,0.6147585109482283,False,05587455
05420500,0,14804519,37,100.0,0.0,2.906,False,0,0.6147585109482283,False,05587455
05420500,0,14804529,38,100.0,0.0,3.931,False,0,0.6147585109482283,False,05587455
05420500,0,14805869,39,100.0,0.0,1.262,False,0,0.6147585109482283,False,05587455
05420500,0,14805871,40,100.0,0.0,0.643,False,0,0.6147585109482283,False,05587455
05420500,0,14805075,41,100.0,0.0,1.103,False,0,0.6147585109482283,False,05587455
05420500,0,14806115,42,100.0,0.0,0.118,False,0,0.6147585109482283,False,05587455
05420500,0,10614116,43,100.0,0.0,0.804,False,0,0.6147585109482283,False,05587455
05420500,0,10609542,44,100.0,0.0,0.102,False,0,0.6147585109482283,False,05587455
05420500,0,10609458,45,100.0,0.0,0.317,False,0,0.6147585109482283,False,05587455
05420500,0,14805877,46,100.0,0.0,0.882,False,0,0.6147585109482283,False,05587455
05420500,0,14805881,47,100.0,0.0,1.379,False,0,0.6147585109482283,False,05587455
05420500,0,14805887,48,100.0,0.0,1.147,False,0,0.6147585109482283,False,05587455
05420500,0,14805889,49,100.0,0.0,0.294,False,0,0.6147585109482283,False,05587455
05420500,0,14805157,50,100.0,0.0,1.175,False,0,0.6147585109482283,False,05587455
05420500,0,14806121,51,100.0,0.0,0.023,False,0,0.6147585109482283,False,05587455
05420500,0,14805911,52,100.0,0.0,0.129,False,0,0.6147585109482283,False,05587455
05420500,0,14805915,53,100.0,0.0,0.57,False,0,0.6147585109482283,False,05587455
05420500,0,14806129,54,100.0,0.0,0.121,False,0,0.6147585109482283,False,05587455
05420500,0,14806169,55,100.0,0.0,0.106,False,0,0.6147585109482283,False,05587455
05420500,0,14806173,56,100.0,0.0,0.157,False,0,0.6147585109482283,False,05587455
05420500,0,14806175,57,100.0,0.0,0.05,False,0,0.6147585109482283,False,05587455
05420500,0,14805191,58,100.0,0.0,0.187,False,0,0.6147585109482283,False,05587455
05420500,0,14805199,59,100.0,0.0,0.695,False,0,0.6147585109482283,False,05587455
05420500,0,14805195,60,100.0,0.0,0.037,False,0,0.6147585109482283,False,05587455
05420500,0,14806183,61,100.0,0.0,0.16,False,0,0.6147585109482283,False,05587455
05420500,0,14806133,62,100.0,0.0,0.925,False,0,0.6147585109482283,False,05587455
05420500,0,14806119,63,100.0,0.0,0.226,False,0,0.6147585109482283,False,05587455
05420500,0,14805955,64,100.0,0.0,1.3259999999999998,False,0,0.6147585109482283,False,05587455
05420500,0,14806137,65,100.0,0.0,0.964,False,0,0.6147585109482283,False,05587455
05420500,0,14805965,66,100.0,0.0,0.412,False,0,0.6147585109482283,False,05587455
05420500,0,14806141,67,100.0,0.0,1.0,False,0,0.6147585109482283,False,05587455
05420500,0,14806145,68,100.0,0.0,1.4680000000000002,False,0,0.6147585109482283,False,05587455
05420500,0,14806197,69,100.0,0.0,0.599,False,0,0.6147585109482283,False,05587455
05420500,0,14806139,70,100.0,0.0,0.493,False,0,0.6147585109482283,False,05587455
05420500,0,14805977,71,100.0,0.0,0.592,False,0,0.6147585109482283,False,05587455
05420500,0,14805979,72,100.0,0.0,1.624,False,0,0.6147585109482283,False,05587455
05420500,0,14806285,73,100.0,0.0,1.092,False,0,0.6147585109482283,False,05587455
05420500,0,14806287,74,100.0,0.0,0.32800000000000007,False,0,0.6147585109482283,False,05587455
05420500,0,14805273,75,100.0,0.0,0.052000000000000005,False,0,0.6147585109482283,False,05587455
05420500,0,14805267,76,100.0,0.0,0.149,False,0,0.6147585109482283,False,05587455
05420500,0,14805259,77,100.0,0.0,0.09,False,0,0.6147585109482283,False,05587455
05420500,0,14805247,78,100.0,0.0,0.158,False,0,0.6147585109482283,False,05587455
05420500,0,14806209,79,100.0,0.0,0.103,False,0,0.6147585109482283,False,05587455
05420500,0,14806217,80,100.0,0.0,0.049,False,0,0.6147585109482283,False,05587455
05420500,0,14806219,81,100.0,0.0,0.128,False,0,0.6147585109482283,False,05587455
05420500,0,14806221,82,100.0,0.0,0.366,False,0,0.6147585109482283,False,05587455
05420500,0,14806227,83,100.0,0.0,1.093,False,0,0.6147585109482283,False,05587455
05420500,0,14806223,84,100.0,0.0,0.4040000000000001,False,0,0.6147585109482283,False,05587455
05420500,0,14806225,85,100.0,0.0,0.828,False,0,0.6147585109482283,False,05587455
05420500,0,14806233,86,100.0,0.0,0.944,False,0,0.6147585109482283,False,05587455
05420500,0,14805969,87,100.0,0.0,0.786,False,0,0.6147585109482283,False,05587455
05420500,0,14806265,88,100.0,0.0,0.791,False,0,0.6147585109482283,False,05587455
05420500,0,14806309,89,100.0,0.0,0.347,False,0,0.6147585109482283,False,05587455
05420500,0,14806311,90,100.0,0.0,0.363,False,0,0.6147585109482283,False,05587455
05420500,0,14805325,91,100.0,0.0,0.332,False,0,0.6147585109482283,False,05587455
05420500,0,14806313,92,100.0,0.0,0.212,False,0,0.6147585109482283,False,05587455
05420500,0,14806339,93,100.0,0.0,0.182,False,0,0.6147585109482283,False,05587455
05420500,0,14806395,94,100.0,0.0,0.558,False,0,0.6147585109482283,False,05587455
05420500,0,14806399,95,100.0,0.0,0.158,False,0,0.6147585109482283,False,05587455
05420500,0,14806403,96,100.0,0.0,0.055,False,0,0.6147585109482283,False,05587455
05420500,0,14806407,97,100.0,0.0,0.132,False,0,0.6147585109482283,False,05587455
05420500,0,14806393,98,100.0,0.0,0.513,False,0,0.6147585109482283,False,05587455
05420500,0,14806415,99,100.0,0.0,0.4,False,0,0.6147585109482283,False,05587455
05420500,0,14805393,100,100.0,0.0,0.212,False,0,0.6147585109482283,False,05587455
05420500,0,14806423,101,100.0,0.0,0.08,False,0,0.6147585109482283,False,05587455
05420500,0,14806421,102,100.0,0.0,0.099,False,0,0.6147585109482283,False,05587455
05420500,0,14806039,103,100.0,0.0,0.535,False,0,0.6147585109482283,False,05587455
05420500,0,14806041,104,100.0,0.0,0.321,False,0,0.6147585109482283,False,05587455
05420500,0,14806035,105,100.0,0.0,0.627,False,0,0.6147585109482283,False,05587455
05420500,0,14806149,106,100.0,0.0,0.201,False,0,0.6147585109482283,False,05587455
05420500,0,14806155,107,100.0,0.0,0.567,False,0,0.6147585109482283,False,05587455
05420500,0,14806153,108,100.0,0.0,0.486,False,0,0.6147585109482283,False,05587455
05420500,0,14806363,109,100.0,0.0,2.035,False,0,0.6147585109482283,False,05587455
05420500,0,14806353,110,100.0,0.0,0.084,False,0,0.6147585109482283,False,05587455
05420500,0,14806355,111,100.0,0.0,0.549,False,0,0.6147585109482283,False,05587455
05420500,0,14806151,112,100.0,0.0,1.061,False,0,0.6147585109482283,False,05587455
05420500,0,14806007,113,100.0,0.0,0.272,False,0,0.6147585109482283,False,05587455
05420500,0,14806341,114,100.0,0.0,0.557,False,0,0.6147585109482283,False,05587455
05420500,0,14806333,115,100.0,0.0,0.309,False,0,0.6147585109482283,False,05587455
05420500,0,14806335,116,100.0,0.0,0.133,False,0,0.6147585109482283,False,05587455
05420500,0,14805341,117,100.0,0.0,0.661,False,0,0.6147585109482283,False,05587455
05420500,0,14806337,118,100.0,0.0,0.171,False,0,0.6147585109482283,False,05587455
05420500,0,14806385,119,100.0,0.0,0.7019999999999998,False,0,0.6147585109482283,False,05587455
05420500,0,14806019,120,100.0,0.0,0.31,False,0,0.6147585109482283,False,05587455
05420500,0,14807029,121,100.0,0.0,1.013,False,0,0.6147585109482283,False,05587455
05420500,0,14807031,122,100.0,0.0,0.024,False,0,0.6147585109482283,False,05587455
05420500,0,14807037,123,100.0,0.0,0.361,False,0,0.6147585109482283,False,05587455
05420500,0,14807039,124,100.0,0.0,2.154,False,0,0.6147585109482283,False,05587455
05420500,0,14807223,125,100.0,0.0,8.949,False,0,0.6147585109482283,False,05587455
05420500,0,14807221,126,100.0,0.0,0.458,False,0,0.6147585109482283,False,05587455
05420500,0,14806785,127,100.0,0.0,1.624,False,0,0.6147585109482283,False,05587455
05420500,0,14807227,128,100.0,0.0,0.548,False,0,0.6147585109482283,False,05587455
05420500,0,14807047,129,100.0,0.0,2.24,False,0,0.6147585109482283,False,05587455
05420500,0,14807059,130,100.0,0.0,1.556,False,0,0.6147585109482283,False,05587455
05420500,0,14807193,131,100.0,0.0,0.693,False,0,0.6147585109482283,False,05587455
05420500,0,14807191,132,100.0,0.0,1.342,False,0,0.6147585109482283,False,05587455
05420500,0,14807051,133,100.0,0.0,0.521,False,0,0.6147585109482283,False,05587455
05420500,0,14807189,134,100.0,0.0,0.12,False,0,0.6147585109482283,False,05587455
05420500,0,14807229,135,100.0,0.0,0.45,False,0,0.6147585109482283,False,05587455
05420500,0,14807057,136,100.0,0.0,0.319,False,0,0.6147585109482283,False,05587455
05420500,0,14807069,137,100.0,0.0,2.633,False,0,0.6147585109482283,False,05587455
05420500,0,14807077,138,100.0,0.0,0.981,False,0,0.6147585109482283,False,05587455
05420500,0,14807081,139,100.0,0.0,1.926,False,0,0.6147585109482283,False,05587455
05420500,0,14807089,140,100.0,0.0,0.998,False,0,0.6147585109482283,False,05587455
05420500,0,14807211,141,100.0,0.0,3.142,False,0,0.6147585109482283,False,05587455
05420500,0,14807107,142,100.0,0.0,2.243,False,0,0.6147585109482283,False,05587455
05420500,0,14807135,143,100.0,0.0,3.484,False,0,0.6147585109482283,False,05587455
05420500,0,14807141,144,100.0,0.0,0.7659999999999999,False,0,0.6147585109482283,False,05587455
05420500,0,14807143,145,100.0,0.0,0.489,False,0,0.6147585109482283,False,05587455
05420500,0,14807137,146,100.0,0.0,0.812,False,0,0.6147585109482283,False,05587455
05420500,0,14807129,147,100.0,0.0,0.49700000000000005,False,0,0.6147585109482283,False,05587455
05420500,0,14807133,148,100.0,0.0,0.569,False,0,0.6147585109482283,False,05587455
05420500,0,6961961,149,100.0,0.0,0.248,False,0,0.6147585109482283,False,05587455
05420500,0,6961203,150,100.0,0.0,0.098,False,0,0.6147585109482283,False,05587455
05420500,0,6961133,151,100.0,0.0,2.411,False,0,0.6147585109482283,False,05587455
05420500,0,6961205,152,100.0,0.0,0.521,False,0,0.6147585109482283,False,05587455
05420500,0,6961207,153,100.0,0.0,0.732,False,0,0.6147585109482283,False,05587455
05420500,0,6961215,154,100.0,0.0,2.388,False,0,0.6147585109482283,False,05587455
05420500,0,6971545,155,100.0,0.0,0.269,False,0,0.6147585109482283,False,05587455
05420500,0,6961213,156,100.0,0.0,0.086,False,0,0.6147585109482283,False,05587455
05420500,0,6961135,157,100.0,0.0,0.222,False,0,0.6147585109482283,False,05587455
05420500,0,6961141,158,100.0,0.0,1.195,False,0,0.6147585109482283,False,05587455
05420500,0,6961147,159,100.0,0.0,1.301,False,0,0.6147585109482283,False,05587455
05420500,0,6961247,160,100.0,0.0,0.573,False,0,0.6147585109482283,False,05587455
05420500,0,6961245,161,100.0,0.0,1.607,False,0,0.6147585109482283,False,05587455
05420500,0,6961243,162,100.0,0.0,0.608,False,0,0.6147585109482283,False,05587455
05420500,0,6961151,163,100.0,0.0,0.586,False,0,0.6147585109482283,False,05587455
05420500,0,6961263,164,100.0,0.0,0.331,False,0,0.6147585109482283,False,05587455
05420500,0,6971551,165,100.0,0.0,4.837,False,0,0.6147585109482283,False,05587455
05420500,0,6961317,166,100.0,0.0,1.253,False,0,0.6147585109482283,False,05587455
05420500,0,6961179,167,100.0,0.0,0.559,False,0,0.6147585109482283,False,05587455
05420500,0,6961187,168,100.0,0.0,0.907,False,0,0.6147585109482283,False,05587455
05420500,0,6971543,169,100.0,0.0,0.21899999999999997,False,0,0.6147585109482283,False,05587455
05420500,0,6961193,170,100.0,0.0,1.014,False,0,0.6147585109482283,False,05587455
05420500,0,6963489,171,100.0,0.0,0.3459999999999999,False,0,0.6147585109482283,False,05587455
05420500,0,6971535,172,100.0,0.0,1.388,False,0,0.6147585109482283,False,05587455
05420500,0,6963493,173,100.0,0.0,2.915,False,0,0.6147585109482283,False,05587455
05420500,0,6963495,174,100.0,0.0,1.191,False,0,0.6147585109482283,False,05587455
05420500,0,6963505,175,100.0,0.0,7.047999999999999,False,0,0.6147585109482283,False,05587455
05420500,0,6965737,176,100.0,0.0,0.502,False,0,0.6147585109482283,False,05587455
05420500,0,6965739,177,100.0,0.0,3.16,False,0,0.6147585109482283,False,05587455
05420500,0,6965741,178,100.0,0.0,0.513,False,0,0.6147585109482283,False,05587455
05420500,0,6966029,179,100.0,0.0,0.051,False,0,0.6147585109482283,False,05587455
05420500,0,6965745,180,100.0,0.0,0.577,False,0,0.6147585109482283,False,05587455
05420500,0,6971437,181,100.0,0.0,0.21600000000000003,False,0,0.6147585109482283,False,05587455
05420500,0,6966377,182,100.0,0.0,3.245,False,0,0.6147585109482283,False,05587455
05420500,0,6966331,183,100.0,0.0,3.6429999999999993,False,0,0.6147585109482283,False,05587455
05420500,0,6966329,184,100.0,0.0,0.7829999999999999,False,0,0.6147585109482283,False,05587455
05420500,0,6966327,185,100.0,0.0,1.098,False,0,0.6147585109482283,False,05587455
05420500,0,6966325,186,100.0,0.0,0.7559999999999999,False,0,0.6147585109482283,False,05587455
05420500,0,6966427,187,100.0,0.0,3.092,False,0,0.6147585109482283,False,05587455
05420500,0,6966321,188,100.0,0.0,2.562,False,0,0.6147585109482283,False,05587455
05420500,0,6966319,189,100.0,0.0,0.9940000000000001,False,0,0.6147585109482283,False,05587455
05420500,0,6966249,190,100.0,0.0,0.956,False,0,0.6147585109482283,False,05587455
05420500,0,6966247,191,100.0,0.0,0.985,False,0,0.6147585109482283,False,05587455
05420500,0,6966231,192,100.0,0.0,0.187,False,0,0.6147585109482283,False,05587455
05420500,0,6964795,193,100.0,0.0,0.207,False,0,0.6147585109482283,False,05587455
05420500,0,6966233,194,100.0,0.0,0.226,False,0,0.6147585109482283,False,05587455
05420500,0,6965797,195,100.0,0.0,1.255,False,0,0.6147585109482283,False,05587455
05420500,0,6966253,196,100.0,0.0,1.214,False,0,0.6147585109482283,False,05587455
05420500,0,6966251,197,100.0,0.0,0.291,False,0,0.6147585109482283,False,05587455
05420500,0,6966209,198,100.0,0.0,0.327,False,0,0.6147585109482283,False,05587455
05420500,0,6966185,199,100.0,0.0,0.37,False,0,0.6147585109482283,False,05587455
05420500,0,6966183,200,100.0,0.0,0.187,False,0,0.6147585109482283,False,05587455
05420500,0,6966119,201,100.0,0.0,0.331,False,0,0.6147585109482283,False,05587455
05420500,0,6966097,202,100.0,0.0,0.293,False,0,0.6147585109482283,False,05587455
05420500,0,6964947,203,100.0,0.0,0.098,False,0,0.6147585109482283,False,05587455
05420500,0,6964967,204,100.0,0.0,0.405,False,0,0.6147585109482283,False,05587455
05420500,0,6966099,205,100.0,0.0,0.206,False,0,0.6147585109482283,False,05587455
05420500,0,6966115,206,100.0,0.0,1.05,False,0,0.6147585109482283,False,05587455
05420500,0,6966087,207,100.0,0.0,0.233,False,0,0.6147585109482283,False,05587455
05420500,0,6965005,208,100.0,0.0,0.20800000000000002,False,0,0.6147585109482283,False,05587455
05420500,0,6966085,209,100.0,0.0,0.273,False,0,0.6147585109482283,False,05587455
05420500,0,6965839,210,100.0,0.0,0.235,False,0,0.6147585109482283,False,05587455
05420500,0,6965841,211,100.0,0.0,0.047,False,0,0.6147585109482283,False,05587455
05420500,0,6966089,212,100.0,0.0,0.10800000000000001,False,0,0.6147585109482283,False,05587455
05420500,0,6966081,213,100.0,0.0,0.22,False,0,0.6147585109482283,False,05587455
05420500,0,6965033,214,100.0,0.0,0.385,False,0,0.6147585109482283,False,05587455
05420500,0,6966083,215,100.0,0.0,0.158,False,0,0.6147585109482283,False,05587455
05420500,0,6966093,216,100.0,0.0,1.318,False,0,0.6147585109482283,False,05587455
05420500,0,6965845,217,100.0,0.0,0.047,False,0,0.6147585109482283,False,05587455
05420500,0,6965847,218,100.0,0.0,0.704,False,0,0.6147585109482283,False,05587455
05420500,0,6965849,219,100.0,0.0,0.144,False,0,0.6147585109482283,False,05587455
05420500,0,6971523,220,100.0,0.0,2.156,False,0,0.6147585109482283,False,05587455
05420500,0,6965859,221,100.0,0.0,2.47,False,0,0.6147585109482283,False,05587455
05420500,0,6965865,222,100.0,0.0,1.839,False,0,0.6147585109482283,False,05587455
05420500,0,6971469,223,100.0,0.0,0.268,False,0,0.6147585109482283,False,05587455
05420500,0,937080103,224,100.0,0.0,1.236,False,0,0.6147585109482283,False,05587455
05420500,0,937080102,225,100.0,0.0,1.608,False,0,0.6147585109482283,False,05587455
05420500,0,6965873,226,100.0,0.0,2.957,False,0,0.6147585109482283,False,05587455
05420500,0,6965877,227,100.0,0.0,1.325,False,0,0.6147585109482283,False,05587455
05420500,0,6965881,228,100.0,0.0,0.606,False,0,0.6147585109482283,False,05587455
05420500,0,6965891,229,100.0,0.0,1.771,False,0,0.6147585109482283,False,05587455
05420500,0,6965895,230,100.0,0.0,0.7340000000000001,False,0,0.6147585109482283,False,05587455
05420500,0,6965897,231,100.0,0.0,0.262,False,0,0.6147585109482283,False,05587455
05420500,0,6965905,232,100.0,0.0,0.878,False,0,0.6147585109482283,False,05587455
05420500,0,6965907,233,100.0,0.0,0.162,False,0,0.6147585109482283,False,05587455
05420500,0,6971527,234,100.0,0.0,0.385,False,0,0.6147585109482283,False,05587455
05420500,0,6965915,235,100.0,0.0,0.7189999999999999,False,0,0.6147585109482283,False,05587455
05420500,0,6965919,236,100.0,0.0,1.795,False,0,0.6147585109482283,False,05587455
05420500,0,6966053,237,100.0,0.0,2.576,False,0,0.6147585109482283,False,05587455
05420500,0,6965923,238,100.0,0.0,0.981,False,0,0.6147585109482283,False,05587455
05420500,0,6965929,239,100.0,0.0,0.37200000000000005,False,0,0.6147585109482283,False,05587455
05420500,0,6966075,240,100.0,0.0,0.298,False,0,0.6147585109482283,False,05587455
05420500,0,6966073,241,100.0,0.0,0.59,False,0,0.6147585109482283,False,05587455
05420500,0,6966071,242,100.0,0.0,0.183,False,0,0.6147585109482283,False,05587455
05420500,0,6966069,243,100.0,0.0,0.306,False,0,0.6147585109482283,False,05587455
05420500,0,6966067,244,100.0,0.0,0.23799999999999996,False,0,0.6147585109482283,False,05587455
05420500,0,6966065,245,100.0,0.0,0.647,False,0,0.6147585109482283,False,05587455
05420500,0,6965931,246,100.0,0.0,0.583,False,0,0.6147585109482283,False,05587455
05420500,0,6965941,247,100.0,0.0,0.41600000000000004,False,0,0.6147585109482283,False,05587455
05420500,0,6965947,248,100.0,0.0,0.915,False,0,0.6147585109482283,False,05587455
05420500,0,6965949,249,100.0,0.0,2.558,False,0,0.6147585109482283,False,05587455
05420500,0,6965957,250,100.0,0.0,0.852,False,0,0.6147585109482283,False,05587455
05420500,0,6965969,251,100.0,0.0,2.77,False,0,0.6147585109482283,False,05587455
05420500,0,6965977,252,100.0,0.0,1.342,False,0,0.6147585109482283,False,05587455
05420500,0,6965981,253,100.0,0.0,0.885,False,0,0.6147585109482283,False,05587455
05420500,0,6965983,254,100.0,0.0,0.18099999999999997,False,0,0.6147585109482283,False,05587455
05420500,0,6966803,255,100.0,0.0,0.449,False,0,0.6147585109482283,False,05587455
05420500,0,6966809,256,100.0,0.0,0.587,False,0,0.6147585109482283,False,05587455
05420500,0,6966811,257,100.0,0.0,2.391,False,0,0.6147585109482283,False,05587455
05420500,0,6966823,258,100.0,0.0,0.9469999999999998,False,0,0.6147585109482283,False,05587455
05420500,0,6966827,259,100.0,0.0,0.9570000000000001,False,0,0.6147585109482283,False,05587455
05420500,0,6966835,260,100.0,0.0,0.804,False,0,0.6147585109482283,False,05587455
05420500,0,6966845,261,100.0,0.0,2.31,False,0,0.6147585109482283,False,05587455
05420500,0,6966851,262,100.0,0.0,0.903,False,0,0.6147585109482283,False,05587455
05420500,0,6966855,263,100.0,0.0,2.322,False,0,0.6147585109482283,False,05587455
05420500,0,6966857,264,100.0,0.0,0.21600000000000003,False,0,0.6147585109482283,False,05587455
05420500,0,6966859,265,100.0,0.0,0.434,False,0,0.6147585109482283,False,05587455
05420500,0,6966863,266,100.0,0.0,1.388,False,0,0.6147585109482283,False,05587455
05420500,0,6966867,267,100.0,0.0,0.548,False,0,0.6147585109482283,False,05587455
05420500,0,6966877,268,100.0,0.0,0.527,False,0,0.6147585109482283,False,05587455
05420500,0,6966705,269,100.0,0.0,0.199,False,0,0.6147585109482283,False,05587455
05420500,0,6966879,270,100.0,0.0,0.493,False,0,0.6147585109482283,False,05587455
05420500,0,6966873,271,100.0,0.0,0.402,False,0,0.6147585109482283,False,05587455
05420500,0,6966875,272,100.0,0.0,0.11,False,0,0.6147585109482283,False,05587455
05420500,0,6966881,273,100.0,0.0,1.067,False,0,0.6147585109482283,False,05587455
05420500,0,6966883,274,100.0,0.0,1.047,False,0,0.6147585109482283,False,05587455
05420500,0,5802988,275,100.0,0.0,1.101,False,0,0.6147585109482283,False,05587455
05420500,0,5803256,276,100.0,0.0,0.562,False,0,0.6147585109482283,False,05587455
05420500,0,5802992,277,100.0,0.0,0.38299999999999995,False,0,0.6147585109482283,False,05587455
05420500,0,5802996,278,100.0,0.0,0.787,False,0,0.6147585109482283,False,05587455
05420500,0,5803002,279,100.0,0.0,0.868,False,0,0.6147585109482283,False,05587455
05420500,0,5803006,280,100.0,0.0,1.757,False,0,0.6147585109482283,False,05587455
05420500,0,5803012,281,100.0,0.0,0.501,False,0,0.6147585109482283,False,05587455
05420500,0,5803014,282,100.0,0.0,6.843,False,0,0.6147585109482283,False,05587455
05420500,0,5803288,283,100.0,0.0,3.0439999999999996,False,0,0.6147585109482283,False,05587455
05420500,0,5803272,284,100.0,0.0,2.9760000000000004,False,0,0.6147585109482283,False,05587455
05420500,0,5803282,285,100.0,0.0,0.327,False,0,0.6147585109482283,False,05587455
05420500,0,5803280,286,100.0,0.0,0.148,False,0,0.6147585109482283,False,05587455
05420500,0,5803296,287,100.0,0.0,0.355,False,0,0.6147585109482283,False,05587455
05420500,0,5801836,288,100.0,0.0,0.143,False,0,0.6147585109482283,False,05587455
05420500,0,5803294,289,100.0,0.0,0.347,False,0,0.6147585109482283,False,05587455
05420500,0,5803276,290,100.0,0.0,0.068,False,0,0.6147585109482283,False,05587455
05420500,0,5803326,291,100.0,0.0,1.153,False,0,0.6147585109482283,False,05587455
05420500,0,5803324,292,100.0,0.0,0.531,False,0,0.6147585109482283,False,05587455
05420500,0,5803318,293,100.0,0.0,0.386,False,0,0.6147585109482283,False,05587455
05420500,0,5803310,294,100.0,0.0,0.867,False,0,0.6147585109482283,False,05587455
05420500,0,5803308,295,100.0,0.0,0.18600000000000003,False,0,0.6147585109482283,False,05587455
05420500,0,5803312,296,100.0,0.0,0.691,False,0,0.6147585109482283,False,05587455
05420500,0,5803056,297,100.0,0.0,0.579,False,0,0.6147585109482283,False,05587455
05420500,0,5803344,298,100.0,0.0,3.048,False,0,0.6147585109482283,False,05587455
05420500,0,5803072,299,100.0,0.0,0.44800000000000006,False,0,0.6147585109482283,False,05587455
05420500,0,5803080,300,100.0,0.0,1.9069999999999998,False,0,0.6147585109482283,False,05587455
05420500,0,5803084,301,100.0,0.0,0.144,False,0,0.6147585109482283,False,05587455
05420500,0,5803082,302,100.0,0.0,0.4040000000000001,False,0,0.6147585109482283,False,05587455
05420500,0,5802216,303,100.0,0.0,0.519,False,0,0.6147585109482283,False,05587455
05420500,0,5803090,304,100.0,0.0,0.368,False,0,0.6147585109482283,False,05587455
05420500,0,5803092,305,100.0,0.0,0.361,False,0,0.6147585109482283,False,05587455
05420500,0,5803094,306,100.0,0.0,0.321,False,0,0.6147585109482283,False,05587455
05420500,0,5803098,307,100.0,0.0,0.55,False,0,0.6147585109482283,False,05587455
05420500,0,5803446,308,100.0,0.0,2.912,False,0,0.6147585109482283,False,05587455
05420500,0,5803444,309,100.0,0.0,1.864,False,0,0.6147585109482283,False,05587455
05420500,0,5803442,310,100.0,0.0,1.307,False,0,0.6147585109482283,False,05587455
05420500,0,5803440,311,100.0,0.0,0.154,False,0,0.6147585109482283,False,05587455
05420500,0,5803432,312,100.0,0.0,0.09700000000000002,False,0,0.6147585109482283,False,05587455
05420500,0,5803430,313,100.0,0.0,0.866,False,0,0.6147585109482283,False,05587455
05420500,0,5803398,314,100.0,0.0,2.7709999999999995,False,0,0.6147585109482283,False,05587455
05420500,0,5803388,315,100.0,0.0,1.6870000000000003,False,0,0.6147585109482283,False,05587455
05420500,0,5803366,316,100.0,0.0,1.791,False,0,0.6147585109482283,False,05587455
05420500,0,5803372,317,100.0,0.0,0.43,False,0,0.6147585109482283,False,05587455
05420500,0,5803362,318,100.0,0.0,2.121,False,0,0.6147585109482283,False,05587455
05420500,0,5803150,319,100.0,0.0,0.904,False,0,0.6147585109482283,False,05587455
05420500,0,5803948,320,100.0,0.0,0.26,False,0,0.6147585109482283,False,05587455
05420500,0,5803950,321,100.0,0.0,0.633,False,0,0.6147585109482283,False,05587455
05420500,0,5803910,322,100.0,0.0,1.694,False,0,0.6147585109482283,False,05587455
05420500,0,5803914,323,100.0,0.0,0.613,False,0,0.6147585109482283,False,05587455
05420500,0,5803916,324,100.0,0.0,0.6629999999999999,False,0,0.6147585109482283,False,05587455
05420500,0,5803766,325,100.0,0.0,0.7,False,0,0.6147585109482283,False,05587455
05420500,0,5803764,326,100.0,0.0,0.274,False,0,0.6147585109482283,False,05587455
05420500,0,5803920,327,100.0,0.0,0.558,False,0,0.6147585109482283,False,05587455
05420500,0,5803922,328,100.0,0.0,0.576,False,0,0.6147585109482283,False,05587455
05420500,0,5803924,329,100.0,0.0,0.527,False,0,0.6147585109482283,False,05587455
05420500,0,5803772,330,100.0,0.0,0.7019999999999998,False,0,0.6147585109482283,False,05587455
05420500,0,5803928,331,100.0,0.0,0.521,False,0,0.6147585109482283,False,05587455
05420500,0,5803964,332,100.0,0.0,0.875,False,0,0.6147585109482283,False,05587455
05420500,0,5803972,333,100.0,0.0,1.67,False,0,0.6147585109482283,False,05587455
05420500,0,5803970,334,100.0,0.0,0.16400000000000003,False,0,0.6147585109482283,False,05587455
05420500,0,5803968,335,100.0,0.0,0.439,False,0,0.6147585109482283,False,05587455
05420500,0,5803966,336,100.0,0.0,2.471,False,0,0.6147585109482283,False,05587455
05420500,0,5803934,337,100.0,0.0,2.477,False,0,0.6147585109482283,False,05587455
05420500,0,5803938,338,100.0,0.0,0.613,False,0,0.6147585109482283,False,05587455
05420500,0,5803958,339,100.0,0.0,1.767,False,0,0.6147585109482283,False,05587455
05420500,0,5803960,340,100.0,0.0,1.345,False,0,0.6147585109482283,False,05587455
05420500,0,2927803,341,100.0,0.0,0.762,False,0,0.6147585109482283,False,05587455
05420500,0,937110078,342,100.0,0.0,2.278,False,0,0.6147585109482283,False,05587455
05420500,0,937110079,343,100.0,0.0,1.148,False,0,0.6147585109482283,False,05587455
05420500,0,2927419,344,100.0,0.0,0.49200000000000005,False,0,0.6147585109482283,False,05587455
05420500,0,2927423,345,100.0,0.0,0.291,False,0,0.6147585109482283,False,05587455
05420500,0,2927793,346,100.0,0.0,0.10100000000000002,False,0,0.6147585109482283,False,05587455
05420500,0,2927791,347,100.0,0.0,2.6519999999999997,False,0,0.6147585109482283,False,05587455
05420500,0,2927789,348,100.0,0.0,0.183,False,0,0.6147585109482283,False,05587455
05420500,0,2927785,349,100.0,0.0,0.8590000000000001,False,0,0.6147585109482283,False,05587455
05420500,0,2927437,350,100.0,0.0,0.48,False,0,0.6147585109482283,False,05587455
05420500,0,2927765,351,100.0,0.0,0.9890000000000001,False,0,0.6147585109482283,False,05587455
05420500,0,2927771,352,100.0,0.0,1.3839999999999997,False,0,0.6147585109482283,False,05587455
05420500,0,2927773,353,100.0,0.0,0.038,False,0,0.6147585109482283,False,05587455
05420500,0,2927215,354,100.0,0.0,0.417,False,0,0.6147585109482283,False,05587455
05420500,0,2927767,355,100.0,0.0,0.42,False,0,0.6147585109482283,False,05587455
05420500,0,2927761,356,100.0,0.0,1.601,False,0,0.6147585109482283,False,05587455
05420500,0,2927447,357,100.0,0.0,0.344,False,0,0.6147585109482283,False,05587455
05420500,0,2927455,358,100.0,0.0,0.505,False,0,0.6147585109482283,False,05587455
05420500,0,2927469,359,100.0,0.0,1.304,False,0,0.6147585109482283,False,05587455
05420500,0,2927473,360,100.0,0.0,1.749,False,0,0.6147585109482283,False,05587455
05420500,0,2938415,361,100.0,0.0,2.244,False,0,0.6147585109482283,False,05587455
05420500,0,2938535,362,100.0,0.0,0.868,False,0,0.6147585109482283,False,05587455
05420500,0,2927749,363,100.0,0.0,2.225,False,0,0.6147585109482283,False,05587455
05420500,0,2927513,364,100.0,0.0,0.618,False,0,0.6147585109482283,False,05587455
05420500,0,2927525,365,100.0,0.0,3.034,False,0,0.6147585109482283,False,05587455
05420500,0,2927529,366,100.0,0.0,2.253,False,0,0.6147585109482283,False,05587455
05420500,0,2927531,367,100.0,0.0,0.286,False,0,0.6147585109482283,False,05587455
05420500,0,2927535,368,100.0,0.0,3.273,False,0,0.6147585109482283,False,05587455
05420500,0,2927537,369,100.0,0.0,0.196,False,0,0.6147585109482283,False,05587455
05420500,0,2927547,370,100.0,0.0,3.471,False,0,0.6147585109482283,False,05587455
05420500,0,2927551,371,100.0,0.0,0.151,False,0,0.6147585109482283,False,05587455
05420500,0,2927555,372,100.0,0.0,1.445,False,0,0.6147585109482283,False,05587455
05420500,0,2927561,373,100.0,0.0,1.081,False,0,0.6147585109482283,False,05587455
05420500,0,2927567,374,100.0,0.0,1.4039999999999997,False,0,0.6147585109482283,False,05587455
05420500,0,2927571,375,100.0,0.0,0.501,False,0,0.6147585109482283,False,05587455
05420500,0,2927581,376,100.0,0.0,3.0069999999999997,False,0,0.6147585109482283,False,05587455
05420500,0,2927589,377,100.0,0.0,2.274,False,0,0.6147585109482283,False,05587455
05420500,0,2927727,378,100.0,0.0,0.321,False,0,0.6147585109482283,False,05587455
05420500,0,2927731,379,100.0,0.0,0.37,False,0,0.6147585109482283,False,05587455
05420500,0,2926955,380,100.0,0.0,2.187,False,0,0.6147585109482283,False,05587455
05420500,0,2927729,381,100.0,0.0,0.265,False,0,0.6147585109482283,False,05587455
05420500,0,2927711,382,100.0,0.0,0.266,False,0,0.6147585109482283,False,05587455
05420500,0,2927597,383,100.0,0.0,1.179,False,0,0.6147585109482283,False,05587455
05420500,0,2927699,384,100.0,0.0,0.688,False,0,0.6147585109482283,False,05587455
05420500,0,2927717,385,100.0,0.0,0.795,False,0,0.6147585109482283,False,05587455
05420500,0,2927715,386,100.0,0.0,0.303,False,0,0.6147585109482283,False,05587455
05420500,0,2927709,387,100.0,0.0,2.9760000000000004,False,0,0.6147585109482283,False,05587455
05420500,0,2927687,388,100.0,0.0,1.631,False,0,0.6147585109482283,False,05587455
05420500,0,2927671,389,100.0,0.0,0.623,False,0,0.6147585109482283,False,05587455
05420500,0,2927683,390,100.0,0.0,1.203,False,0,0.6147585109482283,False,05587455
05420500,0,2927607,391,100.0,0.0,0.528,False,0,0.6147585109482283,False,05587455
05420500,0,2927653,392,100.0,0.0,0.948,False,0,0.6147585109482283,False,05587455
05420500,0,2927647,393,100.0,0.0,1.784,False,0,0.6147585109482283,False,05587455
05420500,0,2927665,394,100.0,0.0,0.48,False,0,0.6147585109482283,False,05587455
05420500,0,2927661,395,100.0,0.0,0.22400000000000003,False,0,0.6147585109482283,False,05587455
05420500,0,2927659,396,100.0,0.0,0.039,False,0,0.6147585109482283,False,05587455
05420500,0,2927111,397,100.0,0.0,0.718,False,0,0.6147585109482283,False,05587455
05420500,0,2927649,398,100.0,0.0,0.251,False,0,0.6147585109482283,False,05587455
05420500,0,2927617,399,100.0,0.0,0.28,False,0,0.6147585109482283,False,05587455
05420500,0,2932157,400,100.0,0.0,0.878,False,0,0.6147585109482283,False,05587455
05420500,0,2932159,401,100.0,0.0,0.889,False,0,0.6147585109482283,False,05587455
05420500,0,2932235,402,100.0,0.0,0.7509999999999999,False,0,0.6147585109482283,False,05587455
05420500,0,2932161,403,100.0,0.0,0.064,False,0,0.6147585109482283,False,05587455
05420500,0,2931641,404,100.0,0.0,0.382,False,0,0.6147585109482283,False,05587455
05420500,0,2932213,405,100.0,0.0,0.26,True,2931115,0.6147585109482283,False,05587455
05420500,0,2932217,406,100.0,0.0,0.311,True,2931115,0.6147585109482283,False,05587455
05420500,0,2932221,407,100.0,0.0,0.473,True,2931115,0.6147585109482283,False,05587455
05420500,0,2932223,408,100.0,0.0,0.07,False,0,0.6147585109482283,False,05587455
05420500,0,4869809,409,100.0,0.0,0.759,False,0,0.6147585109482283,False,05587455
05420500,0,4872015,410,100.0,0.0,0.465,False,0,0.6147585109482283,False,05587455
05420500,0,2932173,411,100.0,0.0,3.127,False,0,0.6147585109482283,False,05587455
05420500,0,2932177,412,100.0,0.0,2.275,False,0,0.6147585109482283,False,05587455
05420500,0,2932183,413,100.0,0.0,1.479,False,0,0.6147585109482283,False,05587455
05420500,0,2930505,414,100.0,0.0,0.301,False,0,0.6147585109482283,False,05587455
05420500,0,2931037,415,100.0,0.0,1.334,False,0,0.6147585109482283,False,05587455
05420500,0,2930867,416,100.0,0.0,1.9140000000000001,False,0,0.6147585109482283,False,05587455
05420500,0,2930813,417,100.0,0.0,0.542,False,0,0.6147585109482283,False,05587455
05420500,0,2930811,418,100.0,0.0,0.698,False,0,0.6147585109482283,False,05587455
05420500,0,2930529,419,100.0,0.0,1.712,False,0,0.6147585109482283,False,05587455
05420500,0,2930533,420,100.0,0.0,0.871,False,0,0.6147585109482283,False,05587455
05420500,0,2930993,421,100.0,0.0,0.3,False,0,0.6147585109482283,False,05587455
05420500,0,2931035,422,100.0,0.0,1.745,False,0,0.6147585109482283,False,05587455
05420500,0,2930543,423,100.0,0.0,0.242,False,0,0.6147585109482283,False,05587455
05420500,0,2930875,424,100.0,0.0,0.485,False,0,0.6147585109482283,False,05587455
05420500,0,2930783,425,100.0,0.0,0.829,False,0,0.6147585109482283,False,05587455
05420500,0,2930781,426,100.0,0.0,0.315,False,0,0.6147585109482283,False,05587455
05420500,0,2929169,427,100.0,0.0,0.064,False,0,0.6147585109482283,False,05587455
05420500,0,2930785,428,100.0,0.0,0.111,False,0,0.6147585109482283,False,05587455
05420500,0,2930873,429,100.0,0.0,0.45399999999999996,False,0,0.6147585109482283,False,05587455
05420500,0,2930547,430,100.0,0.0,0.18099999999999997,False,0,0.6147585109482283,False,05587455
05420500,0,2930779,431,100.0,0.0,3.756,False,0,0.6147585109482283,False,05587455
05420500,0,2930879,432,100.0,0.0,1.855,False,0,0.6147585109482283,False,05587455
05420500,0,2930899,433,100.0,0.0,4.884,False,0,0.6147585109482283,False,05587455
05420500,0,2930837,434,100.0,0.0,0.217,False,0,0.6147585109482283,False,05587455
05420500,0,2929347,435,100.0,0.0,0.583,False,0,0.6147585109482283,False,05587455
05420500,0,2930571,436,100.0,0.0,0.264,False,0,0.6147585109482283,False,05587455
05420500,0,2930575,437,100.0,0.0,0.423,False,0,0.6147585109482283,False,05587455
05420500,0,2930581,438,100.0,0.0,5.492000000000001,False,0,0.6147585109482283,False,05587455
05420500,0,2938437,439,100.0,0.0,1.032,False,0,0.6147585109482283,False,05587455
05420500,0,2930915,440,100.0,0.0,1.169,False,0,0.6147585109482283,False,05587455
05420500,0,2930595,441,100.0,0.0,3.128,False,0,0.6147585109482283,False,05587455
05420500,0,2930601,442,100.0,0.0,1.124,False,0,0.6147585109482283,False,05587455
05420500,0,2930603,443,100.0,0.0,0.409,False,0,0.6147585109482283,False,05587455
05420500,0,2930607,444,100.0,0.0,0.718,False,0,0.6147585109482283,False,05587455
05420500,0,2938441,445,100.0,0.0,0.33,False,0,0.6147585109482283,False,05587455
05420500,0,2938445,446,100.0,0.0,0.544,False,0,0.6147585109482283,False,05587455
05420500,0,2930845,447,100.0,0.0,0.58,False,0,0.6147585109482283,False,05587455
05420500,0,2930923,448,100.0,0.0,0.032,False,0,0.6147585109482283,False,05587455
05420500,0,2929661,449,100.0,0.0,0.029000000000000005,False,0,0.6147585109482283,False,05587455
05420500,0,2930919,450,100.0,0.0,0.109,False,0,0.6147585109482283,False,05587455
05420500,0,2930921,451,100.0,0.0,0.465,False,0,0.6147585109482283,False,05587455
05420500,0,2930847,452,100.0,0.0,1.168,False,0,0.6147585109482283,False,05587455
05420500,0,2930619,453,100.0,0.0,0.554,False,0,0.6147585109482283,False,05587455
05420500,0,2930625,454,100.0,0.0,0.546,False,0,0.6147585109482283,False,05587455
05420500,0,2938449,455,100.0,0.0,0.395,False,0,0.6147585109482283,False,05587455
05420500,0,2930839,456,100.0,0.0,2.15,False,0,0.6147585109482283,False,05587455
05420500,0,2930861,457,100.0,0.0,1.763,False,0,0.6147585109482283,False,05587455
05420500,0,2930641,458,100.0,0.0,0.44800000000000006,False,0,0.6147585109482283,False,05587455
05420500,0,2938505,459,100.0,0.0,0.7879999999999999,False,0,0.6147585109482283,False,05587455
05420500,0,2930841,460,100.0,0.0,0.551,False,0,0.6147585109482283,False,05587455
05420500,0,2930929,461,100.0,0.0,0.094,False,0,0.6147585109482283,False,05587455
05420500,0,2929909,462,100.0,0.0,0.392,False,0,0.6147585109482283,False,05587455
05420500,0,2930933,463,100.0,0.0,0.096,False,0,0.6147585109482283,False,05587455
05420500,0,2930935,464,100.0,0.0,0.102,False,0,0.6147585109482283,False,05587455
05420500,0,2930855,465,100.0,0.0,0.38299999999999995,False,0,0.6147585109482283,False,05587455
05420500,0,2930649,466,100.0,0.0,1.253,False,0,0.6147585109482283,False,05587455
05420500,0,2930651,467,100.0,0.0,0.096,False,0,0.6147585109482283,False,05587455
05420500,0,2938455,468,100.0,0.0,0.635,False,0,0.6147585109482283,False,05587455
05420500,0,2930677,469,100.0,0.0,0.6679999999999999,False,0,0.6147585109482283,False,05587455
05420500,0,2930671,470,100.0,0.0,0.168,False,0,0.6147585109482283,False,05587455
05420500,0,2930669,471,100.0,0.0,0.088,False,0,0.6147585109482283,False,05587455
05420500,0,2929979,472,100.0,0.0,0.161,False,0,0.6147585109482283,False,05587455
05420500,0,2930819,473,100.0,0.0,0.024,False,0,0.6147585109482283,False,05587455
05420500,0,2930683,474,100.0,0.0,0.659,False,0,0.6147585109482283,False,05587455
05420500,0,2931025,475,100.0,0.0,0.062,False,0,0.6147585109482283,False,05587455
05420500,0,2931023,476,100.0,0.0,0.373,False,0,0.6147585109482283,False,05587455
05420500,0,2931007,477,100.0,0.0,0.467,False,0,0.6147585109482283,False,05587455
05420500,0,2930949,478,100.0,0.0,0.253,False,0,0.6147585109482283,False,05587455
05420500,0,2930953,479,100.0,0.0,0.12,False,0,0.6147585109482283,False,05587455
05420500,0,2930957,480,100.0,0.0,0.209,False,0,0.6147585109482283,False,05587455
05420500,0,2930963,481,100.0,0.0,0.31,False,0,0.6147585109482283,False,05587455
05420500,0,2931011,482,100.0,0.0,0.262,False,0,0.6147585109482283,False,05587455
05420500,0,2931019,483,100.0,0.0,0.21600000000000003,False,0,0.6147585109482283,False,05587455
05420500,0,2930703,484,100.0,0.0,0.931,False,0,0.6147585109482283,False,05587455
05420500,0,2930709,485,100.0,0.0,0.253,False,0,0.6147585109482283,False,05587455
05420500,0,2930713,486,100.0,0.0,1.023,False,0,0.6147585109482283,False,05587455
05420500,0,2938477,487,100.0,0.0,0.14,False,0,0.6147585109482283,False,05587455
05420500,0,2930719,488,100.0,0.0,0.637,False,0,0.6147585109482283,False,05587455
05420500,0,2938485,489,100.0,0.0,0.458,False,0,0.6147585109482283,False,05587455
05420500,0,2930723,490,100.0,0.0,0.466,False,0,0.6147585109482283,False,05587455
05420500,0,2931017,491,100.0,0.0,0.591,False,0,0.6147585109482283,False,05587455
05420500,0,2930981,492,100.0,0.0,1.229,False,0,0.6147585109482283,False,05587455
05420500,0,2930805,493,100.0,0.0,0.546,False,0,0.6147585109482283,False,05587455
05420500,0,2930983,494,100.0,0.0,0.632,False,0,0.6147585109482283,False,05587455
05420500,0,2930789,495,100.0,0.0,1.8129999999999997,False,0,0.6147585109482283,False,05587455
05420500,0,2938489,496,100.0,0.0,1.446,False,0,0.6147585109482283,False,05587455
05420500,0,2930755,497,100.0,0.0,0.81,False,0,0.6147585109482283,False,05587455
05420500,0,2930757,498,100.0,0.0,0.8590000000000001,False,0,0.6147585109482283,False,05587455
05420500,0,2930761,499,100.0,0.0,0.062,False,0,0.6147585109482283,False,05587455
05420500,0,2930763,500,100.0,0.0,0.43,False,0,0.6147585109482283,False,05587455
05420500,0,2930767,501,100.0,0.0,0.52,False,0,0.6147585109482283,False,05587455
05420500,0,2930771,502,100.0,0.0,0.08,False,0,0.6147585109482283,False,05587455
05420500,0,2932865,503,100.0,0.0,0.704,False,0,0.6147585109482283,False,05587455
05420500,0,2932869,504,100.0,0.0,1.6569999999999998,False,0,0.6147585109482283,False,05587455
05420500,0,2932905,505,100.0,0.0,1.141,False,0,0.6147585109482283,False,05587455
05420500,0,2932895,506,100.0,0.0,1.9270000000000003,False,0,0.6147585109482283,False,05587455
05420500,0,2932897,507,100.0,0.0,2.7739999999999996,False,0,0.6147585109482283,False,05587455
05420500,0,880588,508,100.0,0.0,2.85,False,0,0.6147585109482283,False,05587455
05420500,0,880600,509,100.0,0.0,1.218,False,0,0.6147585109482283,False,05587455
05420500,0,882726,510,100.0,0.0,0.037,False,0,0.6147585109482283,False,05587455
05420500,0,880808,511,100.0,0.0,0.374,False,0,0.6147585109482283,False,05587455
05420500,0,880758,512,100.0,0.0,1.332,False,0,0.6147585109482283,False,05587455
05420500,0,880626,513,100.0,0.0,1.514,False,0,0.6147585109482283,False,05587455
05420500,0,880820,514,100.0,0.0,0.645,False,0,0.6147585109482283,False,05587455
05420500,0,880640,515,100.0,0.0,1.221,False,0,0.6147585109482283,False,05587455
05420500,0,880644,516,100.0,0.0,0.067,False,0,0.6147585109482283,False,05587455
05420500,0,880668,517,100.0,0.0,3.043,False,0,0.6147585109482283,False,05587455
05420500,0,880818,518,100.0,0.0,1.283,False,0,0.6147585109482283,False,05587455
05420500,0,880676,519,100.0,0.0,1.5629999999999997,False,0,0.6147585109482283,False,05587455
05420500,0,880770,520,100.0,0.0,1.453,False,0,0.6147585109482283,False,05587455
05420500,0,880772,521,100.0,0.0,1.44,False,0,0.6147585109482283,False,05587455
05420500,0,882708,522,100.0,0.0,4.884,False,0,0.6147585109482283,False,05587455
05420500,0,880594,523,100.0,0.0,0.22400000000000003,False,0,0.6147585109482283,False,05587455
05420500,0,879816,524,100.0,0.0,1.307,False,0,0.6147585109482283,False,05587455
05420500,0,880582,525,100.0,0.0,0.281,False,0,0.6147585109482283,False,05587455
05420500,0,880576,526,100.0,0.0,0.604,False,0,0.6147585109482283,False,05587455
05420500,0,880572,527,100.0,0.0,2.249,False,0,0.6147585109482283,False,05587455
05420500,0,880534,528,100.0,0.0,0.985,False,0,0.6147585109482283,False,05587455
05420500,0,880782,529,100.0,0.0,1.362,False,0,0.6147585109482283,False,05587455
05420500,0,880802,530,100.0,0.0,1.462,False,0,0.6147585109482283,False,05587455
05420500,0,880460,531,100.0,0.0,0.36,False,0,0.6147585109482283,True,05587455
05420500,0,880810,532,100.0,0.0,0.188,False,0,0.6147585109482283,True,05587455
05420500,0,880464,533,100.0,0.0,0.616,False,0,0.6147585109482283,True,05587455
05420500,0,880468,534,100.0,0.0,1.006,False,0,0.6147585109482283,True,05587455
05420500,0,880472,535,100.0,0.0,0.424,False,0,0.6147585109482283,True,05587455
05420500,0,880480,536,100.0,0.0,0.324,False,0,0.6147585109482283,True,05587455
05420500,0,880478,537,100.0,0.0,0.578,False,0,0.6147585109482283,True,05587455
05420500,0,880484,538,100.0,0.0,1.111,False,0,0.6147585109482283,True,05587455
05420500,0,880486,539,100.0,0.0,0.831,False,0,0.6147585109482283,True,05587455
05420500,0,24745901,540,100.0,0.0,0.557,False,0,0.6147585109482283,True,05587455
05420500,0,880754,541,100.0,0.0,0.426,False,0,0.6147585109482283,True,05587455
05420500,0,880780,542,100.0,0.0,1.947,False,0,0.6147585109482283,True,05587455
05420500,0,882688,543,100.0,0.0,0.201,False,0,0.6147585109482283,True,05587455
05420500,0,880512,544,100.0,91.463,0.06983266000000005,False,0,0.6147585109482283,True,05587455
05586300,1,3607116,0,74.1997,0.0,2.5242737940000004,False,0,0.1934621276920599,False,05587455
05586300,1,3598312,1,100.0,0.0,1.03,False,0,0.1934621276920599,False,05587455
05586300,1,3598308,2,100.0,0.0,0.9789999999999999,False,0,0.1934621276920599,False,05587455
05586300,1,3598162,3,100.0,0.0,0.09700000000000002,False,0,0.1934621276920599,False,05587455
05586300,1,3607112,4,100.0,0.0,0.685,False,0,0.1934621276920599,False,05587455
05586300,1,3598168,5,100.0,0.0,0.478,False,0,0.1934621276920599,False,05587455
05586300,1,3598170,6,100.0,0.0,0.349,False,0,0.1934621276920599,False,05587455
05586300,1,3598174,7,100.0,0.0,1.571,False,0,0.1934621276920599,False,05587455
05586300,1,3598184,8,100.0,0.0,1.4140000000000001,False,0,0.1934621276920599,False,05587455
05586300,1,3598186,9,100.0,0.0,0.177,False,0,0.1934621276920599,False,05587455
05586300,1,3598196,10,100.0,0.0,3.057,False,0,0.1934621276920599,False,05587455
05586300,1,3598204,11,100.0,0.0,2.199,False,0,0.1934621276920599,False,05587455
05586300,1,3598210,12,100.0,0.0,0.034,False,0,0.1934621276920599,False,05587455
05586300,1,3598212,13,100.0,0.0,0.446,False,0,0.1934621276920599,False,05587455
05586300,1,3600996,14,100.0,0.0,0.812,False,0,0.1934621276920599,False,05587455
05586300,1,3601000,15,100.0,0.0,1.618,False,0,0.1934621276920599,False,05587455
05586300,1,3601006,16,100.0,0.0,1.4,False,0,0.1934621276920599,False,05587455
05586300,1,3601014,17,100.0,0.0,1.525,False,0,0.1934621276920599,False,05587455
05586300,1,3601016,18,100.0,0.0,0.19699999999999998,False,0,0.1934621276920599,False,05587455
05586300,1,3601022,19,100.0,0.0,1.615,False,0,0.1934621276920599,False,05587455
05586300,1,3601026,20,100.0,0.0,0.94,False,0,0.1934621276920599,False,05587455
05586300,1,3601242,21,100.0,0.0,1.9810000000000003,False,0,0.1934621276920599,False,05587455
05586300,1,3601032,22,100.0,0.0,0.571,False,0,0.1934621276920599,False,05587455
05586300,1,3601030,23,100.0,0.0,0.10100000000000002,False,0,0.1934621276920599,False,05587455
05586300,1,3601036,24,100.0,0.0,0.391,False,0,0.1934621276920599,False,05587455
05586300,1,3601040,25,100.0,0.0,0.076,False,0,0.1934621276920599,False,05587455
05586300,1,3601046,26,100.0,0.0,0.324,False,0,0.1934621276920599,False,05587455
05586300,1,3601050,27,100.0,0.0,0.855,False,0,0.1934621276920599,False,05587455
05586300,1,3601280,28,100.0,0.0,0.9990000000000001,False,0,0.1934621276920599,False,05587455
05586300,1,3601054,29,100.0,0.0,0.472,False,0,0.1934621276920599,False,05587455
05586300,1,3601056,30,100.0,0.0,0.55,False,0,0.1934621276920599,False,05587455
05586300,1,3601066,31,100.0,0.0,1.499,False,0,0.1934621276920599,False,05587455
05586300,1,3601070,32,100.0,0.0,3.56,False,0,0.1934621276920599,False,05587455
05586300,1,3601076,33,100.0,0.0,1.515,False,0,0.1934621276920599,False,05587455
05586300,1,3601082,34,100.0,0.0,0.703,False,0,0.1934621276920599,False,05587455
05586300,1,3601088,35,100.0,0.0,1.365,False,0,0.1934621276920599,False,05587455
05586300,1,3601090,36,100.0,0.0,0.597,False,0,0.1934621276920599,False,05587455
05586300,1,3601094,37,100.0,0.0,1.906,False,0,0.1934621276920599,False,05587455
05586300,1,3601098,38,100.0,0.0,2.387,False,0,0.1934621276920599,False,05587455
05586300,1,3601102,39,100.0,0.0,1.208,False,0,0.1934621276920599,False,05587455
05586300,1,3607092,40,100.0,0.0,0.16,False,0,0.1934621276920599,False,05587455
05586300,1,3601106,41,100.0,0.0,4.399,False,0,0.1934621276920599,False,05587455
05586300,1,3601284,42,100.0,0.0,0.27,False,0,0.1934621276920599,False,05587455
05586300,1,3601254,43,100.0,0.0,3.515,False,0,0.1934621276920599,False,05587455
05586300,1,3601112,44,100.0,0.0,0.666,False,0,0.1934621276920599,False,05587455
05586300,1,3601206,45,100.0,0.0,0.532,False,0,0.1934621276920599,False,05587455
05586300,1,3601224,46,100.0,0.0,1.79,False,0,0.1934621276920599,False,05587455
05586300,1,3601218,47,100.0,0.0,2.22,False,0,0.1934621276920599,False,05587455
05586300,1,3601220,48,100.0,0.0,0.391,False,0,0.1934621276920599,False,05587455
05586300,1,3601222,49,100.0,0.0,0.301,False,0,0.1934621276920599,False,05587455
05586300,1,3601238,50,100.0,0.0,1.4409999999999998,False,0,0.1934621276920599,False,05587455
05586300,1,3601226,51,100.0,0.0,1.34,False,0,0.1934621276920599,False,05587455
05586300,1,3601260,52,100.0,0.0,1.93,False,0,0.1934621276920599,False,05587455
05586300,1,3601198,53,100.0,0.0,2.419,False,0,0.1934621276920599,False,05587455
05586300,1,3601118,54,100.0,0.0,0.619,False,0,0.1934621276920599,False,05587455
05586300,1,3601296,55,100.0,0.0,1.187,False,0,0.1934621276920599,False,05587455
05586300,1,3601250,56,100.0,0.0,2.667,False,0,0.1934621276920599,False,05587455
05586300,1,3601152,57,100.0,0.0,4.19,False,0,0.1934621276920599,False,05587455
05586300,1,3602012,58,100.0,0.0,1.97,False,0,0.1934621276920599,False,05587455
05586300,1,3601942,59,100.0,0.0,1.942,False,0,0.1934621276920599,False,05587455
05586300,1,3601994,60,100.0,0.0,0.403,False,0,0.1934621276920599,False,05587455
05586300,1,3601976,61,100.0,0.0,3.123,False,0,0.1934621276920599,False,05587455
05586300,1,3601974,62,100.0,0.0,2.349,False,0,0.1934621276920599,False,05587455
05586300,1,3602000,63,100.0,0.0,1.169,False,0,0.1934621276920599,False,05587455
05586300,1,3607074,64,100.0,0.0,0.743,False,0,0.1934621276920599,False,05587455
05586300,1,3607100,65,100.0,0.0,0.549,False,0,0.1934621276920599,False,05587455
05586300,1,3601938,66,100.0,0.0,0.488,False,0,0.1934621276920599,False,05587455
05586300,1,880460,67,100.0,0.0,0.36,False,0,0.1934621276920599,True,05587455
05586300,1,880810,68,100.0,0.0,0.188,False,0,0.1934621276920599,True,05587455
05586300,1,880464,69,100.0,0.0,0.616,False,0,0.1934621276920599,True,05587455
05586300,1,880468,70,100.0,0.0,1.006,False,0,0.1934621276920599,True,05587455
05586300,1,880472,71,100.0,0.0,0.424,False,0,0.1934621276920599,True,05587455
05586300,1,880480,72,100.0,0.0,0.324,False,0,0.1934621276920599,True,05587455
05586300,1,880478,73,100.0,0.0,0.578,False,0,0.1934621276920599,True,05587455
05586300,1,880484,74,100.0,0.0,1.111,False,0,0.1934621276920599,True,05587455
05586300,1,880486,75,100.0,0.0,0.831,False,0,0.1934621276920599,True,05587455
05586300,1,24745901,76,100.0,0.0,0.557,False,0,0.1934621276920599,True,05587455
05586300,1,880754,77,100.0,0.0,0.426,False,0,0.1934621276920599,True,05587455
05586300,1,880780,78,100.0,0.0,1.947,False,0,0.1934621276920599,True,05587455
05586300,1,882688,79,100.0,0.0,0.201,False,0,0.1934621276920599,True,05587455
05586300,1,880512,80,100.0,91.463,0.06983266000000005,False,0,0.1934621276920599,True,05587455
05490500,2,4998271,0,77.366,0.0,1.73609304,False,0,0.1014343388493681,False,05587455
05490500,2,4998257,1,100.0,0.0,0.758,False,0,0.1014343388493681,False,05587455
05490500,2,4998251,2,100.0,0.0,1.296,False,0,0.1014343388493681,False,05587455
05490500,2,4998249,3,100.0,0.0,1.228,False,0,0.1014343388493681,False,05587455
05490500,2,4998233,4,100.0,0.0,2.081,False,0,0.1014343388493681,False,05587455
05490500,2,4998203,5,100.0,0.0,1.8120000000000003,False,0,0.1014343388493681,False,05587455
05490500,2,4998201,6,100.0,0.0,0.234,False,0,0.1014343388493681,False,05587455
05490500,2,4998215,7,100.0,0.0,1.231,False,0,0.1014343388493681,False,05587455
05490500,2,4998223,8,100.0,0.0,0.473,False,0,0.1014343388493681,False,05587455
05490500,2,4998229,9,100.0,0.0,0.57,False,0,0.1014343388493681,False,05587455
05490500,2,4998239,10,100.0,0.0,0.686,False,0,0.1014343388493681,False,05587455
05490500,2,4998263,11,100.0,0.0,1.898,False,0,0.1014343388493681,False,05587455
05490500,2,4998267,12,100.0,0.0,2.5639999999999996,False,0,0.1014343388493681,False,05587455
05490500,2,4998285,13,100.0,0.0,2.907,False,0,0.1014343388493681,False,05587455
05490500,2,4998289,14,100.0,0.0,0.721,False,0,0.1014343388493681,False,05587455
05490500,2,4998291,15,100.0,0.0,0.684,False,0,0.1014343388493681,False,05587455
05490500,2,4998295,16,100.0,0.0,1.217,False,0,0.1014343388493681,False,05587455
05490500,2,4998305,17,100.0,0.0,0.885,False,0,0.1014343388493681,False,05587455
05490500,2,4998307,18,100.0,0.0,0.977,False,0,0.1014343388493681,False,05587455
05490500,2,4998317,19,100.0,0.0,0.564,False,0,0.1014343388493681,False,05587455
05490500,2,4998321,20,100.0,0.0,1.439,False,0,0.1014343388493681,False,05587455
05490500,2,4998323,21,100.0,0.0,0.295,False,0,0.1014343388493681,False,05587455
05490500,2,4998327,22,100.0,0.0,1.014,False,0,0.1014343388493681,False,05587455
05490500,2,4998333,23,100.0,0.0,0.255,False,0,0.1014343388493681,False,05587455
05490500,2,4998341,24,100.0,0.0,1.801,False,0,0.1014343388493681,False,05587455
05490500,2,4998343,25,100.0,0.0,0.892,False,0,0.1014343388493681,False,05587455
05490500,2,4998351,26,100.0,0.0,0.966,False,0,0.1014343388493681,False,05587455
05490500,2,4998355,27,100.0,0.0,1.109,False,0,0.1014343388493681,False,05587455
05490500,2,4998357,28,100.0,0.0,0.671,False,0,0.1014343388493681,False,05587455
05490500,2,4998365,29,100.0,0.0,0.445,False,0,0.1014343388493681,False,05587455
05490500,2,4998371,30,100.0,0.0,0.283,False,0,0.1014343388493681,False,05587455
05490500,2,4998373,31,100.0,0.0,1.265,False,0,0.1014343388493681,False,05587455
05490500,2,4998379,32,100.0,0.0,2.178,False,0,0.1014343388493681,False,05587455
05490500,2,4998383,33,100.0,0.0,0.316,False,0,0.1014343388493681,False,05587455
05490500,2,4998389,34,100.0,0.0,0.327,False,0,0.1014343388493681,False,05587455
05490500,2,4998393,35,100.0,0.0,0.579,False,0,0.1014343388493681,False,05587455
05490500,2,4998395,36,100.0,0.0,2.368,False,0,0.1014343388493681,False,05587455
05490500,2,4998399,37,100.0,0.0,0.9280000000000002,False,0,0.1014343388493681,False,05587455
05490500,2,4998405,38,100.0,0.0,0.939,False,0,0.1014343388493681,False,05587455
05490500,2,4998409,39,100.0,0.0,0.722,False,0,0.1014343388493681,False,05587455
05490500,2,4998411,40,100.0,0.0,0.46,False,0,0.1014343388493681,False,05587455
05490500,2,4998417,41,100.0,0.0,2.343,False,0,0.1014343388493681,False,05587455
05490500,2,4998421,42,100.0,0.0,1.3259999999999998,False,0,0.1014343388493681,False,05587455
05490500,2,4998423,43,100.0,0.0,0.964,False,0,0.1014343388493681,False,05587455
05490500,2,4998427,44,100.0,0.0,1.56,False,0,0.1014343388493681,False,05587455
05490500,2,4998431,45,100.0,0.0,2.251,False,0,0.1014343388493681,False,05587455
05490500,2,4998435,46,100.0,0.0,0.704,False,0,0.1014343388493681,False,05587455
05490500,2,5002715,47,100.0,0.0,0.151,False,0,0.1014343388493681,False,05587455
05490500,2,5002717,48,100.0,0.0,2.339,False,0,0.1014343388493681,False,05587455
05490500,2,5002723,49,100.0,0.0,0.185,False,0,0.1014343388493681,False,05587455
05490500,2,5002725,50,100.0,0.0,3.0069999999999997,False,0,0.1014343388493681,False,05587455
05490500,2,5002731,51,100.0,0.0,2.9990000000000006,False,0,0.1014343388493681,False,05587455
05490500,2,5002735,52,100.0,0.0,7.953,False,0,0.1014343388493681,False,05587455
05490500,2,5002739,53,100.0,0.0,1.37,False,0,0.1014343388493681,False,05587455
05490500,2,5002741,54,100.0,0.0,5.382,False,0,0.1014343388493681,False,05587455
05490500,2,5002747,55,100.0,0.0,0.852,False,0,0.1014343388493681,False,05587455
05490500,2,5002751,56,100.0,0.0,4.323,False,0,0.1014343388493681,False,05587455
05490500,2,5002753,57,100.0,0.0,2.215,False,0,0.1014343388493681,False,05587455
05490500,2,5007665,58,100.0,0.0,0.3990000000000001,False,0,0.1014343388493681,False,05587455
05490500,2,5802988,59,100.0,0.0,1.101,False,0,0.1014343388493681,False,05587455
05490500,2,5803256,60,100.0,0.0,0.562,False,0,0.1014343388493681,False,05587455
05490500,2,5802992,61,100.0,0.0,0.38299999999999995,False,0,0.1014343388493681,False,05587455
05490500,2,5802996,62,100.0,0.0,0.787,False,0,0.1014343388493681,False,05587455
05490500,2,5803002,63,100.0,0.0,0.868,False,0,0.1014343388493681,False,05587455
05490500,2,5803006,64,100.0,0.0,1.757,False,0,0.1014343388493681,False,05587455
05490500,2,5803012,65,100.0,0.0,0.501,False,0,0.1014343388493681,False,05587455
05490500,2,5803014,66,100.0,0.0,6.843,False,0,0.1014343388493681,False,05587455
05490500,2,5803288,67,100.0,0.0,3.0439999999999996,False,0,0.1014343388493681,False,05587455
05490500,2,5803272,68,100.0,0.0,2.9760000000000004,False,0,0.1014343388493681,False,05587455
05490500,2,5803282,69,100.0,0.0,0.327,False,0,0.1014343388493681,False,05587455
05490500,2,5803280,70,100.0,0.0,0.148,False,0,0.1014343388493681,False,05587455
05490500,2,5803296,71,100.0,0.0,0.355,False,0,0.1014343388493681,False,05587455
05490500,2,5801836,72,100.0,0.0,0.143,False,0,0.1014343388493681,False,05587455
05490500,2,5803294,73,100.0,0.0,0.347,False,0,0.1014343388493681,False,05587455
05490500,2,5803276,74,100.0,0.0,0.068,False,0,0.1014343388493681,False,05587455
05490500,2,5803326,75,100.0,0.0,1.153,False,0,0.1014343388493681,False,05587455
05490500,2,5803324,76,100.0,0.0,0.531,False,0,0.1014343388493681,False,05587455
05490500,2,5803318,77,100.0,0.0,0.386,False,0,0.1014343388493681,False,05587455
05490500,2,5803310,78,100.0,0.0,0.867,False,0,0.1014343388493681,False,05587455
05490500,2,5803308,79,100.0,0.0,0.18600000000000003,False,0,0.1014343388493681,False,05587455
05490500,2,5803312,80,100.0,0.0,0.691,False,0,0.1014343388493681,False,05587455
05490500,2,5803056,81,100.0,0.0,0.579,False,0,0.1014343388493681,False,05587455
05490500,2,5803344,82,100.0,0.0,3.048,False,0,0.1014343388493681,False,05587455
05490500,2,5803072,83,100.0,0.0,0.44800000000000006,False,0,0.1014343388493681,False,05587455
05490500,2,5803080,84,100.0,0.0,1.9069999999999998,False,0,0.1014343388493681,False,05587455
05490500,2,5803084,85,100.0,0.0,0.144,False,0,0.1014343388493681,False,05587455
05490500,2,5803082,86,100.0,0.0,0.4040000000000001,False,0,0.1014343388493681,False,05587455
05490500,2,5802216,87,100.0,0.0,0.519,False,0,0.1014343388493681,False,05587455
05490500,2,5803090,88,100.0,0.0,0.368,False,0,0.1014343388493681,False,05587455
05490500,2,5803092,89,100.0,0.0,0.361,False,0,0.1014343388493681,False,05587455
05490500,2,5803094,90,100.0,0.0,0.321,False,0,0.1014343388493681,False,05587455
05490500,2,5803098,91,100.0,0.0,0.55,False,0,0.1014343388493681,False,05587455
05490500,2,5803446,92,100.0,0.0,2.912,False,0,0.1014343388493681,False,05587455
05490500,2,5803444,93,100.0,0.0,1.864,False,0,0.1014343388493681,False,05587455
05490500,2,5803442,94,100.0,0.0,1.307,False,0,0.1014343388493681,False,05587455
05490500,2,5803440,95,100.0,0.0,0.154,False,0,0.1014343388493681,False,05587455
05490500,2,5803432,96,100.0,0.0,0.09700000000000002,False,0,0.1014343388493681,False,05587455
05490500,2,5803430,97,100.0,0.0,0.866,False,0,0.1014343388493681,False,05587455
05490500,2,5803398,98,100.0,0.0,2.7709999999999995,False,0,0.1014343388493681,False,05587455
05490500,2,5803388,99,100.0,0.0,1.6870000000000003,False,0,0.1014343388493681,False,05587455
05490500,2,5803366,100,100.0,0.0,1.791,False,0,0.1014343388493681,False,05587455
05490500,2,5803372,101,100.0,0.0,0.43,False,0,0.1014343388493681,False,05587455
05490500,2,5803362,102,100.0,0.0,2.121,False,0,0.1014343388493681,False,05587455
05490500,2,5803150,103,100.0,0.0,0.904,False,0,0.1014343388493681,False,05587455
05490500,2,5803948,104,100.0,0.0,0.26,False,0,0.1014343388493681,False,05587455
05490500,2,5803950,105,100.0,0.0,0.633,False,0,0.1014343388493681,False,05587455
05490500,2,5803910,106,100.0,0.0,1.694,False,0,0.1014343388493681,False,05587455
05490500,2,5803914,107,100.0,0.0,0.613,False,0,0.1014343388493681,False,05587455
05490500,2,5803916,108,100.0,0.0,0.6629999999999999,False,0,0.1014343388493681,False,05587455
05490500,2,5803766,109,100.0,0.0,0.7,False,0,0.1014343388493681,False,05587455
05490500,2,5803764,110,100.0,0.0,0.274,False,0,0.1014343388493681,False,05587455
05490500,2,5803920,111,100.0,0.0,0.558,False,0,0.1014343388493681,False,05587455
05490500,2,5803922,112,100.0,0.0,0.576,False,0,0.1014343388493681,False,05587455
05490500,2,5803924,113,100.0,0.0,0.527,False,0,0.1014343388493681,False,05587455
05490500,2,5803772,114,100.0,0.0,0.7019999999999998,False,0,0.1014343388493681,False,05587455
05490500,2,5803928,115,100.0,0.0,0.521,False,0,0.1014343388493681,False,05587455
05490500,2,5803964,116,100.0,0.0,0.875,False,0,0.1014343388493681,False,05587455
05490500,2,5803972,117,100.0,0.0,1.67,False,0,0.1014343388493681,False,05587455
05490500,2,5803970,118,100.0,0.0,0.16400000000000003,False,0,0.1014343388493681,False,05587455
05490500,2,5803968,119,100.0,0.0,0.439,False,0,0.1014343388493681,False,05587455
05490500,2,5803966,120,100.0,0.0,2.471,False,0,0.1014343388493681,False,05587455
05490500,2,5803934,121,100.0,0.0,2.477,False,0,0.1014343388493681,False,05587455
05490500,2,5803938,122,100.0,0.0,0.613,False,0,0.1014343388493681,False,05587455
05490500,2,5803958,123,100.0,0.0,1.767,False,0,0.1014343388493681,False,05587455
05490500,2,5803960,124,100.0,0.0,1.345,False,0,0.1014343388493681,False,05587455
05490500,2,2927803,125,100.0,0.0,0.762,False,0,0.1014343388493681,False,05587455
05490500,2,937110078,126,100.0,0.0,2.278,False,0,0.1014343388493681,False,05587455
05490500,2,937110079,127,100.0,0.0,1.148,False,0,0.1014343388493681,False,05587455
05490500,2,2927419,128,100.0,0.0,0.49200000000000005,False,0,0.1014343388493681,False,05587455
05490500,2,2927423,129,100.0,0.0,0.291,False,0,0.1014343388493681,False,05587455
05490500,2,2927793,130,100.0,0.0,0.10100000000000002,False,0,0.1014343388493681,False,05587455
05490500,2,2927791,131,100.0,0.0,2.6519999999999997,False,0,0.1014343388493681,False,05587455
05490500,2,2927789,132,100.0,0.0,0.183,False,0,0.1014343388493681,False,05587455
05490500,2,2927785,133,100.0,0.0,0.8590000000000001,False,0,0.1014343388493681,False,05587455
05490500,2,2927437,134,100.0,0.0,0.48,False,0,0.1014343388493681,False,05587455
05490500,2,2927765,135,100.0,0.0,0.9890000000000001,False,0,0.1014343388493681,False,05587455
05490500,2,2927771,136,100.0,0.0,1.3839999999999997,False,0,0.1014343388493681,False,05587455
05490500,2,2927773,137,100.0,0.0,0.038,False,0,0.1014343388493681,False,05587455
05490500,2,2927215,138,100.0,0.0,0.417,False,0,0.1014343388493681,False,05587455
05490500,2,2927767,139,100.0,0.0,0.42,False,0,0.1014343388493681,False,05587455
05490500,2,2927761,140,100.0,0.0,1.601,False,0,0.1014343388493681,False,05587455
05490500,2,2927447,141,100.0,0.0,0.344,False,0,0.1014343388493681,False,05587455
05490500,2,2927455,142,100.0,0.0,0.505,False,0,0.1014343388493681,False,05587455
05490500,2,2927469,143,100.0,0.0,1.304,False,0,0.1014343388493681,False,05587455
05490500,2,2927473,144,100.0,0.0,1.749,False,0,0.1014343388493681,False,05587455
05490500,2,2938415,145,100.0,0.0,2.244,False,0,0.1014343388493681,False,05587455
05490500,2,2938535,146,100.0,0.0,0.868,False,0,0.1014343388493681,False,05587455
05490500,2,2927749,147,100.0,0.0,2.225,False,0,0.1014343388493681,False,05587455
05490500,2,2927513,148,100.0,0.0,0.618,False,0,0.1014343388493681,False,05587455
05490500,2,2927525,149,100.0,0.0,3.034,False,0,0.1014343388493681,False,05587455
05490500,2,2927529,150,100.0,0.0,2.253,False,0,0.1014343388493681,False,05587455
05490500,2,2927531,151,100.0,0.0,0.286,False,0,0.1014343388493681,False,05587455
05490500,2,2927535,152,100.0,0.0,3.273,False,0,0.1014343388493681,False,05587455
05490500,2,2927537,153,100.0,0.0,0.196,False,0,0.1014343388493681,False,05587455
05490500,2,2927547,154,100.0,0.0,3.471,False,0,0.1014343388493681,False,05587455
05490500,2,2927551,155,100.0,0.0,0.151,False,0,0.1014343388493681,False,05587455
05490500,2,2927555,156,100.0,0.0,1.445,False,0,0.1014343388493681,False,05587455
05490500,2,2927561,157,100.0,0.0,1.081,False,0,0.1014343388493681,False,05587455
05490500,2,2927567,158,100.0,0.0,1.4039999999999997,False,0,0.1014343388493681,False,05587455
05490500,2,2927571,159,100.0,0.0,0.501,False,0,0.1014343388493681,False,05587455
05490500,2,2927581,160,100.0,0.0,3.0069999999999997,False,0,0.1014343388493681,False,05587455
05490500,2,2927589,161,100.0,0.0,2.274,False,0,0.1014343388493681,False,05587455
05490500,2,2927727,162,100.0,0.0,0.321,False,0,0.1014343388493681,False,05587455
05490500,2,2927731,163,100.0,0.0,0.37,False,0,0.1014343388493681,False,05587455
05490500,2,2926955,164,100.0,0.0,2.187,False,0,0.1014343388493681,False,05587455
05490500,2,2927729,165,100.0,0.0,0.265,False,0,0.1014343388493681,False,05587455
05490500,2,2927711,166,100.0,0.0,0.266,False,0,0.1014343388493681,False,05587455
05490500,2,2927597,167,100.0,0.0,1.179,False,0,0.1014343388493681,False,05587455
05490500,2,2927699,168,100.0,0.0,0.688,False,0,0.1014343388493681,False,05587455
05490500,2,2927717,169,100.0,0.0,0.795,False,0,0.1014343388493681,False,05587455
05490500,2,2927715,170,100.0,0.0,0.303,False,0,0.1014343388493681,False,05587455
05490500,2,2927709,171,100.0,0.0,2.9760000000000004,False,0,0.1014343388493681,False,05587455
05490500,2,2927687,172,100.0,0.0,1.631,False,0,0.1014343388493681,False,05587455
05490500,2,2927671,173,100.0,0.0,0.623,False,0,0.1014343388493681,False,05587455
05490500,2,2927683,174,100.0,0.0,1.203,False,0,0.1014343388493681,False,05587455
05490500,2,2927607,175,100.0,0.0,0.528,False,0,0.1014343388493681,False,05587455
05490500,2,2927653,176,100.0,0.0,0.948,False,0,0.1014343388493681,False,05587455
05490500,2,2927647,177,100.0,0.0,1.784,False,0,0.1014343388493681,False,05587455
05490500,2,2927665,178,100.0,0.0,0.48,False,0,0.1014343388493681,False,05587455
05490500,2,2927661,179,100.0,0.0,0.22400000000000003,False,0,0.1014343388493681,False,05587455
05490500,2,2927659,180,100.0,0.0,0.039,False,0,0.1014343388493681,False,05587455
05490500,2,2927111,181,100.0,0.0,0.718,False,0,0.1014343388493681,False,05587455
05490500,2,2927649,182,100.0,0.0,0.251,False,0,0.1014343388493681,False,05587455
05490500,2,2927617,183,100.0,0.0,0.28,False,0,0.1014343388493681,False,05587455
05490500,2,2932157,184,100.0,0.0,0.878,False,0,0.1014343388493681,False,05587455
05490500,2,2932159,185,100.0,0.0,0.889,False,0,0.1014343388493681,False,05587455
05490500,2,2932235,186,100.0,0.0,0.7509999999999999,False,0,0.1014343388493681,False,05587455
05490500,2,2932161,187,100.0,0.0,0.064,False,0,0.1014343388493681,False,05587455
05490500,2,2931641,188,100.0,0.0,0.382,False,0,0.1014343388493681,False,05587455
05490500,2,2932213,189,100.0,0.0,0.26,True,2931115,0.1014343388493681,False,05587455
05490500,2,2932217,190,100.0,0.0,0.311,True,2931115,0.1014343388493681,False,05587455
05490500,2,2932221,191,100.0,0.0,0.473,True,2931115,0.1014343388493681,False,05587455
05490500,2,2932223,192,100.0,0.0,0.07,False,0,0.1014343388493681,False,05587455
05490500,2,4869809,193,100.0,0.0,0.759,False,0,0.1014343388493681,False,05587455
05490500,2,4872015,194,100.0,0.0,0.465,False,0,0.1014343388493681,False,05587455
05490500,2,2932173,195,100.0,0.0,3.127,False,0,0.1014343388493681,False,05587455
05490500,2,2932177,196,100.0,0.0,2.275,False,0,0.1014343388493681,False,05587455
05490500,2,2932183,197,100.0,0.0,1.479,False,0,0.1014343388493681,False,05587455
05490500,2,2930505,198,100.0,0.0,0.301,False,0,0.1014343388493681,False,05587455
05490500,2,2931037,199,100.0,0.0,1.334,False,0,0.1014343388493681,False,05587455
05490500,2,2930867,200,100.0,0.0,1.9140000000000001,False,0,0.1014343388493681,False,05587455
05490500,2,2930813,201,100.0,0.0,0.542,False,0,0.1014343388493681,False,05587455
05490500,2,2930811,202,100.0,0.0,0.698,False,0,0.1014343388493681,False,05587455
05490500,2,2930529,203,100.0,0.0,1.712,False,0,0.1014343388493681,False,05587455
05490500,2,2930533,204,100.0,0.0,0.871,False,0,0.1014343388493681,False,05587455
05490500,2,2930993,205,100.0,0.0,0.3,False,0,0.1014343388493681,False,05587455
05490500,2,2931035,206,100.0,0.0,1.745,False,0,0.1014343388493681,False,05587455
05490500,2,2930543,207,100.0,0.0,0.242,False,0,0.1014343388493681,False,05587455
05490500,2,2930875,208,100.0,0.0,0.485,False,0,0.1014343388493681,False,05587455
05490500,2,2930783,209,100.0,0.0,0.829,False,0,0.1014343388493681,False,05587455
05490500,2,2930781,210,100.0,0.0,0.315,False,0,0.1014343388493681,False,05587455
05490500,2,2929169,211,100.0,0.0,0.064,False,0,0.1014343388493681,False,05587455
05490500,2,2930785,212,100.0,0.0,0.111,False,0,0.1014343388493681,False,05587455
05490500,2,2930873,213,100.0,0.0,0.45399999999999996,False,0,0.1014343388493681,False,05587455
05490500,2,2930547,214,100.0,0.0,0.18099999999999997,False,0,0.1014343388493681,False,05587455
05490500,2,2930779,215,100.0,0.0,3.756,False,0,0.1014343388493681,False,05587455
05490500,2,2930879,216,100.0,0.0,1.855,False,0,0.1014343388493681,False,05587455
05490500,2,2930899,217,100.0,0.0,4.884,False,0,0.1014343388493681,False,05587455
05490500,2,2930837,218,100.0,0.0,0.217,False,0,0.1014343388493681,False,05587455
05490500,2,2929347,219,100.0,0.0,0.583,False,0,0.1014343388493681,False,05587455
05490500,2,2930571,220,100.0,0.0,0.264,False,0,0.1014343388493681,False,05587455
05490500,2,2930575,221,100.0,0.0,0.423,False,0,0.1014343388493681,False,05587455
05490500,2,2930581,222,100.0,0.0,5.492000000000001,False,0,0.1014343388493681,False,05587455
05490500,2,2938437,223,100.0,0.0,1.032,False,0,0.1014343388493681,False,05587455
05490500,2,2930915,224,100.0,0.0,1.169,False,0,0.1014343388493681,False,05587455
05490500,2,2930595,225,100.0,0.0,3.128,False,0,0.1014343388493681,False,05587455
05490500,2,2930601,226,100.0,0.0,1.124,False,0,0.1014343388493681,False,05587455
05490500,2,2930603,227,100.0,0.0,0.409,False,0,0.1014343388493681,False,05587455
05490500,2,2930607,228,100.0,0.0,0.718,False,0,0.1014343388493681,False,05587455
05490500,2,2938441,229,100.0,0.0,0.33,False,0,0.1014343388493681,False,05587455
05490500,2,2938445,230,100.0,0.0,0.544,False,0,0.1014343388493681,False,05587455
05490500,2,2930845,231,100.0,0.0,0.58,False,0,0.1014343388493681,False,05587455
05490500,2,2930923,232,100.0,0.0,0.032,False,0,0.1014343388493681,False,05587455
05490500,2,2929661,233,100.0,0.0,0.029000000000000005,False,0,0.1014343388493681,False,05587455
05490500,2,2930919,234,100.0,0.0,0.109,False,0,0.1014343388493681,False,05587455
05490500,2,2930921,235,100.0,0.0,0.465,False,0,0.1014343388493681,False,05587455
05490500,2,2930847,236,100.0,0.0,1.168,False,0,0.1014343388493681,False,05587455
05490500,2,2930619,237,100.0,0.0,0.554,False,0,0.1014343388493681,False,05587455
05490500,2,2930625,238,100.0,0.0,0.546,False,0,0.1014343388493681,False,05587455
05490500,2,2938449,239,100.0,0.0,0.395,False,0,0.1014343388493681,False,05587455
05490500,2,2930839,240,100.0,0.0,2.15,False,0,0.1014343388493681,False,05587455
05490500,2,2930861,241,100.0,0.0,1.763,False,0,0.1014343388493681,False,05587455
05490500,2,2930641,242,100.0,0.0,0.44800000000000006,False,0,0.1014343388493681,False,05587455
05490500,2,2938505,243,100.0,0.0,0.7879999999999999,False,0,0.1014343388493681,False,05587455
05490500,2,2930841,244,100.0,0.0,0.551,False,0,0.1014343388493681,False,05587455
05490500,2,2930929,245,100.0,0.0,0.094,False,0,0.1014343388493681,False,05587455
05490500,2,2929909,246,100.0,0.0,0.392,False,0,0.1014343388493681,False,05587455
05490500,2,2930933,247,100.0,0.0,0.096,False,0,0.1014343388493681,False,05587455
05490500,2,2930935,248,100.0,0.0,0.102,False,0,0.1014343388493681,False,05587455
05490500,2,2930855,249,100.0,0.0,0.38299999999999995,False,0,0.1014343388493681,False,05587455
05490500,2,2930649,250,100.0,0.0,1.253,False,0,0.1014343388493681,False,05587455
05490500,2,2930651,251,100.0,0.0,0.096,False,0,0.1014343388493681,False,05587455
05490500,2,2938455,252,100.0,0.0,0.635,False,0,0.1014343388493681,False,05587455
05490500,2,2930677,253,100.0,0.0,0.6679999999999999,False,0,0.1014343388493681,False,05587455
05490500,2,2930671,254,100.0,0.0,0.168,False,0,0.1014343388493681,False,05587455
05490500,2,2930669,255,100.0,0.0,0.088,False,0,0.1014343388493681,False,05587455
05490500,2,2929979,256,100.0,0.0,0.161,False,0,0.1014343388493681,False,05587455
05490500,2,2930819,257,100.0,0.0,0.024,False,0,0.1014343388493681,False,05587455
05490500,2,2930683,258,100.0,0.0,0.659,False,0,0.1014343388493681,False,05587455
05490500,2,2931025,259,100.0,0.0,0.062,False,0,0.1014343388493681,False,05587455
05490500,2,2931023,260,100.0,0.0,0.373,False,0,0.1014343388493681,False,05587455
05490500,2,2931007,261,100.0,0.0,0.467,False,0,0.1014343388493681,False,05587455
05490500,2,2930949,262,100.0,0.0,0.253,False,0,0.1014343388493681,False,05587455
05490500,2,2930953,263,100.0,0.0,0.12,False,0,0.1014343388493681,False,05587455
05490500,2,2930957,264,100.0,0.0,0.209,False,0,0.1014343388493681,False,05587455
05490500,2,2930963,265,100.0,0.0,0.31,False,0,0.1014343388493681,False,05587455
05490500,2,2931011,266,100.0,0.0,0.262,False,0,0.1014343388493681,False,05587455
05490500,2,2931019,267,100.0,0.0,0.21600000000000003,False,0,0.1014343388493681,False,05587455
05490500,2,2930703,268,100.0,0.0,0.931,False,0,0.1014343388493681,False,05587455
05490500,2,2930709,269,100.0,0.0,0.253,False,0,0.1014343388493681,False,05587455
05490500,2,2930713,270,100.0,0.0,1.023,False,0,0.1014343388493681,False,05587455
05490500,2,2938477,271,100.0,0.0,0.14,False,0,0.1014343388493681,False,05587455
05490500,2,2930719,272,100.0,0.0,0.637,False,0,0.1014343388493681,False,05587455
05490500,2,2938485,273,100.0,0.0,0.458,False,0,0.1014343388493681,False,05587455
05490500,2,2930723,274,100.0,0.0,0.466,False,0,0.1014343388493681,False,05587455
05490500,2,2931017,275,100.0,0.0,0.591,False,0,0.1014343388493681,False,05587455
05490500,2,2930981,276,100.0,0.0,1.229,False,0,0.1014343388493681,False,05587455
05490500,2,2930805,277,100.0,0.0,0.546,False,0,0.1014343388493681,False,05587455
05490500,2,2930983,278,100.0,0.0,0.632,False,0,0.1014343388493681,False,05587455
05490500,2,2930789,279,100.0,0.0,1.8129999999999997,False,0,0.1014343388493681,False,05587455
05490500,2,2938489,280,100.0,0.0,1.446,False,0,0.1014343388493681,False,05587455
05490500,2,2930755,281,100.0,0.0,0.81,False,0,0.1014343388493681,False,05587455
05490500,2,2930757,282,100.0,0.0,0.8590000000000001,False,0,0.1014343388493681,False,05587455
05490500,2,2930761,283,100.0,0.0,0.062,False,0,0.1014343388493681,False,05587455
05490500,2,2930763,284,100.0,0.0,0.43,False,0,0.1014343388493681,False,05587455
05490500,2,2930767,285,100.0,0.0,0.52,False,0,0.1014343388493681,False,05587455
05490500,2,2930771,286,100.0,0.0,0.08,False,0,0.1014343388493681,False,05587455
05490500,2,2932865,287,100.0,0.0,0.704,False,0,0.1014343388493681,False,05587455
05490500,2,2932869,288,100.0,0.0,1.6569999999999998,False,0,0.1014343388493681,False,05587455
05490500,2,2932905,289,100.0,0.0,1.141,False,0,0.1014343388493681,False,05587455
05490500,2,2932895,290,100.0,0.0,1.9270000000000003,False,0,0.1014343388493681,False,05587455
05490500,2,2932897,291,100.0,0.0,2.7739999999999996,False,0,0.1014343388493681,False,05587455
05490500,2,880588,292,100.0,0.0,2.85,False,0,0.1014343388493681,False,05587455
05490500,2,880600,293,100.0,0.0,1.218,False,0,0.1014343388493681,False,05587455
05490500,2,882726,294,100.0,0.0,0.037,False,0,0.1014343388493681,False,05587455
05490500,2,880808,295,100.0,0.0,0.374,False,0,0.1014343388493681,False,05587455
05490500,2,880758,296,100.0,0.0,1.332,False,0,0.1014343388493681,False,05587455
05490500,2,880626,297,100.0,0.0,1.514,False,0,0.1014343388493681,False,05587455
05490500,2,880820,298,100.0,0.0,0.645,False,0,0.1014343388493681,False,05587455
05490500,2,880640,299,100.0,0.0,1.221,False,0,0.1014343388493681,False,05587455
05490500,2,880644,300,100.0,0.0,0.067,False,0,0.1014343388493681,False,05587455
05490500,2,880668,301,100.0,0.0,3.043,False,0,0.1014343388493681,False,05587455
05490500,2,880818,302,100.0,0.0,1.283,False,0,0.1014343388493681,False,05587455
05490500,2,880676,303,100.0,0.0,1.5629999999999997,False,0,0.1014343388493681,False,05587455
05490500,2,880770,304,100.0,0.0,1.453,False,0,0.1014343388493681,False,05587455
05490500,2,880772,305,100.0,0.0,1.44,False,0,0.1014343388493681,False,05587455
05490500,2,882708,306,100.0,0.0,4.884,False,0,0.1014343388493681,False,05587455
05490500,2,880594,307,100.0,0.0,0.22400000000000003,False,0,0.1014343388493681,False,05587455
05490500,2,879816,308,100.0,0.0,1.307,False,0,0.1014343388493681,False,05587455
05490500,2,880582,309,100.0,0.0,0.281,False,0,0.1014343388493681,False,05587455
05490500,2,880576,310,100.0,0.0,0.604,False,0,0.1014343388493681,False,05587455
05490500,2,880572,311,100.0,0.0,2.249,False,0,0.1014343388493681,False,05587455
05490500,2,880534,312,100.0,0.0,0.985,False,0,0.1014343388493681,False,05587455
05490500,2,880782,313,100.0,0.0,1.362,False,0,0.1014343388493681,False,05587455
05490500,2,880802,314,100.0,0.0,1.462,False,0,0.1014343388493681,False,05587455
05490500,2,880460,315,100.0,0.0,0.36,False,0,0.1014343388493681,True,05587455
05490500,2,880810,316,100.0,0.0,0.188,False,0,0.1014343388493681,True,05587455
05490500,2,880464,317,100.0,0.0,0.616,False,0,0.1014343388493681,True,05587455
05490500,2,880468,318,100.0,0.0,1.006,False,0,0.1014343388493681,True,05587455
05490500,2,880472,319,100.0,0.0,0.424,False,0,0.1014343388493681,True,05587455
05490500,2,880480,320,100.0,0.0,0.324,False,0,0.1014343388493681,True,05587455
05490500,2,880478,321,100.0,0.0,0.578,False,0,0.1014343388493681,True,05587455
05490500,2,880484,322,100.0,0.0,1.111,False,0,0.1014343388493681,True,05587455
05490500,2,880486,323,100.0,0.0,0.831,False,0,0.1014343388493681,True,05587455
05490500,2,24745901,324,100.0,0.0,0.557,False,0,0.1014343388493681,True,05587455
05490500,2,880754,325,100.0,0.0,0.426,False,0,0.1014343388493681,True,05587455
05490500,2,880780,326,100.0,0.0,1.947,False,0,0.1014343388493681,True,05587455
05490500,2,882688,327,100.0,0.0,0.201,False,0,0.1014343388493681,True,05587455
05490500,2,880512,328,100.0,91.463,0.06983266000000005,False,0,0.1014343388493681,True,05587455
05465500,3,11919825,0,46.955,0.0,2.4087915,False,0,0.0903450225103436,False,05587455
05465500,3,11919831,1,100.0,0.0,0.396,False,0,0.0903450225103436,False,05587455
05465500,3,11919837,2,100.0,0.0,0.945,False,0,0.0903450225103436,False,05587455
05465500,3,11919843,3,100.0,0.0,1.608,False,0,0.0903450225103436,False,05587455
05465500,3,11919851,4,100.0,0.0,3.2290000000000005,False,0,0.0903450225103436,False,05587455
05465500,3,11919853,5,100.0,0.0,0.965,False,0,0.0903450225103436,False,05587455
05465500,3,11919859,6,100.0,0.0,3.914,False,0,0.0903450225103436,False,05587455
05465500,3,11923655,7,100.0,0.0,11.388,False,0,0.0903450225103436,False,05587455
05465500,3,14807137,8,100.0,0.0,0.812,False,0,0.0903450225103436,False,05587455
05465500,3,14807129,9,100.0,0.0,0.49700000000000005,False,0,0.0903450225103436,False,05587455
05465500,3,14807133,10,100.0,0.0,0.569,False,0,0.0903450225103436,False,05587455
05465500,3,6961961,11,100.0,0.0,0.248,False,0,0.0903450225103436,False,05587455
05465500,3,6961203,12,100.0,0.0,0.098,False,0,0.0903450225103436,False,05587455
05465500,3,6961133,13,100.0,0.0,2.411,False,0,0.0903450225103436,False,05587455
05465500,3,6961205,14,100.0,0.0,0.521,False,0,0.0903450225103436,False,05587455
05465500,3,6961207,15,100.0,0.0,0.732,False,0,0.0903450225103436,False,05587455
05465500,3,6961215,16,100.0,0.0,2.388,False,0,0.0903450225103436,False,05587455
05465500,3,6971545,17,100.0,0.0,0.269,False,0,0.0903450225103436,False,05587455
05465500,3,6961213,18,100.0,0.0,0.086,False,0,0.0903450225103436,False,05587455
05465500,3,6961135,19,100.0,0.0,0.222,False,0,0.0903450225103436,False,05587455
05465500,3,6961141,20,100.0,0.0,1.195,False,0,0.0903450225103436,False,05587455
05465500,3,6961147,21,100.0,0.0,1.301,False,0,0.0903450225103436,False,05587455
05465500,3,6961247,22,100.0,0.0,0.573,False,0,0.0903450225103436,False,05587455
05465500,3,6961245,23,100.0,0.0,1.607,False,0,0.0903450225103436,False,05587455
05465500,3,6961243,24,100.0,0.0,0.608,False,0,0.0903450225103436,False,05587455
05465500,3,6961151,25,100.0,0.0,0.586,False,0,0.0903450225103436,False,05587455
05465500,3,6961263,26,100.0,0.0,0.331,False,0,0.0903450225103436,False,05587455
05465500,3,6971551,27,100.0,0.0,4.837,False,0,0.0903450225103436,False,05587455
05465500,3,6961317,28,100.0,0.0,1.253,False,0,0.0903450225103436,False,05587455
05465500,3,6961179,29,100.0,0.0,0.559,False,0,0.0903450225103436,False,05587455
05465500,3,6961187,30,100.0,0.0,0.907,False,0,0.0903450225103436,False,05587455
05465500,3,6971543,31,100.0,0.0,0.21899999999999997,False,0,0.0903450225103436,False,05587455
05465500,3,6961193,32,100.0,0.0,1.014,False,0,0.0903450225103436,False,05587455
05465500,3,6963489,33,100.0,0.0,0.3459999999999999,False,0,0.0903450225103436,False,05587455
05465500,3,6971535,34,100.0,0.0,1.388,False,0,0.0903450225103436,False,05587455
05465500,3,6963493,35,100.0,0.0,2.915,False,0,0.0903450225103436,False,05587455
05465500,3,6963495,36,100.0,0.0,1.191,False,0,0.0903450225103436,False,05587455
05465500,3,6963505,37,100.0,0.0,7.047999999999999,False,0,0.0903450225103436,False,05587455
05465500,3,6965737,38,100.0,0.0,0.502,False,0,0.0903450225103436,False,05587455
05465500,3,6965739,39,100.0,0.0,3.16,False,0,0.0903450225103436,False,05587455
05465500,3,6965741,40,100.0,0.0,0.513,False,0,0.0903450225103436,False,05587455
05465500,3,6966029,41,100.0,0.0,0.051,False,0,0.0903450225103436,False,05587455
05465500,3,6965745,42,100.0,0.0,0.577,False,0,0.0903450225103436,False,05587455
05465500,3,6971437,43,100.0,0.0,0.21600000000000003,False,0,0.0903450225103436,False,05587455
05465500,3,6966377,44,100.0,0.0,3.245,False,0,0.0903450225103436,False,05587455
05465500,3,6966331,45,100.0,0.0,3.6429999999999993,False,0,0.0903450225103436,False,05587455
05465500,3,6966329,46,100.0,0.0,0.7829999999999999,False,0,0.0903450225103436,False,05587455
05465500,3,6966327,47,100.0,0.0,1.098,False,0,0.0903450225103436,False,05587455
05465500,3,6966325,48,100.0,0.0,0.7559999999999999,False,0,0.0903450225103436,False,05587455
05465500,3,6966427,49,100.0,0.0,3.092,False,0,0.0903450225103436,False,05587455
05465500,3,6966321,50,100.0,0.0,2.562,False,0,0.0903450225103436,False,05587455
05465500,3,6966319,51,100.0,0.0,0.9940000000000001,False,0,0.0903450225103436,False,05587455
05465500,3,6966249,52,100.0,0.0,0.956,False,0,0.0903450225103436,False,05587455
05465500,3,6966247,53,100.0,0.0,0.985,False,0,0.0903450225103436,False,05587455
05465500,3,6966231,54,100.0,0.0,0.187,False,0,0.0903450225103436,False,05587455
05465500,3,6964795,55,100.0,0.0,0.207,False,0,0.0903450225103436,False,05587455
05465500,3,6966233,56,100.0,0.0,0.226,False,0,0.0903450225103436,False,05587455
05465500,3,6965797,57,100.0,0.0,1.255,False,0,0.0903450225103436,False,05587455
05465500,3,6966253,58,100.0,0.0,1.214,False,0,0.0903450225103436,False,05587455
05465500,3,6966251,59,100.0,0.0,0.291,False,0,0.0903450225103436,False,05587455
05465500,3,6966209,60,100.0,0.0,0.327,False,0,0.0903450225103436,False,05587455
05465500,3,6966185,61,100.0,0.0,0.37,False,0,0.0903450225103436,False,05587455
05465500,3,6966183,62,100.0,0.0,0.187,False,0,0.0903450225103436,False,05587455
05465500,3,6966119,63,100.0,0.0,0.331,False,0,0.0903450225103436,False,05587455
05465500,3,6966097,64,100.0,0.0,0.293,False,0,0.0903450225103436,False,05587455
05465500,3,6964947,65,100.0,0.0,0.098,False,0,0.0903450225103436,False,05587455
05465500,3,6964967,66,100.0,0.0,0.405,False,0,0.0903450225103436,False,05587455
05465500,3,6966099,67,100.0,0.0,0.206,False,0,0.0903450225103436,False,05587455
05465500,3,6966115,68,100.0,0.0,1.05,False,0,0.0903450225103436,False,05587455
05465500,3,6966087,69,100.0,0.0,0.233,False,0,0.0903450225103436,False,05587455
05465500,3,6965005,70,100.0,0.0,0.20800000000000002,False,0,0.0903450225103436,False,05587455
05465500,3,6966085,71,100.0,0.0,0.273,False,0,0.0903450225103436,False,05587455
05465500,3,6965839,72,100.0,0.0,0.235,False,0,0.0903450225103436,False,05587455
05465500,3,6965841,73,100.0,0.0,0.047,False,0,0.0903450225103436,False,05587455
05465500,3,6966089,74,100.0,0.0,0.10800000000000001,False,0,0.0903450225103436,False,05587455
05465500,3,6966081,75,100.0,0.0,0.22,False,0,0.0903450225103436,False,05587455
05465500,3,6965033,76,100.0,0.0,0.385,False,0,0.0903450225103436,False,05587455
05465500,3,6966083,77,100.0,0.0,0.158,False,0,0.0903450225103436,False,05587455
05465500,3,6966093,78,100.0,0.0,1.318,False,0,0.0903450225103436,False,05587455
05465500,3,6965845,79,100.0,0.0,0.047,False,0,0.0903450225103436,False,05587455
05465500,3,6965847,80,100.0,0.0,0.704,False,0,0.0903450225103436,False,05587455
05465500,3,6965849,81,100.0,0.0,0.144,False,0,0.0903450225103436,False,05587455
05465500,3,6971523,82,100.0,0.0,2.156,False,0,0.0903450225103436,False,05587455
05465500,3,6965859,83,100.0,0.0,2.47,False,0,0.0903450225103436,False,05587455
05465500,3,6965865,84,100.0,0.0,1.839,False,0,0.0903450225103436,False,05587455
05465500,3,6971469,85,100.0,0.0,0.268,False,0,0.0903450225103436,False,05587455
05465500,3,937080103,86,100.0,0.0,1.236,False,0,0.0903450225103436,False,05587455
05465500,3,937080102,87,100.0,0.0,1.608,False,0,0.0903450225103436,False,05587455
05465500,3,6965873,88,100.0,0.0,2.957,False,0,0.0903450225103436,False,05587455
05465500,3,6965877,89,100.0,0.0,1.325,False,0,0.0903450225103436,False,05587455
05465500,3,6965881,90,100.0,0.0,0.606,False,0,0.0903450225103436,False,05587455
05465500,3,6965891,91,100.0,0.0,1.771,False,0,0.0903450225103436,False,05587455
05465500,3,6965895,92,100.0,0.0,0.7340000000000001,False,0,0.0903450225103436,False,05587455
05465500,3,6965897,93,100.0,0.0,0.262,False,0,0.0903450225103436,False,05587455
05465500,3,6965905,94,100.0,0.0,0.878,False,0,0.0903450225103436,False,05587455
05465500,3,6965907,95,100.0,0.0,0.162,False,0,0.0903450225103436,False,05587455
05465500,3,6971527,96,100.0,0.0,0.385,False,0,0.0903450225103436,False,05587455
05465500,3,6965915,97,100.0,0.0,0.7189999999999999,False,0,0.0903450225103436,False,05587455
05465500,3,6965919,98,100.0,0.0,1.795,False,0,0.0903450225103436,False,05587455
05465500,3,6966053,99,100.0,0.0,2.576,False,0,0.0903450225103436,False,05587455
05465500,3,6965923,100,100.0,0.0,0.981,False,0,0.0903450225103436,False,05587455
05465500,3,6965929,101,100.0,0.0,0.37200000000000005,False,0,0.0903450225103436,False,05587455
05465500,3,6966075,102,100.0,0.0,0.298,False,0,0.0903450225103436,False,05587455
05465500,3,6966073,103,100.0,0.0,0.59,False,0,0.0903450225103436,False,05587455
05465500,3,6966071,104,100.0,0.0,0.183,False,0,0.0903450225103436,False,05587455
05465500,3,6966069,105,100.0,0.0,0.306,False,0,0.0903450225103436,False,05587455
05465500,3,6966067,106,100.0,0.0,0.23799999999999996,False,0,0.0903450225103436,False,05587455
05465500,3,6966065,107,100.0,0.0,0.647,False,0,0.0903450225103436,False,05587455
05465500,3,6965931,108,100.0,0.0,0.583,False,0,0.0903450225103436,False,05587455
05465500,3,6965941,109,100.0,0.0,0.41600000000000004,False,0,0.0903450225103436,False,05587455
05465500,3,6965947,110,100.0,0.0,0.915,False,0,0.0903450225103436,False,05587455
05465500,3,6965949,111,100.0,0.0,2.558,False,0,0.0903450225103436,False,05587455
05465500,3,6965957,112,100.0,0.0,0.852,False,0,0.0903450225103436,False,05587455
05465500,3,6965969,113,100.0,0.0,2.77,False,0,0.0903450225103436,False,05587455
05465500,3,6965977,114,100.0,0.0,1.342,False,0,0.0903450225103436,False,05587455
05465500,3,6965981,115,100.0,0.0,0.885,False,0,0.0903450225103436,False,05587455
05465500,3,6965983,116,100.0,0.0,0.18099999999999997,False,0,0.0903450225103436,False,05587455
05465500,3,6966803,117,100.0,0.0,0.449,False,0,0.0903450225103436,False,05587455
05465500,3,6966809,118,100.0,0.0,0.587,False,0,0.0903450225103436,False,05587455
05465500,3,6966811,119,100.0,0.0,2.391,False,0,0.0903450225103436,False,05587455
05465500,3,6966823,120,100.0,0.0,0.9469999999999998,False,0,0.0903450225103436,False,05587455
05465500,3,6966827,121,100.0,0.0,0.9570000000000001,False,0,0.0903450225103436,False,05587455
05465500,3,6966835,122,100.0,0.0,0.804,False,0,0.0903450225103436,False,05587455
05465500,3,6966845,123,100.0,0.0,2.31,False,0,0.0903450225103436,False,05587455
05465500,3,6966851,124,100.0,0.0,0.903,False,0,0.0903450225103436,False,05587455
05465500,3,6966855,125,100.0,0.0,2.322,False,0,0.0903450225103436,False,05587455
05465500,3,6966857,126,100.0,0.0,0.21600000000000003,False,0,0.0903450225103436,False,05587455
05465500,3,6966859,127,100.0,0.0,0.434,False,0,0.0903450225103436,False,05587455
05465500,3,6966863,128,100.0,0.0,1.388,False,0,0.0903450225103436,False,05587455
05465500,3,6966867,129,100.0,0.0,0.548,False,0,0.0903450225103436,False,05587455
05465500,3,6966877,130,100.0,0.0,0.527,False,0,0.0903450225103436,False,05587455
05465500,3,6966705,131,100.0,0.0,0.199,False,0,0.0903450225103436,False,05587455
05465500,3,6966879,132,100.0,0.0,0.493,False,0,0.0903450225103436,False,05587455
05465500,3,6966873,133,100.0,0.0,0.402,False,0,0.0903450225103436,False,05587455
05465500,3,6966875,134,100.0,0.0,0.11,False,0,0.0903450225103436,False,05587455
05465500,3,6966881,135,100.0,0.0,1.067,False,0,0.0903450225103436,False,05587455
05465500,3,6966883,136,100.0,0.0,1.047,False,0,0.0903450225103436,False,05587455
05465500,3,5802988,137,100.0,0.0,1.101,False,0,0.0903450225103436,False,05587455
05465500,3,5803256,138,100.0,0.0,0.562,False,0,0.0903450225103436,False,05587455
05465500,3,5802992,139,100.0,0.0,0.38299999999999995,False,0,0.0903450225103436,False,05587455
05465500,3,5802996,140,100.0,0.0,0.787,False,0,0.0903450225103436,False,05587455
05465500,3,5803002,141,100.0,0.0,0.868,False,0,0.0903450225103436,False,05587455
05465500,3,5803006,142,100.0,0.0,1.757,False,0,0.0903450225103436,False,05587455
05465500,3,5803012,143,100.0,0.0,0.501,False,0,0.0903450225103436,False,05587455
05465500,3,5803014,144,100.0,0.0,6.843,False,0,0.0903450225103436,False,05587455
05465500,3,5803288,145,100.0,0.0,3.0439999999999996,False,0,0.0903450225103436,False,05587455
05465500,3,5803272,146,100.0,0.0,2.9760000000000004,False,0,0.0903450225103436,False,05587455
05465500,3,5803282,147,100.0,0.0,0.327,False,0,0.0903450225103436,False,05587455
05465500,3,5803280,148,100.0,0.0,0.148,False,0,0.0903450225103436,False,05587455
05465500,3,5803296,149,100.0,0.0,0.355,False,0,0.0903450225103436,False,05587455
05465500,3,5801836,150,100.0,0.0,0.143,False,0,0.0903450225103436,False,05587455
05465500,3,5803294,151,100.0,0.0,0.347,False,0,0.0903450225103436,False,05587455
05465500,3,5803276,152,100.0,0.0,0.068,False,0,0.0903450225103436,False,05587455
05465500,3,5803326,153,100.0,0.0,1.153,False,0,0.0903450225103436,False,05587455
05465500,3,5803324,154,100.0,0.0,0.531,False,0,0.0903450225103436,False,05587455
05465500,3,5803318,155,100.0,0.0,0.386,False,0,0.0903450225103436,False,05587455
05465500,3,5803310,156,100.0,0.0,0.867,False,0,0.0903450225103436,False,05587455
05465500,3,5803308,157,100.0,0.0,0.18600000000000003,False,0,0.0903450225103436,False,05587455
05465500,3,5803312,158,100.0,0.0,0.691,False,0,0.0903450225103436,False,05587455
05465500,3,5803056,159,100.0,0.0,0.579,False,0,0.0903450225103436,False,05587455
05465500,3,5803344,160,100.0,0.0,3.048,False,0,0.0903450225103436,False,05587455
05465500,3,5803072,161,100.0,0.0,0.44800000000000006,False,0,0.0903450225103436,False,05587455
05465500,3,5803080,162,100.0,0.0,1.9069999999999998,False,0,0.0903450225103436,False,05587455
05465500,3,5803084,163,100.0,0.0,0.144,False,0,0.0903450225103436,False,05587455
05465500,3,5803082,164,100.0,0.0,0.4040000000000001,False,0,0.0903450225103436,False,05587455
05465500,3,5802216,165,100.0,0.0,0.519,False,0,0.0903450225103436,False,05587455
05465500,3,5803090,166,100.0,0.0,0.368,False,0,0.0903450225103436,False,05587455
05465500,3,5803092,167,100.0,0.0,0.361,False,0,0.0903450225103436,False,05587455
05465500,3,5803094,168,100.0,0.0,0.321,False,0,0.0903450225103436,False,05587455
05465500,3,5803098,169,100.0,0.0,0.55,False,0,0.0903450225103436,False,05587455
05465500,3,5803446,170,100.0,0.0,2.912,False,0,0.0903450225103436,False,05587455
05465500,3,5803444,171,100.0,0.0,1.864,False,0,0.0903450225103436,False,05587455
05465500,3,5803442,172,100.0,0.0,1.307,False,0,0.0903450225103436,False,05587455
05465500,3,5803440,173,100.0,0.0,0.154,False,0,0.0903450225103436,False,05587455
05465500,3,5803432,174,100.0,0.0,0.09700000000000002,False,0,0.0903450225103436,False,05587455
05465500,3,5803430,175,100.0,0.0,0.866,False,0,0.0903450225103436,False,05587455
05465500,3,5803398,176,100.0,0.0,2.7709999999999995,False,0,0.0903450225103436,False,05587455
05465500,3,5803388,177,100.0,0.0,1.6870000000000003,False,0,0.0903450225103436,False,05587455
05465500,3,5803366,178,100.0,0.0,1.791,False,0,0.0903450225103436,False,05587455
05465500,3,5803372,179,100.0,0.0,0.43,False,0,0.0903450225103436,False,05587455
05465500,3,5803362,180,100.0,0.0,2.121,False,0,0.0903450225103436,False,05587455
05465500,3,5803150,181,100.0,0.0,0.904,False,0,0.0903450225103436,False,05587455
05465500,3,5803948,182,100.0,0.0,0.26,False,0,0.0903450225103436,False,05587455
05465500,3,5803950,183,100.0,0.0,0.633,False,0,0.0903450225103436,False,05587455
05465500,3,5803910,184,100.0,0.0,1.694,False,0,0.0903450225103436,False,05587455
05465500,3,5803914,185,100.0,0.0,0.613,False,0,0.0903450225103436,False,05587455
05465500,3,5803916,186,100.0,0.0,0.6629999999999999,False,0,0.0903450225103436,False,05587455
05465500,3,5803766,187,100.0,0.0,0.7,False,0,0.0903450225103436,False,05587455
05465500,3,5803764,188,100.0,0.0,0.274,False,0,0.0903450225103436,False,05587455
05465500,3,5803920,189,100.0,0.0,0.558,False,0,0.0903450225103436,False,05587455
05465500,3,5803922,190,100.0,0.0,0.576,False,0,0.0903450225103436,False,05587455
05465500,3,5803924,191,100.0,0.0,0.527,False,0,0.0903450225103436,False,05587455
05465500,3,5803772,192,100.0,0.0,0.7019999999999998,False,0,0.0903450225103436,False,05587455
05465500,3,5803928,193,100.0,0.0,0.521,False,0,0.0903450225103436,False,05587455
05465500,3,5803964,194,100.0,0.0,0.875,False,0,0.0903450225103436,False,05587455
05465500,3,5803972,195,100.0,0.0,1.67,False,0,0.0903450225103436,False,05587455
05465500,3,5803970,196,100.0,0.0,0.16400000000000003,False,0,0.0903450225103436,False,05587455
05465500,3,5803968,197,100.0,0.0,0.439,False,0,0.0903450225103436,False,05587455
05465500,3,5803966,198,100.0,0.0,2.471,False,0,0.0903450225103436,False,05587455
05465500,3,5803934,199,100.0,0.0,2.477,False,0,0.0903450225103436,False,05587455
05465500,3,5803938,200,100.0,0.0,0.613,False,0,0.0903450225103436,False,05587455
05465500,3,5803958,201,100.0,0.0,1.767,False,0,0.0903450225103436,False,05587455
05465500,3,5803960,202,100.0,0.0,1.345,False,0,0.0903450225103436,False,05587455
05465500,3,2927803,203,100.0,0.0,0.762,False,0,0.0903450225103436,False,05587455
05465500,3,937110078,204,100.0,0.0,2.278,False,0,0.0903450225103436,False,05587455
05465500,3,937110079,205,100.0,0.0,1.148,False,0,0.0903450225103436,False,05587455
05465500,3,2927419,206,100.0,0.0,0.49200000000000005,False,0,0.0903450225103436,False,05587455
05465500,3,2927423,207,100.0,0.0,0.291,False,0,0.0903450225103436,False,05587455
05465500,3,2927793,208,100.0,0.0,0.10100000000000002,False,0,0.0903450225103436,False,05587455
05465500,3,2927791,209,100.0,0.0,2.6519999999999997,False,0,0.0903450225103436,False,05587455
05465500,3,2927789,210,100.0,0.0,0.183,False,0,0.0903450225103436,False,05587455
05465500,3,2927785,211,100.0,0.0,0.8590000000000001,False,0,0.0903450225103436,False,05587455
05465500,3,2927437,212,100.0,0.0,0.48,False,0,0.0903450225103436,False,05587455
05465500,3,2927765,213,100.0,0.0,0.9890000000000001,False,0,0.0903450225103436,False,05587455
05465500,3,2927771,214,100.0,0.0,1.3839999999999997,False,0,0.0903450225103436,False,05587455
05465500,3,2927773,215,100.0,0.0,0.038,False,0,0.0903450225103436,False,05587455
05465500,3,2927215,216,100.0,0.0,0.417,False,0,0.0903450225103436,False,05587455
05465500,3,2927767,217,100.0,0.0,0.42,False,0,0.0903450225103436,False,05587455
05465500,3,2927761,218,100.0,0.0,1.601,False,0,0.0903450225103436,False,05587455
05465500,3,2927447,219,100.0,0.0,0.344,False,0,0.0903450225103436,False,05587455
05465500,3,2927455,220,100.0,0.0,0.505,False,0,0.0903450225103436,False,05587455
05465500,3,2927469,221,100.0,0.0,1.304,False,0,0.0903450225103436,False,05587455
05465500,3,2927473,222,100.0,0.0,1.749,False,0,0.0903450225103436,False,05587455
05465500,3,2938415,223,100.0,0.0,2.244,False,0,0.0903450225103436,False,05587455
05465500,3,2938535,224,100.0,0.0,0.868,False,0,0.0903450225103436,False,05587455
05465500,3,2927749,225,100.0,0.0,2.225,False,0,0.0903450225103436,False,05587455
05465500,3,2927513,226,100.0,0.0,0.618,False,0,0.0903450225103436,False,05587455
05465500,3,2927525,227,100.0,0.0,3.034,False,0,0.0903450225103436,False,05587455
05465500,3,2927529,228,100.0,0.0,2.253,False,0,0.0903450225103436,False,05587455
05465500,3,2927531,229,100.0,0.0,0.286,False,0,0.0903450225103436,False,05587455
05465500,3,2927535,230,100.0,0.0,3.273,False,0,0.0903450225103436,False,05587455
05465500,3,2927537,231,100.0,0.0,0.196,False,0,0.0903450225103436,False,05587455
05465500,3,2927547,232,100.0,0.0,3.471,False,0,0.0903450225103436,False,05587455
05465500,3,2927551,233,100.0,0.0,0.151,False,0,0.0903450225103436,False,05587455
05465500,3,2927555,234,100.0,0.0,1.445,False,0,0.0903450225103436,False,05587455
05465500,3,2927561,235,100.0,0.0,1.081,False,0,0.0903450225103436,False,05587455
05465500,3,2927567,236,100.0,0.0,1.4039999999999997,False,0,0.0903450225103436,False,05587455
05465500,3,2927571,237,100.0,0.0,0.501,False,0,0.0903450225103436,False,05587455
05465500,3,2927581,238,100.0,0.0,3.0069999999999997,False,0,0.0903450225103436,False,05587455
05465500,3,2927589,239,100.0,0.0,2.274,False,0,0.0903450225103436,False,05587455
05465500,3,2927727,240,100.0,0.0,0.321,False,0,0.0903450225103436,False,05587455
05465500,3,2927731,241,100.0,0.0,0.37,False,0,0.0903450225103436,False,05587455
05465500,3,2926955,242,100.0,0.0,2.187,False,0,0.0903450225103436,False,05587455
05465500,3,2927729,243,100.0,0.0,0.265,False,0,0.0903450225103436,False,05587455
05465500,3,2927711,244,100.0,0.0,0.266,False,0,0.0903450225103436,False,05587455
05465500,3,2927597,245,100.0,0.0,1.179,False,0,0.0903450225103436,False,05587455
05465500,3,2927699,246,100.0,0.0,0.688,False,0,0.0903450225103436,False,05587455
05465500,3,2927717,247,100.0,0.0,0.795,False,0,0.0903450225103436,False,05587455
05465500,3,2927715,248,100.0,0.0,0.303,False,0,0.0903450225103436,False,05587455
05465500,3,2927709,249,100.0,0.0,2.9760000000000004,False,0,0.0903450225103436,False,05587455
05465500,3,2927687,250,100.0,0.0,1.631,False,0,0.0903450225103436,False,05587455
05465500,3,2927671,251,100.0,0.0,0.623,False,0,0.0903450225103436,False,05587455
05465500,3,2927683,252,100.0,0.0,1.203,False,0,0.0903450225103436,False,05587455
05465500,3,2927607,253,100.0,0.0,0.528,False,0,0.0903450225103436,False,05587455
05465500,3,2927653,254,100.0,0.0,0.948,False,0,0.0903450225103436,False,05587455
05465500,3,2927647,255,100.0,0.0,1.784,False,0,0.0903450225103436,False,05587455
05465500,3,2927665,256,100.0,0.0,0.48,False,0,0.0903450225103436,False,05587455
05465500,3,2927661,257,100.0,0.0,0.22400000000000003,False,0,0.0903450225103436,False,05587455
05465500,3,2927659,258,100.0,0.0,0.039,False,0,0.0903450225103436,False,05587455
05465500,3,2927111,259,100.0,0.0,0.718,False,0,0.0903450225103436,False,05587455
05465500,3,2927649,260,100.0,0.0,0.251,False,0,0.0903450225103436,False,05587455
05465500,3,2927617,261,100.0,0.0,0.28,False,0,0.0903450225103436,False,05587455
05465500,3,2932157,262,100.0,0.0,0.878,False,0,0.0903450225103436,False,05587455
05465500,3,2932159,263,100.0,0.0,0.889,False,0,0.0903450225103436,False,05587455
05465500,3,2932235,264,100.0,0.0,0.7509999999999999,False,0,0.0903450225103436,False,05587455
05465500,3,2932161,265,100.0,0.0,0.064,False,0,0.0903450225103436,False,05587455
05465500,3,2931641,266,100.0,0.0,0.382,False,0,0.0903450225103436,False,05587455
05465500,3,2932213,267,100.0,0.0,0.26,True,2931115,0.0903450225103436,False,05587455
05465500,3,2932217,268,100.0,0.0,0.311,True,2931115,0.0903450225103436,False,05587455
05465500,3,2932221,269,100.0,0.0,0.473,True,2931115,0.0903450225103436,False,05587455
05465500,3,2932223,270,100.0,0.0,0.07,False,0,0.0903450225103436,False,05587455
05465500,3,4869809,271,100.0,0.0,0.759,False,0,0.0903450225103436,False,05587455
05465500,3,4872015,272,100.0,0.0,0.465,False,0,0.0903450225103436,False,05587455
05465500,3,2932173,273,100.0,0.0,3.127,False,0,0.0903450225103436,False,05587455
05465500,3,2932177,274,100.0,0.0,2.275,False,0,0.0903450225103436,False,05587455
05465500,3,2932183,275,100.0,0.0,1.479,False,0,0.0903450225103436,False,05587455
05465500,3,2930505,276,100.0,0.0,0.301,False,0,0.0903450225103436,False,05587455
05465500,3,2931037,277,100.0,0.0,1.334,False,0,0.0903450225103436,False,05587455
05465500,3,2930867,278,100.0,0.0,1.9140000000000001,False,0,0.0903450225103436,False,05587455
05465500,3,2930813,279,100.0,0.0,0.542,False,0,0.0903450225103436,False,05587455
05465500,3,2930811,280,100.0,0.0,0.698,False,0,0.0903450225103436,False,05587455
05465500,3,2930529,281,100.0,0.0,1.712,False,0,0.0903450225103436,False,05587455
05465500,3,2930533,282,100.0,0.0,0.871,False,0,0.0903450225103436,False,05587455
05465500,3,2930993,283,100.0,0.0,0.3,False,0,0.0903450225103436,False,05587455
05465500,3,2931035,284,100.0,0.0,1.745,False,0,0.0903450225103436,False,05587455
05465500,3,2930543,285,100.0,0.0,0.242,False,0,0.0903450225103436,False,05587455
05465500,3,2930875,286,100.0,0.0,0.485,False,0,0.0903450225103436,False,05587455
05465500,3,2930783,287,100.0,0.0,0.829,False,0,0.0903450225103436,False,05587455
05465500,3,2930781,288,100.0,0.0,0.315,False,0,0.0903450225103436,False,05587455
05465500,3,2929169,289,100.0,0.0,0.064,False,0,0.0903450225103436,False,05587455
05465500,3,2930785,290,100.0,0.0,0.111,False,0,0.0903450225103436,False,05587455
05465500,3,2930873,291,100.0,0.0,0.45399999999999996,False,0,0.0903450225103436,False,05587455
05465500,3,2930547,292,100.0,0.0,0.18099999999999997,False,0,0.0903450225103436,False,05587455
05465500,3,2930779,293,100.0,0.0,3.756,False,0,0.0903450225103436,False,05587455
05465500,3,2930879,294,100.0,0.0,1.855,False,0,0.0903450225103436,False,05587455
05465500,3,2930899,295,100.0,0.0,4.884,False,0,0.0903450225103436,False,05587455
05465500,3,2930837,296,100.0,0.0,0.217,False,0,0.0903450225103436,False,05587455
05465500,3,2929347,297,100.0,0.0,0.583,False,0,0.0903450225103436,False,05587455
05465500,3,2930571,298,100.0,0.0,0.264,False,0,0.0903450225103436,False,05587455
05465500,3,2930575,299,100.0,0.0,0.423,False,0,0.0903450225103436,False,05587455
05465500,3,2930581,300,100.0,0.0,5.492000000000001,False,0,0.0903450225103436,False,05587455
05465500,3,2938437,301,100.0,0.0,1.032,False,0,0.0903450225103436,False,05587455
05465500,3,2930915,302,100.0,0.0,1.169,False,0,0.0903450225103436,False,05587455
05465500,3,2930595,303,100.0,0.0,3.128,False,0,0.0903450225103436,False,05587455
05465500,3,2930601,304,100.0,0.0,1.124,False,0,0.0903450225103436,False,05587455
05465500,3,2930603,305,100.0,0.0,0.409,False,0,0.0903450225103436,False,05587455
05465500,3,2930607,306,100.0,0.0,0.718,False,0,0.0903450225103436,False,05587455
05465500,3,2938441,307,100.0,0.0,0.33,False,0,0.0903450225103436,False,05587455
05465500,3,2938445,308,100.0,0.0,0.544,False,0,0.0903450225103436,False,05587455
05465500,3,2930845,309,100.0,0.0,0.58,False,0,0.0903450225103436,False,05587455
05465500,3,2930923,310,100.0,0.0,0.032,False,0,0.0903450225103436,False,05587455
05465500,3,2929661,311,100.0,0.0,0.029000000000000005,False,0,0.0903450225103436,False,05587455
05465500,3,2930919,312,100.0,0.0,0.109,False,0,0.0903450225103436,False,05587455
05465500,3,2930921,313,100.0,0.0,0.465,False,0,0.0903450225103436,False,05587455
05465500,3,2930847,314,100.0,0.0,1.168,False,0,0.0903450225103436,False,05587455
05465500,3,2930619,315,100.0,0.0,0.554,False,0,0.0903450225103436,False,05587455
05465500,3,2930625,316,100.0,0.0,0.546,False,0,0.0903450225103436,False,05587455
05465500,3,2938449,317,100.0,0.0,0.395,False,0,0.0903450225103436,False,05587455
05465500,3,2930839,318,100.0,0.0,2.15,False,0,0.0903450225103436,False,05587455
05465500,3,2930861,319,100.0,0.0,1.763,False,0,0.0903450225103436,False,05587455
05465500,3,2930641,320,100.0,0.0,0.44800000000000006,False,0,0.0903450225103436,False,05587455
05465500,3,2938505,321,100.0,0.0,0.7879999999999999,False,0,0.0903450225103436,False,05587455
05465500,3,2930841,322,100.0,0.0,0.551,False,0,0.0903450225103436,False,05587455
05465500,3,2930929,323,100.0,0.0,0.094,False,0,0.0903450225103436,False,05587455
05465500,3,2929909,324,100.0,0.0,0.392,False,0,0.0903450225103436,False,05587455
05465500,3,2930933,325,100.0,0.0,0.096,False,0,0.0903450225103436,False,05587455
05465500,3,2930935,326,100.0,0.0,0.102,False,0,0.0903450225103436,False,05587455
05465500,3,2930855,327,100.0,0.0,0.38299999999999995,False,0,0.0903450225103436,False,05587455
05465500,3,2930649,328,100.0,0.0,1.253,False,0,0.0903450225103436,False,05587455
05465500,3,2930651,329,100.0,0.0,0.096,False,0,0.0903450225103436,False,05587455
05465500,3,2938455,330,100.0,0.0,0.635,False,0,0.0903450225103436,False,05587455
05465500,3,2930677,331,100.0,0.0,0.6679999999999999,False,0,0.0903450225103436,False,05587455
05465500,3,2930671,332,100.0,0.0,0.168,False,0,0.0903450225103436,False,05587455
05465500,3,2930669,333,100.0,0.0,0.088,False,0,0.0903450225103436,False,05587455
05465500,3,2929979,334,100.0,0.0,0.161,False,0,0.0903450225103436,False,05587455
05465500,3,2930819,335,100.0,0.0,0.024,False,0,0.0903450225103436,False,05587455
05465500,3,2930683,336,100.0,0.0,0.659,False,0,0.0903450225103436,False,05587455
05465500,3,2931025,337,100.0,0.0,0.062,False,0,0.0903450225103436,False,05587455
05465500,3,2931023,338,100.0,0.0,0.373,False,0,0.0903450225103436,False,05587455
05465500,3,2931007,339,100.0,0.0,0.467,False,0,0.0903450225103436,False,05587455
05465500,3,2930949,340,100.0,0.0,0.253,False,0,0.0903450225103436,False,05587455
05465500,3,2930953,341,100.0,0.0,0.12,False,0,0.0903450225103436,False,05587455
05465500,3,2930957,342,100.0,0.0,0.209,False,0,0.0903450225103436,False,05587455
05465500,3,2930963,343,100.0,0.0,0.31,False,0,0.0903450225103436,False,05587455
05465500,3,2931011,344,100.0,0.0,0.262,False,0,0.0903450225103436,False,05587455
05465500,3,2931019,345,100.0,0.0,0.21600000000000003,False,0,0.0903450225103436,False,05587455
05465500,3,2930703,346,100.0,0.0,0.931,False,0,0.0903450225103436,False,05587455
05465500,3,2930709,347,100.0,0.0,0.253,False,0,0.0903450225103436,False,05587455
05465500,3,2930713,348,100.0,0.0,1.023,False,0,0.0903450225103436,False,05587455
05465500,3,2938477,349,100.0,0.0,0.14,False,0,0.0903450225103436,False,05587455
05465500,3,2930719,350,100.0,0.0,0.637,False,0,0.0903450225103436,False,05587455
05465500,3,2938485,351,100.0,0.0,0.458,False,0,0.0903450225103436,False,05587455
05465500,3,2930723,352,100.0,0.0,0.466,False,0,0.0903450225103436,False,05587455
05465500,3,2931017,353,100.0,0.0,0.591,False,0,0.0903450225103436,False,05587455
05465500,3,2930981,354,100.0,0.0,1.229,False,0,0.0903450225103436,False,05587455
05465500,3,2930805,355,100.0,0.0,0.546,False,0,0.0903450225103436,False,05587455
05465500,3,2930983,356,100.0,0.0,0.632,False,0,0.0903450225103436,False,05587455
05465500,3,2930789,357,100.0,0.0,1.8129999999999997,False,0,0.0903450225103436,False,05587455
05465500,3,2938489,358,100.0,0.0,1.446,False,0,0.0903450225103436,False,05587455
05465500,3,2930755,359,100.0,0.0,0.81,False,0,0.0903450225103436,False,05587455
05465500,3,2930757,360,100.0,0.0,0.8590000000000001,False,0,0.0903450225103436,False,05587455
05465500,3,2930761,361,100.0,0.0,0.062,False,0,0.0903450225103436,False,05587455
05465500,3,2930763,362,100.0,0.0,0.43,False,0,0.0903450225103436,False,05587455
05465500,3,2930767,363,100.0,0.0,0.52,False,0,0.0903450225103436,False,05587455
05465500,3,2930771,364,100.0,0.0,0.08,False,0,0.0903450225103436,False,05587455
05465500,3,2932865,365,100.0,0.0,0.704,False,0,0.0903450225103436,False,05587455
05465500,3,2932869,366,100.0,0.0,1.6569999999999998,False,0,0.0903450225103436,False,05587455
05465500,3,2932905,367,100.0,0.0,1.141,False,0,0.0903450225103436,False,05587455
05465500,3,2932895,368,100.0,0.0,1.9270000000000003,False,0,0.0903450225103436,False,05587455
05465500,3,2932897,369,100.0,0.0,2.7739999999999996,False,0,0.0903450225103436,False,05587455
05465500,3,880588,370,100.0,0.0,2.85,False,0,0.0903450225103436,False,05587455
05465500,3,880600,371,100.0,0.0,1.218,False,0,0.0903450225103436,False,05587455
05465500,3,882726,372,100.0,0.0,0.037,False,0,0.0903450225103436,False,05587455
05465500,3,880808,373,100.0,0.0,0.374,False,0,0.0903450225103436,False,05587455
05465500,3,880758,374,100.0,0.0,1.332,False,0,0.0903450225103436,False,05587455
05465500,3,880626,375,100.0,0.0,1.514,False,0,0.0903450225103436,False,05587455
05465500,3,880820,376,100.0,0.0,0.645,False,0,0.0903450225103436,False,05587455
05465500,3,880640,377,100.0,0.0,1.221,False,0,0.0903450225103436,False,05587455
05465500,3,880644,378,100.0,0.0,0.067,False,0,0.0903450225103436,False,05587455
05465500,3,880668,379,100.0,0.0,3.043,False,0,0.0903450225103436,False,05587455
05465500,3,880818,380,100.0,0.0,1.283,False,0,0.0903450225103436,False,05587455
05465500,3,880676,381,100.0,0.0,1.5629999999999997,False,0,0.0903450225103436,False,05587455
05465500,3,880770,382,100.0,0.0,1.453,False,0,0.0903450225103436,False,05587455
05465500,3,880772,383,100.0,0.0,1.44,False,0,0.0903450225103436,False,05587455
05465500,3,882708,384,100.0,0.0,4.884,False,0,0.0903450225103436,False,05587455
05465500,3,880594,385,100.0,0.0,0.22400000000000003,False,0,0.0903450225103436,False,05587455
05465500,3,879816,386,100.0,0.0,1.307,False,0,0.0903450225103436,False,05587455
05465500,3,880582,387,100.0,0.0,0.281,False,0,0.0903450225103436,False,05587455
05465500,3,880576,388,100.0,0.0,0.604,False,0,0.0903450225103436,False,05587455
05465500,3,880572,389,100.0,0.0,2.249,False,0,0.0903450225103436,False,05587455
05465500,3,880534,390,100.0,0.0,0.985,False,0,0.0903450225103436,False,05587455
05465500,3,880782,391,100.0,0.0,1.362,False,0,0.0903450225103436,False,05587455
05465500,3,880802,392,100.0,0.0,1.462,False,0,0.0903450225103436,False,05587455
05465500,3,880460,393,100.0,0.0,0.36,False,0,0.0903450225103436,True,05587455
05465500,3,880810,394,100.0,0.0,0.188,False,0,0.0903450225103436,True,05587455
05465500,3,880464,395,100.0,0.0,0.616,False,0,0.0903450225103436,True,05587455
05465500,3,880468,396,100.0,0.0,1.006,False,0,0.0903450225103436,True,05587455
05465500,3,880472,397,100.0,0.0,0.424,False,0,0.0903450225103436,True,05587455
05465500,3,880480,398,100.0,0.0,0.324,False,0,0.0903450225103436,True,05587455
05465500,3,880478,399,100.0,0.0,0.578,False,0,0.0903450225103436,True,05587455
05465500,3,880484,400,100.0,0.0,1.111,False,0,0.0903450225103436,True,05587455
05465500,3,880486,401,100.0,0.0,0.831,False,0,0.0903450225103436,True,05587455
05465500,3,24745901,402,100.0,0.0,0.557,False,0,0.0903450225103436,True,05587455
05465500,3,880754,403,100.0,0.0,0.426,False,0,0.0903450225103436,True,05587455
05465500,3,880780,404,100.0,0.0,1.947,False,0,0.0903450225103436,True,05587455
05465500,3,882688,405,100.0,0.0,0.201,False,0,0.0903450225103436,True,05587455
05465500,3,880512,406,100.0,91.463,0.06983266000000005,False,0,0.0903450225103436,True,05587455
06279500,0,12802834,0,0.0,0.0,0.0,False,0,0.7719741393531563,False,06295000
06279500,0,12802828,1,100.0,0.0,0.434,False,0,0.7719741393531563,False,06295000
06279500,0,12802820,2,100.0,0.0,0.04,False,0,0.7719741393531563,False,06295000
06279500,0,12802818,3,100.0,0.0,0.319,False,0,0.7719741393531563,False,06295000
06279500,0,4428779,4,100.0,0.0,0.723,True,167204997,0.7719741393531563,False,06295000
06279500,0,4433629,5,100.0,0.0,0.44,True,167204997,0.7719741393531563,False,06295000
06279500,0,4428761,6,100.0,0.0,0.182,True,167204997,0.7719741393531563,False,06295000
06279500,0,4428753,7,100.0,0.0,0.195,True,167204997,0.7719741393531563,False,06295000
06279500,0,4428745,8,100.0,0.0,1.722,True,167204997,0.7719741393531563,False,06295000
06279500,0,4428741,9,100.0,0.0,0.616,True,167204997,0.7719741393531563,False,06295000
06279500,0,4428733,10,100.0,0.0,0.297,True,167204997,0.7719741393531563,False,06295000
06279500,0,4428727,11,100.0,0.0,1.556,True,167204997,0.7719741393531563,False,06295000
06279500,0,4428719,12,100.0,0.0,0.976,True,167204997,0.7719741393531563,False,06295000
06279500,0,4428715,13,100.0,0.0,1.423,True,167204997,0.7719741393531563,False,06295000
06279500,0,4428709,14,100.0,0.0,1.709,True,167204997,0.7719741393531563,False,06295000
06279500,0,4428699,15,100.0,0.0,0.18,True,167204997,0.7719741393531563,False,06295000
06279500,0,4428693,16,100.0,0.0,1.279,True,167204997,0.7719741393531563,False,06295000
06279500,0,4428677,17,100.0,0.0,0.022,True,167204997,0.7719741393531563,False,06295000
06279500,0,4428675,18,100.0,0.0,0.002,True,167204997,0.7719741393531563,False,06295000
06279500,0,4428673,19,100.0,0.0,1.152,True,167204997,0.7719741393531563,False,06295000
06279500,0,4428671,20,100.0,0.0,0.115,True,167204997,0.7719741393531563,False,06295000
06279500,0,4433625,21,100.0,0.0,0.976,True,167204997,0.7719741393531563,False,06295000
06279500,0,4433623,22,100.0,0.0,0.3509999999999999,True,167204997,0.7719741393531563,False,06295000
06279500,0,4433621,23,100.0,0.0,0.796,True,167204997,0.7719741393531563,False,06295000
06279500,0,4433619,24,100.0,0.0,0.355,True,167204997,0.7719741393531563,False,06295000
06279500,0,4433617,25,100.0,0.0,1.705,True,167204997,0.7719741393531563,False,06295000
06279500,0,4428669,26,100.0,0.0,0.402,True,167204997,0.7719741393531563,False,06295000
06279500,0,4428631,27,100.0,0.0,0.03,True,167204997,0.7719741393531563,False,06295000
06279500,0,4428625,28,100.0,0.0,0.884,True,167204997,0.7719741393531563,False,06295000
06279500,0,4428603,29,100.0,0.0,0.288,True,167204997,0.7719741393531563,False,06295000
06279500,0,4428953,30,100.0,0.0,0.41600000000000004,True,167204997,0.7719741393531563,False,06295000
06279500,0,4428955,31,100.0,0.0,0.114,True,167204997,0.7719741393531563,False,06295000
06279500,0,4428957,32,100.0,0.0,0.605,True,167204997,0.7719741393531563,False,06295000
06279500,0,4428961,33,100.0,0.0,0.563,True,167204997,0.7719741393531563,False,06295000
06279500,0,4428963,34,100.0,0.0,0.099,True,167204997,0.7719741393531563,False,06295000
06279500,0,4428969,35,100.0,0.0,0.18,True,167204997,0.7719741393531563,False,06295000
06279500,0,4428973,36,100.0,0.0,0.557,True,167204997,0.7719741393531563,False,06295000
06279500,0,4428977,37,100.0,0.0,0.048,True,167204997,0.7719741393531563,False,06295000
06279500,0,4428979,38,100.0,0.0,0.153,True,167204997,0.7719741393531563,False,06295000
06279500,0,4428981,39,100.0,0.0,0.631,True,167204997,0.7719741393531563,False,06295000
06279500,0,4428989,40,100.0,0.0,0.75,True,167204997,0.7719741393531563,False,06295000
06279500,0,4428993,41,100.0,0.0,0.156,True,167204997,0.7719741393531563,False,06295000
06279500,0,4428995,42,100.0,0.0,0.338,True,167204997,0.7719741393531563,False,06295000
06279500,0,4428997,43,100.0,0.0,0.375,True,167204997,0.7719741393531563,False,06295000
06279500,0,4428597,44,100.0,0.0,0.418,True,167204997,0.7719741393531563,False,06295000
06279500,0,4433603,45,100.0,0.0,1.056,True,167204997,0.7719741393531563,False,06295000
06279500,0,4433601,46,100.0,0.0,0.591,True,167204997,0.7719741393531563,False,06295000
06279500,0,4433599,47,100.0,0.0,0.853,True,167204997,0.7719741393531563,False,06295000
06279500,0,4433597,48,100.0,0.0,1.106,True,167204997,0.7719741393531563,False,06295000
06279500,0,4433595,49,100.0,0.0,0.073,True,167204997,0.7719741393531563,False,06295000
06279500,0,4428595,50,100.0,0.0,1.177,True,167204997,0.7719741393531563,False,06295000
06279500,0,4428591,51,100.0,0.0,0.107,True,167204997,0.7719741393531563,False,06295000
06279500,0,4433593,52,100.0,0.0,0.479,True,167204997,0.7719741393531563,False,06295000
06279500,0,4428589,53,100.0,0.0,0.084,True,167204997,0.7719741393531563,False,06295000
06279500,0,4428587,54,100.0,0.0,0.088,True,167204997,0.7719741393531563,False,06295000
06279500,0,4428585,55,100.0,0.0,1.207,True,167204997,0.7719741393531563,False,06295000
06279500,0,4428583,56,100.0,0.0,0.277,True,167204997,0.7719741393531563,False,06295000
06279500,0,4433591,57,100.0,0.0,1.965,True,167204997,0.7719741393531563,False,06295000
06279500,0,4433589,58,100.0,0.0,0.21,True,167204997,0.7719741393531563,False,06295000
06279500,0,4428581,59,100.0,0.0,0.727,True,167204997,0.7719741393531563,False,06295000
06279500,0,4433587,60,100.0,0.0,0.23,True,167204997,0.7719741393531563,False,06295000
06279500,0,4428579,61,100.0,0.0,0.262,True,167204997,0.7719741393531563,False,06295000
06279500,0,4428577,62,100.0,0.0,0.8489999999999999,True,167204997,0.7719741393531563,False,06295000
06279500,0,4433585,63,100.0,0.0,1.03,True,167204997,0.7719741393531563,False,06295000
06279500,0,4433583,64,100.0,0.0,0.602,True,167204997,0.7719741393531563,False,06295000
06279500,0,4433581,65,100.0,0.0,1.6269999999999998,True,167204997,0.7719741393531563,False,06295000
06279500,0,4428569,66,100.0,0.0,0.902,True,167204997,0.7719741393531563,False,06295000
06279500,0,12808072,67,100.0,0.0,2.755,True,167204997,0.7719741393531563,False,06295000
06279500,0,12800642,68,100.0,0.0,0.938,True,167204997,0.7719741393531563,False,06295000
06279500,0,12808108,69,100.0,0.0,1.4680000000000002,True,167204997,0.7719741393531563,False,06295000
06279500,0,12808106,70,100.0,0.0,0.679,True,167204997,0.7719741393531563,False,06295000
06279500,0,12800692,71,100.0,0.0,0.601,True,167204997,0.7719741393531563,False,06295000
06279500,0,12808104,72,100.0,0.0,0.948,True,167204997,0.7719741393531563,False,06295000
06279500,0,12808102,73,100.0,0.0,1.641,True,167204997,0.7719741393531563,False,06295000
06279500,0,12800690,74,100.0,0.0,2.365,True,167204997,0.7719741393531563,False,06295000
06279500,0,12800688,75,100.0,0.0,0.179,True,167204997,0.7719741393531563,False,06295000
06279500,0,12800686,76,100.0,0.0,1.683,True,167204997,0.7719741393531563,False,06295000
06279500,0,12808100,77,100.0,0.0,0.9469999999999998,True,167204997,0.7719741393531563,False,06295000
06279500,0,12800684,78,100.0,0.0,2.233,True,167204997,0.7719741393531563,False,06295000
06279500,0,12808098,79,100.0,0.0,1.212,True,167204997,0.7719741393531563,False,06295000
06279500,0,12808096,80,100.0,0.0,2.926,True,167204997,0.7719741393531563,False,06295000
06279500,0,12800682,81,100.0,0.0,0.42199999999999993,True,167204997,0.7719741393531563,False,06295000
06279500,0,12800680,82,100.0,0.0,0.552,True,167204997,0.7719741393531563,False,06295000
06279500,0,12800676,83,100.0,0.0,0.407,True,167204997,0.7719741393531563,False,06295000
06279500,0,12808094,84,100.0,0.0,1.859,True,167204997,0.7719741393531563,False,06295000
06279500,0,12800678,85,100.0,0.0,1.7180000000000002,True,167204997,0.7719741393531563,False,06295000
06279500,0,12808092,86,100.0,0.0,1.911,True,167204997,0.7719741393531563,False,06295000
06279500,0,12808090,87,100.0,0.0,0.36199999999999993,True,167204997,0.7719741393531563,False,06295000
06279500,0,12800674,88,100.0,0.0,0.823,True,167204997,0.7719741393531563,False,06295000
06279500,0,12808088,89,100.0,0.0,0.644,True,167204997,0.7719741393531563,False,06295000
06279500,0,12800672,90,100.0,0.0,1.467,True,167204997,0.7719741393531563,False,06295000
06279500,0,12800670,91,100.0,0.0,3.864,True,167204997,0.7719741393531563,False,06295000
06279500,0,12808086,92,100.0,0.0,2.789,True,167204997,0.7719741393531563,False,06295000
06279500,0,12808084,93,100.0,0.0,0.7,True,167204997,0.7719741393531563,False,06295000
06279500,0,12808082,94,100.0,0.0,2.886,True,167204997,0.7719741393531563,False,06295000
06279500,0,12800668,95,100.0,0.0,1.793,True,167204997,0.7719741393531563,False,06295000
06279500,0,12800666,96,100.0,0.0,1.9409999999999998,True,167204997,0.7719741393531563,False,06295000
06279500,0,12808080,97,100.0,0.0,4.479,True,167204997,0.7719741393531563,False,06295000
06279500,0,12800664,98,100.0,0.0,0.959,True,167204997,0.7719741393531563,False,06295000
06279500,0,12800662,99,100.0,0.0,1.921,True,167204997,0.7719741393531563,False,06295000
06279500,0,12808078,100,100.0,0.0,2.7969999999999997,True,167204997,0.7719741393531563,False,06295000
06279500,0,12800660,101,100.0,0.0,0.56,True,167204997,0.7719741393531563,False,06295000
06279500,0,12808076,102,100.0,0.0,1.029,True,167204997,0.7719741393531563,False,06295000
06279500,0,12808074,103,100.0,0.0,2.9389999999999996,True,167204997,0.7719741393531563,False,06295000
06279500,0,12800652,104,100.0,0.0,2.299,True,167204997,0.7719741393531563,False,06295000
06279500,0,12800648,105,100.0,0.0,0.787,True,167204997,0.7719741393531563,False,06295000
06279500,0,12801370,106,100.0,0.0,4.468,True,167204997,0.7719741393531563,False,06295000
06279500,0,12801366,107,100.0,0.0,0.044,True,167204997,0.7719741393531563,False,06295000
06279500,0,12801364,108,100.0,0.0,0.004,True,167204997,0.7719741393531563,False,06295000
06279500,0,12801362,109,100.0,0.0,2.2,False,0,0.7719741393531563,False,06295000
06279500,0,12781157,110,100.0,0.0,1.421,False,0,0.7719741393531563,False,06295000
06279500,0,12781155,111,100.0,0.0,3.616,False,0,0.7719741393531563,False,06295000
06279500,0,12781149,112,100.0,0.0,0.342,False,0,0.7719741393531563,False,06295000
06279500,0,12781147,113,100.0,0.0,4.633,False,0,0.7719741393531563,False,06295000
06279500,0,12781139,114,100.0,0.0,0.393,False,0,0.7719741393531563,False,06295000
06279500,0,12781143,115,100.0,0.0,3.449,False,0,0.7719741393531563,False,06295000
06279500,0,12781133,116,100.0,0.0,1.003,False,0,0.7719741393531563,False,06295000
06279500,0,12781129,117,100.0,0.0,1.4609999999999999,False,0,0.7719741393531563,False,06295000
06279500,0,12781125,118,100.0,0.0,0.836,False,0,0.7719741393531563,False,06295000
06279500,0,12781119,119,100.0,0.0,1.401,False,0,0.7719741393531563,False,06295000
06279500,0,12781115,120,100.0,0.0,1.439,False,0,0.7719741393531563,False,06295000
06279500,0,12781111,121,100.0,0.0,1.428,False,0,0.7719741393531563,False,06295000
06279500,0,12781107,122,100.0,0.0,1.423,False,0,0.7719741393531563,False,06295000
06279500,0,12781103,123,100.0,0.0,2.7879999999999994,False,0,0.7719741393531563,False,06295000
06279500,0,12781095,124,100.0,0.0,0.064,False,0,0.7719741393531563,False,06295000
06279500,0,12781005,125,100.0,0.0,1.068,False,0,0.7719741393531563,False,06295000
06279500,0,12780387,126,100.0,0.0,0.613,False,0,0.7719741393531563,False,06295000
06279500,0,12780379,127,100.0,0.0,1.11,False,0,0.7719741393531563,False,06295000
06279500,0,12781085,128,100.0,0.0,0.052000000000000005,False,0,0.7719741393531563,False,06295000
06279500,0,12781083,129,100.0,0.0,2.518,False,0,0.7719741393531563,False,06295000
06279500,0,12781073,130,100.0,0.0,0.727,False,0,0.7719741393531563,False,06295000
06279500,0,12781069,131,100.0,0.0,0.442,False,0,0.7719741393531563,False,06295000
06279500,0,12781065,132,100.0,0.0,1.079,False,0,0.7719741393531563,False,06295000
06279500,0,12778343,133,100.0,0.0,0.23799999999999996,False,0,0.7719741393531563,False,06295000
06279500,0,12778339,134,100.0,0.0,2.149,False,0,0.7719741393531563,False,06295000
06279500,0,12778335,135,100.0,0.0,0.379,False,0,0.7719741393531563,False,06295000
06279500,0,12778331,136,100.0,0.0,0.147,False,0,0.7719741393531563,False,06295000
06279500,0,12778329,137,100.0,0.0,0.235,False,0,0.7719741393531563,False,06295000
06279500,0,12778323,138,100.0,0.0,1.005,False,0,0.7719741393531563,False,06295000
06279500,0,12778319,139,100.0,0.0,0.762,False,0,0.7719741393531563,False,06295000
06279500,0,12778317,140,100.0,0.0,0.063,False,0,0.7719741393531563,False,06295000
06279500,0,12777393,141,100.0,0.0,0.821,False,0,0.7719741393531563,False,06295000
06279500,0,12778313,142,100.0,0.0,0.034,False,0,0.7719741393531563,False,06295000
06279500,0,12778311,143,100.0,0.0,0.179,False,0,0.7719741393531563,False,06295000
06279500,0,12778307,144,100.0,0.0,0.332,False,0,0.7719741393531563,False,06295000
06279500,0,12778303,145,100.0,0.0,0.149,False,0,0.7719741393531563,False,06295000
06279500,0,12778439,146,100.0,0.0,0.028000000000000004,False,0,0.7719741393531563,False,06295000
06279500,0,940080063,147,100.0,0.0,0.575,False,0,0.7719741393531563,False,06295000
06279500,0,940080062,148,100.0,0.0,0.968,False,0,0.7719741393531563,False,06295000
06279500,0,12777343,149,100.0,0.0,0.445,False,0,0.7719741393531563,False,06295000
06279500,0,12778291,150,100.0,0.0,0.022,False,0,0.7719741393531563,False,06295000
06279500,0,12778289,151,100.0,0.0,0.179,False,0,0.7719741393531563,False,06295000
06279500,0,12778287,152,100.0,0.0,0.027000000000000003,False,0,0.7719741393531563,False,06295000
06279500,0,12777331,153,100.0,0.0,0.333,False,0,0.7719741393531563,False,06295000
06279500,0,12778283,154,100.0,0.0,0.053,False,0,0.7719741393531563,False,06295000
06279500,0,12778281,155,100.0,0.0,1.771,False,0,0.7719741393531563,False,06295000
06279500,0,12778273,156,100.0,0.0,1.575,False,0,0.7719741393531563,False,06295000
06279500,0,12778271,157,100.0,0.0,0.044,False,0,0.7719741393531563,False,06295000
06279500,0,12777269,158,100.0,0.0,0.32300000000000006,False,0,0.7719741393531563,False,06295000
06279500,0,12778267,159,100.0,0.0,0.065,False,0,0.7719741393531563,False,06295000
06279500,0,12778265,160,100.0,0.0,0.705,False,0,0.7719741393531563,False,06295000
06279500,0,12778261,161,100.0,0.0,0.742,False,0,0.7719741393531563,False,06295000
06279500,0,12778257,162,100.0,0.0,0.423,False,0,0.7719741393531563,False,06295000
06279500,0,940080067,163,100.0,0.0,0.251,False,0,0.7719741393531563,False,06295000
06279500,0,940080066,164,100.0,0.0,0.344,False,0,0.7719741393531563,False,06295000
06279500,0,12778393,165,100.0,0.0,0.172,False,0,0.7719741393531563,False,06295000
06279500,0,12778423,166,100.0,0.0,0.775,False,0,0.7719741393531563,False,06295000
06279500,0,12778243,167,100.0,0.0,0.09,False,0,0.7719741393531563,False,06295000
06279500,0,12778593,168,100.0,0.0,0.039,False,0,0.7719741393531563,False,06295000
06279500,0,12778241,169,100.0,0.0,0.541,False,0,0.7719741393531563,False,06295000
06279500,0,12778237,170,100.0,0.0,0.049,False,0,0.7719741393531563,False,06295000
06279500,0,12778235,171,100.0,0.0,0.05600000000000001,False,0,0.7719741393531563,False,06295000
06279500,0,12777219,172,100.0,0.0,0.128,False,0,0.7719741393531563,False,06295000
06279500,0,12777215,173,100.0,0.0,0.24,False,0,0.7719741393531563,False,06295000
06279500,0,12777211,174,100.0,0.0,0.195,False,0,0.7719741393531563,False,06295000
06279500,0,12783699,175,100.0,0.0,0.31,False,0,0.7719741393531563,False,06295000
06279500,0,12778229,176,100.0,0.0,0.052000000000000005,False,0,0.7719741393531563,False,06295000
06279500,0,12778427,177,100.0,0.0,0.517,False,0,0.7719741393531563,False,06295000
06279500,0,12778225,178,100.0,0.0,0.489,False,0,0.7719741393531563,False,06295000
06279500,0,12778591,179,100.0,0.0,0.467,False,0,0.7719741393531563,False,06295000
06279500,0,12778223,180,100.0,0.0,0.04,False,0,0.7719741393531563,False,06295000
06279500,0,12777187,181,100.0,0.0,0.296,False,0,0.7719741393531563,False,06295000
06279500,0,12778219,182,100.0,0.0,0.034,False,0,0.7719741393531563,False,06295000
06279500,0,12778217,183,100.0,0.0,0.258,False,0,0.7719741393531563,False,06295000
06279500,0,12778473,184,100.0,0.0,0.057,False,0,0.7719741393531563,False,06295000
06279500,0,12778207,185,100.0,0.0,0.062,False,0,0.7719741393531563,False,06295000
06279500,0,12778581,186,100.0,0.0,0.56,False,0,0.7719741393531563,False,06295000
06279500,0,12777163,187,100.0,0.0,0.254,False,0,0.7719741393531563,False,06295000
06279500,0,12778577,188,100.0,0.0,0.054000000000000006,False,0,0.7719741393531563,False,06295000
06279500,0,12778579,189,100.0,0.0,0.802,False,0,0.7719741393531563,False,06295000
06279500,0,12778205,190,100.0,0.0,0.309,False,0,0.7719741393531563,False,06295000
06279500,0,12778213,191,100.0,0.0,0.6,False,0,0.7719741393531563,False,06295000
06279500,0,12778211,192,100.0,0.0,1.715,False,0,0.7719741393531563,False,06295000
06279500,0,12778185,193,100.0,0.0,0.099,False,0,0.7719741393531563,False,06295000
06279500,0,12778569,194,100.0,0.0,0.524,False,0,0.7719741393531563,False,06295000
06279500,0,12778573,195,100.0,0.0,0.129,False,0,0.7719741393531563,False,06295000
06279500,0,12778183,196,100.0,0.0,0.253,False,0,0.7719741393531563,False,06295000
06279500,0,12778567,197,100.0,0.0,0.171,False,0,0.7719741393531563,False,06295000
06279500,0,12778181,198,100.0,0.0,1.784,False,0,0.7719741393531563,False,06295000
06279500,0,12778179,199,100.0,0.0,0.469,False,0,0.7719741393531563,False,06295000
06279500,0,12778177,200,100.0,0.0,0.074,False,0,0.7719741393531563,False,06295000
06279500,0,12777113,201,100.0,0.0,0.278,False,0,0.7719741393531563,False,06295000
06279500,0,12778173,202,100.0,0.0,0.11200000000000002,False,0,0.7719741393531563,False,06295000
06279500,0,12778171,203,100.0,0.0,2.606,False,0,0.7719741393531563,False,06295000
06279500,0,12778161,204,100.0,0.0,1.947,False,0,0.7719741393531563,False,06295000
06279500,0,12778157,205,100.0,0.0,0.045,False,0,0.7719741393531563,False,06295000
06279500,0,12777043,206,100.0,0.0,0.51,False,0,0.7719741393531563,False,06295000
06279500,0,12778153,207,100.0,0.0,0.07,False,0,0.7719741393531563,False,06295000
06279500,0,12778151,208,100.0,0.0,0.029000000000000005,False,0,0.7719741393531563,False,06295000
06279500,0,12778563,209,100.0,0.0,0.402,False,0,0.7719741393531563,False,06295000
06279500,0,12778147,210,100.0,0.0,0.409,False,0,0.7719741393531563,False,06295000
06279500,0,12778559,211,100.0,0.0,0.986,False,0,0.7719741393531563,False,06295000
06279500,0,12778137,212,100.0,0.0,0.75,False,0,0.7719741393531563,False,06295000
06279500,0,12778133,213,100.0,0.0,0.8960000000000001,False,0,0.7719741393531563,False,06295000
06279500,0,12778129,214,100.0,0.0,0.134,False,0,0.7719741393531563,False,06295000
06279500,0,12778417,215,100.0,0.0,0.145,False,0,0.7719741393531563,False,06295000
06279500,0,12778127,216,100.0,0.0,1.966,False,0,0.7719741393531563,False,06295000
06279500,0,12778461,217,100.0,0.0,0.242,False,0,0.7719741393531563,False,06295000
06279500,0,12778455,218,100.0,0.0,0.052000000000000005,False,0,0.7719741393531563,False,06295000
06279500,0,12776973,219,100.0,0.0,0.911,False,0,0.7719741393531563,False,06295000
06279500,0,12776959,220,100.0,0.0,0.234,False,0,0.7719741393531563,False,06295000
06279500,0,12776945,221,100.0,0.0,0.074,False,0,0.7719741393531563,False,06295000
06279500,0,12778115,222,100.0,0.0,0.049,False,0,0.7719741393531563,False,06295000
06279500,0,12778113,223,100.0,0.0,2.574,False,0,0.7719741393531563,False,06295000
06279500,0,12778447,224,100.0,0.0,0.045,False,0,0.7719741393531563,False,06295000
06279500,0,12776933,225,100.0,0.0,0.665,False,0,0.7719741393531563,False,06295000
06279500,0,12778111,226,100.0,0.0,0.141,False,0,0.7719741393531563,False,06295000
06279500,0,12778109,227,100.0,0.0,0.133,False,0,0.7719741393531563,False,06295000
06279500,0,12778105,228,100.0,0.0,0.081,False,0,0.7719741393531563,False,06295000
06279500,0,12776929,229,100.0,0.0,0.344,False,0,0.7719741393531563,False,06295000
06279500,0,12778103,230,100.0,0.0,0.009,False,0,0.7719741393531563,False,06295000
06279500,0,12778101,231,100.0,0.0,0.037,False,0,0.7719741393531563,False,06295000
06279500,0,12778099,232,100.0,0.0,1.049,False,0,0.7719741393531563,False,06295000
06279500,0,12778089,233,100.0,0.0,0.05600000000000001,False,0,0.7719741393531563,False,06295000
06279500,0,12776911,234,100.0,0.0,0.64,False,0,0.7719741393531563,False,06295000
06279500,0,12776897,235,100.0,0.0,0.129,False,0,0.7719741393531563,False,06295000
06279500,0,12778081,236,100.0,0.0,0.069,False,0,0.7719741393531563,False,06295000
06279500,0,12778075,237,100.0,0.0,4.859,False,0,0.7719741393531563,False,06295000
06279500,0,12778543,238,100.0,0.0,0.425,False,0,0.7719741393531563,False,06295000
06279500,0,12778547,239,100.0,0.0,0.8080000000000002,False,0,0.7719741393531563,False,06295000
06279500,0,12778059,240,100.0,0.0,0.698,False,0,0.7719741393531563,False,06295000
06279500,0,12778539,241,100.0,0.0,0.129,False,0,0.7719741393531563,False,06295000
06279500,0,12778057,242,100.0,0.0,0.06,False,0,0.7719741393531563,False,06295000
06279500,0,12776829,243,100.0,0.0,0.562,False,0,0.7719741393531563,False,06295000
06279500,0,12776825,244,100.0,0.0,0.243,False,0,0.7719741393531563,False,06295000
06279500,0,12778045,245,100.0,0.0,0.044,False,0,0.7719741393531563,False,06295000
06279500,0,12778535,246,100.0,0.0,0.06,False,0,0.7719741393531563,False,06295000
06279500,0,12778049,247,100.0,0.0,0.084,False,0,0.7719741393531563,False,06295000
06279500,0,12778053,248,100.0,0.0,0.059,False,0,0.7719741393531563,False,06295000
06279500,0,12778051,249,100.0,0.0,0.562,False,0,0.7719741393531563,False,06295000
06279500,0,12778037,250,100.0,0.0,0.168,False,0,0.7719741393531563,False,06295000
06279500,0,12778033,251,100.0,0.0,1.825,False,0,0.7719741393531563,False,06295000
06279500,0,12778589,252,100.0,0.0,0.408,False,0,0.7719741393531563,False,06295000
06279500,0,12778453,253,100.0,0.0,0.141,False,0,0.7719741393531563,False,06295000
06279500,0,12778029,254,100.0,0.0,0.274,False,0,0.7719741393531563,False,06295000
06279500,0,12778467,255,100.0,0.0,0.027000000000000003,False,0,0.7719741393531563,False,06295000
06279500,0,12778025,256,100.0,0.0,0.32300000000000006,False,0,0.7719741393531563,False,06295000
06279500,0,12778023,257,100.0,0.0,0.153,False,0,0.7719741393531563,False,06295000
06279500,0,12776777,258,100.0,0.0,0.17,False,0,0.7719741393531563,False,06295000
06279500,0,12778019,259,100.0,0.0,0.135,False,0,0.7719741393531563,False,06295000
06279500,0,12778017,260,100.0,0.0,0.447,False,0,0.7719741393531563,False,06295000
06279500,0,12778013,261,100.0,0.0,0.354,False,0,0.7719741393531563,False,06295000
06279500,0,12778009,262,100.0,0.0,0.138,False,0,0.7719741393531563,False,06295000
06279500,0,12778005,263,100.0,0.0,0.369,False,0,0.7719741393531563,False,06295000
06279500,0,12778001,264,100.0,0.0,1.187,False,0,0.7719741393531563,False,06295000
06279500,0,12777997,265,100.0,0.0,0.495,False,0,0.7719741393531563,False,06295000
06279500,0,12777993,266,100.0,0.0,4.695,False,0,0.7719741393531563,False,06295000
06279500,0,12777987,267,100.0,0.0,4.463,False,0,0.7719741393531563,False,06295000
06279500,0,12777981,268,100.0,0.0,0.283,False,0,0.7719741393531563,False,06295000
06279500,0,12777979,269,100.0,0.0,0.05600000000000001,False,0,0.7719741393531563,False,06295000
06279500,0,940080057,270,100.0,0.0,0.8169999999999998,False,0,0.7719741393531563,False,06295000
06279500,0,940080056,271,100.0,0.0,1.283,False,0,0.7719741393531563,False,06295000
06279500,0,12778515,272,100.0,0.0,0.068,False,0,0.7719741393531563,False,06295000
06279500,0,12778519,273,100.0,0.0,0.829,False,0,0.7719741393531563,False,06295000
06279500,0,12778517,274,100.0,0.0,0.039,False,0,0.7719741393531563,False,06295000
06279500,0,12776669,275,100.0,0.0,0.493,False,0,0.7719741393531563,False,06295000
06279500,0,12778521,276,100.0,0.0,0.061,False,0,0.7719741393531563,False,06295000
06279500,0,12778523,277,100.0,0.0,0.188,False,0,0.7719741393531563,False,06295000
06279500,0,12777971,278,100.0,0.0,0.327,False,0,0.7719741393531563,False,06295000
06279500,0,12777975,279,100.0,0.0,3.092,False,0,0.7719741393531563,False,06295000
06279500,0,12777965,280,100.0,0.0,0.039,False,0,0.7719741393531563,False,06295000
06279500,0,12778505,281,100.0,0.0,0.083,False,0,0.7719741393531563,False,06295000
06279500,0,12776655,282,100.0,0.0,0.31,False,0,0.7719741393531563,False,06295000
06279500,0,12778501,283,100.0,0.0,0.2,False,0,0.7719741393531563,False,06295000
06279500,0,12778503,284,100.0,0.0,0.737,False,0,0.7719741393531563,False,06295000
06279500,0,12778497,285,100.0,0.0,0.095,False,0,0.7719741393531563,False,06295000
06279500,0,12776641,286,100.0,0.0,0.495,False,0,0.7719741393531563,False,06295000
06279500,0,12778493,287,100.0,0.0,0.077,False,0,0.7719741393531563,False,06295000
06279500,0,12778495,288,100.0,0.0,0.589,False,0,0.7719741393531563,False,06295000
06279500,0,12778489,289,100.0,0.0,0.10800000000000001,False,0,0.7719741393531563,False,06295000
06279500,0,12776625,290,100.0,0.0,0.272,False,0,0.7719741393531563,False,06295000
06279500,0,12778485,291,100.0,0.0,0.085,False,0,0.7719741393531563,False,06295000
06279500,0,12778487,292,100.0,0.0,0.31,False,0,0.7719741393531563,False,06295000
06279500,0,12775741,293,100.0,0.0,0.061,False,0,0.7719741393531563,False,06295000
06279500,0,12775803,294,100.0,0.0,0.451,False,0,0.7719741393531563,False,06295000
06279500,0,12775737,295,100.0,0.0,0.534,False,0,0.7719741393531563,False,06295000
06279500,0,12775735,296,100.0,0.0,0.08200000000000002,False,0,0.7719741393531563,False,06295000
06279500,0,12775195,297,100.0,0.0,0.778,False,0,0.7719741393531563,False,06295000
06279500,0,12775183,298,100.0,0.0,0.357,False,0,0.7719741393531563,False,06295000
06279500,0,12775761,299,100.0,0.0,0.414,False,0,0.7719741393531563,False,06295000
06279500,0,12775731,300,100.0,0.0,0.075,False,0,0.7719741393531563,False,06295000
06279500,0,12775729,301,100.0,0.0,0.508,False,0,0.7719741393531563,False,06295000
06279500,0,12775799,302,100.0,0.0,0.213,False,0,0.7719741393531563,False,06295000
06279500,0,12775725,303,100.0,0.0,1.259,False,0,0.7719741393531563,False,06295000
06279500,0,12775721,304,100.0,0.0,0.445,False,0,0.7719741393531563,False,06295000
06279500,0,12775717,305,100.0,0.0,0.308,False,0,0.7719741393531563,False,06295000
06279500,0,12775713,306,100.0,0.0,0.89,False,0,0.7719741393531563,False,06295000
06279500,0,12775709,307,100.0,0.0,0.298,False,0,0.7719741393531563,False,06295000
06279500,0,12775705,308,100.0,0.0,0.676,False,0,0.7719741393531563,False,06295000
06279500,0,12775701,309,100.0,0.0,0.344,False,0,0.7719741393531563,False,06295000
06279500,0,12775697,310,100.0,0.0,0.069,False,0,0.7719741393531563,False,06295000
06279500,0,12775095,311,100.0,0.0,0.579,False,0,0.7719741393531563,False,06295000
06279500,0,12775695,312,100.0,0.0,0.08200000000000002,False,0,0.7719741393531563,False,06295000
06279500,0,12775693,313,100.0,0.0,0.531,False,0,0.7719741393531563,False,06295000
06279500,0,12775691,314,100.0,0.0,0.08200000000000002,False,0,0.7719741393531563,False,06295000
06279500,0,12775687,315,100.0,0.0,0.157,False,0,0.7719741393531563,False,06295000
06279500,0,12775681,316,100.0,0.0,0.157,False,0,0.7719741393531563,False,06295000
06279500,0,12775787,317,100.0,0.0,0.187,False,0,0.7719741393531563,False,06295000
06279500,0,12775785,318,100.0,0.0,0.239,False,0,0.7719741393531563,False,06295000
06279500,0,12775673,319,100.0,0.0,0.22,False,0,0.7719741393531563,False,06295000
06279500,0,12775671,320,100.0,0.0,0.043,False,0,0.7719741393531563,False,06295000
06279500,0,12775789,321,100.0,0.0,0.762,False,0,0.7719741393531563,False,06295000
06279500,0,12775663,322,100.0,0.0,0.649,False,0,0.7719741393531563,False,06295000
06279500,0,12775659,323,100.0,0.0,0.29,False,0,0.7719741393531563,False,06295000
06279500,0,12775657,324,100.0,0.0,1.47,False,0,0.7719741393531563,False,06295000
06279500,0,12775653,325,100.0,0.0,1.607,False,0,0.7719741393531563,False,06295000
06279500,0,12775649,326,100.0,0.0,1.8159999999999998,False,0,0.7719741393531563,False,06295000
06279500,0,12775645,327,100.0,0.0,1.095,False,0,0.7719741393531563,False,06295000
06279500,0,12775641,328,100.0,0.0,0.07,False,0,0.7719741393531563,False,06295000
06279500,0,12775793,329,100.0,0.0,1.222,False,0,0.7719741393531563,False,06295000
06279500,0,12775637,330,100.0,0.0,3.7909999999999995,False,0,0.7719741393531563,False,06295000
06279500,0,12775777,331,100.0,0.0,1.6469999999999998,False,0,0.7719741393531563,False,06295000
06279500,0,12783707,332,100.0,0.0,1.2990000000000002,False,0,0.7719741393531563,False,06295000
06279500,0,12775635,333,100.0,0.0,0.121,False,0,0.7719741393531563,False,06295000
06279500,0,13257825,334,100.0,0.0,0.08,False,0,0.7719741393531563,True,06295000
06279500,0,13257753,335,100.0,0.0,0.118,False,0,0.7719741393531563,True,06295000
06279500,0,13256531,336,100.0,0.0,0.442,False,0,0.7719741393531563,True,06295000
06279500,0,13257881,337,100.0,0.0,0.083,False,0,0.7719741393531563,True,06295000
06279500,0,13257749,338,100.0,0.0,0.176,False,0,0.7719741393531563,True,06295000
06279500,0,13257751,339,100.0,0.0,0.592,False,0,0.7719741393531563,True,06295000
06279500,0,13257711,340,100.0,0.0,2.037,False,0,0.7719741393531563,True,06295000
06279500,0,13257775,341,100.0,0.0,0.522,False,0,0.7719741393531563,True,06295000
06279500,0,13257865,342,100.0,0.0,0.229,False,0,0.7719741393531563,True,06295000
06279500,0,13257885,343,100.0,0.0,0.764,False,0,0.7719741393531563,True,06295000
06279500,0,13257813,344,100.0,0.0,0.226,False,0,0.7719741393531563,True,06295000
06279500,0,13257699,345,100.0,0.0,0.624,False,0,0.7719741393531563,True,06295000
06279500,0,13257849,346,100.0,0.0,0.377,False,0,0.7719741393531563,True,06295000
06279500,0,13257693,347,100.0,0.0,0.296,False,0,0.7719741393531563,True,06295000
06279500,0,13270309,348,100.0,0.0,0.075,False,0,0.7719741393531563,True,06295000
06279500,0,13257857,349,100.0,0.0,0.83,False,0,0.7719741393531563,True,06295000
06279500,0,13257691,350,100.0,0.0,0.733,False,0,0.7719741393531563,True,06295000
06279500,0,13257685,351,100.0,0.0,0.085,False,0,0.7719741393531563,True,06295000
06279500,0,13257801,352,100.0,0.0,0.083,False,0,0.7719741393531563,True,06295000
06279500,0,13256325,353,100.0,0.0,1.7719999999999998,False,0,0.7719741393531563,True,06295000
06279500,0,13256277,354,100.0,0.0,1.138,False,0,0.7719741393531563,True,06295000
06279500,0,13256251,355,100.0,0.0,1.75,False,0,0.7719741393531563,True,06295000
06279500,0,13256199,356,100.0,0.0,0.791,False,0,0.7719741393531563,True,06295000
06279500,0,13256183,357,100.0,0.0,0.384,False,0,0.7719741393531563,True,06295000
06279500,0,13257631,358,100.0,0.0,0.086,False,0,0.7719741393531563,True,06295000
06279500,0,13257629,359,100.0,0.0,0.7659999999999999,False,0,0.7719741393531563,True,06295000
06279500,0,13257627,360,100.0,0.0,0.087,False,0,0.7719741393531563,True,06295000
06279500,0,13257637,361,100.0,0.0,1.709,False,0,0.7719741393531563,True,06295000
06279500,0,13257639,362,100.0,0.0,0.354,False,0,0.7719741393531563,True,06295000
06279500,0,13257641,363,100.0,0.0,0.436,False,0,0.7719741393531563,True,06295000
06279500,0,13257635,364,100.0,0.0,0.608,False,0,0.7719741393531563,True,06295000
06279500,0,13257621,365,100.0,0.0,1.132,False,0,0.7719741393531563,True,06295000
06279500,0,13257619,366,100.0,0.0,0.063,False,0,0.7719741393531563,True,06295000
06279500,0,13256169,367,100.0,0.0,0.507,False,0,0.7719741393531563,True,06295000
06279500,0,13256167,368,100.0,0.0,5.448,False,0,0.7719741393531563,True,06295000
06279500,0,13256083,369,100.0,0.0,0.11200000000000002,False,0,0.7719741393531563,True,06295000
06279500,0,13257605,370,100.0,0.0,0.626,False,0,0.7719741393531563,True,06295000
06279500,0,13257599,371,100.0,0.0,0.746,False,0,0.7719741393531563,True,06295000
06279500,0,13257795,372,100.0,0.0,1.523,False,0,0.7719741393531563,True,06295000
06279500,0,13257539,373,100.0,0.0,0.662,False,0,0.7719741393531563,True,06295000
06279500,0,13257527,374,100.0,0.0,1.262,False,0,0.7719741393531563,True,06295000
06279500,0,13257537,375,100.0,0.0,2.166,False,0,0.7719741393531563,True,06295000
06279500,0,13257507,376,100.0,0.0,0.20200000000000004,False,0,0.7719741393531563,True,06295000
06279500,0,13257499,377,100.0,0.0,2.963,False,0,0.7719741393531563,True,06295000
06279500,0,13257471,378,100.0,0.0,0.19699999999999998,False,0,0.7719741393531563,True,06295000
06279500,0,13257847,379,100.0,0.0,0.072,False,0,0.7719741393531563,True,06295000
06279500,0,13257469,380,100.0,0.0,0.313,False,0,0.7719741393531563,True,06295000
06279500,0,13257457,381,100.0,0.0,0.904,False,0,0.7719741393531563,True,06295000
06279500,0,13257461,382,100.0,0.0,0.831,False,0,0.7719741393531563,True,06295000
06279500,0,13257475,383,100.0,0.0,0.233,False,0,0.7719741393531563,True,06295000
06279500,0,13257473,384,100.0,0.0,0.384,False,0,0.7719741393531563,True,06295000
06279500,0,13257467,385,100.0,0.0,0.195,False,0,0.7719741393531563,True,06295000
06279500,0,13257757,386,100.0,0.0,0.654,False,0,0.7719741393531563,True,06295000
06279500,0,13257503,387,100.0,0.0,0.59,False,0,0.7719741393531563,True,06295000
06279500,0,13257511,388,100.0,0.0,1.3939999999999997,False,0,0.7719741393531563,True,06295000
06279500,0,13257483,389,100.0,0.0,0.63,False,0,0.7719741393531563,True,06295000
06279500,0,13257451,390,100.0,0.0,0.574,False,0,0.7719741393531563,True,06295000
06279500,0,13257797,391,100.0,0.0,0.18600000000000003,False,0,0.7719741393531563,True,06295000
06279500,0,13257513,392,100.0,0.0,2.018,False,0,0.7719741393531563,True,06295000
06279500,0,13257523,393,100.0,0.0,0.9570000000000001,False,0,0.7719741393531563,True,06295000
06279500,0,13257799,394,100.0,0.0,1.167,False,0,0.7719741393531563,True,06295000
06279500,0,13257545,395,100.0,0.0,2.01,False,0,0.7719741393531563,True,06295000
06279500,0,13257541,396,100.0,0.0,0.862,False,0,0.7719741393531563,True,06295000
06279500,0,13270255,397,100.0,0.0,0.191,False,0,0.7719741393531563,True,06295000
06279500,0,13257839,398,100.0,0.0,0.671,False,0,0.7719741393531563,True,06295000
06279500,0,13257579,399,100.0,0.0,0.614,False,0,0.7719741393531563,True,06295000
06279500,0,13257591,400,100.0,0.0,0.39399999999999996,False,0,0.7719741393531563,True,06295000
06279500,0,13257597,401,100.0,0.0,0.081,False,0,0.7719741393531563,True,06295000
06279500,0,13255993,402,100.0,0.0,0.89,False,0,0.7719741393531563,True,06295000
06279500,0,13255985,403,100.0,0.0,0.3390000000000001,False,0,0.7719741393531563,True,06295000
06279500,0,13257593,404,100.0,0.0,0.085,False,0,0.7719741393531563,True,06295000
06279500,0,13257595,405,100.0,0.0,1.192,False,0,0.7719741393531563,True,06295000
06279500,0,13257581,406,100.0,0.0,1.955,False,0,0.7719741393531563,True,06295000
06279500,0,13257555,407,100.0,0.0,0.062,False,0,0.7719741393531563,True,06295000
06279500,0,13257559,408,100.0,0.0,0.073,False,0,0.7719741393531563,True,06295000
06279500,0,13255937,409,100.0,0.0,0.253,False,0,0.7719741393531563,True,06295000
06279500,0,13257791,410,100.0,0.0,3.509,False,0,0.7719741393531563,True,06295000
06279500,0,13257787,411,100.0,0.0,1.486,False,0,0.7719741393531563,True,06295000
06279500,0,13257565,412,100.0,0.0,1.186,False,0,0.7719741393531563,True,06295000
06279500,0,13257563,413,100.0,0.0,0.752,False,0,0.7719741393531563,True,06295000
06279500,0,13257567,414,100.0,0.0,0.715,False,0,0.7719741393531563,True,06295000
06279500,0,13257571,415,100.0,0.0,0.024,False,0,0.7719741393531563,True,06295000
06279500,0,13257583,416,100.0,0.0,0.284,False,0,0.7719741393531563,True,06295000
06279500,0,13260037,417,100.0,0.0,1.546,False,0,0.7719741393531563,True,06295000
06279500,0,13260045,418,100.0,0.0,2.998,False,0,0.7719741393531563,True,06295000
06279500,0,13260053,419,100.0,0.0,1.798,False,0,0.7719741393531563,True,06295000
06279500,0,13260449,420,100.0,0.0,2.175,False,0,0.7719741393531563,True,06295000
06279500,0,13260451,421,100.0,0.0,0.074,False,0,0.7719741393531563,True,06295000
06279500,0,13260107,422,100.0,0.0,1.9069999999999998,False,0,0.7719741393531563,True,06295000
06279500,0,13260111,423,100.0,0.0,1.858,False,0,0.7719741393531563,True,06295000
06279500,0,13260135,424,100.0,0.0,3.065,False,0,0.7719741393531563,True,06295000
06279500,0,13260117,425,100.0,0.0,1.3869999999999998,False,0,0.7719741393531563,True,06295000
06279500,0,13260105,426,100.0,0.0,0.992,False,0,0.7719741393531563,True,06295000
06279500,0,13260119,427,100.0,0.0,1.867,False,0,0.7719741393531563,True,06295000
06279500,0,13260143,428,100.0,0.0,0.784,False,0,0.7719741393531563,True,06295000
06279500,0,13260163,429,100.0,0.0,0.84,False,0,0.7719741393531563,True,06295000
06279500,0,13260211,430,100.0,0.0,6.16,False,0,0.7719741393531563,True,06295000
06279500,0,13260227,431,100.0,0.0,3.008,False,0,0.7719741393531563,True,06295000
06279500,0,13260205,432,100.0,0.0,0.477,False,0,0.7719741393531563,True,06295000
06279500,0,13260209,433,100.0,0.0,0.775,False,0,0.7719741393531563,True,06295000
06279500,0,13260207,434,100.0,90.101,0.43100246000000003,False,0,0.7719741393531563,True,06295000
06191500,1,4369760,0,87.526,0.0,2.0918714,False,0,0.1283279789490108,False,06295000
06191500,1,4369874,1,100.0,0.0,1.753,False,0,0.1283279789490108,False,06295000
06191500,1,4369868,2,100.0,0.0,2.96,False,0,0.1283279789490108,False,06295000
06191500,1,4375990,3,100.0,0.0,0.4640000000000001,False,0,0.1283279789490108,False,06295000
06191500,1,4369748,4,100.0,0.0,1.875,False,0,0.1283279789490108,False,06295000
06191500,1,4369134,5,100.0,0.0,0.973,False,0,0.1283279789490108,False,06295000
06191500,1,4369130,6,100.0,0.0,3.094,False,0,0.1283279789490108,False,06295000
06191500,1,4369710,7,100.0,0.0,1.12,False,0,0.1283279789490108,False,06295000
06191500,1,4369706,8,100.0,0.0,1.057,False,0,0.1283279789490108,False,06295000
06191500,1,4369702,9,100.0,0.0,6.382,False,0,0.1283279789490108,False,06295000
06191500,1,4369694,10,100.0,0.0,0.342,False,0,0.1283279789490108,False,06295000
06191500,1,4369690,11,100.0,0.0,0.109,False,0,0.1283279789490108,False,06295000
06191500,1,4369686,12,100.0,0.0,0.353,False,0,0.1283279789490108,False,06295000
06191500,1,4369680,13,100.0,0.0,0.465,False,0,0.1283279789490108,False,06295000
06191500,1,4369676,14,100.0,0.0,0.248,False,0,0.1283279789490108,False,06295000
06191500,1,4369674,15,100.0,0.0,0.8169999999999998,False,0,0.1283279789490108,False,06295000
06191500,1,4369668,16,100.0,0.0,1.747,False,0,0.1283279789490108,False,06295000
06191500,1,4369664,17,100.0,0.0,0.37200000000000005,False,0,0.1283279789490108,False,06295000
06191500,1,4375970,18,100.0,0.0,0.043,False,0,0.1283279789490108,False,06295000
06191500,1,4369660,19,100.0,0.0,0.6969999999999998,False,0,0.1283279789490108,False,06295000
06191500,1,4369650,20,100.0,0.0,0.045,False,0,0.1283279789490108,False,06295000
06191500,1,4369648,21,100.0,0.0,0.034,False,0,0.1283279789490108,False,06295000
06191500,1,4369646,22,100.0,0.0,0.7980000000000002,False,0,0.1283279789490108,False,06295000
06191500,1,4369642,23,100.0,0.0,1.858,False,0,0.1283279789490108,False,06295000
06191500,1,4369634,24,100.0,0.0,0.917,False,0,0.1283279789490108,False,06295000
06191500,1,4369628,25,100.0,0.0,0.272,False,0,0.1283279789490108,False,06295000
06191500,1,4369624,26,100.0,0.0,0.586,False,0,0.1283279789490108,False,06295000
06191500,1,4369622,27,100.0,0.0,0.996,False,0,0.1283279789490108,False,06295000
06191500,1,4369618,28,100.0,0.0,0.795,False,0,0.1283279789490108,False,06295000
06191500,1,4369614,29,100.0,0.0,0.129,False,0,0.1283279789490108,False,06295000
06191500,1,4369610,30,100.0,0.0,0.666,False,0,0.1283279789490108,False,06295000
06191500,1,4369606,31,100.0,0.0,0.36199999999999993,False,0,0.1283279789490108,False,06295000
06191500,1,4369602,32,100.0,0.0,0.305,False,0,0.1283279789490108,False,06295000
06191500,1,4369598,33,100.0,0.0,0.11899999999999998,False,0,0.1283279789490108,False,06295000
06191500,1,4369594,34,100.0,0.0,0.524,False,0,0.1283279789490108,False,06295000
06191500,1,4369578,35,100.0,0.0,0.7559999999999999,False,0,0.1283279789490108,False,06295000
06191500,1,4369584,36,100.0,0.0,0.229,False,0,0.1283279789490108,False,06295000
06191500,1,4369592,37,100.0,0.0,0.9330000000000002,False,0,0.1283279789490108,False,06295000
06191500,1,4369574,38,100.0,0.0,0.127,False,0,0.1283279789490108,False,06295000
06191500,1,4369568,39,100.0,0.0,0.289,False,0,0.1283279789490108,False,06295000
06191500,1,4369560,40,100.0,0.0,0.992,False,0,0.1283279789490108,False,06295000
06191500,1,4369556,41,100.0,0.0,1.7789999999999997,False,0,0.1283279789490108,False,06295000
06191500,1,4369552,42,100.0,0.0,1.191,False,0,0.1283279789490108,False,06295000
06191500,1,4369548,43,100.0,0.0,0.6,False,0,0.1283279789490108,False,06295000
06191500,1,4369544,44,100.0,0.0,0.853,False,0,0.1283279789490108,False,06295000
06191500,1,4369540,45,100.0,0.0,0.525,False,0,0.1283279789490108,False,06295000
06191500,1,4369538,46,100.0,0.0,0.039,False,0,0.1283279789490108,False,06295000
06191500,1,4368300,47,100.0,0.0,0.627,False,0,0.1283279789490108,False,06295000
06191500,1,4369534,48,100.0,0.0,0.091,False,0,0.1283279789490108,False,06295000
06191500,1,4369532,49,100.0,0.0,1.322,False,0,0.1283279789490108,False,06295000
06191500,1,4369528,50,100.0,0.0,0.458,False,0,0.1283279789490108,False,06295000
06191500,1,4375964,51,100.0,0.0,3.8,False,0,0.1283279789490108,False,06295000
06191500,1,4369522,52,100.0,0.0,0.051,False,0,0.1283279789490108,False,06295000
06191500,1,4368228,53,100.0,0.0,0.654,False,0,0.1283279789490108,False,06295000
06191500,1,4368230,54,100.0,0.0,0.556,False,0,0.1283279789490108,False,06295000
06191500,1,940070062,55,100.0,0.0,2.168,False,0,0.1283279789490108,False,06295000
06191500,1,940070063,56,100.0,0.0,1.832,False,0,0.1283279789490108,False,06295000
06191500,1,4368164,57,100.0,0.0,1.658,False,0,0.1283279789490108,False,06295000
06191500,1,4368110,58,100.0,0.0,1.822,False,0,0.1283279789490108,False,06295000
06191500,1,4368060,59,100.0,0.0,4.915,False,0,0.1283279789490108,False,06295000
06191500,1,4367888,60,100.0,0.0,0.455,False,0,0.1283279789490108,False,06295000
06191500,1,4367860,61,100.0,0.0,0.318,False,0,0.1283279789490108,False,06295000
06191500,1,4367846,62,100.0,0.0,0.09300000000000001,False,0,0.1283279789490108,False,06295000
06191500,1,4375978,63,100.0,0.0,1.035,False,0,0.1283279789490108,False,06295000
06191500,1,4375980,64,100.0,0.0,0.065,False,0,0.1283279789490108,False,06295000
06191500,1,4375982,65,100.0,0.0,0.11200000000000002,False,0,0.1283279789490108,False,06295000
06191500,1,4365828,66,100.0,0.0,1.733,False,0,0.1283279789490108,False,06295000
06191500,1,4365826,67,100.0,0.0,1.503,False,0,0.1283279789490108,False,06295000
06191500,1,4365820,68,100.0,0.0,1.184,False,0,0.1283279789490108,False,06295000
06191500,1,4365816,69,100.0,0.0,0.138,False,0,0.1283279789490108,False,06295000
06191500,1,4365810,70,100.0,0.0,0.182,False,0,0.1283279789490108,False,06295000
06191500,1,4365806,71,100.0,0.0,1.7079999999999997,False,0,0.1283279789490108,False,06295000
06191500,1,4365802,72,100.0,0.0,0.306,False,0,0.1283279789490108,False,06295000
06191500,1,4365798,73,100.0,0.0,0.986,False,0,0.1283279789490108,False,06295000
06191500,1,4365794,74,100.0,0.0,0.261,False,0,0.1283279789490108,False,06295000
06191500,1,4365792,75,100.0,0.0,0.05800000000000001,False,0,0.1283279789490108,False,06295000
06191500,1,4364910,76,100.0,0.0,2.058,False,0,0.1283279789490108,False,06295000
06191500,1,4365946,77,100.0,0.0,0.012,False,0,0.1283279789490108,False,06295000
06191500,1,4365944,78,100.0,0.0,0.405,False,0,0.1283279789490108,False,06295000
06191500,1,4376004,79,100.0,0.0,0.198,False,0,0.1283279789490108,False,06295000
06191500,1,4365778,80,100.0,0.0,0.001,False,0,0.1283279789490108,False,06295000
06191500,1,4366016,81,100.0,0.0,1.4609999999999999,False,0,0.1283279789490108,False,06295000
06191500,1,4365774,82,100.0,0.0,1.589,False,0,0.1283279789490108,False,06295000
06191500,1,4365770,83,100.0,0.0,0.125,False,0,0.1283279789490108,False,06295000
06191500,1,4366012,84,100.0,0.0,1.828,False,0,0.1283279789490108,False,06295000
06191500,1,4365766,85,100.0,0.0,0.18,False,0,0.1283279789490108,False,06295000
06191500,1,4365932,86,100.0,0.0,0.324,False,0,0.1283279789490108,False,06295000
06191500,1,4365934,87,100.0,0.0,0.17800000000000002,False,0,0.1283279789490108,False,06295000
06191500,1,4365762,88,100.0,0.0,2.227,False,0,0.1283279789490108,False,06295000
06191500,1,4365754,89,100.0,0.0,0.121,False,0,0.1283279789490108,False,06295000
06191500,1,4365986,90,100.0,0.0,0.018,False,0,0.1283279789490108,False,06295000
06191500,1,4364528,91,100.0,0.0,2.406,False,0,0.1283279789490108,False,06295000
06191500,1,4365736,92,100.0,0.0,0.157,False,0,0.1283279789490108,False,06295000
06191500,1,4365734,93,100.0,0.0,1.081,False,0,0.1283279789490108,False,06295000
06191500,1,4365704,94,100.0,0.0,0.215,False,0,0.1283279789490108,False,06295000
06191500,1,4365696,95,100.0,0.0,0.405,False,0,0.1283279789490108,False,06295000
06191500,1,4375846,96,100.0,0.0,0.08200000000000002,False,0,0.1283279789490108,False,06295000
06191500,1,940070083,97,100.0,0.0,0.7390000000000001,False,0,0.1283279789490108,False,06295000
06191500,1,940070084,98,100.0,0.0,0.706,False,0,0.1283279789490108,False,06295000
06191500,1,4365672,99,100.0,0.0,0.669,False,0,0.1283279789490108,False,06295000
06191500,1,4365660,100,100.0,0.0,0.275,False,0,0.1283279789490108,False,06295000
06191500,1,4365876,101,100.0,0.0,0.18,False,0,0.1283279789490108,False,06295000
06191500,1,4365646,102,100.0,0.0,0.8370000000000001,False,0,0.1283279789490108,False,06295000
06191500,1,4365922,103,100.0,0.0,0.802,False,0,0.1283279789490108,False,06295000
06191500,1,4365612,104,100.0,0.0,3.019,False,0,0.1283279789490108,False,06295000
06191500,1,4365608,105,100.0,0.0,1.179,False,0,0.1283279789490108,False,06295000
06191500,1,4365878,106,100.0,0.0,3.385,False,0,0.1283279789490108,False,06295000
06191500,1,4375816,107,100.0,0.0,0.35600000000000004,False,0,0.1283279789490108,False,06295000
06191500,1,4366008,108,100.0,0.0,0.18099999999999997,False,0,0.1283279789490108,False,06295000
06191500,1,4365596,109,100.0,0.0,0.426,False,0,0.1283279789490108,False,06295000
06191500,1,4365614,110,100.0,0.0,1.482,False,0,0.1283279789490108,False,06295000
06191500,1,4365620,111,100.0,0.0,0.255,False,0,0.1283279789490108,False,06295000
06191500,1,4365628,112,100.0,0.0,0.317,False,0,0.1283279789490108,False,06295000
06191500,1,4365634,113,100.0,0.0,0.348,False,0,0.1283279789490108,False,06295000
06191500,1,4365632,114,100.0,0.0,0.044,False,0,0.1283279789490108,False,06295000
06191500,1,4364204,115,100.0,0.0,0.201,False,0,0.1283279789490108,False,06295000
06191500,1,4364208,116,100.0,0.0,0.11200000000000002,False,0,0.1283279789490108,False,06295000
06191500,1,4364246,117,100.0,0.0,1.005,False,0,0.1283279789490108,False,06295000
06191500,1,4365956,118,100.0,0.0,0.045,False,0,0.1283279789490108,False,06295000
06191500,1,4365952,119,100.0,0.0,1.668,False,0,0.1283279789490108,False,06295000
06191500,1,4365676,120,100.0,0.0,0.9469999999999998,False,0,0.1283279789490108,False,06295000
06191500,1,4365690,121,100.0,0.0,0.553,False,0,0.1283279789490108,False,06295000
06191500,1,4365976,122,100.0,0.0,1.15,False,0,0.1283279789490108,False,06295000
06191500,1,4365712,123,100.0,0.0,0.85,False,0,0.1283279789490108,False,06295000
06191500,1,4365718,124,100.0,0.0,0.412,False,0,0.1283279789490108,False,06295000
06191500,1,4365984,125,100.0,0.0,0.196,False,0,0.1283279789490108,False,06295000
06191500,1,4365730,126,100.0,0.0,0.483,False,0,0.1283279789490108,False,06295000
06191500,1,4365728,127,100.0,0.0,0.344,False,0,0.1283279789490108,False,06295000
06191500,1,4365738,128,100.0,0.0,0.548,False,0,0.1283279789490108,False,06295000
06191500,1,4365740,129,100.0,0.0,0.124,False,0,0.1283279789490108,False,06295000
06191500,1,4365742,130,100.0,0.0,1.662,False,0,0.1283279789490108,False,06295000
06191500,1,4365724,131,100.0,0.0,0.705,False,0,0.1283279789490108,False,06295000
06191500,1,4365708,132,100.0,0.0,0.318,False,0,0.1283279789490108,False,06295000
06191500,1,4365698,133,100.0,0.0,0.58,False,0,0.1283279789490108,False,06295000
06191500,1,4365678,134,100.0,0.0,2.538,False,0,0.1283279789490108,False,06295000
06191500,1,4365966,135,100.0,0.0,0.311,False,0,0.1283279789490108,False,06295000
06191500,1,4365656,136,100.0,0.0,0.7440000000000001,False,0,0.1283279789490108,False,06295000
06191500,1,4365624,137,100.0,0.0,1.22,False,0,0.1283279789490108,False,06295000
06191500,1,4365602,138,100.0,0.0,0.496,False,0,0.1283279789490108,False,06295000
06191500,1,4365606,139,100.0,0.0,4.863,False,0,0.1283279789490108,False,06295000
06191500,1,4365592,140,100.0,0.0,2.316,False,0,0.1283279789490108,False,06295000
06191500,1,4365586,141,100.0,0.0,1.9270000000000003,False,0,0.1283279789490108,False,06295000
06191500,1,4365580,142,100.0,0.0,1.255,False,0,0.1283279789490108,False,06295000
06191500,1,4365940,143,100.0,0.0,0.353,False,0,0.1283279789490108,False,06295000
06191500,1,4365584,144,100.0,0.0,0.882,False,0,0.1283279789490108,False,06295000
06191500,1,4365578,145,100.0,0.0,0.295,False,0,0.1283279789490108,False,06295000
06191500,1,4365572,146,100.0,0.0,0.92,False,0,0.1283279789490108,False,06295000
06191500,1,4365566,147,100.0,0.0,1.097,False,0,0.1283279789490108,False,06295000
06191500,1,4365562,148,100.0,0.0,0.439,False,0,0.1283279789490108,False,06295000
06191500,1,4365558,149,100.0,0.0,1.277,False,0,0.1283279789490108,False,06295000
06191500,1,4365556,150,100.0,0.0,1.656,False,0,0.1283279789490108,False,06295000
06191500,1,4365550,151,100.0,0.0,0.8489999999999999,False,0,0.1283279789490108,False,06295000
06191500,1,4365544,152,100.0,0.0,0.10100000000000002,False,0,0.1283279789490108,False,06295000
06191500,1,4365540,153,100.0,0.0,1.881,False,0,0.1283279789490108,False,06295000
06191500,1,4365534,154,100.0,0.0,1.1,False,0,0.1283279789490108,False,06295000
06191500,1,4365532,155,100.0,0.0,1.879,False,0,0.1283279789490108,False,06295000
06191500,1,4366018,156,100.0,0.0,0.027000000000000003,False,0,0.1283279789490108,False,06295000
06191500,1,4367232,157,100.0,0.0,0.077,False,0,0.1283279789490108,False,06295000
06191500,1,4367238,158,100.0,0.0,1.223,False,0,0.1283279789490108,False,06295000
06191500,1,4367234,159,100.0,0.0,0.061,False,0,0.1283279789490108,False,06295000
06191500,1,4366554,160,100.0,0.0,2.089,False,0,0.1283279789490108,False,06295000
06191500,1,4366552,161,100.0,0.0,0.206,False,0,0.1283279789490108,False,06295000
06191500,1,4367242,162,100.0,0.0,0.691,False,0,0.1283279789490108,False,06295000
06191500,1,4367236,163,100.0,0.0,1.821,False,0,0.1283279789490108,False,06295000
06191500,1,4367218,164,100.0,0.0,0.706,False,0,0.1283279789490108,False,06295000
06191500,1,4367226,165,100.0,0.0,1.148,False,0,0.1283279789490108,False,06295000
06191500,1,4367244,166,100.0,0.0,3.965,False,0,0.1283279789490108,False,06295000
06191500,1,4367248,167,100.0,0.0,1.173,False,0,0.1283279789490108,False,06295000
06191500,1,4367250,168,100.0,0.0,3.092,False,0,0.1283279789490108,False,06295000
06191500,1,4367254,169,100.0,0.0,1.868,False,0,0.1283279789490108,False,06295000
06191500,1,4367322,170,100.0,0.0,3.655,False,0,0.1283279789490108,False,06295000
06191500,1,4367258,171,100.0,0.0,0.054000000000000006,False,0,0.1283279789490108,False,06295000
06191500,1,4367264,172,100.0,0.0,0.159,False,0,0.1283279789490108,False,06295000
06191500,1,4367318,173,100.0,0.0,0.3390000000000001,False,0,0.1283279789490108,False,06295000
06191500,1,4367266,174,100.0,0.0,0.32800000000000007,False,0,0.1283279789490108,False,06295000
06191500,1,4367270,175,100.0,0.0,3.409,False,0,0.1283279789490108,False,06295000
06191500,1,4367276,176,100.0,0.0,1.962,False,0,0.1283279789490108,False,06295000
06191500,1,4367278,177,100.0,0.0,0.11,False,0,0.1283279789490108,False,06295000
06191500,1,4367282,178,100.0,0.0,0.466,False,0,0.1283279789490108,False,06295000
06191500,1,4367288,179,100.0,0.0,2.752,False,0,0.1283279789490108,False,06295000
06191500,1,4367290,180,100.0,0.0,3.142,False,0,0.1283279789490108,False,06295000
06191500,1,4367294,181,100.0,0.0,0.608,False,0,0.1283279789490108,False,06295000
06191500,1,4340768,182,100.0,0.0,0.229,False,0,0.1283279789490108,False,06295000
06191500,1,4340770,183,100.0,0.0,1.536,False,0,0.1283279789490108,False,06295000
06191500,1,4340786,184,100.0,0.0,3.998,False,0,0.1283279789490108,False,06295000
06191500,1,4340790,185,100.0,0.0,0.153,False,0,0.1283279789490108,False,06295000
06191500,1,4340804,186,100.0,0.0,0.396,False,0,0.1283279789490108,False,06295000
06191500,1,4340808,187,100.0,0.0,0.239,False,0,0.1283279789490108,False,06295000
06191500,1,4340810,188,100.0,0.0,1.178,False,0,0.1283279789490108,False,06295000
06191500,1,4340798,189,100.0,0.0,0.117,False,0,0.1283279789490108,False,06295000
06191500,1,4340814,190,100.0,0.0,2.997,False,0,0.1283279789490108,False,06295000
06191500,1,4340816,191,100.0,0.0,4.373,False,0,0.1283279789490108,False,06295000
06191500,1,4340820,192,100.0,0.0,0.429,False,0,0.1283279789490108,False,06295000
06191500,1,4340822,193,100.0,0.0,0.377,False,0,0.1283279789490108,False,06295000
06191500,1,4340824,194,100.0,0.0,1.6770000000000003,False,0,0.1283279789490108,False,06295000
06191500,1,4340830,195,100.0,0.0,3.17,False,0,0.1283279789490108,False,06295000
06191500,1,4340834,196,100.0,0.0,1.049,False,0,0.1283279789490108,False,06295000
06191500,1,4340842,197,100.0,0.0,0.755,False,0,0.1283279789490108,False,06295000
06191500,1,4340846,198,100.0,0.0,1.7079999999999997,False,0,0.1283279789490108,False,06295000
06191500,1,4340844,199,100.0,0.0,3.365,False,0,0.1283279789490108,False,06295000
06191500,1,4340850,200,100.0,0.0,2.5610000000000004,False,0,0.1283279789490108,False,06295000
06191500,1,4340860,201,100.0,0.0,4.124,False,0,0.1283279789490108,False,06295000
06191500,1,4340864,202,100.0,0.0,1.6870000000000003,False,0,0.1283279789490108,False,06295000
06191500,1,4340868,203,100.0,0.0,3.489,False,0,0.1283279789490108,False,06295000
06191500,1,4340872,204,100.0,0.0,0.877,False,0,0.1283279789490108,False,06295000
06191500,1,4340876,205,100.0,0.0,1.8460000000000003,False,0,0.1283279789490108,False,06295000
06191500,1,4340882,206,100.0,0.0,4.874,False,0,0.1283279789490108,False,06295000
06191500,1,4340886,207,100.0,0.0,2.9389999999999996,False,0,0.1283279789490108,False,06295000
06191500,1,4340956,208,100.0,0.0,0.997,False,0,0.1283279789490108,False,06295000
06191500,1,4340890,209,100.0,0.0,0.034,False,0,0.1283279789490108,False,06295000
06191500,1,4340958,210,100.0,0.0,0.068,False,0,0.1283279789490108,False,06295000
06191500,1,4340350,211,100.0,0.0,6.206999999999999,False,0,0.1283279789490108,False,06295000
06191500,1,4340370,212,100.0,0.0,0.4759999999999999,False,0,0.1283279789490108,False,06295000
06191500,1,4340910,213,100.0,0.0,0.107,False,0,0.1283279789490108,False,06295000
06191500,1,4340916,214,100.0,0.0,0.593,False,0,0.1283279789490108,False,06295000
06191500,1,4340914,215,100.0,0.0,0.036,False,0,0.1283279789490108,False,06295000
06191500,1,4340372,216,100.0,0.0,1.957,False,0,0.1283279789490108,False,06295000
06191500,1,4340364,217,100.0,0.0,0.063,False,0,0.1283279789490108,False,06295000
06191500,1,4340926,218,100.0,0.0,0.538,False,0,0.1283279789490108,False,06295000
06191500,1,4340928,219,100.0,0.0,0.32899999999999996,False,0,0.1283279789490108,False,06295000
06191500,1,4340918,220,100.0,0.0,2.7230000000000003,False,0,0.1283279789490108,False,06295000
06191500,1,4340894,221,100.0,0.0,1.538,False,0,0.1283279789490108,False,06295000
06191500,1,4343362,222,100.0,0.0,0.347,False,0,0.1283279789490108,False,06295000
06191500,1,4343364,223,100.0,0.0,2.957,False,0,0.1283279789490108,False,06295000
06191500,1,4343390,224,100.0,0.0,1.692,False,0,0.1283279789490108,False,06295000
06191500,1,4343398,225,100.0,0.0,0.42,False,0,0.1283279789490108,False,06295000
06191500,1,4343396,226,100.0,0.0,0.063,False,0,0.1283279789490108,False,06295000
06191500,1,4342550,227,100.0,0.0,0.614,False,0,0.1283279789490108,False,06295000
06191500,1,4343400,228,100.0,0.0,0.573,False,0,0.1283279789490108,False,06295000
06191500,1,4343442,229,100.0,0.0,1.8129999999999997,False,0,0.1283279789490108,False,06295000
06191500,1,4343454,230,100.0,0.0,0.62,False,0,0.1283279789490108,False,06295000
06191500,1,4343458,231,100.0,0.0,0.075,False,0,0.1283279789490108,False,06295000
06191500,1,4343456,232,100.0,0.0,3.051,False,0,0.1283279789490108,False,06295000
06191500,1,4343394,233,100.0,0.0,0.316,False,0,0.1283279789490108,False,06295000
06191500,1,4343404,234,100.0,0.0,0.319,False,0,0.1283279789490108,False,06295000
06191500,1,4343410,235,100.0,0.0,0.047,False,0,0.1283279789490108,False,06295000
06191500,1,4343408,236,100.0,0.0,0.076,False,0,0.1283279789490108,False,06295000
06191500,1,4343406,237,100.0,0.0,0.057,False,0,0.1283279789490108,False,06295000
06191500,1,4342504,238,100.0,0.0,1.331,False,0,0.1283279789490108,False,06295000
06191500,1,4342494,239,100.0,0.0,0.062,False,0,0.1283279789490108,False,06295000
06191500,1,4343386,240,100.0,0.0,0.026000000000000002,False,0,0.1283279789490108,False,06295000
06191500,1,4346820,241,100.0,0.0,0.25,False,0,0.1283279789490108,False,06295000
06191500,1,4343382,242,100.0,0.0,0.48100000000000004,False,0,0.1283279789490108,False,06295000
06191500,1,4343380,243,100.0,0.0,0.576,False,0,0.1283279789490108,False,06295000
06191500,1,4343376,244,100.0,0.0,0.622,False,0,0.1283279789490108,False,06295000
06191500,1,4343368,245,100.0,0.0,1.061,False,0,0.1283279789490108,False,06295000
06191500,1,4343356,246,100.0,0.0,0.418,False,0,0.1283279789490108,False,06295000
06191500,1,4343584,247,100.0,0.0,3.299,False,0,0.1283279789490108,False,06295000
06191500,1,4343596,248,100.0,0.0,2.533,False,0,0.1283279789490108,False,06295000
06191500,1,4343590,249,100.0,0.0,0.7239999999999999,False,0,0.1283279789490108,False,06295000
06191500,1,4343586,250,100.0,0.0,0.758,False,0,0.1283279789490108,False,06295000
06191500,1,4343352,251,100.0,0.0,1.9270000000000003,False,0,0.1283279789490108,False,06295000
06191500,1,4343346,252,100.0,0.0,2.491,False,0,0.1283279789490108,False,06295000
06191500,1,4343342,253,100.0,0.0,0.921,False,0,0.1283279789490108,False,06295000
06191500,1,4343338,254,100.0,0.0,1.402,False,0,0.1283279789490108,False,06295000
06191500,1,4343322,255,100.0,0.0,0.354,False,0,0.1283279789490108,False,06295000
06191500,1,4343306,256,100.0,0.0,0.113,False,0,0.1283279789490108,False,06295000
06191500,1,4343312,257,100.0,0.0,0.893,False,0,0.1283279789490108,False,06295000
06191500,1,4343310,258,100.0,0.0,0.509,False,0,0.1283279789490108,False,06295000
06191500,1,4343304,259,100.0,0.0,0.185,False,0,0.1283279789490108,False,06295000
06191500,1,4343298,260,100.0,0.0,0.342,False,0,0.1283279789490108,False,06295000
06191500,1,4343288,261,100.0,0.0,0.149,False,0,0.1283279789490108,False,06295000
06191500,1,4343276,262,100.0,0.0,0.042,False,0,0.1283279789490108,False,06295000
06191500,1,4343272,263,100.0,0.0,0.417,False,0,0.1283279789490108,False,06295000
06191500,1,4343270,264,100.0,0.0,0.523,False,0,0.1283279789490108,False,06295000
06191500,1,4343268,265,100.0,0.0,0.079,False,0,0.1283279789490108,False,06295000
06191500,1,4342204,266,100.0,0.0,0.396,False,0,0.1283279789490108,False,06295000
06191500,1,4343262,267,100.0,0.0,0.18099999999999997,False,0,0.1283279789490108,False,06295000
06191500,1,4343568,268,100.0,0.0,0.283,False,0,0.1283279789490108,False,06295000
06191500,1,4343260,269,100.0,0.0,0.21899999999999997,False,0,0.1283279789490108,False,06295000
06191500,1,4343258,270,100.0,0.0,0.19699999999999998,False,0,0.1283279789490108,False,06295000
06191500,1,4343256,271,100.0,0.0,0.131,False,0,0.1283279789490108,False,06295000
06191500,1,4343248,272,100.0,0.0,0.366,False,0,0.1283279789490108,False,06295000
06191500,1,4343242,273,100.0,0.0,0.067,False,0,0.1283279789490108,False,06295000
06191500,1,4342172,274,100.0,0.0,0.265,False,0,0.1283279789490108,False,06295000
06191500,1,4342164,275,100.0,0.0,0.156,False,0,0.1283279789490108,False,06295000
06191500,1,4342156,276,100.0,0.0,0.207,False,0,0.1283279789490108,False,06295000
06191500,1,4342144,277,100.0,0.0,0.102,False,0,0.1283279789490108,False,06295000
06191500,1,4343234,278,100.0,0.0,0.41,False,0,0.1283279789490108,False,06295000
06191500,1,4343220,279,100.0,0.0,0.054000000000000006,False,0,0.1283279789490108,False,06295000
06191500,1,4343214,280,100.0,0.0,0.37,False,0,0.1283279789490108,False,06295000
06191500,1,4343208,281,100.0,0.0,0.061,False,0,0.1283279789490108,False,06295000
06191500,1,4342104,282,100.0,0.0,0.517,False,0,0.1283279789490108,False,06295000
06191500,1,4343484,283,100.0,0.0,0.486,False,0,0.1283279789490108,False,06295000
06191500,1,4343512,284,100.0,0.0,0.046,False,0,0.1283279789490108,False,06295000
06191500,1,4343514,285,100.0,0.0,0.128,False,0,0.1283279789490108,False,06295000
06191500,1,4343182,286,100.0,0.0,0.694,False,0,0.1283279789490108,False,06295000
06191500,1,4343176,287,100.0,0.0,0.234,False,0,0.1283279789490108,False,06295000
06191500,1,4343168,288,100.0,0.0,0.085,False,0,0.1283279789490108,False,06295000
06191500,1,4343142,289,100.0,0.0,0.042,False,0,0.1283279789490108,False,06295000
06191500,1,4343134,290,100.0,0.0,0.132,False,0,0.1283279789490108,False,06295000
06191500,1,4343124,291,100.0,0.0,0.405,False,0,0.1283279789490108,False,06295000
06191500,1,4343118,292,100.0,0.0,0.06,False,0,0.1283279789490108,False,06295000
06191500,1,4343558,293,100.0,0.0,0.6919999999999998,False,0,0.1283279789490108,False,06295000
06191500,1,4343556,294,100.0,0.0,0.063,False,0,0.1283279789490108,False,06295000
06191500,1,4343540,295,100.0,0.0,0.109,False,0,0.1283279789490108,False,06295000
06191500,1,4342920,296,100.0,0.0,0.439,False,0,0.1283279789490108,False,06295000
06191500,1,4343534,297,100.0,0.0,0.106,False,0,0.1283279789490108,False,06295000
06191500,1,4343538,298,100.0,0.0,0.494,False,0,0.1283279789490108,False,06295000
06191500,1,4343536,299,100.0,0.0,0.043,False,0,0.1283279789490108,False,06295000
06191500,1,4341956,300,100.0,0.0,0.483,False,0,0.1283279789490108,False,06295000
06191500,1,4343070,301,100.0,0.0,0.08,False,0,0.1283279789490108,False,06295000
06191500,1,4343066,302,100.0,0.0,0.127,False,0,0.1283279789490108,False,06295000
06191500,1,4343064,303,100.0,0.0,0.138,False,0,0.1283279789490108,False,06295000
06191500,1,4343060,304,100.0,0.0,0.554,False,0,0.1283279789490108,False,06295000
06191500,1,4343058,305,100.0,0.0,0.065,False,0,0.1283279789490108,False,06295000
06191500,1,4342886,306,100.0,0.0,1.915,False,0,0.1283279789490108,False,06295000
06191500,1,4342876,307,100.0,0.0,5.924000000000001,False,0,0.1283279789490108,False,06295000
06191500,1,4343520,308,100.0,0.0,0.029000000000000005,False,0,0.1283279789490108,False,06295000
06191500,1,4343546,309,100.0,0.0,0.48,False,0,0.1283279789490108,False,06295000
06191500,1,4343004,310,100.0,0.0,0.062,False,0,0.1283279789490108,False,06295000
06191500,1,4343002,311,100.0,0.0,0.858,False,0,0.1283279789490108,False,06295000
06191500,1,4342998,312,100.0,0.0,0.69,False,0,0.1283279789490108,False,06295000
06191500,1,4342994,313,100.0,0.0,0.152,False,0,0.1283279789490108,False,06295000
06191500,1,4342992,314,100.0,0.0,0.737,False,0,0.1283279789490108,False,06295000
06191500,1,4342990,315,100.0,0.0,0.053,False,0,0.1283279789490108,False,06295000
06191500,1,4342988,316,100.0,0.0,0.159,False,0,0.1283279789490108,False,06295000
06191500,1,7198083,317,100.0,0.0,0.196,False,0,0.1283279789490108,False,06295000
06191500,1,7198079,318,100.0,0.0,0.39399999999999996,False,0,0.1283279789490108,False,06295000
06191500,1,7198073,319,100.0,0.0,0.142,False,0,0.1283279789490108,False,06295000
06191500,1,7198071,320,100.0,0.0,0.391,False,0,0.1283279789490108,False,06295000
06191500,1,7198067,321,100.0,0.0,0.244,False,0,0.1283279789490108,False,06295000
06191500,1,7198063,322,100.0,0.0,1.101,False,0,0.1283279789490108,False,06295000
06191500,1,7198059,323,100.0,0.0,0.255,False,0,0.1283279789490108,False,06295000
06191500,1,7198055,324,100.0,0.0,0.32800000000000007,False,0,0.1283279789490108,False,06295000
06191500,1,7198053,325,100.0,0.0,1.8969999999999998,False,0,0.1283279789490108,False,06295000
06191500,1,7198047,326,100.0,0.0,0.236,False,0,0.1283279789490108,False,06295000
06191500,1,7198043,327,100.0,0.0,0.9330000000000002,False,0,0.1283279789490108,False,06295000
06191500,1,7198039,328,100.0,0.0,1.056,False,0,0.1283279789490108,False,06295000
06191500,1,7198035,329,100.0,0.0,0.4040000000000001,False,0,0.1283279789490108,False,06295000
06191500,1,7198031,330,100.0,0.0,0.479,False,0,0.1283279789490108,False,06295000
06191500,1,7198025,331,100.0,0.0,0.114,False,0,0.1283279789490108,False,06295000
06191500,1,7198021,332,100.0,0.0,0.406,False,0,0.1283279789490108,False,06295000
06191500,1,7198017,333,100.0,0.0,0.554,False,0,0.1283279789490108,False,06295000
06191500,1,7198013,334,100.0,0.0,0.657,False,0,0.1283279789490108,False,06295000
06191500,1,7198009,335,100.0,0.0,1.05,False,0,0.1283279789490108,False,06295000
06191500,1,7198003,336,100.0,0.0,1.926,False,0,0.1283279789490108,False,06295000
06191500,1,7197999,337,100.0,0.0,0.6969999999999998,False,0,0.1283279789490108,False,06295000
06191500,1,7197995,338,100.0,0.0,1.495,False,0,0.1283279789490108,False,06295000
06191500,1,7197991,339,100.0,0.0,0.576,False,0,0.1283279789490108,False,06295000
06191500,1,7197983,340,100.0,0.0,0.037,False,0,0.1283279789490108,False,06295000
06191500,1,7196931,341,100.0,0.0,0.544,False,0,0.1283279789490108,False,06295000
06191500,1,7196899,342,100.0,0.0,0.982,False,0,0.1283279789490108,False,06295000
06191500,1,7196845,343,100.0,0.0,0.035,False,0,0.1283279789490108,False,06295000
06191500,1,7196843,344,100.0,0.0,0.519,False,0,0.1283279789490108,False,06295000
06191500,1,7196823,345,100.0,0.0,0.07,False,0,0.1283279789490108,False,06295000
06191500,1,7197963,346,100.0,0.0,0.259,False,0,0.1283279789490108,False,06295000
06191500,1,7197959,347,100.0,0.0,0.127,False,0,0.1283279789490108,False,06295000
06191500,1,7197955,348,100.0,0.0,2.422,False,0,0.1283279789490108,False,06295000
06191500,1,7197945,349,100.0,0.0,3.043,False,0,0.1283279789490108,False,06295000
06191500,1,7197927,350,100.0,0.0,0.762,False,0,0.1283279789490108,False,06295000
06191500,1,7197919,351,100.0,0.0,0.395,False,0,0.1283279789490108,False,06295000
06191500,1,7197917,352,100.0,0.0,0.042,False,0,0.1283279789490108,False,06295000
06191500,1,7197913,353,100.0,0.0,1.259,False,0,0.1283279789490108,False,06295000
06191500,1,7197901,354,100.0,0.0,0.062,False,0,0.1283279789490108,False,06295000
06191500,1,7196353,355,100.0,0.0,0.29,False,0,0.1283279789490108,False,06295000
06191500,1,7196329,356,100.0,0.0,0.821,False,0,0.1283279789490108,False,06295000
06191500,1,7197899,357,100.0,0.0,0.029000000000000005,False,0,0.1283279789490108,False,06295000
06191500,1,7197897,358,100.0,0.0,1.398,False,0,0.1283279789490108,False,06295000
06191500,1,7197889,359,100.0,0.0,0.711,False,0,0.1283279789490108,False,06295000
06191500,1,7197885,360,100.0,0.0,0.6,False,0,0.1283279789490108,False,06295000
06191500,1,7197881,361,100.0,0.0,0.6830000000000002,False,0,0.1283279789490108,False,06295000
06191500,1,7197861,362,100.0,0.0,0.129,False,0,0.1283279789490108,False,06295000
06191500,1,7197851,363,100.0,0.0,0.371,False,0,0.1283279789490108,False,06295000
06191500,1,7197841,364,100.0,0.0,0.49,False,0,0.1283279789490108,False,06295000
06191500,1,7197807,365,100.0,0.0,0.763,False,0,0.1283279789490108,False,06295000
06191500,1,7197799,366,100.0,0.0,0.767,False,0,0.1283279789490108,False,06295000
06191500,1,7197803,367,100.0,0.0,0.091,False,0,0.1283279789490108,False,06295000
06191500,1,7197801,368,100.0,0.0,1.706,False,0,0.1283279789490108,False,06295000
06191500,1,7197751,369,100.0,0.0,0.095,False,0,0.1283279789490108,False,06295000
06191500,1,7197743,370,100.0,0.0,0.105,False,0,0.1283279789490108,False,06295000
06191500,1,7195993,371,100.0,0.0,0.993,False,0,0.1283279789490108,False,06295000
06191500,1,7195971,372,100.0,0.0,0.305,False,0,0.1283279789490108,False,06295000
06191500,1,7195967,373,100.0,0.0,0.054000000000000006,False,0,0.1283279789490108,False,06295000
06191500,1,7202645,374,100.0,0.0,0.16400000000000003,False,0,0.1283279789490108,False,06295000
06191500,1,7197737,375,100.0,0.0,0.074,False,0,0.1283279789490108,False,06295000
06191500,1,7197735,376,100.0,0.0,0.213,False,0,0.1283279789490108,False,06295000
06191500,1,7193309,377,100.0,0.0,0.7189999999999999,False,0,0.1283279789490108,False,06295000
06191500,1,7193329,378,100.0,0.0,0.567,False,0,0.1283279789490108,False,06295000
06191500,1,7193313,379,100.0,0.0,0.406,False,0,0.1283279789490108,False,06295000
06191500,1,7197739,380,100.0,0.0,0.094,False,0,0.1283279789490108,False,06295000
06191500,1,7197769,381,100.0,0.0,1.9039999999999997,False,0,0.1283279789490108,False,06295000
06191500,1,7197771,382,100.0,0.0,0.042,False,0,0.1283279789490108,False,06295000
06191500,1,7197777,383,100.0,0.0,1.496,False,0,0.1283279789490108,False,06295000
06191500,1,7197781,384,100.0,0.0,0.616,False,0,0.1283279789490108,False,06295000
06191500,1,7197787,385,100.0,0.0,0.752,False,0,0.1283279789490108,False,06295000
06191500,1,7197793,386,100.0,0.0,0.134,False,0,0.1283279789490108,False,06295000
06191500,1,7197817,387,100.0,0.0,0.434,False,0,0.1283279789490108,False,06295000
06191500,1,7197815,388,100.0,0.0,0.047,False,0,0.1283279789490108,False,06295000
06191500,1,7195959,389,100.0,0.0,0.428,False,0,0.1283279789490108,False,06295000
06191500,1,7197827,390,100.0,0.0,0.199,False,0,0.1283279789490108,False,06295000
06191500,1,7202647,391,100.0,0.0,0.09700000000000002,False,0,0.1283279789490108,False,06295000
06191500,1,7197825,392,100.0,0.0,0.46,False,0,0.1283279789490108,False,06295000
06191500,1,7197835,393,100.0,0.0,0.3509999999999999,False,0,0.1283279789490108,False,06295000
06191500,1,7197833,394,100.0,0.0,0.21899999999999997,False,0,0.1283279789490108,False,06295000
06191500,1,7197829,395,100.0,0.0,0.043,False,0,0.1283279789490108,False,06295000
06191500,1,7195963,396,100.0,0.0,0.7120000000000001,False,0,0.1283279789490108,False,06295000
06191500,1,7197857,397,100.0,0.0,0.347,False,0,0.1283279789490108,False,06295000
06191500,1,7197855,398,100.0,0.0,0.127,False,0,0.1283279789490108,False,06295000
06191500,1,7197849,399,100.0,0.0,0.049,False,0,0.1283279789490108,False,06295000
06191500,1,7195965,400,100.0,0.0,0.27,False,0,0.1283279789490108,False,06295000
06191500,1,7197865,401,100.0,0.0,0.268,False,0,0.1283279789490108,False,06295000
06191500,1,7197877,402,100.0,0.0,0.332,False,0,0.1283279789490108,False,06295000
06191500,1,7202655,403,100.0,0.0,0.458,False,0,0.1283279789490108,False,06295000
06191500,1,7198171,404,100.0,0.0,0.373,False,0,0.1283279789490108,False,06295000
06191500,1,7198173,405,100.0,0.0,0.289,False,0,0.1283279789490108,False,06295000
06191500,1,7198167,406,100.0,0.0,0.272,False,0,0.1283279789490108,False,06295000
06191500,1,7198193,407,100.0,0.0,1.066,False,0,0.1283279789490108,False,06295000
06191500,1,7198191,408,100.0,0.0,0.533,False,0,0.1283279789490108,False,06295000
06191500,1,7198189,409,100.0,0.0,0.20800000000000002,False,0,0.1283279789490108,False,06295000
06191500,1,7199133,410,100.0,0.0,1.169,False,0,0.1283279789490108,False,06295000
06191500,1,7199135,411,100.0,0.0,0.655,False,0,0.1283279789490108,False,06295000
06191500,1,7199175,412,100.0,0.0,1.875,False,0,0.1283279789490108,False,06295000
06191500,1,7199137,413,100.0,0.0,0.499,False,0,0.1283279789490108,False,06295000
06191500,1,7195109,414,100.0,0.0,0.9570000000000001,False,0,0.1283279789490108,False,06295000
06191500,1,7195131,415,100.0,0.0,0.488,False,0,0.1283279789490108,False,06295000
06191500,1,7195103,416,100.0,0.0,0.077,False,0,0.1283279789490108,False,06295000
06191500,1,7194339,417,100.0,0.0,0.748,False,0,0.1283279789490108,False,06295000
06191500,1,7202671,418,100.0,0.0,0.409,False,0,0.1283279789490108,False,06295000
06191500,1,7195097,419,100.0,0.0,0.08200000000000002,False,0,0.1283279789490108,False,06295000
06191500,1,7195095,420,100.0,0.0,0.191,False,0,0.1283279789490108,False,06295000
06191500,1,7195091,421,100.0,0.0,0.677,False,0,0.1283279789490108,False,06295000
06191500,1,7195087,422,100.0,0.0,1.324,False,0,0.1283279789490108,False,06295000
06191500,1,7195083,423,100.0,0.0,0.127,False,0,0.1283279789490108,False,06295000
06191500,1,7195077,424,100.0,0.0,0.584,False,0,0.1283279789490108,False,06295000
06191500,1,7195065,425,100.0,0.0,1.9039999999999997,False,0,0.1283279789490108,False,06295000
06191500,1,7195061,426,100.0,0.0,0.763,False,0,0.1283279789490108,False,06295000
06191500,1,7195201,427,100.0,0.0,0.921,False,0,0.1283279789490108,False,06295000
06191500,1,7195031,428,100.0,0.0,0.261,False,0,0.1283279789490108,False,06295000
06191500,1,7195195,429,100.0,0.0,0.515,False,0,0.1283279789490108,False,06295000
06191500,1,7195197,430,100.0,0.0,0.071,False,0,0.1283279789490108,False,06295000
06191500,1,7195193,431,100.0,0.0,0.797,False,0,0.1283279789490108,False,06295000
06191500,1,7195051,432,100.0,0.0,0.048,False,0,0.1283279789490108,False,06295000
06191500,1,7195055,433,100.0,0.0,0.882,False,0,0.1283279789490108,False,06295000
06191500,1,7195039,434,100.0,0.0,0.09,False,0,0.1283279789490108,False,06295000
06191500,1,7195043,435,100.0,0.0,0.255,False,0,0.1283279789490108,False,06295000
06191500,1,7195057,436,100.0,0.0,0.956,False,0,0.1283279789490108,False,06295000
06191500,1,7195053,437,100.0,0.0,0.264,False,0,0.1283279789490108,False,06295000
06191500,1,7195045,438,100.0,0.0,0.536,False,0,0.1283279789490108,False,06295000
06191500,1,7195021,439,100.0,0.0,0.393,False,0,0.1283279789490108,False,06295000
06191500,1,7195017,440,100.0,0.0,0.18099999999999997,False,0,0.1283279789490108,False,06295000
06191500,1,7195015,441,100.0,0.0,1.198,False,0,0.1283279789490108,False,06295000
06191500,1,7195179,442,100.0,0.0,0.58,False,0,0.1283279789490108,False,06295000
06191500,1,7195005,443,100.0,0.0,0.286,False,0,0.1283279789490108,False,06295000
06191500,1,7194993,444,100.0,0.0,0.41600000000000004,False,0,0.1283279789490108,False,06295000
06191500,1,7195001,445,100.0,0.0,1.2920000000000003,False,0,0.1283279789490108,False,06295000
06191500,1,7194997,446,100.0,0.0,0.417,False,0,0.1283279789490108,False,06295000
06191500,1,7194995,447,100.0,0.0,0.32,False,0,0.1283279789490108,False,06295000
06191500,1,7194989,448,100.0,0.0,1.357,False,0,0.1283279789490108,False,06295000
06191500,1,7194985,449,100.0,0.0,2.332,False,0,0.1283279789490108,False,06295000
06191500,1,7194983,450,100.0,0.0,1.575,False,0,0.1283279789490108,False,06295000
06191500,1,7194973,451,100.0,0.0,0.871,False,0,0.1283279789490108,False,06295000
06191500,1,7194975,452,100.0,0.0,0.413,False,0,0.1283279789490108,False,06295000
06191500,1,7194969,453,100.0,0.0,1.281,False,0,0.1283279789490108,False,06295000
06191500,1,7194965,454,100.0,0.0,0.9419999999999998,False,0,0.1283279789490108,False,06295000
06191500,1,7194961,455,100.0,0.0,0.393,False,0,0.1283279789490108,False,06295000
06191500,1,7194957,456,100.0,0.0,0.171,False,0,0.1283279789490108,False,06295000
06191500,1,7194947,457,100.0,0.0,1.095,False,0,0.1283279789490108,False,06295000
06191500,1,7194925,458,100.0,0.0,0.272,False,0,0.1283279789490108,False,06295000
06191500,1,7194917,459,100.0,0.0,0.213,False,0,0.1283279789490108,False,06295000
06191500,1,7194913,460,100.0,0.0,0.075,False,0,0.1283279789490108,False,06295000
06191500,1,7194911,461,100.0,0.0,0.07,False,0,0.1283279789490108,False,06295000
06191500,1,7194095,462,100.0,0.0,0.579,False,0,0.1283279789490108,False,06295000
06191500,1,7194897,463,100.0,0.0,0.064,False,0,0.1283279789490108,False,06295000
06191500,1,7194919,464,100.0,0.0,0.88,False,0,0.1283279789490108,False,06295000
06191500,1,7195149,465,100.0,0.0,0.66,False,0,0.1283279789490108,False,06295000
06191500,1,7194935,466,100.0,0.0,1.181,False,0,0.1283279789490108,False,06295000
06191500,1,7194933,467,100.0,0.0,0.10100000000000002,False,0,0.1283279789490108,False,06295000
06191500,1,7194927,468,100.0,0.0,0.6830000000000002,False,0,0.1283279789490108,False,06295000
06191500,1,7194903,469,100.0,0.0,0.064,False,0,0.1283279789490108,False,06295000
06191500,1,7194901,470,100.0,0.0,0.087,False,0,0.1283279789490108,False,06295000
06191500,1,7194893,471,100.0,0.0,0.851,False,0,0.1283279789490108,False,06295000
06191500,1,7194885,472,100.0,0.0,0.519,False,0,0.1283279789490108,False,06295000
06191500,1,7194879,473,100.0,0.0,0.299,False,0,0.1283279789490108,False,06295000
06191500,1,7194877,474,100.0,0.0,0.04100000000000001,False,0,0.1283279789490108,False,06295000
06191500,1,7194033,475,100.0,0.0,1.184,False,0,0.1283279789490108,False,06295000
06191500,1,7195133,476,100.0,0.0,0.209,False,0,0.1283279789490108,False,06295000
06191500,1,7202673,477,100.0,0.0,0.016,False,0,0.1283279789490108,False,06295000
06191500,1,7195137,478,100.0,0.0,0.122,False,0,0.1283279789490108,False,06295000
06191500,1,7194849,479,100.0,0.0,0.171,False,0,0.1283279789490108,False,06295000
06191500,1,7194843,480,100.0,0.0,0.543,False,0,0.1283279789490108,False,06295000
06191500,1,7194841,481,100.0,0.0,0.053,False,0,0.1283279789490108,False,06295000
06191500,1,7194839,482,100.0,0.0,1.208,False,0,0.1283279789490108,False,06295000
06191500,1,7194819,483,100.0,0.0,0.168,False,0,0.1283279789490108,False,06295000
06191500,1,7194821,484,100.0,0.0,0.213,False,0,0.1283279789490108,False,06295000
06191500,1,7195173,485,100.0,0.0,0.26,False,0,0.1283279789490108,False,06295000
06191500,1,7194827,486,100.0,0.0,0.042,False,0,0.1283279789490108,False,06295000
06191500,1,7194833,487,100.0,0.0,0.171,False,0,0.1283279789490108,False,06295000
06191500,1,7195175,488,100.0,0.0,0.316,False,0,0.1283279789490108,False,06295000
06191500,1,7194853,489,100.0,0.0,0.686,False,0,0.1283279789490108,False,06295000
06191500,1,7194851,490,100.0,0.0,0.075,False,0,0.1283279789490108,False,06295000
06191500,1,7193971,491,100.0,0.0,0.8960000000000001,False,0,0.1283279789490108,False,06295000
06191500,1,7193967,492,100.0,0.0,0.503,False,0,0.1283279789490108,False,06295000
06191500,1,7193961,493,100.0,0.0,0.659,False,0,0.1283279789490108,False,06295000
06191500,1,7193947,494,100.0,0.0,0.111,False,0,0.1283279789490108,False,06295000
06191500,1,7195161,495,100.0,0.0,0.103,False,0,0.1283279789490108,False,06295000
06191500,1,7195163,496,100.0,0.0,0.085,False,0,0.1283279789490108,False,06295000
06191500,1,7194813,497,100.0,0.0,1.327,False,0,0.1283279789490108,False,06295000
06191500,1,7195143,498,100.0,0.0,1.196,False,0,0.1283279789490108,False,06295000
06191500,1,7194829,499,100.0,0.0,1.7,False,0,0.1283279789490108,False,06295000
06191500,1,7195123,500,100.0,0.0,0.095,False,0,0.1283279789490108,False,06295000
06191500,1,13257825,501,100.0,0.0,0.08,False,0,0.1283279789490108,True,06295000
06191500,1,13257753,502,100.0,0.0,0.118,False,0,0.1283279789490108,True,06295000
06191500,1,13256531,503,100.0,0.0,0.442,False,0,0.1283279789490108,True,06295000
06191500,1,13257881,504,100.0,0.0,0.083,False,0,0.1283279789490108,True,06295000
06191500,1,13257749,505,100.0,0.0,0.176,False,0,0.1283279789490108,True,06295000
06191500,1,13257751,506,100.0,0.0,0.592,False,0,0.1283279789490108,True,06295000
06191500,1,13257711,507,100.0,0.0,2.037,False,0,0.1283279789490108,True,06295000
06191500,1,13257775,508,100.0,0.0,0.522,False,0,0.1283279789490108,True,06295000
06191500,1,13257865,509,100.0,0.0,0.229,False,0,0.1283279789490108,True,06295000
06191500,1,13257885,510,100.0,0.0,0.764,False,0,0.1283279789490108,True,06295000
06191500,1,13257813,511,100.0,0.0,0.226,False,0,0.1283279789490108,True,06295000
06191500,1,13257699,512,100.0,0.0,0.624,False,0,0.1283279789490108,True,06295000
06191500,1,13257849,513,100.0,0.0,0.377,False,0,0.1283279789490108,True,06295000
06191500,1,13257693,514,100.0,0.0,0.296,False,0,0.1283279789490108,True,06295000
06191500,1,13270309,515,100.0,0.0,0.075,False,0,0.1283279789490108,True,06295000
06191500,1,13257857,516,100.0,0.0,0.83,False,0,0.1283279789490108,True,06295000
06191500,1,13257691,517,100.0,0.0,0.733,False,0,0.1283279789490108,True,06295000
06191500,1,13257685,518,100.0,0.0,0.085,False,0,0.1283279789490108,True,06295000
06191500,1,13257801,519,100.0,0.0,0.083,False,0,0.1283279789490108,True,06295000
06191500,1,13256325,520,100.0,0.0,1.7719999999999998,False,0,0.1283279789490108,True,06295000
06191500,1,13256277,521,100.0,0.0,1.138,False,0,0.1283279789490108,True,06295000
06191500,1,13256251,522,100.0,0.0,1.75,False,0,0.1283279789490108,True,06295000
06191500,1,13256199,523,100.0,0.0,0.791,False,0,0.1283279789490108,True,06295000
06191500,1,13256183,524,100.0,0.0,0.384,False,0,0.1283279789490108,True,06295000
06191500,1,13257631,525,100.0,0.0,0.086,False,0,0.1283279789490108,True,06295000
06191500,1,13257629,526,100.0,0.0,0.7659999999999999,False,0,0.1283279789490108,True,06295000
06191500,1,13257627,527,100.0,0.0,0.087,False,0,0.1283279789490108,True,06295000
06191500,1,13257637,528,100.0,0.0,1.709,False,0,0.1283279789490108,True,06295000
06191500,1,13257639,529,100.0,0.0,0.354,False,0,0.1283279789490108,True,06295000
06191500,1,13257641,530,100.0,0.0,0.436,False,0,0.1283279789490108,True,06295000
06191500,1,13257635,531,100.0,0.0,0.608,False,0,0.1283279789490108,True,06295000
06191500,1,13257621,532,100.0,0.0,1.132,False,0,0.1283279789490108,True,06295000
06191500,1,13257619,533,100.0,0.0,0.063,False,0,0.1283279789490108,True,06295000
06191500,1,13256169,534,100.0,0.0,0.507,False,0,0.1283279789490108,True,06295000
06191500,1,13256167,535,100.0,0.0,5.448,False,0,0.1283279789490108,True,06295000
06191500,1,13256083,536,100.0,0.0,0.11200000000000002,False,0,0.1283279789490108,True,06295000
06191500,1,13257605,537,100.0,0.0,0.626,False,0,0.1283279789490108,True,06295000
06191500,1,13257599,538,100.0,0.0,0.746,False,0,0.1283279789490108,True,06295000
06191500,1,13257795,539,100.0,0.0,1.523,False,0,0.1283279789490108,True,06295000
06191500,1,13257539,540,100.0,0.0,0.662,False,0,0.1283279789490108,True,06295000
06191500,1,13257527,541,100.0,0.0,1.262,False,0,0.1283279789490108,True,06295000
06191500,1,13257537,542,100.0,0.0,2.166,False,0,0.1283279789490108,True,06295000
06191500,1,13257507,543,100.0,0.0,0.20200000000000004,False,0,0.1283279789490108,True,06295000
06191500,1,13257499,544,100.0,0.0,2.963,False,0,0.1283279789490108,True,06295000
06191500,1,13257471,545,100.0,0.0,0.19699999999999998,False,0,0.1283279789490108,True,06295000
06191500,1,13257847,546,100.0,0.0,0.072,False,0,0.1283279789490108,True,06295000
06191500,1,13257469,547,100.0,0.0,0.313,False,0,0.1283279789490108,True,06295000
06191500,1,13257457,548,100.0,0.0,0.904,False,0,0.1283279789490108,True,06295000
06191500,1,13257461,549,100.0,0.0,0.831,False,0,0.1283279789490108,True,06295000
06191500,1,13257475,550,100.0,0.0,0.233,False,0,0.1283279789490108,True,06295000
06191500,1,13257473,551,100.0,0.0,0.384,False,0,0.1283279789490108,True,06295000
06191500,1,13257467,552,100.0,0.0,0.195,False,0,0.1283279789490108,True,06295000
06191500,1,13257757,553,100.0,0.0,0.654,False,0,0.1283279789490108,True,06295000
06191500,1,13257503,554,100.0,0.0,0.59,False,0,0.1283279789490108,True,06295000
06191500,1,13257511,555,100.0,0.0,1.3939999999999997,False,0,0.1283279789490108,True,06295000
06191500,1,13257483,556,100.0,0.0,0.63,False,0,0.1283279789490108,True,06295000
06191500,1,13257451,557,100.0,0.0,0.574,False,0,0.1283279789490108,True,06295000
06191500,1,13257797,558,100.0,0.0,0.18600000000000003,False,0,0.1283279789490108,True,06295000
06191500,1,13257513,559,100.0,0.0,2.018,False,0,0.1283279789490108,True,06295000
06191500,1,13257523,560,100.0,0.0,0.9570000000000001,False,0,0.1283279789490108,True,06295000
06191500,1,13257799,561,100.0,0.0,1.167,False,0,0.1283279789490108,True,06295000
06191500,1,13257545,562,100.0,0.0,2.01,False,0,0.1283279789490108,True,06295000
06191500,1,13257541,563,100.0,0.0,0.862,False,0,0.1283279789490108,True,06295000
06191500,1,13270255,564,100.0,0.0,0.191,False,0,0.1283279789490108,True,06295000
06191500,1,13257839,565,100.0,0.0,0.671,False,0,0.1283279789490108,True,06295000
06191500,1,13257579,566,100.0,0.0,0.614,False,0,0.1283279789490108,True,06295000
06191500,1,13257591,567,100.0,0.0,0.39399999999999996,False,0,0.1283279789490108,True,06295000
06191500,1,13257597,568,100.0,0.0,0.081,False,0,0.1283279789490108,True,06295000
06191500,1,13255993,569,100.0,0.0,0.89,False,0,0.1283279789490108,True,06295000
06191500,1,13255985,570,100.0,0.0,0.3390000000000001,False,0,0.1283279789490108,True,06295000
06191500,1,13257593,571,100.0,0.0,0.085,False,0,0.1283279789490108,True,06295000
06191500,1,13257595,572,100.0,0.0,1.192,False,0,0.1283279789490108,True,06295000
06191500,1,13257581,573,100.0,0.0,1.955,False,0,0.1283279789490108,True,06295000
06191500,1,13257555,574,100.0,0.0,0.062,False,0,0.1283279789490108,True,06295000
06191500,1,13257559,575,100.0,0.0,0.073,False,0,0.1283279789490108,True,06295000
06191500,1,13255937,576,100.0,0.0,0.253,False,0,0.1283279789490108,True,06295000
06191500,1,13257791,577,100.0,0.0,3.509,False,0,0.1283279789490108,True,06295000
06191500,1,13257787,578,100.0,0.0,1.486,False,0,0.1283279789490108,True,06295000
06191500,1,13257565,579,100.0,0.0,1.186,False,0,0.1283279789490108,True,06295000
06191500,1,13257563,580,100.0,0.0,0.752,False,0,0.1283279789490108,True,06295000
06191500,1,13257567,581,100.0,0.0,0.715,False,0,0.1283279789490108,True,06295000
06191500,1,13257571,582,100.0,0.0,0.024,False,0,0.1283279789490108,True,06295000
06191500,1,13257583,583,100.0,0.0,0.284,False,0,0.1283279789490108,True,06295000
06191500,1,13260037,584,100.0,0.0,1.546,False,0,0.1283279789490108,True,06295000
06191500,1,13260045,585,100.0,0.0,2.998,False,0,0.1283279789490108,True,06295000
06191500,1,13260053,586,100.0,0.0,1.798,False,0,0.1283279789490108,True,06295000
06191500,1,13260449,587,100.0,0.0,2.175,False,0,0.1283279789490108,True,06295000
06191500,1,13260451,588,100.0,0.0,0.074,False,0,0.1283279789490108,True,06295000
06191500,1,13260107,589,100.0,0.0,1.9069999999999998,False,0,0.1283279789490108,True,06295000
06191500,1,13260111,590,100.0,0.0,1.858,False,0,0.1283279789490108,True,06295000
06191500,1,13260135,591,100.0,0.0,3.065,False,0,0.1283279789490108,True,06295000
06191500,1,13260117,592,100.0,0.0,1.3869999999999998,False,0,0.1283279789490108,True,06295000
06191500,1,13260105,593,100.0,0.0,0.992,False,0,0.1283279789490108,True,06295000
06191500,1,13260119,594,100.0,0.0,1.867,False,0,0.1283279789490108,True,06295000
06191500,1,13260143,595,100.0,0.0,0.784,False,0,0.1283279789490108,True,06295000
06191500,1,13260163,596,100.0,0.0,0.84,False,0,0.1283279789490108,True,06295000
06191500,1,13260211,597,100.0,0.0,6.16,False,0,0.1283279789490108,True,06295000
06191500,1,13260227,598,100.0,0.0,3.008,False,0,0.1283279789490108,True,06295000
06191500,1,13260205,599,100.0,0.0,0.477,False,0,0.1283279789490108,True,06295000
06191500,1,13260209,600,100.0,0.0,0.775,False,0,0.1283279789490108,True,06295000
06191500,1,13260207,601,100.0,90.101,0.43100246000000003,False,0,0.1283279789490108,True,06295000
06208500,2,4268026,0,22.487,0.0,1.23970831,False,0,0.0996978816978328,False,06295000
06208500,2,4268020,1,100.0,0.0,0.536,False,0,0.0996978816978328,False,06295000
06208500,2,4268016,2,100.0,0.0,1.017,False,0,0.0996978816978328,False,06295000
06208500,2,4268012,3,100.0,0.0,0.693,False,0,0.0996978816978328,False,06295000
06208500,2,4268008,4,100.0,0.0,0.825,False,0,0.0996978816978328,False,06295000
06208500,2,4268004,5,100.0,0.0,1.233,False,0,0.0996978816978328,False,06295000
06208500,2,4262402,6,100.0,0.0,1.043,False,0,0.0996978816978328,False,06295000
06208500,2,4262392,7,100.0,0.0,0.365,False,0,0.0996978816978328,False,06295000
06208500,2,4262390,8,100.0,0.0,0.046,False,0,0.0996978816978328,False,06295000
06208500,2,4261972,9,100.0,0.0,1.197,False,0,0.0996978816978328,False,06295000
06208500,2,4261942,10,100.0,0.0,0.794,False,0,0.0996978816978328,False,06295000
06208500,2,4261932,11,100.0,0.0,0.162,False,0,0.0996978816978328,False,06295000
06208500,2,4262404,12,100.0,0.0,0.038,False,0,0.0996978816978328,False,06295000
06208500,2,4262424,13,100.0,0.0,0.423,False,0,0.0996978816978328,False,06295000
06208500,2,4262386,14,100.0,0.0,2.266,False,0,0.0996978816978328,False,06295000
06208500,2,4262384,15,100.0,0.0,0.052000000000000005,False,0,0.0996978816978328,False,06295000
06208500,2,4261912,16,100.0,0.0,0.271,False,0,0.0996978816978328,False,06295000
06208500,2,4262380,17,100.0,0.0,0.029000000000000005,False,0,0.0996978816978328,False,06295000
06208500,2,4262378,18,100.0,0.0,0.375,False,0,0.0996978816978328,False,06295000
06208500,2,4262372,19,100.0,0.0,0.18600000000000003,False,0,0.0996978816978328,False,06295000
06208500,2,4262376,20,100.0,0.0,0.812,False,0,0.0996978816978328,False,06295000
06208500,2,4262366,21,100.0,0.0,1.926,False,0,0.0996978816978328,False,06295000
06208500,2,4262354,22,100.0,0.0,0.294,False,0,0.0996978816978328,False,06295000
06208500,2,4262350,23,100.0,0.0,0.6629999999999999,False,0,0.0996978816978328,False,06295000
06208500,2,4262412,24,100.0,0.0,2.782,False,0,0.0996978816978328,False,06295000
06208500,2,4262338,25,100.0,0.0,0.377,False,0,0.0996978816978328,False,06295000
06208500,2,4262334,26,100.0,0.0,2.299,False,0,0.0996978816978328,False,06295000
06208500,2,4262330,27,100.0,0.0,1.72,False,0,0.0996978816978328,False,06295000
06208500,2,4262326,28,100.0,0.0,0.309,False,0,0.0996978816978328,False,06295000
06208500,2,4262322,29,100.0,0.0,0.19699999999999998,False,0,0.0996978816978328,False,06295000
06208500,2,4262314,30,100.0,0.0,0.263,False,0,0.0996978816978328,False,06295000
06208500,2,4262310,31,100.0,0.0,0.285,False,0,0.0996978816978328,False,06295000
06208500,2,4262308,32,100.0,0.0,4.11,False,0,0.0996978816978328,False,06295000
06208500,2,4262298,33,100.0,0.0,0.45300000000000007,False,0,0.0996978816978328,False,06295000
06208500,2,4262304,34,100.0,0.0,0.057,False,0,0.0996978816978328,False,06295000
06208500,2,4261792,35,100.0,0.0,0.312,False,0,0.0996978816978328,False,06295000
06208500,2,4261790,36,100.0,0.0,0.255,False,0,0.0996978816978328,False,06295000
06208500,2,4262296,37,100.0,0.0,0.042,False,0,0.0996978816978328,False,06295000
06208500,2,4262302,38,100.0,0.0,0.16,False,0,0.0996978816978328,False,06295000
06208500,2,4262300,39,100.0,0.0,0.9230000000000002,False,0,0.0996978816978328,False,06295000
06208500,2,4262274,40,100.0,0.0,0.19,False,0,0.0996978816978328,False,06295000
06208500,2,4262280,41,100.0,0.0,0.316,False,0,0.0996978816978328,False,06295000
06208500,2,4262278,42,100.0,0.0,0.6560000000000001,False,0,0.0996978816978328,False,06295000
06208500,2,4346842,43,100.0,0.0,0.201,False,0,0.0996978816978328,False,06295000
06208500,2,4346840,44,100.0,0.0,0.39399999999999996,False,0,0.0996978816978328,False,06295000
06208500,2,4343348,45,100.0,0.0,1.033,False,0,0.0996978816978328,False,06295000
06208500,2,4343346,46,100.0,0.0,2.491,False,0,0.0996978816978328,False,06295000
06208500,2,4343342,47,100.0,0.0,0.921,False,0,0.0996978816978328,False,06295000
06208500,2,4343338,48,100.0,0.0,1.402,False,0,0.0996978816978328,False,06295000
06208500,2,4343322,49,100.0,0.0,0.354,False,0,0.0996978816978328,False,06295000
06208500,2,4343306,50,100.0,0.0,0.113,False,0,0.0996978816978328,False,06295000
06208500,2,4343312,51,100.0,0.0,0.893,False,0,0.0996978816978328,False,06295000
06208500,2,4343310,52,100.0,0.0,0.509,False,0,0.0996978816978328,False,06295000
06208500,2,4343304,53,100.0,0.0,0.185,False,0,0.0996978816978328,False,06295000
06208500,2,4343298,54,100.0,0.0,0.342,False,0,0.0996978816978328,False,06295000
06208500,2,4343288,55,100.0,0.0,0.149,False,0,0.0996978816978328,False,06295000
06208500,2,4343276,56,100.0,0.0,0.042,False,0,0.0996978816978328,False,06295000
06208500,2,4343272,57,100.0,0.0,0.417,False,0,0.0996978816978328,False,06295000
06208500,2,4343270,58,100.0,0.0,0.523,False,0,0.0996978816978328,False,06295000
06208500,2,4343268,59,100.0,0.0,0.079,False,0,0.0996978816978328,False,06295000
06208500,2,4342204,60,100.0,0.0,0.396,False,0,0.0996978816978328,False,06295000
06208500,2,4343262,61,100.0,0.0,0.18099999999999997,False,0,0.0996978816978328,False,06295000
06208500,2,4343568,62,100.0,0.0,0.283,False,0,0.0996978816978328,False,06295000
06208500,2,4343260,63,100.0,0.0,0.21899999999999997,False,0,0.0996978816978328,False,06295000
06208500,2,4343258,64,100.0,0.0,0.19699999999999998,False,0,0.0996978816978328,False,06295000
06208500,2,4343256,65,100.0,0.0,0.131,False,0,0.0996978816978328,False,06295000
06208500,2,4343248,66,100.0,0.0,0.366,False,0,0.0996978816978328,False,06295000
06208500,2,4343242,67,100.0,0.0,0.067,False,0,0.0996978816978328,False,06295000
06208500,2,4342172,68,100.0,0.0,0.265,False,0,0.0996978816978328,False,06295000
06208500,2,4342164,69,100.0,0.0,0.156,False,0,0.0996978816978328,False,06295000
06208500,2,4342156,70,100.0,0.0,0.207,False,0,0.0996978816978328,False,06295000
06208500,2,4342144,71,100.0,0.0,0.102,False,0,0.0996978816978328,False,06295000
06208500,2,4343234,72,100.0,0.0,0.41,False,0,0.0996978816978328,False,06295000
06208500,2,4343220,73,100.0,0.0,0.054000000000000006,False,0,0.0996978816978328,False,06295000
06208500,2,4343214,74,100.0,0.0,0.37,False,0,0.0996978816978328,False,06295000
06208500,2,4343208,75,100.0,0.0,0.061,False,0,0.0996978816978328,False,06295000
06208500,2,4342104,76,100.0,0.0,0.517,False,0,0.0996978816978328,False,06295000
06208500,2,4343484,77,100.0,0.0,0.486,False,0,0.0996978816978328,False,06295000
06208500,2,4343512,78,100.0,0.0,0.046,False,0,0.0996978816978328,False,06295000
06208500,2,4343514,79,100.0,0.0,0.128,False,0,0.0996978816978328,False,06295000
06208500,2,4343182,80,100.0,0.0,0.694,False,0,0.0996978816978328,False,06295000
06208500,2,4343176,81,100.0,0.0,0.234,False,0,0.0996978816978328,False,06295000
06208500,2,4343168,82,100.0,0.0,0.085,False,0,0.0996978816978328,False,06295000
06208500,2,4343142,83,100.0,0.0,0.042,False,0,0.0996978816978328,False,06295000
06208500,2,4343134,84,100.0,0.0,0.132,False,0,0.0996978816978328,False,06295000
06208500,2,4343124,85,100.0,0.0,0.405,False,0,0.0996978816978328,False,06295000
06208500,2,4343118,86,100.0,0.0,0.06,False,0,0.0996978816978328,False,06295000
06208500,2,4343558,87,100.0,0.0,0.6919999999999998,False,0,0.0996978816978328,False,06295000
06208500,2,4343556,88,100.0,0.0,0.063,False,0,0.0996978816978328,False,06295000
06208500,2,4343540,89,100.0,0.0,0.109,False,0,0.0996978816978328,False,06295000
06208500,2,4342920,90,100.0,0.0,0.439,False,0,0.0996978816978328,False,06295000
06208500,2,4343534,91,100.0,0.0,0.106,False,0,0.0996978816978328,False,06295000
06208500,2,4343538,92,100.0,0.0,0.494,False,0,0.0996978816978328,False,06295000
06208500,2,4343536,93,100.0,0.0,0.043,False,0,0.0996978816978328,False,06295000
06208500,2,4341956,94,100.0,0.0,0.483,False,0,0.0996978816978328,False,06295000
06208500,2,4343070,95,100.0,0.0,0.08,False,0,0.0996978816978328,False,06295000
06208500,2,4343066,96,100.0,0.0,0.127,False,0,0.0996978816978328,False,06295000
06208500,2,4343064,97,100.0,0.0,0.138,False,0,0.0996978816978328,False,06295000
06208500,2,4343060,98,100.0,0.0,0.554,False,0,0.0996978816978328,False,06295000
06208500,2,4343058,99,100.0,0.0,0.065,False,0,0.0996978816978328,False,06295000
06208500,2,4342886,100,100.0,0.0,1.915,False,0,0.0996978816978328,False,06295000
06208500,2,4342876,101,100.0,0.0,5.924000000000001,False,0,0.0996978816978328,False,06295000
06208500,2,4343520,102,100.0,0.0,0.029000000000000005,False,0,0.0996978816978328,False,06295000
06208500,2,4343546,103,100.0,0.0,0.48,False,0,0.0996978816978328,False,06295000
06208500,2,4343004,104,100.0,0.0,0.062,False,0,0.0996978816978328,False,06295000
06208500,2,4343002,105,100.0,0.0,0.858,False,0,0.0996978816978328,False,06295000
06208500,2,4342998,106,100.0,0.0,0.69,False,0,0.0996978816978328,False,06295000
06208500,2,4342994,107,100.0,0.0,0.152,False,0,0.0996978816978328,False,06295000
06208500,2,4342992,108,100.0,0.0,0.737,False,0,0.0996978816978328,False,06295000
06208500,2,4342990,109,100.0,0.0,0.053,False,0,0.0996978816978328,False,06295000
06208500,2,4342988,110,100.0,0.0,0.159,False,0,0.0996978816978328,False,06295000
06208500,2,7198083,111,100.0,0.0,0.196,False,0,0.0996978816978328,False,06295000
06208500,2,7198079,112,100.0,0.0,0.39399999999999996,False,0,0.0996978816978328,False,06295000
06208500,2,7198073,113,100.0,0.0,0.142,False,0,0.0996978816978328,False,06295000
06208500,2,7198071,114,100.0,0.0,0.391,False,0,0.0996978816978328,False,06295000
06208500,2,7198067,115,100.0,0.0,0.244,False,0,0.0996978816978328,False,06295000
06208500,2,7198063,116,100.0,0.0,1.101,False,0,0.0996978816978328,False,06295000
06208500,2,7198059,117,100.0,0.0,0.255,False,0,0.0996978816978328,False,06295000
06208500,2,7198055,118,100.0,0.0,0.32800000000000007,False,0,0.0996978816978328,False,06295000
06208500,2,7198053,119,100.0,0.0,1.8969999999999998,False,0,0.0996978816978328,False,06295000
06208500,2,7198047,120,100.0,0.0,0.236,False,0,0.0996978816978328,False,06295000
06208500,2,7198043,121,100.0,0.0,0.9330000000000002,False,0,0.0996978816978328,False,06295000
06208500,2,7198039,122,100.0,0.0,1.056,False,0,0.0996978816978328,False,06295000
06208500,2,7198035,123,100.0,0.0,0.4040000000000001,False,0,0.0996978816978328,False,06295000
06208500,2,7198031,124,100.0,0.0,0.479,False,0,0.0996978816978328,False,06295000
06208500,2,7198025,125,100.0,0.0,0.114,False,0,0.0996978816978328,False,06295000
06208500,2,7198021,126,100.0,0.0,0.406,False,0,0.0996978816978328,False,06295000
06208500,2,7198017,127,100.0,0.0,0.554,False,0,0.0996978816978328,False,06295000
06208500,2,7198013,128,100.0,0.0,0.657,False,0,0.0996978816978328,False,06295000
06208500,2,7198009,129,100.0,0.0,1.05,False,0,0.0996978816978328,False,06295000
06208500,2,7198003,130,100.0,0.0,1.926,False,0,0.0996978816978328,False,06295000
06208500,2,7197999,131,100.0,0.0,0.6969999999999998,False,0,0.0996978816978328,False,06295000
06208500,2,7197995,132,100.0,0.0,1.495,False,0,0.0996978816978328,False,06295000
06208500,2,7197991,133,100.0,0.0,0.576,False,0,0.0996978816978328,False,06295000
06208500,2,7197983,134,100.0,0.0,0.037,False,0,0.0996978816978328,False,06295000
06208500,2,7196931,135,100.0,0.0,0.544,False,0,0.0996978816978328,False,06295000
06208500,2,7196899,136,100.0,0.0,0.982,False,0,0.0996978816978328,False,06295000
06208500,2,7196845,137,100.0,0.0,0.035,False,0,0.0996978816978328,False,06295000
06208500,2,7196843,138,100.0,0.0,0.519,False,0,0.0996978816978328,False,06295000
06208500,2,7196823,139,100.0,0.0,0.07,False,0,0.0996978816978328,False,06295000
06208500,2,7197963,140,100.0,0.0,0.259,False,0,0.0996978816978328,False,06295000
06208500,2,7197959,141,100.0,0.0,0.127,False,0,0.0996978816978328,False,06295000
06208500,2,7197955,142,100.0,0.0,2.422,False,0,0.0996978816978328,False,06295000
06208500,2,7197945,143,100.0,0.0,3.043,False,0,0.0996978816978328,False,06295000
06208500,2,7197927,144,100.0,0.0,0.762,False,0,0.0996978816978328,False,06295000
06208500,2,7197919,145,100.0,0.0,0.395,False,0,0.0996978816978328,False,06295000
06208500,2,7197917,146,100.0,0.0,0.042,False,0,0.0996978816978328,False,06295000
06208500,2,7197913,147,100.0,0.0,1.259,False,0,0.0996978816978328,False,06295000
06208500,2,7197901,148,100.0,0.0,0.062,False,0,0.0996978816978328,False,06295000
06208500,2,7196353,149,100.0,0.0,0.29,False,0,0.0996978816978328,False,06295000
06208500,2,7196329,150,100.0,0.0,0.821,False,0,0.0996978816978328,False,06295000
06208500,2,7197899,151,100.0,0.0,0.029000000000000005,False,0,0.0996978816978328,False,06295000
06208500,2,7197897,152,100.0,0.0,1.398,False,0,0.0996978816978328,False,06295000
06208500,2,7197889,153,100.0,0.0,0.711,False,0,0.0996978816978328,False,06295000
06208500,2,7197885,154,100.0,0.0,0.6,False,0,0.0996978816978328,False,06295000
06208500,2,7197881,155,100.0,0.0,0.6830000000000002,False,0,0.0996978816978328,False,06295000
06208500,2,7197861,156,100.0,0.0,0.129,False,0,0.0996978816978328,False,06295000
06208500,2,7197851,157,100.0,0.0,0.371,False,0,0.0996978816978328,False,06295000
06208500,2,7197841,158,100.0,0.0,0.49,False,0,0.0996978816978328,False,06295000
06208500,2,7197807,159,100.0,0.0,0.763,False,0,0.0996978816978328,False,06295000
06208500,2,7197799,160,100.0,0.0,0.767,False,0,0.0996978816978328,False,06295000
06208500,2,7197803,161,100.0,0.0,0.091,False,0,0.0996978816978328,False,06295000
06208500,2,7197801,162,100.0,0.0,1.706,False,0,0.0996978816978328,False,06295000
06208500,2,7197751,163,100.0,0.0,0.095,False,0,0.0996978816978328,False,06295000
06208500,2,7197743,164,100.0,0.0,0.105,False,0,0.0996978816978328,False,06295000
06208500,2,7195993,165,100.0,0.0,0.993,False,0,0.0996978816978328,False,06295000
06208500,2,7195971,166,100.0,0.0,0.305,False,0,0.0996978816978328,False,06295000
06208500,2,7195967,167,100.0,0.0,0.054000000000000006,False,0,0.0996978816978328,False,06295000
06208500,2,7202645,168,100.0,0.0,0.16400000000000003,False,0,0.0996978816978328,False,06295000
06208500,2,7197737,169,100.0,0.0,0.074,False,0,0.0996978816978328,False,06295000
06208500,2,7197735,170,100.0,0.0,0.213,False,0,0.0996978816978328,False,06295000
06208500,2,7193309,171,100.0,0.0,0.7189999999999999,False,0,0.0996978816978328,False,06295000
06208500,2,7193329,172,100.0,0.0,0.567,False,0,0.0996978816978328,False,06295000
06208500,2,7193313,173,100.0,0.0,0.406,False,0,0.0996978816978328,False,06295000
06208500,2,7197739,174,100.0,0.0,0.094,False,0,0.0996978816978328,False,06295000
06208500,2,7197769,175,100.0,0.0,1.9039999999999997,False,0,0.0996978816978328,False,06295000
06208500,2,7197771,176,100.0,0.0,0.042,False,0,0.0996978816978328,False,06295000
06208500,2,7197777,177,100.0,0.0,1.496,False,0,0.0996978816978328,False,06295000
06208500,2,7197781,178,100.0,0.0,0.616,False,0,0.0996978816978328,False,06295000
06208500,2,7197787,179,100.0,0.0,0.752,False,0,0.0996978816978328,False,06295000
06208500,2,7197793,180,100.0,0.0,0.134,False,0,0.0996978816978328,False,06295000
06208500,2,7197817,181,100.0,0.0,0.434,False,0,0.0996978816978328,False,06295000
06208500,2,7197815,182,100.0,0.0,0.047,False,0,0.0996978816978328,False,06295000
06208500,2,7195959,183,100.0,0.0,0.428,False,0,0.0996978816978328,False,06295000
06208500,2,7197827,184,100.0,0.0,0.199,False,0,0.0996978816978328,False,06295000
06208500,2,7202647,185,100.0,0.0,0.09700000000000002,False,0,0.0996978816978328,False,06295000
06208500,2,7197825,186,100.0,0.0,0.46,False,0,0.0996978816978328,False,06295000
06208500,2,7197835,187,100.0,0.0,0.3509999999999999,False,0,0.0996978816978328,False,06295000
06208500,2,7197833,188,100.0,0.0,0.21899999999999997,False,0,0.0996978816978328,False,06295000
06208500,2,7197829,189,100.0,0.0,0.043,False,0,0.0996978816978328,False,06295000
06208500,2,7195963,190,100.0,0.0,0.7120000000000001,False,0,0.0996978816978328,False,06295000
06208500,2,7197857,191,100.0,0.0,0.347,False,0,0.0996978816978328,False,06295000
06208500,2,7197855,192,100.0,0.0,0.127,False,0,0.0996978816978328,False,06295000
06208500,2,7197849,193,100.0,0.0,0.049,False,0,0.0996978816978328,False,06295000
06208500,2,7195965,194,100.0,0.0,0.27,False,0,0.0996978816978328,False,06295000
06208500,2,7197865,195,100.0,0.0,0.268,False,0,0.0996978816978328,False,06295000
06208500,2,7197877,196,100.0,0.0,0.332,False,0,0.0996978816978328,False,06295000
06208500,2,7202655,197,100.0,0.0,0.458,False,0,0.0996978816978328,False,06295000
06208500,2,7198171,198,100.0,0.0,0.373,False,0,0.0996978816978328,False,06295000
06208500,2,7198173,199,100.0,0.0,0.289,False,0,0.0996978816978328,False,06295000
06208500,2,7198167,200,100.0,0.0,0.272,False,0,0.0996978816978328,False,06295000
06208500,2,7198193,201,100.0,0.0,1.066,False,0,0.0996978816978328,False,06295000
06208500,2,7198191,202,100.0,0.0,0.533,False,0,0.0996978816978328,False,06295000
06208500,2,7198189,203,100.0,0.0,0.20800000000000002,False,0,0.0996978816978328,False,06295000
06208500,2,7199133,204,100.0,0.0,1.169,False,0,0.0996978816978328,False,06295000
06208500,2,7199135,205,100.0,0.0,0.655,False,0,0.0996978816978328,False,06295000
06208500,2,7199175,206,100.0,0.0,1.875,False,0,0.0996978816978328,False,06295000
06208500,2,7199137,207,100.0,0.0,0.499,False,0,0.0996978816978328,False,06295000
06208500,2,7195109,208,100.0,0.0,0.9570000000000001,False,0,0.0996978816978328,False,06295000
06208500,2,7195131,209,100.0,0.0,0.488,False,0,0.0996978816978328,False,06295000
06208500,2,7195103,210,100.0,0.0,0.077,False,0,0.0996978816978328,False,06295000
06208500,2,7194339,211,100.0,0.0,0.748,False,0,0.0996978816978328,False,06295000
06208500,2,7202671,212,100.0,0.0,0.409,False,0,0.0996978816978328,False,06295000
06208500,2,7195097,213,100.0,0.0,0.08200000000000002,False,0,0.0996978816978328,False,06295000
06208500,2,7195095,214,100.0,0.0,0.191,False,0,0.0996978816978328,False,06295000
06208500,2,7195091,215,100.0,0.0,0.677,False,0,0.0996978816978328,False,06295000
06208500,2,7195087,216,100.0,0.0,1.324,False,0,0.0996978816978328,False,06295000
06208500,2,7195083,217,100.0,0.0,0.127,False,0,0.0996978816978328,False,06295000
06208500,2,7195077,218,100.0,0.0,0.584,False,0,0.0996978816978328,False,06295000
06208500,2,7195065,219,100.0,0.0,1.9039999999999997,False,0,0.0996978816978328,False,06295000
06208500,2,7195061,220,100.0,0.0,0.763,False,0,0.0996978816978328,False,06295000
06208500,2,7195201,221,100.0,0.0,0.921,False,0,0.0996978816978328,False,06295000
06208500,2,7195031,222,100.0,0.0,0.261,False,0,0.0996978816978328,False,06295000
06208500,2,7195195,223,100.0,0.0,0.515,False,0,0.0996978816978328,False,06295000
06208500,2,7195197,224,100.0,0.0,0.071,False,0,0.0996978816978328,False,06295000
06208500,2,7195193,225,100.0,0.0,0.797,False,0,0.0996978816978328,False,06295000
06208500,2,7195051,226,100.0,0.0,0.048,False,0,0.0996978816978328,False,06295000
06208500,2,7195055,227,100.0,0.0,0.882,False,0,0.0996978816978328,False,06295000
06208500,2,7195039,228,100.0,0.0,0.09,False,0,0.0996978816978328,False,06295000
06208500,2,7195043,229,100.0,0.0,0.255,False,0,0.0996978816978328,False,06295000
06208500,2,7195057,230,100.0,0.0,0.956,False,0,0.0996978816978328,False,06295000
06208500,2,7195053,231,100.0,0.0,0.264,False,0,0.0996978816978328,False,06295000
06208500,2,7195045,232,100.0,0.0,0.536,False,0,0.0996978816978328,False,06295000
06208500,2,7195021,233,100.0,0.0,0.393,False,0,0.0996978816978328,False,06295000
06208500,2,7195017,234,100.0,0.0,0.18099999999999997,False,0,0.0996978816978328,False,06295000
06208500,2,7195015,235,100.0,0.0,1.198,False,0,0.0996978816978328,False,06295000
06208500,2,7195179,236,100.0,0.0,0.58,False,0,0.0996978816978328,False,06295000
06208500,2,7195005,237,100.0,0.0,0.286,False,0,0.0996978816978328,False,06295000
06208500,2,7194993,238,100.0,0.0,0.41600000000000004,False,0,0.0996978816978328,False,06295000
06208500,2,7195001,239,100.0,0.0,1.2920000000000003,False,0,0.0996978816978328,False,06295000
06208500,2,7194997,240,100.0,0.0,0.417,False,0,0.0996978816978328,False,06295000
06208500,2,7194995,241,100.0,0.0,0.32,False,0,0.0996978816978328,False,06295000
06208500,2,7194989,242,100.0,0.0,1.357,False,0,0.0996978816978328,False,06295000
06208500,2,7194985,243,100.0,0.0,2.332,False,0,0.0996978816978328,False,06295000
06208500,2,7194983,244,100.0,0.0,1.575,False,0,0.0996978816978328,False,06295000
06208500,2,7194973,245,100.0,0.0,0.871,False,0,0.0996978816978328,False,06295000
06208500,2,7194975,246,100.0,0.0,0.413,False,0,0.0996978816978328,False,06295000
06208500,2,7194969,247,100.0,0.0,1.281,False,0,0.0996978816978328,False,06295000
06208500,2,7194965,248,100.0,0.0,0.9419999999999998,False,0,0.0996978816978328,False,06295000
06208500,2,7194961,249,100.0,0.0,0.393,False,0,0.0996978816978328,False,06295000
06208500,2,7194957,250,100.0,0.0,0.171,False,0,0.0996978816978328,False,06295000
06208500,2,7194947,251,100.0,0.0,1.095,False,0,0.0996978816978328,False,06295000
06208500,2,7194925,252,100.0,0.0,0.272,False,0,0.0996978816978328,False,06295000
06208500,2,7194917,253,100.0,0.0,0.213,False,0,0.0996978816978328,False,06295000
06208500,2,7194913,254,100.0,0.0,0.075,False,0,0.0996978816978328,False,06295000
06208500,2,7194911,255,100.0,0.0,0.07,False,0,0.0996978816978328,False,06295000
06208500,2,7194095,256,100.0,0.0,0.579,False,0,0.0996978816978328,False,06295000
06208500,2,7194897,257,100.0,0.0,0.064,False,0,0.0996978816978328,False,06295000
06208500,2,7194919,258,100.0,0.0,0.88,False,0,0.0996978816978328,False,06295000
06208500,2,7195149,259,100.0,0.0,0.66,False,0,0.0996978816978328,False,06295000
06208500,2,7194935,260,100.0,0.0,1.181,False,0,0.0996978816978328,False,06295000
06208500,2,7194933,261,100.0,0.0,0.10100000000000002,False,0,0.0996978816978328,False,06295000
06208500,2,7194927,262,100.0,0.0,0.6830000000000002,False,0,0.0996978816978328,False,06295000
06208500,2,7194903,263,100.0,0.0,0.064,False,0,0.0996978816978328,False,06295000
06208500,2,7194901,264,100.0,0.0,0.087,False,0,0.0996978816978328,False,06295000
06208500,2,7194893,265,100.0,0.0,0.851,False,0,0.0996978816978328,False,06295000
06208500,2,7194885,266,100.0,0.0,0.519,False,0,0.0996978816978328,False,06295000
06208500,2,7194879,267,100.0,0.0,0.299,False,0,0.0996978816978328,False,06295000
06208500,2,7194877,268,100.0,0.0,0.04100000000000001,False,0,0.0996978816978328,False,06295000
06208500,2,7194033,269,100.0,0.0,1.184,False,0,0.0996978816978328,False,06295000
06208500,2,7195133,270,100.0,0.0,0.209,False,0,0.0996978816978328,False,06295000
06208500,2,7202673,271,100.0,0.0,0.016,False,0,0.0996978816978328,False,06295000
06208500,2,7195137,272,100.0,0.0,0.122,False,0,0.0996978816978328,False,06295000
06208500,2,7194849,273,100.0,0.0,0.171,False,0,0.0996978816978328,False,06295000
06208500,2,7194843,274,100.0,0.0,0.543,False,0,0.0996978816978328,False,06295000
06208500,2,7194841,275,100.0,0.0,0.053,False,0,0.0996978816978328,False,06295000
06208500,2,7194839,276,100.0,0.0,1.208,False,0,0.0996978816978328,False,06295000
06208500,2,7194819,277,100.0,0.0,0.168,False,0,0.0996978816978328,False,06295000
06208500,2,7194821,278,100.0,0.0,0.213,False,0,0.0996978816978328,False,06295000
06208500,2,7195173,279,100.0,0.0,0.26,False,0,0.0996978816978328,False,06295000
06208500,2,7194827,280,100.0,0.0,0.042,False,0,0.0996978816978328,False,06295000
06208500,2,7194833,281,100.0,0.0,0.171,False,0,0.0996978816978328,False,06295000
06208500,2,7195175,282,100.0,0.0,0.316,False,0,0.0996978816978328,False,06295000
06208500,2,7194853,283,100.0,0.0,0.686,False,0,0.0996978816978328,False,06295000
06208500,2,7194851,284,100.0,0.0,0.075,False,0,0.0996978816978328,False,06295000
06208500,2,7193971,285,100.0,0.0,0.8960000000000001,False,0,0.0996978816978328,False,06295000
06208500,2,7193967,286,100.0,0.0,0.503,False,0,0.0996978816978328,False,06295000
06208500,2,7193961,287,100.0,0.0,0.659,False,0,0.0996978816978328,False,06295000
06208500,2,7193947,288,100.0,0.0,0.111,False,0,0.0996978816978328,False,06295000
06208500,2,7195161,289,100.0,0.0,0.103,False,0,0.0996978816978328,False,06295000
06208500,2,7195163,290,100.0,0.0,0.085,False,0,0.0996978816978328,False,06295000
06208500,2,7194813,291,100.0,0.0,1.327,False,0,0.0996978816978328,False,06295000
06208500,2,7195143,292,100.0,0.0,1.196,False,0,0.0996978816978328,False,06295000
06208500,2,7194829,293,100.0,0.0,1.7,False,0,0.0996978816978328,False,06295000
06208500,2,7195123,294,100.0,0.0,0.095,False,0,0.0996978816978328,False,06295000
06208500,2,13257825,295,100.0,0.0,0.08,False,0,0.0996978816978328,True,06295000
06208500,2,13257753,296,100.0,0.0,0.118,False,0,0.0996978816978328,True,06295000
06208500,2,13256531,297,100.0,0.0,0.442,False,0,0.0996978816978328,True,06295000
06208500,2,13257881,298,100.0,0.0,0.083,False,0,0.0996978816978328,True,06295000
06208500,2,13257749,299,100.0,0.0,0.176,False,0,0.0996978816978328,True,06295000
06208500,2,13257751,300,100.0,0.0,0.592,False,0,0.0996978816978328,True,06295000
06208500,2,13257711,301,100.0,0.0,2.037,False,0,0.0996978816978328,True,06295000
06208500,2,13257775,302,100.0,0.0,0.522,False,0,0.0996978816978328,True,06295000
06208500,2,13257865,303,100.0,0.0,0.229,False,0,0.0996978816978328,True,06295000
06208500,2,13257885,304,100.0,0.0,0.764,False,0,0.0996978816978328,True,06295000
06208500,2,13257813,305,100.0,0.0,0.226,False,0,0.0996978816978328,True,06295000
06208500,2,13257699,306,100.0,0.0,0.624,False,0,0.0996978816978328,True,06295000
06208500,2,13257849,307,100.0,0.0,0.377,False,0,0.0996978816978328,True,06295000
06208500,2,13257693,308,100.0,0.0,0.296,False,0,0.0996978816978328,True,06295000
06208500,2,13270309,309,100.0,0.0,0.075,False,0,0.0996978816978328,True,06295000
06208500,2,13257857,310,100.0,0.0,0.83,False,0,0.0996978816978328,True,06295000
06208500,2,13257691,311,100.0,0.0,0.733,False,0,0.0996978816978328,True,06295000
06208500,2,13257685,312,100.0,0.0,0.085,False,0,0.0996978816978328,True,06295000
06208500,2,13257801,313,100.0,0.0,0.083,False,0,0.0996978816978328,True,06295000
06208500,2,13256325,314,100.0,0.0,1.7719999999999998,False,0,0.0996978816978328,True,06295000
06208500,2,13256277,315,100.0,0.0,1.138,False,0,0.0996978816978328,True,06295000
06208500,2,13256251,316,100.0,0.0,1.75,False,0,0.0996978816978328,True,06295000
06208500,2,13256199,317,100.0,0.0,0.791,False,0,0.0996978816978328,True,06295000
06208500,2,13256183,318,100.0,0.0,0.384,False,0,0.0996978816978328,True,06295000
06208500,2,13257631,319,100.0,0.0,0.086,False,0,0.0996978816978328,True,06295000
06208500,2,13257629,320,100.0,0.0,0.7659999999999999,False,0,0.0996978816978328,True,06295000
06208500,2,13257627,321,100.0,0.0,0.087,False,0,0.0996978816978328,True,06295000
06208500,2,13257637,322,100.0,0.0,1.709,False,0,0.0996978816978328,True,06295000
06208500,2,13257639,323,100.0,0.0,0.354,False,0,0.0996978816978328,True,06295000
06208500,2,13257641,324,100.0,0.0,0.436,False,0,0.0996978816978328,True,06295000
06208500,2,13257635,325,100.0,0.0,0.608,False,0,0.0996978816978328,True,06295000
06208500,2,13257621,326,100.0,0.0,1.132,False,0,0.0996978816978328,True,06295000
06208500,2,13257619,327,100.0,0.0,0.063,False,0,0.0996978816978328,True,06295000
06208500,2,13256169,328,100.0,0.0,0.507,False,0,0.0996978816978328,True,06295000
06208500,2,13256167,329,100.0,0.0,5.448,False,0,0.0996978816978328,True,06295000
06208500,2,13256083,330,100.0,0.0,0.11200000000000002,False,0,0.0996978816978328,True,06295000
06208500,2,13257605,331,100.0,0.0,0.626,False,0,0.0996978816978328,True,06295000
06208500,2,13257599,332,100.0,0.0,0.746,False,0,0.0996978816978328,True,06295000
06208500,2,13257795,333,100.0,0.0,1.523,False,0,0.0996978816978328,True,06295000
06208500,2,13257539,334,100.0,0.0,0.662,False,0,0.0996978816978328,True,06295000
06208500,2,13257527,335,100.0,0.0,1.262,False,0,0.0996978816978328,True,06295000
06208500,2,13257537,336,100.0,0.0,2.166,False,0,0.0996978816978328,True,06295000
06208500,2,13257507,337,100.0,0.0,0.20200000000000004,False,0,0.0996978816978328,True,06295000
06208500,2,13257499,338,100.0,0.0,2.963,False,0,0.0996978816978328,True,06295000
06208500,2,13257471,339,100.0,0.0,0.19699999999999998,False,0,0.0996978816978328,True,06295000
06208500,2,13257847,340,100.0,0.0,0.072,False,0,0.0996978816978328,True,06295000
06208500,2,13257469,341,100.0,0.0,0.313,False,0,0.0996978816978328,True,06295000
06208500,2,13257457,342,100.0,0.0,0.904,False,0,0.0996978816978328,True,06295000
06208500,2,13257461,343,100.0,0.0,0.831,False,0,0.0996978816978328,True,06295000
06208500,2,13257475,344,100.0,0.0,0.233,False,0,0.0996978816978328,True,06295000
06208500,2,13257473,345,100.0,0.0,0.384,False,0,0.0996978816978328,True,06295000
06208500,2,13257467,346,100.0,0.0,0.195,False,0,0.0996978816978328,True,06295000
06208500,2,13257757,347,100.0,0.0,0.654,False,0,0.0996978816978328,True,06295000
06208500,2,13257503,348,100.0,0.0,0.59,False,0,0.0996978816978328,True,06295000
06208500,2,13257511,349,100.0,0.0,1.3939999999999997,False,0,0.0996978816978328,True,06295000
06208500,2,13257483,350,100.0,0.0,0.63,False,0,0.0996978816978328,True,06295000
06208500,2,13257451,351,100.0,0.0,0.574,False,0,0.0996978816978328,True,06295000
06208500,2,13257797,352,100.0,0.0,0.18600000000000003,False,0,0.0996978816978328,True,06295000
06208500,2,13257513,353,100.0,0.0,2.018,False,0,0.0996978816978328,True,06295000
06208500,2,13257523,354,100.0,0.0,0.9570000000000001,False,0,0.0996978816978328,True,06295000
06208500,2,13257799,355,100.0,0.0,1.167,False,0,0.0996978816978328,True,06295000
06208500,2,13257545,356,100.0,0.0,2.01,False,0,0.0996978816978328,True,06295000
06208500,2,13257541,357,100.0,0.0,0.862,False,0,0.0996978816978328,True,06295000
06208500,2,13270255,358,100.0,0.0,0.191,False,0,0.0996978816978328,True,06295000
06208500,2,13257839,359,100.0,0.0,0.671,False,0,0.0996978816978328,True,06295000
06208500,2,13257579,360,100.0,0.0,0.614,False,0,0.0996978816978328,True,06295000
06208500,2,13257591,361,100.0,0.0,0.39399999999999996,False,0,0.0996978816978328,True,06295000
06208500,2,13257597,362,100.0,0.0,0.081,False,0,0.0996978816978328,True,06295000
06208500,2,13255993,363,100.0,0.0,0.89,False,0,0.0996978816978328,True,06295000
06208500,2,13255985,364,100.0,0.0,0.3390000000000001,False,0,0.0996978816978328,True,06295000
06208500,2,13257593,365,100.0,0.0,0.085,False,0,0.0996978816978328,True,06295000
06208500,2,13257595,366,100.0,0.0,1.192,False,0,0.0996978816978328,True,06295000
06208500,2,13257581,367,100.0,0.0,1.955,False,0,0.0996978816978328,True,06295000
06208500,2,13257555,368,100.0,0.0,0.062,False,0,0.0996978816978328,True,06295000
06208500,2,13257559,369,100.0,0.0,0.073,False,0,0.0996978816978328,True,06295000
06208500,2,13255937,370,100.0,0.0,0.253,False,0,0.0996978816978328,True,06295000
06208500,2,13257791,371,100.0,0.0,3.509,False,0,0.0996978816978328,True,06295000
06208500,2,13257787,372,100.0,0.0,1.486,False,0,0.0996978816978328,True,06295000
06208500,2,13257565,373,100.0,0.0,1.186,False,0,0.0996978816978328,True,06295000
06208500,2,13257563,374,100.0,0.0,0.752,False,0,0.0996978816978328,True,06295000
06208500,2,13257567,375,100.0,0.0,0.715,False,0,0.0996978816978328,True,06295000
06208500,2,13257571,376,100.0,0.0,0.024,False,0,0.0996978816978328,True,06295000
06208500,2,13257583,377,100.0,0.0,0.284,False,0,0.0996978816978328,True,06295000
06208500,2,13260037,378,100.0,0.0,1.546,False,0,0.0996978816978328,True,06295000
06208500,2,13260045,379,100.0,0.0,2.998,False,0,0.0996978816978328,True,06295000
06208500,2,13260053,380,100.0,0.0,1.798,False,0,0.0996978816978328,True,06295000
06208500,2,13260449,381,100.0,0.0,2.175,False,0,0.0996978816978328,True,06295000
06208500,2,13260451,382,100.0,0.0,0.074,False,0,0.0996978816978328,True,06295000
06208500,2,13260107,383,100.0,0.0,1.9069999999999998,False,0,0.0996978816978328,True,06295000
06208500,2,13260111,384,100.0,0.0,1.858,False,0,0.0996978816978328,True,06295000
06208500,2,13260135,385,100.0,0.0,3.065,False,0,0.0996978816978328,True,06295000
06208500,2,13260117,386,100.0,0.0,1.3869999999999998,False,0,0.0996978816978328,True,06295000
06208500,2,13260105,387,100.0,0.0,0.992,False,0,0.0996978816978328,True,06295000
06208500,2,13260119,388,100.0,0.0,1.867,False,0,0.0996978816978328,True,06295000
06208500,2,13260143,389,100.0,0.0,0.784,False,0,0.0996978816978328,True,06295000
06208500,2,13260163,390,100.0,0.0,0.84,False,0,0.0996978816978328,True,06295000
06208500,2,13260211,391,100.0,0.0,6.16,False,0,0.0996978816978328,True,06295000
06208500,2,13260227,392,100.0,0.0,3.008,False,0,0.0996978816978328,True,06295000
06208500,2,13260205,393,100.0,0.0,0.477,False,0,0.0996978816978328,True,06295000
06208500,2,13260209,394,100.0,0.0,0.775,False,0,0.0996978816978328,True,06295000
06208500,2,13260207,395,100.0,90.101,0.43100246000000003,False,0,0.0996978816978328,True,06295000
06295000,0,13260207,0,90.101,0.0,3.92299754,False,0,0.7513800959591641,False,06329500
06295000,0,13260177,1,100.0,0.0,0.047,False,0,0.7513800959591641,False,06329500
06295000,0,13260175,2,100.0,0.0,8.918,False,0,0.7513800959591641,False,06329500
06295000,0,13260129,3,100.0,0.0,1.828,False,0,0.7513800959591641,False,06329500
06295000,0,13260173,4,100.0,0.0,1.902,False,0,0.7513800959591641,False,06329500
06295000,0,13260231,5,100.0,0.0,5.282,False,0,0.7513800959591641,False,06329500
06295000,0,13270317,6,100.0,0.0,1.475,False,0,0.7513800959591641,False,06329500
06295000,0,13260237,7,100.0,0.0,1.47,False,0,0.7513800959591641,False,06329500
06295000,0,13260229,8,100.0,0.0,2.063,False,0,0.7513800959591641,False,06329500
06295000,0,13260201,9,100.0,0.0,4.47,False,0,0.7513800959591641,False,06329500
06295000,0,13260241,10,100.0,0.0,4.847,False,0,0.7513800959591641,False,06329500
06295000,0,13260259,11,100.0,0.0,1.435,False,0,0.7513800959591641,False,06329500
06295000,0,13260265,12,100.0,0.0,3.728,False,0,0.7513800959591641,False,06329500
06295000,0,13260269,13,100.0,0.0,4.436,False,0,0.7513800959591641,False,06329500
06295000,0,13260249,14,100.0,0.0,4.857,False,0,0.7513800959591641,False,06329500
06295000,0,13260247,15,100.0,0.0,2.609,False,0,0.7513800959591641,False,06329500
06295000,0,13260219,16,100.0,0.0,0.83,False,0,0.7513800959591641,False,06329500
06295000,0,13260221,17,100.0,0.0,1.8129999999999997,False,0,0.7513800959591641,False,06329500
06295000,0,13260191,18,100.0,0.0,0.75,False,0,0.7513800959591641,False,06329500
06295000,0,13260189,19,100.0,0.0,2.015,False,0,0.7513800959591641,False,06329500
06295000,0,13260161,20,100.0,0.0,0.042,False,0,0.7513800959591641,False,06329500
06295000,0,13260159,21,100.0,0.0,1.047,False,0,0.7513800959591641,False,06329500
06295000,0,13260433,22,100.0,0.0,0.649,False,0,0.7513800959591641,False,06329500
06295000,0,13260431,23,100.0,0.0,0.24600000000000002,False,0,0.7513800959591641,False,06329500
06295000,0,13260153,24,100.0,0.0,1.341,False,0,0.7513800959591641,False,06329500
06295000,0,13260139,25,100.0,0.0,0.524,False,0,0.7513800959591641,False,06329500
06295000,0,13260121,26,100.0,0.0,0.159,False,0,0.7513800959591641,False,06329500
06295000,0,13260115,27,100.0,0.0,2.083,False,0,0.7513800959591641,False,06329500
06295000,0,13260075,28,100.0,0.0,0.55,False,0,0.7513800959591641,False,06329500
06295000,0,13260063,29,100.0,0.0,1.259,False,0,0.7513800959591641,False,06329500
06295000,0,13260083,30,100.0,0.0,1.6979999999999997,False,0,0.7513800959591641,False,06329500
06295000,0,13260095,31,100.0,0.0,2.077,False,0,0.7513800959591641,False,06329500
06295000,0,13260091,32,100.0,0.0,0.205,False,0,0.7513800959591641,False,06329500
06295000,0,13260099,33,100.0,0.0,0.676,False,0,0.7513800959591641,False,06329500
06295000,0,13261563,34,100.0,0.0,0.45300000000000007,False,0,0.7513800959591641,False,06329500
06295000,0,13261561,35,100.0,0.0,0.107,False,0,0.7513800959591641,False,06329500
06295000,0,13261091,36,100.0,0.0,2.155,False,0,0.7513800959591641,False,06329500
06295000,0,13261567,37,100.0,0.0,0.10400000000000001,False,0,0.7513800959591641,False,06329500
06295000,0,13261583,38,100.0,0.0,0.9670000000000001,False,0,0.7513800959591641,False,06329500
06295000,0,13261581,39,100.0,0.0,0.295,False,0,0.7513800959591641,False,06329500
06295000,0,13261573,40,100.0,0.0,0.034,False,0,0.7513800959591641,False,06329500
06295000,0,13261571,41,100.0,0.0,2.506,False,0,0.7513800959591641,False,06329500
06295000,0,13261559,42,100.0,0.0,1.454,False,0,0.7513800959591641,False,06329500
06295000,0,13261555,43,100.0,0.0,0.797,False,0,0.7513800959591641,False,06329500
06295000,0,13261551,44,100.0,0.0,1.207,False,0,0.7513800959591641,False,06329500
06295000,0,13261547,45,100.0,0.0,0.73,False,0,0.7513800959591641,False,06329500
06295000,0,13261545,46,100.0,0.0,2.154,False,0,0.7513800959591641,False,06329500
06295000,0,13261539,47,100.0,0.0,0.442,False,0,0.7513800959591641,False,06329500
06295000,0,13261537,48,100.0,0.0,1.46,False,0,0.7513800959591641,False,06329500
06295000,0,13261523,49,100.0,0.0,0.784,False,0,0.7513800959591641,False,06329500
06295000,0,13261505,50,100.0,0.0,4.233,False,0,0.7513800959591641,False,06329500
06295000,0,13261483,51,100.0,0.0,0.22699999999999998,False,0,0.7513800959591641,False,06329500
06295000,0,13261485,52,100.0,0.0,2.114,False,0,0.7513800959591641,False,06329500
06295000,0,13261473,53,100.0,0.0,1.865,False,0,0.7513800959591641,False,06329500
06295000,0,13261467,54,100.0,0.0,0.6679999999999999,False,0,0.7513800959591641,False,06329500
06295000,0,13261463,55,100.0,0.0,5.462,False,0,0.7513800959591641,False,06329500
06295000,0,13261447,56,100.0,0.0,1.069,False,0,0.7513800959591641,False,06329500
06295000,0,13261443,57,100.0,0.0,0.473,False,0,0.7513800959591641,False,06329500
06295000,0,13254607,58,100.0,0.0,0.581,False,0,0.7513800959591641,False,06329500
06295000,0,13254601,59,100.0,0.0,0.91,False,0,0.7513800959591641,False,06329500
06295000,0,13254595,60,100.0,0.0,1.912,False,0,0.7513800959591641,False,06329500
06295000,0,13254581,61,100.0,0.0,1.125,False,0,0.7513800959591641,False,06329500
06295000,0,13254567,62,100.0,0.0,0.18099999999999997,False,0,0.7513800959591641,False,06329500
06295000,0,13254565,63,100.0,0.0,0.398,False,0,0.7513800959591641,False,06329500
06295000,0,13254559,64,100.0,0.0,2.537,False,0,0.7513800959591641,False,06329500
06295000,0,13254547,65,100.0,0.0,0.251,False,0,0.7513800959591641,False,06329500
06295000,0,13254543,66,100.0,0.0,1.6870000000000003,False,0,0.7513800959591641,False,06329500
06295000,0,13254539,67,100.0,0.0,2.096,False,0,0.7513800959591641,False,06329500
06295000,0,13254533,68,100.0,0.0,1.75,False,0,0.7513800959591641,False,06329500
06295000,0,13254527,69,100.0,0.0,0.594,False,0,0.7513800959591641,False,06329500
06295000,0,13254523,70,100.0,0.0,2.027,False,0,0.7513800959591641,False,06329500
06295000,0,13254519,71,100.0,0.0,2.039,False,0,0.7513800959591641,False,06329500
06295000,0,13254509,72,100.0,0.0,2.881,False,0,0.7513800959591641,False,06329500
06295000,0,13254493,73,100.0,0.0,0.563,False,0,0.7513800959591641,False,06329500
06295000,0,13254487,74,100.0,0.0,2.195,False,0,0.7513800959591641,False,06329500
06295000,0,13254483,75,100.0,0.0,1.136,False,0,0.7513800959591641,False,06329500
06295000,0,13254475,76,100.0,0.0,1.205,False,0,0.7513800959591641,False,06329500
06295000,0,13254451,77,100.0,0.0,0.782,False,0,0.7513800959591641,False,06329500
06295000,0,13254445,78,100.0,0.0,0.705,False,0,0.7513800959591641,False,06329500
06295000,0,13254463,79,100.0,0.0,0.971,False,0,0.7513800959591641,False,06329500
06295000,0,13254471,80,100.0,0.0,0.18,False,0,0.7513800959591641,False,06329500
06295000,0,13254469,81,100.0,0.0,1.248,False,0,0.7513800959591641,False,06329500
06295000,0,13254447,82,100.0,0.0,0.686,False,0,0.7513800959591641,False,06329500
06295000,0,13254437,83,100.0,0.0,0.312,False,0,0.7513800959591641,False,06329500
06295000,0,13254431,84,100.0,0.0,0.66,False,0,0.7513800959591641,False,06329500
06295000,0,13254423,85,100.0,0.0,1.425,False,0,0.7513800959591641,False,06329500
06295000,0,13254415,86,100.0,0.0,1.921,False,0,0.7513800959591641,False,06329500
06295000,0,13254409,87,100.0,0.0,0.895,False,0,0.7513800959591641,False,06329500
06295000,0,13254401,88,100.0,0.0,0.28,False,0,0.7513800959591641,False,06329500
06295000,0,13254397,89,100.0,0.0,2.143,False,0,0.7513800959591641,False,06329500
06295000,0,13254387,90,100.0,0.0,1.9170000000000003,False,0,0.7513800959591641,False,06329500
06295000,0,13254383,91,100.0,0.0,1.597,False,0,0.7513800959591641,False,06329500
06295000,0,21878795,92,100.0,0.0,0.988,False,0,0.7513800959591641,True,06329500
06295000,0,21878783,93,100.0,0.0,0.838,False,0,0.7513800959591641,True,06329500
06295000,0,21878779,94,100.0,0.0,0.795,False,0,0.7513800959591641,True,06329500
06295000,0,21878773,95,100.0,0.0,2.334,False,0,0.7513800959591641,True,06329500
06295000,0,21878771,96,100.0,0.0,1.012,False,0,0.7513800959591641,True,06329500
06295000,0,21878763,97,100.0,0.0,2.25,False,0,0.7513800959591641,True,06329500
06295000,0,21878757,98,100.0,0.0,0.524,False,0,0.7513800959591641,True,06329500
06295000,0,21878747,99,100.0,0.0,0.182,False,0,0.7513800959591641,True,06329500
06295000,0,21878735,100,100.0,0.0,1.144,False,0,0.7513800959591641,True,06329500
06295000,0,21878711,101,100.0,0.0,1.712,False,0,0.7513800959591641,True,06329500
06295000,0,21878713,102,100.0,0.0,1.834,False,0,0.7513800959591641,True,06329500
06295000,0,21878679,103,100.0,0.0,0.28,False,0,0.7513800959591641,True,06329500
06295000,0,21878689,104,100.0,0.0,1.094,False,0,0.7513800959591641,True,06329500
06295000,0,21878695,105,100.0,0.0,1.975,False,0,0.7513800959591641,True,06329500
06295000,0,21878683,106,100.0,0.0,1.167,False,0,0.7513800959591641,True,06329500
06295000,0,21878703,107,100.0,0.0,1.574,False,0,0.7513800959591641,True,06329500
06295000,0,21878707,108,100.0,0.0,1.6569999999999998,False,0,0.7513800959591641,True,06329500
06295000,0,21878709,109,100.0,0.0,0.172,False,0,0.7513800959591641,True,06329500
06295000,0,21878729,110,100.0,0.0,0.558,False,0,0.7513800959591641,True,06329500
06295000,0,21878745,111,100.0,0.0,1.521,False,0,0.7513800959591641,True,06329500
06295000,0,21878749,112,100.0,0.0,0.7659999999999999,False,0,0.7513800959591641,True,06329500
06295000,0,21878741,113,100.0,0.0,0.187,False,0,0.7513800959591641,True,06329500
06295000,0,21878739,114,100.0,0.0,0.99,False,0,0.7513800959591641,True,06329500
06295000,0,21878719,115,100.0,0.0,1.27,False,0,0.7513800959591641,True,06329500
06295000,0,21878675,116,100.0,0.0,0.895,False,0,0.7513800959591641,True,06329500
06295000,0,21878671,117,100.0,0.0,0.61,False,0,0.7513800959591641,True,06329500
06295000,0,21878667,118,100.0,0.0,1.062,False,0,0.7513800959591641,True,06329500
06295000,0,21878657,119,100.0,0.0,3.0409999999999995,False,0,0.7513800959591641,True,06329500
06295000,0,21878649,120,100.0,0.0,1.963,False,0,0.7513800959591641,True,06329500
06295000,0,24595357,121,100.0,0.0,0.792,False,0,0.7513800959591641,True,06329500
06295000,0,21878613,122,100.0,0.0,2.034,False,0,0.7513800959591641,True,06329500
06295000,0,21878615,123,100.0,0.0,0.064,False,0,0.7513800959591641,True,06329500
06295000,0,21878629,124,100.0,0.0,1.942,False,0,0.7513800959591641,True,06329500
06295000,0,21878637,125,100.0,0.0,2.419,False,0,0.7513800959591641,True,06329500
06295000,0,21878647,126,100.0,0.0,0.802,False,0,0.7513800959591641,True,06329500
06295000,0,21878645,127,100.0,0.0,0.053,False,0,0.7513800959591641,True,06329500
06295000,0,21878643,128,100.0,0.0,2.03,False,0,0.7513800959591641,True,06329500
06295000,0,21878631,129,100.0,0.0,1.083,False,0,0.7513800959591641,True,06329500
06295000,0,21878619,130,100.0,0.0,1.341,False,0,0.7513800959591641,True,06329500
06295000,0,940100042,131,100.0,0.0,0.389,False,0,0.7513800959591641,True,06329500
06295000,0,940100041,132,100.0,0.0,0.8219999999999998,False,0,0.7513800959591641,True,06329500
06295000,0,21880463,133,100.0,0.0,0.461,False,0,0.7513800959591641,True,06329500
06295000,0,21880461,134,100.0,0.0,1.7310000000000003,False,0,0.7513800959591641,True,06329500
06295000,0,21880453,135,100.0,0.0,0.281,False,0,0.7513800959591641,True,06329500
06295000,0,21880449,136,100.0,0.0,1.097,False,0,0.7513800959591641,True,06329500
06295000,0,21880437,137,100.0,0.0,0.581,False,0,0.7513800959591641,True,06329500
06295000,0,21880431,138,100.0,0.0,0.553,False,0,0.7513800959591641,True,06329500
06295000,0,21880425,139,100.0,0.0,1.848,False,0,0.7513800959591641,True,06329500
06295000,0,21880641,140,100.0,0.0,0.086,False,0,0.7513800959591641,True,06329500
06295000,0,21880285,141,100.0,0.0,0.852,False,0,0.7513800959591641,True,06329500
06295000,0,21887419,142,100.0,0.0,0.22,False,0,0.7513800959591641,True,06329500
06295000,0,21880413,143,100.0,0.0,0.195,False,0,0.7513800959591641,True,06329500
06295000,0,21880411,144,100.0,0.0,0.74,False,0,0.7513800959591641,True,06329500
06295000,0,21880625,145,100.0,0.0,0.18099999999999997,False,0,0.7513800959591641,True,06329500
06295000,0,21880623,146,100.0,0.0,0.15,False,0,0.7513800959591641,True,06329500
06295000,0,21880639,147,100.0,0.0,0.389,False,0,0.7513800959591641,True,06329500
06295000,0,21880631,148,100.0,0.0,0.769,False,0,0.7513800959591641,True,06329500
06295000,0,21880627,149,100.0,0.0,0.05,False,0,0.7513800959591641,True,06329500
06295000,0,21879305,150,100.0,0.0,0.183,False,0,0.7513800959591641,True,06329500
06295000,0,21880629,151,100.0,0.0,0.213,False,0,0.7513800959591641,True,06329500
06295000,0,21880635,152,100.0,0.0,0.196,False,0,0.7513800959591641,True,06329500
06295000,0,21880637,153,100.0,0.0,0.578,False,0,0.7513800959591641,True,06329500
06295000,0,21880397,154,100.0,0.0,1.141,False,0,0.7513800959591641,True,06329500
06295000,0,21880389,155,100.0,0.0,0.777,False,0,0.7513800959591641,True,06329500
06295000,0,21880385,156,100.0,0.0,4.081,False,0,0.7513800959591641,True,06329500
06295000,0,21880381,157,100.0,0.0,2.761,False,0,0.7513800959591641,True,06329500
06295000,0,21880379,158,100.0,0.0,0.253,False,0,0.7513800959591641,True,06329500
06295000,0,21879153,159,100.0,0.0,1.2890000000000001,False,0,0.7513800959591641,True,06329500
06295000,0,21879141,160,100.0,0.0,0.099,False,0,0.7513800959591641,True,06329500
06295000,0,21887425,161,100.0,0.0,0.243,False,0,0.7513800959591641,True,06329500
06295000,0,21880663,162,100.0,0.0,0.616,False,0,0.7513800959591641,True,06329500
06295000,0,21880665,163,100.0,0.0,0.234,False,0,0.7513800959591641,True,06329500
06295000,0,21880369,164,100.0,0.0,0.11,False,0,0.7513800959591641,True,06329500
06295000,0,21879107,165,100.0,0.0,0.38299999999999995,False,0,0.7513800959591641,True,06329500
06295000,0,21880677,166,100.0,0.0,0.067,False,0,0.7513800959591641,True,06329500
06295000,0,21880675,167,100.0,0.0,0.065,False,0,0.7513800959591641,True,06329500
06295000,0,21880365,168,100.0,0.0,0.065,False,0,0.7513800959591641,True,06329500
06295000,0,21879103,169,100.0,0.0,0.17299999999999996,False,0,0.7513800959591641,True,06329500
06295000,0,21880679,170,100.0,0.0,0.096,False,0,0.7513800959591641,True,06329500
06295000,0,21880361,171,100.0,0.0,0.95,False,0,0.7513800959591641,True,06329500
06295000,0,21880359,172,100.0,0.0,0.065,False,0,0.7513800959591641,True,06329500
06295000,0,21879059,173,100.0,0.0,1.056,False,0,0.7513800959591641,True,06329500
06295000,0,21887415,174,100.0,0.0,0.1,False,0,0.7513800959591641,True,06329500
06295000,0,21880355,175,100.0,0.0,0.125,False,0,0.7513800959591641,True,06329500
06295000,0,21880353,176,100.0,0.0,1.015,False,0,0.7513800959591641,True,06329500
06295000,0,21880687,177,100.0,0.0,0.599,False,0,0.7513800959591641,True,06329500
06295000,0,21880683,178,100.0,0.0,0.148,False,0,0.7513800959591641,True,06329500
06295000,0,21880351,179,100.0,0.0,0.207,False,0,0.7513800959591641,True,06329500
06295000,0,21876137,180,100.0,0.0,0.553,False,0,0.7513800959591641,True,06329500
06295000,0,21876319,181,100.0,0.0,0.693,False,0,0.7513800959591641,True,06329500
06295000,0,21876131,182,100.0,0.0,0.085,False,0,0.7513800959591641,True,06329500
06295000,0,21887355,183,100.0,0.0,1.5729999999999997,False,0,0.7513800959591641,True,06329500
06295000,0,21876127,184,100.0,0.0,0.995,False,0,0.7513800959591641,True,06329500
06295000,0,21876307,185,100.0,0.0,1.171,False,0,0.7513800959591641,True,06329500
06295000,0,21876173,186,100.0,0.0,0.149,False,0,0.7513800959591641,True,06329500
06295000,0,21887439,187,100.0,0.0,0.03,False,0,0.7513800959591641,True,06329500
06295000,0,21876165,188,100.0,0.0,0.049,False,0,0.7513800959591641,True,06329500
06295000,0,21875293,189,100.0,0.0,0.073,False,0,0.7513800959591641,True,06329500
06295000,0,21875295,190,100.0,0.0,0.514,False,0,0.7513800959591641,True,06329500
06295000,0,21875827,191,100.0,0.0,1.143,False,0,0.7513800959591641,True,06329500
06295000,0,21876235,192,100.0,0.0,0.241,False,0,0.7513800959591641,True,06329500
06295000,0,21876237,193,100.0,0.0,0.613,False,0,0.7513800959591641,True,06329500
06295000,0,21876239,194,100.0,0.0,0.902,False,0,0.7513800959591641,True,06329500
06295000,0,21876121,195,100.0,0.0,1.3660000000000003,False,0,0.7513800959591641,True,06329500
06295000,0,21876283,196,100.0,0.0,0.135,False,0,0.7513800959591641,True,06329500
06295000,0,21875253,197,100.0,0.0,0.457,False,0,0.7513800959591641,True,06329500
06295000,0,21876273,198,100.0,0.0,0.128,True,21874581,0.7513800959591641,True,06329500
06295000,0,21876271,199,100.0,0.0,1.4069999999999998,True,21874581,0.7513800959591641,True,06329500
06295000,0,21876265,200,100.0,0.0,0.19,True,21874581,0.7513800959591641,True,06329500
06295000,0,21876297,201,100.0,0.0,0.052000000000000005,True,21874581,0.7513800959591641,True,06329500
06295000,0,21875819,202,100.0,0.0,1.106,False,0,0.7513800959591641,True,06329500
06295000,0,21875213,203,100.0,0.0,0.175,False,0,0.7513800959591641,True,06329500
06295000,0,21876101,204,100.0,0.0,0.353,False,0,0.7513800959591641,True,06329500
06295000,0,21876261,205,100.0,0.0,0.292,False,0,0.7513800959591641,True,06329500
06295000,0,21876109,206,100.0,0.0,1.092,False,0,0.7513800959591641,True,06329500
06295000,0,21876099,207,100.0,0.0,2.174,False,0,0.7513800959591641,True,06329500
06295000,0,21876337,208,100.0,0.0,0.151,False,0,0.7513800959591641,True,06329500
06295000,0,21875189,209,100.0,0.0,0.049,False,0,0.7513800959591641,True,06329500
06295000,0,21876339,210,100.0,0.0,0.045,False,0,0.7513800959591641,True,06329500
06295000,0,21887441,211,100.0,0.0,0.532,False,0,0.7513800959591641,True,06329500
06295000,0,21876341,212,100.0,0.0,0.147,False,0,0.7513800959591641,True,06329500
06295000,0,21876089,213,100.0,0.0,1.236,False,0,0.7513800959591641,True,06329500
06295000,0,21876077,214,100.0,0.0,0.645,False,0,0.7513800959591641,True,06329500
06295000,0,21876073,215,100.0,0.0,0.098,False,0,0.7513800959591641,True,06329500
06295000,0,21875167,216,100.0,0.0,0.726,False,0,0.7513800959591641,True,06329500
06295000,0,21875163,217,100.0,0.0,0.04100000000000001,False,0,0.7513800959591641,True,06329500
06295000,0,21875159,218,100.0,0.0,0.11899999999999998,False,0,0.7513800959591641,True,06329500
06295000,0,21876069,219,100.0,0.0,0.115,False,0,0.7513800959591641,True,06329500
06295000,0,21876067,220,100.0,0.0,0.3459999999999999,False,0,0.7513800959591641,True,06329500
06295000,0,21876335,221,100.0,0.0,0.655,False,0,0.7513800959591641,True,06329500
06295000,0,21876331,222,100.0,0.0,0.752,False,0,0.7513800959591641,True,06329500
06295000,0,21876179,223,100.0,0.0,0.419,False,0,0.7513800959591641,True,06329500
06295000,0,21876183,224,100.0,0.0,0.567,False,0,0.7513800959591641,True,06329500
06295000,0,21876063,225,100.0,0.0,1.315,False,0,0.7513800959591641,True,06329500
06295000,0,21876191,226,100.0,0.0,0.285,False,0,0.7513800959591641,True,06329500
06295000,0,21876059,227,100.0,0.0,0.085,False,0,0.7513800959591641,True,06329500
06295000,0,21876195,228,100.0,0.0,0.19699999999999998,False,0,0.7513800959591641,True,06329500
06295000,0,21875107,229,100.0,0.0,0.151,False,0,0.7513800959591641,True,06329500
06295000,0,21875105,230,100.0,0.0,0.293,False,0,0.7513800959591641,True,06329500
06295000,0,21875097,231,100.0,0.0,0.05,False,0,0.7513800959591641,True,06329500
06295000,0,21875095,232,100.0,0.0,0.188,False,0,0.7513800959591641,True,06329500
06295000,0,21875091,233,100.0,0.0,0.395,False,0,0.7513800959591641,True,06329500
06295000,0,21875079,234,100.0,0.0,0.527,False,0,0.7513800959591641,True,06329500
06295000,0,21875065,235,100.0,0.0,0.4040000000000001,False,0,0.7513800959591641,True,06329500
06295000,0,21876253,236,100.0,0.0,0.153,False,0,0.7513800959591641,True,06329500
06295000,0,21876255,237,100.0,0.0,0.18099999999999997,False,0,0.7513800959591641,True,06329500
06295000,0,21887443,238,100.0,0.0,0.184,False,0,0.7513800959591641,True,06329500
06295000,0,21876373,239,100.0,0.0,0.076,False,0,0.7513800959591641,True,06329500
06295000,0,21876213,240,100.0,0.0,0.11,False,0,0.7513800959591641,True,06329500
06295000,0,21875059,241,100.0,0.0,0.787,False,0,0.7513800959591641,True,06329500
06295000,0,21876215,242,100.0,0.0,0.114,False,0,0.7513800959591641,True,06329500
06295000,0,21876217,243,100.0,0.0,0.099,False,0,0.7513800959591641,True,06329500
06295000,0,21876043,244,100.0,0.0,0.092,False,0,0.7513800959591641,True,06329500
06295000,0,21876039,245,100.0,0.0,0.791,False,0,0.7513800959591641,True,06329500
06295000,0,21876247,246,100.0,0.0,0.201,False,0,0.7513800959591641,True,06329500
06295000,0,21876243,247,100.0,0.0,5.553999999999999,False,0,0.7513800959591641,True,06329500
06295000,0,21876031,248,100.0,0.0,0.42,False,0,0.7513800959591641,True,06329500
06295000,0,21876027,249,100.0,0.0,0.337,False,0,0.7513800959591641,True,06329500
06295000,0,21876025,250,100.0,0.0,3.756,False,0,0.7513800959591641,True,06329500
06295000,0,21876015,251,100.0,0.0,0.873,False,0,0.7513800959591641,True,06329500
06295000,0,21876005,252,100.0,0.0,1.915,False,0,0.7513800959591641,True,06329500
06295000,0,21876009,253,100.0,0.0,2.334,False,0,0.7513800959591641,True,06329500
06295000,0,21876019,254,100.0,0.0,0.809,False,0,0.7513800959591641,True,06329500
06295000,0,21876017,255,100.0,0.0,2.434,False,0,0.7513800959591641,True,06329500
06295000,0,21875993,256,100.0,0.0,3.721,False,0,0.7513800959591641,True,06329500
06295000,0,21875989,257,100.0,0.0,0.091,False,0,0.7513800959591641,True,06329500
06295000,0,21875987,258,100.0,0.0,0.946,False,0,0.7513800959591641,True,06329500
06295000,0,21875983,259,100.0,0.0,0.136,False,0,0.7513800959591641,True,06329500
06295000,0,21874919,260,100.0,0.0,0.7490000000000001,False,0,0.7513800959591641,True,06329500
06295000,0,21875979,261,100.0,0.0,0.343,False,0,0.7513800959591641,True,06329500
06295000,0,21875985,262,100.0,0.0,1.51,False,0,0.7513800959591641,True,06329500
06295000,0,21875975,263,100.0,0.0,0.45899999999999996,False,0,0.7513800959591641,True,06329500
06295000,0,21875971,264,100.0,0.0,0.045,False,0,0.7513800959591641,True,06329500
06295000,0,21875967,265,100.0,0.0,1.503,False,0,0.7513800959591641,True,06329500
06295000,0,21876355,266,100.0,0.0,0.079,False,0,0.7513800959591641,True,06329500
06295000,0,21874895,267,100.0,0.0,1.066,False,0,0.7513800959591641,True,06329500
06295000,0,21876353,268,100.0,0.0,0.65,False,0,0.7513800959591641,True,06329500
06295000,0,21876359,269,100.0,0.0,0.706,False,0,0.7513800959591641,True,06329500
06295000,0,21875955,270,100.0,0.0,0.20800000000000002,False,0,0.7513800959591641,True,06329500
06295000,0,21875951,271,100.0,0.0,0.585,False,0,0.7513800959591641,True,06329500
06295000,0,21875945,272,100.0,0.0,1.8020000000000003,False,0,0.7513800959591641,True,06329500
06295000,0,21876365,273,100.0,0.0,1.757,False,0,0.7513800959591641,True,06329500
06295000,0,21876363,274,100.0,0.0,0.148,False,0,0.7513800959591641,True,06329500
06295000,0,21874837,275,100.0,0.0,0.359,False,0,0.7513800959591641,True,06329500
06295000,0,21876361,276,100.0,0.0,1.8660000000000003,False,0,0.7513800959591641,True,06329500
06295000,0,21887431,277,100.0,0.0,0.147,False,0,0.7513800959591641,True,06329500
06295000,0,21887433,278,100.0,0.0,0.145,False,0,0.7513800959591641,True,06329500
06295000,0,21875931,279,100.0,0.0,2.929,False,0,0.7513800959591641,True,06329500
06295000,0,21875923,280,100.0,0.0,1.389,False,0,0.7513800959591641,True,06329500
06295000,0,21875917,281,100.0,0.0,1.855,False,0,0.7513800959591641,True,06329500
06295000,0,21876371,282,100.0,0.0,0.987,False,0,0.7513800959591641,True,06329500
06295000,0,21875913,283,100.0,0.0,1.6439999999999997,False,0,0.7513800959591641,True,06329500
06295000,0,21875903,284,100.0,0.0,0.536,False,0,0.7513800959591641,True,06329500
06295000,0,21875897,285,100.0,0.0,1.44,False,0,0.7513800959591641,True,06329500
06295000,0,21876351,286,100.0,0.0,0.096,False,0,0.7513800959591641,True,06329500
06295000,0,21875893,287,100.0,0.0,0.429,False,0,0.7513800959591641,True,06329500
06295000,0,21876349,288,100.0,0.0,0.053,False,0,0.7513800959591641,True,06329500
06295000,0,21875891,289,100.0,0.0,0.124,False,0,0.7513800959591641,True,06329500
06295000,0,21874689,290,100.0,0.0,1.134,False,0,0.7513800959591641,True,06329500
06295000,0,21875887,291,100.0,0.0,0.051,False,0,0.7513800959591641,True,06329500
06295000,0,21875885,292,100.0,0.0,1.006,False,0,0.7513800959591641,True,06329500
06295000,0,21875881,293,100.0,0.0,0.96,False,0,0.7513800959591641,True,06329500
06295000,0,21875873,294,100.0,0.0,2.073,False,0,0.7513800959591641,True,06329500
06295000,0,21875865,295,100.0,0.0,0.074,False,0,0.7513800959591641,True,06329500
06295000,0,21875867,296,100.0,0.0,1.12,False,0,0.7513800959591641,True,06329500
06295000,0,21875869,297,100.0,0.0,1.758,False,0,0.7513800959591641,True,06329500
06295000,0,21875855,298,100.0,0.0,0.8080000000000002,False,0,0.7513800959591641,True,06329500
06295000,0,21875849,299,100.0,0.0,0.7340000000000001,False,0,0.7513800959591641,True,06329500
06295000,0,21875839,300,100.0,0.0,0.20200000000000004,False,0,0.7513800959591641,True,06329500
06295000,0,21875837,301,100.0,0.0,1.54,False,0,0.7513800959591641,True,06329500
06295000,0,21871885,302,100.0,0.0,1.436,False,0,0.7513800959591641,True,06329500
06295000,0,21871879,303,100.0,0.0,2.437,False,0,0.7513800959591641,True,06329500
06295000,0,21871925,304,100.0,0.0,3.298,False,0,0.7513800959591641,True,06329500
06295000,0,21871923,305,100.0,0.0,3.9820000000000007,False,0,0.7513800959591641,True,06329500
06295000,0,21871841,306,100.0,0.0,2.069,False,0,0.7513800959591641,True,06329500
06295000,0,21871839,307,100.0,0.0,0.731,False,0,0.7513800959591641,True,06329500
06295000,0,21871833,308,100.0,0.0,0.261,False,0,0.7513800959591641,True,06329500
06295000,0,21871835,309,100.0,0.0,0.003,False,0,0.7513800959591641,True,06329500
06295000,0,21871137,310,100.0,0.0,2.346,False,0,0.7513800959591641,True,06329500
06295000,0,21871121,311,100.0,0.0,2.289,False,0,0.7513800959591641,True,06329500
06295000,0,21871825,312,100.0,0.0,0.04100000000000001,False,0,0.7513800959591641,True,06329500
06295000,0,21871931,313,100.0,0.0,0.563,False,0,0.7513800959591641,True,06329500
06295000,0,21871821,314,100.0,0.0,0.8909999999999999,False,0,0.7513800959591641,True,06329500
06295000,0,21871817,315,100.0,0.0,0.652,False,0,0.7513800959591641,True,06329500
06295000,0,21887447,316,100.0,0.0,0.58,False,0,0.7513800959591641,True,06329500
06295000,0,21871921,317,100.0,0.0,2.401,False,0,0.7513800959591641,True,06329500
06295000,0,21870943,318,100.0,0.0,0.32800000000000007,False,0,0.7513800959591641,True,06329500
06295000,0,21871809,319,100.0,0.0,0.102,False,0,0.7513800959591641,True,06329500
06295000,0,21871807,320,100.0,0.0,0.136,False,0,0.7513800959591641,True,06329500
06295000,0,21871803,321,100.0,0.0,1.337,False,0,0.7513800959591641,True,06329500
06295000,0,21871799,322,100.0,0.0,0.079,False,0,0.7513800959591641,True,06329500
06295000,0,21870907,323,100.0,0.0,0.344,False,0,0.7513800959591641,True,06329500
06295000,0,21871789,324,100.0,0.0,0.011,False,0,0.7513800959591641,True,06329500
06295000,0,21887445,325,100.0,0.0,1.675,False,0,0.7513800959591641,True,06329500
06295000,0,21871787,326,100.0,0.0,0.09700000000000002,False,0,0.7513800959591641,True,06329500
06295000,0,21871785,327,100.0,38.665,3.0189087,False,0,0.7513800959591641,True,06329500
06326500,1,9826284,0,86.347,0.0,1.8512796800000002,False,0,0.2486199040408359,False,06329500
06326500,1,9826404,1,100.0,0.0,0.577,False,0,0.2486199040408359,False,06329500
06326500,1,9826280,2,100.0,0.0,3.822,False,0,0.2486199040408359,False,06329500
06326500,1,9824928,3,100.0,0.0,2.793,False,0,0.2486199040408359,False,06329500
06326500,1,9824894,4,100.0,0.0,0.462,False,0,0.2486199040408359,False,06329500
06326500,1,9824876,5,100.0,0.0,0.696,False,0,0.2486199040408359,False,06329500
06326500,1,9824850,6,100.0,0.0,0.076,False,0,0.2486199040408359,False,06329500
06326500,1,9824846,7,100.0,0.0,0.09,False,0,0.2486199040408359,False,06329500
06326500,1,9824356,8,100.0,0.0,0.206,False,0,0.2486199040408359,False,06329500
06326500,1,9824348,9,100.0,0.0,0.557,False,0,0.2486199040408359,False,06329500
06326500,1,9824338,10,100.0,0.0,1.38,False,0,0.2486199040408359,False,06329500
06326500,1,9824304,11,100.0,0.0,0.472,False,0,0.2486199040408359,False,06329500
06326500,1,9824300,12,100.0,0.0,0.601,False,0,0.2486199040408359,False,06329500
06326500,1,9824290,13,100.0,0.0,0.122,False,0,0.2486199040408359,False,06329500
06326500,1,9824286,14,100.0,0.0,0.599,False,0,0.2486199040408359,False,06329500
06326500,1,9824272,15,100.0,0.0,0.688,False,0,0.2486199040408359,False,06329500
06326500,1,9824258,16,100.0,0.0,0.069,False,0,0.2486199040408359,False,06329500
06326500,1,9824254,17,100.0,0.0,1.625,False,0,0.2486199040408359,False,06329500
06326500,1,9824656,18,100.0,0.0,0.598,False,0,0.2486199040408359,False,06329500
06326500,1,9824204,19,100.0,0.0,0.226,False,0,0.2486199040408359,False,06329500
06326500,1,9824200,20,100.0,0.0,0.9689999999999999,False,0,0.2486199040408359,False,06329500
06326500,1,9824182,21,100.0,0.0,0.642,False,0,0.2486199040408359,False,06329500
06326500,1,9824166,22,100.0,0.0,1.705,False,0,0.2486199040408359,False,06329500
06326500,1,9824132,23,100.0,0.0,0.35600000000000004,False,0,0.2486199040408359,False,06329500
06326500,1,9824120,24,100.0,0.0,0.25,False,0,0.2486199040408359,False,06329500
06326500,1,9824114,25,100.0,0.0,0.592,False,0,0.2486199040408359,False,06329500
06326500,1,9824090,26,100.0,0.0,0.659,False,0,0.2486199040408359,False,06329500
06326500,1,9824088,27,100.0,0.0,0.588,False,0,0.2486199040408359,False,06329500
06326500,1,9824084,28,100.0,0.0,2.6259999999999994,False,0,0.2486199040408359,False,06329500
06326500,1,9824078,29,100.0,0.0,1.037,False,0,0.2486199040408359,False,06329500
06326500,1,9824066,30,100.0,0.0,0.102,False,0,0.2486199040408359,False,06329500
06326500,1,9824062,31,100.0,0.0,3.1289999999999996,False,0,0.2486199040408359,False,06329500
06326500,1,9824648,32,100.0,0.0,0.523,False,0,0.2486199040408359,False,06329500
06326500,1,9824046,33,100.0,0.0,0.267,False,0,0.2486199040408359,False,06329500
06326500,1,9824038,34,100.0,0.0,1.19,False,0,0.2486199040408359,False,06329500
06326500,1,9824028,35,100.0,0.0,0.759,False,0,0.2486199040408359,False,06329500
06326500,1,9824018,36,100.0,0.0,0.871,False,0,0.2486199040408359,False,06329500
06326500,1,9824010,37,100.0,0.0,0.12300000000000001,False,0,0.2486199040408359,False,06329500
06326500,1,9824006,38,100.0,0.0,0.7170000000000001,False,0,0.2486199040408359,False,06329500
06326500,1,9823994,39,100.0,0.0,0.06,False,0,0.2486199040408359,False,06329500
06326500,1,9823992,40,100.0,0.0,0.124,False,0,0.2486199040408359,False,06329500
06326500,1,9823988,41,100.0,0.0,0.544,False,0,0.2486199040408359,False,06329500
06326500,1,9823982,42,100.0,0.0,0.152,False,0,0.2486199040408359,False,06329500
06326500,1,9823978,43,100.0,0.0,0.917,False,0,0.2486199040408359,False,06329500
06326500,1,9823970,44,100.0,0.0,0.32,False,0,0.2486199040408359,False,06329500
06326500,1,9823968,45,100.0,0.0,0.941,False,0,0.2486199040408359,False,06329500
06326500,1,9823964,46,100.0,0.0,1.4579999999999997,False,0,0.2486199040408359,False,06329500
06326500,1,9823944,47,100.0,0.0,0.502,False,0,0.2486199040408359,False,06329500
06326500,1,9823932,48,100.0,0.0,0.666,False,0,0.2486199040408359,False,06329500
06326500,1,9823926,49,100.0,0.0,0.325,False,0,0.2486199040408359,False,06329500
06326500,1,9823914,50,100.0,0.0,0.155,False,0,0.2486199040408359,False,06329500
06326500,1,9823912,51,100.0,0.0,0.527,False,0,0.2486199040408359,False,06329500
06326500,1,9823906,52,100.0,0.0,1.129,False,0,0.2486199040408359,False,06329500
06326500,1,9823902,53,100.0,0.0,0.21099999999999997,False,0,0.2486199040408359,False,06329500
06326500,1,9823898,54,100.0,0.0,1.2890000000000001,False,0,0.2486199040408359,False,06329500
06326500,1,9823894,55,100.0,0.0,0.148,False,0,0.2486199040408359,False,06329500
06326500,1,9823892,56,100.0,0.0,0.482,False,0,0.2486199040408359,False,06329500
06326500,1,9823884,57,100.0,0.0,1.024,False,0,0.2486199040408359,False,06329500
06326500,1,9823878,58,100.0,0.0,0.266,False,0,0.2486199040408359,False,06329500
06326500,1,9823874,59,100.0,0.0,0.64,False,0,0.2486199040408359,False,06329500
06326500,1,9823870,60,100.0,0.0,0.161,False,0,0.2486199040408359,False,06329500
06326500,1,9823868,61,100.0,0.0,0.709,False,0,0.2486199040408359,False,06329500
06326500,1,9823864,62,100.0,0.0,0.081,False,0,0.2486199040408359,False,06329500
06326500,1,9823860,63,100.0,0.0,0.04100000000000001,False,0,0.2486199040408359,False,06329500
06326500,1,9823858,64,100.0,0.0,0.506,False,0,0.2486199040408359,False,06329500
06326500,1,9823852,65,100.0,0.0,0.634,False,0,0.2486199040408359,False,06329500
06326500,1,9823848,66,100.0,0.0,0.501,False,0,0.2486199040408359,False,06329500
06326500,1,9824612,67,100.0,0.0,0.106,False,0,0.2486199040408359,False,06329500
06326500,1,21878795,68,100.0,0.0,0.988,False,0,0.2486199040408359,True,06329500
06326500,1,21878783,69,100.0,0.0,0.838,False,0,0.2486199040408359,True,06329500
06326500,1,21878779,70,100.0,0.0,0.795,False,0,0.2486199040408359,True,06329500
06326500,1,21878773,71,100.0,0.0,2.334,False,0,0.2486199040408359,True,06329500
06326500,1,21878771,72,100.0,0.0,1.012,False,0,0.2486199040408359,True,06329500
06326500,1,21878763,73,100.0,0.0,2.25,False,0,0.2486199040408359,True,06329500
06326500,1,21878757,74,100.0,0.0,0.524,False,0,0.2486199040408359,True,06329500
06326500,1,21878747,75,100.0,0.0,0.182,False,0,0.2486199040408359,True,06329500
06326500,1,21878735,76,100.0,0.0,1.144,False,0,0.2486199040408359,True,06329500
06326500,1,21878711,77,100.0,0.0,1.712,False,0,0.2486199040408359,True,06329500
06326500,1,21878713,78,100.0,0.0,1.834,False,0,0.2486199040408359,True,06329500
06326500,1,21878679,79,100.0,0.0,0.28,False,0,0.2486199040408359,True,06329500
06326500,1,21878689,80,100.0,0.0,1.094,False,0,0.2486199040408359,True,06329500
06326500,1,21878695,81,100.0,0.0,1.975,False,0,0.2486199040408359,True,06329500
06326500,1,21878683,82,100.0,0.0,1.167,False,0,0.2486199040408359,True,06329500
06326500,1,21878703,83,100.0,0.0,1.574,False,0,0.2486199040408359,True,06329500
06326500,1,21878707,84,100.0,0.0,1.6569999999999998,False,0,0.2486199040408359,True,06329500
06326500,1,21878709,85,100.0,0.0,0.172,False,0,0.2486199040408359,True,06329500
06326500,1,21878729,86,100.0,0.0,0.558,False,0,0.2486199040408359,True,06329500
06326500,1,21878745,87,100.0,0.0,1.521,False,0,0.2486199040408359,True,06329500
06326500,1,21878749,88,100.0,0.0,0.7659999999999999,False,0,0.2486199040408359,True,06329500
06326500,1,21878741,89,100.0,0.0,0.187,False,0,0.2486199040408359,True,06329500
06326500,1,21878739,90,100.0,0.0,0.99,False,0,0.2486199040408359,True,06329500
06326500,1,21878719,91,100.0,0.0,1.27,False,0,0.2486199040408359,True,06329500
06326500,1,21878675,92,100.0,0.0,0.895,False,0,0.2486199040408359,True,06329500
06326500,1,21878671,93,100.0,0.0,0.61,False,0,0.2486199040408359,True,06329500
06326500,1,21878667,94,100.0,0.0,1.062,False,0,0.2486199040408359,True,06329500
06326500,1,21878657,95,100.0,0.0,3.0409999999999995,False,0,0.2486199040408359,True,06329500
06326500,1,21878649,96,100.0,0.0,1.963,False,0,0.2486199040408359,True,06329500
06326500,1,24595357,97,100.0,0.0,0.792,False,0,0.2486199040408359,True,06329500
06326500,1,21878613,98,100.0,0.0,2.034,False,0,0.2486199040408359,True,06329500
06326500,1,21878615,99,100.0,0.0,0.064,False,0,0.2486199040408359,True,06329500
06326500,1,21878629,100,100.0,0.0,1.942,False,0,0.2486199040408359,True,06329500
06326500,1,21878637,101,100.0,0.0,2.419,False,0,0.2486199040408359,True,06329500
06326500,1,21878647,102,100.0,0.0,0.802,False,0,0.2486199040408359,True,06329500
06326500,1,21878645,103,100.0,0.0,0.053,False,0,0.2486199040408359,True,06329500
06326500,1,21878643,104,100.0,0.0,2.03,False,0,0.2486199040408359,True,06329500
06326500,1,21878631,105,100.0,0.0,1.083,False,0,0.2486199040408359,True,06329500
06326500,1,21878619,106,100.0,0.0,1.341,False,0,0.2486199040408359,True,06329500
06326500,1,940100042,107,100.0,0.0,0.389,False,0,0.2486199040408359,True,06329500
06326500,1,940100041,108,100.0,0.0,0.8219999999999998,False,0,0.2486199040408359,True,06329500
06326500,1,21880463,109,100.0,0.0,0.461,False,0,0.2486199040408359,True,06329500
06326500,1,21880461,110,100.0,0.0,1.7310000000000003,False,0,0.2486199040408359,True,06329500
06326500,1,21880453,111,100.0,0.0,0.281,False,0,0.2486199040408359,True,06329500
06326500,1,21880449,112,100.0,0.0,1.097,False,0,0.2486199040408359,True,06329500
06326500,1,21880437,113,100.0,0.0,0.581,False,0,0.2486199040408359,True,06329500
06326500,1,21880431,114,100.0,0.0,0.553,False,0,0.2486199040408359,True,06329500
06326500,1,21880425,115,100.0,0.0,1.848,False,0,0.2486199040408359,True,06329500
06326500,1,21880641,116,100.0,0.0,0.086,False,0,0.2486199040408359,True,06329500
06326500,1,21880285,117,100.0,0.0,0.852,False,0,0.2486199040408359,True,06329500
06326500,1,21887419,118,100.0,0.0,0.22,False,0,0.2486199040408359,True,06329500
06326500,1,21880413,119,100.0,0.0,0.195,False,0,0.2486199040408359,True,06329500
06326500,1,21880411,120,100.0,0.0,0.74,False,0,0.2486199040408359,True,06329500
06326500,1,21880625,121,100.0,0.0,0.18099999999999997,False,0,0.2486199040408359,True,06329500
06326500,1,21880623,122,100.0,0.0,0.15,False,0,0.2486199040408359,True,06329500
06326500,1,21880639,123,100.0,0.0,0.389,False,0,0.2486199040408359,True,06329500
06326500,1,21880631,124,100.0,0.0,0.769,False,0,0.2486199040408359,True,06329500
06326500,1,21880627,125,100.0,0.0,0.05,False,0,0.2486199040408359,True,06329500
06326500,1,21879305,126,100.0,0.0,0.183,False,0,0.2486199040408359,True,06329500
06326500,1,21880629,127,100.0,0.0,0.213,False,0,0.2486199040408359,True,06329500
06326500,1,21880635,128,100.0,0.0,0.196,False,0,0.2486199040408359,True,06329500
06326500,1,21880637,129,100.0,0.0,0.578,False,0,0.2486199040408359,True,06329500
06326500,1,21880397,130,100.0,0.0,1.141,False,0,0.2486199040408359,True,06329500
06326500,1,21880389,131,100.0,0.0,0.777,False,0,0.2486199040408359,True,06329500
06326500,1,21880385,132,100.0,0.0,4.081,False,0,0.2486199040408359,True,06329500
06326500,1,21880381,133,100.0,0.0,2.761,False,0,0.2486199040408359,True,06329500
06326500,1,21880379,134,100.0,0.0,0.253,False,0,0.2486199040408359,True,06329500
06326500,1,21879153,135,100.0,0.0,1.2890000000000001,False,0,0.2486199040408359,True,06329500
06326500,1,21879141,136,100.0,0.0,0.099,False,0,0.2486199040408359,True,06329500
06326500,1,21887425,137,100.0,0.0,0.243,False,0,0.2486199040408359,True,06329500
06326500,1,21880663,138,100.0,0.0,0.616,False,0,0.2486199040408359,True,06329500
06326500,1,21880665,139,100.0,0.0,0.234,False,0,0.2486199040408359,True,06329500
06326500,1,21880369,140,100.0,0.0,0.11,False,0,0.2486199040408359,True,06329500
06326500,1,21879107,141,100.0,0.0,0.38299999999999995,False,0,0.2486199040408359,True,06329500
06326500,1,21880677,142,100.0,0.0,0.067,False,0,0.2486199040408359,True,06329500
06326500,1,21880675,143,100.0,0.0,0.065,False,0,0.2486199040408359,True,06329500
06326500,1,21880365,144,100.0,0.0,0.065,False,0,0.2486199040408359,True,06329500
06326500,1,21879103,145,100.0,0.0,0.17299999999999996,False,0,0.2486199040408359,True,06329500
06326500,1,21880679,146,100.0,0.0,0.096,False,0,0.2486199040408359,True,06329500
06326500,1,21880361,147,100.0,0.0,0.95,False,0,0.2486199040408359,True,06329500
06326500,1,21880359,148,100.0,0.0,0.065,False,0,0.2486199040408359,True,06329500
06326500,1,21879059,149,100.0,0.0,1.056,False,0,0.2486199040408359,True,06329500
06326500,1,21887415,150,100.0,0.0,0.1,False,0,0.2486199040408359,True,06329500
06326500,1,21880355,151,100.0,0.0,0.125,False,0,0.2486199040408359,True,06329500
06326500,1,21880353,152,100.0,0.0,1.015,False,0,0.2486199040408359,True,06329500
06326500,1,21880687,153,100.0,0.0,0.599,False,0,0.2486199040408359,True,06329500
06326500,1,21880683,154,100.0,0.0,0.148,False,0,0.2486199040408359,True,06329500
06326500,1,21880351,155,100.0,0.0,0.207,False,0,0.2486199040408359,True,06329500
06326500,1,21876137,156,100.0,0.0,0.553,False,0,0.2486199040408359,True,06329500
06326500,1,21876319,157,100.0,0.0,0.693,False,0,0.2486199040408359,True,06329500
06326500,1,21876131,158,100.0,0.0,0.085,False,0,0.2486199040408359,True,06329500
06326500,1,21887355,159,100.0,0.0,1.5729999999999997,False,0,0.2486199040408359,True,06329500
06326500,1,21876127,160,100.0,0.0,0.995,False,0,0.2486199040408359,True,06329500
06326500,1,21876307,161,100.0,0.0,1.171,False,0,0.2486199040408359,True,06329500
06326500,1,21876173,162,100.0,0.0,0.149,False,0,0.2486199040408359,True,06329500
06326500,1,21887439,163,100.0,0.0,0.03,False,0,0.2486199040408359,True,06329500
06326500,1,21876165,164,100.0,0.0,0.049,False,0,0.2486199040408359,True,06329500
06326500,1,21875293,165,100.0,0.0,0.073,False,0,0.2486199040408359,True,06329500
06326500,1,21875295,166,100.0,0.0,0.514,False,0,0.2486199040408359,True,06329500
06326500,1,21875827,167,100.0,0.0,1.143,False,0,0.2486199040408359,True,06329500
06326500,1,21876235,168,100.0,0.0,0.241,False,0,0.2486199040408359,True,06329500
06326500,1,21876237,169,100.0,0.0,0.613,False,0,0.2486199040408359,True,06329500
06326500,1,21876239,170,100.0,0.0,0.902,False,0,0.2486199040408359,True,06329500
06326500,1,21876121,171,100.0,0.0,1.3660000000000003,False,0,0.2486199040408359,True,06329500
06326500,1,21876283,172,100.0,0.0,0.135,False,0,0.2486199040408359,True,06329500
06326500,1,21875253,173,100.0,0.0,0.457,False,0,0.2486199040408359,True,06329500
06326500,1,21876273,174,100.0,0.0,0.128,True,21874581,0.2486199040408359,True,06329500
06326500,1,21876271,175,100.0,0.0,1.4069999999999998,True,21874581,0.2486199040408359,True,06329500
06326500,1,21876265,176,100.0,0.0,0.19,True,21874581,0.2486199040408359,True,06329500
06326500,1,21876297,177,100.0,0.0,0.052000000000000005,True,21874581,0.2486199040408359,True,06329500
06326500,1,21875819,178,100.0,0.0,1.106,False,0,0.2486199040408359,True,06329500
06326500,1,21875213,179,100.0,0.0,0.175,False,0,0.2486199040408359,True,06329500
06326500,1,21876101,180,100.0,0.0,0.353,False,0,0.2486199040408359,True,06329500
06326500,1,21876261,181,100.0,0.0,0.292,False,0,0.2486199040408359,True,06329500
06326500,1,21876109,182,100.0,0.0,1.092,False,0,0.2486199040408359,True,06329500
06326500,1,21876099,183,100.0,0.0,2.174,False,0,0.2486199040408359,True,06329500
06326500,1,21876337,184,100.0,0.0,0.151,False,0,0.2486199040408359,True,06329500
06326500,1,21875189,185,100.0,0.0,0.049,False,0,0.2486199040408359,True,06329500
06326500,1,21876339,186,100.0,0.0,0.045,False,0,0.2486199040408359,True,06329500
06326500,1,21887441,187,100.0,0.0,0.532,False,0,0.2486199040408359,True,06329500
06326500,1,21876341,188,100.0,0.0,0.147,False,0,0.2486199040408359,True,06329500
06326500,1,21876089,189,100.0,0.0,1.236,False,0,0.2486199040408359,True,06329500
06326500,1,21876077,190,100.0,0.0,0.645,False,0,0.2486199040408359,True,06329500
06326500,1,21876073,191,100.0,0.0,0.098,False,0,0.2486199040408359,True,06329500
06326500,1,21875167,192,100.0,0.0,0.726,False,0,0.2486199040408359,True,06329500
06326500,1,21875163,193,100.0,0.0,0.04100000000000001,False,0,0.2486199040408359,True,06329500
06326500,1,21875159,194,100.0,0.0,0.11899999999999998,False,0,0.2486199040408359,True,06329500
06326500,1,21876069,195,100.0,0.0,0.115,False,0,0.2486199040408359,True,06329500
06326500,1,21876067,196,100.0,0.0,0.3459999999999999,False,0,0.2486199040408359,True,06329500
06326500,1,21876335,197,100.0,0.0,0.655,False,0,0.2486199040408359,True,06329500
06326500,1,21876331,198,100.0,0.0,0.752,False,0,0.2486199040408359,True,06329500
06326500,1,21876179,199,100.0,0.0,0.419,False,0,0.2486199040408359,True,06329500
06326500,1,21876183,200,100.0,0.0,0.567,False,0,0.2486199040408359,True,06329500
06326500,1,21876063,201,100.0,0.0,1.315,False,0,0.2486199040408359,True,06329500
06326500,1,21876191,202,100.0,0.0,0.285,False,0,0.2486199040408359,True,06329500
06326500,1,21876059,203,100.0,0.0,0.085,False,0,0.2486199040408359,True,06329500
06326500,1,21876195,204,100.0,0.0,0.19699999999999998,False,0,0.2486199040408359,True,06329500
06326500,1,21875107,205,100.0,0.0,0.151,False,0,0.2486199040408359,True,06329500
06326500,1,21875105,206,100.0,0.0,0.293,False,0,0.2486199040408359,True,06329500
06326500,1,21875097,207,100.0,0.0,0.05,False,0,0.2486199040408359,True,06329500
06326500,1,21875095,208,100.0,0.0,0.188,False,0,0.2486199040408359,True,06329500
06326500,1,21875091,209,100.0,0.0,0.395,False,0,0.2486199040408359,True,06329500
06326500,1,21875079,210,100.0,0.0,0.527,False,0,0.2486199040408359,True,06329500
06326500,1,21875065,211,100.0,0.0,0.4040000000000001,False,0,0.2486199040408359,True,06329500
06326500,1,21876253,212,100.0,0.0,0.153,False,0,0.2486199040408359,True,06329500
06326500,1,21876255,213,100.0,0.0,0.18099999999999997,False,0,0.2486199040408359,True,06329500
06326500,1,21887443,214,100.0,0.0,0.184,False,0,0.2486199040408359,True,06329500
06326500,1,21876373,215,100.0,0.0,0.076,False,0,0.2486199040408359,True,06329500
06326500,1,21876213,216,100.0,0.0,0.11,False,0,0.2486199040408359,True,06329500
06326500,1,21875059,217,100.0,0.0,0.787,False,0,0.2486199040408359,True,06329500
06326500,1,21876215,218,100.0,0.0,0.114,False,0,0.2486199040408359,True,06329500
06326500,1,21876217,219,100.0,0.0,0.099,False,0,0.2486199040408359,True,06329500
06326500,1,21876043,220,100.0,0.0,0.092,False,0,0.2486199040408359,True,06329500
06326500,1,21876039,221,100.0,0.0,0.791,False,0,0.2486199040408359,True,06329500
06326500,1,21876247,222,100.0,0.0,0.201,False,0,0.2486199040408359,True,06329500
06326500,1,21876243,223,100.0,0.0,5.553999999999999,False,0,0.2486199040408359,True,06329500
06326500,1,21876031,224,100.0,0.0,0.42,False,0,0.2486199040408359,True,06329500
06326500,1,21876027,225,100.0,0.0,0.337,False,0,0.2486199040408359,True,06329500
06326500,1,21876025,226,100.0,0.0,3.756,False,0,0.2486199040408359,True,06329500
06326500,1,21876015,227,100.0,0.0,0.873,False,0,0.2486199040408359,True,06329500
06326500,1,21876005,228,100.0,0.0,1.915,False,0,0.2486199040408359,True,06329500
06326500,1,21876009,229,100.0,0.0,2.334,False,0,0.2486199040408359,True,06329500
06326500,1,21876019,230,100.0,0.0,0.809,False,0,0.2486199040408359,True,06329500
06326500,1,21876017,231,100.0,0.0,2.434,False,0,0.2486199040408359,True,06329500
06326500,1,21875993,232,100.0,0.0,3.721,False,0,0.2486199040408359,True,06329500
06326500,1,21875989,233,100.0,0.0,0.091,False,0,0.2486199040408359,True,06329500
06326500,1,21875987,234,100.0,0.0,0.946,False,0,0.2486199040408359,True,06329500
06326500,1,21875983,235,100.0,0.0,0.136,False,0,0.2486199040408359,True,06329500
06326500,1,21874919,236,100.0,0.0,0.7490000000000001,False,0,0.2486199040408359,True,06329500
06326500,1,21875979,237,100.0,0.0,0.343,False,0,0.2486199040408359,True,06329500
06326500,1,21875985,238,100.0,0.0,1.51,False,0,0.2486199040408359,True,06329500
06326500,1,21875975,239,100.0,0.0,0.45899999999999996,False,0,0.2486199040408359,True,06329500
06326500,1,21875971,240,100.0,0.0,0.045,False,0,0.2486199040408359,True,06329500
06326500,1,21875967,241,100.0,0.0,1.503,False,0,0.2486199040408359,True,06329500
06326500,1,21876355,242,100.0,0.0,0.079,False,0,0.2486199040408359,True,06329500
06326500,1,21874895,243,100.0,0.0,1.066,False,0,0.2486199040408359,True,06329500
06326500,1,21876353,244,100.0,0.0,0.65,False,0,0.2486199040408359,True,06329500
06326500,1,21876359,245,100.0,0.0,0.706,False,0,0.2486199040408359,True,06329500
06326500,1,21875955,246,100.0,0.0,0.20800000000000002,False,0,0.2486199040408359,True,06329500
06326500,1,21875951,247,100.0,0.0,0.585,False,0,0.2486199040408359,True,06329500
06326500,1,21875945,248,100.0,0.0,1.8020000000000003,False,0,0.2486199040408359,True,06329500
06326500,1,21876365,249,100.0,0.0,1.757,False,0,0.2486199040408359,True,06329500
06326500,1,21876363,250,100.0,0.0,0.148,False,0,0.2486199040408359,True,06329500
06326500,1,21874837,251,100.0,0.0,0.359,False,0,0.2486199040408359,True,06329500
06326500,1,21876361,252,100.0,0.0,1.8660000000000003,False,0,0.2486199040408359,True,06329500
06326500,1,21887431,253,100.0,0.0,0.147,False,0,0.2486199040408359,True,06329500
06326500,1,21887433,254,100.0,0.0,0.145,False,0,0.2486199040408359,True,06329500
06326500,1,21875931,255,100.0,0.0,2.929,False,0,0.2486199040408359,True,06329500
06326500,1,21875923,256,100.0,0.0,1.389,False,0,0.2486199040408359,True,06329500
06326500,1,21875917,257,100.0,0.0,1.855,False,0,0.2486199040408359,True,06329500
06326500,1,21876371,258,100.0,0.0,0.987,False,0,0.2486199040408359,True,06329500
06326500,1,21875913,259,100.0,0.0,1.6439999999999997,False,0,0.2486199040408359,True,06329500
06326500,1,21875903,260,100.0,0.0,0.536,False,0,0.2486199040408359,True,06329500
06326500,1,21875897,261,100.0,0.0,1.44,False,0,0.2486199040408359,True,06329500
06326500,1,21876351,262,100.0,0.0,0.096,False,0,0.2486199040408359,True,06329500
06326500,1,21875893,263,100.0,0.0,0.429,False,0,0.2486199040408359,True,06329500
06326500,1,21876349,264,100.0,0.0,0.053,False,0,0.2486199040408359,True,06329500
06326500,1,21875891,265,100.0,0.0,0.124,False,0,0.2486199040408359,True,06329500
06326500,1,21874689,266,100.0,0.0,1.134,False,0,0.2486199040408359,True,06329500
06326500,1,21875887,267,100.0,0.0,0.051,False,0,0.2486199040408359,True,06329500
06326500,1,21875885,268,100.0,0.0,1.006,False,0,0.2486199040408359,True,06329500
06326500,1,21875881,269,100.0,0.0,0.96,False,0,0.2486199040408359,True,06329500
06326500,1,21875873,270,100.0,0.0,2.073,False,0,0.2486199040408359,True,06329500
06326500,1,21875865,271,100.0,0.0,0.074,False,0,0.2486199040408359,True,06329500
06326500,1,21875867,272,100.0,0.0,1.12,False,0,0.2486199040408359,True,06329500
06326500,1,21875869,273,100.0,0.0,1.758,False,0,0.2486199040408359,True,06329500
06326500,1,21875855,274,100.0,0.0,0.8080000000000002,False,0,0.2486199040408359,True,06329500
06326500,1,21875849,275,100.0,0.0,0.7340000000000001,False,0,0.2486199040408359,True,06329500
06326500,1,21875839,276,100.0,0.0,0.20200000000000004,False,0,0.2486199040408359,True,06329500
06326500,1,21875837,277,100.0,0.0,1.54,False,0,0.2486199040408359,True,06329500
06326500,1,21871885,278,100.0,0.0,1.436,False,0,0.2486199040408359,True,06329500
06326500,1,21871879,279,100.0,0.0,2.437,False,0,0.2486199040408359,True,06329500
06326500,1,21871925,280,100.0,0.0,3.298,False,0,0.2486199040408359,True,06329500
06326500,1,21871923,281,100.0,0.0,3.9820000000000007,False,0,0.2486199040408359,True,06329500
06326500,1,21871841,282,100.0,0.0,2.069,False,0,0.2486199040408359,True,06329500
06326500,1,21871839,283,100.0,0.0,0.731,False,0,0.2486199040408359,True,06329500
06326500,1,21871833,284,100.0,0.0,0.261,False,0,0.2486199040408359,True,06329500
06326500,1,21871835,285,100.0,0.0,0.003,False,0,0.2486199040408359,True,06329500
06326500,1,21871137,286,100.0,0.0,2.346,False,0,0.2486199040408359,True,06329500
06326500,1,21871121,287,100.0,0.0,2.289,False,0,0.2486199040408359,True,06329500
06326500,1,21871825,288,100.0,0.0,0.04100000000000001,False,0,0.2486199040408359,True,06329500
06326500,1,21871931,289,100.0,0.0,0.563,False,0,0.2486199040408359,True,06329500
06326500,1,21871821,290,100.0,0.0,0.8909999999999999,False,0,0.2486199040408359,True,06329500
06326500,1,21871817,291,100.0,0.0,0.652,False,0,0.2486199040408359,True,06329500
06326500,1,21887447,292,100.0,0.0,0.58,False,0,0.2486199040408359,True,06329500
06326500,1,21871921,293,100.0,0.0,2.401,False,0,0.2486199040408359,True,06329500
06326500,1,21870943,294,100.0,0.0,0.32800000000000007,False,0,0.2486199040408359,True,06329500
06326500,1,21871809,295,100.0,0.0,0.102,False,0,0.2486199040408359,True,06329500
06326500,1,21871807,296,100.0,0.0,0.136,False,0,0.2486199040408359,True,06329500
06326500,1,21871803,297,100.0,0.0,1.337,False,0,0.2486199040408359,True,06329500
06326500,1,21871799,298,100.0,0.0,0.079,False,0,0.2486199040408359,True,06329500
06326500,1,21870907,299,100.0,0.0,0.344,False,0,0.2486199040408359,True,06329500
06326500,1,21871789,300,100.0,0.0,0.011,False,0,0.2486199040408359,True,06329500
06326500,1,21887445,301,100.0,0.0,1.675,False,0,0.2486199040408359,True,06329500
06326500,1,21871787,302,100.0,0.0,0.09700000000000002,False,0,0.2486199040408359,True,06329500
06326500,1,21871785,303,100.0,38.665,3.0189087,False,0,0.2486199040408359,True,06329500
06336600,0,13466672,0,92.974,0.0,6.03773156,False,0,0.6839871132195712,False,06337000
06336600,0,13466646,1,100.0,0.0,0.944,False,0,0.6839871132195712,False,06337000
06336600,0,13466648,2,100.0,0.0,1.344,False,0,0.6839871132195712,False,06337000
06336600,0,13466632,3,100.0,0.0,1.195,False,0,0.6839871132195712,False,06337000
06336600,0,13466628,4,100.0,0.0,0.529,False,0,0.6839871132195712,False,06337000
06336600,0,13466626,5,100.0,0.0,0.10800000000000001,False,0,0.6839871132195712,False,06337000
06336600,0,13466630,6,100.0,0.0,4.689,False,0,0.6839871132195712,False,06337000
06336600,0,13466608,7,100.0,0.0,3.116,False,0,0.6839871132195712,False,06337000
06336600,0,13466624,8,100.0,0.0,1.7920000000000003,False,0,0.6839871132195712,False,06337000
06336600,0,13466614,9,100.0,0.0,2.9389999999999996,False,0,0.6839871132195712,False,06337000
06336600,0,13466594,10,100.0,0.0,0.801,False,0,0.6839871132195712,False,06337000
06336600,0,13466586,11,100.0,0.0,2.585,False,0,0.6839871132195712,False,06337000
06336600,0,13466584,12,100.0,0.0,3.454,False,0,0.6839871132195712,False,06337000
06336600,0,13466580,13,100.0,0.0,4.313,False,0,0.6839871132195712,False,06337000
06336600,0,13466554,14,100.0,0.0,1.797,False,0,0.6839871132195712,False,06337000
06336600,0,13466546,15,100.0,0.0,1.815,False,0,0.6839871132195712,False,06337000
06336600,0,13466548,16,100.0,0.0,0.966,False,0,0.6839871132195712,False,06337000
06336600,0,13466538,17,100.0,0.0,0.6919999999999998,False,0,0.6839871132195712,False,06337000
06336600,0,13466530,18,100.0,0.0,4.416,False,0,0.6839871132195712,False,06337000
06336600,0,13466516,19,100.0,0.0,0.48699999999999993,False,0,0.6839871132195712,False,06337000
06336600,0,13466506,20,100.0,0.0,2.937,False,0,0.6839871132195712,False,06337000
06336600,0,13466496,21,100.0,0.0,1.541,False,0,0.6839871132195712,False,06337000
06336600,0,13466484,22,100.0,0.0,2.681,False,0,0.6839871132195712,False,06337000
06336600,0,13466482,23,100.0,0.0,5.036,False,0,0.6839871132195712,False,06337000
06336600,0,13466480,24,100.0,0.0,3.46,False,0,0.6839871132195712,False,06337000
06336600,0,13466472,25,100.0,0.0,1.111,False,0,0.6839871132195712,False,06337000
06336600,0,13466466,26,100.0,0.0,2.557,False,0,0.6839871132195712,False,06337000
06336600,0,13466470,27,100.0,0.0,4.719,False,0,0.6839871132195712,False,06337000
06336600,0,13466476,28,100.0,0.0,0.951,False,0,0.6839871132195712,False,06337000
06336600,0,13466474,29,100.0,0.0,2.218,False,0,0.6839871132195712,False,06337000
06336600,0,13467114,30,100.0,0.0,2.818,False,0,0.6839871132195712,False,06337000
06336600,0,13467108,31,100.0,0.0,4.301,False,0,0.6839871132195712,False,06337000
06336600,0,13466446,32,100.0,0.0,0.703,False,0,0.6839871132195712,False,06337000
06336600,0,13466450,33,100.0,0.0,0.055,False,0,0.6839871132195712,False,06337000
06336600,0,13466448,34,100.0,0.0,3.286,False,0,0.6839871132195712,False,06337000
06336600,0,13466434,35,100.0,0.0,1.186,False,0,0.6839871132195712,False,06337000
06336600,0,13466422,36,100.0,0.0,2.904,False,0,0.6839871132195712,False,06337000
06336600,0,13466414,37,100.0,0.0,0.147,False,0,0.6839871132195712,False,06337000
06336600,0,13466412,38,100.0,0.0,0.9179999999999999,False,0,0.6839871132195712,False,06337000
06336600,0,13466406,39,100.0,0.0,0.855,False,0,0.6839871132195712,False,06337000
06336600,0,13466396,40,100.0,0.0,0.877,False,0,0.6839871132195712,False,06337000
06336600,0,13466392,41,100.0,0.0,0.376,False,0,0.6839871132195712,False,06337000
06336600,0,13466386,42,100.0,0.0,3.5039999999999996,False,0,0.6839871132195712,False,06337000
06336600,0,13466376,43,100.0,0.0,1.791,False,0,0.6839871132195712,False,06337000
06336600,0,13466356,44,100.0,0.0,1.3159999999999998,False,0,0.6839871132195712,False,06337000
06336600,0,13466344,45,100.0,0.0,0.637,False,0,0.6839871132195712,False,06337000
06336600,0,13466342,46,100.0,0.0,1.042,False,0,0.6839871132195712,False,06337000
06336600,0,13466336,47,100.0,0.0,1.506,False,0,0.6839871132195712,False,06337000
06336600,0,13466332,48,100.0,0.0,1.075,False,0,0.6839871132195712,False,06337000
06336600,0,13466330,49,100.0,0.0,1.264,False,0,0.6839871132195712,False,06337000
06336600,0,13466326,50,100.0,0.0,1.176,False,0,0.6839871132195712,False,06337000
06336600,0,13466322,51,100.0,0.0,2.505,False,0,0.6839871132195712,False,06337000
06336600,0,13467136,52,100.0,0.0,0.06,False,0,0.6839871132195712,False,06337000
06336600,0,14472435,53,100.0,0.0,1.381,False,0,0.6839871132195712,True,06337000
06336600,0,14472429,54,100.0,0.0,1.518,False,0,0.6839871132195712,True,06337000
06336600,0,14472425,55,100.0,0.0,1.28,False,0,0.6839871132195712,True,06337000
06336600,0,14472455,56,100.0,0.0,0.149,False,0,0.6839871132195712,True,06337000
06336600,0,14471887,57,100.0,0.0,0.273,False,0,0.6839871132195712,True,06337000
06336600,0,14472451,58,100.0,0.0,0.052000000000000005,False,0,0.6839871132195712,True,06337000
06336600,0,14472449,59,100.0,0.0,1.26,False,0,0.6839871132195712,True,06337000
06336600,0,14472419,60,100.0,0.0,0.7559999999999999,False,0,0.6839871132195712,True,06337000
06336600,0,14472417,61,100.0,0.0,0.8030000000000002,False,0,0.6839871132195712,True,06337000
06336600,0,14472413,62,100.0,0.0,1.021,False,0,0.6839871132195712,True,06337000
06336600,0,14472407,63,100.0,0.0,1.692,False,0,0.6839871132195712,True,06337000
06336600,0,14472403,64,100.0,0.0,0.207,False,0,0.6839871132195712,True,06337000
06336600,0,14472401,65,100.0,0.0,0.035,False,0,0.6839871132195712,True,06337000
06336600,0,14471765,66,100.0,0.0,1.08,False,0,0.6839871132195712,True,06337000
06336600,0,14472399,67,100.0,0.0,0.012,False,0,0.6839871132195712,True,06337000
06336600,0,14472397,68,100.0,0.0,0.519,False,0,0.6839871132195712,True,06337000
06336600,0,14471677,69,100.0,0.0,0.7,False,0,0.6839871132195712,True,06337000
06336600,0,14471661,70,100.0,0.0,0.111,False,0,0.6839871132195712,True,06337000
06336600,0,14472395,71,100.0,0.0,0.019,False,0,0.6839871132195712,True,06337000
06336600,0,14472393,72,100.0,0.0,1.571,False,0,0.6839871132195712,True,06337000
06336600,0,14472389,73,100.0,0.0,1.024,False,0,0.6839871132195712,True,06337000
06336600,0,14471605,74,100.0,0.0,0.22,False,0,0.6839871132195712,True,06337000
06336600,0,14472387,75,100.0,0.0,0.01,False,0,0.6839871132195712,True,06337000
06336600,0,14472385,76,100.0,0.0,1.2,False,0,0.6839871132195712,True,06337000
06336600,0,14472379,77,100.0,0.0,0.513,False,0,0.6839871132195712,True,06337000
06336600,0,14471535,78,100.0,0.0,0.457,False,0,0.6839871132195712,True,06337000
06336600,0,14472377,79,100.0,0.0,2.966,False,0,0.6839871132195712,True,06337000
06336600,0,14471465,80,100.0,0.0,1.589,False,0,0.6839871132195712,True,06337000
06336600,0,14472375,81,100.0,0.0,0.7559999999999999,False,0,0.6839871132195712,True,06337000
06336600,0,14472447,82,100.0,0.0,0.824,False,0,0.6839871132195712,True,06337000
06336600,0,14471393,83,100.0,0.0,1.892,False,0,0.6839871132195712,True,06337000
06336600,0,14471385,84,100.0,0.0,1.618,False,0,0.6839871132195712,True,06337000
06336600,0,14471317,85,100.0,0.0,0.387,False,0,0.6839871132195712,True,06337000
06336600,0,14472373,86,100.0,0.0,0.976,False,0,0.6839871132195712,True,06337000
06336600,0,14472367,87,100.0,0.0,0.586,False,0,0.6839871132195712,True,06337000
06336600,0,14472361,88,100.0,0.0,0.286,False,0,0.6839871132195712,True,06337000
06336600,0,14471227,89,100.0,0.0,0.267,False,0,0.6839871132195712,True,06337000
06336600,0,14471221,90,100.0,0.0,0.255,False,0,0.6839871132195712,True,06337000
06336600,0,14471213,91,100.0,0.0,0.628,False,0,0.6839871132195712,True,06337000
06336600,0,14472357,92,100.0,0.0,0.763,False,0,0.6839871132195712,True,06337000
06336600,0,14472355,93,100.0,0.0,0.357,False,0,0.6839871132195712,True,06337000
06336600,0,14472353,94,100.0,0.0,2.736,False,0,0.6839871132195712,True,06337000
06336600,0,14469467,95,100.0,0.0,0.43200000000000005,False,0,0.6839871132195712,True,06337000
06336600,0,14469463,96,100.0,0.0,0.474,False,0,0.6839871132195712,True,06337000
06336600,0,14469517,97,100.0,0.0,2.276,False,0,0.6839871132195712,True,06337000
06336600,0,14469447,98,100.0,0.0,1.3769999999999998,False,0,0.6839871132195712,True,06337000
06336600,0,14469445,99,100.0,0.0,1.281,False,0,0.6839871132195712,True,06337000
06336600,0,14469439,100,100.0,0.0,1.099,False,0,0.6839871132195712,True,06337000
06336600,0,14469453,101,100.0,0.0,0.8420000000000001,False,0,0.6839871132195712,True,06337000
06336600,0,14469457,102,100.0,0.0,2.696,False,0,0.6839871132195712,True,06337000
06336600,0,14469461,103,100.0,0.0,11.099,False,0,0.6839871132195712,True,06337000
06336600,0,24792292,104,100.0,0.0,0.708,False,0,0.6839871132195712,True,06337000
06336600,0,24792294,105,100.0,0.0,0.4640000000000001,False,0,0.6839871132195712,True,06337000
06336600,0,14469429,106,100.0,0.0,0.077,False,0,0.6839871132195712,True,06337000
06336600,0,14469433,107,100.0,0.0,0.025,False,0,0.6839871132195712,True,06337000
06336600,0,14468813,108,100.0,0.0,1.3,False,0,0.6839871132195712,True,06337000
06336600,0,14469513,109,100.0,0.0,1.33,False,0,0.6839871132195712,True,06337000
06336600,0,14469443,110,100.0,0.0,1.7079999999999997,False,0,0.6839871132195712,True,06337000
06336600,0,14468793,111,100.0,0.0,0.868,False,0,0.6839871132195712,True,06337000
06336600,0,14468787,112,100.0,0.0,0.253,False,0,0.6839871132195712,True,06337000
06336600,0,14468791,113,100.0,0.0,1.341,False,0,0.6839871132195712,True,06337000
06336600,0,14469423,114,100.0,0.0,0.006,False,0,0.6839871132195712,True,06337000
06336600,0,14469421,115,100.0,0.0,1.278,True,24792278,0.6839871132195712,True,06337000
06336600,0,14468695,116,100.0,0.0,0.052000000000000005,False,0,0.6839871132195712,True,06337000
06336600,0,14469417,117,100.0,0.0,0.015,False,0,0.6839871132195712,True,06337000
06336600,0,14469415,118,100.0,0.0,0.963,True,24792274,0.6839871132195712,True,06337000
06336600,0,14469413,119,100.0,0.0,0.317,True,24792274,0.6839871132195712,True,06337000
06336600,0,14469511,120,100.0,0.0,0.025,False,0,0.6839871132195712,True,06337000
06336600,0,14468639,121,100.0,0.0,0.187,False,0,0.6839871132195712,True,06337000
06336600,0,24792286,122,100.0,0.0,0.217,False,0,0.6839871132195712,True,06337000
06336600,0,24792288,123,100.0,0.0,0.35600000000000004,False,0,0.6839871132195712,True,06337000
06336600,0,24792298,124,100.0,0.0,1.959,False,0,0.6839871132195712,True,06337000
06336600,0,24792300,125,100.0,0.0,0.046,False,0,0.6839871132195712,True,06337000
06336600,0,14468547,126,100.0,0.0,2.035,False,0,0.6839871132195712,True,06337000
06336600,0,14469267,127,100.0,0.0,0.012,False,0,0.6839871132195712,True,06337000
06336600,0,14469265,128,100.0,0.0,0.833,False,0,0.6839871132195712,True,06337000
06336600,0,14469289,129,100.0,0.0,1.9370000000000003,False,0,0.6839871132195712,True,06337000
06336600,0,14469297,130,100.0,0.0,0.062,False,0,0.6839871132195712,True,06337000
06336600,0,14469299,131,100.0,0.0,0.019,False,0,0.6839871132195712,True,06337000
06336600,0,14468485,132,100.0,0.0,0.125,False,0,0.6839871132195712,True,06337000
06336600,0,14469307,133,100.0,0.0,0.016,False,0,0.6839871132195712,True,06337000
06336600,0,14469301,134,100.0,0.0,1.0,False,0,0.6839871132195712,True,06337000
06336600,0,14469279,135,100.0,0.0,0.21099999999999997,False,0,0.6839871132195712,True,06337000
06336600,0,14469269,136,100.0,0.0,1.231,False,0,0.6839871132195712,True,06337000
06336600,0,14469257,137,100.0,0.0,0.206,False,0,0.6839871132195712,True,06337000
06336600,0,14469255,138,100.0,0.0,0.018,False,0,0.6839871132195712,True,06337000
06336600,0,14468465,139,100.0,0.0,4.0,False,0,0.6839871132195712,True,06337000
06336600,0,14469493,140,100.0,0.0,0.257,False,0,0.6839871132195712,True,06337000
06336600,0,14469311,141,100.0,0.0,1.4509999999999998,False,0,0.6839871132195712,True,06337000
06336600,0,14469497,142,100.0,0.0,1.922,False,0,0.6839871132195712,True,06337000
06336600,0,14469495,143,100.0,0.0,0.12,False,0,0.6839871132195712,True,06337000
06336600,0,14468519,144,100.0,0.0,0.6830000000000002,False,0,0.6839871132195712,True,06337000
06336600,0,14468529,145,100.0,0.0,0.214,False,0,0.6839871132195712,True,06337000
06336600,0,14469341,146,100.0,0.0,0.028000000000000004,False,0,0.6839871132195712,True,06337000
06336600,0,14469343,147,100.0,0.0,0.21099999999999997,False,0,0.6839871132195712,True,06337000
06336600,0,14469357,148,100.0,0.0,0.8640000000000001,False,0,0.6839871132195712,True,06337000
06336600,0,14469355,149,100.0,0.0,1.031,False,0,0.6839871132195712,True,06337000
06336600,0,14469337,150,100.0,0.0,0.935,False,0,0.6839871132195712,True,06337000
06336600,0,14469317,151,100.0,0.0,0.45399999999999996,False,0,0.6839871132195712,True,06337000
06336600,0,14468461,152,100.0,0.0,0.175,False,0,0.6839871132195712,True,06337000
06336600,0,14468451,153,100.0,0.0,0.48,False,0,0.6839871132195712,True,06337000
06336600,0,14469195,154,100.0,0.0,2.02,False,0,0.6839871132195712,True,06337000
06336600,0,14469315,155,100.0,0.0,0.025,False,0,0.6839871132195712,True,06337000
06336600,0,14469321,156,100.0,81.7368,0.21276627999999997,False,0,0.6839871132195712,True,06337000
06335750,1,14569114,0,4.0213,0.0,0.057585015999999996,False,0,0.316012886780429,False,06337000
06335750,1,14569084,1,100.0,0.0,0.737,False,0,0.316012886780429,False,06337000
06335750,1,14569080,2,100.0,0.0,2.859,False,0,0.316012886780429,False,06337000
06335750,1,14569048,3,100.0,0.0,0.8269999999999998,False,0,0.316012886780429,False,06337000
06335750,1,14569044,4,100.0,0.0,1.7410000000000003,False,0,0.316012886780429,False,06337000
06335750,1,14569028,5,100.0,0.0,1.592,False,0,0.316012886780429,False,06337000
06335750,1,14569932,6,100.0,0.0,3.7120000000000006,False,0,0.316012886780429,False,06337000
06335750,1,14568926,7,100.0,0.0,1.58,False,0,0.316012886780429,False,06337000
06335750,1,14568858,8,100.0,0.0,2.829,False,0,0.316012886780429,False,06337000
06335750,1,14568772,9,100.0,0.0,1.352,False,0,0.316012886780429,False,06337000
06335750,1,14568758,10,100.0,0.0,2.276,False,0,0.316012886780429,False,06337000
06335750,1,14568736,11,100.0,0.0,0.182,False,0,0.316012886780429,False,06337000
06335750,1,14568726,12,100.0,0.0,0.434,False,0,0.316012886780429,False,06337000
06335750,1,14568710,13,100.0,0.0,0.855,False,0,0.316012886780429,False,06337000
06335750,1,14568694,14,100.0,0.0,0.657,False,0,0.316012886780429,False,06337000
06335750,1,14568658,15,100.0,0.0,0.598,False,0,0.316012886780429,False,06337000
06335750,1,14569918,16,100.0,0.0,1.92,False,0,0.316012886780429,False,06337000
06335750,1,14569916,17,100.0,0.0,4.071,False,0,0.316012886780429,False,06337000
06335750,1,14568570,18,100.0,0.0,0.704,False,0,0.316012886780429,False,06337000
06335750,1,14568554,19,100.0,0.0,4.393,False,0,0.316012886780429,False,06337000
06335750,1,14568462,20,100.0,0.0,0.8759999999999999,False,0,0.316012886780429,False,06337000
06335750,1,14568464,21,100.0,0.0,0.555,False,0,0.316012886780429,False,06337000
06335750,1,14568490,22,100.0,0.0,4.835,False,0,0.316012886780429,False,06337000
06335750,1,14568480,23,100.0,0.0,0.28,False,0,0.316012886780429,False,06337000
06335750,1,14568468,24,100.0,0.0,1.26,False,0,0.316012886780429,False,06337000
06335750,1,14568456,25,100.0,0.0,0.765,False,0,0.316012886780429,False,06337000
06335750,1,14569876,26,100.0,0.0,4.284,False,0,0.316012886780429,False,06337000
06335750,1,14570034,27,100.0,0.0,1.878,False,0,0.316012886780429,False,06337000
06335750,1,14568370,28,100.0,0.0,0.951,False,0,0.316012886780429,False,06337000
06335750,1,14568326,29,100.0,0.0,1.133,False,0,0.316012886780429,False,06337000
06335750,1,14568292,30,100.0,0.0,0.9230000000000002,False,0,0.316012886780429,False,06337000
06335750,1,14568266,31,100.0,0.0,1.501,False,0,0.316012886780429,False,06337000
06335750,1,14570032,32,100.0,0.0,5.474,False,0,0.316012886780429,False,06337000
06335750,1,14568108,33,100.0,0.0,0.068,False,0,0.316012886780429,False,06337000
06335750,1,14568094,34,100.0,0.0,0.909,False,0,0.316012886780429,False,06337000
06335750,1,14568048,35,100.0,0.0,0.26,False,0,0.316012886780429,False,06337000
06335750,1,14568046,36,100.0,0.0,0.48100000000000004,False,0,0.316012886780429,False,06337000
06335750,1,14568036,37,100.0,0.0,0.516,False,0,0.316012886780429,False,06337000
06335750,1,14570026,38,100.0,0.0,2.2,False,0,0.316012886780429,False,06337000
06335750,1,14570030,39,100.0,0.0,0.446,False,0,0.316012886780429,False,06337000
06335750,1,14570028,40,100.0,0.0,3.847,False,0,0.316012886780429,False,06337000
06335750,1,14567972,41,100.0,0.0,4.493,False,0,0.316012886780429,False,06337000
06335750,1,14567874,42,100.0,0.0,1.9810000000000003,False,0,0.316012886780429,False,06337000
06335750,1,14567840,43,100.0,0.0,2.223,False,0,0.316012886780429,False,06337000
06335750,1,14569800,44,100.0,0.0,2.02,False,0,0.316012886780429,False,06337000
06335750,1,14569798,45,100.0,0.0,3.2969999999999997,False,0,0.316012886780429,False,06337000
06335750,1,14567748,46,100.0,0.0,1.548,False,0,0.316012886780429,False,06337000
06335750,1,14567692,47,100.0,0.0,2.6519999999999997,False,0,0.316012886780429,False,06337000
06335750,1,14567624,48,100.0,0.0,0.046,False,0,0.316012886780429,False,06337000
06335750,1,14567622,49,100.0,0.0,4.534,False,0,0.316012886780429,False,06337000
06335750,1,14567544,50,100.0,0.0,0.415,False,0,0.316012886780429,False,06337000
06335750,1,14569772,51,100.0,0.0,1.022,False,0,0.316012886780429,False,06337000
06335750,1,14570022,52,100.0,0.0,3.359,False,0,0.316012886780429,False,06337000
06335750,1,14567430,53,100.0,0.0,1.82,False,0,0.316012886780429,False,06337000
06335750,1,14569768,54,100.0,0.0,0.358,False,0,0.316012886780429,False,06337000
06335750,1,14567406,55,100.0,0.0,0.9670000000000001,False,0,0.316012886780429,False,06337000
06335750,1,14567368,56,100.0,0.0,0.365,False,0,0.316012886780429,False,06337000
06335750,1,14567364,57,100.0,0.0,0.12300000000000001,False,0,0.316012886780429,False,06337000
06335750,1,14566686,58,100.0,0.0,0.786,False,0,0.316012886780429,False,06337000
06335750,1,14566270,59,100.0,0.0,0.526,False,0,0.316012886780429,False,06337000
06335750,1,14566684,60,100.0,0.0,0.009,False,0,0.316012886780429,False,06337000
06335750,1,14566682,61,100.0,0.0,0.67,False,0,0.316012886780429,False,06337000
06335750,1,14566708,62,100.0,0.0,0.165,False,0,0.316012886780429,False,06337000
06335750,1,14566678,63,100.0,0.0,0.52,False,0,0.316012886780429,False,06337000
06335750,1,14566676,64,100.0,0.0,0.345,False,0,0.316012886780429,False,06337000
06335750,1,14566666,65,100.0,0.0,1.182,False,0,0.316012886780429,False,06337000
06335750,1,14566660,66,100.0,0.0,0.579,False,0,0.316012886780429,False,06337000
06335750,1,14566704,67,100.0,0.0,1.194,False,0,0.316012886780429,False,06337000
06335750,1,14566656,68,100.0,0.0,0.54,False,0,0.316012886780429,False,06337000
06335750,1,14566652,69,100.0,0.0,0.78,False,0,0.316012886780429,False,06337000
06335750,1,14566648,70,100.0,0.0,2.297,False,0,0.316012886780429,False,06337000
06335750,1,14566036,71,100.0,0.0,0.557,False,0,0.316012886780429,False,06337000
06335750,1,14566646,72,100.0,0.0,0.433,False,0,0.316012886780429,False,06337000
06335750,1,14566642,73,100.0,0.0,0.655,False,0,0.316012886780429,False,06337000
06335750,1,14566700,74,100.0,0.0,0.06,False,0,0.316012886780429,False,06337000
06335750,1,14566002,75,100.0,0.0,0.3390000000000001,False,0,0.316012886780429,False,06337000
06335750,1,14566640,76,100.0,0.0,0.091,False,0,0.316012886780429,False,06337000
06335750,1,14566636,77,100.0,0.0,0.044,False,0,0.316012886780429,False,06337000
06335750,1,14566696,78,100.0,0.0,0.926,False,0,0.316012886780429,False,06337000
06335750,1,14566632,79,100.0,0.0,0.379,False,0,0.316012886780429,False,06337000
06335750,1,14566626,80,100.0,0.0,2.9590000000000005,False,0,0.316012886780429,False,06337000
06335750,1,14566692,81,100.0,0.0,0.8,False,0,0.316012886780429,False,06337000
06335750,1,14566622,82,100.0,0.0,1.247,False,0,0.316012886780429,False,06337000
06335750,1,14566618,83,100.0,0.0,4.388,False,0,0.316012886780429,False,06337000
06335750,1,14566612,84,100.0,0.0,1.469,False,0,0.316012886780429,False,06337000
06335750,1,14566610,85,100.0,0.0,5.922999999999999,False,0,0.316012886780429,False,06337000
06335750,1,14566604,86,100.0,0.0,2.613,False,0,0.316012886780429,False,06337000
06335750,1,14566600,87,100.0,0.0,0.281,False,0,0.316012886780429,False,06337000
06335750,1,14566598,88,100.0,0.0,0.855,False,0,0.316012886780429,False,06337000
06335750,1,14566592,89,100.0,0.0,1.7180000000000002,False,0,0.316012886780429,False,06337000
06335750,1,14566586,90,100.0,0.0,1.212,False,0,0.316012886780429,False,06337000
06335750,1,14565650,91,100.0,0.0,0.555,False,0,0.316012886780429,False,06337000
06335750,1,14566584,92,100.0,0.0,2.761,False,0,0.316012886780429,False,06337000
06335750,1,14566580,93,100.0,0.0,0.617,False,0,0.316012886780429,False,06337000
06335750,1,14566574,94,100.0,0.0,2.101,False,0,0.316012886780429,False,06337000
06335750,1,14566714,95,100.0,0.0,0.382,False,0,0.316012886780429,False,06337000
06335750,1,14566716,96,100.0,0.0,0.618,False,0,0.316012886780429,False,06337000
06335750,1,14566570,97,100.0,0.0,1.671,False,0,0.316012886780429,False,06337000
06335750,1,14566564,98,100.0,0.0,1.126,False,0,0.316012886780429,False,06337000
06335750,1,14565504,99,100.0,0.0,0.215,False,0,0.316012886780429,False,06337000
06335750,1,14566562,100,100.0,0.0,0.7,False,0,0.316012886780429,False,06337000
06335750,1,14565482,101,100.0,0.0,0.948,False,0,0.316012886780429,False,06337000
06335750,1,14566560,102,100.0,0.0,1.984,False,0,0.316012886780429,False,06337000
06335750,1,14566556,103,100.0,0.0,1.029,False,0,0.316012886780429,False,06337000
06335750,1,14566550,104,100.0,0.0,0.713,False,0,0.316012886780429,False,06337000
06335750,1,14566688,105,100.0,0.0,1.5829999999999997,False,0,0.316012886780429,False,06337000
06335750,1,14566546,106,100.0,0.0,4.155,False,0,0.316012886780429,False,06337000
06335750,1,14566538,107,100.0,0.0,3.1429999999999993,False,0,0.316012886780429,False,06337000
06335750,1,14566534,108,100.0,0.0,0.525,False,0,0.316012886780429,False,06337000
06335750,1,14566528,109,100.0,0.0,1.259,False,0,0.316012886780429,False,06337000
06335750,1,14566524,110,100.0,0.0,0.472,False,0,0.316012886780429,False,06337000
06335750,1,940110204,111,100.0,0.0,0.322,False,0,0.316012886780429,False,06337000
06335750,1,940110203,112,100.0,0.0,0.293,False,0,0.316012886780429,False,06337000
06335750,1,14566522,113,100.0,0.0,2.98,False,0,0.316012886780429,False,06337000
06335750,1,14566518,114,100.0,0.0,0.815,False,0,0.316012886780429,False,06337000
06335750,1,14566514,115,100.0,0.0,0.648,False,0,0.316012886780429,False,06337000
06335750,1,14472435,116,100.0,0.0,1.381,False,0,0.316012886780429,True,06337000
06335750,1,14472429,117,100.0,0.0,1.518,False,0,0.316012886780429,True,06337000
06335750,1,14472425,118,100.0,0.0,1.28,False,0,0.316012886780429,True,06337000
06335750,1,14472455,119,100.0,0.0,0.149,False,0,0.316012886780429,True,06337000
06335750,1,14471887,120,100.0,0.0,0.273,False,0,0.316012886780429,True,06337000
06335750,1,14472451,121,100.0,0.0,0.052000000000000005,False,0,0.316012886780429,True,06337000
06335750,1,14472449,122,100.0,0.0,1.26,False,0,0.316012886780429,True,06337000
06335750,1,14472419,123,100.0,0.0,0.7559999999999999,False,0,0.316012886780429,True,06337000
06335750,1,14472417,124,100.0,0.0,0.8030000000000002,False,0,0.316012886780429,True,06337000
06335750,1,14472413,125,100.0,0.0,1.021,False,0,0.316012886780429,True,06337000
06335750,1,14472407,126,100.0,0.0,1.692,False,0,0.316012886780429,True,06337000
06335750,1,14472403,127,100.0,0.0,0.207,False,0,0.316012886780429,True,06337000
06335750,1,14472401,128,100.0,0.0,0.035,False,0,0.316012886780429,True,06337000
06335750,1,14471765,129,100.0,0.0,1.08,False,0,0.316012886780429,True,06337000
06335750,1,14472399,130,100.0,0.0,0.012,False,0,0.316012886780429,True,06337000
06335750,1,14472397,131,100.0,0.0,0.519,False,0,0.316012886780429,True,06337000
06335750,1,14471677,132,100.0,0.0,0.7,False,0,0.316012886780429,True,06337000
06335750,1,14471661,133,100.0,0.0,0.111,False,0,0.316012886780429,True,06337000
06335750,1,14472395,134,100.0,0.0,0.019,False,0,0.316012886780429,True,06337000
06335750,1,14472393,135,100.0,0.0,1.571,False,0,0.316012886780429,True,06337000
06335750,1,14472389,136,100.0,0.0,1.024,False,0,0.316012886780429,True,06337000
06335750,1,14471605,137,100.0,0.0,0.22,False,0,0.316012886780429,True,06337000
06335750,1,14472387,138,100.0,0.0,0.01,False,0,0.316012886780429,True,06337000
06335750,1,14472385,139,100.0,0.0,1.2,False,0,0.316012886780429,True,06337000
06335750,1,14472379,140,100.0,0.0,0.513,False,0,0.316012886780429,True,06337000
06335750,1,14471535,141,100.0,0.0,0.457,False,0,0.316012886780429,True,06337000
06335750,1,14472377,142,100.0,0.0,2.966,False,0,0.316012886780429,True,06337000
06335750,1,14471465,143,100.0,0.0,1.589,False,0,0.316012886780429,True,06337000
06335750,1,14472375,144,100.0,0.0,0.7559999999999999,False,0,0.316012886780429,True,06337000
06335750,1,14472447,145,100.0,0.0,0.824,False,0,0.316012886780429,True,06337000
06335750,1,14471393,146,100.0,0.0,1.892,False,0,0.316012886780429,True,06337000
06335750,1,14471385,147,100.0,0.0,1.618,False,0,0.316012886780429,True,06337000
06335750,1,14471317,148,100.0,0.0,0.387,False,0,0.316012886780429,True,06337000
06335750,1,14472373,149,100.0,0.0,0.976,False,0,0.316012886780429,True,06337000
06335750,1,14472367,150,100.0,0.0,0.586,False,0,0.316012886780429,True,06337000
06335750,1,14472361,151,100.0,0.0,0.286,False,0,0.316012886780429,True,06337000
06335750,1,14471227,152,100.0,0.0,0.267,False,0,0.316012886780429,True,06337000
06335750,1,14471221,153,100.0,0.0,0.255,False,0,0.316012886780429,True,06337000
06335750,1,14471213,154,100.0,0.0,0.628,False,0,0.316012886780429,True,06337000
06335750,1,14472357,155,100.0,0.0,0.763,False,0,0.316012886780429,True,06337000
06335750,1,14472355,156,100.0,0.0,0.357,False,0,0.316012886780429,True,06337000
06335750,1,14472353,157,100.0,0.0,2.736,False,0,0.316012886780429,True,06337000
06335750,1,14469467,158,100.0,0.0,0.43200000000000005,False,0,0.316012886780429,True,06337000
06335750,1,14469463,159,100.0,0.0,0.474,False,0,0.316012886780429,True,06337000
06335750,1,14469517,160,100.0,0.0,2.276,False,0,0.316012886780429,True,06337000
06335750,1,14469447,161,100.0,0.0,1.3769999999999998,False,0,0.316012886780429,True,06337000
06335750,1,14469445,162,100.0,0.0,1.281,False,0,0.316012886780429,True,06337000
06335750,1,14469439,163,100.0,0.0,1.099,False,0,0.316012886780429,True,06337000
06335750,1,14469453,164,100.0,0.0,0.8420000000000001,False,0,0.316012886780429,True,06337000
06335750,1,14469457,165,100.0,0.0,2.696,False,0,0.316012886780429,True,06337000
06335750,1,14469461,166,100.0,0.0,11.099,False,0,0.316012886780429,True,06337000
06335750,1,24792292,167,100.0,0.0,0.708,False,0,0.316012886780429,True,06337000
06335750,1,24792294,168,100.0,0.0,0.4640000000000001,False,0,0.316012886780429,True,06337000
06335750,1,14469429,169,100.0,0.0,0.077,False,0,0.316012886780429,True,06337000
06335750,1,14469433,170,100.0,0.0,0.025,False,0,0.316012886780429,True,06337000
06335750,1,14468813,171,100.0,0.0,1.3,False,0,0.316012886780429,True,06337000
06335750,1,14469513,172,100.0,0.0,1.33,False,0,0.316012886780429,True,06337000
06335750,1,14469443,173,100.0,0.0,1.7079999999999997,False,0,0.316012886780429,True,06337000
06335750,1,14468793,174,100.0,0.0,0.868,False,0,0.316012886780429,True,06337000
06335750,1,14468787,175,100.0,0.0,0.253,False,0,0.316012886780429,True,06337000
06335750,1,14468791,176,100.0,0.0,1.341,False,0,0.316012886780429,True,06337000
06335750,1,14469423,177,100.0,0.0,0.006,False,0,0.316012886780429,True,06337000
06335750,1,14469421,178,100.0,0.0,1.278,True,24792278,0.316012886780429,True,06337000
06335750,1,14468695,179,100.0,0.0,0.052000000000000005,False,0,0.316012886780429,True,06337000
06335750,1,14469417,180,100.0,0.0,0.015,False,0,0.316012886780429,True,06337000
06335750,1,14469415,181,100.0,0.0,0.963,True,24792274,0.316012886780429,True,06337000
06335750,1,14469413,182,100.0,0.0,0.317,True,24792274,0.316012886780429,True,06337000
06335750,1,14469511,183,100.0,0.0,0.025,False,0,0.316012886780429,True,06337000
06335750,1,14468639,184,100.0,0.0,0.187,False,0,0.316012886780429,True,06337000
06335750,1,24792286,185,100.0,0.0,0.217,False,0,0.316012886780429,True,06337000
06335750,1,24792288,186,100.0,0.0,0.35600000000000004,False,0,0.316012886780429,True,06337000
06335750,1,24792298,187,100.0,0.0,1.959,False,0,0.316012886780429,True,06337000
06335750,1,24792300,188,100.0,0.0,0.046,False,0,0.316012886780429,True,06337000
06335750,1,14468547,189,100.0,0.0,2.035,False,0,0.316012886780429,True,06337000
06335750,1,14469267,190,100.0,0.0,0.012,False,0,0.316012886780429,True,06337000
06335750,1,14469265,191,100.0,0.0,0.833,False,0,0.316012886780429,True,06337000
06335750,1,14469289,192,100.0,0.0,1.9370000000000003,False,0,0.316012886780429,True,06337000
06335750,1,14469297,193,100.0,0.0,0.062,False,0,0.316012886780429,True,06337000
06335750,1,14469299,194,100.0,0.0,0.019,False,0,0.316012886780429,True,06337000
06335750,1,14468485,195,100.0,0.0,0.125,False,0,0.316012886780429,True,06337000
06335750,1,14469307,196,100.0,0.0,0.016,False,0,0.316012886780429,True,06337000
06335750,1,14469301,197,100.0,0.0,1.0,False,0,0.316012886780429,True,06337000
06335750,1,14469279,198,100.0,0.0,0.21099999999999997,False,0,0.316012886780429,True,06337000
06335750,1,14469269,199,100.0,0.0,1.231,False,0,0.316012886780429,True,06337000
06335750,1,14469257,200,100.0,0.0,0.206,False,0,0.316012886780429,True,06337000
06335750,1,14469255,201,100.0,0.0,0.018,False,0,0.316012886780429,True,06337000
06335750,1,14468465,202,100.0,0.0,4.0,False,0,0.316012886780429,True,06337000
06335750,1,14469493,203,100.0,0.0,0.257,False,0,0.316012886780429,True,06337000
06335750,1,14469311,204,100.0,0.0,1.4509999999999998,False,0,0.316012886780429,True,06337000
06335750,1,14469497,205,100.0,0.0,1.922,False,0,0.316012886780429,True,06337000
06335750,1,14469495,206,100.0,0.0,0.12,False,0,0.316012886780429,True,06337000
06335750,1,14468519,207,100.0,0.0,0.6830000000000002,False,0,0.316012886780429,True,06337000
06335750,1,14468529,208,100.0,0.0,0.214,False,0,0.316012886780429,True,06337000
06335750,1,14469341,209,100.0,0.0,0.028000000000000004,False,0,0.316012886780429,True,06337000
06335750,1,14469343,210,100.0,0.0,0.21099999999999997,False,0,0.316012886780429,True,06337000
06335750,1,14469357,211,100.0,0.0,0.8640000000000001,False,0,0.316012886780429,True,06337000
06335750,1,14469355,212,100.0,0.0,1.031,False,0,0.316012886780429,True,06337000
06335750,1,14469337,213,100.0,0.0,0.935,False,0,0.316012886780429,True,06337000
06335750,1,14469317,214,100.0,0.0,0.45399999999999996,False,0,0.316012886780429,True,06337000
06335750,1,14468461,215,100.0,0.0,0.175,False,0,0.316012886780429,True,06337000
06335750,1,14468451,216,100.0,0.0,0.48,False,0,0.316012886780429,True,06337000
06335750,1,14469195,217,100.0,0.0,2.02,False,0,0.316012886780429,True,06337000
06335750,1,14469315,218,100.0,0.0,0.025,False,0,0.316012886780429,True,06337000
06335750,1,14469321,219,100.0,81.7368,0.21276627999999997,False,0,0.316012886780429,True,06337000
06330000,0,940110233,0,60.618,0.0,6.12787362,False,0,0.996181300047989,False,06338490
06330000,0,21531694,1,100.0,0.0,1.739,False,0,0.996181300047989,False,06338490
06330000,0,940110239,2,100.0,0.0,2.6289999999999996,False,0,0.996181300047989,False,06338490
06330000,0,940110240,3,100.0,0.0,0.828,False,0,0.996181300047989,False,06338490
06330000,0,21531330,4,100.0,0.0,0.45300000000000007,False,0,0.996181300047989,False,06338490
06330000,0,21531354,5,100.0,0.0,3.465,False,0,0.996181300047989,False,06338490
06330000,0,21531364,6,100.0,0.0,0.547,False,0,0.996181300047989,False,06338490
06330000,0,21531436,7,100.0,0.0,2.802,False,0,0.996181300047989,False,06338490
06330000,0,21531476,8,100.0,0.0,1.787,False,0,0.996181300047989,False,06338490
06330000,0,21531522,9,100.0,0.0,2.992,False,0,0.996181300047989,False,06338490
06330000,0,21531538,10,100.0,0.0,1.144,False,0,0.996181300047989,False,06338490
06330000,0,21531550,11,100.0,0.0,0.318,False,0,0.996181300047989,False,06338490
06330000,0,21531558,12,100.0,0.0,1.204,True,21543470,0.996181300047989,False,06338490
06330000,0,21531566,13,100.0,0.0,0.41,True,21543470,0.996181300047989,False,06338490
06330000,0,940110238,14,100.0,0.0,1.838,True,21543470,0.996181300047989,False,06338490
06330000,0,940110237,15,100.0,0.0,3.25,True,21543470,0.996181300047989,False,06338490
06330000,0,21538030,16,100.0,0.0,0.12300000000000001,True,21543470,0.996181300047989,False,06338490
06330000,0,21538044,17,100.0,0.0,2.305,True,21543470,0.996181300047989,False,06338490
06330000,0,21538048,18,100.0,0.0,1.08,True,21543470,0.996181300047989,False,06338490
06330000,0,21538046,19,100.0,0.0,0.873,True,21543470,0.996181300047989,False,06338490
06330000,0,21538038,20,100.0,0.0,0.5,True,21543470,0.996181300047989,False,06338490
06330000,0,21531626,21,100.0,0.0,1.608,True,21543470,0.996181300047989,False,06338490
06330000,0,21531622,22,100.0,0.0,3.5009999999999994,True,21543470,0.996181300047989,False,06338490
06330000,0,21531594,23,100.0,0.0,0.363,True,21543470,0.996181300047989,False,06338490
06330000,0,21531588,24,100.0,0.0,0.315,True,21543470,0.996181300047989,False,06338490
06330000,0,21531584,25,100.0,0.0,1.6539999999999997,True,21543470,0.996181300047989,False,06338490
06330000,0,21550328,26,100.0,0.0,0.42699999999999994,True,21543470,0.996181300047989,False,06338490
06330000,0,21531568,27,100.0,0.0,0.397,True,21543470,0.996181300047989,False,06338490
06330000,0,21531562,28,100.0,0.0,1.78,True,21543470,0.996181300047989,False,06338490
06330000,0,21531556,29,100.0,0.0,6.046,True,21543470,0.996181300047989,False,06338490
06330000,0,21531542,30,100.0,0.0,1.303,True,21543470,0.996181300047989,False,06338490
06330000,0,21550326,31,100.0,0.0,0.861,True,21543470,0.996181300047989,False,06338490
06330000,0,21531530,32,100.0,0.0,0.987,True,21543470,0.996181300047989,False,06338490
06330000,0,21531516,33,100.0,0.0,0.129,True,21543470,0.996181300047989,False,06338490
06330000,0,21531514,34,100.0,0.0,0.158,True,21543470,0.996181300047989,False,06338490
06330000,0,21531508,35,100.0,0.0,0.241,True,21543470,0.996181300047989,False,06338490
06330000,0,21531506,36,100.0,0.0,0.765,True,21543470,0.996181300047989,False,06338490
06330000,0,21531490,37,100.0,0.0,0.253,True,21543470,0.996181300047989,False,06338490
06330000,0,21531486,38,100.0,0.0,1.091,True,21543470,0.996181300047989,False,06338490
06330000,0,21531462,39,100.0,0.0,1.398,True,21543470,0.996181300047989,False,06338490
06330000,0,21531428,40,100.0,0.0,0.183,True,21543470,0.996181300047989,False,06338490
06330000,0,21531426,41,100.0,0.0,0.159,True,21543470,0.996181300047989,False,06338490
06330000,0,21531418,42,100.0,0.0,0.552,True,21543470,0.996181300047989,False,06338490
06330000,0,21531404,43,100.0,0.0,1.011,True,21543470,0.996181300047989,False,06338490
06330000,0,21531390,44,100.0,0.0,0.588,True,21543470,0.996181300047989,False,06338490
06330000,0,21531380,45,100.0,0.0,0.10100000000000002,True,21543470,0.996181300047989,False,06338490
06330000,0,21531378,46,100.0,0.0,0.934,True,21543470,0.996181300047989,False,06338490
06330000,0,21531374,47,100.0,0.0,1.432,True,21543470,0.996181300047989,False,06338490
06330000,0,21531372,48,100.0,0.0,3.0209999999999995,True,21543470,0.996181300047989,False,06338490
06330000,0,21531368,49,100.0,0.0,2.296,True,21543470,0.996181300047989,False,06338490
06330000,0,21531356,50,100.0,0.0,0.69,True,21543470,0.996181300047989,False,06338490
06330000,0,21531358,51,100.0,0.0,0.209,True,21543470,0.996181300047989,False,06338490
06330000,0,21531360,52,100.0,0.0,1.459,True,21543470,0.996181300047989,False,06338490
06330000,0,21531348,53,100.0,0.0,0.541,True,21543470,0.996181300047989,False,06338490
06330000,0,21531346,54,100.0,0.0,5.125,True,21543470,0.996181300047989,False,06338490
06330000,0,21534496,55,100.0,0.0,1.5859999999999999,True,21543470,0.996181300047989,False,06338490
06330000,0,21534514,56,100.0,0.0,5.306,True,21543470,0.996181300047989,False,06338490
06330000,0,21534530,57,100.0,0.0,1.132,True,21543470,0.996181300047989,False,06338490
06330000,0,21534528,58,100.0,0.0,0.19,True,21543470,0.996181300047989,False,06338490
06330000,0,21534516,59,100.0,0.0,0.237,True,21543470,0.996181300047989,False,06338490
06330000,0,21534508,60,100.0,0.0,2.85,True,21543470,0.996181300047989,False,06338490
06330000,0,21534526,61,100.0,0.0,1.271,True,21543470,0.996181300047989,False,06338490
06330000,0,21534538,62,100.0,0.0,0.17800000000000002,True,21543470,0.996181300047989,False,06338490
06330000,0,21534590,63,100.0,0.0,4.836,True,21543470,0.996181300047989,False,06338490
06330000,0,21534594,64,100.0,0.0,0.32800000000000007,True,21543470,0.996181300047989,False,06338490
06330000,0,21534624,65,100.0,0.0,2.237,True,21543470,0.996181300047989,False,06338490
06330000,0,21534626,66,100.0,0.0,0.8370000000000001,True,21543470,0.996181300047989,False,06338490
06330000,0,21534628,67,100.0,0.0,0.39,True,21543470,0.996181300047989,False,06338490
06330000,0,21534636,68,100.0,0.0,0.8219999999999998,True,21543470,0.996181300047989,False,06338490
06330000,0,21534648,69,100.0,0.0,0.503,True,21543470,0.996181300047989,False,06338490
06330000,0,21534650,70,100.0,0.0,0.91,True,21543470,0.996181300047989,False,06338490
06330000,0,21534658,71,100.0,0.0,0.195,True,21543470,0.996181300047989,False,06338490
06330000,0,21534664,72,100.0,0.0,1.284,True,21543470,0.996181300047989,False,06338490
06330000,0,21534676,73,100.0,0.0,2.167,True,21543470,0.996181300047989,False,06338490
06330000,0,21534700,74,100.0,0.0,3.248,True,21543470,0.996181300047989,False,06338490
06330000,0,21534708,75,100.0,0.0,1.69,True,21543470,0.996181300047989,False,06338490
06330000,0,21534710,76,100.0,0.0,1.411,True,21543470,0.996181300047989,False,06338490
06330000,0,21534712,77,100.0,0.0,0.141,True,21543470,0.996181300047989,False,06338490
06330000,0,21534726,78,100.0,0.0,3.858,True,21543470,0.996181300047989,False,06338490
06330000,0,21534728,79,100.0,0.0,1.066,True,21543470,0.996181300047989,False,06338490
06330000,0,21534734,80,100.0,0.0,1.714,True,21543470,0.996181300047989,False,06338490
06330000,0,21540098,81,100.0,0.0,1.675,True,21543470,0.996181300047989,False,06338490
06330000,0,21540108,82,100.0,0.0,0.522,True,21543470,0.996181300047989,False,06338490
06330000,0,21540116,83,100.0,0.0,4.212,True,21543470,0.996181300047989,False,06338490
06330000,0,21540120,84,100.0,0.0,0.361,True,21543470,0.996181300047989,False,06338490
06330000,0,21540158,85,100.0,0.0,5.585,True,21543470,0.996181300047989,False,06338490
06330000,0,21540166,86,100.0,0.0,0.7,True,21543470,0.996181300047989,False,06338490
06330000,0,21540186,87,100.0,0.0,2.47,True,21543470,0.996181300047989,False,06338490
06330000,0,21540192,88,100.0,0.0,0.63,True,21543470,0.996181300047989,False,06338490
06330000,0,21540214,89,100.0,0.0,5.13,True,21543470,0.996181300047989,False,06338490
06330000,0,21540240,90,100.0,0.0,3.984,True,21543470,0.996181300047989,False,06338490
06330000,0,21540256,91,100.0,0.0,0.802,True,21543470,0.996181300047989,False,06338490
06330000,0,21540264,92,100.0,0.0,0.6560000000000001,True,21543470,0.996181300047989,False,06338490
06330000,0,21540268,93,100.0,0.0,0.625,True,21543470,0.996181300047989,False,06338490
06330000,0,21540274,94,100.0,0.0,0.25,True,21543470,0.996181300047989,False,06338490
06330000,0,21540284,95,100.0,0.0,0.528,True,21543470,0.996181300047989,False,06338490
06330000,0,21540320,96,100.0,0.0,3.656,True,21543470,0.996181300047989,False,06338490
06330000,0,21540324,97,100.0,0.0,0.244,True,21543470,0.996181300047989,False,06338490
06330000,0,21540332,98,100.0,0.0,0.531,True,21543470,0.996181300047989,False,06338490
06330000,0,21540342,99,100.0,0.0,0.659,True,21543470,0.996181300047989,False,06338490
06330000,0,21540344,100,100.0,0.0,0.469,True,21543470,0.996181300047989,False,06338490
06330000,0,21540364,101,100.0,0.0,2.894,True,21543470,0.996181300047989,False,06338490
06330000,0,21540358,102,100.0,0.0,0.179,True,21543470,0.996181300047989,False,06338490
06330000,0,21540354,103,100.0,0.0,0.737,True,21543470,0.996181300047989,False,06338490
06330000,0,21540378,104,100.0,0.0,5.775,True,21543470,0.996181300047989,False,06338490
06330000,0,21540376,105,100.0,0.0,1.149,True,21543470,0.996181300047989,False,06338490
06330000,0,21540372,106,100.0,0.0,3.793,True,21543470,0.996181300047989,False,06338490
06330000,0,21540310,107,100.0,0.0,1.577,True,21543470,0.996181300047989,False,06338490
06330000,0,21540316,108,100.0,0.0,0.335,True,21543470,0.996181300047989,False,06338490
06330000,0,21540380,109,100.0,0.0,4.7,True,21543470,0.996181300047989,False,06338490
06330000,0,21540392,110,100.0,0.0,0.506,True,21543470,0.996181300047989,False,06338490
06330000,0,21540406,111,100.0,0.0,1.318,True,21543470,0.996181300047989,False,06338490
06330000,0,21540458,112,100.0,0.0,4.855,True,21543470,0.996181300047989,False,06338490
06330000,0,21540460,113,100.0,0.0,0.21,True,21543470,0.996181300047989,False,06338490
06330000,0,21540464,114,100.0,0.0,0.474,True,21543470,0.996181300047989,False,06338490
06330000,0,21540480,115,100.0,0.0,1.871,True,21543470,0.996181300047989,False,06338490
06330000,0,21540486,116,100.0,0.0,0.262,True,21543470,0.996181300047989,False,06338490
06330000,0,21540490,117,100.0,0.0,1.215,True,21543470,0.996181300047989,False,06338490
06330000,0,21540518,118,100.0,0.0,4.089,True,21543470,0.996181300047989,False,06338490
06330000,0,21540520,119,100.0,0.0,0.075,True,21543470,0.996181300047989,False,06338490
06330000,0,21540536,120,100.0,0.0,1.801,True,21543470,0.996181300047989,False,06338490
06330000,0,21540548,121,100.0,0.0,1.4409999999999998,True,21543470,0.996181300047989,False,06338490
06330000,0,21540558,122,100.0,0.0,2.995,True,21543470,0.996181300047989,False,06338490
06330000,0,21540570,123,100.0,0.0,2.728,True,21543470,0.996181300047989,False,06338490
06330000,0,21540572,124,100.0,0.0,0.563,True,21543470,0.996181300047989,False,06338490
06330000,0,21540580,125,100.0,0.0,2.225,True,21543470,0.996181300047989,True,06338490
06330000,0,21540632,126,100.0,0.0,0.598,True,21543470,0.996181300047989,True,06338490
06330000,0,21540634,127,100.0,0.0,1.898,True,21543470,0.996181300047989,True,06338490
06330000,0,21540638,128,100.0,0.0,1.597,True,21543470,0.996181300047989,True,06338490
06330000,0,21540640,129,100.0,0.0,2.168,True,21543470,0.996181300047989,True,06338490
06330000,0,21540654,130,100.0,0.0,7.754,True,21543470,0.996181300047989,True,06338490
06330000,0,21542622,131,100.0,0.0,8.243,True,21543470,0.996181300047989,True,06338490
06330000,0,21542624,132,100.0,0.0,2.55,True,21543470,0.996181300047989,True,06338490
06330000,0,21542628,133,100.0,0.0,0.09,True,21543470,0.996181300047989,True,06338490
06330000,0,21542626,134,100.0,0.0,3.273,True,21543470,0.996181300047989,True,06338490
06330000,0,21542612,135,100.0,0.0,3.494,True,21543470,0.996181300047989,True,06338490
06330000,0,21542596,136,100.0,0.0,1.923,True,21543470,0.996181300047989,True,06338490
06330000,0,21542588,137,100.0,0.0,0.769,True,21543470,0.996181300047989,True,06338490
06330000,0,21542606,138,100.0,0.0,8.303,True,21543470,0.996181300047989,True,06338490
06330000,0,21542610,139,100.0,0.0,0.54,True,21543470,0.996181300047989,True,06338490
06330000,0,21542608,140,100.0,0.0,1.025,True,21543470,0.996181300047989,True,06338490
06330000,0,21542600,141,100.0,0.0,7.995,True,21543470,0.996181300047989,True,06338490
06330000,0,21542574,142,100.0,0.0,5.314,True,21543470,0.996181300047989,True,06338490
06330000,0,21542576,143,100.0,0.0,0.133,True,21543470,0.996181300047989,True,06338490
06330000,0,21542580,144,100.0,0.0,0.262,True,21543470,0.996181300047989,True,06338490
06330000,0,21542584,145,100.0,0.0,1.084,True,21543470,0.996181300047989,True,06338490
06330000,0,21542618,146,100.0,0.0,1.5289999999999997,True,21543470,0.996181300047989,True,06338490
06330000,0,21542678,147,100.0,0.0,2.472,True,21543470,0.996181300047989,True,06338490
06330000,0,21542682,148,100.0,0.0,0.081,True,21543470,0.996181300047989,True,06338490
06330000,0,21542708,149,100.0,0.0,3.0039999999999996,True,21543470,0.996181300047989,True,06338490
06330000,0,21542712,150,100.0,0.0,0.577,True,21543470,0.996181300047989,True,06338490
06330000,0,21543530,151,100.0,0.0,0.133,True,21543470,0.996181300047989,True,06338490
06330000,0,21543544,152,100.0,0.0,0.491,True,21543470,0.996181300047989,True,06338490
06330000,0,21543550,153,100.0,0.0,0.053,True,21543470,0.996181300047989,True,06338490
06330000,0,21543560,154,100.0,0.0,0.782,True,21543470,0.996181300047989,True,06338490
06330000,0,21543562,155,100.0,97.486,0.0032681999999999945,False,0,0.996181300047989,True,06338490
06336600,1,13466672,0,92.974,0.0,6.03773156,False,0,0.003818699952011,False,06338490
06336600,1,13466646,1,100.0,0.0,0.944,False,0,0.003818699952011,False,06338490
06336600,1,13466648,2,100.0,0.0,1.344,False,0,0.003818699952011,False,06338490
06336600,1,13466632,3,100.0,0.0,1.195,False,0,0.003818699952011,False,06338490
06336600,1,13466628,4,100.0,0.0,0.529,False,0,0.003818699952011,False,06338490
06336600,1,13466626,5,100.0,0.0,0.10800000000000001,False,0,0.003818699952011,False,06338490
06336600,1,13466630,6,100.0,0.0,4.689,False,0,0.003818699952011,False,06338490
06336600,1,13466608,7,100.0,0.0,3.116,False,0,0.003818699952011,False,06338490
06336600,1,13466624,8,100.0,0.0,1.7920000000000003,False,0,0.003818699952011,False,06338490
06336600,1,13466614,9,100.0,0.0,2.9389999999999996,False,0,0.003818699952011,False,06338490
06336600,1,13466594,10,100.0,0.0,0.801,False,0,0.003818699952011,False,06338490
06336600,1,13466586,11,100.0,0.0,2.585,False,0,0.003818699952011,False,06338490
06336600,1,13466584,12,100.0,0.0,3.454,False,0,0.003818699952011,False,06338490
06336600,1,13466580,13,100.0,0.0,4.313,False,0,0.003818699952011,False,06338490
06336600,1,13466554,14,100.0,0.0,1.797,False,0,0.003818699952011,False,06338490
06336600,1,13466546,15,100.0,0.0,1.815,False,0,0.003818699952011,False,06338490
06336600,1,13466548,16,100.0,0.0,0.966,False,0,0.003818699952011,False,06338490
06336600,1,13466538,17,100.0,0.0,0.6919999999999998,False,0,0.003818699952011,False,06338490
06336600,1,13466530,18,100.0,0.0,4.416,False,0,0.003818699952011,False,06338490
06336600,1,13466516,19,100.0,0.0,0.48699999999999993,False,0,0.003818699952011,False,06338490
06336600,1,13466506,20,100.0,0.0,2.937,False,0,0.003818699952011,False,06338490
06336600,1,13466496,21,100.0,0.0,1.541,False,0,0.003818699952011,False,06338490
06336600,1,13466484,22,100.0,0.0,2.681,False,0,0.003818699952011,False,06338490
06336600,1,13466482,23,100.0,0.0,5.036,False,0,0.003818699952011,False,06338490
06336600,1,13466480,24,100.0,0.0,3.46,False,0,0.003818699952011,False,06338490
06336600,1,13466472,25,100.0,0.0,1.111,False,0,0.003818699952011,False,06338490
06336600,1,13466466,26,100.0,0.0,2.557,False,0,0.003818699952011,False,06338490
06336600,1,13466470,27,100.0,0.0,4.719,False,0,0.003818699952011,False,06338490
06336600,1,13466476,28,100.0,0.0,0.951,False,0,0.003818699952011,False,06338490
06336600,1,13466474,29,100.0,0.0,2.218,False,0,0.003818699952011,False,06338490
06336600,1,13467114,30,100.0,0.0,2.818,False,0,0.003818699952011,False,06338490
06336600,1,13467108,31,100.0,0.0,4.301,False,0,0.003818699952011,False,06338490
06336600,1,13466446,32,100.0,0.0,0.703,False,0,0.003818699952011,False,06338490
06336600,1,13466450,33,100.0,0.0,0.055,False,0,0.003818699952011,False,06338490
06336600,1,13466448,34,100.0,0.0,3.286,False,0,0.003818699952011,False,06338490
06336600,1,13466434,35,100.0,0.0,1.186,False,0,0.003818699952011,False,06338490
06336600,1,13466422,36,100.0,0.0,2.904,False,0,0.003818699952011,False,06338490
06336600,1,13466414,37,100.0,0.0,0.147,False,0,0.003818699952011,False,06338490
06336600,1,13466412,38,100.0,0.0,0.9179999999999999,False,0,0.003818699952011,False,06338490
06336600,1,13466406,39,100.0,0.0,0.855,False,0,0.003818699952011,False,06338490
06336600,1,13466396,40,100.0,0.0,0.877,False,0,0.003818699952011,False,06338490
06336600,1,13466392,41,100.0,0.0,0.376,False,0,0.003818699952011,False,06338490
06336600,1,13466386,42,100.0,0.0,3.5039999999999996,False,0,0.003818699952011,False,06338490
06336600,1,13466376,43,100.0,0.0,1.791,False,0,0.003818699952011,False,06338490
06336600,1,13466356,44,100.0,0.0,1.3159999999999998,False,0,0.003818699952011,False,06338490
06336600,1,13466344,45,100.0,0.0,0.637,False,0,0.003818699952011,False,06338490
06336600,1,13466342,46,100.0,0.0,1.042,False,0,0.003818699952011,False,06338490
06336600,1,13466336,47,100.0,0.0,1.506,False,0,0.003818699952011,False,06338490
06336600,1,13466332,48,100.0,0.0,1.075,False,0,0.003818699952011,False,06338490
06336600,1,13466330,49,100.0,0.0,1.264,False,0,0.003818699952011,False,06338490
06336600,1,13466326,50,100.0,0.0,1.176,False,0,0.003818699952011,False,06338490
06336600,1,13466322,51,100.0,0.0,2.505,False,0,0.003818699952011,False,06338490
06336600,1,13467136,52,100.0,0.0,0.06,False,0,0.003818699952011,False,06338490
06336600,1,14472435,53,100.0,0.0,1.381,False,0,0.003818699952011,False,06338490
06336600,1,14472429,54,100.0,0.0,1.518,False,0,0.003818699952011,False,06338490
06336600,1,14472425,55,100.0,0.0,1.28,False,0,0.003818699952011,False,06338490
06336600,1,14472455,56,100.0,0.0,0.149,False,0,0.003818699952011,False,06338490
06336600,1,14471887,57,100.0,0.0,0.273,False,0,0.003818699952011,False,06338490
06336600,1,14472451,58,100.0,0.0,0.052000000000000005,False,0,0.003818699952011,False,06338490
06336600,1,14472449,59,100.0,0.0,1.26,False,0,0.003818699952011,False,06338490
06336600,1,14472419,60,100.0,0.0,0.7559999999999999,False,0,0.003818699952011,False,06338490
06336600,1,14472417,61,100.0,0.0,0.8030000000000002,False,0,0.003818699952011,False,06338490
06336600,1,14472413,62,100.0,0.0,1.021,False,0,0.003818699952011,False,06338490
06336600,1,14472407,63,100.0,0.0,1.692,False,0,0.003818699952011,False,06338490
06336600,1,14472403,64,100.0,0.0,0.207,False,0,0.003818699952011,False,06338490
06336600,1,14472401,65,100.0,0.0,0.035,False,0,0.003818699952011,False,06338490
06336600,1,14471765,66,100.0,0.0,1.08,False,0,0.003818699952011,False,06338490
06336600,1,14472399,67,100.0,0.0,0.012,False,0,0.003818699952011,False,06338490
06336600,1,14472397,68,100.0,0.0,0.519,False,0,0.003818699952011,False,06338490
06336600,1,14471677,69,100.0,0.0,0.7,False,0,0.003818699952011,False,06338490
06336600,1,14471661,70,100.0,0.0,0.111,False,0,0.003818699952011,False,06338490
06336600,1,14472395,71,100.0,0.0,0.019,False,0,0.003818699952011,False,06338490
06336600,1,14472393,72,100.0,0.0,1.571,False,0,0.003818699952011,False,06338490
06336600,1,14472389,73,100.0,0.0,1.024,False,0,0.003818699952011,False,06338490
06336600,1,14471605,74,100.0,0.0,0.22,False,0,0.003818699952011,False,06338490
06336600,1,14472387,75,100.0,0.0,0.01,False,0,0.003818699952011,False,06338490
06336600,1,14472385,76,100.0,0.0,1.2,False,0,0.003818699952011,False,06338490
06336600,1,14472379,77,100.0,0.0,0.513,False,0,0.003818699952011,False,06338490
06336600,1,14471535,78,100.0,0.0,0.457,False,0,0.003818699952011,False,06338490
06336600,1,14472377,79,100.0,0.0,2.966,False,0,0.003818699952011,False,06338490
06336600,1,14471465,80,100.0,0.0,1.589,False,0,0.003818699952011,False,06338490
06336600,1,14472375,81,100.0,0.0,0.7559999999999999,False,0,0.003818699952011,False,06338490
06336600,1,14472447,82,100.0,0.0,0.824,False,0,0.003818699952011,False,06338490
06336600,1,14471393,83,100.0,0.0,1.892,False,0,0.003818699952011,False,06338490
06336600,1,14471385,84,100.0,0.0,1.618,False,0,0.003818699952011,False,06338490
06336600,1,14471317,85,100.0,0.0,0.387,False,0,0.003818699952011,False,06338490
06336600,1,14472373,86,100.0,0.0,0.976,False,0,0.003818699952011,False,06338490
06336600,1,14472367,87,100.0,0.0,0.586,False,0,0.003818699952011,False,06338490
06336600,1,14472361,88,100.0,0.0,0.286,False,0,0.003818699952011,False,06338490
06336600,1,14471227,89,100.0,0.0,0.267,False,0,0.003818699952011,False,06338490
06336600,1,14471219,90,100.0,0.0,0.25,False,0,0.003818699952011,False,06338490
06336600,1,14471213,91,100.0,0.0,0.628,False,0,0.003818699952011,False,06338490
06336600,1,14472357,92,100.0,0.0,0.763,False,0,0.003818699952011,False,06338490
06336600,1,14472355,93,100.0,0.0,0.357,False,0,0.003818699952011,False,06338490
06336600,1,14472353,94,100.0,0.0,2.736,False,0,0.003818699952011,False,06338490
06336600,1,14469467,95,100.0,0.0,0.43200000000000005,False,0,0.003818699952011,False,06338490
06336600,1,14469463,96,100.0,0.0,0.474,False,0,0.003818699952011,False,06338490
06336600,1,14469517,97,100.0,0.0,2.276,False,0,0.003818699952011,False,06338490
06336600,1,14469447,98,100.0,0.0,1.3769999999999998,False,0,0.003818699952011,False,06338490
06336600,1,14469445,99,100.0,0.0,1.281,False,0,0.003818699952011,False,06338490
06336600,1,14469439,100,100.0,0.0,1.099,False,0,0.003818699952011,False,06338490
06336600,1,14469453,101,100.0,0.0,0.8420000000000001,False,0,0.003818699952011,False,06338490
06336600,1,14469457,102,100.0,0.0,2.696,False,0,0.003818699952011,False,06338490
06336600,1,14469461,103,100.0,0.0,11.099,False,0,0.003818699952011,False,06338490
06336600,1,24792292,104,100.0,0.0,0.708,False,0,0.003818699952011,False,06338490
06336600,1,24792294,105,100.0,0.0,0.4640000000000001,False,0,0.003818699952011,False,06338490
06336600,1,14469429,106,100.0,0.0,0.077,False,0,0.003818699952011,False,06338490
06336600,1,14469433,107,100.0,0.0,0.025,False,0,0.003818699952011,False,06338490
06336600,1,14468813,108,100.0,0.0,1.3,False,0,0.003818699952011,False,06338490
06336600,1,14469513,109,100.0,0.0,1.33,False,0,0.003818699952011,False,06338490
06336600,1,14469443,110,100.0,0.0,1.7079999999999997,False,0,0.003818699952011,False,06338490
06336600,1,14468793,111,100.0,0.0,0.868,False,0,0.003818699952011,False,06338490
06336600,1,14468787,112,100.0,0.0,0.253,False,0,0.003818699952011,False,06338490
06336600,1,14468791,113,100.0,0.0,1.341,False,0,0.003818699952011,False,06338490
06336600,1,14469423,114,100.0,0.0,0.006,False,0,0.003818699952011,False,06338490
06336600,1,14469421,115,100.0,0.0,1.278,True,24792278,0.003818699952011,False,06338490
06336600,1,14468695,116,100.0,0.0,0.052000000000000005,False,0,0.003818699952011,False,06338490
06336600,1,14469417,117,100.0,0.0,0.015,False,0,0.003818699952011,False,06338490
06336600,1,14469415,118,100.0,0.0,0.963,True,24792274,0.003818699952011,False,06338490
06336600,1,14469413,119,100.0,0.0,0.317,True,24792274,0.003818699952011,False,06338490
06336600,1,14469511,120,100.0,0.0,0.025,False,0,0.003818699952011,False,06338490
06336600,1,14468639,121,100.0,0.0,0.187,False,0,0.003818699952011,False,06338490
06336600,1,24792286,122,100.0,0.0,0.217,False,0,0.003818699952011,False,06338490
06336600,1,24792288,123,100.0,0.0,0.35600000000000004,False,0,0.003818699952011,False,06338490
06336600,1,24792298,124,100.0,0.0,1.959,False,0,0.003818699952011,False,06338490
06336600,1,24792300,125,100.0,0.0,0.046,False,0,0.003818699952011,False,06338490
06336600,1,14468547,126,100.0,0.0,2.035,False,0,0.003818699952011,False,06338490
06336600,1,14469267,127,100.0,0.0,0.012,False,0,0.003818699952011,False,06338490
06336600,1,14469265,128,100.0,0.0,0.833,False,0,0.003818699952011,False,06338490
06336600,1,14469289,129,100.0,0.0,1.9370000000000003,False,0,0.003818699952011,False,06338490
06336600,1,14469297,130,100.0,0.0,0.062,False,0,0.003818699952011,False,06338490
06336600,1,14469299,131,100.0,0.0,0.019,False,0,0.003818699952011,False,06338490
06336600,1,14468485,132,100.0,0.0,0.125,False,0,0.003818699952011,False,06338490
06336600,1,14469307,133,100.0,0.0,0.016,False,0,0.003818699952011,False,06338490
06336600,1,14469301,134,100.0,0.0,1.0,False,0,0.003818699952011,False,06338490
06336600,1,14469279,135,100.0,0.0,0.21099999999999997,False,0,0.003818699952011,False,06338490
06336600,1,14469269,136,100.0,0.0,1.231,False,0,0.003818699952011,False,06338490
06336600,1,14469257,137,100.0,0.0,0.206,False,0,0.003818699952011,False,06338490
06336600,1,14469255,138,100.0,0.0,0.018,False,0,0.003818699952011,False,06338490
06336600,1,14468465,139,100.0,0.0,4.0,False,0,0.003818699952011,False,06338490
06336600,1,14469493,140,100.0,0.0,0.257,False,0,0.003818699952011,False,06338490
06336600,1,14469311,141,100.0,0.0,1.4509999999999998,False,0,0.003818699952011,False,06338490
06336600,1,14469497,142,100.0,0.0,1.922,False,0,0.003818699952011,False,06338490
06336600,1,14469495,143,100.0,0.0,0.12,False,0,0.003818699952011,False,06338490
06336600,1,14468519,144,100.0,0.0,0.6830000000000002,False,0,0.003818699952011,False,06338490
06336600,1,14468529,145,100.0,0.0,0.214,False,0,0.003818699952011,False,06338490
06336600,1,14469341,146,100.0,0.0,0.028000000000000004,False,0,0.003818699952011,False,06338490
06336600,1,14469343,147,100.0,0.0,0.21099999999999997,False,0,0.003818699952011,False,06338490
06336600,1,14469357,148,100.0,0.0,0.8640000000000001,False,0,0.003818699952011,False,06338490
06336600,1,14469355,149,100.0,0.0,1.031,False,0,0.003818699952011,False,06338490
06336600,1,14469337,150,100.0,0.0,0.935,False,0,0.003818699952011,False,06338490
06336600,1,14469317,151,100.0,0.0,0.45399999999999996,False,0,0.003818699952011,False,06338490
06336600,1,14468461,152,100.0,0.0,0.175,False,0,0.003818699952011,False,06338490
06336600,1,14468451,153,100.0,0.0,0.48,False,0,0.003818699952011,False,06338490
06336600,1,14469195,154,100.0,0.0,2.02,False,0,0.003818699952011,False,06338490
06336600,1,14469315,155,100.0,0.0,0.025,False,0,0.003818699952011,False,06338490
06336600,1,14469321,156,100.0,0.0,1.165,False,0,0.003818699952011,False,06338490
06336600,1,14469329,157,100.0,0.0,0.241,False,0,0.003818699952011,False,06338490
06336600,1,14469349,158,100.0,0.0,2.081,False,0,0.003818699952011,False,06338490
06336600,1,14469353,159,100.0,0.0,0.069,False,0,0.003818699952011,False,06338490
06336600,1,14469369,160,100.0,0.0,0.233,False,0,0.003818699952011,False,06338490
06336600,1,14469393,161,100.0,0.0,2.544,False,0,0.003818699952011,False,06338490
06336600,1,14469397,162,100.0,0.0,0.23200000000000004,False,0,0.003818699952011,False,06338490
06336600,1,14469407,163,100.0,0.0,3.515,False,0,0.003818699952011,False,06338490
06336600,1,14469371,164,100.0,0.0,0.127,False,0,0.003818699952011,False,06338490
06336600,1,14468491,165,100.0,0.0,0.549,False,0,0.003818699952011,False,06338490
06336600,1,14469377,166,100.0,0.0,1.104,False,0,0.003818699952011,False,06338490
06336600,1,14468497,167,100.0,0.0,0.115,False,0,0.003818699952011,False,06338490
06336600,1,14469375,168,100.0,0.0,0.218,False,0,0.003818699952011,False,06338490
06336600,1,14469501,169,100.0,0.0,1.621,False,0,0.003818699952011,False,06338490
06336600,1,14469365,170,100.0,0.0,0.009,False,0,0.003818699952011,False,06338490
06336600,1,14468483,171,100.0,0.0,0.321,False,0,0.003818699952011,False,06338490
06336600,1,14469505,172,100.0,0.0,0.544,False,0,0.003818699952011,False,06338490
06336600,1,14469401,173,100.0,0.0,3.074,False,0,0.003818699952011,False,06338490
06336600,1,14469409,174,100.0,0.0,1.107,False,0,0.003818699952011,False,06338490
06336600,1,14469383,175,100.0,0.0,0.21899999999999997,False,0,0.003818699952011,False,06338490
06336600,1,14469379,176,100.0,0.0,1.314,False,0,0.003818699952011,False,06338490
06336600,1,14469361,177,100.0,0.0,0.694,False,0,0.003818699952011,False,06338490
06336600,1,14469335,178,100.0,0.0,0.358,False,0,0.003818699952011,False,06338490
06336600,1,14469325,179,100.0,0.0,1.056,False,0,0.003818699952011,False,06338490
06336600,1,14469303,180,100.0,0.0,0.261,False,0,0.003818699952011,False,06338490
06336600,1,14469295,181,100.0,0.0,0.305,False,0,0.003818699952011,False,06338490
06336600,1,14469285,182,100.0,0.0,0.252,False,0,0.003818699952011,False,06338490
06336600,1,14469275,183,100.0,0.0,2.404,False,0,0.003818699952011,False,06338490
06336600,1,14469251,184,100.0,0.0,0.965,False,0,0.003818699952011,False,06338490
06336600,1,14469249,185,100.0,0.0,2.8280000000000003,False,0,0.003818699952011,False,06338490
06336600,1,14469243,186,100.0,0.0,1.842,False,0,0.003818699952011,False,06338490
06336600,1,14469239,187,100.0,0.0,0.809,False,0,0.003818699952011,False,06338490
06336600,1,14469235,188,100.0,0.0,1.232,False,0,0.003818699952011,False,06338490
06336600,1,14468169,189,100.0,0.0,0.185,False,0,0.003818699952011,False,06338490
06336600,1,14469231,190,100.0,0.0,1.42,False,0,0.003818699952011,False,06338490
06336600,1,14469479,191,100.0,0.0,1.985,False,0,0.003818699952011,False,06338490
06336600,1,14469227,192,100.0,0.0,0.201,False,0,0.003818699952011,False,06338490
06336600,1,14468159,193,100.0,0.0,0.395,False,0,0.003818699952011,False,06338490
06336600,1,14469835,194,100.0,0.0,0.467,False,0,0.003818699952011,False,06338490
06336600,1,14470653,195,100.0,0.0,1.885,False,0,0.003818699952011,False,06338490
06336600,1,14476367,196,100.0,0.0,3.533,False,0,0.003818699952011,False,06338490
06336600,1,14471015,197,100.0,0.0,0.10100000000000002,False,0,0.003818699952011,False,06338490
06336600,1,14469953,198,100.0,0.0,1.9680000000000002,False,0,0.003818699952011,False,06338490
06336600,1,14470655,199,100.0,0.0,1.052,False,0,0.003818699952011,False,06338490
06336600,1,14469993,200,100.0,0.0,0.102,False,0,0.003818699952011,False,06338490
06336600,1,14470017,201,100.0,0.0,4.145,False,0,0.003818699952011,False,06338490
06336600,1,14470011,202,100.0,0.0,0.3390000000000001,False,0,0.003818699952011,False,06338490
06336600,1,14469997,203,100.0,0.0,1.213,False,0,0.003818699952011,False,06338490
06336600,1,14470001,204,100.0,0.0,0.45399999999999996,False,0,0.003818699952011,False,06338490
06336600,1,14470035,205,100.0,0.0,1.154,False,0,0.003818699952011,False,06338490
06336600,1,14470063,206,100.0,0.0,1.6030000000000002,False,0,0.003818699952011,False,06338490
06336600,1,14470069,207,100.0,0.0,0.333,False,0,0.003818699952011,False,06338490
06336600,1,14470073,208,100.0,0.0,0.09,False,0,0.003818699952011,False,06338490
06336600,1,14470661,209,100.0,0.0,1.425,False,0,0.003818699952011,False,06338490
06336600,1,14470133,210,100.0,0.0,2.412,False,0,0.003818699952011,False,06338490
06336600,1,14470141,211,100.0,0.0,0.305,False,0,0.003818699952011,False,06338490
06336600,1,14470627,212,100.0,0.0,1.079,False,0,0.003818699952011,False,06338490
06336600,1,14470127,213,100.0,0.0,0.319,False,0,0.003818699952011,False,06338490
06336600,1,14470123,214,100.0,0.0,0.033,False,0,0.003818699952011,False,06338490
06336600,1,14470671,215,100.0,0.0,0.9079999999999999,False,0,0.003818699952011,False,06338490
06336600,1,14470665,216,100.0,0.0,0.088,False,0,0.003818699952011,False,06338490
06336600,1,14470113,217,100.0,0.0,0.239,False,0,0.003818699952011,False,06338490
06336600,1,14470677,218,100.0,0.0,0.508,False,0,0.003818699952011,False,06338490
06336600,1,14470137,219,100.0,0.0,0.043,False,0,0.003818699952011,False,06338490
06336600,1,14470681,220,100.0,0.0,0.034,False,0,0.003818699952011,False,06338490
06336600,1,14470683,221,100.0,0.0,1.174,False,0,0.003818699952011,False,06338490
06336600,1,14470631,222,100.0,0.0,1.193,False,0,0.003818699952011,False,06338490
06336600,1,14470167,223,100.0,0.0,0.201,False,0,0.003818699952011,False,06338490
06336600,1,14471001,224,100.0,0.0,0.033,False,0,0.003818699952011,False,06338490
06336600,1,14470695,225,100.0,0.0,1.8,False,0,0.003818699952011,False,06338490
06336600,1,14470687,226,100.0,0.0,0.718,False,0,0.003818699952011,False,06338490
06336600,1,14470693,227,100.0,0.0,0.347,False,0,0.003818699952011,False,06338490
06336600,1,14470717,228,100.0,0.0,3.714,False,0,0.003818699952011,False,06338490
06336600,1,14471019,229,100.0,0.0,0.259,False,0,0.003818699952011,False,06338490
06336600,1,14470745,230,100.0,0.0,1.325,False,0,0.003818699952011,False,06338490
06336600,1,14470761,231,100.0,0.0,1.8560000000000003,False,0,0.003818699952011,False,06338490
06336600,1,14470765,232,100.0,0.0,0.026000000000000002,True,21543470,0.003818699952011,False,06338490
06336600,1,14470783,233,100.0,0.0,2.054,True,21543470,0.003818699952011,False,06338490
06336600,1,14470797,234,100.0,0.0,0.958,True,21543470,0.003818699952011,False,06338490
06336600,1,14470867,235,100.0,0.0,1.8129999999999997,True,21543470,0.003818699952011,False,06338490
06336600,1,14470883,236,100.0,0.0,0.485,True,21543470,0.003818699952011,False,06338490
06336600,1,14470881,237,100.0,0.0,2.197,True,21543470,0.003818699952011,False,06338490
06336600,1,14470845,238,100.0,0.0,0.214,True,21543470,0.003818699952011,False,06338490
06336600,1,14470847,239,100.0,0.0,0.067,True,21543470,0.003818699952011,False,06338490
06336600,1,14470871,240,100.0,0.0,0.814,True,21543470,0.003818699952011,False,06338490
06336600,1,14470877,241,100.0,0.0,1.6870000000000003,True,21543470,0.003818699952011,False,06338490
06336600,1,14470855,242,100.0,0.0,0.847,True,21543470,0.003818699952011,False,06338490
06336600,1,14470841,243,100.0,0.0,0.696,True,21543470,0.003818699952011,False,06338490
06336600,1,14470863,244,100.0,0.0,0.9739999999999999,True,21543470,0.003818699952011,False,06338490
06336600,1,14470865,245,100.0,0.0,0.11899999999999998,True,21543470,0.003818699952011,False,06338490
06336600,1,14470891,246,100.0,0.0,0.932,True,21543470,0.003818699952011,False,06338490
06336600,1,14470925,247,100.0,0.0,5.183,True,21543470,0.003818699952011,False,06338490
06336600,1,14470939,248,100.0,0.0,0.395,True,21543470,0.003818699952011,False,06338490
06336600,1,14470941,249,100.0,0.0,1.034,True,21543470,0.003818699952011,False,06338490
06336600,1,14470945,250,100.0,0.0,0.098,True,21543470,0.003818699952011,False,06338490
06336600,1,14470951,251,100.0,0.0,0.434,True,21543470,0.003818699952011,False,06338490
06336600,1,14470963,252,100.0,0.0,1.4609999999999999,True,21543470,0.003818699952011,False,06338490
06336600,1,14470965,253,100.0,0.0,0.48699999999999993,True,21543470,0.003818699952011,False,06338490
06336600,1,14470961,254,100.0,0.0,0.09300000000000001,True,21543470,0.003818699952011,False,06338490
06336600,1,14470955,255,100.0,0.0,0.7760000000000001,True,21543470,0.003818699952011,False,06338490
06336600,1,14470953,256,100.0,0.0,1.331,True,21543470,0.003818699952011,False,06338490
06336600,1,14470943,257,100.0,0.0,0.479,True,21543470,0.003818699952011,False,06338490
06336600,1,14470915,258,100.0,0.0,0.066,True,21543470,0.003818699952011,False,06338490
06336600,1,14470911,259,100.0,0.0,0.061,True,21543470,0.003818699952011,False,06338490
06336600,1,14470909,260,100.0,0.0,1.553,True,21543470,0.003818699952011,False,06338490
06336600,1,14470899,261,100.0,0.0,0.966,True,21543470,0.003818699952011,False,06338490
06336600,1,14470879,262,100.0,0.0,0.071,True,21543470,0.003818699952011,False,06338490
06336600,1,14470875,263,100.0,0.0,1.426,True,21543470,0.003818699952011,False,06338490
06336600,1,14470827,264,100.0,0.0,0.221,True,21543470,0.003818699952011,False,06338490
06336600,1,14470821,265,100.0,0.0,0.071,True,21543470,0.003818699952011,False,06338490
06336600,1,14470819,266,100.0,0.0,1.226,True,21543470,0.003818699952011,False,06338490
06336600,1,14470781,267,100.0,0.0,1.807,True,21543470,0.003818699952011,False,06338490
06336600,1,14470779,268,100.0,0.0,2.9019999999999997,True,21543470,0.003818699952011,False,06338490
06336600,1,14470747,269,100.0,0.0,1.345,True,21543470,0.003818699952011,False,06338490
06336600,1,14470749,270,100.0,0.0,0.583,True,21543470,0.003818699952011,False,06338490
06336600,1,14470743,271,100.0,0.0,0.05,True,21543470,0.003818699952011,False,06338490
06336600,1,14470741,272,100.0,0.0,0.671,True,21543470,0.003818699952011,False,06338490
06336600,1,14470733,273,100.0,0.0,1.096,True,21543470,0.003818699952011,False,06338490
06336600,1,14470731,274,100.0,0.0,2.628,True,21543470,0.003818699952011,False,06338490
06336600,1,14470707,275,100.0,0.0,0.073,True,21543470,0.003818699952011,False,06338490
06336600,1,14470705,276,100.0,0.0,0.158,True,21543470,0.003818699952011,False,06338490
06336600,1,14470725,277,100.0,0.0,3.378,True,21543470,0.003818699952011,False,06338490
06336600,1,14470719,278,100.0,0.0,0.7760000000000001,True,21543470,0.003818699952011,False,06338490
06336600,1,21540566,279,100.0,0.0,0.075,True,21543470,0.003818699952011,False,06338490
06336600,1,21540692,280,100.0,0.0,0.376,True,21543470,0.003818699952011,False,06338490
06336600,1,21540576,281,100.0,0.0,4.461,True,21543470,0.003818699952011,False,06338490
06336600,1,21540578,282,100.0,0.0,0.311,True,21543470,0.003818699952011,False,06338490
06336600,1,21540574,283,100.0,0.0,2.752,True,21543470,0.003818699952011,False,06338490
06336600,1,21540580,284,100.0,0.0,2.225,True,21543470,0.003818699952011,True,06338490
06336600,1,21540632,285,100.0,0.0,0.598,True,21543470,0.003818699952011,True,06338490
06336600,1,21540634,286,100.0,0.0,1.898,True,21543470,0.003818699952011,True,06338490
06336600,1,21540638,287,100.0,0.0,1.597,True,21543470,0.003818699952011,True,06338490
06336600,1,21540640,288,100.0,0.0,2.168,True,21543470,0.003818699952011,True,06338490
06336600,1,21540654,289,100.0,0.0,7.754,True,21543470,0.003818699952011,True,06338490
06336600,1,21542622,290,100.0,0.0,8.243,True,21543470,0.003818699952011,True,06338490
06336600,1,21542624,291,100.0,0.0,2.55,True,21543470,0.003818699952011,True,06338490
06336600,1,21542628,292,100.0,0.0,0.09,True,21543470,0.003818699952011,True,06338490
06336600,1,21542626,293,100.0,0.0,3.273,True,21543470,0.003818699952011,True,06338490
06336600,1,21542612,294,100.0,0.0,3.494,True,21543470,0.003818699952011,True,06338490
06336600,1,21542596,295,100.0,0.0,1.923,True,21543470,0.003818699952011,True,06338490
06336600,1,21542588,296,100.0,0.0,0.769,True,21543470,0.003818699952011,True,06338490
06336600,1,21542606,297,100.0,0.0,8.303,True,21543470,0.003818699952011,True,06338490
06336600,1,21542610,298,100.0,0.0,0.54,True,21543470,0.003818699952011,True,06338490
06336600,1,21542608,299,100.0,0.0,1.025,True,21543470,0.003818699952011,True,06338490
06336600,1,21542600,300,100.0,0.0,7.995,True,21543470,0.003818699952011,True,06338490
06336600,1,21542574,301,100.0,0.0,5.314,True,21543470,0.003818699952011,True,06338490
06336600,1,21542576,302,100.0,0.0,0.133,True,21543470,0.003818699952011,True,06338490
06336600,1,21542580,303,100.0,0.0,0.262,True,21543470,0.003818699952011,True,06338490
06336600,1,21542584,304,100.0,0.0,1.084,True,21543470,0.003818699952011,True,06338490
06336600,1,21542618,305,100.0,0.0,1.5289999999999997,True,21543470,0.003818699952011,True,06338490
06336600,1,21542678,306,100.0,0.0,2.472,True,21543470,0.003818699952011,True,06338490
06336600,1,21542682,307,100.0,0.0,0.081,True,21543470,0.003818699952011,True,06338490
06336600,1,21542708,308,100.0,0.0,3.0039999999999996,True,21543470,0.003818699952011,True,06338490
06336600,1,21542712,309,100.0,0.0,0.577,True,21543470,0.003818699952011,True,06338490
06336600,1,21543530,310,100.0,0.0,0.133,True,21543470,0.003818699952011,True,06338490
06336600,1,21543544,311,100.0,0.0,0.491,True,21543470,0.003818699952011,True,06338490
06336600,1,21543550,312,100.0,0.0,0.053,True,21543470,0.003818699952011,True,06338490
06336600,1,21543560,313,100.0,0.0,0.782,True,21543470,0.003818699952011,True,06338490
06336600,1,21543562,314,100.0,97.486,0.0032681999999999945,False,0,0.003818699952011,True,06338490
06339300,0,16248197,0,100.0,0.0,6.037000000000001,False,0,0.8747753838235504,False,06340500
06339300,0,16247503,1,100.0,0.0,9.692,False,0,0.8747753838235504,False,06340500
06339300,0,16247495,2,100.0,0.0,4.265,False,0,0.8747753838235504,False,06340500
06339300,0,16248137,3,100.0,0.0,7.622000000000001,False,0,0.8747753838235504,False,06340500
06339300,0,16247569,4,100.0,0.0,2.391,False,0,0.8747753838235504,False,06340500
06339300,0,16247573,5,100.0,0.0,0.691,False,0,0.8747753838235504,False,06340500
06339300,0,16247579,6,100.0,0.0,3.733,False,0,0.8747753838235504,False,06340500
06339300,0,16247553,7,100.0,0.0,2.316,False,0,0.8747753838235504,False,06340500
06339300,0,16247549,8,100.0,0.0,3.5409999999999995,False,0,0.8747753838235504,False,06340500
06339300,0,16247565,9,100.0,0.0,1.9409999999999998,False,0,0.8747753838235504,False,06340500
06339300,0,16247555,10,100.0,0.0,0.523,False,0,0.8747753838235504,False,06340500
06339300,0,16247543,11,100.0,0.0,1.365,False,0,0.8747753838235504,False,06340500
06339300,0,16247509,12,100.0,0.0,0.647,False,0,0.8747753838235504,False,06340500
06339300,0,16247513,13,100.0,0.0,4.487,False,0,0.8747753838235504,False,06340500
06339300,0,16247481,14,100.0,0.0,3.0239999999999996,False,0,0.8747753838235504,False,06340500
06339300,0,16247437,15,100.0,0.0,8.695,False,0,0.8747753838235504,False,06340500
06339300,0,16247337,16,100.0,0.0,0.21600000000000003,False,0,0.8747753838235504,False,06340500
06339300,0,16247357,17,100.0,0.0,2.389,False,0,0.8747753838235504,False,06340500
06339300,0,16247341,18,100.0,0.0,2.199,False,0,0.8747753838235504,False,06340500
06339300,0,16247323,19,100.0,0.0,3.238,False,0,0.8747753838235504,False,06340500
06339300,0,16247319,20,100.0,0.0,3.642,False,0,0.8747753838235504,False,06340500
06339300,0,940130603,21,100.0,0.0,0.806,False,0,0.8747753838235504,False,06340500
06339300,0,940130604,22,100.0,0.0,0.306,False,0,0.8747753838235504,False,06340500
06339300,0,16249071,23,100.0,0.0,0.463,False,0,0.8747753838235504,False,06340500
06339300,0,16249069,24,100.0,0.0,5.759000000000001,False,0,0.8747753838235504,False,06340500
06339300,0,16249009,25,100.0,0.0,0.352,False,0,0.8747753838235504,False,06340500
06339300,0,16249019,26,100.0,0.0,1.201,False,0,0.8747753838235504,False,06340500
06339300,0,16249021,27,100.0,0.0,4.423,False,0,0.8747753838235504,False,06340500
06339300,0,16249011,28,100.0,0.0,1.12,False,0,0.8747753838235504,False,06340500
06339300,0,16249013,29,100.0,0.0,1.794,False,0,0.8747753838235504,False,06340500
06339300,0,16248973,30,100.0,0.0,0.573,False,0,0.8747753838235504,True,06340500
06339300,0,16248963,31,100.0,0.0,0.9469999999999998,False,0,0.8747753838235504,True,06340500
06339300,0,16248957,32,100.0,0.0,2.76,False,0,0.8747753838235504,True,06340500
06339300,0,16248951,33,100.0,0.0,0.451,False,0,0.8747753838235504,True,06340500
06339300,0,16248937,34,100.0,0.0,0.87,False,0,0.8747753838235504,True,06340500
06339300,0,16248947,35,100.0,0.0,1.5490000000000002,False,0,0.8747753838235504,True,06340500
06339300,0,16248945,36,100.0,0.0,2.286,False,0,0.8747753838235504,True,06340500
06339300,0,16248931,37,100.0,0.0,1.4609999999999999,False,0,0.8747753838235504,True,06340500
06339300,0,16248935,38,100.0,0.0,2.203,False,0,0.8747753838235504,True,06340500
06339300,0,16249837,39,100.0,0.0,6.712,False,0,0.8747753838235504,True,06340500
06339300,0,16249807,40,100.0,0.0,3.83,False,0,0.8747753838235504,True,06340500
06339300,0,16248877,41,100.0,0.0,1.75,False,0,0.8747753838235504,True,06340500
06339300,0,16248873,42,100.0,0.0,1.545,False,0,0.8747753838235504,True,06340500
06339300,0,16248885,43,100.0,0.0,4.352,False,0,0.8747753838235504,True,06340500
06339300,0,16249799,44,100.0,0.0,1.81,False,0,0.8747753838235504,True,06340500
06339300,0,16249927,45,100.0,0.0,1.273,False,0,0.8747753838235504,True,06340500
06339300,0,16248855,46,100.0,0.0,1.11,False,0,0.8747753838235504,True,06340500
06339300,0,16248849,47,100.0,0.0,1.5289999999999997,False,0,0.8747753838235504,True,06340500
06339300,0,16248861,48,100.0,0.0,0.332,False,0,0.8747753838235504,True,06340500
06339300,0,16248857,49,100.0,0.0,4.468,False,0,0.8747753838235504,True,06340500
06339300,0,16248823,50,100.0,0.0,2.366,False,0,0.8747753838235504,True,06340500
06339300,0,16248817,51,100.0,0.0,0.444,False,0,0.8747753838235504,True,06340500
06339300,0,16249791,52,100.0,24.745,2.1959409,False,0,0.8747753838235504,True,06340500
06339550,1,16249039,0,26.1913,0.0,1.464355583,False,0,0.1252246161764496,False,06340500
06339550,1,16248973,1,100.0,0.0,0.573,False,0,0.1252246161764496,True,06340500
06339550,1,16248963,2,100.0,0.0,0.9469999999999998,False,0,0.1252246161764496,True,06340500
06339550,1,16248957,3,100.0,0.0,2.76,False,0,0.1252246161764496,True,06340500
06339550,1,16248951,4,100.0,0.0,0.451,False,0,0.1252246161764496,True,06340500
06339550,1,16248937,5,100.0,0.0,0.87,False,0,0.1252246161764496,True,06340500
06339550,1,16248947,6,100.0,0.0,1.5490000000000002,False,0,0.1252246161764496,True,06340500
06339550,1,16248945,7,100.0,0.0,2.286,False,0,0.1252246161764496,True,06340500
06339550,1,16248931,8,100.0,0.0,1.4609999999999999,False,0,0.1252246161764496,True,06340500
06339550,1,16248935,9,100.0,0.0,2.203,False,0,0.1252246161764496,True,06340500
06339550,1,16249837,10,100.0,0.0,6.712,False,0,0.1252246161764496,True,06340500
06339550,1,16249807,11,100.0,0.0,3.83,False,0,0.1252246161764496,True,06340500
06339550,1,16248877,12,100.0,0.0,1.75,False,0,0.1252246161764496,True,06340500
06339550,1,16248873,13,100.0,0.0,1.545,False,0,0.1252246161764496,True,06340500
06339550,1,16248885,14,100.0,0.0,4.352,False,0,0.1252246161764496,True,06340500
06339550,1,16249799,15,100.0,0.0,1.81,False,0,0.1252246161764496,True,06340500
06339550,1,16249927,16,100.0,0.0,1.273,False,0,0.1252246161764496,True,06340500
06339550,1,16248855,17,100.0,0.0,1.11,False,0,0.1252246161764496,True,06340500
06339550,1,16248849,18,100.0,0.0,1.5289999999999997,False,0,0.1252246161764496,True,06340500
06339550,1,16248861,19,100.0,0.0,0.332,False,0,0.1252246161764496,True,06340500
06339550,1,16248857,20,100.0,0.0,4.468,False,0,0.1252246161764496,True,06340500
06339550,1,16248823,21,100.0,0.0,2.366,False,0,0.1252246161764496,True,06340500
06339550,1,16248817,22,100.0,0.0,0.444,False,0,0.1252246161764496,True,06340500
06339550,1,16249791,23,100.0,24.745,2.1959409,False,0,0.1252246161764496,True,06340500
06338490,0,21543562,0,97.486,0.0,0.1267318,False,0,0.9871933912971828,False,06342500
06338490,0,21543588,1,100.0,0.0,0.403,False,0,0.9871933912971828,False,06342500
06338490,0,21543570,2,100.0,0.0,0.249,False,0,0.9871933912971828,False,06342500
06338490,0,14519525,3,100.0,0.0,1.096,True,14518131,0.9871933912971828,False,06342500
06338490,0,14519529,4,100.0,0.0,0.479,True,14518131,0.9871933912971828,False,06342500
06338490,0,14518367,5,100.0,0.0,1.22,False,0,0.9871933912971828,False,06342500
06338490,0,14519443,6,100.0,0.0,1.659,False,0,0.9871933912971828,False,06342500
06338490,0,14519539,7,100.0,0.0,0.233,False,0,0.9871933912971828,False,06342500
06338490,0,14519547,8,100.0,0.0,5.511,False,0,0.9871933912971828,False,06342500
06338490,0,14519549,9,100.0,0.0,3.6920000000000006,False,0,0.9871933912971828,False,06342500
06338490,0,14519553,10,100.0,0.0,0.792,False,0,0.9871933912971828,False,06342500
06338490,0,14519559,11,100.0,0.0,3.943,False,0,0.9871933912971828,False,06342500
06338490,0,14519561,12,100.0,0.0,1.663,False,0,0.9871933912971828,False,06342500
06338490,0,14519565,13,100.0,0.0,0.284,False,0,0.9871933912971828,False,06342500
06338490,0,14519581,14,100.0,0.0,2.148,False,0,0.9871933912971828,False,06342500
06338490,0,14519585,15,100.0,0.0,0.737,False,0,0.9871933912971828,True,06342500
06338490,0,14519589,16,100.0,0.0,1.042,False,0,0.9871933912971828,True,06342500
06338490,0,14519595,17,100.0,0.0,2.5780000000000003,False,0,0.9871933912971828,True,06342500
06338490,0,14519593,18,100.0,0.0,0.449,False,0,0.9871933912971828,True,06342500
06338490,0,14518585,19,100.0,0.0,0.131,False,0,0.9871933912971828,True,06342500
06338490,0,14518607,20,100.0,0.0,2.303,False,0,0.9871933912971828,True,06342500
06338490,0,14519641,21,100.0,0.0,0.922,False,0,0.9871933912971828,True,06342500
06338490,0,14519651,22,100.0,0.0,0.198,False,0,0.9871933912971828,True,06342500
06338490,0,14519659,23,100.0,0.0,0.551,False,0,0.9871933912971828,True,06342500
06338490,0,14519661,24,100.0,0.0,0.333,False,0,0.9871933912971828,True,06342500
06338490,0,14518651,25,100.0,0.0,0.722,False,0,0.9871933912971828,True,06342500
06338490,0,14518655,26,100.0,0.0,0.426,False,0,0.9871933912971828,True,06342500
06338490,0,14518659,27,100.0,0.0,1.119,False,0,0.9871933912971828,True,06342500
06338490,0,14518657,28,100.0,0.0,0.284,False,0,0.9871933912971828,True,06342500
06338490,0,14519677,29,100.0,0.0,0.169,False,0,0.9871933912971828,True,06342500
06338490,0,14519685,30,100.0,0.0,1.665,False,0,0.9871933912971828,True,06342500
06338490,0,14519791,31,100.0,0.0,0.592,False,0,0.9871933912971828,True,06342500
06338490,0,14519689,32,100.0,0.0,0.073,False,0,0.9871933912971828,True,06342500
06338490,0,14519699,33,100.0,0.0,0.696,False,0,0.9871933912971828,True,06342500
06338490,0,14519707,34,100.0,0.0,0.735,False,0,0.9871933912971828,True,06342500
06338490,0,14519711,35,100.0,0.0,1.4,False,0,0.9871933912971828,True,06342500
06338490,0,14519697,36,100.0,0.0,0.361,False,0,0.9871933912971828,True,06342500
06338490,0,14519691,37,100.0,0.0,2.466,False,0,0.9871933912971828,True,06342500
06338490,0,14519663,38,100.0,0.0,0.574,False,0,0.9871933912971828,True,06342500
06338490,0,14519655,39,100.0,0.0,0.66,False,0,0.9871933912971828,True,06342500
06338490,0,14519637,40,100.0,0.0,0.028000000000000004,False,0,0.9871933912971828,True,06342500
06338490,0,14519639,41,100.0,0.0,1.831,False,0,0.9871933912971828,True,06342500
06338490,0,14519783,42,100.0,0.0,0.09300000000000001,False,0,0.9871933912971828,True,06342500
06338490,0,14519785,43,100.0,0.0,0.151,False,0,0.9871933912971828,True,06342500
06338490,0,14519627,44,100.0,0.0,1.349,False,0,0.9871933912971828,True,06342500
06338490,0,14519611,45,100.0,0.0,1.69,False,0,0.9871933912971828,True,06342500
06338490,0,14519599,46,100.0,0.0,0.569,False,0,0.9871933912971828,True,06342500
06338490,0,14519597,47,100.0,0.0,0.235,False,0,0.9871933912971828,True,06342500
06338490,0,14518581,48,100.0,0.0,1.557,False,0,0.9871933912971828,True,06342500
06338490,0,14518589,49,100.0,0.0,3.35,False,0,0.9871933912971828,True,06342500
06338490,0,14518599,50,100.0,0.0,0.753,False,0,0.9871933912971828,True,06342500
06338490,0,14519631,51,100.0,0.0,0.162,False,0,0.9871933912971828,True,06342500
06338490,0,14519669,52,100.0,0.0,2.481,False,0,0.9871933912971828,True,06342500
06338490,0,14519679,53,100.0,0.0,1.456,False,0,0.9871933912971828,True,06342500
06338490,0,14521931,54,100.0,0.0,0.824,False,0,0.9871933912971828,True,06342500
06338490,0,14521937,55,100.0,0.0,1.159,False,0,0.9871933912971828,True,06342500
06338490,0,14521947,56,100.0,0.0,0.539,False,0,0.9871933912971828,True,06342500
06338490,0,14521957,57,100.0,0.0,4.069,False,0,0.9871933912971828,True,06342500
06338490,0,14521963,58,100.0,0.0,0.063,False,0,0.9871933912971828,True,06342500
06338490,0,14521969,59,100.0,0.0,0.8740000000000001,False,0,0.9871933912971828,True,06342500
06338490,0,14521975,60,100.0,0.0,0.966,False,0,0.9871933912971828,True,06342500
06338490,0,14521979,61,100.0,0.0,0.71,False,0,0.9871933912971828,True,06342500
06338490,0,14521983,62,100.0,0.0,0.524,False,0,0.9871933912971828,True,06342500
06338490,0,14521987,63,100.0,0.0,0.7440000000000001,False,0,0.9871933912971828,True,06342500
06338490,0,14521999,64,100.0,0.0,2.441,False,0,0.9871933912971828,True,06342500
06338490,0,14522003,65,100.0,0.0,0.991,False,0,0.9871933912971828,True,06342500
06338490,0,14522013,66,100.0,0.0,0.812,False,0,0.9871933912971828,True,06342500
06338490,0,14522021,67,100.0,0.0,1.209,False,0,0.9871933912971828,True,06342500
06338490,0,14522025,68,100.0,0.0,1.223,False,0,0.9871933912971828,True,06342500
06338490,0,14522031,69,100.0,0.0,1.023,False,0,0.9871933912971828,True,06342500
06338490,0,14522033,70,100.0,0.0,0.451,False,0,0.9871933912971828,True,06342500
06338490,0,14522035,71,100.0,0.0,0.122,False,0,0.9871933912971828,True,06342500
06338490,0,14521397,72,100.0,0.0,0.48100000000000004,False,0,0.9871933912971828,True,06342500
06338490,0,14521401,73,100.0,0.0,0.068,False,0,0.9871933912971828,True,06342500
06338490,0,14521409,74,100.0,0.0,0.402,False,0,0.9871933912971828,True,06342500
06338490,0,14522045,75,100.0,0.0,0.301,False,0,0.9871933912971828,True,06342500
06338490,0,14522051,76,100.0,0.0,0.377,False,0,0.9871933912971828,True,06342500
06338490,0,14522053,77,100.0,0.0,0.7559999999999999,False,0,0.9871933912971828,True,06342500
06338490,0,14522055,78,100.0,0.0,0.094,False,0,0.9871933912971828,True,06342500
06338490,0,14521441,79,100.0,0.0,0.562,False,0,0.9871933912971828,True,06342500
06338490,0,14522059,80,100.0,0.0,0.353,False,0,0.9871933912971828,True,06342500
06338490,0,14522061,81,100.0,0.0,0.269,False,0,0.9871933912971828,True,06342500
06338490,0,14522067,82,100.0,0.0,0.7810000000000001,False,0,0.9871933912971828,True,06342500
06338490,0,14522069,83,100.0,0.0,0.08900000000000001,False,0,0.9871933912971828,True,06342500
06338490,0,14522075,84,100.0,0.0,0.539,False,0,0.9871933912971828,True,06342500
06338490,0,14522079,85,100.0,0.0,0.125,False,0,0.9871933912971828,True,06342500
06338490,0,14522083,86,100.0,0.0,2.514,False,0,0.9871933912971828,True,06342500
06338490,0,14522087,87,100.0,0.0,1.602,False,0,0.9871933912971828,True,06342500
06338490,0,14522095,88,100.0,0.0,0.9010000000000001,False,0,0.9871933912971828,True,06342500
06338490,0,14522167,89,100.0,0.0,1.228,False,0,0.9871933912971828,True,06342500
06338490,0,14522103,90,100.0,0.0,0.898,False,0,0.9871933912971828,True,06342500
06338490,0,14522109,91,100.0,0.0,0.887,False,0,0.9871933912971828,True,06342500
06338490,0,14522111,92,100.0,0.0,0.256,False,0,0.9871933912971828,True,06342500
06338490,0,14522117,93,100.0,0.0,0.467,False,0,0.9871933912971828,True,06342500
06338490,0,14522215,94,100.0,0.0,0.412,False,0,0.9871933912971828,True,06342500
06338490,0,14522121,95,100.0,0.0,0.038,False,0,0.9871933912971828,True,06342500
06338490,0,14522125,96,100.0,0.0,0.653,False,0,0.9871933912971828,True,06342500
06338490,0,14522133,97,100.0,0.0,2.261,False,0,0.9871933912971828,True,06342500
06338490,0,14523563,98,100.0,0.0,2.352,False,0,0.9871933912971828,True,06342500
06338490,0,14523569,99,100.0,0.0,0.299,False,0,0.9871933912971828,True,06342500
06338490,0,14523571,100,100.0,0.0,0.318,False,0,0.9871933912971828,True,06342500
06338490,0,14523207,101,100.0,0.0,0.259,False,0,0.9871933912971828,True,06342500
06338490,0,14523575,102,100.0,0.0,0.244,False,0,0.9871933912971828,True,06342500
06338490,0,14523579,103,100.0,0.0,4.856,False,0,0.9871933912971828,True,06342500
06338490,0,14523583,104,100.0,0.0,4.877,False,0,0.9871933912971828,True,06342500
06338490,0,14523643,105,100.0,0.0,1.077,False,0,0.9871933912971828,True,06342500
06338490,0,14523585,106,100.0,0.0,0.589,False,0,0.9871933912971828,True,06342500
06338490,0,14523589,107,100.0,0.0,0.571,False,0,0.9871933912971828,True,06342500
06338490,0,14523595,108,100.0,0.0,0.412,False,0,0.9871933912971828,True,06342500
06338490,0,14523599,109,100.0,0.0,1.052,False,0,0.9871933912971828,True,06342500
06338490,0,14523601,110,100.0,0.0,2.007,False,0,0.9871933912971828,True,06342500
06338490,0,14523607,111,100.0,0.0,0.665,False,0,0.9871933912971828,True,06342500
06338490,0,14523609,112,100.0,0.0,0.597,False,0,0.9871933912971828,True,06342500
06338490,0,14523617,113,100.0,0.0,1.161,False,0,0.9871933912971828,True,06342500
06338490,0,14523621,114,100.0,0.0,4.144,False,0,0.9871933912971828,True,06342500
06338490,0,14523623,115,100.0,49.826,1.91865376,False,0,0.9871933912971828,True,06342500
06340500,1,16249791,0,24.745,0.0,0.7220591000000001,False,0,0.0128066087028172,False,06342500
06340500,1,16248805,1,100.0,0.0,0.608,False,0,0.0128066087028172,False,06342500
06340500,1,16248795,2,100.0,0.0,3.07,False,0,0.0128066087028172,False,06342500
06340500,1,16248767,3,100.0,0.0,1.246,False,0,0.0128066087028172,False,06342500
06340500,1,16248737,4,100.0,0.0,0.846,False,0,0.0128066087028172,False,06342500
06340500,1,16248719,5,100.0,0.0,7.376999999999999,False,0,0.0128066087028172,False,06342500
06340500,1,16248677,6,100.0,0.0,0.754,False,0,0.0128066087028172,False,06342500
06340500,1,16249785,7,100.0,0.0,7.55,False,0,0.0128066087028172,False,06342500
06340500,1,16248681,8,100.0,0.0,15.803000000000003,False,0,0.0128066087028172,False,06342500
06340500,1,16249931,9,100.0,0.0,0.201,False,0,0.0128066087028172,False,06342500
06340500,1,14519571,10,100.0,0.0,0.266,False,0,0.0128066087028172,False,06342500
06340500,1,14519575,11,100.0,0.0,0.21099999999999997,False,0,0.0128066087028172,False,06342500
06340500,1,14519577,12,100.0,0.0,1.854,False,0,0.0128066087028172,False,06342500
06340500,1,14519583,13,100.0,0.0,0.789,False,0,0.0128066087028172,False,06342500
06340500,1,14519585,14,100.0,0.0,0.737,False,0,0.0128066087028172,True,06342500
06340500,1,14519589,15,100.0,0.0,1.042,False,0,0.0128066087028172,True,06342500
06340500,1,14519595,16,100.0,0.0,2.5780000000000003,False,0,0.0128066087028172,True,06342500
06340500,1,14519593,17,100.0,0.0,0.449,False,0,0.0128066087028172,True,06342500
06340500,1,14518585,18,100.0,0.0,0.131,False,0,0.0128066087028172,True,06342500
06340500,1,14518607,19,100.0,0.0,2.303,False,0,0.0128066087028172,True,06342500
06340500,1,14519641,20,100.0,0.0,0.922,False,0,0.0128066087028172,True,06342500
06340500,1,14519651,21,100.0,0.0,0.198,False,0,0.0128066087028172,True,06342500
06340500,1,14519659,22,100.0,0.0,0.551,False,0,0.0128066087028172,True,06342500
06340500,1,14519661,23,100.0,0.0,0.333,False,0,0.0128066087028172,True,06342500
06340500,1,14518651,24,100.0,0.0,0.722,False,0,0.0128066087028172,True,06342500
06340500,1,14518655,25,100.0,0.0,0.426,False,0,0.0128066087028172,True,06342500
06340500,1,14518659,26,100.0,0.0,1.119,False,0,0.0128066087028172,True,06342500
06340500,1,14518657,27,100.0,0.0,0.284,False,0,0.0128066087028172,True,06342500
06340500,1,14519677,28,100.0,0.0,0.169,False,0,0.0128066087028172,True,06342500
06340500,1,14519685,29,100.0,0.0,1.665,False,0,0.0128066087028172,True,06342500
06340500,1,14519791,30,100.0,0.0,0.592,False,0,0.0128066087028172,True,06342500
06340500,1,14519689,31,100.0,0.0,0.073,False,0,0.0128066087028172,True,06342500
06340500,1,14519699,32,100.0,0.0,0.696,False,0,0.0128066087028172,True,06342500
06340500,1,14519707,33,100.0,0.0,0.735,False,0,0.0128066087028172,True,06342500
06340500,1,14519711,34,100.0,0.0,1.4,False,0,0.0128066087028172,True,06342500
06340500,1,14519697,35,100.0,0.0,0.361,False,0,0.0128066087028172,True,06342500
06340500,1,14519691,36,100.0,0.0,2.466,False,0,0.0128066087028172,True,06342500
06340500,1,14519663,37,100.0,0.0,0.574,False,0,0.0128066087028172,True,06342500
06340500,1,14519655,38,100.0,0.0,0.66,False,0,0.0128066087028172,True,06342500
06340500,1,14519637,39,100.0,0.0,0.028000000000000004,False,0,0.0128066087028172,True,06342500
06340500,1,14519639,40,100.0,0.0,1.831,False,0,0.0128066087028172,True,06342500
06340500,1,14519783,41,100.0,0.0,0.09300000000000001,False,0,0.0128066087028172,True,06342500
06340500,1,14519785,42,100.0,0.0,0.151,False,0,0.0128066087028172,True,06342500
06340500,1,14519627,43,100.0,0.0,1.349,False,0,0.0128066087028172,True,06342500
06340500,1,14519611,44,100.0,0.0,1.69,False,0,0.0128066087028172,True,06342500
06340500,1,14519599,45,100.0,0.0,0.569,False,0,0.0128066087028172,True,06342500
06340500,1,14519597,46,100.0,0.0,0.235,False,0,0.0128066087028172,True,06342500
06340500,1,14518581,47,100.0,0.0,1.557,False,0,0.0128066087028172,True,06342500
06340500,1,14518589,48,100.0,0.0,3.35,False,0,0.0128066087028172,True,06342500
06340500,1,14518599,49,100.0,0.0,0.753,False,0,0.0128066087028172,True,06342500
06340500,1,14519631,50,100.0,0.0,0.162,False,0,0.0128066087028172,True,06342500
06340500,1,14519669,51,100.0,0.0,2.481,False,0,0.0128066087028172,True,06342500
06340500,1,14519679,52,100.0,0.0,1.456,False,0,0.0128066087028172,True,06342500
06340500,1,14521931,53,100.0,0.0,0.824,False,0,0.0128066087028172,True,06342500
06340500,1,14521937,54,100.0,0.0,1.159,False,0,0.0128066087028172,True,06342500
06340500,1,14521947,55,100.0,0.0,0.539,False,0,0.0128066087028172,True,06342500
06340500,1,14521957,56,100.0,0.0,4.069,False,0,0.0128066087028172,True,06342500
06340500,1,14521963,57,100.0,0.0,0.063,False,0,0.0128066087028172,True,06342500
06340500,1,14521969,58,100.0,0.0,0.8740000000000001,False,0,0.0128066087028172,True,06342500
06340500,1,14521975,59,100.0,0.0,0.966,False,0,0.0128066087028172,True,06342500
06340500,1,14521979,60,100.0,0.0,0.71,False,0,0.0128066087028172,True,06342500
06340500,1,14521983,61,100.0,0.0,0.524,False,0,0.0128066087028172,True,06342500
06340500,1,14521987,62,100.0,0.0,0.7440000000000001,False,0,0.0128066087028172,True,06342500
06340500,1,14521999,63,100.0,0.0,2.441,False,0,0.0128066087028172,True,06342500
06340500,1,14522003,64,100.0,0.0,0.991,False,0,0.0128066087028172,True,06342500
06340500,1,14522013,65,100.0,0.0,0.812,False,0,0.0128066087028172,True,06342500
06340500,1,14522021,66,100.0,0.0,1.209,False,0,0.0128066087028172,True,06342500
06340500,1,14522025,67,100.0,0.0,1.223,False,0,0.0128066087028172,True,06342500
06340500,1,14522031,68,100.0,0.0,1.023,False,0,0.0128066087028172,True,06342500
06340500,1,14522033,69,100.0,0.0,0.451,False,0,0.0128066087028172,True,06342500
06340500,1,14522035,70,100.0,0.0,0.122,False,0,0.0128066087028172,True,06342500
06340500,1,14521397,71,100.0,0.0,0.48100000000000004,False,0,0.0128066087028172,True,06342500
06340500,1,14521401,72,100.0,0.0,0.068,False,0,0.0128066087028172,True,06342500
06340500,1,14521409,73,100.0,0.0,0.402,False,0,0.0128066087028172,True,06342500
06340500,1,14522045,74,100.0,0.0,0.301,False,0,0.0128066087028172,True,06342500
06340500,1,14522051,75,100.0,0.0,0.377,False,0,0.0128066087028172,True,06342500
06340500,1,14522053,76,100.0,0.0,0.7559999999999999,False,0,0.0128066087028172,True,06342500
06340500,1,14522055,77,100.0,0.0,0.094,False,0,0.0128066087028172,True,06342500
06340500,1,14521441,78,100.0,0.0,0.562,False,0,0.0128066087028172,True,06342500
06340500,1,14522059,79,100.0,0.0,0.353,False,0,0.0128066087028172,True,06342500
06340500,1,14522061,80,100.0,0.0,0.269,False,0,0.0128066087028172,True,06342500
06340500,1,14522067,81,100.0,0.0,0.7810000000000001,False,0,0.0128066087028172,True,06342500
06340500,1,14522069,82,100.0,0.0,0.08900000000000001,False,0,0.0128066087028172,True,06342500
06340500,1,14522075,83,100.0,0.0,0.539,False,0,0.0128066087028172,True,06342500
06340500,1,14522079,84,100.0,0.0,0.125,False,0,0.0128066087028172,True,06342500
06340500,1,14522083,85,100.0,0.0,2.514,False,0,0.0128066087028172,True,06342500
06340500,1,14522087,86,100.0,0.0,1.602,False,0,0.0128066087028172,True,06342500
06340500,1,14522095,87,100.0,0.0,0.9010000000000001,False,0,0.0128066087028172,True,06342500
06340500,1,14522167,88,100.0,0.0,1.228,False,0,0.0128066087028172,True,06342500
06340500,1,14522103,89,100.0,0.0,0.898,False,0,0.0128066087028172,True,06342500
06340500,1,14522109,90,100.0,0.0,0.887,False,0,0.0128066087028172,True,06342500
06340500,1,14522111,91,100.0,0.0,0.256,False,0,0.0128066087028172,True,06342500
06340500,1,14522117,92,100.0,0.0,0.467,False,0,0.0128066087028172,True,06342500
06340500,1,14522215,93,100.0,0.0,0.412,False,0,0.0128066087028172,True,06342500
06340500,1,14522121,94,100.0,0.0,0.038,False,0,0.0128066087028172,True,06342500
06340500,1,14522125,95,100.0,0.0,0.653,False,0,0.0128066087028172,True,06342500
06340500,1,14522133,96,100.0,0.0,2.261,False,0,0.0128066087028172,True,06342500
06340500,1,14523563,97,100.0,0.0,2.352,False,0,0.0128066087028172,True,06342500
06340500,1,14523569,98,100.0,0.0,0.299,False,0,0.0128066087028172,True,06342500
06340500,1,14523571,99,100.0,0.0,0.318,False,0,0.0128066087028172,True,06342500
06340500,1,14523207,100,100.0,0.0,0.259,False,0,0.0128066087028172,True,06342500
06340500,1,14523575,101,100.0,0.0,0.244,False,0,0.0128066087028172,True,06342500
06340500,1,14523579,102,100.0,0.0,4.856,False,0,0.0128066087028172,True,06342500
06340500,1,14523583,103,100.0,0.0,4.877,False,0,0.0128066087028172,True,06342500
06340500,1,14523643,104,100.0,0.0,1.077,False,0,0.0128066087028172,True,06342500
06340500,1,14523585,105,100.0,0.0,0.589,False,0,0.0128066087028172,True,06342500
06340500,1,14523589,106,100.0,0.0,0.571,False,0,0.0128066087028172,True,06342500
06340500,1,14523595,107,100.0,0.0,0.412,False,0,0.0128066087028172,True,06342500
06340500,1,14523599,108,100.0,0.0,1.052,False,0,0.0128066087028172,True,06342500
06340500,1,14523601,109,100.0,0.0,2.007,False,0,0.0128066087028172,True,06342500
06340500,1,14523607,110,100.0,0.0,0.665,False,0,0.0128066087028172,True,06342500
06340500,1,14523609,111,100.0,0.0,0.597,False,0,0.0128066087028172,True,06342500
06340500,1,14523617,112,100.0,0.0,1.161,False,0,0.0128066087028172,True,06342500
06340500,1,14523621,113,100.0,0.0,4.144,False,0,0.0128066087028172,True,06342500
06340500,1,14523623,114,100.0,49.826,1.91865376,False,0,0.0128066087028172,True,06342500
06467500,0,11761498,0,66.2016,0.0,1.3101296640000002,False,0,0.9834907968731484,False,06610000
06467500,0,11761796,1,100.0,0.0,0.3390000000000001,False,0,0.9834907968731484,False,06610000
06467500,0,11761538,2,100.0,0.0,1.486,False,0,0.9834907968731484,False,06610000
06467500,0,11761540,3,100.0,0.0,2.832,False,0,0.9834907968731484,False,06610000
06467500,0,11761518,4,100.0,0.0,1.4479999999999997,False,0,0.9834907968731484,False,06610000
06467500,0,25144733,5,100.0,0.0,6.410999999999999,False,0,0.9834907968731484,False,06610000
06467500,0,940170462,6,100.0,0.0,0.695,False,0,0.9834907968731484,False,06610000
06467500,0,940170461,7,100.0,0.0,5.724,False,0,0.9834907968731484,False,06610000
06467500,0,11761682,8,100.0,0.0,4.45,False,0,0.9834907968731484,False,06610000
06467500,0,11761714,9,100.0,0.0,3.352,False,0,0.9834907968731484,False,06610000
06467500,0,11761724,10,100.0,0.0,0.318,False,0,0.9834907968731484,False,06610000
06467500,0,11761728,11,100.0,0.0,1.822,False,0,0.9834907968731484,False,06610000
06467500,0,11761732,12,100.0,0.0,7.212,False,0,0.9834907968731484,False,06610000
06467500,0,11761740,13,100.0,0.0,2.399,False,0,0.9834907968731484,False,06610000
06467500,0,11762228,14,100.0,0.0,1.095,False,0,0.9834907968731484,False,06610000
06467500,0,11762224,15,100.0,0.0,1.107,False,0,0.9834907968731484,False,06610000
06467500,0,11762226,16,100.0,0.0,0.042,False,0,0.9834907968731484,False,06610000
06467500,0,940170469,17,100.0,0.0,3.674,False,0,0.9834907968731484,False,06610000
06467500,0,940170470,18,100.0,0.0,0.489,False,0,0.9834907968731484,False,06610000
06467500,0,11762240,19,100.0,0.0,0.391,False,0,0.9834907968731484,False,06610000
06467500,0,11762252,20,100.0,0.0,1.042,False,0,0.9834907968731484,False,06610000
06467500,0,11762250,21,100.0,0.0,1.189,False,0,0.9834907968731484,False,06610000
06467500,0,11762238,22,100.0,0.0,0.866,False,0,0.9834907968731484,False,06610000
06467500,0,11762230,23,100.0,0.0,3.668,False,0,0.9834907968731484,False,06610000
06467500,0,11762242,24,100.0,0.0,2.208,False,0,0.9834907968731484,False,06610000
06467500,0,11762248,25,100.0,0.0,0.326,False,0,0.9834907968731484,False,06610000
06467500,0,11762260,26,100.0,0.0,4.598,False,0,0.9834907968731484,False,06610000
06467500,0,11762264,27,100.0,0.0,5.868,False,0,0.9834907968731484,False,06610000
06467500,0,11762270,28,100.0,0.0,1.145,False,0,0.9834907968731484,False,06610000
06467500,0,11762268,29,100.0,0.0,0.206,False,0,0.9834907968731484,False,06610000
06467500,0,11762200,30,100.0,0.0,6.933,False,0,0.9834907968731484,False,06610000
06467500,0,11762272,31,100.0,0.0,0.865,False,0,0.9834907968731484,False,06610000
06467500,0,11762278,32,100.0,0.0,1.348,False,0,0.9834907968731484,False,06610000
06467500,0,11762276,33,100.0,0.0,1.132,False,0,0.9834907968731484,False,06610000
06467500,0,11762088,34,100.0,0.0,2.374,False,0,0.9834907968731484,False,06610000
06467500,0,11762280,35,100.0,0.0,2.398,False,0,0.9834907968731484,False,06610000
06467500,0,11762284,36,100.0,0.0,4.775,False,0,0.9834907968731484,False,06610000
06467500,0,11762298,37,100.0,0.0,12.617,False,0,0.9834907968731484,False,06610000
06467500,0,11762300,38,100.0,0.0,0.034,False,0,0.9834907968731484,False,06610000
06467500,0,11762304,39,100.0,0.0,10.373,False,0,0.9834907968731484,False,06610000
06467500,0,11764382,40,100.0,0.0,1.758,False,0,0.9834907968731484,False,06610000
06467500,0,11764384,41,100.0,0.0,0.282,False,0,0.9834907968731484,False,06610000
06467500,0,11764388,42,100.0,0.0,4.338,False,0,0.9834907968731484,False,06610000
06467500,0,11764402,43,100.0,0.0,0.99,False,0,0.9834907968731484,False,06610000
06467500,0,17244390,44,100.0,0.0,2.923,False,0,0.9834907968731484,False,06610000
06467500,0,17244392,45,100.0,0.0,1.649,False,0,0.9834907968731484,False,06610000
06467500,0,17244396,46,100.0,0.0,0.97,False,0,0.9834907968731484,False,06610000
06467500,0,17244400,47,100.0,0.0,13.342,False,0,0.9834907968731484,False,06610000
06467500,0,17244402,48,100.0,0.0,3.025,False,0,0.9834907968731484,False,06610000
06467500,0,17244406,49,100.0,0.0,0.835,False,0,0.9834907968731484,False,06610000
06467500,0,17244416,50,100.0,0.0,6.467,False,0,0.9834907968731484,False,06610000
06467500,0,17244432,51,100.0,0.0,4.641,False,0,0.9834907968731484,False,06610000
06467500,0,17244434,52,100.0,0.0,2.735,False,0,0.9834907968731484,False,06610000
06467500,0,940230079,53,100.0,0.0,2.878,False,0,0.9834907968731484,False,06610000
06467500,0,940230080,54,100.0,0.0,0.961,False,0,0.9834907968731484,False,06610000
06467500,0,17244444,55,100.0,0.0,8.122,False,0,0.9834907968731484,False,06610000
06467500,0,17244446,56,100.0,0.0,0.17,False,0,0.9834907968731484,False,06610000
06467500,0,17244160,57,100.0,0.0,0.192,False,0,0.9834907968731484,False,06610000
06467500,0,17244448,58,100.0,0.0,0.10100000000000002,True,17243868,0.9834907968731484,False,06610000
06467500,0,17244162,59,100.0,0.0,0.292,False,0,0.9834907968731484,False,06610000
06467500,0,17244450,60,100.0,0.0,0.052000000000000005,True,17243870,0.9834907968731484,False,06610000
06467500,0,17244454,61,100.0,0.0,0.32,True,17243870,0.9834907968731484,False,06610000
06467500,0,17244170,62,100.0,0.0,0.465,False,0,0.9834907968731484,False,06610000
06467500,0,17244172,63,100.0,0.0,0.149,False,0,0.9834907968731484,False,06610000
06467500,0,17244460,64,100.0,0.0,0.009,False,0,0.9834907968731484,False,06610000
06467500,0,17244458,65,100.0,0.0,0.223,False,0,0.9834907968731484,False,06610000
06467500,0,17244462,66,100.0,0.0,0.857,False,0,0.9834907968731484,False,06610000
06467500,0,17244468,67,100.0,0.0,7.904,False,0,0.9834907968731484,False,06610000
06467500,0,17244476,68,100.0,0.0,4.832,False,0,0.9834907968731484,False,06610000
06467500,0,17244482,69,100.0,0.0,1.587,False,0,0.9834907968731484,False,06610000
06467500,0,17244484,70,100.0,0.0,3.2260000000000004,False,0,0.9834907968731484,False,06610000
06467500,0,17244488,71,100.0,0.0,1.3159999999999998,False,0,0.9834907968731484,False,06610000
06467500,0,17244492,72,100.0,0.0,0.257,False,0,0.9834907968731484,False,06610000
06467500,0,17246346,73,100.0,0.0,1.557,False,0,0.9834907968731484,False,06610000
06467500,0,17246352,74,100.0,0.0,4.79,False,0,0.9834907968731484,False,06610000
06467500,0,17246356,75,100.0,0.0,1.298,False,0,0.9834907968731484,False,06610000
06467500,0,17246358,76,100.0,0.0,2.103,False,0,0.9834907968731484,False,06610000
06467500,0,17246362,77,100.0,0.0,1.118,False,0,0.9834907968731484,False,06610000
06467500,0,17246368,78,100.0,0.0,0.7659999999999999,False,0,0.9834907968731484,False,06610000
06467500,0,17246372,79,100.0,0.0,1.233,False,0,0.9834907968731484,False,06610000
06467500,0,17246380,80,100.0,0.0,2.255,False,0,0.9834907968731484,False,06610000
06467500,0,17246382,81,100.0,0.0,0.496,False,0,0.9834907968731484,False,06610000
06467500,0,17246388,82,100.0,0.0,12.482999999999999,False,0,0.9834907968731484,False,06610000
06467500,0,17246386,83,100.0,0.0,0.135,False,0,0.9834907968731484,False,06610000
06467500,0,17245942,84,100.0,0.0,3.875,False,0,0.9834907968731484,False,06610000
06467500,0,17245948,85,100.0,0.0,0.217,False,0,0.9834907968731484,False,06610000
06467500,0,17246394,86,100.0,0.0,0.135,False,0,0.9834907968731484,False,06610000
06467500,0,17246398,87,100.0,0.0,1.301,False,0,0.9834907968731484,False,06610000
06467500,0,17246410,88,100.0,0.0,5.882,False,0,0.9834907968731484,False,06610000
06467500,0,17246416,89,100.0,0.0,0.9890000000000001,False,0,0.9834907968731484,False,06610000
06467500,0,17246420,90,100.0,0.0,0.708,False,0,0.9834907968731484,False,06610000
06467500,0,17246428,91,100.0,0.0,0.8320000000000001,False,0,0.9834907968731484,False,06610000
06467500,0,17246432,92,100.0,0.0,2.001,False,0,0.9834907968731484,False,06610000
06467500,0,17246430,93,100.0,0.0,0.144,False,0,0.9834907968731484,False,06610000
06467500,0,17246010,94,100.0,0.0,1.347,False,0,0.9834907968731484,False,06610000
06467500,0,17246026,95,100.0,0.0,3.62,False,0,0.9834907968731484,False,06610000
06467500,0,17246438,96,100.0,0.0,0.153,True,17245694,0.9834907968731484,False,06610000
06467500,0,17246030,97,100.0,0.0,0.549,False,0,0.9834907968731484,False,06610000
06467500,0,17246442,98,100.0,0.0,1.365,False,0,0.9834907968731484,False,06610000
06467500,0,17246446,99,100.0,0.0,2.126,False,0,0.9834907968731484,False,06610000
06467500,0,17246454,100,100.0,0.0,4.706,False,0,0.9834907968731484,False,06610000
06467500,0,17246452,101,100.0,0.0,0.131,False,0,0.9834907968731484,False,06610000
06467500,0,17246450,102,100.0,0.0,0.018,False,0,0.9834907968731484,False,06610000
06467500,0,17246064,103,100.0,0.0,1.3229999999999997,False,0,0.9834907968731484,False,06610000
06467500,0,17246460,104,100.0,0.0,0.572,True,17245730,0.9834907968731484,False,06610000
06467500,0,17246062,105,100.0,0.0,0.085,False,0,0.9834907968731484,False,06610000
06467500,0,17246458,106,100.0,0.0,0.107,False,0,0.9834907968731484,False,06610000
06467500,0,17246468,107,100.0,0.0,2.78,False,0,0.9834907968731484,False,06610000
06467500,0,17246476,108,100.0,0.0,1.528,False,0,0.9834907968731484,False,06610000
06467500,0,17246478,109,100.0,0.0,2.429,False,0,0.9834907968731484,False,06610000
06467500,0,17246482,110,100.0,0.0,2.98,False,0,0.9834907968731484,False,06610000
06467500,0,17246488,111,100.0,0.0,0.287,False,0,0.9834907968731484,False,06610000
06467500,0,17246492,112,100.0,0.0,2.434,False,0,0.9834907968731484,False,06610000
06467500,0,17215844,113,100.0,0.0,4.334,False,0,0.9834907968731484,False,06610000
06467500,0,17215848,114,100.0,0.0,1.37,False,0,0.9834907968731484,False,06610000
06467500,0,17215850,115,100.0,0.0,2.812,False,0,0.9834907968731484,False,06610000
06467500,0,940230057,116,100.0,0.0,0.983,False,0,0.9834907968731484,False,06610000
06467500,0,940230056,117,100.0,0.0,1.199,False,0,0.9834907968731484,False,06610000
06467500,0,17217974,118,100.0,0.0,0.661,False,0,0.9834907968731484,False,06610000
06467500,0,17217978,119,100.0,0.0,0.926,False,0,0.9834907968731484,False,06610000
06467500,0,17217980,120,100.0,0.0,0.233,False,0,0.9834907968731484,False,06610000
06467500,0,17219372,121,100.0,0.0,0.135,False,0,0.9834907968731484,False,06610000
06467500,0,17219380,122,100.0,0.0,3.829,False,0,0.9834907968731484,False,06610000
06467500,0,17219550,123,100.0,0.0,0.846,False,0,0.9834907968731484,False,06610000
06467500,0,17219384,124,100.0,0.0,2.407,False,0,0.9834907968731484,False,06610000
06467500,0,17219392,125,100.0,0.0,0.452,False,0,0.9834907968731484,False,06610000
06467500,0,17219400,126,100.0,0.0,2.68,False,0,0.9834907968731484,True,06610000
06467500,0,17219404,127,100.0,0.0,0.833,False,0,0.9834907968731484,True,06610000
06467500,0,17219410,128,100.0,0.0,0.177,False,0,0.9834907968731484,True,06610000
06467500,0,17219412,129,100.0,0.0,0.16,False,0,0.9834907968731484,True,06610000
06467500,0,17219414,130,100.0,0.0,0.14,False,0,0.9834907968731484,True,06610000
06467500,0,17218714,131,100.0,0.0,3.1829999999999994,False,0,0.9834907968731484,True,06610000
06467500,0,17218726,132,100.0,0.0,0.45399999999999996,False,0,0.9834907968731484,True,06610000
06467500,0,17219422,133,100.0,0.0,0.114,False,0,0.9834907968731484,True,06610000
06467500,0,17219428,134,100.0,0.0,1.001,False,0,0.9834907968731484,True,06610000
06467500,0,17219430,135,100.0,0.0,2.192,False,0,0.9834907968731484,True,06610000
06467500,0,17219436,136,100.0,0.0,2.6240000000000006,False,0,0.9834907968731484,True,06610000
06467500,0,940230063,137,100.0,0.0,0.905,False,0,0.9834907968731484,True,06610000
06467500,0,940230062,138,100.0,0.0,2.411,False,0,0.9834907968731484,True,06610000
06467500,0,17219454,139,100.0,0.0,4.659,False,0,0.9834907968731484,True,06610000
06467500,0,17219456,140,100.0,0.0,2.052,False,0,0.9834907968731484,True,06610000
06467500,0,17219460,141,100.0,0.0,1.111,False,0,0.9834907968731484,True,06610000
06467500,0,17219468,142,100.0,62.0545,3.8268036750000003,False,0,0.9834907968731484,True,06610000
06607500,1,14626246,0,93.613,0.0,10.574524480000001,False,0,0.013248062909353,False,06610000
06607500,1,14626252,1,100.0,0.0,2.864,False,0,0.013248062909353,False,06610000
06607500,1,14625950,2,100.0,0.0,0.079,False,0,0.013248062909353,False,06610000
06607500,1,14625764,3,100.0,0.0,0.531,False,0,0.013248062909353,False,06610000
06607500,1,14625774,4,100.0,0.0,6.382,False,0,0.013248062909353,False,06610000
06607500,1,14625948,5,100.0,0.0,1.317,False,0,0.013248062909353,False,06610000
06607500,1,17246410,6,100.0,0.0,5.882,False,0,0.013248062909353,False,06610000
06607500,1,17246416,7,100.0,0.0,0.9890000000000001,False,0,0.013248062909353,False,06610000
06607500,1,17246420,8,100.0,0.0,0.708,False,0,0.013248062909353,False,06610000
06607500,1,17246428,9,100.0,0.0,0.8320000000000001,False,0,0.013248062909353,False,06610000
06607500,1,17246432,10,100.0,0.0,2.001,False,0,0.013248062909353,False,06610000
06607500,1,17246430,11,100.0,0.0,0.144,False,0,0.013248062909353,False,06610000
06607500,1,17246010,12,100.0,0.0,1.347,False,0,0.013248062909353,False,06610000
06607500,1,17246026,13,100.0,0.0,3.62,False,0,0.013248062909353,False,06610000
06607500,1,17246438,14,100.0,0.0,0.153,True,17245694,0.013248062909353,False,06610000
06607500,1,17246030,15,100.0,0.0,0.549,False,0,0.013248062909353,False,06610000
06607500,1,17246442,16,100.0,0.0,1.365,False,0,0.013248062909353,False,06610000
06607500,1,17246446,17,100.0,0.0,2.126,False,0,0.013248062909353,False,06610000
06607500,1,17246454,18,100.0,0.0,4.706,False,0,0.013248062909353,False,06610000
06607500,1,17246452,19,100.0,0.0,0.131,False,0,0.013248062909353,False,06610000
06607500,1,17246450,20,100.0,0.0,0.018,False,0,0.013248062909353,False,06610000
06607500,1,17246064,21,100.0,0.0,1.3229999999999997,False,0,0.013248062909353,False,06610000
06607500,1,17246460,22,100.0,0.0,0.572,True,17245730,0.013248062909353,False,06610000
06607500,1,17246062,23,100.0,0.0,0.085,False,0,0.013248062909353,False,06610000
06607500,1,17246458,24,100.0,0.0,0.107,False,0,0.013248062909353,False,06610000
06607500,1,17246468,25,100.0,0.0,2.78,False,0,0.013248062909353,False,06610000
06607500,1,17246476,26,100.0,0.0,1.528,False,0,0.013248062909353,False,06610000
06607500,1,17246478,27,100.0,0.0,2.429,False,0,0.013248062909353,False,06610000
06607500,1,17246482,28,100.0,0.0,2.98,False,0,0.013248062909353,False,06610000
06607500,1,17246488,29,100.0,0.0,0.287,False,0,0.013248062909353,False,06610000
06607500,1,17246492,30,100.0,0.0,2.434,False,0,0.013248062909353,False,06610000
06607500,1,17215844,31,100.0,0.0,4.334,False,0,0.013248062909353,False,06610000
06607500,1,17215848,32,100.0,0.0,1.37,False,0,0.013248062909353,False,06610000
06607500,1,17215850,33,100.0,0.0,2.812,False,0,0.013248062909353,False,06610000
06607500,1,940230057,34,100.0,0.0,0.983,False,0,0.013248062909353,False,06610000
06607500,1,940230056,35,100.0,0.0,1.199,False,0,0.013248062909353,False,06610000
06607500,1,17217974,36,100.0,0.0,0.661,False,0,0.013248062909353,False,06610000
06607500,1,17217978,37,100.0,0.0,0.926,False,0,0.013248062909353,False,06610000
06607500,1,17217980,38,100.0,0.0,0.233,False,0,0.013248062909353,False,06610000
06607500,1,17219372,39,100.0,0.0,0.135,False,0,0.013248062909353,False,06610000
06607500,1,17219380,40,100.0,0.0,3.829,False,0,0.013248062909353,False,06610000
06607500,1,17219550,41,100.0,0.0,0.846,False,0,0.013248062909353,False,06610000
06607500,1,17219384,42,100.0,0.0,2.407,False,0,0.013248062909353,False,06610000
06607500,1,17219392,43,100.0,0.0,0.452,False,0,0.013248062909353,False,06610000
06607500,1,17219400,44,100.0,0.0,2.68,False,0,0.013248062909353,True,06610000
06607500,1,17219404,45,100.0,0.0,0.833,False,0,0.013248062909353,True,06610000
06607500,1,17219410,46,100.0,0.0,0.177,False,0,0.013248062909353,True,06610000
06607500,1,17219412,47,100.0,0.0,0.16,False,0,0.013248062909353,True,06610000
06607500,1,17219414,48,100.0,0.0,0.14,False,0,0.013248062909353,True,06610000
06607500,1,17218714,49,100.0,0.0,3.1829999999999994,False,0,0.013248062909353,True,06610000
06607500,1,17218726,50,100.0,0.0,0.45399999999999996,False,0,0.013248062909353,True,06610000
06607500,1,17219422,51,100.0,0.0,0.114,False,0,0.013248062909353,True,06610000
06607500,1,17219428,52,100.0,0.0,1.001,False,0,0.013248062909353,True,06610000
06607500,1,17219430,53,100.0,0.0,2.192,False,0,0.013248062909353,True,06610000
06607500,1,17219436,54,100.0,0.0,2.6240000000000006,False,0,0.013248062909353,True,06610000
06607500,1,940230063,55,100.0,0.0,0.905,False,0,0.013248062909353,True,06610000
06607500,1,940230062,56,100.0,0.0,2.411,False,0,0.013248062909353,True,06610000
06607500,1,17219454,57,100.0,0.0,4.659,False,0,0.013248062909353,True,06610000
06607500,1,17219456,58,100.0,0.0,2.052,False,0,0.013248062909353,True,06610000
06607500,1,17219460,59,100.0,0.0,1.111,False,0,0.013248062909353,True,06610000
06607500,1,17219468,60,100.0,62.0545,3.8268036750000003,False,0,0.013248062909353,True,06610000
06609500,2,17208706,0,86.3473,0.0,2.97034712,False,0,0.0032611402174983,False,06610000
06609500,2,17208452,1,100.0,0.0,1.604,False,0,0.0032611402174983,False,06610000
06609500,2,17208464,2,100.0,0.0,0.715,False,0,0.0032611402174983,False,06610000
06609500,2,17208476,3,100.0,0.0,0.9280000000000002,False,0,0.0032611402174983,False,06610000
06609500,2,17208488,4,100.0,0.0,1.145,False,0,0.0032611402174983,False,06610000
06609500,2,940230048,5,100.0,0.0,0.787,False,0,0.0032611402174983,False,06610000
06609500,2,940230047,6,100.0,0.0,1.3839999999999997,False,0,0.0032611402174983,False,06610000
06609500,2,17208720,7,100.0,0.0,0.406,False,0,0.0032611402174983,False,06610000
06609500,2,17208524,8,100.0,0.0,0.667,False,0,0.0032611402174983,False,06610000
06609500,2,17208540,9,100.0,0.0,2.313,False,0,0.0032611402174983,False,06610000
06609500,2,17208544,10,100.0,0.0,0.704,False,0,0.0032611402174983,False,06610000
06609500,2,17208552,11,100.0,0.0,1.18,False,0,0.0032611402174983,False,06610000
06609500,2,17208556,12,100.0,0.0,0.072,False,0,0.0032611402174983,False,06610000
06609500,2,17208572,13,100.0,0.0,1.7280000000000002,False,0,0.0032611402174983,False,06610000
06609500,2,17208576,14,100.0,0.0,0.664,False,0,0.0032611402174983,False,06610000
06609500,2,17208590,15,100.0,0.0,2.06,False,0,0.0032611402174983,False,06610000
06609500,2,17208598,16,100.0,0.0,0.49200000000000005,False,0,0.0032611402174983,False,06610000
06609500,2,17209270,17,100.0,0.0,2.237,False,0,0.0032611402174983,False,06610000
06609500,2,17209276,18,100.0,0.0,1.4170000000000003,False,0,0.0032611402174983,False,06610000
06609500,2,17209278,19,100.0,0.0,0.581,False,0,0.0032611402174983,False,06610000
06609500,2,17209284,20,100.0,0.0,1.137,False,0,0.0032611402174983,False,06610000
06609500,2,17219390,21,100.0,0.0,0.228,False,0,0.0032611402174983,False,06610000
06609500,2,17219400,22,100.0,0.0,2.68,False,0,0.0032611402174983,True,06610000
06609500,2,17219404,23,100.0,0.0,0.833,False,0,0.0032611402174983,True,06610000
06609500,2,17219410,24,100.0,0.0,0.177,False,0,0.0032611402174983,True,06610000
06609500,2,17219412,25,100.0,0.0,0.16,False,0,0.0032611402174983,True,06610000
06609500,2,17219414,26,100.0,0.0,0.14,False,0,0.0032611402174983,True,06610000
06609500,2,17218714,27,100.0,0.0,3.1829999999999994,False,0,0.0032611402174983,True,06610000
06609500,2,17218726,28,100.0,0.0,0.45399999999999996,False,0,0.0032611402174983,True,06610000
06609500,2,17219422,29,100.0,0.0,0.114,False,0,0.0032611402174983,True,06610000
06609500,2,17219428,30,100.0,0.0,1.001,False,0,0.0032611402174983,True,06610000
06609500,2,17219430,31,100.0,0.0,2.192,False,0,0.0032611402174983,True,06610000
06609500,2,17219436,32,100.0,0.0,2.6240000000000006,False,0,0.0032611402174983,True,06610000
06609500,2,940230063,33,100.0,0.0,0.905,False,0,0.0032611402174983,True,06610000
06609500,2,940230062,34,100.0,0.0,2.411,False,0,0.0032611402174983,True,06610000
06609500,2,17219454,35,100.0,0.0,4.659,False,0,0.0032611402174983,True,06610000
06609500,2,17219456,36,100.0,0.0,2.052,False,0,0.0032611402174983,True,06610000
06609500,2,17219460,37,100.0,0.0,1.111,False,0,0.0032611402174983,True,06610000
06609500,2,17219468,38,100.0,62.0545,3.8268036750000003,False,0,0.0032611402174983,True,06610000
06714000,0,228593,0,93.2067,0.0,0.937659402,False,0,0.5622935865653551,False,06754000
06714000,0,229757,1,100.0,0.0,4.841,False,0,0.5622935865653551,False,06754000
06714000,0,229709,2,100.0,0.0,3.109,False,0,0.5622935865653551,False,06754000
06714000,0,229669,3,100.0,0.0,0.402,False,0,0.5622935865653551,False,06754000
06714000,0,229663,4,100.0,0.0,0.439,False,0,0.5622935865653551,False,06754000
06714000,0,229657,5,100.0,0.0,0.198,False,0,0.5622935865653551,False,06754000
06714000,0,229647,6,100.0,0.0,0.303,False,0,0.5622935865653551,False,06754000
06714000,0,229645,7,100.0,0.0,0.389,False,0,0.5622935865653551,False,06754000
06714000,0,229639,8,100.0,0.0,1.25,False,0,0.5622935865653551,False,06754000
06714000,0,229631,9,100.0,0.0,1.121,False,0,0.5622935865653551,False,06754000
06714000,0,229617,10,100.0,0.0,0.319,False,0,0.5622935865653551,False,06754000
06714000,0,229615,11,100.0,0.0,1.206,False,0,0.5622935865653551,False,06754000
06714000,0,229603,12,100.0,0.0,4.275,False,0,0.5622935865653551,False,06754000
06714000,0,229561,13,100.0,0.0,1.262,False,0,0.5622935865653551,False,06754000
06714000,0,229521,14,100.0,0.0,2.335,False,0,0.5622935865653551,False,06754000
06714000,0,229493,15,100.0,0.0,5.964000000000001,False,0,0.5622935865653551,False,06754000
06714000,0,229439,16,100.0,0.0,0.318,False,0,0.5622935865653551,False,06754000
06714000,0,229435,17,100.0,0.0,0.122,False,0,0.5622935865653551,False,06754000
06714000,0,229429,18,100.0,0.0,2.443,False,0,0.5622935865653551,False,06754000
06714000,0,229373,19,100.0,0.0,1.923,False,0,0.5622935865653551,False,06754000
06714000,0,229351,20,100.0,0.0,4.075,False,0,0.5622935865653551,False,06754000
06714000,0,225955,21,100.0,0.0,2.482,False,0,0.5622935865653551,False,06754000
06714000,0,225847,22,100.0,0.0,2.735,False,0,0.5622935865653551,False,06754000
06714000,0,225801,23,100.0,0.0,4.995,False,0,0.5622935865653551,False,06754000
06714000,0,226545,24,100.0,0.0,2.677,False,0,0.5622935865653551,False,06754000
06714000,0,225621,25,100.0,0.0,4.391,False,0,0.5622935865653551,False,06754000
06714000,0,225573,26,100.0,0.0,1.101,False,0,0.5622935865653551,False,06754000
06714000,0,225567,27,100.0,0.0,5.939,False,0,0.5622935865653551,False,06754000
06714000,0,225541,28,100.0,0.0,0.369,False,0,0.5622935865653551,False,06754000
06714000,0,225535,29,100.0,0.0,0.06,False,0,0.5622935865653551,False,06754000
06714000,0,225531,30,100.0,0.0,5.044,False,0,0.5622935865653551,False,06754000
06714000,0,225497,31,100.0,0.0,2.111,False,0,0.5622935865653551,False,06754000
06714000,0,225489,32,100.0,0.0,1.916,False,0,0.5622935865653551,False,06754000
06714000,0,226863,33,100.0,0.0,0.549,True,4053443,0.5622935865653551,False,06754000
06714000,0,226531,34,100.0,0.0,6.081999999999999,False,0,0.5622935865653551,False,06754000
06714000,0,226851,35,100.0,0.0,0.095,False,0,0.5622935865653551,False,06754000
06714000,0,226617,36,100.0,0.0,0.382,False,0,0.5622935865653551,False,06754000
06714000,0,226615,37,100.0,0.0,8.349,False,0,0.5622935865653551,False,06754000
06714000,0,226581,38,100.0,0.0,3.641,False,0,0.5622935865653551,False,06754000
06714000,0,226833,39,100.0,0.0,3.305,False,0,0.5622935865653551,False,06754000
06714000,0,226837,40,100.0,0.0,1.416,False,0,0.5622935865653551,False,06754000
06714000,0,226569,41,100.0,0.0,0.6,False,0,0.5622935865653551,False,06754000
06714000,0,226575,42,100.0,0.0,2.846,False,0,0.5622935865653551,False,06754000
06714000,0,226571,43,100.0,0.0,13.470999999999998,False,0,0.5622935865653551,False,06754000
06714000,0,226555,44,100.0,0.0,1.485,False,0,0.5622935865653551,False,06754000
06714000,0,226565,45,100.0,75.195,1.4290160500000004,False,0,0.5622935865653551,True,06754000
06752000,1,2900705,0,48.961,0.0,0.80247079,False,0,0.1537030330450236,False,06754000
06752000,1,2899549,1,100.0,0.0,0.965,False,0,0.1537030330450236,False,06754000
06752000,1,2899555,2,100.0,0.0,0.159,False,0,0.1537030330450236,False,06754000
06752000,1,2899553,3,100.0,0.0,0.915,False,0,0.1537030330450236,False,06754000
06752000,1,2899565,4,100.0,0.0,0.353,False,0,0.1537030330450236,False,06754000
06752000,1,2899573,5,100.0,0.0,0.36199999999999993,False,0,0.1537030330450236,False,06754000
06752000,1,2899585,6,100.0,0.0,0.174,False,0,0.1537030330450236,False,06754000
06752000,1,940190151,7,100.0,0.0,0.857,False,0,0.1537030330450236,False,06754000
06752000,1,940190152,8,100.0,0.0,0.6730000000000002,False,0,0.1537030330450236,False,06754000
06752000,1,2899733,9,100.0,0.0,1.85,False,0,0.1537030330450236,False,06754000
06752000,1,2899741,10,100.0,0.0,0.128,False,0,0.1537030330450236,False,06754000
06752000,1,2899767,11,100.0,0.0,0.57,False,0,0.1537030330450236,False,06754000
06752000,1,2899765,12,100.0,0.0,0.279,False,0,0.1537030330450236,False,06754000
06752000,1,2899777,13,100.0,0.0,0.38299999999999995,False,0,0.1537030330450236,False,06754000
06752000,1,2899795,14,100.0,0.0,0.395,False,0,0.1537030330450236,False,06754000
06752000,1,2899849,15,100.0,0.0,3.221,False,0,0.1537030330450236,False,06754000
06752000,1,2899851,16,100.0,0.0,0.162,False,0,0.1537030330450236,False,06754000
06752000,1,2899863,17,100.0,0.0,0.7239999999999999,False,0,0.1537030330450236,False,06754000
06752000,1,2899861,18,100.0,0.0,0.509,False,0,0.1537030330450236,False,06754000
06752000,1,2899893,19,100.0,0.0,0.504,False,0,0.1537030330450236,False,06754000
06752000,1,2899897,20,100.0,0.0,0.138,False,0,0.1537030330450236,False,06754000
06752000,1,2899931,21,100.0,0.0,2.425,False,0,0.1537030330450236,False,06754000
06752000,1,2900003,22,100.0,0.0,4.744,False,0,0.1537030330450236,False,06754000
06752000,1,2899997,23,100.0,0.0,0.872,False,0,0.1537030330450236,False,06754000
06752000,1,2900039,24,100.0,0.0,1.785,False,0,0.1537030330450236,False,06754000
06752000,1,2900053,25,100.0,0.0,0.617,False,0,0.1537030330450236,False,06754000
06752000,1,2900065,26,100.0,0.0,0.455,False,0,0.1537030330450236,False,06754000
06752000,1,2900073,27,100.0,0.0,0.282,False,0,0.1537030330450236,False,06754000
06752000,1,2900123,28,100.0,0.0,2.543,False,0,0.1537030330450236,False,06754000
06752000,1,2900137,29,100.0,0.0,0.4040000000000001,False,0,0.1537030330450236,False,06754000
06752000,1,2901943,30,100.0,0.0,1.974,False,0,0.1537030330450236,False,06754000
06752000,1,2901941,31,100.0,0.0,0.226,False,0,0.1537030330450236,False,06754000
06752000,1,2901985,32,100.0,0.0,5.308,False,0,0.1537030330450236,False,06754000
06752000,1,2901993,33,100.0,0.0,0.74,False,0,0.1537030330450236,False,06754000
06752000,1,2902011,34,100.0,0.0,0.33399999999999996,False,0,0.1537030330450236,False,06754000
06752000,1,2903149,35,100.0,0.0,1.579,False,0,0.1537030330450236,False,06754000
06752000,1,2903179,36,100.0,0.0,5.825,False,0,0.1537030330450236,False,06754000
06752000,1,2903171,37,100.0,0.0,2.556,False,0,0.1537030330450236,False,06754000
06752000,1,2903213,38,100.0,0.0,4.811,False,0,0.1537030330450236,False,06754000
06752000,1,2903215,39,100.0,0.0,0.203,False,0,0.1537030330450236,False,06754000
06752000,1,2903231,40,100.0,0.0,7.965,False,0,0.1537030330450236,False,06754000
06752000,1,2903219,41,100.0,0.0,3.696,False,0,0.1537030330450236,False,06754000
06752000,1,2903799,42,100.0,0.0,7.599,False,0,0.1537030330450236,False,06754000
06752000,1,2903225,43,100.0,0.0,3.454,False,0,0.1537030330450236,False,06754000
06752000,1,2903261,44,100.0,0.0,6.237,False,0,0.1537030330450236,False,06754000
06752000,1,2903263,45,100.0,0.0,0.486,False,0,0.1537030330450236,False,06754000
06752000,1,2903257,46,100.0,0.0,3.9820000000000007,False,0,0.1537030330450236,False,06754000
06752000,1,2903809,47,100.0,0.0,0.05800000000000001,False,0,0.1537030330450236,False,06754000
06752000,1,226555,48,100.0,0.0,1.485,False,0,0.1537030330450236,False,06754000
06752000,1,226565,49,100.0,75.195,1.4290160500000004,False,0,0.1537030330450236,True,06754000
06731000,2,2890908,0,70.405,0.0,1.5855205999999997,False,0,0.1425868218543677,False,06754000
06731000,2,2890930,1,100.0,0.0,0.159,False,0,0.1425868218543677,False,06754000
06731000,2,226617,2,100.0,0.0,0.382,False,0,0.1425868218543677,False,06754000
06731000,2,226615,3,100.0,0.0,8.349,False,0,0.1425868218543677,False,06754000
06731000,2,226581,4,100.0,0.0,3.641,False,0,0.1425868218543677,False,06754000
06731000,2,226833,5,100.0,0.0,3.305,False,0,0.1425868218543677,False,06754000
06731000,2,226837,6,100.0,0.0,1.416,False,0,0.1425868218543677,False,06754000
06731000,2,226569,7,100.0,0.0,0.6,False,0,0.1425868218543677,False,06754000
06731000,2,226575,8,100.0,0.0,2.846,False,0,0.1425868218543677,False,06754000
06731000,2,226571,9,100.0,0.0,13.470999999999998,False,0,0.1425868218543677,False,06754000
06731000,2,226555,10,100.0,0.0,1.485,False,0,0.1425868218543677,False,06754000
06731000,2,226565,11,100.0,75.195,1.4290160500000004,False,0,0.1425868218543677,True,06754000
06753990,3,2920517,0,21.7754,0.0,1.1090211220000001,False,0,0.0832544159135166,False,06754000
06753990,3,2920519,1,100.0,0.0,0.468,False,0,0.0832544159135166,False,06754000
06753990,3,2920521,2,100.0,0.0,1.176,False,0,0.0832544159135166,False,06754000
06753990,3,2921025,3,100.0,0.0,0.35,False,0,0.0832544159135166,False,06754000
06753990,3,226565,4,100.0,75.195,1.4290160500000004,False,0,0.0832544159135166,True,06754000
06719505,4,2885178,0,58.523,0.0,1.50579679,False,0,0.0577523708243492,False,06754000
06719505,4,2885148,1,100.0,0.0,0.054000000000000006,False,0,0.0577523708243492,False,06754000
06719505,4,2885146,2,100.0,0.0,1.086,False,0,0.0577523708243492,False,06754000
06719505,4,2885118,3,100.0,0.0,1.411,False,0,0.0577523708243492,False,06754000
06719505,4,2885526,4,100.0,0.0,8.2,False,0,0.0577523708243492,False,06754000
06719505,4,2885080,5,100.0,0.0,5.38,False,0,0.0577523708243492,False,06754000
06719505,4,2885052,6,100.0,0.0,1.723,False,0,0.0577523708243492,False,06754000
06719505,4,2885046,7,100.0,0.0,2.548,False,0,0.0577523708243492,False,06754000
06719505,4,2885000,8,100.0,0.0,1.016,False,0,0.0577523708243492,False,06754000
06719505,4,2884994,9,100.0,0.0,0.11899999999999998,False,0,0.0577523708243492,False,06754000
06719505,4,2885882,10,100.0,0.0,4.797,False,0,0.0577523708243492,False,06754000
06719505,4,229639,11,100.0,0.0,1.25,False,0,0.0577523708243492,False,06754000
06719505,4,229631,12,100.0,0.0,1.121,False,0,0.0577523708243492,False,06754000
06719505,4,229617,13,100.0,0.0,0.319,False,0,0.0577523708243492,False,06754000
06719505,4,229615,14,100.0,0.0,1.206,False,0,0.0577523708243492,False,06754000
06719505,4,229603,15,100.0,0.0,4.275,False,0,0.0577523708243492,False,06754000
06719505,4,229561,16,100.0,0.0,1.262,False,0,0.0577523708243492,False,06754000
06719505,4,229521,17,100.0,0.0,2.335,False,0,0.0577523708243492,False,06754000
06719505,4,229493,18,100.0,0.0,5.964000000000001,False,0,0.0577523708243492,False,06754000
06719505,4,229439,19,100.0,0.0,0.318,False,0,0.0577523708243492,False,06754000
06719505,4,229435,20,100.0,0.0,0.122,False,0,0.0577523708243492,False,06754000
06719505,4,229429,21,100.0,0.0,2.443,False,0,0.0577523708243492,False,06754000
06719505,4,229373,22,100.0,0.0,1.923,False,0,0.0577523708243492,False,06754000
06719505,4,229351,23,100.0,0.0,4.075,False,0,0.0577523708243492,False,06754000
06719505,4,225955,24,100.0,0.0,2.482,False,0,0.0577523708243492,False,06754000
06719505,4,225847,25,100.0,0.0,2.735,False,0,0.0577523708243492,False,06754000
06719505,4,225801,26,100.0,0.0,4.995,False,0,0.0577523708243492,False,06754000
06719505,4,226545,27,100.0,0.0,2.677,False,0,0.0577523708243492,False,06754000
06719505,4,225621,28,100.0,0.0,4.391,False,0,0.0577523708243492,False,06754000
06719505,4,225573,29,100.0,0.0,1.101,False,0,0.0577523708243492,False,06754000
06719505,4,225567,30,100.0,0.0,5.939,False,0,0.0577523708243492,False,06754000
06719505,4,225541,31,100.0,0.0,0.369,False,0,0.0577523708243492,False,06754000
06719505,4,225535,32,100.0,0.0,0.06,False,0,0.0577523708243492,False,06754000
06719505,4,225531,33,100.0,0.0,5.044,False,0,0.0577523708243492,False,06754000
06719505,4,225497,34,100.0,0.0,2.111,False,0,0.0577523708243492,False,06754000
06719505,4,225489,35,100.0,0.0,1.916,False,0,0.0577523708243492,False,06754000
06719505,4,226863,36,100.0,0.0,0.549,True,4053443,0.0577523708243492,False,06754000
06719505,4,226531,37,100.0,0.0,6.081999999999999,False,0,0.0577523708243492,False,06754000
06719505,4,226851,38,100.0,0.0,0.095,False,0,0.0577523708243492,False,06754000
06719505,4,226617,39,100.0,0.0,0.382,False,0,0.0577523708243492,False,06754000
06719505,4,226615,40,100.0,0.0,8.349,False,0,0.0577523708243492,False,06754000
06719505,4,226581,41,100.0,0.0,3.641,False,0,0.0577523708243492,False,06754000
06719505,4,226833,42,100.0,0.0,3.305,False,0,0.0577523708243492,False,06754000
06719505,4,226837,43,100.0,0.0,1.416,False,0,0.0577523708243492,False,06754000
06719505,4,226569,44,100.0,0.0,0.6,False,0,0.0577523708243492,False,06754000
06719505,4,226575,45,100.0,0.0,2.846,False,0,0.0577523708243492,False,06754000
06719505,4,226571,46,100.0,0.0,13.470999999999998,False,0,0.0577523708243492,False,06754000
06719505,4,226555,47,100.0,0.0,1.485,False,0,0.0577523708243492,False,06754000
06719505,4,226565,48,100.0,75.195,1.4290160500000004,False,0,0.0577523708243492,True,06754000
401733105392404,5,13288,0,92.1426,0.0,0.80624775,False,0,0.0004097717973877,False,06754000
401733105392404,5,13280,1,100.0,0.0,1.255,False,0,0.0004097717973877,False,06754000
401733105392404,5,13602,2,100.0,0.0,0.672,False,0,0.0004097717973877,False,06754000
401733105392404,5,13242,3,100.0,0.0,4.184,False,0,0.0004097717973877,False,06754000
401733105392404,5,13590,4,100.0,0.0,2.418,False,0,0.0004097717973877,False,06754000
401733105392404,5,13124,5,100.0,0.0,1.6130000000000002,False,0,0.0004097717973877,False,06754000
401733105392404,5,13100,6,100.0,0.0,0.177,False,0,0.0004097717973877,False,06754000
401733105392404,5,13098,7,100.0,0.0,2.656,False,0,0.0004097717973877,False,06754000
401733105392404,5,12996,8,100.0,0.0,3.08,False,0,0.0004097717973877,False,06754000
401733105392404,5,12942,9,100.0,0.0,0.43,False,0,0.0004097717973877,False,06754000
401733105392404,5,12936,10,100.0,0.0,0.526,False,0,0.0004097717973877,False,06754000
401733105392404,5,12924,11,100.0,0.0,0.342,False,0,0.0004097717973877,False,06754000
401733105392404,5,12928,12,100.0,0.0,0.41,False,0,0.0004097717973877,False,06754000
401733105392404,5,13650,13,100.0,0.0,0.857,True,11762,0.0004097717973877,False,06754000
401733105392404,5,13654,14,100.0,0.0,0.523,True,11762,0.0004097717973877,False,06754000
401733105392404,5,12948,15,100.0,0.0,0.21099999999999997,False,0,0.0004097717973877,False,06754000
401733105392404,5,13560,16,100.0,0.0,7.245,False,0,0.0004097717973877,False,06754000
401733105392404,5,12870,17,100.0,0.0,4.177,False,0,0.0004097717973877,False,06754000
401733105392404,5,12790,18,100.0,0.0,0.8,False,0,0.0004097717973877,False,06754000
401733105392404,5,12792,19,100.0,0.0,3.444,False,0,0.0004097717973877,False,06754000
401733105392404,5,12734,20,100.0,0.0,0.721,False,0,0.0004097717973877,False,06754000
401733105392404,5,12726,21,100.0,0.0,3.418,False,0,0.0004097717973877,False,06754000
401733105392404,5,12702,22,100.0,0.0,7.349,False,0,0.0004097717973877,False,06754000
401733105392404,5,12718,23,100.0,0.0,1.304,False,0,0.0004097717973877,False,06754000
401733105392404,5,13544,24,100.0,0.0,3.343,False,0,0.0004097717973877,False,06754000
401733105392404,5,12674,25,100.0,0.0,0.14,False,0,0.0004097717973877,False,06754000
401733105392404,5,12676,26,100.0,0.0,1.075,False,0,0.0004097717973877,False,06754000
401733105392404,5,12670,27,100.0,0.0,0.615,False,0,0.0004097717973877,False,06754000
401733105392404,5,12722,28,100.0,0.0,2.247,False,0,0.0004097717973877,False,06754000
401733105392404,5,12712,29,100.0,0.0,0.92,False,0,0.0004097717973877,False,06754000
401733105392404,5,12692,30,100.0,0.0,0.652,False,0,0.0004097717973877,False,06754000
401733105392404,5,12796,31,100.0,0.0,2.921,False,0,0.0004097717973877,False,06754000
401733105392404,5,12804,32,100.0,0.0,0.671,False,0,0.0004097717973877,False,06754000
401733105392404,5,12808,33,100.0,0.0,0.731,False,0,0.0004097717973877,False,06754000
401733105392404,5,13744,34,100.0,0.0,1.633,False,0,0.0004097717973877,False,06754000
401733105392404,5,12826,35,100.0,0.0,1.3560000000000003,False,0,0.0004097717973877,False,06754000
401733105392404,5,12824,36,100.0,0.0,0.515,False,0,0.0004097717973877,False,06754000
401733105392404,5,12832,37,100.0,0.0,0.4109999999999999,False,0,0.0004097717973877,False,06754000
401733105392404,5,12856,38,100.0,0.0,1.642,False,0,0.0004097717973877,False,06754000
401733105392404,5,12868,39,100.0,0.0,0.428,False,0,0.0004097717973877,False,06754000
401733105392404,5,12932,40,100.0,0.0,5.297,False,0,0.0004097717973877,False,06754000
401733105392404,5,12888,41,100.0,0.0,0.163,False,0,0.0004097717973877,False,06754000
401733105392404,5,940190143,42,100.0,0.0,1.745,False,0,0.0004097717973877,False,06754000
401733105392404,5,940190144,43,100.0,0.0,0.875,False,0,0.0004097717973877,False,06754000
401733105392404,5,12892,44,100.0,0.0,1.4370000000000003,False,0,0.0004097717973877,False,06754000
401733105392404,5,14934,45,100.0,0.0,6.857,False,0,0.0004097717973877,False,06754000
401733105392404,5,14940,46,100.0,0.0,3.4820000000000007,False,0,0.0004097717973877,False,06754000
401733105392404,5,14948,47,100.0,0.0,1.262,False,0,0.0004097717973877,False,06754000
401733105392404,5,14964,48,100.0,0.0,6.452000000000001,False,0,0.0004097717973877,False,06754000
401733105392404,5,14978,49,100.0,0.0,2.822,False,0,0.0004097717973877,False,06754000
401733105392404,5,14976,50,100.0,0.0,0.973,False,0,0.0004097717973877,False,06754000
401733105392404,5,14982,51,100.0,0.0,1.42,False,0,0.0004097717973877,False,06754000
401733105392404,5,15520,52,100.0,0.0,0.36700000000000005,True,14172,0.0004097717973877,False,06754000
401733105392404,5,14986,53,100.0,0.0,1.497,False,0,0.0004097717973877,False,06754000
401733105392404,5,14984,54,100.0,0.0,3.3480000000000003,False,0,0.0004097717973877,False,06754000
401733105392404,5,14968,55,100.0,0.0,0.162,False,0,0.0004097717973877,False,06754000
401733105392404,5,14962,56,100.0,0.0,3.037,False,0,0.0004097717973877,False,06754000
401733105392404,5,15526,57,100.0,0.0,0.102,False,0,0.0004097717973877,False,06754000
401733105392404,5,226837,58,100.0,0.0,1.416,False,0,0.0004097717973877,False,06754000
401733105392404,5,226569,59,100.0,0.0,0.6,False,0,0.0004097717973877,False,06754000
401733105392404,5,226575,60,100.0,0.0,2.846,False,0,0.0004097717973877,False,06754000
401733105392404,5,226571,61,100.0,0.0,13.470999999999998,False,0,0.0004097717973877,False,06754000
401733105392404,5,226555,62,100.0,0.0,1.485,False,0,0.0004097717973877,False,06754000
401733105392404,5,226565,63,100.0,75.195,1.4290160500000004,False,0,0.0004097717973877,True,06754000
06882000,0,2275923,0,96.101,0.0,2.01235494,False,0,0.9147050175313024,False,06887000
06882000,0,2275959,1,100.0,0.0,4.82,False,0,0.9147050175313024,False,06887000
06882000,0,2276705,2,100.0,0.0,0.226,False,0,0.9147050175313024,False,06887000
06882000,0,2276719,3,100.0,0.0,1.788,False,0,0.9147050175313024,False,06887000
06882000,0,2276741,4,100.0,0.0,3.187,False,0,0.9147050175313024,False,06887000
06882000,0,2276747,5,100.0,0.0,1.892,False,0,0.9147050175313024,False,06887000
06882000,0,2276773,6,100.0,0.0,5.069,False,0,0.9147050175313024,False,06887000
06882000,0,2276799,7,100.0,0.0,3.591,False,0,0.9147050175313024,False,06887000
06882000,0,2276811,8,100.0,0.0,1.7519999999999998,False,0,0.9147050175313024,False,06887000
06882000,0,2276819,9,100.0,0.0,1.389,False,0,0.9147050175313024,False,06887000
06882000,0,2276845,10,100.0,0.0,3.48,False,0,0.9147050175313024,False,06887000
06882000,0,2277309,11,100.0,0.0,5.799000000000001,False,0,0.9147050175313024,False,06887000
06882000,0,2277315,12,100.0,0.0,5.066,False,0,0.9147050175313024,False,06887000
06882000,0,2276915,13,100.0,0.0,1.599,False,0,0.9147050175313024,False,06887000
06882000,0,2276937,14,100.0,0.0,2.765,False,0,0.9147050175313024,False,06887000
06882000,0,2277349,15,100.0,0.0,5.029,False,0,0.9147050175313024,False,06887000
06882000,0,2276985,16,100.0,0.0,6.08,False,0,0.9147050175313024,False,06887000
06882000,0,2277035,17,100.0,0.0,4.019,False,0,0.9147050175313024,False,06887000
06882000,0,2277033,18,100.0,0.0,0.11600000000000002,False,0,0.9147050175313024,False,06887000
06882000,0,2277541,19,100.0,0.0,3.464,False,0,0.9147050175313024,False,06887000
06882000,0,2277543,20,100.0,0.0,2.01,False,0,0.9147050175313024,False,06887000
06882000,0,2277545,21,100.0,0.0,0.292,False,0,0.9147050175313024,False,06887000
06882000,0,2277567,22,100.0,0.0,0.8420000000000001,False,0,0.9147050175313024,False,06887000
06882000,0,2277547,23,100.0,0.0,0.102,False,0,0.9147050175313024,False,06887000
06882000,0,2277553,24,100.0,0.0,2.149,False,0,0.9147050175313024,False,06887000
06882000,0,2277569,25,100.0,0.0,0.431,False,0,0.9147050175313024,False,06887000
06882000,0,2277555,26,100.0,0.0,1.878,False,0,0.9147050175313024,False,06887000
06882000,0,2277561,27,100.0,0.0,1.167,False,0,0.9147050175313024,False,06887000
06882000,0,2277565,28,100.0,0.0,0.286,False,0,0.9147050175313024,False,06887000
06882000,0,2277563,29,100.0,0.0,1.515,False,0,0.9147050175313024,False,06887000
06882000,0,2277533,30,100.0,0.0,1.187,False,0,0.9147050175313024,False,06887000
06882000,0,2277531,31,100.0,0.0,1.733,False,0,0.9147050175313024,False,06887000
06882000,0,2277529,32,100.0,0.0,1.9680000000000002,False,0,0.9147050175313024,False,06887000
06882000,0,2277527,33,100.0,0.0,3.2909999999999995,False,0,0.9147050175313024,False,06887000
06882000,0,2277523,34,100.0,0.0,0.791,False,0,0.9147050175313024,True,06887000
06882000,0,2277521,35,100.0,0.0,2.905,False,0,0.9147050175313024,True,06887000
06882000,0,2277517,36,100.0,0.0,1.7619999999999998,False,0,0.9147050175313024,True,06887000
06882000,0,2277515,37,100.0,0.0,0.513,False,0,0.9147050175313024,True,06887000
06882000,0,2277509,38,100.0,0.0,1.372,False,0,0.9147050175313024,True,06887000
06882000,0,2277507,39,100.0,0.0,1.103,False,0,0.9147050175313024,True,06887000
06882000,0,2277505,40,100.0,0.0,1.332,False,0,0.9147050175313024,True,06887000
06882000,0,2277499,41,100.0,0.0,2.112,False,0,0.9147050175313024,True,06887000
06882000,0,2277501,42,100.0,0.0,0.185,False,0,0.9147050175313024,True,06887000
06882000,0,2277495,43,100.0,0.0,1.908,False,0,0.9147050175313024,True,06887000
06882000,0,2277487,44,100.0,0.0,0.732,False,0,0.9147050175313024,True,06887000
06882000,0,2277483,45,100.0,0.0,1.59,False,0,0.9147050175313024,True,06887000
06882000,0,2277491,46,100.0,0.0,1.058,False,0,0.9147050175313024,True,06887000
06882000,0,2279181,47,100.0,0.0,0.335,True,18880944,0.9147050175313024,True,06887000
06882000,0,2281123,48,100.0,0.0,1.352,True,18880944,0.9147050175313024,True,06887000
06882000,0,2281125,49,100.0,0.0,0.596,True,18880944,0.9147050175313024,True,06887000
06882000,0,2281129,50,100.0,0.0,3.54,True,18880944,0.9147050175313024,True,06887000
06882000,0,2281127,51,100.0,0.0,0.935,True,18880944,0.9147050175313024,True,06887000
06882000,0,2281131,52,100.0,0.0,0.585,True,18880944,0.9147050175313024,True,06887000
06882000,0,2281133,53,100.0,0.0,0.924,True,18880944,0.9147050175313024,True,06887000
06882000,0,2281135,54,100.0,0.0,0.4109999999999999,True,18880944,0.9147050175313024,True,06887000
06882000,0,2281137,55,100.0,0.0,3.033,True,18880944,0.9147050175313024,True,06887000
06882000,0,2281139,56,100.0,0.0,0.23200000000000004,True,18880944,0.9147050175313024,True,06887000
06882000,0,2281141,57,100.0,0.0,0.446,True,18880944,0.9147050175313024,True,06887000
06882000,0,2281143,58,100.0,0.0,4.894,True,18880944,0.9147050175313024,True,06887000
06882000,0,2281145,59,100.0,0.0,0.21,True,18880944,0.9147050175313024,True,06887000
06882000,0,2281147,60,100.0,0.0,1.118,True,18880944,0.9147050175313024,True,06887000
06882000,0,2281149,61,100.0,0.0,1.038,True,18880944,0.9147050175313024,True,06887000
06882000,0,2281151,62,100.0,0.0,3.117,True,18880944,0.9147050175313024,True,06887000
06882000,0,2281153,63,100.0,0.0,0.12,True,18880944,0.9147050175313024,True,06887000
06882000,0,2281155,64,100.0,0.0,2.225,True,18880944,0.9147050175313024,True,06887000
06882000,0,2281157,65,100.0,0.0,0.591,True,18880944,0.9147050175313024,True,06887000
06882000,0,2281159,66,100.0,0.0,2.397,True,18880944,0.9147050175313024,True,06887000
06882000,0,2281161,67,100.0,0.0,0.253,True,18880944,0.9147050175313024,True,06887000
06882000,0,2281163,68,100.0,0.0,7.42,True,18880944,0.9147050175313024,True,06887000
06882000,0,2279183,69,100.0,0.0,0.512,True,18880944,0.9147050175313024,True,06887000
06882000,0,2281165,70,100.0,0.0,1.044,True,18880944,0.9147050175313024,True,06887000
06882000,0,2281167,71,100.0,0.0,3.2,True,18880944,0.9147050175313024,True,06887000
06882000,0,2281169,72,100.0,0.0,2.537,True,18880944,0.9147050175313024,True,06887000
06882000,0,2281171,73,100.0,0.0,2.488,True,18880944,0.9147050175313024,True,06887000
06882000,0,24646277,74,100.0,0.0,0.8370000000000001,False,0,0.9147050175313024,True,06887000
06882000,0,2279311,75,100.0,0.0,0.472,False,0,0.9147050175313024,True,06887000
06882000,0,2279129,76,100.0,0.0,0.405,False,0,0.9147050175313024,True,06887000
06882000,0,2279133,77,100.0,0.0,0.495,False,0,0.9147050175313024,True,06887000
06882000,0,2279137,78,100.0,20.1145,2.4189329400000004,False,0,0.9147050175313024,True,06887000
06885500,1,2277053,0,63.76,0.0,1.9414919999999998,False,0,0.0852949824686976,False,06887000
06885500,1,2277071,1,100.0,0.0,5.145,False,0,0.0852949824686976,False,06887000
06885500,1,2277075,2,100.0,0.0,2.278,False,0,0.0852949824686976,False,06887000
06885500,1,2277077,3,100.0,0.0,1.8020000000000003,False,0,0.0852949824686976,False,06887000
06885500,1,2277383,4,100.0,0.0,11.145,False,0,0.0852949824686976,False,06887000
06885500,1,2277109,5,100.0,0.0,4.3,False,0,0.0852949824686976,False,06887000
06885500,1,2277127,6,100.0,0.0,4.269,False,0,0.0852949824686976,False,06887000
06885500,1,2277525,7,100.0,0.0,0.088,False,0,0.0852949824686976,False,06887000
06885500,1,2277523,8,100.0,0.0,0.791,False,0,0.0852949824686976,True,06887000
06885500,1,2277521,9,100.0,0.0,2.905,False,0,0.0852949824686976,True,06887000
06885500,1,2277517,10,100.0,0.0,1.7619999999999998,False,0,0.0852949824686976,True,06887000
06885500,1,2277515,11,100.0,0.0,0.513,False,0,0.0852949824686976,True,06887000
06885500,1,2277509,12,100.0,0.0,1.372,False,0,0.0852949824686976,True,06887000
06885500,1,2277507,13,100.0,0.0,1.103,False,0,0.0852949824686976,True,06887000
06885500,1,2277505,14,100.0,0.0,1.332,False,0,0.0852949824686976,True,06887000
06885500,1,2277499,15,100.0,0.0,2.112,False,0,0.0852949824686976,True,06887000
06885500,1,2277501,16,100.0,0.0,0.185,False,0,0.0852949824686976,True,06887000
06885500,1,2277495,17,100.0,0.0,1.908,False,0,0.0852949824686976,True,06887000
06885500,1,2277487,18,100.0,0.0,0.732,False,0,0.0852949824686976,True,06887000
06885500,1,2277483,19,100.0,0.0,1.59,False,0,0.0852949824686976,True,06887000
06885500,1,2277491,20,100.0,0.0,1.058,False,0,0.0852949824686976,True,06887000
06885500,1,2279181,21,100.0,0.0,0.335,True,18880944,0.0852949824686976,True,06887000
06885500,1,2281123,22,100.0,0.0,1.352,True,18880944,0.0852949824686976,True,06887000
06885500,1,2281125,23,100.0,0.0,0.596,True,18880944,0.0852949824686976,True,06887000
06885500,1,2281129,24,100.0,0.0,3.54,True,18880944,0.0852949824686976,True,06887000
06885500,1,2281127,25,100.0,0.0,0.935,True,18880944,0.0852949824686976,True,06887000
06885500,1,2281131,26,100.0,0.0,0.585,True,18880944,0.0852949824686976,True,06887000
06885500,1,2281133,27,100.0,0.0,0.924,True,18880944,0.0852949824686976,True,06887000
06885500,1,2281135,28,100.0,0.0,0.4109999999999999,True,18880944,0.0852949824686976,True,06887000
06885500,1,2281137,29,100.0,0.0,3.033,True,18880944,0.0852949824686976,True,06887000
06885500,1,2281139,30,100.0,0.0,0.23200000000000004,True,18880944,0.0852949824686976,True,06887000
06885500,1,2281141,31,100.0,0.0,0.446,True,18880944,0.0852949824686976,True,06887000
06885500,1,2281143,32,100.0,0.0,4.894,True,18880944,0.0852949824686976,True,06887000
06885500,1,2281145,33,100.0,0.0,0.21,True,18880944,0.0852949824686976,True,06887000
06885500,1,2281147,34,100.0,0.0,1.118,True,18880944,0.0852949824686976,True,06887000
06885500,1,2281149,35,100.0,0.0,1.038,True,18880944,0.0852949824686976,True,06887000
06885500,1,2281151,36,100.0,0.0,3.117,True,18880944,0.0852949824686976,True,06887000
06885500,1,2281153,37,100.0,0.0,0.12,True,18880944,0.0852949824686976,True,06887000
06885500,1,2281155,38,100.0,0.0,2.225,True,18880944,0.0852949824686976,True,06887000
06885500,1,2281157,39,100.0,0.0,0.591,True,18880944,0.0852949824686976,True,06887000
06885500,1,2281159,40,100.0,0.0,2.397,True,18880944,0.0852949824686976,True,06887000
06885500,1,2281161,41,100.0,0.0,0.253,True,18880944,0.0852949824686976,True,06887000
06885500,1,2281163,42,100.0,0.0,7.42,True,18880944,0.0852949824686976,True,06887000
06885500,1,2279183,43,100.0,0.0,0.512,True,18880944,0.0852949824686976,True,06887000
06885500,1,2281165,44,100.0,0.0,1.044,True,18880944,0.0852949824686976,True,06887000
06885500,1,2281167,45,100.0,0.0,3.2,True,18880944,0.0852949824686976,True,06887000
06885500,1,2281169,46,100.0,0.0,2.537,True,18880944,0.0852949824686976,True,06887000
06885500,1,2281171,47,100.0,0.0,2.488,True,18880944,0.0852949824686976,True,06887000
06885500,1,24646277,48,100.0,0.0,0.8370000000000001,False,0,0.0852949824686976,True,06887000
06885500,1,2279311,49,100.0,0.0,0.472,False,0,0.0852949824686976,True,06887000
06885500,1,2279129,50,100.0,0.0,0.405,False,0,0.0852949824686976,True,06887000
06885500,1,2279133,51,100.0,0.0,0.495,False,0,0.0852949824686976,True,06887000
06885500,1,2279137,52,100.0,20.1145,2.4189329400000004,False,0,0.0852949824686976,True,06887000
06879100,0,18841770,0,68.0658,0.0,3.16846299,False,0,0.7972626476572144,False,06889000
06879100,0,18841762,1,100.0,0.0,3.627,False,0,0.7972626476572144,False,06889000
06879100,0,18841758,2,100.0,0.0,2.249,False,0,0.7972626476572144,False,06889000
06879100,0,18841754,3,100.0,0.0,0.272,False,0,0.7972626476572144,False,06889000
06879100,0,18841750,4,100.0,0.0,1.672,False,0,0.7972626476572144,False,06889000
06879100,0,18841746,5,100.0,0.0,5.892,False,0,0.7972626476572144,False,06889000
06879100,0,18841734,6,100.0,0.0,0.916,False,0,0.7972626476572144,False,06889000
06879100,0,18841740,7,100.0,0.0,6.975,False,0,0.7972626476572144,False,06889000
06879100,0,18841736,8,100.0,0.0,0.943,False,0,0.7972626476572144,False,06889000
06879100,0,18841730,9,100.0,0.0,0.564,False,0,0.7972626476572144,False,06889000
06879100,0,18841726,10,100.0,0.0,1.034,False,0,0.7972626476572144,False,06889000
06879100,0,18841722,11,100.0,0.0,2.995,False,0,0.7972626476572144,False,06889000
06879100,0,18841718,12,100.0,0.0,2.26,False,0,0.7972626476572144,False,06889000
06879100,0,18841714,13,100.0,0.0,2.843,False,0,0.7972626476572144,False,06889000
06879100,0,940270039,14,100.0,0.0,9.494,False,0,0.7972626476572144,False,06889000
06879100,0,940270040,15,100.0,0.0,3.217,False,0,0.7972626476572144,False,06889000
06879100,0,3644462,16,100.0,0.0,0.971,False,0,0.7972626476572144,False,06889000
06879100,0,3655434,17,100.0,0.0,2.532,False,0,0.7972626476572144,False,06889000
06879100,0,3644468,18,100.0,0.0,0.18,False,0,0.7972626476572144,False,06889000
06879100,0,3644472,19,100.0,0.0,0.552,False,0,0.7972626476572144,False,06889000
06879100,0,3644486,20,100.0,0.0,1.6469999999999998,False,0,0.7972626476572144,False,06889000
06879100,0,3644508,21,100.0,0.0,7.401,False,0,0.7972626476572144,False,06889000
06879100,0,3644514,22,100.0,0.0,0.617,False,0,0.7972626476572144,False,06889000
06879100,0,3644512,23,100.0,0.0,3.122,False,0,0.7972626476572144,False,06889000
06879100,0,3644496,24,100.0,0.0,1.056,False,0,0.7972626476572144,False,06889000
06879100,0,3644480,25,100.0,0.0,0.976,False,0,0.7972626476572144,False,06889000
06879100,0,3644452,26,100.0,0.0,1.76,False,0,0.7972626476572144,False,06889000
06879100,0,3644490,27,100.0,0.0,4.126,False,0,0.7972626476572144,False,06889000
06879100,0,3655436,28,100.0,0.0,0.15,False,0,0.7972626476572144,False,06889000
06879100,0,3644488,29,100.0,0.0,0.577,False,0,0.7972626476572144,False,06889000
06879100,0,3644476,30,100.0,0.0,2.182,False,0,0.7972626476572144,False,06889000
06879100,0,3644426,31,100.0,0.0,1.9240000000000002,False,0,0.7972626476572144,False,06889000
06879100,0,3644412,32,100.0,0.0,0.89,False,0,0.7972626476572144,False,06889000
06879100,0,3644420,33,100.0,0.0,0.743,False,0,0.7972626476572144,False,06889000
06879100,0,3644428,34,100.0,0.0,0.6730000000000002,False,0,0.7972626476572144,False,06889000
06879100,0,3644432,35,100.0,0.0,0.743,False,0,0.7972626476572144,False,06889000
06879100,0,3644446,36,100.0,0.0,5.56,False,0,0.7972626476572144,False,06889000
06879100,0,3644450,37,100.0,0.0,1.177,False,0,0.7972626476572144,False,06889000
06879100,0,3644456,38,100.0,0.0,1.033,False,0,0.7972626476572144,False,06889000
06879100,0,3644458,39,100.0,0.0,1.226,False,0,0.7972626476572144,False,06889000
06879100,0,3644500,40,100.0,0.0,6.001999999999999,False,0,0.7972626476572144,False,06889000
06879100,0,3644518,41,100.0,0.0,3.463,False,0,0.7972626476572144,False,06889000
06879100,0,3644524,42,100.0,0.0,4.054,False,0,0.7972626476572144,False,06889000
06879100,0,3644528,43,100.0,0.0,0.494,False,0,0.7972626476572144,False,06889000
06879100,0,3644542,44,100.0,0.0,1.277,False,0,0.7972626476572144,False,06889000
06879100,0,3644544,45,100.0,0.0,1.5520000000000003,False,0,0.7972626476572144,False,06889000
06879100,0,3646748,46,100.0,0.0,0.944,False,0,0.7972626476572144,False,06889000
06879100,0,3646752,47,100.0,0.0,2.439,False,0,0.7972626476572144,True,06889000
06879100,0,3646762,48,100.0,0.0,6.034,False,0,0.7972626476572144,True,06889000
06879100,0,3646774,49,100.0,0.0,0.686,False,0,0.7972626476572144,True,06889000
06879100,0,3646780,50,100.0,0.0,4.057,False,0,0.7972626476572144,True,06889000
06879100,0,3646814,51,100.0,0.0,2.022,False,0,0.7972626476572144,True,06889000
06879100,0,3646834,52,100.0,0.0,1.858,False,0,0.7972626476572144,True,06889000
06879100,0,3646842,53,100.0,0.0,1.118,False,0,0.7972626476572144,True,06889000
06879100,0,3646846,54,100.0,0.0,5.388,False,0,0.7972626476572144,True,06889000
06879100,0,3646798,55,100.0,0.0,3.964,False,0,0.7972626476572144,True,06889000
06879100,0,3646792,56,100.0,0.0,1.697,False,0,0.7972626476572144,True,06889000
06879100,0,3646844,57,100.0,27.432,6.424445039999999,False,0,0.7972626476572144,True,06889000
06887000,1,2279137,0,20.1145,0.0,0.60906706,False,0,0.1966057182455253,False,06889000
06887000,1,2281121,1,100.0,0.0,0.431,False,0,0.1966057182455253,False,06889000
06887000,1,2279147,2,100.0,0.0,1.449,False,0,0.1966057182455253,False,06889000
06887000,1,2279151,3,100.0,0.0,1.553,False,0,0.1966057182455253,False,06889000
06887000,1,2279157,4,100.0,0.0,3.6860000000000004,False,0,0.1966057182455253,False,06889000
06887000,1,2279159,5,100.0,0.0,1.234,False,0,0.1966057182455253,False,06889000
06887000,1,2279163,6,100.0,0.0,1.957,False,0,0.1966057182455253,False,06889000
06887000,1,2279319,7,100.0,0.0,0.165,False,0,0.1966057182455253,False,06889000
06887000,1,2279165,8,100.0,0.0,1.062,False,0,0.1966057182455253,False,06889000
06887000,1,940270039,9,100.0,0.0,9.494,False,0,0.1966057182455253,False,06889000
06887000,1,940270040,10,100.0,0.0,3.217,False,0,0.1966057182455253,False,06889000
06887000,1,3644462,11,100.0,0.0,0.971,False,0,0.1966057182455253,False,06889000
06887000,1,3655434,12,100.0,0.0,2.532,False,0,0.1966057182455253,False,06889000
06887000,1,3644468,13,100.0,0.0,0.18,False,0,0.1966057182455253,False,06889000
06887000,1,3644472,14,100.0,0.0,0.552,False,0,0.1966057182455253,False,06889000
06887000,1,3644486,15,100.0,0.0,1.6469999999999998,False,0,0.1966057182455253,False,06889000
06887000,1,3644508,16,100.0,0.0,7.401,False,0,0.1966057182455253,False,06889000
06887000,1,3644514,17,100.0,0.0,0.617,False,0,0.1966057182455253,False,06889000
06887000,1,3644512,18,100.0,0.0,3.122,False,0,0.1966057182455253,False,06889000
06887000,1,3644496,19,100.0,0.0,1.056,False,0,0.1966057182455253,False,06889000
06887000,1,3644480,20,100.0,0.0,0.976,False,0,0.1966057182455253,False,06889000
06887000,1,3644452,21,100.0,0.0,1.76,False,0,0.1966057182455253,False,06889000
06887000,1,3644490,22,100.0,0.0,4.126,False,0,0.1966057182455253,False,06889000
06887000,1,3655436,23,100.0,0.0,0.15,False,0,0.1966057182455253,False,06889000
06887000,1,3644488,24,100.0,0.0,0.577,False,0,0.1966057182455253,False,06889000
06887000,1,3644476,25,100.0,0.0,2.182,False,0,0.1966057182455253,False,06889000
06887000,1,3644426,26,100.0,0.0,1.9240000000000002,False,0,0.1966057182455253,False,06889000
06887000,1,3644412,27,100.0,0.0,0.89,False,0,0.1966057182455253,False,06889000
06887000,1,3644420,28,100.0,0.0,0.743,False,0,0.1966057182455253,False,06889000
06887000,1,3644428,29,100.0,0.0,0.6730000000000002,False,0,0.1966057182455253,False,06889000
06887000,1,3644432,30,100.0,0.0,0.743,False,0,0.1966057182455253,False,06889000
06887000,1,3644446,31,100.0,0.0,5.56,False,0,0.1966057182455253,False,06889000
06887000,1,3644450,32,100.0,0.0,1.177,False,0,0.1966057182455253,False,06889000
06887000,1,3644456,33,100.0,0.0,1.033,False,0,0.1966057182455253,False,06889000
06887000,1,3644458,34,100.0,0.0,1.226,False,0,0.1966057182455253,False,06889000
06887000,1,3644500,35,100.0,0.0,6.001999999999999,False,0,0.1966057182455253,False,06889000
06887000,1,3644518,36,100.0,0.0,3.463,False,0,0.1966057182455253,False,06889000
06887000,1,3644524,37,100.0,0.0,4.054,False,0,0.1966057182455253,False,06889000
06887000,1,3644528,38,100.0,0.0,0.494,False,0,0.1966057182455253,False,06889000
06887000,1,3644542,39,100.0,0.0,1.277,False,0,0.1966057182455253,False,06889000
06887000,1,3644544,40,100.0,0.0,1.5520000000000003,False,0,0.1966057182455253,False,06889000
06887000,1,3646748,41,100.0,0.0,0.944,False,0,0.1966057182455253,False,06889000
06887000,1,3646752,42,100.0,0.0,2.439,False,0,0.1966057182455253,True,06889000
06887000,1,3646762,43,100.0,0.0,6.034,False,0,0.1966057182455253,True,06889000
06887000,1,3646774,44,100.0,0.0,0.686,False,0,0.1966057182455253,True,06889000
06887000,1,3646780,45,100.0,0.0,4.057,False,0,0.1966057182455253,True,06889000
06887000,1,3646814,46,100.0,0.0,2.022,False,0,0.1966057182455253,True,06889000
06887000,1,3646834,47,100.0,0.0,1.858,False,0,0.1966057182455253,True,06889000
06887000,1,3646842,48,100.0,0.0,1.118,False,0,0.1966057182455253,True,06889000
06887000,1,3646846,49,100.0,0.0,5.388,False,0,0.1966057182455253,True,06889000
06887000,1,3646798,50,100.0,0.0,3.964,False,0,0.1966057182455253,True,06889000
06887000,1,3646792,51,100.0,0.0,1.697,False,0,0.1966057182455253,True,06889000
06887000,1,3646844,52,100.0,27.432,6.424445039999999,False,0,0.1966057182455253,True,06889000
06888500,2,3643688,0,75.3,0.0,2.604627,False,0,0.0061316340972601,False,06889000
06888500,2,3643704,1,100.0,0.0,2.836,False,0,0.0061316340972601,False,06889000
06888500,2,3643676,2,100.0,0.0,5.176,False,0,0.0061316340972601,False,06889000
06888500,2,3643660,3,100.0,0.0,0.829,False,0,0.0061316340972601,False,06889000
06888500,2,3643602,4,100.0,0.0,1.037,False,0,0.0061316340972601,False,06889000
06888500,2,3643590,5,100.0,0.0,0.199,False,0,0.0061316340972601,False,06889000
06888500,2,3643610,6,100.0,0.0,2.599,False,0,0.0061316340972601,False,06889000
06888500,2,3643622,7,100.0,0.0,4.066,False,0,0.0061316340972601,False,06889000
06888500,2,3643560,8,100.0,0.0,0.433,False,0,0.0061316340972601,False,06889000
06888500,2,3643632,9,100.0,0.0,1.4039999999999997,False,0,0.0061316340972601,False,06889000
06888500,2,3643640,10,100.0,0.0,0.674,False,0,0.0061316340972601,False,06889000
06888500,2,3643662,11,100.0,0.0,1.615,False,0,0.0061316340972601,False,06889000
06888500,2,3643664,12,100.0,0.0,1.317,False,0,0.0061316340972601,False,06889000
06888500,2,3643636,13,100.0,0.0,0.179,False,0,0.0061316340972601,False,06889000
06888500,2,3643650,14,100.0,0.0,3.113,False,0,0.0061316340972601,False,06889000
06888500,2,3643616,15,100.0,0.0,0.188,False,0,0.0061316340972601,False,06889000
06888500,2,3643614,16,100.0,0.0,1.345,False,0,0.0061316340972601,False,06889000
06888500,2,3643530,17,100.0,0.0,2.72,False,0,0.0061316340972601,False,06889000
06888500,2,3643440,18,100.0,0.0,0.907,False,0,0.0061316340972601,False,06889000
06888500,2,3646112,19,100.0,0.0,0.297,False,0,0.0061316340972601,False,06889000
06888500,2,3646114,20,100.0,0.0,1.575,False,0,0.0061316340972601,False,06889000
06888500,2,3646076,21,100.0,0.0,0.657,False,0,0.0061316340972601,False,06889000
06888500,2,3646754,22,100.0,0.0,0.139,False,0,0.0061316340972601,False,06889000
06888500,2,3646752,23,100.0,0.0,2.439,False,0,0.0061316340972601,True,06889000
06888500,2,3646762,24,100.0,0.0,6.034,False,0,0.0061316340972601,True,06889000
06888500,2,3646774,25,100.0,0.0,0.686,False,0,0.0061316340972601,True,06889000
06888500,2,3646780,26,100.0,0.0,4.057,False,0,0.0061316340972601,True,06889000
06888500,2,3646814,27,100.0,0.0,2.022,False,0,0.0061316340972601,True,06889000
06888500,2,3646834,28,100.0,0.0,1.858,False,0,0.0061316340972601,True,06889000
06888500,2,3646842,29,100.0,0.0,1.118,False,0,0.0061316340972601,True,06889000
06888500,2,3646846,30,100.0,0.0,5.388,False,0,0.0061316340972601,True,06889000
06888500,2,3646798,31,100.0,0.0,3.964,False,0,0.0061316340972601,True,06889000
06888500,2,3646792,32,100.0,0.0,1.697,False,0,0.0061316340972601,True,06889000
06888500,2,3646844,33,100.0,27.432,6.424445039999999,False,0,0.0061316340972601,True,06889000
06889000,0,3646844,0,27.432,0.0,2.42855496,False,0,0.9794124847281792,False,06892350
06889000,0,3646782,1,100.0,0.0,2.7,False,0,0.9794124847281792,False,06892350
06889000,0,3646770,2,100.0,0.0,0.549,False,0,0.9794124847281792,False,06892350
06889000,0,3646804,3,100.0,0.0,2.12,False,0,0.9794124847281792,False,06892350
06889000,0,3646874,4,100.0,0.0,2.51,False,0,0.9794124847281792,False,06892350
06889000,0,3646872,5,100.0,0.0,0.6409999999999999,False,0,0.9794124847281792,False,06892350
06889000,0,3646932,6,100.0,0.0,0.192,False,0,0.9794124847281792,False,06892350
06889000,0,3646866,7,100.0,0.0,0.41,False,0,0.9794124847281792,False,06892350
06889000,0,3646856,8,100.0,0.0,1.171,False,0,0.9794124847281792,False,06892350
06889000,0,3646838,9,100.0,0.0,2.5810000000000004,False,0,0.9794124847281792,False,06892350
06889000,0,3646828,10,100.0,0.0,1.328,False,0,0.9794124847281792,False,06892350
06889000,0,3646820,11,100.0,0.0,0.515,False,0,0.9794124847281792,False,06892350
06889000,0,3646862,12,100.0,0.0,1.969,False,0,0.9794124847281792,False,06892350
06889000,0,3646864,13,100.0,0.0,3.1210000000000004,False,0,0.9794124847281792,False,06892350
06889000,0,3646822,14,100.0,0.0,1.176,False,0,0.9794124847281792,False,06892350
06889000,0,3646810,15,100.0,0.0,2.813,False,0,0.9794124847281792,False,06892350
06889000,0,3646852,16,100.0,0.0,2.317,False,0,0.9794124847281792,False,06892350
06889000,0,3646850,17,100.0,0.0,0.084,False,0,0.9794124847281792,False,06892350
06889000,0,3729521,18,100.0,0.0,1.42,False,0,0.9794124847281792,True,06892350
06889000,0,3729525,19,100.0,0.0,0.071,False,0,0.9794124847281792,True,06892350
06889000,0,3729539,20,100.0,0.0,3.093,False,0,0.9794124847281792,True,06892350
06889000,0,3729549,21,100.0,0.0,1.742,False,0,0.9794124847281792,True,06892350
06889000,0,3729547,22,100.0,0.0,0.748,False,0,0.9794124847281792,True,06892350
06889000,0,3729543,23,100.0,0.0,2.93,False,0,0.9794124847281792,True,06892350
06889000,0,3729535,24,100.0,0.0,0.533,False,0,0.9794124847281792,True,06892350
06889000,0,3729559,25,100.0,0.0,4.346,False,0,0.9794124847281792,True,06892350
06889000,0,3729561,26,100.0,0.0,0.162,False,0,0.9794124847281792,True,06892350
06889000,0,3729567,27,100.0,0.0,2.917,False,0,0.9794124847281792,True,06892350
06889000,0,3737615,28,100.0,0.0,0.32,False,0,0.9794124847281792,True,06892350
06889000,0,3737617,29,100.0,0.0,1.7589999999999997,False,0,0.9794124847281792,True,06892350
06889000,0,3737643,30,100.0,0.0,0.4709999999999999,False,0,0.9794124847281792,True,06892350
06889000,0,3737637,31,100.0,0.0,3.542,False,0,0.9794124847281792,True,06892350
06889000,0,3737639,32,100.0,0.0,0.441,False,0,0.9794124847281792,True,06892350
06889000,0,3737659,33,100.0,0.0,4.323,False,0,0.9794124847281792,True,06892350
06889000,0,3737655,34,100.0,0.0,0.408,False,0,0.9794124847281792,True,06892350
06889000,0,3737651,35,100.0,0.0,1.9069999999999998,False,0,0.9794124847281792,True,06892350
06889000,0,3737653,36,100.0,0.0,1.842,False,0,0.9794124847281792,True,06892350
06889000,0,3737683,37,100.0,0.0,0.8539999999999999,False,0,0.9794124847281792,True,06892350
06889000,0,3737685,38,100.0,0.0,0.146,False,0,0.9794124847281792,True,06892350
06889000,0,3737681,39,100.0,0.0,3.345,False,0,0.9794124847281792,True,06892350
06889000,0,3737629,40,100.0,0.0,3.27,False,0,0.9794124847281792,True,06892350
06889000,0,3737623,41,100.0,0.0,1.369,False,0,0.9794124847281792,True,06892350
06889000,0,3737625,42,100.0,0.0,2.983,False,0,0.9794124847281792,True,06892350
06889000,0,3737667,43,100.0,0.0,0.333,False,0,0.9794124847281792,True,06892350
06889000,0,3737663,44,100.0,0.0,3.091,False,0,0.9794124847281792,True,06892350
06889000,0,3737609,45,100.0,0.0,0.38800000000000007,False,0,0.9794124847281792,True,06892350
06889000,0,3729565,46,100.0,0.0,0.948,False,0,0.9794124847281792,True,06892350
06889000,0,3737611,47,100.0,0.0,0.841,False,0,0.9794124847281792,True,06892350
06889000,0,3730465,48,100.0,0.0,0.1,False,0,0.9794124847281792,True,06892350
06889000,0,3730381,49,100.0,0.0,1.514,False,0,0.9794124847281792,True,06892350
06889000,0,3730379,50,100.0,0.0,0.155,False,0,0.9794124847281792,True,06892350
06889000,0,3730389,51,100.0,0.0,1.5729999999999997,False,0,0.9794124847281792,True,06892350
06889000,0,3730399,52,100.0,62.2729,0.43423892100000006,False,0,0.9794124847281792,True,06892350
06890900,1,748073,0,66.222,0.0,2.35948986,False,0,0.020587515271821,False,06892350
06890900,1,751011,1,100.0,0.0,0.175,False,0,0.020587515271821,False,06892350
06890900,1,3729521,2,100.0,0.0,1.42,False,0,0.020587515271821,True,06892350
06890900,1,3729525,3,100.0,0.0,0.071,False,0,0.020587515271821,True,06892350
06890900,1,3729539,4,100.0,0.0,3.093,False,0,0.020587515271821,True,06892350
06890900,1,3729549,5,100.0,0.0,1.742,False,0,0.020587515271821,True,06892350
06890900,1,3729547,6,100.0,0.0,0.748,False,0,0.020587515271821,True,06892350
06890900,1,3729543,7,100.0,0.0,2.93,False,0,0.020587515271821,True,06892350
06890900,1,3729535,8,100.0,0.0,0.533,False,0,0.020587515271821,True,06892350
06890900,1,3729559,9,100.0,0.0,4.346,False,0,0.020587515271821,True,06892350
06890900,1,3729561,10,100.0,0.0,0.162,False,0,0.020587515271821,True,06892350
06890900,1,3729567,11,100.0,0.0,2.917,False,0,0.020587515271821,True,06892350
06890900,1,3737615,12,100.0,0.0,0.32,False,0,0.020587515271821,True,06892350
06890900,1,3737617,13,100.0,0.0,1.7589999999999997,False,0,0.020587515271821,True,06892350
06890900,1,3737643,14,100.0,0.0,0.4709999999999999,False,0,0.020587515271821,True,06892350
06890900,1,3737637,15,100.0,0.0,3.542,False,0,0.020587515271821,True,06892350
06890900,1,3737639,16,100.0,0.0,0.441,False,0,0.020587515271821,True,06892350
06890900,1,3737659,17,100.0,0.0,4.323,False,0,0.020587515271821,True,06892350
06890900,1,3737655,18,100.0,0.0,0.408,False,0,0.020587515271821,True,06892350
06890900,1,3737651,19,100.0,0.0,1.9069999999999998,False,0,0.020587515271821,True,06892350
06890900,1,3737653,20,100.0,0.0,1.842,False,0,0.020587515271821,True,06892350
06890900,1,3737683,21,100.0,0.0,0.8539999999999999,False,0,0.020587515271821,True,06892350
06890900,1,3737685,22,100.0,0.0,0.146,False,0,0.020587515271821,True,06892350
06890900,1,3737681,23,100.0,0.0,3.345,False,0,0.020587515271821,True,06892350
06890900,1,3737629,24,100.0,0.0,3.27,False,0,0.020587515271821,True,06892350
06890900,1,3737623,25,100.0,0.0,1.369,False,0,0.020587515271821,True,06892350
06890900,1,3737625,26,100.0,0.0,2.983,False,0,0.020587515271821,True,06892350
06890900,1,3737667,27,100.0,0.0,0.333,False,0,0.020587515271821,True,06892350
06890900,1,3737663,28,100.0,0.0,3.091,False,0,0.020587515271821,True,06892350
06890900,1,3737609,29,100.0,0.0,0.38800000000000007,False,0,0.020587515271821,True,06892350
06890900,1,3729565,30,100.0,0.0,0.948,False,0,0.020587515271821,True,06892350
06890900,1,3737611,31,100.0,0.0,0.841,False,0,0.020587515271821,True,06892350
06890900,1,3730465,32,100.0,0.0,0.1,False,0,0.020587515271821,True,06892350
06890900,1,3730381,33,100.0,0.0,1.514,False,0,0.020587515271821,True,06892350
06890900,1,3730379,34,100.0,0.0,0.155,False,0,0.020587515271821,True,06892350
06890900,1,3730389,35,100.0,0.0,1.5729999999999997,False,0,0.020587515271821,True,06892350
06890900,1,3730399,36,100.0,62.2729,0.43423892100000006,False,0,0.020587515271821,True,06892350
06893150,0,4393139,0,53.6681,0.0,1.4882164130000002,False,0,0.7988303887133688,False,06893578
06893150,0,4393049,1,100.0,0.0,1.507,False,0,0.7988303887133688,False,06893578
06893150,0,4392983,2,100.0,0.0,1.169,False,0,0.7988303887133688,False,06893578
06893150,0,4392953,3,100.0,0.0,2.086,False,0,0.7988303887133688,False,06893578
06893150,0,4393535,4,100.0,0.0,1.298,False,0,0.7988303887133688,False,06893578
06893150,0,4392813,5,100.0,0.0,3.088,False,0,0.7988303887133688,False,06893578
06893150,0,4392705,6,100.0,0.0,1.416,False,0,0.7988303887133688,False,06893578
06893150,0,4392651,7,100.0,0.0,1.185,False,0,0.7988303887133688,False,06893578
06893150,0,4392619,8,100.0,0.0,1.601,False,0,0.7988303887133688,False,06893578
06893150,0,4392577,9,100.0,0.0,0.149,False,0,0.7988303887133688,False,06893578
06893150,0,4392569,10,100.0,0.0,2.644,False,0,0.7988303887133688,False,06893578
06893150,0,4392543,11,100.0,0.0,0.723,False,0,0.7988303887133688,False,06893578
06893150,0,4392529,12,100.0,0.0,0.626,False,0,0.7988303887133688,False,06893578
06893150,0,4390987,13,100.0,0.0,0.511,False,0,0.7988303887133688,False,06893578
06893150,0,4392509,14,100.0,0.0,0.32,False,0,0.7988303887133688,False,06893578
06893150,0,4392511,15,100.0,0.0,0.44299999999999995,False,0,0.7988303887133688,False,06893578
06893150,0,4391215,16,100.0,0.0,2.5780000000000003,False,0,0.7988303887133688,False,06893578
06893150,0,4391213,17,100.0,0.0,3.3959999999999995,False,0,0.7988303887133688,False,06893578
06893150,0,4390829,18,100.0,0.0,1.117,False,0,0.7988303887133688,False,06893578
06893150,0,4390769,19,100.0,0.0,0.507,False,0,0.7988303887133688,True,06893578
06893150,0,4390755,20,100.0,0.0,1.45,False,0,0.7988303887133688,True,06893578
06893150,0,4391199,21,100.0,71.5041,1.6088785140000004,False,0,0.7988303887133688,True,06893578
06893557,1,4390865,0,79.5234,0.0,6.197258561999999,False,0,0.2011696112866312,False,06893578
06893557,1,4390783,1,100.0,0.0,2.093,False,0,0.2011696112866312,False,06893578
06893557,1,4390769,2,100.0,0.0,0.507,False,0,0.2011696112866312,True,06893578
06893557,1,4390755,3,100.0,0.0,1.45,False,0,0.2011696112866312,True,06893578
06893557,1,4391199,4,100.0,71.5041,1.6088785140000004,False,0,0.2011696112866312,True,06893578
06893820,0,4390909,0,87.5902,0.0,1.5126827539999999,False,0,0.6135623143520499,False,06894000
06893820,0,4390899,1,100.0,0.0,4.014,False,0,0.6135623143520499,False,06894000
06893820,0,4390795,2,100.0,0.0,1.726,False,0,0.6135623143520499,False,06894000
06893820,0,4390753,3,100.0,0.0,3.573,False,0,0.6135623143520499,False,06894000
06893820,0,4390687,4,100.0,0.0,1.69,False,0,0.6135623143520499,False,06894000
06893820,0,4390657,5,100.0,0.0,1.881,False,0,0.6135623143520499,False,06894000
06893820,0,4390617,6,100.0,0.0,1.794,False,0,0.6135623143520499,False,06894000
06893820,0,4391187,7,100.0,37.497,1.6657049499999999,False,0,0.6135623143520499,True,06894000
06893890,1,4390979,0,32.114,0.0,2.2527970999999996,False,0,0.2159669586919215,False,06894000
06893890,1,4390835,1,100.0,0.0,3.116,False,0,0.2159669586919215,False,06894000
06893890,1,4390753,2,100.0,0.0,3.573,False,0,0.2159669586919215,False,06894000
06893890,1,4390687,3,100.0,0.0,1.69,False,0,0.2159669586919215,False,06894000
06893890,1,4390657,4,100.0,0.0,1.881,False,0,0.2159669586919215,False,06894000
06893890,1,4390617,5,100.0,0.0,1.794,False,0,0.2159669586919215,False,06894000
06893890,1,4391187,6,100.0,37.497,1.6657049499999999,False,0,0.2159669586919215,True,06894000
06893970,2,4390589,0,0.0,0.0,0.0,False,0,0.0527685841249659,False,06894000
06893970,2,4390597,1,100.0,0.0,0.48699999999999993,False,0,0.0527685841249659,False,06894000
06893970,2,4390633,2,100.0,0.0,2.175,False,0,0.0527685841249659,False,06894000
06893970,2,4390617,3,100.0,0.0,1.794,False,0,0.0527685841249659,False,06894000
06893970,2,4391187,4,100.0,37.497,1.6657049499999999,False,0,0.0527685841249659,True,06894000
06893990,3,4390611,0,36.4234,0.0,0.572575848,False,0,0.0512286323639011,False,06894000
06893990,3,4391187,1,100.0,37.497,1.6657049499999999,False,0,0.0512286323639011,True,06894000
06893830,4,4390805,0,77.1445,0.0,1.5644904599999998,False,0,0.0344395069577039,False,06894000
06893830,4,4390795,1,100.0,0.0,1.726,False,0,0.0344395069577039,False,06894000
06893830,4,4390753,2,100.0,0.0,3.573,False,0,0.0344395069577039,False,06894000
06893830,4,4390687,3,100.0,0.0,1.69,False,0,0.0344395069577039,False,06894000
06893830,4,4390657,4,100.0,0.0,1.881,False,0,0.0344395069577039,False,06894000
06893830,4,4390617,5,100.0,0.0,1.794,False,0,0.0344395069577039,False,06894000
06893830,4,4391187,6,100.0,37.497,1.6657049499999999,False,0,0.0344395069577039,True,06894000
06893940,5,4390711,0,41.0667,0.0,0.9350887589999999,False,0,0.0320340035094577,False,06894000
06893940,5,4390695,1,100.0,0.0,0.315,False,0,0.0320340035094577,False,06894000
06893940,5,4390687,2,100.0,0.0,1.69,False,0,0.0320340035094577,False,06894000
06893940,5,4390657,3,100.0,0.0,1.881,False,0,0.0320340035094577,False,06894000
06893940,5,4390617,4,100.0,0.0,1.794,False,0,0.0320340035094577,False,06894000
06893940,5,4391187,5,100.0,37.497,1.6657049499999999,False,0,0.0320340035094577,True,06894000
401707105395000,0,13318,0,7.7014,0.0,0.027339969999999995,False,0,0.6380510440835266,False,401733105392404
401707105395000,0,13300,1,100.0,0.0,0.551,False,0,0.6380510440835266,True,401733105392404
401707105395000,0,13676,2,100.0,0.0,0.413,True,11922,0.6380510440835266,True,401733105392404
401707105395000,0,13288,3,100.0,92.1426,0.06875224999999999,False,0,0.6380510440835266,True,401733105392404
401723105400000,1,13302,0,26.7611,0.0,0.38964161599999997,False,0,0.3619489559164733,False,401733105392404
401723105400000,1,13300,1,100.0,0.0,0.551,False,0,0.3619489559164733,True,401733105392404
401723105400000,1,13676,2,100.0,0.0,0.413,True,11922,0.3619489559164733,True,401733105392404
401723105400000,1,13288,3,100.0,92.1426,0.06875224999999999,False,0,0.3619489559164733,True,401733105392404
