group,mae,bias,n_cells,n_stations,stratum,model_name,split_seed,seed
1-3,1.7415543626193482,-0.6570924090297116,841,53,support_group,attention_fixed_integrated,142,42
4+,1.7251626999602803,-0.5784095465110509,1101,42,support_group,attention_fixed_integrated,142,42
none,2.567913196533256,-1.5299243555044055,341,39,support_group,attention_fixed_integrated,142,42
donor_hydro_absent,2.4395833845656005,-1.4497491851681534,443,40,hydro_group,attention_fixed_integrated,142,42
donor_hydro_present,1.7168338653665323,-0.580928773315307,1840,53,hydro_group,attention_fixed_integrated,142,42
high,2.983159307897771,-1.2616752594966272,833,31,reference_group,attention_fixed_integrated,142,42
low,1.1533069155542097,-0.48521223496850113,879,32,reference_group,attention_fixed_integrated,142,42
middle,1.2976904892924466,-0.4092307990046479,571,30,reference_group,attention_fixed_integrated,142,42
1-3,1.7415543626193482,-0.6570924090297116,841,53,support_group,attention_fixed_native,142,42
4+,1.7251626999602803,-0.5784095465110509,1101,42,support_group,attention_fixed_native,142,42
none,2.567913196533256,-1.5299243555044055,341,39,support_group,attention_fixed_native,142,42
donor_hydro_absent,2.4395833845656005,-1.4497491851681534,443,40,hydro_group,attention_fixed_native,142,42
donor_hydro_present,1.7168338653665323,-0.580928773315307,1840,53,hydro_group,attention_fixed_native,142,42
high,2.983159307897771,-1.2616752594966272,833,31,reference_group,attention_fixed_native,142,42
low,1.1533069155542097,-0.48521223496850113,879,32,reference_group,attention_fixed_native,142,42
middle,1.2976904892924466,-0.4092307990046479,571,30,reference_group,attention_fixed_native,142,42
1-3,1.758224241517678,-0.6668574919169181,841,53,support_group,attention_historical_integrated,142,42
4+,1.739796347100246,-0.599111156100811,1101,42,support_group,attention_historical_integrated,142,42
none,2.573282098513345,-1.5221882441441938,341,39,support_group,attention_historical_integrated,142,42
donor_hydro_absent,2.446232397161407,-1.4456077779135745,443,40,hydro_group,attention_historical_integrated,142,42
donor_hydro_present,1.732603591806677,-0.5973426517427053,1840,53,hydro_group,attention_historical_integrated,142,42
high,3.0023193569135995,-1.2883937756727442,833,31,reference_group,attention_historical_integrated,142,42
low,1.1634617721783458,-0.4872536829739285,879,32,reference_group,attention_historical_integrated,142,42
middle,1.3100816791821268,-0.4167893561345224,571,30,reference_group,attention_historical_integrated,142,42
1-3,1.758224241517678,-0.6668574919169181,841,53,support_group,attention_historical_native,142,42
4+,1.739796347100246,-0.599111156100811,1101,42,support_group,attention_historical_native,142,42
none,2.573282098513345,-1.5221882441441938,341,39,support_group,attention_historical_native,142,42
donor_hydro_absent,2.446232397161407,-1.4456077779135745,443,40,hydro_group,attention_historical_native,142,42
donor_hydro_present,1.732603591806677,-0.5973426517427053,1840,53,hydro_group,attention_historical_native,142,42
high,3.0023193569135995,-1.2883937756727442,833,31,reference_group,attention_historical_native,142,42
low,1.1634617721783458,-0.4872536829739285,879,32,reference_group,attention_historical_native,142,42
middle,1.3100816791821268,-0.4167893561345224,571,30,reference_group,attention_historical_native,142,42
1-3,1.7399906303366823,-0.749492478554302,841,53,support_group,attention_real_integrated,142,42
4+,1.702477277764222,-0.6283495336833246,1101,42,support_group,attention_real_integrated,142,42
none,2.6007918167629125,-1.6761329840358308,341,39,support_group,attention_real_integrated,142,42
donor_hydro_absent,2.4664873486201726,-1.5799644184535542,443,40,hydro_group,attention_real_integrated,142,42
donor_hydro_present,1.7021607157657475,-0.6487897397993492,1840,53,hydro_group,attention_real_integrated,142,42
high,2.956424869709593,-1.3146767469615785,833,31,reference_group,attention_real_integrated,142,42
low,1.1646613291547991,-0.594148943594564,879,32,reference_group,attention_real_integrated,142,42
middle,1.2928027804773243,-0.4839136724467776,571,30,reference_group,attention_real_integrated,142,42
1-3,1.7399906303366823,-0.749492478554302,841,53,support_group,attention_real_native,142,42
4+,1.702477277764222,-0.6283495336833246,1101,42,support_group,attention_real_native,142,42
none,2.6007918167629125,-1.6761329840358308,341,39,support_group,attention_real_native,142,42
donor_hydro_absent,2.4664873486201726,-1.5799644184535542,443,40,hydro_group,attention_real_native,142,42
donor_hydro_present,1.7021607157657475,-0.6487897397993492,1840,53,hydro_group,attention_real_native,142,42
high,2.956424869709593,-1.3146767469615785,833,31,reference_group,attention_real_native,142,42
low,1.1646613291547991,-0.594148943594564,879,32,reference_group,attention_real_native,142,42
middle,1.2928027804773243,-0.4839136724467776,571,30,reference_group,attention_real_native,142,42
1-3,1.82637658318463,-0.8321729938372641,841,53,support_group,current_model,142,42
4+,1.8777176383038348,-0.5528749197444527,1101,42,support_group,current_model,142,42
none,2.6167517432794325,-1.6960911328134836,341,39,support_group,current_model,142,42
donor_hydro_absent,2.476419623390495,-1.6086108675758823,443,40,hydro_group,current_model,142,42
donor_hydro_present,1.847069716047333,-0.6382202371788388,1840,53,hydro_group,current_model,142,42
high,3.1241584517414998,-1.6494098116249978,833,31,reference_group,current_model,142,42
low,1.2245049282075346,-0.4815542975085606,879,32,reference_group,current_model,142,42
middle,1.4306450936847455,-0.15708450114103575,571,30,reference_group,current_model,142,42
1-3,1.755738626017475,-0.6832884053322337,841,53,support_group,innovation_availability_integrated,142,42
4+,1.7408125464719797,-0.6319106343571584,1101,42,support_group,innovation_availability_integrated,142,42
none,2.5779753924011315,-1.6128511498119904,341,39,support_group,innovation_availability_integrated,142,42
donor_hydro_absent,2.452335195675208,-1.5273096043018646,443,40,hydro_group,innovation_availability_integrated,142,42
donor_hydro_present,1.73147604090816,-0.621610459071632,1840,53,hydro_group,innovation_availability_integrated,142,42
high,2.994454051959991,-1.2942828591272078,833,31,reference_group,innovation_availability_integrated,142,42
low,1.1704446683414538,-0.5508868934221419,879,32,reference_group,innovation_availability_integrated,142,42
middle,1.3119077376538026,-0.4518287187854676,571,30,reference_group,innovation_availability_integrated,142,42
1-3,1.755738626017475,-0.6832884053322337,841,53,support_group,innovation_availability_native,142,42
4+,1.7408125464719797,-0.6319106343571584,1101,42,support_group,innovation_availability_native,142,42
none,2.5779753924011315,-1.6128511498119904,341,39,support_group,innovation_availability_native,142,42
donor_hydro_absent,2.452335195675208,-1.5273096043018646,443,40,hydro_group,innovation_availability_native,142,42
donor_hydro_present,1.73147604090816,-0.621610459071632,1840,53,hydro_group,innovation_availability_native,142,42
high,2.994454051959991,-1.2942828591272078,833,31,reference_group,innovation_availability_native,142,42
low,1.1704446683414538,-0.5508868934221419,879,32,reference_group,innovation_availability_native,142,42
middle,1.3119077376538026,-0.4518287187854676,571,30,reference_group,innovation_availability_native,142,42
1-3,1.7498749447080348,-0.6383463496506484,841,53,support_group,innovation_historical_integrated,142,42
4+,1.7339485639687706,-0.5776388308345964,1101,42,support_group,innovation_historical_integrated,142,42
none,2.5897372954752282,-1.4380246429043513,341,39,support_group,innovation_historical_integrated,142,42
donor_hydro_absent,2.4551516363337162,-1.379483308577427,443,40,hydro_group,innovation_historical_integrated,142,42
donor_hydro_present,1.7261904566795057,-0.5717852882259075,1840,53,hydro_group,innovation_historical_integrated,142,42
high,3.0101045869511096,-1.2383155238208403,833,31,reference_group,innovation_historical_integrated,142,42
low,1.1471781194516564,-0.4803069385064524,879,32,reference_group,innovation_historical_integrated,142,42
middle,1.3100454067562983,-0.3668816212706448,571,30,reference_group,innovation_historical_integrated,142,42
1-3,1.7498749447080348,-0.6383463496506484,841,53,support_group,innovation_historical_native,142,42
4+,1.7339485639687706,-0.5776388308345964,1101,42,support_group,innovation_historical_native,142,42
none,2.5897372954752282,-1.4380246429043513,341,39,support_group,innovation_historical_native,142,42
donor_hydro_absent,2.4551516363337162,-1.379483308577427,443,40,hydro_group,innovation_historical_native,142,42
donor_hydro_present,1.7261904566795057,-0.5717852882259075,1840,53,hydro_group,innovation_historical_native,142,42
high,3.0101045869511096,-1.2383155238208403,833,31,reference_group,innovation_historical_native,142,42
low,1.1471781194516564,-0.4803069385064524,879,32,reference_group,innovation_historical_native,142,42
middle,1.3100454067562983,-0.3668816212706448,571,30,reference_group,innovation_historical_native,142,42
1-3,2.0280206833886054,-0.7028054865515474,841,53,support_group,innovation_historical_trees,142,42
4+,1.8432182402115707,-0.6121941765689372,1101,42,support_group,innovation_historical_trees,142,42
none,2.875862108454241,-1.9032236171325472,341,39,support_group,innovation_historical_trees,142,42
donor_hydro_absent,2.6447884233329164,-1.7116470629761087,443,40,hydro_group,innovation_historical_trees,142,42
donor_hydro_present,1.9260741220919406,-0.6281656560521921,1840,53,hydro_group,innovation_historical_trees,142,42
high,3.295202852890704,-1.577930097260829,833,31,reference_group,innovation_historical_trees,142,42
low,1.3204077739867195,-0.5233971324807767,879,32,reference_group,innovation_historical_trees,142,42
middle,1.4186957029656206,-0.24448792568402172,571,30,reference_group,innovation_historical_trees,142,42
1-3,1.7422942145342117,-0.6536390873899486,841,53,support_group,innovation_real_integrated,142,42
4+,1.7298845138750183,-0.5726357812912508,1101,42,support_group,innovation_real_integrated,142,42
none,2.567619549871159,-1.5253500996231588,341,39,support_group,innovation_real_integrated,142,42
donor_hydro_absent,2.439116941795478,-1.444469653458396,443,40,hydro_group,innovation_real_integrated,142,42
donor_hydro_present,1.7200552964621392,-0.5763189104271966,1840,53,hydro_group,innovation_real_integrated,142,42
high,2.989441264681701,-1.2543836848019592,833,31,reference_group,innovation_real_integrated,142,42
low,1.1533605909693316,-0.4802379231447871,879,32,reference_group,innovation_real_integrated,142,42
middle,1.2984623778701112,-0.4085746195863597,571,30,reference_group,innovation_real_integrated,142,42
1-3,1.7422942145342117,-0.6536390873899486,841,53,support_group,innovation_real_native,142,42
4+,1.7298845138750183,-0.5726357812912508,1101,42,support_group,innovation_real_native,142,42
none,2.567619549871159,-1.5253500996231588,341,39,support_group,innovation_real_native,142,42
donor_hydro_absent,2.439116941795478,-1.444469653458396,443,40,hydro_group,innovation_real_native,142,42
donor_hydro_present,1.7200552964621392,-0.5763189104271966,1840,53,hydro_group,innovation_real_native,142,42
high,2.989441264681701,-1.2543836848019592,833,31,reference_group,innovation_real_native,142,42
low,1.1533605909693316,-0.4802379231447871,879,32,reference_group,innovation_real_native,142,42
middle,1.2984623778701112,-0.4085746195863597,571,30,reference_group,innovation_real_native,142,42
1-3,1.9859305309613955,-0.7456001683001879,841,53,support_group,innovation_real_trees,142,42
4+,1.8040389292431807,-0.6505283256124567,1101,42,support_group,innovation_real_trees,142,42
none,2.8695226958693842,-1.8886844926606867,341,39,support_group,innovation_real_trees,142,42
donor_hydro_absent,2.640534713362123,-1.687014869563995,443,40,hydro_group,innovation_real_trees,142,42
donor_hydro_present,1.8832417385365845,-0.6738995939240311,1840,53,hydro_group,innovation_real_trees,142,42
high,3.2121419974954324,-1.668122976959963,833,31,reference_group,innovation_real_trees,142,42
low,1.3091807123315022,-0.5190576335684308,879,32,reference_group,innovation_real_trees,142,42
middle,1.415827577712172,-0.24785418620449592,571,30,reference_group,innovation_real_trees,142,42
1-3,2.056656650063884,-0.6187486662477268,841,53,support_group,matched_daily_trees,142,42
4+,2.070092147339152,-0.5958895984009158,1101,42,support_group,matched_daily_trees,142,42
none,2.96660822121946,-1.708575611250671,341,39,support_group,matched_daily_trees,142,42
donor_hydro_absent,2.7322623265262598,-1.5164492784830472,443,40,hydro_group,matched_daily_trees,142,42
donor_hydro_present,2.070674396580889,-0.590912678925128,1840,53,hydro_group,matched_daily_trees,142,42
high,3.410948207467178,-1.8284183097593674,833,31,reference_group,matched_daily_trees,142,42
low,1.40298517397897,-0.38122142616045984,879,32,reference_group,matched_daily_trees,142,42
middle,1.6565486438043697,0.173554686575082,571,30,reference_group,matched_daily_trees,142,42
1-3,1.7226140367686211,-0.6760769593301574,841,53,support_group,ratio_fixed_integrated,142,42
4+,1.6887013218589995,-0.5608216164772999,1101,42,support_group,ratio_fixed_integrated,142,42
none,2.6011470726850505,-1.4887412506401794,341,39,support_group,ratio_fixed_integrated,142,42
donor_hydro_absent,2.460292231925751,-1.414471859810803,443,40,hydro_group,ratio_fixed_integrated,142,42
donor_hydro_present,1.687532746375904,-0.5799429647338504,1840,53,hydro_group,ratio_fixed_integrated,142,42
high,2.9703487843629706,-1.2638928555489861,833,31,reference_group,ratio_fixed_integrated,142,42
low,1.1362563338449956,-0.49090467051064113,879,32,reference_group,ratio_fixed_integrated,142,42
middle,1.2642729549048433,-0.36668675123522226,571,30,reference_group,ratio_fixed_integrated,142,42
1-3,1.7226140367686211,-0.6760769593301574,841,53,support_group,ratio_fixed_native,142,42
4+,1.6887013218589995,-0.5608216164772999,1101,42,support_group,ratio_fixed_native,142,42
none,2.6011470726850505,-1.4887412506401794,341,39,support_group,ratio_fixed_native,142,42
donor_hydro_absent,2.460292231925751,-1.414471859810803,443,40,hydro_group,ratio_fixed_native,142,42
donor_hydro_present,1.687532746375904,-0.5799429647338504,1840,53,hydro_group,ratio_fixed_native,142,42
high,2.9703487843629706,-1.2638928555489861,833,31,reference_group,ratio_fixed_native,142,42
low,1.1362563338449956,-0.49090467051064113,879,32,reference_group,ratio_fixed_native,142,42
middle,1.2642729549048433,-0.36668675123522226,571,30,reference_group,ratio_fixed_native,142,42
1-3,1.7639716514333728,-0.7167539826417606,841,53,support_group,ratio_historical_integrated,142,42
4+,1.734683872193744,-0.647542755301578,1101,42,support_group,ratio_historical_integrated,142,42
none,2.582677957483381,-1.6274696268668702,341,39,support_group,ratio_historical_integrated,142,42
donor_hydro_absent,2.454382064633172,-1.539636244499454,443,40,hydro_group,ratio_historical_integrated,142,42
donor_hydro_present,1.731950560331585,-0.6460016083897298,1840,53,hydro_group,ratio_historical_integrated,142,42
high,2.9968689527499244,-1.3249622927929985,833,31,reference_group,ratio_historical_integrated,142,42
low,1.1719574657405432,-0.5675914397380747,879,32,reference_group,ratio_historical_integrated,142,42
middle,1.3091730921470883,-0.4695190023187838,571,30,reference_group,ratio_historical_integrated,142,42
1-3,1.7639716514333728,-0.7167539826417606,841,53,support_group,ratio_historical_native,142,42
4+,1.734683872193744,-0.647542755301578,1101,42,support_group,ratio_historical_native,142,42
none,2.582677957483381,-1.6274696268668702,341,39,support_group,ratio_historical_native,142,42
donor_hydro_absent,2.454382064633172,-1.539636244499454,443,40,hydro_group,ratio_historical_native,142,42
donor_hydro_present,1.731950560331585,-0.6460016083897298,1840,53,hydro_group,ratio_historical_native,142,42
high,2.9968689527499244,-1.3249622927929985,833,31,reference_group,ratio_historical_native,142,42
low,1.1719574657405432,-0.5675914397380747,879,32,reference_group,ratio_historical_native,142,42
middle,1.3091730921470883,-0.4695190023187838,571,30,reference_group,ratio_historical_native,142,42
1-3,1.7295456780844272,-0.6849501074166651,841,53,support_group,ratio_real_integrated,142,42
4+,1.6826980934673048,-0.5472310604816243,1101,42,support_group,ratio_real_integrated,142,42
none,2.5944551387970503,-1.5354962509226844,341,39,support_group,ratio_real_integrated,142,42
donor_hydro_absent,2.4535008828651756,-1.4442999195335822,443,40,hydro_group,ratio_real_integrated,142,42
donor_hydro_present,1.6875037105418624,-0.5773498886624684,1840,53,hydro_group,ratio_real_integrated,142,42
high,2.9507683558403404,-1.251602220740331,833,31,reference_group,ratio_real_integrated,142,42
low,1.1420205205041492,-0.49453272664648085,879,32,reference_group,ratio_real_integrated,142,42
middle,1.2786018223610323,-0.3938174131232341,571,30,reference_group,ratio_real_integrated,142,42
1-3,1.7295456780844272,-0.6849501074166651,841,53,support_group,ratio_real_native,142,42
4+,1.6826980934673048,-0.5472310604816243,1101,42,support_group,ratio_real_native,142,42
none,2.5944551387970503,-1.5354962509226844,341,39,support_group,ratio_real_native,142,42
donor_hydro_absent,2.4535008828651756,-1.4442999195335822,443,40,hydro_group,ratio_real_native,142,42
donor_hydro_present,1.6875037105418624,-0.5773498886624684,1840,53,hydro_group,ratio_real_native,142,42
high,2.9507683558403404,-1.251602220740331,833,31,reference_group,ratio_real_native,142,42
low,1.1420205205041492,-0.49453272664648085,879,32,reference_group,ratio_real_native,142,42
middle,1.2786018223610323,-0.3938174131232341,571,30,reference_group,ratio_real_native,142,42
1-3,1.7298383793160452,-0.7481666921681429,841,53,support_group,relative_fixed_integrated,142,42
4+,1.694701959832007,-0.6358345825570721,1101,42,support_group,relative_fixed_integrated,142,42
none,2.5995560936642477,-1.6165551250262775,341,39,support_group,relative_fixed_integrated,142,42
donor_hydro_absent,2.466533717868524,-1.5295883462765592,443,40,hydro_group,relative_fixed_integrated,142,42
donor_hydro_present,1.6926277857084708,-0.6537498498598857,1840,53,hydro_group,relative_fixed_integrated,142,42
high,2.970795270894478,-1.3429398347099015,833,31,reference_group,relative_fixed_integrated,142,42
low,1.1447651138948847,-0.5657631591048543,879,32,reference_group,relative_fixed_integrated,142,42
middle,1.2717838300361448,-0.4632796181719623,571,30,reference_group,relative_fixed_integrated,142,42
1-3,1.7298383793160452,-0.7481666921681429,841,53,support_group,relative_fixed_native,142,42
4+,1.694701959832007,-0.6358345825570721,1101,42,support_group,relative_fixed_native,142,42
none,2.5995560936642477,-1.6165551250262775,341,39,support_group,relative_fixed_native,142,42
donor_hydro_absent,2.466533717868524,-1.5295883462765592,443,40,hydro_group,relative_fixed_native,142,42
donor_hydro_present,1.6926277857084708,-0.6537498498598857,1840,53,hydro_group,relative_fixed_native,142,42
high,2.970795270894478,-1.3429398347099015,833,31,reference_group,relative_fixed_native,142,42
low,1.1447651138948847,-0.5657631591048543,879,32,reference_group,relative_fixed_native,142,42
middle,1.2717838300361448,-0.4632796181719623,571,30,reference_group,relative_fixed_native,142,42
1-3,1.7626463301610686,-0.7700180280584062,841,53,support_group,relative_historical_integrated,142,42
4+,1.7352172841753373,-0.6847286173334994,1101,42,support_group,relative_historical_integrated,142,42
none,2.580265003290337,-1.6473391425009603,341,39,support_group,relative_historical_integrated,142,42
donor_hydro_absent,2.4521294245513507,-1.5609209274985827,443,40,hydro_group,relative_historical_integrated,142,42
donor_hydro_present,1.7317591437979685,-0.6911554597784011,1840,53,hydro_group,relative_historical_integrated,142,42
high,3.0005815681154537,-1.394206677932077,833,31,reference_group,relative_historical_integrated,142,42
low,1.1647623865962795,-0.5736016835543014,879,32,reference_group,relative_historical_integrated,142,42
middle,1.3124686087674386,-0.5212679059763202,571,30,reference_group,relative_historical_integrated,142,42
1-3,1.7626463301610686,-0.7700180280584062,841,53,support_group,relative_historical_native,142,42
4+,1.7352172841753373,-0.6847286173334994,1101,42,support_group,relative_historical_native,142,42
none,2.580265003290337,-1.6473391425009603,341,39,support_group,relative_historical_native,142,42
donor_hydro_absent,2.4521294245513507,-1.5609209274985827,443,40,hydro_group,relative_historical_native,142,42
donor_hydro_present,1.7317591437979685,-0.6911554597784011,1840,53,hydro_group,relative_historical_native,142,42
high,3.0005815681154537,-1.394206677932077,833,31,reference_group,relative_historical_native,142,42
low,1.1647623865962795,-0.5736016835543014,879,32,reference_group,relative_historical_native,142,42
middle,1.3124686087674386,-0.5212679059763202,571,30,reference_group,relative_historical_native,142,42
1-3,1.7313017026113509,-0.6943097132044677,841,53,support_group,relative_real_integrated,142,42
4+,1.687073279065046,-0.5483381458413135,1101,42,support_group,relative_real_integrated,142,42
none,2.5886330990495128,-1.6083040691314372,341,39,support_group,relative_real_integrated,142,42
donor_hydro_absent,2.4524807346583777,-1.5095099102360106,443,40,hydro_group,relative_real_integrated,142,42
donor_hydro_present,1.6900909421027086,-0.5800834590845169,1840,53,hydro_group,relative_real_integrated,142,42
high,2.9410640303032394,-1.239677784913768,833,31,reference_group,relative_real_integrated,142,42
low,1.1596909271988742,-0.5367051448301428,879,32,reference_group,relative_real_integrated,142,42
middle,1.27310269119481,-0.40569358635936853,571,30,reference_group,relative_real_integrated,142,42
1-3,1.7313017026113509,-0.6943097132044677,841,53,support_group,relative_real_native,142,42
4+,1.687073279065046,-0.5483381458413135,1101,42,support_group,relative_real_native,142,42
none,2.5886330990495128,-1.6083040691314372,341,39,support_group,relative_real_native,142,42
donor_hydro_absent,2.4524807346583777,-1.5095099102360106,443,40,hydro_group,relative_real_native,142,42
donor_hydro_present,1.6900909421027086,-0.5800834590845169,1840,53,hydro_group,relative_real_native,142,42
high,2.9410640303032394,-1.239677784913768,833,31,reference_group,relative_real_native,142,42
low,1.1596909271988742,-0.5367051448301428,879,32,reference_group,relative_real_native,142,42
middle,1.27310269119481,-0.40569358635936853,571,30,reference_group,relative_real_native,142,42
1-3,1.9192576123222391,-0.6843116469776787,841,53,support_group,station_hidden_trees,142,42
4+,1.8459777277717118,-0.6347548879222493,1101,42,support_group,station_hidden_trees,142,42
none,2.842526538819436,-1.890626081156022,341,39,support_group,station_hidden_trees,142,42
donor_hydro_absent,2.6233825748105932,-1.701363715140852,443,40,hydro_group,station_hidden_trees,142,42
donor_hydro_present,1.8769892387695613,-0.6333535840094732,1840,53,hydro_group,station_hidden_trees,142,42
high,3.1758381528936357,-1.580044480316461,833,31,reference_group,station_hidden_trees,142,42
low,1.3186705299392294,-0.5388795584013554,879,32,reference_group,station_hidden_trees,142,42
middle,1.4207252238180461,-0.22630917065923714,571,30,reference_group,station_hidden_trees,142,42
1-3,1.758985829277045,-0.679144316722361,841,53,support_group,unmonitored_integrated,142,42
4+,1.7420347615921286,-0.5909004482522341,1101,42,support_group,unmonitored_integrated,142,42
none,2.5822650770303364,-1.6449741061659757,341,39,support_group,unmonitored_integrated,142,42
donor_hydro_absent,2.457752649723594,-1.554494779726773,443,40,hydro_group,unmonitored_integrated,142,42
donor_hydro_present,1.7331822404210437,-0.5945851884091592,1840,53,hydro_group,unmonitored_integrated,142,42
high,2.994396899735333,-1.2793320038890035,833,31,reference_group,unmonitored_integrated,142,42
low,1.1779707741317202,-0.5370883837559776,879,32,reference_group,unmonitored_integrated,142,42
middle,1.310106511840558,-0.42888561388926255,571,30,reference_group,unmonitored_integrated,142,42
1-3,1.758985829277045,-0.679144316722361,841,53,support_group,unmonitored_residual,142,42
4+,1.7420347615921286,-0.5909004482522341,1101,42,support_group,unmonitored_residual,142,42
none,2.5822650770303364,-1.6449741061659757,341,39,support_group,unmonitored_residual,142,42
donor_hydro_absent,2.457752649723594,-1.554494779726773,443,40,hydro_group,unmonitored_residual,142,42
donor_hydro_present,1.7331822404210437,-0.5945851884091592,1840,53,hydro_group,unmonitored_residual,142,42
high,2.994396899735333,-1.2793320038890035,833,31,reference_group,unmonitored_residual,142,42
low,1.1779707741317202,-0.5370883837559776,879,32,reference_group,unmonitored_residual,142,42
middle,1.310106511840558,-0.42888561388926255,571,30,reference_group,unmonitored_residual,142,42
1-3,1.745976605637064,-0.6973001336756999,841,53,support_group,attention_fixed_integrated,142,43
4+,1.741750779594462,-0.555291458937617,1101,42,support_group,attention_fixed_integrated,142,43
none,2.5792839080567487,-1.647702391810431,341,39,support_group,attention_fixed_integrated,142,43
donor_hydro_absent,2.424060281835375,-1.5886650558149582,443,40,hydro_group,attention_fixed_integrated,142,43
donor_hydro_present,1.7346255660155185,-0.5738550024961468,1840,53,hydro_group,attention_fixed_integrated,142,43
high,2.998892498939085,-1.1582066090694778,838,32,reference_group,attention_fixed_integrated,142,43
low,1.2121924047367494,-0.6712411005522291,911,32,reference_group,attention_fixed_integrated,142,43
middle,1.2138399840739569,-0.33257311482328433,534,26,reference_group,attention_fixed_integrated,142,43
1-3,1.745976605637064,-0.6973001336756999,841,53,support_group,attention_fixed_native,142,43
4+,1.741750779594462,-0.555291458937617,1101,42,support_group,attention_fixed_native,142,43
none,2.5792839080567487,-1.647702391810431,341,39,support_group,attention_fixed_native,142,43
donor_hydro_absent,2.424060281835375,-1.5886650558149582,443,40,hydro_group,attention_fixed_native,142,43
donor_hydro_present,1.7346255660155185,-0.5738550024961468,1840,53,hydro_group,attention_fixed_native,142,43
high,2.998892498939085,-1.1582066090694778,838,32,reference_group,attention_fixed_native,142,43
low,1.2121924047367494,-0.6712411005522291,911,32,reference_group,attention_fixed_native,142,43
middle,1.2138399840739569,-0.33257311482328433,534,26,reference_group,attention_fixed_native,142,43
1-3,1.7484907432263594,-0.661986518862296,841,53,support_group,attention_historical_integrated,142,43
4+,1.7503814385117193,-0.5189405178570423,1101,42,support_group,attention_historical_integrated,142,43
none,2.5667845032658567,-1.591622288387367,341,39,support_group,attention_historical_integrated,142,43
donor_hydro_absent,2.414369911002259,-1.542243544028761,443,40,hydro_group,attention_historical_integrated,142,43
donor_hydro_present,1.7409556108121889,-0.5367464580756226,1840,53,hydro_group,attention_historical_integrated,142,43
high,3.0003603712455598,-1.0677499593001947,838,32,reference_group,attention_historical_integrated,142,43
low,1.2171091606977829,-0.6650946525273155,911,32,reference_group,attention_historical_integrated,142,43
middle,1.2169208950729762,-0.3186361020935191,534,26,reference_group,attention_historical_integrated,142,43
1-3,1.7484907432263594,-0.661986518862296,841,53,support_group,attention_historical_native,142,43
4+,1.7503814385117193,-0.5189405178570423,1101,42,support_group,attention_historical_native,142,43
none,2.5667845032658567,-1.591622288387367,341,39,support_group,attention_historical_native,142,43
donor_hydro_absent,2.414369911002259,-1.542243544028761,443,40,hydro_group,attention_historical_native,142,43
donor_hydro_present,1.7409556108121889,-0.5367464580756226,1840,53,hydro_group,attention_historical_native,142,43
high,3.0003603712455598,-1.0677499593001947,838,32,reference_group,attention_historical_native,142,43
low,1.2171091606977829,-0.6650946525273155,911,32,reference_group,attention_historical_native,142,43
middle,1.2169208950729762,-0.3186361020935191,534,26,reference_group,attention_historical_native,142,43
1-3,1.7281660012203108,-0.6471020948934942,841,53,support_group,attention_real_integrated,142,43
4+,1.7293588279268575,-0.4513208969170939,1101,42,support_group,attention_real_integrated,142,43
none,2.582146867391817,-1.5294750720786032,341,39,support_group,attention_real_integrated,142,43
donor_hydro_absent,2.426207874755593,-1.497820333032598,443,40,hydro_group,attention_real_integrated,142,43
donor_hydro_present,1.719083516216105,-0.4886596529111477,1840,53,hydro_group,attention_real_integrated,142,43
high,2.97752205170975,-0.917081449772287,838,32,reference_group,attention_real_integrated,142,43
low,1.2175102355592407,-0.7005242278096517,911,32,reference_group,attention_real_integrated,142,43
middle,1.186532686193113,-0.29209052892543724,534,26,reference_group,attention_real_integrated,142,43
1-3,1.7281660012203108,-0.6471020948934942,841,53,support_group,attention_real_native,142,43
4+,1.7293588279268575,-0.4513208969170939,1101,42,support_group,attention_real_native,142,43
none,2.582146867391817,-1.5294750720786032,341,39,support_group,attention_real_native,142,43
donor_hydro_absent,2.426207874755593,-1.497820333032598,443,40,hydro_group,attention_real_native,142,43
donor_hydro_present,1.719083516216105,-0.4886596529111477,1840,53,hydro_group,attention_real_native,142,43
high,2.97752205170975,-0.917081449772287,838,32,reference_group,attention_real_native,142,43
low,1.2175102355592407,-0.7005242278096517,911,32,reference_group,attention_real_native,142,43
middle,1.186532686193113,-0.29209052892543724,534,26,reference_group,attention_real_native,142,43
1-3,1.798595882131077,-0.7205321953836248,841,53,support_group,current_model,142,43
4+,1.8751549218556154,-0.4586088299861563,1101,42,support_group,current_model,142,43
none,2.7700333214478174,-1.5924037994171913,341,39,support_group,current_model,142,43
donor_hydro_absent,2.5771156110481606,-1.5388139732900246,443,40,hydro_group,current_model,142,43
donor_hydro_present,1.8370020938883909,-0.5283755454163955,1840,53,hydro_group,current_model,142,43
high,3.1382361270917154,-1.2819324124590215,838,32,reference_group,current_model,142,43
low,1.27636262392847,-0.624152725624181,911,32,reference_group,current_model,142,43
middle,1.3654266733095135,-0.02067996076659156,534,26,reference_group,current_model,142,43
1-3,1.7504146713068396,-0.6362292517090335,841,53,support_group,innovation_availability_integrated,142,43
4+,1.7491477936788358,-0.49915753657410145,1101,42,support_group,innovation_availability_integrated,142,43
none,2.5856750255294423,-1.55585988697497,341,39,support_group,innovation_availability_integrated,142,43
donor_hydro_absent,2.4310844351787937,-1.523244645649866,443,40,hydro_group,innovation_availability_integrated,142,43
donor_hydro_present,1.7405734990928177,-0.5110826586363896,1840,53,hydro_group,innovation_availability_integrated,142,43
high,2.9963641964255316,-0.9338074433974932,838,32,reference_group,innovation_availability_integrated,142,43
low,1.2268395872151843,-0.7226859975376123,911,32,reference_group,innovation_availability_integrated,142,43
middle,1.2191415403695904,-0.32638930447562453,534,26,reference_group,innovation_availability_integrated,142,43
1-3,1.7504146713068396,-0.6362292517090335,841,53,support_group,innovation_availability_native,142,43
4+,1.7491477936788358,-0.49915753657410145,1101,42,support_group,innovation_availability_native,142,43
none,2.5856750255294423,-1.55585988697497,341,39,support_group,innovation_availability_native,142,43
donor_hydro_absent,2.4310844351787937,-1.523244645649866,443,40,hydro_group,innovation_availability_native,142,43
donor_hydro_present,1.7405734990928177,-0.5110826586363896,1840,53,hydro_group,innovation_availability_native,142,43
high,2.9963641964255316,-0.9338074433974932,838,32,reference_group,innovation_availability_native,142,43
low,1.2268395872151843,-0.7226859975376123,911,32,reference_group,innovation_availability_native,142,43
middle,1.2191415403695904,-0.32638930447562453,534,26,reference_group,innovation_availability_native,142,43
1-3,1.748409744584785,-0.6884207023927612,841,53,support_group,innovation_historical_integrated,142,43
4+,1.7475770356033622,-0.5460355071953619,1101,42,support_group,innovation_historical_integrated,142,43
none,2.5771432633804916,-1.6249378767551912,341,39,support_group,innovation_historical_integrated,142,43
donor_hydro_absent,2.4237965407711153,-1.574561696722065,443,40,hydro_group,innovation_historical_integrated,142,43
donor_hydro_present,1.7388907046990485,-0.5634347219891581,1840,53,hydro_group,innovation_historical_integrated,142,43
high,2.9985095266303965,-1.0937405030182865,838,32,reference_group,innovation_historical_integrated,142,43
low,1.2191456363346866,-0.6943075939475238,911,32,reference_group,innovation_historical_integrated,142,43
middle,1.2170563786342352,-0.34678269755132507,534,26,reference_group,innovation_historical_integrated,142,43
1-3,1.748409744584785,-0.6884207023927612,841,53,support_group,innovation_historical_native,142,43
4+,1.7475770356033622,-0.5460355071953619,1101,42,support_group,innovation_historical_native,142,43
none,2.5771432633804916,-1.6249378767551912,341,39,support_group,innovation_historical_native,142,43
donor_hydro_absent,2.4237965407711153,-1.574561696722065,443,40,hydro_group,innovation_historical_native,142,43
donor_hydro_present,1.7388907046990485,-0.5634347219891581,1840,53,hydro_group,innovation_historical_native,142,43
high,2.9985095266303965,-1.0937405030182865,838,32,reference_group,innovation_historical_native,142,43
low,1.2191456363346866,-0.6943075939475238,911,32,reference_group,innovation_historical_native,142,43
middle,1.2170563786342352,-0.34678269755132507,534,26,reference_group,innovation_historical_native,142,43
1-3,2.0094004079924814,-0.7650442783338743,841,53,support_group,innovation_historical_trees,142,43
4+,1.856744865429307,-0.6177457771128663,1101,42,support_group,innovation_historical_trees,142,43
none,2.8587034275397234,-1.8540473878986408,341,39,support_group,innovation_historical_trees,142,43
donor_hydro_absent,2.6286397946049997,-1.6858610154147857,443,40,hydro_group,innovation_historical_trees,142,43
donor_hydro_present,1.9263653694241167,-0.6570293848504025,1840,53,hydro_group,innovation_historical_trees,142,43
high,3.3012467703732065,-1.666987275173737,838,32,reference_group,innovation_historical_trees,142,43
low,1.326402228401581,-0.5514394840912983,911,32,reference_group,innovation_historical_trees,142,43
middle,1.3749110207936375,-0.10575616357813916,534,26,reference_group,innovation_historical_trees,142,43
1-3,1.746490371163114,-0.6895931234388144,841,53,support_group,innovation_real_integrated,142,43
4+,1.7431019708963325,-0.5465171705906463,1101,42,support_group,innovation_real_integrated,142,43
none,2.576531508058795,-1.6402846320807234,341,39,support_group,innovation_real_integrated,142,43
donor_hydro_absent,2.421681977226554,-1.5812312496305228,443,40,hydro_group,innovation_real_integrated,142,43
donor_hydro_present,1.735731413283547,-0.5654971943399726,1840,53,hydro_group,innovation_real_integrated,142,43
high,3.0003001880364564,-1.1489177905236259,838,32,reference_group,innovation_real_integrated,142,43
low,1.2118365215968414,-0.663251400750204,911,32,reference_group,innovation_real_integrated,142,43
middle,1.2140754449509676,-0.32581488132890785,534,26,reference_group,innovation_real_integrated,142,43
1-3,1.746490371163114,-0.6895931234388144,841,53,support_group,innovation_real_native,142,43
4+,1.7431019708963325,-0.5465171705906463,1101,42,support_group,innovation_real_native,142,43
none,2.576531508058795,-1.6402846320807234,341,39,support_group,innovation_real_native,142,43
donor_hydro_absent,2.421681977226554,-1.5812312496305228,443,40,hydro_group,innovation_real_native,142,43
donor_hydro_present,1.735731413283547,-0.5654971943399726,1840,53,hydro_group,innovation_real_native,142,43
high,3.0003001880364564,-1.1489177905236259,838,32,reference_group,innovation_real_native,142,43
low,1.2118365215968414,-0.663251400750204,911,32,reference_group,innovation_real_native,142,43
middle,1.2140754449509676,-0.32581488132890785,534,26,reference_group,innovation_real_native,142,43
1-3,2.0056513975237884,-0.7710069536472872,841,53,support_group,innovation_real_trees,142,43
4+,1.844630189839757,-0.623164219311144,1101,42,support_group,innovation_real_trees,142,43
none,2.8659651304422153,-1.8454873831536502,341,39,support_group,innovation_real_trees,142,43
donor_hydro_absent,2.6323482040213975,-1.6754012795026754,443,40,hydro_group,innovation_real_trees,142,43
donor_hydro_present,1.9178557170817363,-0.6639288501710042,1840,53,hydro_group,innovation_real_trees,142,43
high,3.308049588908327,-1.6594571893597925,838,32,reference_group,innovation_real_trees,142,43
low,1.3228470636028926,-0.5464796405186432,911,32,reference_group,innovation_real_trees,142,43
middle,1.344055324652548,-0.14113066280588546,534,26,reference_group,innovation_real_trees,142,43
1-3,2.0233694157789537,-0.6736830892382458,841,53,support_group,matched_daily_trees,142,43
4+,2.078914060519172,-0.5801639940280333,1101,42,support_group,matched_daily_trees,142,43
none,2.976069285831298,-1.716489145896735,341,39,support_group,matched_daily_trees,142,43
donor_hydro_absent,2.7382788399004148,-1.5474064071677438,443,40,hydro_group,matched_daily_trees,142,43
donor_hydro_present,2.0610435650512486,-0.600624889048753,1840,53,hydro_group,matched_daily_trees,142,43
high,3.4173147688917043,-1.9114180121067794,838,32,reference_group,matched_daily_trees,142,43
low,1.4073130503362083,-0.39286865105379665,911,32,reference_group,matched_daily_trees,142,43
middle,1.6097485404169427,0.31651835398965134,534,26,reference_group,matched_daily_trees,142,43
1-3,1.7277894922780832,-0.6346276740775515,841,53,support_group,ratio_fixed_integrated,142,43
4+,1.7208248011074203,-0.44368751976641957,1101,42,support_group,ratio_fixed_integrated,142,43
none,2.5793397065213473,-1.5091910450863173,341,39,support_group,ratio_fixed_integrated,142,43
donor_hydro_absent,2.4257735729269894,-1.4769115809339002,443,40,hydro_group,ratio_fixed_integrated,142,43
donor_hydro_present,1.7133892479034027,-0.4796652984688941,1840,53,hydro_group,ratio_fixed_integrated,142,43
high,2.9771122370762204,-0.9040848825135569,838,32,reference_group,ratio_fixed_integrated,142,43
low,1.2081219610787532,-0.6888866796860315,911,32,reference_group,ratio_fixed_integrated,142,43
middle,1.18321113808296,-0.2840020277081414,534,26,reference_group,ratio_fixed_integrated,142,43
1-3,1.7277894922780832,-0.6346276740775515,841,53,support_group,ratio_fixed_native,142,43
4+,1.7208248011074203,-0.44368751976641957,1101,42,support_group,ratio_fixed_native,142,43
none,2.5793397065213473,-1.5091910450863173,341,39,support_group,ratio_fixed_native,142,43
donor_hydro_absent,2.4257735729269894,-1.4769115809339002,443,40,hydro_group,ratio_fixed_native,142,43
donor_hydro_present,1.7133892479034027,-0.4796652984688941,1840,53,hydro_group,ratio_fixed_native,142,43
high,2.9771122370762204,-0.9040848825135569,838,32,reference_group,ratio_fixed_native,142,43
low,1.2081219610787532,-0.6888866796860315,911,32,reference_group,ratio_fixed_native,142,43
middle,1.18321113808296,-0.2840020277081414,534,26,reference_group,ratio_fixed_native,142,43
1-3,1.7481038464212793,-0.6620414036509779,841,53,support_group,ratio_historical_integrated,142,43
4+,1.7454223477621738,-0.5176718191877125,1101,42,support_group,ratio_historical_integrated,142,43
none,2.5642815197550584,-1.6050664468571936,341,39,support_group,ratio_historical_integrated,142,43
donor_hydro_absent,2.4091892133158046,-1.5473748990508691,443,40,hydro_group,ratio_historical_integrated,142,43
donor_hydro_present,1.73859484590436,-0.5372685171167999,1840,53,hydro_group,ratio_historical_integrated,142,43
high,2.9944461765724997,-1.089758524206714,838,32,reference_group,ratio_historical_integrated,142,43
low,1.2142474411218838,-0.6495227123450164,911,32,reference_group,ratio_historical_integrated,142,43
middle,1.218651728713733,-0.31671969577324044,534,26,reference_group,ratio_historical_integrated,142,43
1-3,1.7481038464212793,-0.6620414036509779,841,53,support_group,ratio_historical_native,142,43
4+,1.7454223477621738,-0.5176718191877125,1101,42,support_group,ratio_historical_native,142,43
none,2.5642815197550584,-1.6050664468571936,341,39,support_group,ratio_historical_native,142,43
donor_hydro_absent,2.4091892133158046,-1.5473748990508691,443,40,hydro_group,ratio_historical_native,142,43
donor_hydro_present,1.73859484590436,-0.5372685171167999,1840,53,hydro_group,ratio_historical_native,142,43
high,2.9944461765724997,-1.089758524206714,838,32,reference_group,ratio_historical_native,142,43
low,1.2142474411218838,-0.6495227123450164,911,32,reference_group,ratio_historical_native,142,43
middle,1.218651728713733,-0.31671969577324044,534,26,reference_group,ratio_historical_native,142,43
1-3,1.7169231052423712,-0.6617862621861994,841,53,support_group,ratio_real_integrated,142,43
4+,1.712453304232948,-0.43526307861063795,1101,42,support_group,ratio_real_integrated,142,43
none,2.582871243458587,-1.5227261447092828,341,39,support_group,ratio_real_integrated,142,43
donor_hydro_absent,2.4269604685822137,-1.488443780809875,443,40,hydro_group,ratio_real_integrated,142,43
donor_hydro_present,1.7037820792971563,-0.48676951983478095,1840,53,hydro_group,ratio_real_integrated,142,43
high,2.968013641298328,-0.9240852654738573,838,32,reference_group,ratio_real_integrated,142,43
low,1.2096842795389855,-0.6942395068923394,911,32,reference_group,ratio_real_integrated,142,43
middle,1.162705437117366,-0.27752971563437806,534,26,reference_group,ratio_real_integrated,142,43
1-3,1.7169231052423712,-0.6617862621861994,841,53,support_group,ratio_real_native,142,43
4+,1.712453304232948,-0.43526307861063795,1101,42,support_group,ratio_real_native,142,43
none,2.582871243458587,-1.5227261447092828,341,39,support_group,ratio_real_native,142,43
donor_hydro_absent,2.4269604685822137,-1.488443780809875,443,40,hydro_group,ratio_real_native,142,43
donor_hydro_present,1.7037820792971563,-0.48676951983478095,1840,53,hydro_group,ratio_real_native,142,43
high,2.968013641298328,-0.9240852654738573,838,32,reference_group,ratio_real_native,142,43
low,1.2096842795389855,-0.6942395068923394,911,32,reference_group,ratio_real_native,142,43
middle,1.162705437117366,-0.27752971563437806,534,26,reference_group,ratio_real_native,142,43
1-3,1.7281463802319568,-0.6377536753047153,841,53,support_group,relative_fixed_integrated,142,43
4+,1.7198811618122987,-0.4474437527311577,1101,42,support_group,relative_fixed_integrated,142,43
none,2.5800477040712737,-1.5130355595427174,341,39,support_group,relative_fixed_integrated,142,43
donor_hydro_absent,2.42660965391477,-1.4807579523434207,443,40,hydro_group,relative_fixed_integrated,142,43
donor_hydro_present,1.712917638768738,-0.48312813348054423,1840,53,hydro_group,relative_fixed_integrated,142,43
high,2.975863821174675,-0.9077367559510789,838,32,reference_group,relative_fixed_integrated,142,43
low,1.2086754606517045,-0.69307770650868,911,32,reference_group,relative_fixed_integrated,142,43
middle,1.1832945790648697,-0.2862440943369385,534,26,reference_group,relative_fixed_integrated,142,43
1-3,1.7281463802319568,-0.6377536753047153,841,53,support_group,relative_fixed_native,142,43
4+,1.7198811618122987,-0.4474437527311577,1101,42,support_group,relative_fixed_native,142,43
none,2.5800477040712737,-1.5130355595427174,341,39,support_group,relative_fixed_native,142,43
donor_hydro_absent,2.42660965391477,-1.4807579523434207,443,40,hydro_group,relative_fixed_native,142,43
donor_hydro_present,1.712917638768738,-0.48312813348054423,1840,53,hydro_group,relative_fixed_native,142,43
high,2.975863821174675,-0.9077367559510789,838,32,reference_group,relative_fixed_native,142,43
low,1.2086754606517045,-0.69307770650868,911,32,reference_group,relative_fixed_native,142,43
middle,1.1832945790648697,-0.2862440943369385,534,26,reference_group,relative_fixed_native,142,43
1-3,1.748002227134508,-0.6633064654882559,841,53,support_group,relative_historical_integrated,142,43
4+,1.7453073711239793,-0.5185003200342886,1101,42,support_group,relative_historical_integrated,142,43
none,2.564488058326699,-1.6056451660948763,341,39,support_group,relative_historical_integrated,142,43
donor_hydro_absent,2.4093579159247365,-1.5479489994919136,443,40,hydro_group,relative_historical_integrated,142,43
donor_hydro_present,1.7384772607404175,-0.5383115134221793,1840,53,hydro_group,relative_historical_integrated,142,43
high,2.99426729369311,-1.090930782962204,838,32,reference_group,relative_historical_integrated,142,43
low,1.2142965882965062,-0.6503742533382764,911,32,reference_group,relative_historical_integrated,142,43
middle,1.2185833941274966,-0.3174974729554889,534,26,reference_group,relative_historical_integrated,142,43
1-3,1.748002227134508,-0.6633064654882559,841,53,support_group,relative_historical_native,142,43
4+,1.7453073711239793,-0.5185003200342886,1101,42,support_group,relative_historical_native,142,43
none,2.564488058326699,-1.6056451660948763,341,39,support_group,relative_historical_native,142,43
donor_hydro_absent,2.4093579159247365,-1.5479489994919136,443,40,hydro_group,relative_historical_native,142,43
donor_hydro_present,1.7384772607404175,-0.5383115134221793,1840,53,hydro_group,relative_historical_native,142,43
high,2.99426729369311,-1.090930782962204,838,32,reference_group,relative_historical_native,142,43
low,1.2142965882965062,-0.6503742533382764,911,32,reference_group,relative_historical_native,142,43
middle,1.2185833941274966,-0.3174974729554889,534,26,reference_group,relative_historical_native,142,43
1-3,1.7192232738281732,-0.6620543975813292,841,53,support_group,relative_real_integrated,142,43
4+,1.7112335252643922,-0.4257849134386786,1101,42,support_group,relative_real_integrated,142,43
none,2.5812303338258697,-1.5123774624966804,341,39,support_group,relative_real_integrated,142,43
donor_hydro_absent,2.4256096349391614,-1.4794738723808487,443,40,hydro_group,relative_real_integrated,142,43
donor_hydro_present,1.7041246522620448,-0.4814623517981168,1840,53,hydro_group,relative_real_integrated,142,43
high,2.9689018230224726,-0.9066074789428157,838,32,reference_group,relative_real_integrated,142,43
low,1.2083408599147543,-0.6967024999286044,911,32,reference_group,relative_real_integrated,142,43
middle,1.1636632534925808,-0.2750273557756795,534,26,reference_group,relative_real_integrated,142,43
1-3,1.7192232738281732,-0.6620543975813292,841,53,support_group,relative_real_native,142,43
4+,1.7112335252643922,-0.4257849134386786,1101,42,support_group,relative_real_native,142,43
none,2.5812303338258697,-1.5123774624966804,341,39,support_group,relative_real_native,142,43
donor_hydro_absent,2.4256096349391614,-1.4794738723808487,443,40,hydro_group,relative_real_native,142,43
donor_hydro_present,1.7041246522620448,-0.4814623517981168,1840,53,hydro_group,relative_real_native,142,43
high,2.9689018230224726,-0.9066074789428157,838,32,reference_group,relative_real_native,142,43
low,1.2083408599147543,-0.6967024999286044,911,32,reference_group,relative_real_native,142,43
middle,1.1636632534925808,-0.2750273557756795,534,26,reference_group,relative_real_native,142,43
1-3,1.9590985826238063,-0.6984710016169159,841,53,support_group,station_hidden_trees,142,43
4+,1.854343595354176,-0.6293554539551577,1101,42,support_group,station_hidden_trees,142,43
none,2.845497839302906,-1.9149476590415249,341,39,support_group,station_hidden_trees,142,43
donor_hydro_absent,2.621865462822169,-1.7342079844002574,443,40,hydro_group,station_hidden_trees,142,43
donor_hydro_present,1.9011209617628473,-0.6331942835914678,1840,53,hydro_group,station_hidden_trees,142,43
high,3.245873248207085,-1.625995431212255,838,32,reference_group,station_hidden_trees,142,43
low,1.3282704632830666,-0.567157790130039,911,32,reference_group,station_hidden_trees,142,43
middle,1.3660164712087053,-0.1012485032458418,534,26,reference_group,station_hidden_trees,142,43
1-3,1.7506365104438757,-0.640506758231097,841,53,support_group,unmonitored_integrated,142,43
4+,1.7526173405282575,-0.46351631255799164,1101,42,support_group,unmonitored_integrated,142,43
none,2.592692784798685,-1.588622160935332,341,39,support_group,unmonitored_integrated,142,43
donor_hydro_absent,2.4380817346763015,-1.5517660488324416,443,40,hydro_group,unmonitored_integrated,142,43
donor_hydro_present,1.7423668632389464,-0.4909160005678684,1840,53,hydro_group,unmonitored_integrated,142,43
high,2.9971914544954825,-0.922283895586224,838,32,reference_group,unmonitored_integrated,142,43
low,1.2324495853542852,-0.711120772367372,911,32,reference_group,unmonitored_integrated,142,43
middle,1.2202569769593532,-0.31837616582344186,534,26,reference_group,unmonitored_integrated,142,43
1-3,1.7506365104438757,-0.640506758231097,841,53,support_group,unmonitored_residual,142,43
4+,1.7526173405282575,-0.46351631255799164,1101,42,support_group,unmonitored_residual,142,43
none,2.592692784798685,-1.588622160935332,341,39,support_group,unmonitored_residual,142,43
donor_hydro_absent,2.4380817346763015,-1.5517660488324416,443,40,hydro_group,unmonitored_residual,142,43
donor_hydro_present,1.7423668632389464,-0.4909160005678684,1840,53,hydro_group,unmonitored_residual,142,43
high,2.9971914544954825,-0.922283895586224,838,32,reference_group,unmonitored_residual,142,43
low,1.2324495853542852,-0.711120772367372,911,32,reference_group,unmonitored_residual,142,43
middle,1.2202569769593532,-0.31837616582344186,534,26,reference_group,unmonitored_residual,142,43
1-3,1.7463585500962893,-0.6329999065439099,841,53,support_group,attention_fixed_integrated,142,44
4+,1.7722898258725315,-0.6730161156207264,1101,42,support_group,attention_fixed_integrated,142,44
none,2.5060846675080897,-1.4599122524737518,341,39,support_group,attention_fixed_integrated,142,44
donor_hydro_absent,2.3566208615251387,-1.4247371233212067,443,40,hydro_group,attention_fixed_integrated,142,44
donor_hydro_present,1.7557448200441623,-0.619573476719621,1840,53,hydro_group,attention_fixed_integrated,142,44
high,2.9935214946817705,-1.1551703009816099,860,34,reference_group,attention_fixed_integrated,142,44
low,1.1815610265329624,-0.6586135397229541,825,30,reference_group,attention_fixed_integrated,142,44
middle,1.2129384251185258,-0.3919249392638391,598,26,reference_group,attention_fixed_integrated,142,44
1-3,1.7463585500962893,-0.6329999065439099,841,53,support_group,attention_fixed_native,142,44
4+,1.7722898258725315,-0.6730161156207264,1101,42,support_group,attention_fixed_native,142,44
none,2.5060846675080897,-1.4599122524737518,341,39,support_group,attention_fixed_native,142,44
donor_hydro_absent,2.3566208615251387,-1.4247371233212067,443,40,hydro_group,attention_fixed_native,142,44
donor_hydro_present,1.7557448200441623,-0.619573476719621,1840,53,hydro_group,attention_fixed_native,142,44
high,2.9935214946817705,-1.1551703009816099,860,34,reference_group,attention_fixed_native,142,44
low,1.1815610265329624,-0.6586135397229541,825,30,reference_group,attention_fixed_native,142,44
middle,1.2129384251185258,-0.3919249392638391,598,26,reference_group,attention_fixed_native,142,44
1-3,1.7720750829813716,-0.5576506401461421,841,53,support_group,attention_historical_integrated,142,44
4+,1.7626748529167569,-0.6414282703821764,1101,42,support_group,attention_historical_integrated,142,44
none,2.5151658120409257,-1.4334008495802133,341,39,support_group,attention_historical_integrated,142,44
donor_hydro_absent,2.3598910981607806,-1.3831857296016612,443,40,hydro_group,attention_historical_integrated,142,44
donor_hydro_present,1.7626412735159853,-0.5713234377972819,1840,53,hydro_group,attention_historical_integrated,142,44
high,2.9822318965448305,-1.1608651225148587,860,34,reference_group,attention_historical_integrated,142,44
low,1.1986276596626726,-0.5779767661930117,825,30,reference_group,attention_historical_integrated,142,44
middle,1.2292716546895979,-0.3157384051647514,598,26,reference_group,attention_historical_integrated,142,44
1-3,1.7720750829813716,-0.5576506401461421,841,53,support_group,attention_historical_native,142,44
4+,1.7626748529167569,-0.6414282703821764,1101,42,support_group,attention_historical_native,142,44
none,2.5151658120409257,-1.4334008495802133,341,39,support_group,attention_historical_native,142,44
donor_hydro_absent,2.3598910981607806,-1.3831857296016612,443,40,hydro_group,attention_historical_native,142,44
donor_hydro_present,1.7626412735159853,-0.5713234377972819,1840,53,hydro_group,attention_historical_native,142,44
high,2.9822318965448305,-1.1608651225148587,860,34,reference_group,attention_historical_native,142,44
low,1.1986276596626726,-0.5779767661930117,825,30,reference_group,attention_historical_native,142,44
middle,1.2292716546895979,-0.3157384051647514,598,26,reference_group,attention_historical_native,142,44
1-3,1.7369905562157126,-0.6034121361475249,841,53,support_group,attention_real_integrated,142,44
4+,1.7391344510366888,-0.6408052044580246,1101,42,support_group,attention_real_integrated,142,44
none,2.4957746108979775,-1.4314906975408184,341,39,support_group,attention_real_integrated,142,44
donor_hydro_absent,2.3462146688379395,-1.3930764756325924,443,40,hydro_group,attention_real_integrated,142,44
donor_hydro_present,1.7322185502118543,-0.5891312966111599,1840,53,hydro_group,attention_real_integrated,142,44
high,2.941044492617406,-1.120296188115982,860,34,reference_group,attention_real_integrated,142,44
low,1.1793459651462046,-0.634189611806458,825,30,reference_group,attention_real_integrated,142,44
middle,1.2113654611846674,-0.3586510249994985,598,26,reference_group,attention_real_integrated,142,44
1-3,1.7369905562157126,-0.6034121361475249,841,53,support_group,attention_real_native,142,44
4+,1.7391344510366888,-0.6408052044580246,1101,42,support_group,attention_real_native,142,44
none,2.4957746108979775,-1.4314906975408184,341,39,support_group,attention_real_native,142,44
donor_hydro_absent,2.3462146688379395,-1.3930764756325924,443,40,hydro_group,attention_real_native,142,44
donor_hydro_present,1.7322185502118543,-0.5891312966111599,1840,53,hydro_group,attention_real_native,142,44
high,2.941044492617406,-1.120296188115982,860,34,reference_group,attention_real_native,142,44
low,1.1793459651462046,-0.634189611806458,825,30,reference_group,attention_real_native,142,44
middle,1.2113654611846674,-0.3586510249994985,598,26,reference_group,attention_real_native,142,44
1-3,1.8376217754095336,-0.6861219079516757,841,53,support_group,current_model,142,44
4+,1.8853648305955844,-0.637000676818426,1101,42,support_group,current_model,142,44
none,2.6260270999635487,-1.4555665775662094,341,39,support_group,current_model,142,44
donor_hydro_absent,2.462856289023029,-1.4278025836289234,443,40,hydro_group,current_model,142,44
donor_hydro_present,1.8617698351388718,-0.6207597435689731,1840,53,hydro_group,current_model,142,44
high,3.119362895837592,-1.4360858750097918,860,34,reference_group,current_model,142,44
low,1.2317558499753822,-0.5395237213111271,825,30,reference_group,current_model,142,44
middle,1.3676440903724199,-0.15814974937194418,598,26,reference_group,current_model,142,44
1-3,1.7647600409427329,-0.638787941609014,841,53,support_group,innovation_availability_integrated,142,44
4+,1.7721360352972417,-0.7440672268046008,1101,42,support_group,innovation_availability_integrated,142,44
none,2.511400591317477,-1.4794548147383402,341,39,support_group,innovation_availability_integrated,142,44
donor_hydro_absent,2.362217361884633,-1.4448290684164427,443,40,hydro_group,innovation_availability_integrated,142,44
donor_hydro_present,1.7637012389236242,-0.6635182011534436,1840,53,hydro_group,innovation_availability_integrated,142,44
high,2.996462007018381,-1.2464463881040377,860,34,reference_group,innovation_availability_integrated,142,44
low,1.1871346950129402,-0.6630468125154885,825,30,reference_group,innovation_availability_integrated,142,44
middle,1.2296473603894271,-0.40464089186633767,598,26,reference_group,innovation_availability_integrated,142,44
1-3,1.7647600409427329,-0.638787941609014,841,53,support_group,innovation_availability_native,142,44
4+,1.7721360352972417,-0.7440672268046008,1101,42,support_group,innovation_availability_native,142,44
none,2.511400591317477,-1.4794548147383402,341,39,support_group,innovation_availability_native,142,44
donor_hydro_absent,2.362217361884633,-1.4448290684164427,443,40,hydro_group,innovation_availability_native,142,44
donor_hydro_present,1.7637012389236242,-0.6635182011534436,1840,53,hydro_group,innovation_availability_native,142,44
high,2.996462007018381,-1.2464463881040377,860,34,reference_group,innovation_availability_native,142,44
low,1.1871346950129402,-0.6630468125154885,825,30,reference_group,innovation_availability_native,142,44
middle,1.2296473603894271,-0.40464089186633767,598,26,reference_group,innovation_availability_native,142,44
1-3,1.7634739526512802,-0.6438810173737105,841,53,support_group,innovation_historical_integrated,142,44
4+,1.7676578045080287,-0.7266481260528507,1101,42,support_group,innovation_historical_integrated,142,44
none,2.5133192931476227,-1.4773469583200474,341,39,support_group,innovation_historical_integrated,142,44
donor_hydro_absent,2.363607475540699,-1.4414507758665618,443,40,hydro_group,innovation_historical_integrated,142,44
donor_hydro_present,1.7604546762184108,-0.655845729061809,1840,53,hydro_group,innovation_historical_integrated,142,44
high,2.990063378016134,-1.2319822325411227,860,34,reference_group,innovation_historical_integrated,142,44
low,1.1884156256279623,-0.6589359089810147,825,30,reference_group,innovation_historical_integrated,142,44
middle,1.2281226081429117,-0.4050033282406569,598,26,reference_group,innovation_historical_integrated,142,44
1-3,1.7634739526512802,-0.6438810173737105,841,53,support_group,innovation_historical_native,142,44
4+,1.7676578045080287,-0.7266481260528507,1101,42,support_group,innovation_historical_native,142,44
none,2.5133192931476227,-1.4773469583200474,341,39,support_group,innovation_historical_native,142,44
donor_hydro_absent,2.363607475540699,-1.4414507758665618,443,40,hydro_group,innovation_historical_native,142,44
donor_hydro_present,1.7604546762184108,-0.655845729061809,1840,53,hydro_group,innovation_historical_native,142,44
high,2.990063378016134,-1.2319822325411227,860,34,reference_group,innovation_historical_native,142,44
low,1.1884156256279623,-0.6589359089810147,825,30,reference_group,innovation_historical_native,142,44
middle,1.2281226081429117,-0.4050033282406569,598,26,reference_group,innovation_historical_native,142,44
1-3,1.9971493739626953,-0.7573416363715256,841,53,support_group,innovation_historical_trees,142,44
4+,1.8526210872070676,-0.6082752231665766,1101,42,support_group,innovation_historical_trees,142,44
none,2.872614961442508,-1.8544492785773952,341,39,support_group,innovation_historical_trees,142,44
donor_hydro_absent,2.644694910016087,-1.6655028089563488,443,40,hydro_group,innovation_historical_trees,142,44
donor_hydro_present,1.9170110311045525,-0.6528178241967842,1840,53,hydro_group,innovation_historical_trees,142,44
high,3.2572764191382886,-1.6965604636511296,860,34,reference_group,innovation_historical_trees,142,44
low,1.3282522784782786,-0.5222434695606974,825,30,reference_group,innovation_historical_trees,142,44
middle,1.3408600203444734,-0.08212321030468003,598,26,reference_group,innovation_historical_trees,142,44
1-3,1.746591687917836,-0.6318829079295321,841,53,support_group,innovation_real_integrated,142,44
4+,1.7745307111672728,-0.6696481360180597,1101,42,support_group,innovation_real_integrated,142,44
none,2.503797985116556,-1.458233124224819,341,39,support_group,innovation_real_integrated,142,44
donor_hydro_absent,2.3549513847661556,-1.4240095740039833,443,40,hydro_group,innovation_real_integrated,142,44
donor_hydro_present,1.7571704195692426,-0.6169116181529994,1840,53,hydro_group,innovation_real_integrated,142,44
high,2.99518990176403,-1.1480074263217832,860,34,reference_group,innovation_real_integrated,142,44
low,1.1823067415905595,-0.6592971222835367,825,30,reference_group,innovation_real_integrated,142,44
middle,1.2126599634273174,-0.39255368923851536,598,26,reference_group,innovation_real_integrated,142,44
1-3,1.746591687917836,-0.6318829079295321,841,53,support_group,innovation_real_native,142,44
4+,1.7745307111672728,-0.6696481360180597,1101,42,support_group,innovation_real_native,142,44
none,2.503797985116556,-1.458233124224819,341,39,support_group,innovation_real_native,142,44
donor_hydro_absent,2.3549513847661556,-1.4240095740039833,443,40,hydro_group,innovation_real_native,142,44
donor_hydro_present,1.7571704195692426,-0.6169116181529994,1840,53,hydro_group,innovation_real_native,142,44
high,2.99518990176403,-1.1480074263217832,860,34,reference_group,innovation_real_native,142,44
low,1.1823067415905595,-0.6592971222835367,825,30,reference_group,innovation_real_native,142,44
middle,1.2126599634273174,-0.39255368923851536,598,26,reference_group,innovation_real_native,142,44
1-3,1.9928451817616795,-0.7780392528156754,841,53,support_group,innovation_real_trees,142,44
4+,1.8314675688345419,-0.672587479834649,1101,42,support_group,innovation_real_trees,142,44
none,2.888934492459491,-1.8645690189226507,341,39,support_group,innovation_real_trees,142,44
donor_hydro_absent,2.653564360409751,-1.6743894848922043,443,40,hydro_group,innovation_real_trees,142,44
donor_hydro_present,1.903275131204114,-0.7004963698702765,1840,53,hydro_group,innovation_real_trees,142,44
high,3.2427680224673296,-1.7805310389920916,860,34,reference_group,innovation_real_trees,142,44
low,1.3298404422243422,-0.533869898933309,825,30,reference_group,innovation_real_trees,142,44
middle,1.32384011525101,-0.09860953547721799,598,26,reference_group,innovation_real_trees,142,44
1-3,2.0384791170697096,-0.6350008043056604,841,53,support_group,matched_daily_trees,142,44
4+,2.080274407764629,-0.599536767154399,1101,42,support_group,matched_daily_trees,142,44
none,2.963636527283017,-1.6553880189202725,341,39,support_group,matched_daily_trees,142,44
donor_hydro_absent,2.727879221554059,-1.4779966724473963,443,40,hydro_group,matched_daily_trees,142,44
donor_hydro_present,2.068963381010621,-0.5999241552259076,1840,53,hydro_group,matched_daily_trees,142,44
high,3.3754092545118097,-1.8501965874622621,860,34,reference_group,matched_daily_trees,142,44
low,1.404339913036082,-0.4035344152623569,825,30,reference_group,matched_daily_trees,142,44
middle,1.5951684432659983,0.2767090071891696,598,26,reference_group,matched_daily_trees,142,44
1-3,1.7338978332080102,-0.5597599199419079,841,53,support_group,ratio_fixed_integrated,142,44
4+,1.7263294089886652,-0.5908910946286253,1101,42,support_group,ratio_fixed_integrated,142,44
none,2.4923211490240105,-1.3454900256465425,341,39,support_group,ratio_fixed_integrated,142,44
donor_hydro_absent,2.3431801930347795,-1.317559972508056,443,40,hydro_group,ratio_fixed_integrated,142,44
donor_hydro_present,1.723233393112629,-0.5415555536856865,1840,53,hydro_group,ratio_fixed_integrated,142,44
high,2.9296498151145367,-1.0763242761551268,860,34,reference_group,ratio_fixed_integrated,142,44
low,1.1759687696903907,-0.5923819038473335,825,30,reference_group,ratio_fixed_integrated,142,44
middle,1.2025170448972755,-0.2772363518984495,598,26,reference_group,ratio_fixed_integrated,142,44
1-3,1.7338978332080102,-0.5597599199419079,841,53,support_group,ratio_fixed_native,142,44
4+,1.7263294089886652,-0.5908910946286253,1101,42,support_group,ratio_fixed_native,142,44
none,2.4923211490240105,-1.3454900256465425,341,39,support_group,ratio_fixed_native,142,44
donor_hydro_absent,2.3431801930347795,-1.317559972508056,443,40,hydro_group,ratio_fixed_native,142,44
donor_hydro_present,1.723233393112629,-0.5415555536856865,1840,53,hydro_group,ratio_fixed_native,142,44
high,2.9296498151145367,-1.0763242761551268,860,34,reference_group,ratio_fixed_native,142,44
low,1.1759687696903907,-0.5923819038473335,825,30,reference_group,ratio_fixed_native,142,44
middle,1.2025170448972755,-0.2772363518984495,598,26,reference_group,ratio_fixed_native,142,44
1-3,1.7719864049723393,-0.5569400508766409,841,53,support_group,ratio_historical_integrated,142,44
4+,1.7594375817203416,-0.6386458447390102,1101,42,support_group,ratio_historical_integrated,142,44
none,2.518970097570394,-1.4360275709969637,341,39,support_group,ratio_historical_integrated,142,44
donor_hydro_absent,2.362885728265787,-1.3866993822093157,443,40,hydro_group,ratio_historical_integrated,142,44
donor_hydro_present,1.7606477009269532,-0.5689745832805125,1840,53,hydro_group,ratio_historical_integrated,142,44
high,2.980565429281508,-1.1487298066314324,860,34,reference_group,ratio_historical_integrated,142,44
low,1.1981413265511007,-0.587713468235482,825,30,reference_group,ratio_historical_integrated,142,44
middle,1.228423551405657,-0.31513346915980817,598,26,reference_group,ratio_historical_integrated,142,44
1-3,1.7719864049723393,-0.5569400508766409,841,53,support_group,ratio_historical_native,142,44
4+,1.7594375817203416,-0.6386458447390102,1101,42,support_group,ratio_historical_native,142,44
none,2.518970097570394,-1.4360275709969637,341,39,support_group,ratio_historical_native,142,44
donor_hydro_absent,2.362885728265787,-1.3866993822093157,443,40,hydro_group,ratio_historical_native,142,44
donor_hydro_present,1.7606477009269532,-0.5689745832805125,1840,53,hydro_group,ratio_historical_native,142,44
high,2.980565429281508,-1.1487298066314324,860,34,reference_group,ratio_historical_native,142,44
low,1.1981413265511007,-0.587713468235482,825,30,reference_group,ratio_historical_native,142,44
middle,1.228423551405657,-0.31513346915980817,598,26,reference_group,ratio_historical_native,142,44
1-3,1.7347554460291168,-0.5863729501609275,841,53,support_group,ratio_real_integrated,142,44
4+,1.7172729798967754,-0.5721996922533549,1101,42,support_group,ratio_real_integrated,142,44
none,2.4887853740945514,-1.4007073370991905,341,39,support_group,ratio_real_integrated,142,44
donor_hydro_absent,2.3364915746453736,-1.362102886420032,443,40,hydro_group,ratio_real_integrated,142,44
donor_hydro_present,1.719161372812597,-0.5420440953929531,1840,53,hydro_group,ratio_real_integrated,142,44
high,2.930231517094881,-1.0369475107865251,860,34,reference_group,ratio_real_integrated,142,44
low,1.1736368461536804,-0.6235770298113105,825,30,reference_group,ratio_real_integrated,142,44
middle,1.1874133624827667,-0.3253291059136537,598,26,reference_group,ratio_real_integrated,142,44
1-3,1.7347554460291168,-0.5863729501609275,841,53,support_group,ratio_real_native,142,44
4+,1.7172729798967754,-0.5721996922533549,1101,42,support_group,ratio_real_native,142,44
none,2.4887853740945514,-1.4007073370991905,341,39,support_group,ratio_real_native,142,44
donor_hydro_absent,2.3364915746453736,-1.362102886420032,443,40,hydro_group,ratio_real_native,142,44
donor_hydro_present,1.719161372812597,-0.5420440953929531,1840,53,hydro_group,ratio_real_native,142,44
high,2.930231517094881,-1.0369475107865251,860,34,reference_group,ratio_real_native,142,44
low,1.1736368461536804,-0.6235770298113105,825,30,reference_group,ratio_real_native,142,44
middle,1.1874133624827667,-0.3253291059136537,598,26,reference_group,ratio_real_native,142,44
1-3,1.7423535928087666,-0.5321380647623614,841,53,support_group,relative_fixed_integrated,142,44
4+,1.731517580639593,-0.5866243934536151,1101,42,support_group,relative_fixed_integrated,142,44
none,2.484015100090046,-1.3164619539114117,341,39,support_group,relative_fixed_integrated,142,44
donor_hydro_absent,2.3347005290953122,-1.2869027600892569,443,40,hydro_group,relative_fixed_integrated,142,44
donor_hydro_present,1.7307049144444822,-0.5283788984901232,1840,53,hydro_group,relative_fixed_integrated,142,44
high,2.9418183018091972,-1.0754425317251486,860,34,reference_group,relative_fixed_integrated,142,44
low,1.1754826992073435,-0.548791289648086,825,30,reference_group,relative_fixed_integrated,142,44
middle,1.2023953353931471,-0.27538746605028236,598,26,reference_group,relative_fixed_integrated,142,44
1-3,1.7423535928087666,-0.5321380647623614,841,53,support_group,relative_fixed_native,142,44
4+,1.731517580639593,-0.5866243934536151,1101,42,support_group,relative_fixed_native,142,44
none,2.484015100090046,-1.3164619539114117,341,39,support_group,relative_fixed_native,142,44
donor_hydro_absent,2.3347005290953122,-1.2869027600892569,443,40,hydro_group,relative_fixed_native,142,44
donor_hydro_present,1.7307049144444822,-0.5283788984901232,1840,53,hydro_group,relative_fixed_native,142,44
high,2.9418183018091972,-1.0754425317251486,860,34,reference_group,relative_fixed_native,142,44
low,1.1754826992073435,-0.548791289648086,825,30,reference_group,relative_fixed_native,142,44
middle,1.2023953353931471,-0.27538746605028236,598,26,reference_group,relative_fixed_native,142,44
1-3,1.7734505797641662,-0.5487189341402885,841,53,support_group,relative_historical_integrated,142,44
4+,1.7604561000313665,-0.6329006638104353,1101,42,support_group,relative_historical_integrated,142,44
none,2.517258326377022,-1.4272799693392948,341,39,support_group,relative_historical_integrated,142,44
donor_hydro_absent,2.3614106256077703,-1.3779868304244534,443,40,hydro_group,relative_historical_integrated,142,44
donor_hydro_present,1.761964285797022,-0.562255738116271,1840,53,hydro_group,relative_historical_integrated,142,44
high,2.982089402724019,-1.1418439799697133,860,34,reference_group,relative_historical_integrated,142,44
low,1.1986662430852386,-0.5796571210844131,825,30,reference_group,relative_historical_integrated,142,44
middle,1.228465980138436,-0.3090230373635069,598,26,reference_group,relative_historical_integrated,142,44
1-3,1.7734505797641662,-0.5487189341402885,841,53,support_group,relative_historical_native,142,44
4+,1.7604561000313665,-0.6329006638104353,1101,42,support_group,relative_historical_native,142,44
none,2.517258326377022,-1.4272799693392948,341,39,support_group,relative_historical_native,142,44
donor_hydro_absent,2.3614106256077703,-1.3779868304244534,443,40,hydro_group,relative_historical_native,142,44
donor_hydro_present,1.761964285797022,-0.562255738116271,1840,53,hydro_group,relative_historical_native,142,44
high,2.982089402724019,-1.1418439799697133,860,34,reference_group,relative_historical_native,142,44
low,1.1986662430852386,-0.5796571210844131,825,30,reference_group,relative_historical_native,142,44
middle,1.228465980138436,-0.3090230373635069,598,26,reference_group,relative_historical_native,142,44
1-3,1.7330784400348718,-0.6060614078393652,841,53,support_group,relative_real_integrated,142,44
4+,1.7169373667936523,-0.5872508800417349,1101,42,support_group,relative_real_integrated,142,44
none,2.4895954357551875,-1.4081522990570643,341,39,support_group,relative_real_integrated,142,44
donor_hydro_absent,2.3370908964219574,-1.3706781530431829,443,40,hydro_group,relative_real_integrated,142,44
donor_hydro_present,1.7181998833623533,-0.5593643342930354,1840,53,hydro_group,relative_real_integrated,142,44
high,2.929423504306484,-1.0548188807493635,860,34,reference_group,relative_real_integrated,142,44
low,1.173533007058723,-0.6370166238193118,825,30,reference_group,relative_real_integrated,142,44
middle,1.1862041939375156,-0.3407321819430276,598,26,reference_group,relative_real_integrated,142,44
1-3,1.7330784400348718,-0.6060614078393652,841,53,support_group,relative_real_native,142,44
4+,1.7169373667936523,-0.5872508800417349,1101,42,support_group,relative_real_native,142,44
none,2.4895954357551875,-1.4081522990570643,341,39,support_group,relative_real_native,142,44
donor_hydro_absent,2.3370908964219574,-1.3706781530431829,443,40,hydro_group,relative_real_native,142,44
donor_hydro_present,1.7181998833623533,-0.5593643342930354,1840,53,hydro_group,relative_real_native,142,44
high,2.929423504306484,-1.0548188807493635,860,34,reference_group,relative_real_native,142,44
low,1.173533007058723,-0.6370166238193118,825,30,reference_group,relative_real_native,142,44
middle,1.1862041939375156,-0.3407321819430276,598,26,reference_group,relative_real_native,142,44
1-3,1.9396727675538552,-0.6316479706231404,841,53,support_group,station_hidden_trees,142,44
4+,1.8582987099697048,-0.5971618974960834,1101,42,support_group,station_hidden_trees,142,44
none,2.84016663366258,-1.8565073577513174,341,39,support_group,station_hidden_trees,142,44
donor_hydro_absent,2.6207571599696173,-1.6602594575643588,443,40,hydro_group,station_hidden_trees,142,44
donor_hydro_present,1.8938875420662153,-0.5903615552877375,1840,53,hydro_group,station_hidden_trees,142,44
high,3.198337802460229,-1.5570269747244059,860,34,reference_group,station_hidden_trees,142,44
low,1.325028472552112,-0.5330778759818496,825,30,reference_group,station_hidden_trees,142,44
middle,1.3411864536740596,-0.07178554428500526,598,26,reference_group,station_hidden_trees,142,44
1-3,1.7660256638068599,-0.6444973762480961,841,53,support_group,unmonitored_integrated,142,44
4+,1.7706575947164944,-0.7208882891635278,1101,42,support_group,unmonitored_integrated,142,44
none,2.5173279282085903,-1.5136636634721339,341,39,support_group,unmonitored_integrated,142,44
donor_hydro_absent,2.367962115112913,-1.4747529077218209,443,40,hydro_group,unmonitored_integrated,142,44
donor_hydro_present,1.763110435635075,-0.6513935168026761,1840,53,hydro_group,unmonitored_integrated,142,44
high,2.9962588781957544,-1.2442700845532635,860,34,reference_group,unmonitored_integrated,142,44
low,1.1891041851787716,-0.6596685553442658,825,30,reference_group,unmonitored_integrated,142,44
middle,1.2296602517436843,-0.3972922711753592,598,26,reference_group,unmonitored_integrated,142,44
1-3,1.7660256638068599,-0.6444973762480961,841,53,support_group,unmonitored_residual,142,44
4+,1.7706575947164944,-0.7208882891635278,1101,42,support_group,unmonitored_residual,142,44
none,2.5173279282085903,-1.5136636634721339,341,39,support_group,unmonitored_residual,142,44
donor_hydro_absent,2.367962115112913,-1.4747529077218209,443,40,hydro_group,unmonitored_residual,142,44
donor_hydro_present,1.763110435635075,-0.6513935168026761,1840,53,hydro_group,unmonitored_residual,142,44
high,2.9962588781957544,-1.2442700845532635,860,34,reference_group,unmonitored_residual,142,44
low,1.1891041851787716,-0.6596685553442658,825,30,reference_group,unmonitored_residual,142,44
middle,1.2296602517436843,-0.3972922711753592,598,26,reference_group,unmonitored_residual,142,44
1-3,1.5873917389816548,-0.20621415468940194,1480,54,support_group,attention_fixed_integrated,143,42
4+,1.7289159147874709,-0.15190623755970992,1087,44,support_group,attention_fixed_integrated,143,42
none,1.71849100520487,-0.5851156847815787,501,43,support_group,attention_fixed_integrated,143,42
donor_hydro_absent,1.7165210227033463,-0.3723360154472094,638,48,hydro_group,attention_fixed_integrated,143,42
donor_hydro_present,1.6438250840286974,-0.2164245306123337,2430,53,hydro_group,attention_fixed_integrated,143,42
high,2.654649797386516,-0.32240137986967543,956,33,reference_group,attention_fixed_integrated,143,42
low,1.0307845380072134,-0.42964356423324546,1178,33,reference_group,attention_fixed_integrated,143,42
middle,1.4320406580304745,0.05446879076968133,934,33,reference_group,attention_fixed_integrated,143,42
1-3,1.585642176994391,-0.20616268847996186,1480,54,support_group,attention_fixed_native,143,42
4+,1.7679882331786878,-0.11332140720167003,1087,44,support_group,attention_fixed_native,143,42
none,1.7150891272763629,-0.5515011586424261,501,43,support_group,attention_fixed_native,143,42
donor_hydro_absent,1.7256688882113966,-0.3300375729950081,638,48,hydro_group,attention_fixed_native,143,42
donor_hydro_present,1.6571343759273742,-0.20330833641464988,2430,53,hydro_group,attention_fixed_native,143,42
high,2.7348692383490936,-0.2742637185920478,956,33,reference_group,attention_fixed_native,143,42
low,1.0233144185850342,-0.37785592403479296,1178,33,reference_group,attention_fixed_native,143,42
middle,1.4002290227275014,0.0028984629856203493,934,33,reference_group,attention_fixed_native,143,42
1-3,1.632761169611037,-0.07454548003234933,1480,54,support_group,attention_historical_integrated,143,42
4+,1.7255399895666799,-0.10548491052316258,1087,44,support_group,attention_historical_integrated,143,42
none,1.724222191287764,-0.5437446022711732,501,43,support_group,attention_historical_integrated,143,42
donor_hydro_absent,1.721899526173358,-0.3314430216875902,638,48,hydro_group,attention_historical_integrated,143,42
donor_hydro_present,1.6697168394320507,-0.11767275970688475,2430,53,hydro_group,attention_historical_integrated,143,42
high,2.6321132459784273,-0.3554689823578162,956,33,reference_group,attention_historical_integrated,143,42
low,1.0331402085882782,-0.3215684313529982,1178,33,reference_group,attention_historical_integrated,143,42
middle,1.5231738636468066,0.2368634960851089,934,33,reference_group,attention_historical_integrated,143,42
1-3,1.632761169611037,-0.07454548003234933,1480,54,support_group,attention_historical_native,143,42
4+,1.7255399895666799,-0.10548491052316258,1087,44,support_group,attention_historical_native,143,42
none,1.724222191287764,-0.5437446022711732,501,43,support_group,attention_historical_native,143,42
donor_hydro_absent,1.721899526173358,-0.3314430216875902,638,48,hydro_group,attention_historical_native,143,42
donor_hydro_present,1.6697168394320507,-0.11767275970688475,2430,53,hydro_group,attention_historical_native,143,42
high,2.6321132459784273,-0.3554689823578162,956,33,reference_group,attention_historical_native,143,42
low,1.0331402085882782,-0.3215684313529982,1178,33,reference_group,attention_historical_native,143,42
middle,1.5231738636468066,0.2368634960851089,934,33,reference_group,attention_historical_native,143,42
1-3,1.5884184314014205,-0.20316011912246806,1480,54,support_group,attention_real_integrated,143,42
4+,1.7220295018802176,-0.17851399139943497,1087,44,support_group,attention_real_integrated,143,42
none,1.7245247414760891,-0.574074581527222,501,43,support_group,attention_real_integrated,143,42
donor_hydro_absent,1.7205937823330093,-0.359070099624298,638,48,hydro_group,attention_real_integrated,143,42
donor_hydro_present,1.6415446129090367,-0.22767338548859034,2430,53,hydro_group,attention_real_integrated,143,42
high,2.643538237158635,-0.3558872134632505,956,33,reference_group,attention_real_integrated,143,42
low,1.0383569179506456,-0.4292043025833468,1178,33,reference_group,attention_real_integrated,143,42
middle,1.430712246710818,0.06798479038166297,934,33,reference_group,attention_real_integrated,143,42
1-3,1.5860378987350812,-0.2020906410573834,1480,54,support_group,attention_real_native,143,42
4+,1.760697044129496,-0.14879841232130342,1087,44,support_group,attention_real_native,143,42
none,1.7202226408937678,-0.5367796876366171,501,43,support_group,attention_real_native,143,42
donor_hydro_absent,1.7289970359475677,-0.31234968523112616,638,48,hydro_group,attention_real_native,143,42
donor_hydro_present,1.6542984408435852,-0.21830680958299215,2430,53,hydro_group,attention_real_native,143,42
high,2.722436064770628,-0.3189114967168145,956,33,reference_group,attention_real_native,143,42
low,1.0314784201416183,-0.3772702418349281,1178,33,reference_group,attention_real_native,143,42
middle,1.3975533868703571,0.020919795801595874,934,33,reference_group,attention_real_native,143,42
1-3,1.6794210359698087,-0.2574736125812925,1480,54,support_group,current_model,143,42
4+,1.775276456190292,-0.2466414353087926,1087,44,support_group,current_model,143,42
none,1.777843256072592,-0.6613004478687861,501,43,support_group,current_model,143,42
donor_hydro_absent,1.7786743368382247,-0.4370770082739431,638,48,hydro_group,current_model,143,42
donor_hydro_present,1.7165324631702656,-0.2887311028413401,2430,53,hydro_group,current_model,143,42
high,2.765752129663627,-0.513058452013152,956,33,reference_group,current_model,143,42
low,1.0706815749953849,-0.4894972318752962,1178,33,reference_group,current_model,143,42
middle,1.4996211789117149,0.0927622142295932,934,33,reference_group,current_model,143,42
1-3,1.6317892553840647,-0.07846053967522501,1480,54,support_group,innovation_availability_integrated,143,42
4+,1.7290447886598255,-0.10879752095822483,1087,44,support_group,innovation_availability_integrated,143,42
none,1.725063989344585,-0.5477171480364466,501,43,support_group,innovation_availability_integrated,143,42
donor_hydro_absent,1.7229569482316447,-0.33523997571229014,638,48,hydro_group,innovation_availability_integrated,143,42
donor_hydro_present,1.6705886044985572,-0.12136118957314489,2430,53,hydro_group,innovation_availability_integrated,143,42
high,2.632528098011179,-0.3549971613495174,956,33,reference_group,innovation_availability_integrated,143,42
low,1.0369101318723124,-0.3282955095129455,1178,33,reference_group,innovation_availability_integrated,143,42
middle,1.5209848446027967,0.23267516197987717,934,33,reference_group,innovation_availability_integrated,143,42
1-3,1.6317892553840647,-0.07846053967522501,1480,54,support_group,innovation_availability_native,143,42
4+,1.7290447886598255,-0.10879752095822483,1087,44,support_group,innovation_availability_native,143,42
none,1.725063989344585,-0.5477171480364466,501,43,support_group,innovation_availability_native,143,42
donor_hydro_absent,1.7229569482316447,-0.33523997571229014,638,48,hydro_group,innovation_availability_native,143,42
donor_hydro_present,1.6705886044985572,-0.12136118957314489,2430,53,hydro_group,innovation_availability_native,143,42
high,2.632528098011179,-0.3549971613495174,956,33,reference_group,innovation_availability_native,143,42
low,1.0369101318723124,-0.3282955095129455,1178,33,reference_group,innovation_availability_native,143,42
middle,1.5209848446027967,0.23267516197987717,934,33,reference_group,innovation_availability_native,143,42
1-3,1.6315312280459837,-0.07071042721159297,1480,54,support_group,innovation_historical_integrated,143,42
4+,1.7254564877302847,-0.09513168352327413,1087,44,support_group,innovation_historical_integrated,143,42
none,1.7229325546078023,-0.5379072196191144,501,43,support_group,innovation_historical_integrated,143,42
donor_hydro_absent,1.7211021129657604,-0.32529736236800677,638,48,hydro_group,innovation_historical_integrated,143,42
donor_hydro_present,1.668873860681987,-0.11111579098820765,2430,53,hydro_group,innovation_historical_integrated,143,42
high,2.6308483322360954,-0.34580790111979576,956,33,reference_group,innovation_historical_integrated,143,42
low,1.0308987439893094,-0.3163625306838232,1178,33,reference_group,innovation_historical_integrated,143,42
middle,1.5245577125184908,0.2416663012033572,934,33,reference_group,innovation_historical_integrated,143,42
1-3,1.6315312280459837,-0.07071042721159297,1480,54,support_group,innovation_historical_native,143,42
4+,1.7254564877302847,-0.09513168352327413,1087,44,support_group,innovation_historical_native,143,42
none,1.7229325546078023,-0.5379072196191144,501,43,support_group,innovation_historical_native,143,42
donor_hydro_absent,1.7211021129657604,-0.32529736236800677,638,48,hydro_group,innovation_historical_native,143,42
donor_hydro_present,1.668873860681987,-0.11111579098820765,2430,53,hydro_group,innovation_historical_native,143,42
high,2.6308483322360954,-0.34580790111979576,956,33,reference_group,innovation_historical_native,143,42
low,1.0308987439893094,-0.3163625306838232,1178,33,reference_group,innovation_historical_native,143,42
middle,1.5245577125184908,0.2416663012033572,934,33,reference_group,innovation_historical_native,143,42
1-3,1.7284064568694395,0.018385039425241643,1480,54,support_group,innovation_historical_trees,143,42
4+,1.734667155966039,-0.09015630648537334,1087,44,support_group,innovation_historical_trees,143,42
none,1.8172639995024524,-0.4085487386483329,501,43,support_group,innovation_historical_trees,143,42
donor_hydro_absent,1.7780878193203273,-0.2356339150901647,638,48,hydro_group,innovation_historical_trees,143,42
donor_hydro_present,1.7364831233441211,-0.051497336228614354,2430,53,hydro_group,innovation_historical_trees,143,42
high,2.6508604276503904,-0.4639452036126129,956,33,reference_group,innovation_historical_trees,143,42
low,1.0159920277631838,-0.23457486320766857,1178,33,reference_group,innovation_historical_trees,143,42
middle,1.7377011144687153,0.47578997714050697,934,33,reference_group,innovation_historical_trees,143,42
1-3,1.618872513193886,-0.09292871761431054,1480,54,support_group,innovation_real_integrated,143,42
4+,1.7073047042482938,-0.12647080551729598,1087,44,support_group,innovation_real_integrated,143,42
none,1.7264834664432458,-0.5218059960147362,501,43,support_group,innovation_real_integrated,143,42
donor_hydro_absent,1.721050086646246,-0.3157120021379521,638,48,hydro_group,innovation_real_integrated,143,42
donor_hydro_present,1.6537900388693858,-0.1378637095908847,2430,53,hydro_group,innovation_real_integrated,143,42
high,2.6247419413092907,-0.3475096238455501,956,33,reference_group,innovation_real_integrated,143,42
low,1.0202836788641763,-0.35363422789160887,1178,33,reference_group,innovation_real_integrated,143,42
middle,1.504916788157635,0.22737392846123983,934,33,reference_group,innovation_real_integrated,143,42
1-3,1.618872513193886,-0.09292871761431054,1480,54,support_group,innovation_real_native,143,42
4+,1.7073047042482938,-0.12647080551729598,1087,44,support_group,innovation_real_native,143,42
none,1.7264834664432458,-0.5218059960147362,501,43,support_group,innovation_real_native,143,42
donor_hydro_absent,1.721050086646246,-0.3157120021379521,638,48,hydro_group,innovation_real_native,143,42
donor_hydro_present,1.6537900388693858,-0.1378637095908847,2430,53,hydro_group,innovation_real_native,143,42
high,2.6247419413092907,-0.3475096238455501,956,33,reference_group,innovation_real_native,143,42
low,1.0202836788641763,-0.35363422789160887,1178,33,reference_group,innovation_real_native,143,42
middle,1.504916788157635,0.22737392846123983,934,33,reference_group,innovation_real_native,143,42
1-3,1.698820137445239,-0.017434525219420318,1480,54,support_group,innovation_real_trees,143,42
4+,1.705674070259507,-0.07433851930727323,1087,44,support_group,innovation_real_trees,143,42
none,1.818032260649658,-0.4455500986591939,501,43,support_group,innovation_real_trees,143,42
donor_hydro_absent,1.7754184668363027,-0.2654116614278422,638,48,hydro_group,innovation_real_trees,143,42
donor_hydro_present,1.7063533738826977,-0.06604815936174521,2430,53,hydro_group,innovation_real_trees,143,42
high,2.5947977005384333,-0.48721951278429104,956,33,reference_group,innovation_real_trees,143,42
low,1.0230579930116874,-0.24767167249507901,1178,33,reference_group,innovation_real_trees,143,42
middle,1.7059601315781654,0.45793299484045086,934,33,reference_group,innovation_real_trees,143,42
1-3,1.7846079831624722,0.12494568578596568,1480,54,support_group,matched_daily_trees,143,42
4+,1.8336209080435064,-0.15104795353067627,1087,44,support_group,matched_daily_trees,143,42
none,1.8191958940834831,-0.3477542694806913,501,43,support_group,matched_daily_trees,143,42
donor_hydro_absent,1.8117864106124848,-0.12127432392044193,638,48,hydro_group,matched_daily_trees,143,42
donor_hydro_present,1.8065280473616503,-0.03132567114123468,2430,53,hydro_group,matched_daily_trees,143,42
high,2.6507066145179037,-0.7042887817606364,956,33,reference_group,matched_daily_trees,143,42
low,1.105865949161308,-0.10602115598570948,1178,33,reference_group,matched_daily_trees,143,42
middle,1.8297615347627822,0.6902554577943169,934,33,reference_group,matched_daily_trees,143,42
1-3,1.5843352733271405,-0.2717524288880579,1480,54,support_group,ratio_fixed_integrated,143,42
4+,1.713359717688977,-0.21009794659184686,1087,44,support_group,ratio_fixed_integrated,143,42
none,1.728215567685716,-0.6513187287510505,501,43,support_group,ratio_fixed_integrated,143,42
donor_hydro_absent,1.717634683763379,-0.4369341267450959,638,48,hydro_group,ratio_fixed_integrated,143,42
donor_hydro_present,1.6367174028072404,-0.27906040038706514,2430,53,hydro_group,ratio_fixed_integrated,143,42
high,2.627840361720644,-0.40163275276673394,956,33,reference_group,ratio_fixed_integrated,143,42
low,1.0454769369243222,-0.4869716192039621,1178,33,reference_group,ratio_fixed_integrated,143,42
middle,1.4232194856111802,0.0007845109885711741,934,33,reference_group,ratio_fixed_integrated,143,42
1-3,1.5814754476989654,-0.2935470540781698,1480,54,support_group,ratio_fixed_native,143,42
4+,1.7489116645659986,-0.19091035257785263,1087,44,support_group,ratio_fixed_native,143,42
none,1.7209541237818622,-0.6397718839350551,501,43,support_group,ratio_fixed_native,143,42
donor_hydro_absent,1.7217151649612854,-0.4161683880588567,638,48,hydro_group,ratio_fixed_native,143,42
donor_hydro_present,1.6483104455749475,-0.28682282944762516,2430,53,hydro_group,ratio_fixed_native,143,42
high,2.702621140336149,-0.37990554912145913,956,33,reference_group,ratio_fixed_native,143,42
low,1.0367529661904384,-0.4542933306624151,1178,33,reference_group,ratio_fixed_native,143,42
middle,1.3906293936388943,-0.0686805767225265,934,33,reference_group,ratio_fixed_native,143,42
1-3,1.62714099322466,-0.11873941503192718,1480,54,support_group,ratio_historical_integrated,143,42
4+,1.7143533177272476,-0.14292711359438776,1087,44,support_group,ratio_historical_integrated,143,42
none,1.728103672341162,-0.5718128854768281,501,43,support_group,ratio_historical_integrated,143,42
donor_hydro_absent,1.7205022442059428,-0.3624135988051763,638,48,hydro_group,ratio_historical_integrated,143,42
donor_hydro_present,1.662456886576768,-0.15899361576565435,2430,53,hydro_group,ratio_historical_integrated,143,42
high,2.6274967834146077,-0.3872925548765642,956,33,reference_group,ratio_historical_integrated,143,42
low,1.0329816801517753,-0.3683000458775659,1178,33,reference_group,ratio_historical_integrated,143,42
middle,1.508256233428031,0.1997160322885711,934,33,reference_group,ratio_historical_integrated,143,42
1-3,1.62714099322466,-0.11873941503192718,1480,54,support_group,ratio_historical_native,143,42
4+,1.7143533177272476,-0.14292711359438776,1087,44,support_group,ratio_historical_native,143,42
none,1.728103672341162,-0.5718128854768281,501,43,support_group,ratio_historical_native,143,42
donor_hydro_absent,1.7205022442059428,-0.3624135988051763,638,48,hydro_group,ratio_historical_native,143,42
donor_hydro_present,1.662456886576768,-0.15899361576565435,2430,53,hydro_group,ratio_historical_native,143,42
high,2.6274967834146077,-0.3872925548765642,956,33,reference_group,ratio_historical_native,143,42
low,1.0329816801517753,-0.3683000458775659,1178,33,reference_group,ratio_historical_native,143,42
middle,1.508256233428031,0.1997160322885711,934,33,reference_group,ratio_historical_native,143,42
1-3,1.591843881945432,-0.23980624376505336,1480,54,support_group,ratio_real_integrated,143,42
4+,1.7275572322962198,-0.18276744570643028,1087,44,support_group,ratio_real_integrated,143,42
none,1.7290094985033377,-0.6287290992401523,501,43,support_group,ratio_real_integrated,143,42
donor_hydro_absent,1.72167801982669,-0.4129756013568686,638,48,hydro_group,ratio_real_integrated,143,42
donor_hydro_present,1.6467435550971083,-0.2490108227608242,2430,53,hydro_group,ratio_real_integrated,143,42
high,2.6233146494046315,-0.40316377959739513,956,33,reference_group,ratio_real_integrated,143,42
low,1.0566579122995083,-0.4471091315667999,1178,33,reference_group,ratio_real_integrated,143,42
middle,1.4425969914515564,0.04662141039220022,934,33,reference_group,ratio_real_integrated,143,42
1-3,1.5866683092661535,-0.25095214058083043,1480,54,support_group,ratio_real_native,143,42
4+,1.7620601784975936,-0.15446968473063052,1087,44,support_group,ratio_real_native,143,42
none,1.718201109217955,-0.6096523779205242,501,43,support_group,ratio_real_native,143,42
donor_hydro_absent,1.7228564238337167,-0.38422368754122027,638,48,hydro_group,ratio_real_native,143,42
donor_hydro_present,1.6564876004333646,-0.2467567259459706,2430,53,hydro_group,ratio_real_native,143,42
high,2.6921147954449984,-0.38194691822900745,956,33,reference_group,ratio_real_native,143,42
low,1.0473287975382168,-0.40114334714619887,1178,33,reference_group,ratio_real_native,143,42
middle,1.410098714682601,-0.007564710851021124,934,33,reference_group,ratio_real_native,143,42
1-3,1.5804902950805602,-0.1971708364985832,1480,54,support_group,relative_fixed_integrated,143,42
4+,1.7163209660685699,-0.1319516348538785,1087,44,support_group,relative_fixed_integrated,143,42
none,1.7207009332340215,-0.5774570980948005,501,43,support_group,relative_fixed_integrated,143,42
donor_hydro_absent,1.717514190689362,-0.36132327326931446,638,48,hydro_group,relative_fixed_integrated,143,42
donor_hydro_present,1.634182568200081,-0.20330289008384422,2430,53,hydro_group,relative_fixed_integrated,143,42
high,2.631516693313502,-0.28723891089608633,956,33,reference_group,relative_fixed_integrated,143,42
low,1.0326406220023412,-0.4372757281383866,1178,33,reference_group,relative_fixed_integrated,143,42
middle,1.4289690394641794,0.06976545536843023,934,33,reference_group,relative_fixed_integrated,143,42
1-3,1.5790538952537367,-0.19410493089220351,1480,54,support_group,relative_fixed_native,143,42
4+,1.7525208658664047,-0.0867152702605615,1087,44,support_group,relative_fixed_native,143,42
none,1.7163205989343102,-0.5412897097267219,501,43,support_group,relative_fixed_native,143,42
donor_hydro_absent,1.7267127826977768,-0.3153539167578148,638,48,hydro_group,relative_fixed_native,143,42
donor_hydro_present,1.6461826382210782,-0.18581281570999728,2430,53,hydro_group,relative_fixed_native,143,42
high,2.7087271401465527,-0.22738042662726232,956,33,reference_group,relative_fixed_native,143,42
low,1.0241855179034196,-0.3880321425749812,1178,33,reference_group,relative_fixed_native,143,42
middle,1.3981080087452562,0.023294015783952217,934,33,reference_group,relative_fixed_native,143,42
1-3,1.6275051099885913,-0.11516158480777235,1480,54,support_group,relative_historical_integrated,143,42
4+,1.7151222210400858,-0.13239987851205706,1087,44,support_group,relative_historical_integrated,143,42
none,1.7275012362425852,-0.5698958798161725,501,43,support_group,relative_historical_integrated,143,42
donor_hydro_absent,1.7205481833516882,-0.36013221661823897,638,48,hydro_group,relative_historical_integrated,143,42
donor_hydro_present,1.6628863355690726,-0.15230917491505147,2430,53,hydro_group,relative_historical_integrated,143,42
high,2.628807288696253,-0.365733009360376,956,33,reference_group,relative_historical_integrated,143,42
low,1.0337319602782644,-0.37152066741236545,1178,33,reference_group,relative_historical_integrated,143,42
middle,1.5071172582546146,0.20066001489751015,934,33,reference_group,relative_historical_integrated,143,42
1-3,1.6275051099885913,-0.11516158480777235,1480,54,support_group,relative_historical_native,143,42
4+,1.7151222210400858,-0.13239987851205706,1087,44,support_group,relative_historical_native,143,42
none,1.7275012362425852,-0.5698958798161725,501,43,support_group,relative_historical_native,143,42
donor_hydro_absent,1.7205481833516882,-0.36013221661823897,638,48,hydro_group,relative_historical_native,143,42
donor_hydro_present,1.6628863355690726,-0.15230917491505147,2430,53,hydro_group,relative_historical_native,143,42
high,2.628807288696253,-0.365733009360376,956,33,reference_group,relative_historical_native,143,42
low,1.0337319602782644,-0.37152066741236545,1178,33,reference_group,relative_historical_native,143,42
middle,1.5071172582546146,0.20066001489751015,934,33,reference_group,relative_historical_native,143,42
1-3,1.5882492752891273,-0.2789498329506898,1480,54,support_group,relative_real_integrated,143,42
4+,1.712732137662326,-0.22792727737050217,1087,44,support_group,relative_real_integrated,143,42
none,1.7300222639989915,-0.6388725920675822,501,43,support_group,relative_real_integrated,143,42
donor_hydro_absent,1.717847190939188,-0.42703357275324405,638,48,hydro_group,relative_real_integrated,143,42
donor_hydro_present,1.6391372047370985,-0.2914528611020764,2430,53,hydro_group,relative_real_integrated,143,42
high,2.6256487319830306,-0.454195713614642,956,33,reference_group,relative_real_integrated,143,42
low,1.0484890109946612,-0.4781866611158688,1178,33,reference_group,relative_real_integrated,143,42
middle,1.428104574521267,0.018026891986590788,934,33,reference_group,relative_real_integrated,143,42
1-3,1.5868087995489317,-0.30314359282834563,1480,54,support_group,relative_real_native,143,42
4+,1.7510063109082064,-0.21468279361605971,1087,44,support_group,relative_real_native,143,42
none,1.723399391644705,-0.6231770350237641,501,43,support_group,relative_real_native,143,42
donor_hydro_absent,1.721399755176743,-0.4029676494030542,638,48,hydro_group,relative_real_native,143,42
donor_hydro_present,1.6530826891773145,-0.30334611040097353,2430,53,hydro_group,relative_real_native,143,42
high,2.7041661785578093,-0.44998949691866985,956,33,reference_group,relative_real_native,143,42
low,1.0414333559751268,-0.44258005321162414,1178,33,reference_group,relative_real_native,143,42
middle,1.3953454159139957,-0.0456907353918337,934,33,reference_group,relative_real_native,143,42
1-3,1.7380579594125518,0.0741768393233288,1480,54,support_group,station_hidden_trees,143,42
4+,1.7367557734837853,-0.06781470031282517,1087,44,support_group,station_hidden_trees,143,42
none,1.8059569477112576,-0.486620819001726,501,43,support_group,station_hidden_trees,143,42
donor_hydro_absent,1.7746865823343603,-0.2884112772351983,638,48,hydro_group,station_hidden_trees,143,42
donor_hydro_present,1.7418574884697404,-0.009762754109186212,2430,53,hydro_group,station_hidden_trees,143,42
high,2.635470301756762,-0.3861818281074374,956,33,reference_group,station_hidden_trees,143,42
low,1.0556370641499808,-0.25909757125288446,1178,33,reference_group,station_hidden_trees,143,42
middle,1.7151109919300314,0.49965404630110183,934,33,reference_group,station_hidden_trees,143,42
1-3,1.621583125043266,-0.14731811872267686,1480,54,support_group,unmonitored_integrated,143,42
4+,1.7131433262828741,-0.16483186629952457,1087,44,support_group,unmonitored_integrated,143,42
none,1.7340592127887469,-0.6289231441198136,501,43,support_group,unmonitored_integrated,143,42
donor_hydro_absent,1.7227834817178391,-0.41853256013918966,638,48,hydro_group,unmonitored_integrated,143,42
donor_hydro_present,1.659159516462839,-0.18323859103389653,2430,53,hydro_group,unmonitored_integrated,143,42
high,2.6237663935166045,-0.4357252449359273,956,33,reference_group,unmonitored_integrated,143,42
low,1.0383921748720968,-0.38587250581965243,1178,33,reference_group,unmonitored_integrated,143,42
middle,1.4982300129972976,0.17004025314039128,934,33,reference_group,unmonitored_integrated,143,42
1-3,1.621583125043266,-0.14731811872267686,1480,54,support_group,unmonitored_residual,143,42
4+,1.7131433262828741,-0.16483186629952457,1087,44,support_group,unmonitored_residual,143,42
none,1.7340592127887469,-0.6289231441198136,501,43,support_group,unmonitored_residual,143,42
donor_hydro_absent,1.7227834817178391,-0.41853256013918966,638,48,hydro_group,unmonitored_residual,143,42
donor_hydro_present,1.659159516462839,-0.18323859103389653,2430,53,hydro_group,unmonitored_residual,143,42
high,2.6237663935166045,-0.4357252449359273,956,33,reference_group,unmonitored_residual,143,42
low,1.0383921748720968,-0.38587250581965243,1178,33,reference_group,unmonitored_residual,143,42
middle,1.4982300129972976,0.17004025314039128,934,33,reference_group,unmonitored_residual,143,42
1-3,1.625609220142642,-0.10145571934533093,1480,54,support_group,attention_fixed_integrated,143,43
4+,1.7328591301399583,-0.11743009344642567,1087,44,support_group,attention_fixed_integrated,143,43
none,1.787964981949147,-0.4067547966214505,501,43,support_group,attention_fixed_integrated,143,43
donor_hydro_absent,1.7660605832642617,-0.21879807316462901,638,48,hydro_group,attention_fixed_integrated,143,43
donor_hydro_present,1.6701824379041845,-0.14073743153731189,2430,53,hydro_group,attention_fixed_integrated,143,43
high,2.6521882991113954,-0.37711866276086226,975,33,reference_group,attention_fixed_integrated,143,43
low,0.9966078005347311,-0.3019331583056522,1151,31,reference_group,attention_fixed_integrated,143,43
middle,1.5417312167523154,0.24801553300100337,942,33,reference_group,attention_fixed_integrated,143,43
1-3,1.625609220142642,-0.10145571934533093,1480,54,support_group,attention_fixed_native,143,43
4+,1.7328591301399583,-0.11743009344642567,1087,44,support_group,attention_fixed_native,143,43
none,1.787964981949147,-0.4067547966214505,501,43,support_group,attention_fixed_native,143,43
donor_hydro_absent,1.7660605832642617,-0.21879807316462901,638,48,hydro_group,attention_fixed_native,143,43
donor_hydro_present,1.6701824379041845,-0.14073743153731189,2430,53,hydro_group,attention_fixed_native,143,43
high,2.6521882991113954,-0.37711866276086226,975,33,reference_group,attention_fixed_native,143,43
low,0.9966078005347311,-0.3019331583056522,1151,31,reference_group,attention_fixed_native,143,43
middle,1.5417312167523154,0.24801553300100337,942,33,reference_group,attention_fixed_native,143,43
1-3,1.6296921538362894,-0.10673776741647245,1480,54,support_group,attention_historical_integrated,143,43
4+,1.7321815575904687,-0.1366520801672919,1087,44,support_group,attention_historical_integrated,143,43
none,1.7898667806609265,-0.4131101797488262,501,43,support_group,attention_historical_integrated,143,43
donor_hydro_absent,1.768755258377268,-0.2253940627493051,638,48,hydro_group,attention_historical_integrated,143,43
donor_hydro_present,1.6720506761501954,-0.15213147939849003,2430,53,hydro_group,attention_historical_integrated,143,43
high,2.6488691611971737,-0.39938684992460616,975,33,reference_group,attention_historical_integrated,143,43
low,1.0019644085323347,-0.3036725022462178,1151,31,reference_group,attention_historical_integrated,143,43
middle,1.5452659570081853,0.23932942865127416,942,33,reference_group,attention_historical_integrated,143,43
1-3,1.6296921538362894,-0.10673776741647245,1480,54,support_group,attention_historical_native,143,43
4+,1.7321815575904687,-0.1366520801672919,1087,44,support_group,attention_historical_native,143,43
none,1.7898667806609265,-0.4131101797488262,501,43,support_group,attention_historical_native,143,43
donor_hydro_absent,1.768755258377268,-0.2253940627493051,638,48,hydro_group,attention_historical_native,143,43
donor_hydro_present,1.6720506761501954,-0.15213147939849003,2430,53,hydro_group,attention_historical_native,143,43
high,2.6488691611971737,-0.39938684992460616,975,33,reference_group,attention_historical_native,143,43
low,1.0019644085323347,-0.3036725022462178,1151,31,reference_group,attention_historical_native,143,43
middle,1.5452659570081853,0.23932942865127416,942,33,reference_group,attention_historical_native,143,43
1-3,1.628207413945092,-0.08280354531644203,1480,54,support_group,attention_real_integrated,143,43
4+,1.7281976852632441,-0.10358399632967169,1087,44,support_group,attention_real_integrated,143,43
none,1.7898014376872116,-0.38730758144767036,501,43,support_group,attention_real_integrated,143,43
donor_hydro_absent,1.7677346489996402,-0.19895005697175522,638,48,hydro_group,attention_real_integrated,143,43
donor_hydro_present,1.669618794542965,-0.12438519054979026,2430,53,hydro_group,attention_real_integrated,143,43
high,2.6514903672705104,-0.35869136822736547,975,33,reference_group,attention_real_integrated,143,43
low,0.9942029779939482,-0.2851495519369202,1151,31,reference_group,attention_real_integrated,143,43
middle,1.5450718057764257,0.26406058271455024,942,33,reference_group,attention_real_integrated,143,43
1-3,1.628207413945092,-0.08280354531644203,1480,54,support_group,attention_real_native,143,43
4+,1.7281976852632441,-0.10358399632967169,1087,44,support_group,attention_real_native,143,43
none,1.7898014376872116,-0.38730758144767036,501,43,support_group,attention_real_native,143,43
donor_hydro_absent,1.7677346489996402,-0.19895005697175522,638,48,hydro_group,attention_real_native,143,43
donor_hydro_present,1.669618794542965,-0.12438519054979026,2430,53,hydro_group,attention_real_native,143,43
high,2.6514903672705104,-0.35869136822736547,975,33,reference_group,attention_real_native,143,43
low,0.9942029779939482,-0.2851495519369202,1151,31,reference_group,attention_real_native,143,43
middle,1.5450718057764257,0.26406058271455024,942,33,reference_group,attention_real_native,143,43
1-3,1.7229627184813767,-0.2415088273414935,1480,54,support_group,current_model,143,43
4+,1.745897165336692,-0.31348325530575644,1087,44,support_group,current_model,143,43
none,1.8071208538842325,-0.3198583252485992,501,43,support_group,current_model,143,43
donor_hydro_absent,1.789225097900404,-0.1711866001815624,638,48,hydro_group,current_model,143,43
donor_hydro_present,1.7331757108678865,-0.30832153622077324,2430,53,hydro_group,current_model,143,43
high,2.726648208292268,-0.557640945594358,975,33,reference_group,current_model,143,43
low,1.0078337050968387,-0.41209447611710764,1151,31,reference_group,current_model,143,43
middle,1.6291337497006368,0.16940794058702138,942,33,reference_group,current_model,143,43
1-3,1.631342918897653,-0.10991916943527433,1480,54,support_group,innovation_availability_integrated,143,43
4+,1.7339120793884681,-0.13528845581979212,1087,44,support_group,innovation_availability_integrated,143,43
none,1.7903980384584917,-0.41670657195757366,501,43,support_group,innovation_availability_integrated,143,43
donor_hydro_absent,1.769245821033661,-0.22889964865497758,638,48,hydro_group,innovation_availability_integrated,143,43
donor_hydro_present,1.6738109192230535,-0.1532802217897896,2430,53,hydro_group,innovation_availability_integrated,143,43
high,2.651609446762255,-0.3935741764570724,975,33,reference_group,innovation_availability_integrated,143,43
low,1.003766510421527,-0.31011747981758714,1151,31,reference_group,innovation_availability_integrated,143,43
middle,1.545100746754904,0.23585045278622493,942,33,reference_group,innovation_availability_integrated,143,43
1-3,1.631342918897653,-0.10991916943527433,1480,54,support_group,innovation_availability_native,143,43
4+,1.7339120793884681,-0.13528845581979212,1087,44,support_group,innovation_availability_native,143,43
none,1.7903980384584917,-0.41670657195757366,501,43,support_group,innovation_availability_native,143,43
donor_hydro_absent,1.769245821033661,-0.22889964865497758,638,48,hydro_group,innovation_availability_native,143,43
donor_hydro_present,1.6738109192230535,-0.1532802217897896,2430,53,hydro_group,innovation_availability_native,143,43
high,2.651609446762255,-0.3935741764570724,975,33,reference_group,innovation_availability_native,143,43
low,1.003766510421527,-0.31011747981758714,1151,31,reference_group,innovation_availability_native,143,43
middle,1.545100746754904,0.23585045278622493,942,33,reference_group,innovation_availability_native,143,43
1-3,1.6305016844188904,-0.09601175431278838,1480,54,support_group,innovation_historical_integrated,143,43
4+,1.732318037099427,-0.12788817560266438,1087,44,support_group,innovation_historical_integrated,143,43
none,1.790154181468149,-0.4058702836171988,501,43,support_group,innovation_historical_integrated,143,43
donor_hydro_absent,1.7695150992263613,-0.21774364894231696,638,48,hydro_group,innovation_historical_integrated,143,43
donor_hydro_present,1.6724645312247568,-0.14219440630865898,2430,53,hydro_group,innovation_historical_integrated,143,43
high,2.648390864172916,-0.3875016865899422,975,33,reference_group,innovation_historical_integrated,143,43
low,1.0022625047555196,-0.29706748949278927,1151,31,reference_group,innovation_historical_integrated,143,43
middle,1.546978990064099,0.24977279137596017,942,33,reference_group,innovation_historical_integrated,143,43
1-3,1.6305016844188904,-0.09601175431278838,1480,54,support_group,innovation_historical_native,143,43
4+,1.732318037099427,-0.12788817560266438,1087,44,support_group,innovation_historical_native,143,43
none,1.790154181468149,-0.4058702836171988,501,43,support_group,innovation_historical_native,143,43
donor_hydro_absent,1.7695150992263613,-0.21774364894231696,638,48,hydro_group,innovation_historical_native,143,43
donor_hydro_present,1.6724645312247568,-0.14219440630865898,2430,53,hydro_group,innovation_historical_native,143,43
high,2.648390864172916,-0.3875016865899422,975,33,reference_group,innovation_historical_native,143,43
low,1.0022625047555196,-0.29706748949278927,1151,31,reference_group,innovation_historical_native,143,43
middle,1.546978990064099,0.24977279137596017,942,33,reference_group,innovation_historical_native,143,43
1-3,1.7590609586530264,0.04280905505457136,1480,54,support_group,innovation_historical_trees,143,43
4+,1.7610109966095977,-0.07970772580988927,1087,44,support_group,innovation_historical_trees,143,43
none,1.832933548805999,-0.4198903571079381,501,43,support_group,innovation_historical_trees,143,43
donor_hydro_absent,1.8008009909656055,-0.23434846318309152,638,48,hydro_group,innovation_historical_trees,143,43
donor_hydro_present,1.764204875653029,-0.034623722582242236,2430,53,hydro_group,innovation_historical_trees,143,43
high,2.6620928305594616,-0.3759767457918358,975,33,reference_group,innovation_historical_trees,143,43
low,1.0542472399568024,-0.26475955291039727,1151,31,reference_group,innovation_historical_trees,143,43
middle,1.727122926844122,0.4646131710841254,942,33,reference_group,innovation_historical_trees,143,43
1-3,1.6254527284460591,-0.10191324596477637,1480,54,support_group,innovation_real_integrated,143,43
4+,1.734004284190299,-0.1182007928054036,1087,44,support_group,innovation_real_integrated,143,43
none,1.7884561689385923,-0.4052964606129535,501,43,support_group,innovation_real_integrated,143,43
donor_hydro_absent,1.7666697583437376,-0.21710126276279595,638,48,hydro_group,innovation_real_integrated,143,43
donor_hydro_present,1.670540711864178,-0.14150567363447267,2430,53,hydro_group,innovation_real_integrated,143,43
high,2.652885531052892,-0.37877111873731006,975,33,reference_group,innovation_real_integrated,143,43
low,0.9974813851086377,-0.30042733511396397,1151,31,reference_group,innovation_real_integrated,143,43
middle,1.541278947576057,0.24705340860999725,942,33,reference_group,innovation_real_integrated,143,43
1-3,1.6254527284460591,-0.10191324596477637,1480,54,support_group,innovation_real_native,143,43
4+,1.734004284190299,-0.1182007928054036,1087,44,support_group,innovation_real_native,143,43
none,1.7884561689385923,-0.4052964606129535,501,43,support_group,innovation_real_native,143,43
donor_hydro_absent,1.7666697583437376,-0.21710126276279595,638,48,hydro_group,innovation_real_native,143,43
donor_hydro_present,1.670540711864178,-0.14150567363447267,2430,53,hydro_group,innovation_real_native,143,43
high,2.652885531052892,-0.37877111873731006,975,33,reference_group,innovation_real_native,143,43
low,0.9974813851086377,-0.30042733511396397,1151,31,reference_group,innovation_real_native,143,43
middle,1.541278947576057,0.24705340860999725,942,33,reference_group,innovation_real_native,143,43
1-3,1.7593237653419735,0.04256249009574836,1480,54,support_group,innovation_real_trees,143,43
4+,1.7501534267362997,-0.11448997393068379,1087,44,support_group,innovation_real_trees,143,43
none,1.8426188124772855,-0.39947462658098576,501,43,support_group,innovation_real_trees,143,43
donor_hydro_absent,1.8044852815285983,-0.21062907417707175,638,48,hydro_group,innovation_real_trees,143,43
donor_hydro_present,1.760537597944178,-0.05235125716586329,2430,53,hydro_group,innovation_real_trees,143,43
high,2.6410793235377934,-0.466676471325992,975,33,reference_group,innovation_real_trees,143,43
low,1.0501189799094686,-0.2609129916463622,1151,31,reference_group,innovation_real_trees,143,43
middle,1.746951896278611,0.5241247438320441,942,33,reference_group,innovation_real_trees,143,43
1-3,1.7645231946331168,0.11585196265957036,1480,54,support_group,matched_daily_trees,143,43
4+,1.838271765560798,-0.11163480689045556,1087,44,support_group,matched_daily_trees,143,43
none,1.8223144925435935,-0.32232023649224817,501,43,support_group,matched_daily_trees,143,43
donor_hydro_absent,1.8081069631421045,-0.10386102153378012,638,48,hydro_group,matched_daily_trees,143,43
donor_hydro_present,1.7979847965025837,-0.01856182596618341,2430,53,hydro_group,matched_daily_trees,143,43
high,2.648052889878278,-0.634798274207897,975,33,reference_group,matched_daily_trees,143,43
low,1.1051051480730767,-0.06964061566256852,1151,31,reference_group,matched_daily_trees,143,43
middle,1.7716005360111553,0.6239024385816758,942,33,reference_group,matched_daily_trees,143,43
1-3,1.589738492059625,-0.18956058180891713,1480,54,support_group,ratio_fixed_integrated,143,43
4+,1.7271185772007902,-0.1348475004941824,1087,44,support_group,ratio_fixed_integrated,143,43
none,1.8067971199100241,-0.373674466280152,501,43,support_group,ratio_fixed_integrated,143,43
donor_hydro_absent,1.7840719192709227,-0.19229938967876264,638,48,hydro_group,ratio_fixed_integrated,143,43
donor_hydro_present,1.644921125203941,-0.2023262514838186,2430,53,hydro_group,ratio_fixed_integrated,143,43
high,2.6376609692910935,-0.3097811782886611,975,33,reference_group,ratio_fixed_integrated,143,43
low,1.004825867012927,-0.3699478746290198,1151,31,reference_group,ratio_fixed_integrated,143,43
middle,1.4937602980358073,0.12049559533834023,942,33,reference_group,ratio_fixed_integrated,143,43
1-3,1.5886168545369626,-0.18792362864943613,1480,54,support_group,ratio_fixed_native,143,43
4+,1.7588743128574513,-0.07813716188726066,1087,44,support_group,ratio_fixed_native,143,43
none,1.8190241193947072,-0.2694294771076437,501,43,support_group,ratio_fixed_native,143,43
donor_hydro_absent,1.8049947831505804,-0.09391340039667352,638,48,hydro_group,ratio_fixed_native,143,43
donor_hydro_present,1.6554706728219886,-0.18030019915657186,2430,53,hydro_group,ratio_fixed_native,143,43
high,2.6940782527419223,-0.23828149707207646,975,33,reference_group,ratio_fixed_native,143,43
low,1.0013320438909719,-0.3028115240420486,1151,31,reference_group,ratio_fixed_native,143,43
middle,1.4810200930632909,0.08791325946297789,942,33,reference_group,ratio_fixed_native,143,43
1-3,1.6300356351876755,-0.09515082258114989,1480,54,support_group,ratio_historical_integrated,143,43
4+,1.7318086375272241,-0.12653103969479867,1087,44,support_group,ratio_historical_integrated,143,43
none,1.7905647965210727,-0.4001275816156269,501,43,support_group,ratio_historical_integrated,143,43
donor_hydro_absent,1.7699507982635396,-0.21269735339024526,638,48,hydro_group,ratio_historical_integrated,143,43
donor_hydro_present,1.671923079355873,-0.14120389485382742,2430,53,hydro_group,ratio_historical_integrated,143,43
high,2.650536432583626,-0.3831277605745129,975,33,reference_group,ratio_historical_integrated,143,43
low,1.0005350605020826,-0.29449746927344256,1151,31,reference_group,ratio_historical_integrated,143,43
middle,1.5457673202972158,0.248078320314337,942,33,reference_group,ratio_historical_integrated,143,43
1-3,1.6300356351876755,-0.09515082258114989,1480,54,support_group,ratio_historical_native,143,43
4+,1.7318086375272241,-0.12653103969479867,1087,44,support_group,ratio_historical_native,143,43
none,1.7905647965210727,-0.4001275816156269,501,43,support_group,ratio_historical_native,143,43
donor_hydro_absent,1.7699507982635396,-0.21269735339024526,638,48,hydro_group,ratio_historical_native,143,43
donor_hydro_present,1.671923079355873,-0.14120389485382742,2430,53,hydro_group,ratio_historical_native,143,43
high,2.650536432583626,-0.3831277605745129,975,33,reference_group,ratio_historical_native,143,43
low,1.0005350605020826,-0.29449746927344256,1151,31,reference_group,ratio_historical_native,143,43
middle,1.5457673202972158,0.248078320314337,942,33,reference_group,ratio_historical_native,143,43
1-3,1.5838822942046682,-0.183187416501586,1480,54,support_group,ratio_real_integrated,143,43
4+,1.7193694014751344,-0.11933651283234946,1087,44,support_group,ratio_real_integrated,143,43
none,1.8049982479196234,-0.3545427921570048,501,43,support_group,ratio_real_integrated,143,43
donor_hydro_absent,1.78357063569298,-0.17464691830883833,638,48,hydro_group,ratio_real_integrated,143,43
donor_hydro_present,1.6376487207662511,-0.19219644891388135,2430,53,hydro_group,ratio_real_integrated,143,43
high,2.628502476979149,-0.31275269018791224,975,33,reference_group,ratio_real_integrated,143,43
low,1.002290220668024,-0.3463261210470068,1151,31,reference_group,ratio_real_integrated,143,43
middle,1.487238320584443,0.13279525851013668,942,33,reference_group,ratio_real_integrated,143,43
1-3,1.5851589106384638,-0.17942607490632792,1480,54,support_group,ratio_real_native,143,43
4+,1.754441347362638,-0.05745584500481674,1087,44,support_group,ratio_real_native,143,43
none,1.8196780896901428,-0.24392057827678074,501,43,support_group,ratio_real_native,143,43
donor_hydro_absent,1.8072046995192785,-0.07037677190344108,638,48,hydro_group,ratio_real_native,143,43
donor_hydro_present,1.6509362374360392,-0.16679379572998884,2430,53,hydro_group,ratio_real_native,143,43
high,2.6885173539056675,-0.24224351293774476,975,33,reference_group,ratio_real_native,143,43
low,1.0012245259440902,-0.27131585259936464,1151,31,reference_group,ratio_real_native,143,43
middle,1.4767068002581758,0.1043128103587065,942,33,reference_group,ratio_real_native,143,43
1-3,1.5882346813310837,-0.19203131638330634,1480,54,support_group,relative_fixed_integrated,143,43
4+,1.7265053246781425,-0.13852731115435016,1087,44,support_group,relative_fixed_integrated,143,43
none,1.805374872367097,-0.3777556981490225,501,43,support_group,relative_fixed_integrated,143,43
donor_hydro_absent,1.7820788490225206,-0.19600168095692927,638,48,hydro_group,relative_fixed_integrated,143,43
donor_hydro_present,1.6439609554216843,-0.2053465299564656,2430,53,hydro_group,relative_fixed_integrated,143,43
high,2.6347202347092518,-0.32236652067523763,975,33,reference_group,relative_fixed_integrated,143,43
low,1.0041771305023692,-0.3670567685415386,1151,31,reference_group,relative_fixed_integrated,143,43
middle,1.493769980150014,0.11969061359334966,942,33,reference_group,relative_fixed_integrated,143,43
1-3,1.5864678794380773,-0.19121794141528842,1480,54,support_group,relative_fixed_native,143,43
4+,1.7586019313620094,-0.08304357610081767,1087,44,support_group,relative_fixed_native,143,43
none,1.816273786946968,-0.27487111959947097,501,43,support_group,relative_fixed_native,143,43
donor_hydro_absent,1.8015482826127927,-0.09884978876756234,638,48,hydro_group,relative_fixed_native,143,43
donor_hydro_present,1.6543778287705053,-0.18432723712010116,2430,53,hydro_group,relative_fixed_native,143,43
high,2.690763674957374,-0.2550619535875118,975,33,reference_group,relative_fixed_native,143,43
low,1.0003943943102218,-0.29895671592540707,1151,31,reference_group,relative_fixed_native,143,43
middle,1.480443096905292,0.08683995046965712,942,33,reference_group,relative_fixed_native,143,43
1-3,1.6298225097715056,-0.09198232174629879,1480,54,support_group,relative_historical_integrated,143,43
4+,1.7319318982907883,-0.12191271067622726,1087,44,support_group,relative_historical_integrated,143,43
none,1.7902415307747477,-0.3983033663984587,501,43,support_group,relative_historical_integrated,143,43
donor_hydro_absent,1.7698392595103376,-0.21065319506089986,638,48,hydro_group,relative_historical_integrated,143,43
donor_hydro_present,1.6718110482528676,-0.13736880691619544,2430,53,hydro_group,relative_historical_integrated,143,43
high,2.6500721268612564,-0.37903867348346276,975,33,reference_group,relative_historical_integrated,143,43
low,1.0004974302669463,-0.29148735204514686,1151,31,reference_group,relative_historical_integrated,143,43
middle,1.5459293300372439,0.25144555158718807,942,33,reference_group,relative_historical_integrated,143,43
1-3,1.6298225097715056,-0.09198232174629879,1480,54,support_group,relative_historical_native,143,43
4+,1.7319318982907883,-0.12191271067622726,1087,44,support_group,relative_historical_native,143,43
none,1.7902415307747477,-0.3983033663984587,501,43,support_group,relative_historical_native,143,43
donor_hydro_absent,1.7698392595103376,-0.21065319506089986,638,48,hydro_group,relative_historical_native,143,43
donor_hydro_present,1.6718110482528676,-0.13736880691619544,2430,53,hydro_group,relative_historical_native,143,43
high,2.6500721268612564,-0.37903867348346276,975,33,reference_group,relative_historical_native,143,43
low,1.0004974302669463,-0.29148735204514686,1151,31,reference_group,relative_historical_native,143,43
middle,1.5459293300372439,0.25144555158718807,942,33,reference_group,relative_historical_native,143,43
1-3,1.6189452017094963,-0.11107107628948938,1480,54,support_group,relative_real_integrated,143,43
4+,1.7193276944039824,-0.1264193784631965,1087,44,support_group,relative_real_integrated,143,43
none,1.7883180247896602,-0.4044979789130767,501,43,support_group,relative_real_integrated,143,43
donor_hydro_absent,1.7662722487223588,-0.2182269553284192,638,48,hydro_group,relative_real_integrated,143,43
donor_hydro_present,1.660087958058411,-0.15029948445837812,2430,53,hydro_group,relative_real_integrated,143,43
high,2.6406301052556533,-0.38822013347634793,975,33,reference_group,relative_real_integrated,143,43
low,0.991347734251112,-0.3022160100798734,1151,31,reference_group,relative_real_integrated,143,43
middle,1.5342248811247463,0.23557188217407987,942,33,reference_group,relative_real_integrated,143,43
1-3,1.6189452017094963,-0.11107107628948938,1480,54,support_group,relative_real_native,143,43
4+,1.7193276944039824,-0.1264193784631965,1087,44,support_group,relative_real_native,143,43
none,1.7883180247896602,-0.4044979789130767,501,43,support_group,relative_real_native,143,43
donor_hydro_absent,1.7662722487223588,-0.2182269553284192,638,48,hydro_group,relative_real_native,143,43
donor_hydro_present,1.660087958058411,-0.15029948445837812,2430,53,hydro_group,relative_real_native,143,43
high,2.6406301052556533,-0.38822013347634793,975,33,reference_group,relative_real_native,143,43
low,0.991347734251112,-0.3022160100798734,1151,31,reference_group,relative_real_native,143,43
middle,1.5342248811247463,0.23557188217407987,942,33,reference_group,relative_real_native,143,43
1-3,1.7233868639119017,0.0498091080780677,1480,54,support_group,station_hidden_trees,143,43
4+,1.7399010757789246,-0.10864131138815142,1087,44,support_group,station_hidden_trees,143,43
none,1.818796172411604,-0.4883410029177476,501,43,support_group,station_hidden_trees,143,43
donor_hydro_absent,1.7842718287455885,-0.2859906649342892,638,48,hydro_group,station_hidden_trees,143,43
donor_hydro_present,1.7344594582715362,-0.04385696450909277,2430,53,hydro_group,station_hidden_trees,143,43
high,2.6404530544786815,-0.4485640808460965,975,33,reference_group,station_hidden_trees,143,43
low,1.0411397485321523,-0.25538196590745704,1151,31,reference_group,station_hidden_trees,143,43
middle,1.6776096939090204,0.4694906089164068,942,33,reference_group,station_hidden_trees,143,43
1-3,1.6298940915663525,-0.18659736923450032,1480,54,support_group,unmonitored_integrated,143,43
4+,1.7126336464654859,-0.20117766058112616,1087,44,support_group,unmonitored_integrated,143,43
none,1.7976269320841005,-0.468307622232159,501,43,support_group,unmonitored_integrated,143,43
donor_hydro_absent,1.7754435815397724,-0.2888521021338285,638,48,hydro_group,unmonitored_integrated,143,43
donor_hydro_present,1.663273299250183,-0.2243533749364912,2430,53,hydro_group,unmonitored_integrated,143,43
high,2.635794284916911,-0.3837886962015342,975,33,reference_group,unmonitored_integrated,143,43
low,0.9992654731434445,-0.42760154036066467,1151,31,reference_group,unmonitored_integrated,143,43
middle,1.5439842195522575,0.1453259124146121,942,33,reference_group,unmonitored_integrated,143,43
1-3,1.6305390062347458,-0.18397267855021376,1480,54,support_group,unmonitored_residual,143,43
4+,1.7302839061058488,-0.16657737533651898,1087,44,support_group,unmonitored_residual,143,43
none,1.7953480158792574,-0.3956070183769863,501,43,support_group,unmonitored_residual,143,43
donor_hydro_absent,1.7838503295077646,-0.22265035033676134,638,48,hydro_group,unmonitored_residual,143,43
donor_hydro_present,1.6688844365819075,-0.20966969709346867,2430,53,hydro_group,unmonitored_residual,143,43
high,2.6775267365295807,-0.33695818762257396,975,33,reference_group,unmonitored_residual,143,43
low,0.9921182334160351,-0.3796830783509085,1151,31,reference_group,unmonitored_residual,143,43
middle,1.5296911213819442,0.12102034889800704,942,33,reference_group,unmonitored_residual,143,43
1-3,1.5513867468108073,-0.2459782263593347,1480,54,support_group,attention_fixed_integrated,143,44
4+,1.7336858421720893,-0.20968326477490065,1087,44,support_group,attention_fixed_integrated,143,44
none,1.6859385283819193,-0.4432961582428781,501,43,support_group,attention_fixed_integrated,143,44
donor_hydro_absent,1.6751937303448943,-0.2631619743450669,638,48,hydro_group,attention_fixed_integrated,143,44
donor_hydro_present,1.628168929415784,-0.26591255945253567,2430,53,hydro_group,attention_fixed_integrated,143,44
high,2.7892236918526296,-0.5047749609581577,861,29,reference_group,attention_fixed_integrated,143,44
low,1.0311759586998415,-0.3713105508595942,1212,32,reference_group,attention_fixed_integrated,143,44
middle,1.380821344533744,0.07092941701003777,995,31,reference_group,attention_fixed_integrated,143,44
1-3,1.54628233460104,-0.2262670677601482,1480,54,support_group,attention_fixed_native,143,44
4+,1.78114418036823,-0.1474107633274081,1087,44,support_group,attention_fixed_native,143,44
none,1.686679637364538,-0.3532598447254267,501,43,support_group,attention_fixed_native,143,44
donor_hydro_absent,1.6881350101867332,-0.1740597570293055,638,48,hydro_group,attention_fixed_native,143,44
donor_hydro_present,1.6430444202017707,-0.23088222931878757,2430,53,hydro_group,attention_fixed_native,143,44
high,2.8789300239073135,-0.42169376458662666,861,29,reference_group,attention_fixed_native,143,44
low,1.029220181991673,-0.2953131136290233,1212,32,reference_group,attention_fixed_native,143,44
middle,1.3502054939008379,0.04914963095287545,995,31,reference_group,attention_fixed_native,143,44
1-3,1.5595111872717216,-0.2782296419926433,1480,54,support_group,attention_historical_integrated,143,44
4+,1.7373131747747823,-0.22060943786779486,1087,44,support_group,attention_historical_integrated,143,44
none,1.6724146271937903,-0.45046063359476246,501,43,support_group,attention_historical_integrated,143,44
donor_hydro_absent,1.667431489049672,-0.2741080055049429,638,48,hydro_group,attention_historical_integrated,143,44
donor_hydro_present,1.6339894717500965,-0.28904617244042285,2430,53,hydro_group,attention_historical_integrated,143,44
high,2.804221142302539,-0.5005622569305895,861,29,reference_group,attention_historical_integrated,143,44
low,1.0264281782752218,-0.3902751137844461,1212,32,reference_group,attention_historical_integrated,143,44
middle,1.3828646741450952,0.026868778473975126,995,31,reference_group,attention_historical_integrated,143,44
1-3,1.5599867029223558,-0.26926895527122635,1480,54,support_group,attention_historical_native,143,44
4+,1.7889281470996297,-0.1619789941179337,1087,44,support_group,attention_historical_native,143,44
none,1.675816372386321,-0.36281247852793913,501,43,support_group,attention_historical_native,143,44
donor_hydro_absent,1.6837028780780514,-0.1886544652424736,638,48,hydro_group,attention_historical_native,143,44
donor_hydro_present,1.6537970298658988,-0.2617270466359705,2430,53,hydro_group,attention_historical_native,143,44
high,2.8996045990323607,-0.4160768258832026,861,29,reference_group,attention_historical_native,143,44
low,1.0286811801257743,-0.3205991975288259,1212,32,reference_group,attention_historical_native,143,44
middle,1.3563900188026432,-0.009597887095208054,995,31,reference_group,attention_historical_native,143,44
1-3,1.5700555775782634,-0.19481200434953239,1480,54,support_group,attention_real_integrated,143,44
4+,1.7197211937391401,-0.19757144113479747,1087,44,support_group,attention_real_integrated,143,44
none,1.6715372203419165,-0.39536086501532125,501,43,support_group,attention_real_integrated,143,44
donor_hydro_absent,1.6697635580908714,-0.21796654708202515,638,48,hydro_group,attention_real_integrated,143,44
donor_hydro_present,1.6317490492755555,-0.23131483921200688,2430,53,hydro_group,attention_real_integrated,143,44
high,2.78124060874534,-0.46334196847353587,861,29,reference_group,attention_real_integrated,143,44
low,1.013178744728974,-0.3337169645633736,1212,32,reference_group,attention_real_integrated,143,44
middle,1.414913102573187,0.1027584719427281,995,31,reference_group,attention_real_integrated,143,44
1-3,1.5708717204013645,-0.15804543841374513,1480,54,support_group,attention_real_native,143,44
4+,1.7667109489468102,-0.13126166514060386,1087,44,support_group,attention_real_native,143,44
none,1.6829259020827485,-0.28934612042201757,501,43,support_group,attention_real_native,143,44
donor_hydro_absent,1.691550062721399,-0.11379918734524987,638,48,hydro_group,attention_real_native,143,44
donor_hydro_present,1.6498937796816486,-0.18475193566474918,2430,53,hydro_group,attention_real_native,143,44
high,2.8644914458710207,-0.366449774607131,861,29,reference_group,attention_real_native,143,44
low,1.016988528026046,-0.2451883319007291,1212,32,reference_group,attention_real_native,143,44
middle,1.3965161746534094,0.09158837086312924,995,31,reference_group,attention_real_native,143,44
1-3,1.655575635541554,-0.18523954675549564,1480,54,support_group,current_model,143,44
4+,1.7694431289930725,-0.2966079425094093,1087,44,support_group,current_model,143,44
none,1.736454441014704,-0.387533876356209,501,43,support_group,current_model,143,44
donor_hydro_absent,1.7298041587412745,-0.2191249761846911,638,48,hydro_group,current_model,143,44
donor_hydro_present,1.7036976310651866,-0.2678683538907363,2430,53,hydro_group,current_model,143,44
high,2.8966236335505346,-0.6178794663901361,861,29,reference_group,current_model,143,44
low,1.0730995794442004,-0.43459586872647243,1212,32,reference_group,current_model,143,44
middle,1.4562921185848796,0.26934932532469325,995,31,reference_group,current_model,143,44
1-3,1.5546515361868738,-0.25171200400683447,1480,54,support_group,innovation_availability_integrated,143,44
4+,1.7364657045171625,-0.20812831722239558,1087,44,support_group,innovation_availability_integrated,143,44
none,1.6710131069183365,-0.43813572620304553,501,43,support_group,innovation_availability_integrated,143,44
donor_hydro_absent,1.6667192941005464,-0.2610318419739947,638,48,hydro_group,innovation_availability_integrated,143,44
donor_hydro_present,1.6305486219327847,-0.26820449810665686,2430,53,hydro_group,innovation_availability_integrated,143,44
high,2.7959616451573184,-0.48716918703771767,861,29,reference_group,innovation_availability_integrated,143,44
low,1.0247157946052454,-0.3678713461307167,1212,32,reference_group,innovation_availability_integrated,143,44
middle,1.3832377300410117,0.047273865297807846,995,31,reference_group,innovation_availability_integrated,143,44
1-3,1.5532718443126665,-0.23391210462348122,1480,54,support_group,innovation_availability_native,143,44
4+,1.7864188479203102,-0.14533749992406797,1087,44,support_group,innovation_availability_native,143,44
none,1.6750206883772514,-0.3463792686723166,501,43,support_group,innovation_availability_native,143,44
donor_hydro_absent,1.6836699009210627,-0.1712195805345426,638,48,hydro_group,innovation_availability_native,143,44
donor_hydro_present,1.6484294589964974,-0.23393814752428255,2430,53,hydro_group,innovation_availability_native,143,44
high,2.886402647390447,-0.3982193993593735,861,29,reference_group,innovation_availability_native,143,44
low,1.0274637021393622,-0.29072750732385333,1212,32,reference_group,innovation_availability_native,143,44
middle,1.3561671314100956,0.017608895336568894,995,31,reference_group,innovation_availability_native,143,44
1-3,1.5596613543645221,-0.24968100936157753,1480,54,support_group,innovation_historical_integrated,143,44
4+,1.7397253838443454,-0.19087584191981483,1087,44,support_group,innovation_historical_integrated,143,44
none,1.6781775768375378,-0.42622076101529405,501,43,support_group,innovation_historical_integrated,143,44
donor_hydro_absent,1.6726514242318655,-0.24638582601523637,638,48,hydro_group,innovation_historical_integrated,143,44
donor_hydro_present,1.6349776354049268,-0.2606388388036687,2430,53,hydro_group,innovation_historical_integrated,143,44
high,2.808071217329988,-0.4861706263350623,861,29,reference_group,innovation_historical_integrated,143,44
low,1.0295732508988196,-0.3627800975780053,1212,32,reference_group,innovation_historical_integrated,143,44
middle,1.381462476867752,0.0680762334154727,995,31,reference_group,innovation_historical_integrated,143,44
1-3,1.5601107290852965,-0.23120411176313863,1480,54,support_group,innovation_historical_native,143,44
4+,1.7905610267697933,-0.12233419952062698,1087,44,support_group,innovation_historical_native,143,44
none,1.6826183394469207,-0.3304926484219813,501,43,support_group,innovation_historical_native,143,44
donor_hydro_absent,1.6902348127782227,-0.15169155925619815,638,48,hydro_group,innovation_historical_native,143,44
donor_hydro_present,1.6542904085001668,-0.22385060178696498,2430,53,hydro_group,innovation_historical_native,143,44
high,2.905808329517137,-0.39688798508916634,861,29,reference_group,innovation_historical_native,143,44
low,1.0304977909114954,-0.2839391759202381,1212,32,reference_group,innovation_historical_native,143,44
middle,1.3542022200089687,0.045345386160122035,995,31,reference_group,innovation_historical_native,143,44
1-3,1.745432061155199,0.0015895161185185522,1480,54,support_group,innovation_historical_trees,143,44
4+,1.734772353846104,-0.15225144842784924,1087,44,support_group,innovation_historical_trees,143,44
none,1.8388931262519561,-0.46558086573765334,501,43,support_group,innovation_historical_trees,143,44
donor_hydro_absent,1.8047981128890813,-0.27477870072668953,638,48,hydro_group,innovation_historical_trees,143,44
donor_hydro_present,1.7443461972713603,-0.0909843799409881,2430,53,hydro_group,innovation_historical_trees,143,44
high,2.819277883478177,-0.6117642963026103,861,29,reference_group,innovation_historical_trees,143,44
low,1.0699910294973465,-0.2835172758769406,1212,32,reference_group,innovation_historical_trees,143,44
middle,1.6743669044895935,0.47633280719514615,995,31,reference_group,innovation_historical_trees,143,44
1-3,1.5521672543472314,-0.25192682066566763,1480,54,support_group,innovation_real_integrated,143,44
4+,1.7358609778805238,-0.21857991323804005,1087,44,support_group,innovation_real_integrated,143,44
none,1.6866980121627915,-0.4522249797152288,501,43,support_group,innovation_real_integrated,143,44
donor_hydro_absent,1.6754305914311391,-0.2717629884839348,638,48,hydro_group,innovation_real_integrated,143,44
donor_hydro_present,1.6297116897738781,-0.2730979376376612,2430,53,hydro_group,innovation_real_integrated,143,44
high,2.7908038035862486,-0.5112844771994981,861,29,reference_group,innovation_real_integrated,143,44
low,1.032948923530855,-0.38043208512131643,1212,32,reference_group,innovation_real_integrated,143,44
middle,1.3812140233934012,0.06460989640556399,995,31,reference_group,innovation_real_integrated,143,44
1-3,1.5473403237555852,-0.23419852683525874,1480,54,support_group,innovation_real_native,143,44
4+,1.7829310215803025,-0.1592729612782606,1087,44,support_group,innovation_real_native,143,44
none,1.686520991614248,-0.3651649400218943,501,43,support_group,innovation_real_native,143,44
donor_hydro_absent,1.6874978742348101,-0.18552777588112945,638,48,hydro_group,innovation_real_native,143,44
donor_hydro_present,1.6446226636432035,-0.24046273356562167,2430,53,hydro_group,innovation_real_native,143,44
high,2.880880220802393,-0.43037311957508056,861,29,reference_group,innovation_real_native,143,44
low,1.0303962960780855,-0.30747515931131963,1212,32,reference_group,innovation_real_native,143,44
middle,1.3505311914143652,0.04072360348024374,995,31,reference_group,innovation_real_native,143,44
1-3,1.7349018361855923,-0.02185824564476681,1480,54,support_group,innovation_real_trees,143,44
4+,1.7392217470320468,-0.14924333283606434,1087,44,support_group,innovation_real_trees,143,44
none,1.8374853739330088,-0.46575962492648504,501,43,support_group,innovation_real_trees,143,44
donor_hydro_absent,1.796432719941612,-0.28008135061550665,638,48,hydro_group,innovation_real_trees,143,44
donor_hydro_present,1.7418291578585188,-0.10256435256894345,2430,53,hydro_group,innovation_real_trees,143,44
high,2.824464816047768,-0.5956466676950422,861,29,reference_group,innovation_real_trees,143,44
low,1.0582634471025782,-0.2940177236399302,1212,32,reference_group,innovation_real_trees,143,44
middle,1.67265268785276,0.44349546080582997,995,31,reference_group,innovation_real_trees,143,44
1-3,1.7914503428733008,0.1264001997290077,1480,54,support_group,matched_daily_trees,143,44
4+,1.820248677871798,-0.16441085474783743,1087,44,support_group,matched_daily_trees,143,44
none,1.8277628142867797,-0.3420648567352555,501,43,support_group,matched_daily_trees,143,44
donor_hydro_absent,1.8039990404475876,-0.13983690165823837,638,48,hydro_group,matched_daily_trees,143,44
donor_hydro_present,1.808524527757714,-0.03037072159603901,2430,53,hydro_group,matched_daily_trees,143,44
high,2.840160070123698,-0.8202112355808902,861,29,reference_group,matched_daily_trees,143,44
low,1.1216709844331834,-0.12300632465213401,1212,32,reference_group,matched_daily_trees,143,44
middle,1.7495707907007876,0.6957474799770875,995,31,reference_group,matched_daily_trees,143,44
1-3,1.547242472469863,-0.2763525757010268,1480,54,support_group,ratio_fixed_integrated,143,44
4+,1.720067527301154,-0.2449221806965781,1087,44,support_group,ratio_fixed_integrated,143,44
none,1.6886720742983163,-0.47020771357778146,501,43,support_group,ratio_fixed_integrated,143,44
donor_hydro_absent,1.6753340259746081,-0.2892418227482688,638,48,hydro_group,ratio_fixed_integrated,143,44
donor_hydro_present,1.6200797786351475,-0.2988765448739807,2430,53,hydro_group,ratio_fixed_integrated,143,44
high,2.7655308429799654,-0.5538131863282209,861,29,reference_group,ratio_fixed_integrated,143,44
low,1.0331625949656345,-0.3954152580921323,1212,32,reference_group,ratio_fixed_integrated,143,44
middle,1.3792380399508637,0.045497647516677335,995,31,reference_group,ratio_fixed_integrated,143,44
1-3,1.5403233543550054,-0.2667662002157377,1480,54,support_group,ratio_fixed_native,143,44
4+,1.7661988546749308,-0.19439598455631135,1087,44,support_group,ratio_fixed_native,143,44
none,1.6867108632753836,-0.38914191850529783,501,43,support_group,ratio_fixed_native,143,44
donor_hydro_absent,1.6853006406756665,-0.20883288823357474,638,48,hydro_group,ratio_fixed_native,143,44
donor_hydro_present,1.6334802688176748,-0.2748342098807143,2430,53,hydro_group,ratio_fixed_native,143,44
high,2.851738650833864,-0.48707806508004436,861,29,reference_group,ratio_fixed_native,143,44
low,1.0292211432023235,-0.3274527232724074,1212,32,reference_group,ratio_fixed_native,143,44
middle,1.348558651305379,0.015240604961728216,995,31,reference_group,ratio_fixed_native,143,44
1-3,1.556954367511456,-0.26909293687827796,1480,54,support_group,ratio_historical_integrated,143,44
4+,1.7398810037771728,-0.21250038581168249,1087,44,support_group,ratio_historical_integrated,143,44
none,1.6739770002372354,-0.44757774306322573,501,43,support_group,ratio_historical_integrated,143,44
donor_hydro_absent,1.6693778703940036,-0.2697252179138066,638,48,hydro_group,ratio_historical_integrated,143,44
donor_hydro_present,1.6333919797655236,-0.2804103811534229,2430,53,hydro_group,ratio_historical_integrated,143,44
high,2.8019975327949673,-0.4898581986243725,861,29,reference_group,ratio_historical_integrated,143,44
low,1.0304806461598595,-0.3863955431220432,1212,32,reference_group,ratio_historical_integrated,143,44
middle,1.3796413801601812,0.0367812985403767,995,31,reference_group,ratio_historical_integrated,143,44
1-3,1.5561789285196048,-0.25708668178540584,1480,54,support_group,ratio_historical_native,143,44
4+,1.7912842822552735,-0.15116692470978385,1087,44,support_group,ratio_historical_native,143,44
none,1.6777786172381166,-0.3589686244858902,501,43,support_group,ratio_historical_native,143,44
donor_hydro_absent,1.6863446223071041,-0.18281074845429185,638,48,hydro_group,ratio_historical_native,143,44
donor_hydro_present,1.6522428177880089,-0.2502126582533039,2430,53,hydro_group,ratio_historical_native,143,44
high,2.8964361333692215,-0.40180474814157985,861,29,reference_group,ratio_historical_native,143,44
low,1.0331817123980016,-0.31542643664562203,1212,32,reference_group,ratio_historical_native,143,44
middle,1.3515479095472522,0.0036188063266607193,995,31,reference_group,ratio_historical_native,143,44
1-3,1.5574994873400636,-0.20663195750076865,1480,54,support_group,ratio_real_integrated,143,44
4+,1.7144975512278047,-0.20336202225366137,1087,44,support_group,ratio_real_integrated,143,44
none,1.6685835298671459,-0.3968884132392113,501,43,support_group,ratio_real_integrated,143,44
donor_hydro_absent,1.6688094256120005,-0.2221548921637,638,48,hydro_group,ratio_real_integrated,143,44
donor_hydro_present,1.621406590276091,-0.24031937824002952,2430,53,hydro_group,ratio_real_integrated,143,44
high,2.7653110775332803,-0.4836606276430434,861,29,reference_group,ratio_real_integrated,143,44
low,1.008595546633282,-0.33163091994052024,1212,32,reference_group,ratio_real_integrated,143,44
middle,1.4084098368197646,0.09312318094960664,995,31,reference_group,ratio_real_integrated,143,44
1-3,1.5565888117623066,-0.17380537594872675,1480,54,support_group,ratio_real_native,143,44
4+,1.7607970715778118,-0.13898243996575574,1087,44,support_group,ratio_real_native,143,44
none,1.6797683972079411,-0.2913828513872043,501,43,support_group,ratio_real_native,143,44
donor_hydro_absent,1.690753412397271,-0.11938364745414971,638,48,hydro_group,ratio_real_native,143,44
donor_hydro_present,1.638107468355973,-0.19675798770211275,2430,53,hydro_group,ratio_real_native,143,44
high,2.8469765462546546,-0.3935413201664744,861,29,reference_group,ratio_real_native,143,44
low,1.010594748919234,-0.24240693907025807,1212,32,reference_group,ratio_real_native,143,44
middle,1.3901650082403056,0.07874131620563397,995,31,reference_group,ratio_real_native,143,44
1-3,1.5453508436688133,-0.26279416670085753,1480,54,support_group,relative_fixed_integrated,143,44
4+,1.7212774843978087,-0.22775054590649987,1087,44,support_group,relative_fixed_integrated,143,44
none,1.6890435811250601,-0.4548871607636319,501,43,support_group,relative_fixed_integrated,143,44
donor_hydro_absent,1.676619513033036,-0.27395961228681476,638,48,hydro_group,relative_fixed_integrated,143,44
donor_hydro_present,1.6192080078184528,-0.2837911296383647,2430,53,hydro_group,relative_fixed_integrated,143,44
high,2.765415555171688,-0.524375455840535,861,29,reference_group,relative_fixed_integrated,143,44
low,1.0336177913735525,-0.3887778575048395,1212,32,reference_group,relative_fixed_integrated,143,44
middle,1.3774785448908018,0.05858025438628351,995,31,reference_group,relative_fixed_integrated,143,44
1-3,1.5382826537075753,-0.24868832154884535,1480,54,support_group,relative_fixed_native,143,44
4+,1.7673829529504925,-0.1715004715028737,1087,44,support_group,relative_fixed_native,143,44
none,1.6879626486585986,-0.3687145147530984,501,43,support_group,relative_fixed_native,143,44
donor_hydro_absent,1.6877490330868061,-0.18845660761830263,638,48,hydro_group,relative_fixed_native,143,44
donor_hydro_present,1.6323823050259145,-0.25472032289989305,2430,53,hydro_group,relative_fixed_native,143,44
high,2.851037023833509,-0.44782775776312994,861,29,reference_group,relative_fixed_native,143,44
low,1.03014334306638,-0.3186028558226837,1212,32,reference_group,relative_fixed_native,143,44
middle,1.3469309296535186,0.032684080787869794,995,31,reference_group,relative_fixed_native,143,44
1-3,1.5599211615685968,-0.2719763358144544,1480,54,support_group,relative_historical_integrated,143,44
4+,1.7412634926238897,-0.20590744689551183,1087,44,support_group,relative_historical_integrated,143,44
none,1.674439661639725,-0.445015745995864,501,43,support_group,relative_historical_integrated,143,44
donor_hydro_absent,1.6696300740316932,-0.2669584039318797,638,48,hydro_group,relative_historical_integrated,143,44
donor_hydro_present,1.6358465098160384,-0.2794155550683961,2430,53,hydro_group,relative_historical_integrated,143,44
high,2.8071213866580087,-0.48725043805022233,861,29,reference_group,relative_historical_integrated,143,44
low,1.0308874943026725,-0.38634629183514985,1212,32,reference_group,relative_historical_integrated,143,44
middle,1.3808681900279487,0.03866841441276507,995,31,reference_group,relative_historical_integrated,143,44
1-3,1.5605303451382826,-0.2609312137003078,1480,54,support_group,relative_historical_native,143,44
4+,1.793269364776355,-0.14237633948822298,1087,44,support_group,relative_historical_native,143,44
none,1.6778988562633614,-0.3555526283960746,501,43,support_group,relative_historical_native,143,44
donor_hydro_absent,1.6863455665236122,-0.17912166314505593,638,48,hydro_group,relative_historical_native,143,44
donor_hydro_present,1.6558055826594384,-0.2488862234732682,2430,53,hydro_group,relative_historical_native,143,44
high,2.9054412930469073,-0.398327734042713,861,29,reference_group,relative_historical_native,143,44
low,1.0324410691831385,-0.31536076826309745,1212,32,reference_group,relative_historical_native,143,44
middle,1.3533593046644714,0.006134960823178531,995,31,reference_group,relative_historical_native,143,44
1-3,1.5607175859907731,-0.23322325410114686,1480,54,support_group,relative_real_integrated,143,44
4+,1.7170200112251848,-0.22751734723998335,1087,44,support_group,relative_real_integrated,143,44
none,1.6717123943916548,-0.4268139053196975,501,43,support_group,relative_real_integrated,143,44
donor_hydro_absent,1.6698010544906858,-0.2514641517939319,638,48,hydro_group,relative_real_integrated,143,44
donor_hydro_present,1.6248796774869472,-0.2657948190288886,2430,53,hydro_group,relative_real_integrated,143,44
high,2.7653054880657866,-0.5069005689457768,861,29,reference_group,relative_real_integrated,143,44
low,1.01698135649716,-0.3653090439045339,1212,32,reference_group,relative_real_integrated,143,44
middle,1.4073178490041598,0.073246645215961,995,31,reference_group,relative_real_integrated,143,44
1-3,1.5582511403147195,-0.20926043808256442,1480,54,support_group,relative_real_native,143,44
4+,1.7632837605728853,-0.17118953994751837,1087,44,support_group,relative_real_native,143,44
none,1.6760438220256122,-0.33128350749451924,501,43,support_group,relative_real_native,143,44
donor_hydro_absent,1.6853502404944944,-0.15846266029445888,638,48,hydro_group,relative_real_native,143,44
donor_hydro_present,1.6408829781102283,-0.23072524208725811,2430,53,hydro_group,relative_real_native,143,44
high,2.8477964727326395,-0.4245279085701189,861,29,reference_group,relative_real_native,143,44
low,1.0146546354075043,-0.2873111043556095,1212,32,reference_group,relative_real_native,143,44
middle,1.3878240292529096,0.05223926856077311,995,31,reference_group,relative_real_native,143,44
1-3,1.7332694330259142,0.011188932950192229,1480,54,support_group,station_hidden_trees,143,44
4+,1.7428595905377045,-0.11281590846824065,1087,44,support_group,station_hidden_trees,143,44
none,1.8063584472449532,-0.48517753241234157,501,43,support_group,station_hidden_trees,143,44
donor_hydro_absent,1.7712826503051413,-0.28907975533226316,638,48,hydro_group,station_hidden_trees,143,44
donor_hydro_present,1.742647895871555,-0.0677828525001203,2430,53,hydro_group,station_hidden_trees,143,44
high,2.786441800679874,-0.5264359682375384,861,29,reference_group,station_hidden_trees,143,44
low,1.0809247150558547,-0.2831806590874945,1212,32,reference_group,station_hidden_trees,143,44
middle,1.663824696311047,0.4495790070244097,995,31,reference_group,station_hidden_trees,143,44
1-3,1.555086228721941,-0.2566035898558964,1480,54,support_group,unmonitored_integrated,143,44
4+,1.7357050674816008,-0.21394398373060955,1087,44,support_group,unmonitored_integrated,143,44
none,1.6711745587008435,-0.4407201238968738,501,43,support_group,unmonitored_integrated,143,44
donor_hydro_absent,1.6667045132222336,-0.26417266040420767,638,48,hydro_group,unmonitored_integrated,143,44
donor_hydro_present,1.6305102886149423,-0.27349343540590476,2430,53,hydro_group,unmonitored_integrated,143,44
high,2.796081935522664,-0.4930708504639496,861,29,reference_group,unmonitored_integrated,143,44
low,1.0248301435891638,-0.3718735686834371,1212,32,reference_group,unmonitored_integrated,143,44
middle,1.3828912565377034,0.0423251880598526,995,31,reference_group,unmonitored_integrated,143,44
1-3,1.5539231062214411,-0.24043421908889712,1480,54,support_group,unmonitored_residual,143,44
4+,1.785420671519509,-0.15309172193502,1087,44,support_group,unmonitored_residual,143,44
none,1.6758947292829656,-0.3498251322640877,501,43,support_group,unmonitored_residual,143,44
donor_hydro_absent,1.6841378948553245,-0.17540733844149325,638,48,hydro_group,unmonitored_residual,143,44
donor_hydro_present,1.6484369339928016,-0.2409900639232797,2430,53,hydro_group,unmonitored_residual,143,44
high,2.886803590246868,-0.40608828392768276,861,29,reference_group,unmonitored_residual,143,44
low,1.0277232132973226,-0.2960638040608138,1212,32,reference_group,unmonitored_residual,143,44
middle,1.3558224128656249,0.011010659019295236,995,31,reference_group,unmonitored_residual,143,44
1-3,1.570613274529531,-0.6703128110656171,1851,51,support_group,attention_fixed_integrated,144,42
4+,2.0806959962918024,-1.194146104626955,1093,44,support_group,attention_fixed_integrated,144,42
none,1.7211735387245033,-0.7384131567098612,562,46,support_group,attention_fixed_integrated,144,42
donor_hydro_absent,1.4497588384434787,-0.5290528139671683,846,48,hydro_group,attention_fixed_integrated,144,42
donor_hydro_present,1.8504546791507857,-0.9448722628174574,2660,52,hydro_group,attention_fixed_integrated,144,42
high,3.1111973549518774,-1.913227310825939,1172,33,reference_group,attention_fixed_integrated,144,42
low,0.7904667515237467,-0.04280415421559155,1092,31,reference_group,attention_fixed_integrated,144,42
middle,1.3198006692405322,-0.5409777415613803,1242,39,reference_group,attention_fixed_integrated,144,42
1-3,1.570613274529531,-0.6703128110656171,1851,51,support_group,attention_fixed_native,144,42
4+,2.0806959962918024,-1.194146104626955,1093,44,support_group,attention_fixed_native,144,42
none,1.7211735387245033,-0.7384131567098612,562,46,support_group,attention_fixed_native,144,42
donor_hydro_absent,1.4497588384434787,-0.5290528139671683,846,48,hydro_group,attention_fixed_native,144,42
donor_hydro_present,1.8504546791507857,-0.9448722628174574,2660,52,hydro_group,attention_fixed_native,144,42
high,3.1111973549518774,-1.913227310825939,1172,33,reference_group,attention_fixed_native,144,42
low,0.7904667515237467,-0.04280415421559155,1092,31,reference_group,attention_fixed_native,144,42
middle,1.3198006692405322,-0.5409777415613803,1242,39,reference_group,attention_fixed_native,144,42
1-3,1.5762705332768474,-0.6800428801816247,1851,51,support_group,attention_historical_integrated,144,42
4+,2.103406810096208,-1.243967027086077,1093,44,support_group,attention_historical_integrated,144,42
none,1.7294798502916338,-0.7808814452818559,562,46,support_group,attention_historical_integrated,144,42
donor_hydro_absent,1.4600951777538034,-0.5637363611788516,846,48,hydro_group,attention_historical_integrated,144,42
donor_hydro_present,1.862190810531872,-0.9700562941775805,2660,52,hydro_group,attention_historical_integrated,144,42
high,3.1412687001511843,-1.9734787975532109,1172,33,reference_group,attention_historical_integrated,144,42
low,0.7869020604304815,-0.04521388792082439,1092,31,reference_group,attention_historical_integrated,144,42
middle,1.326734387944625,-0.5595652075102812,1242,39,reference_group,attention_historical_integrated,144,42
1-3,1.5762705332768474,-0.6800428801816247,1851,51,support_group,attention_historical_native,144,42
4+,2.103406810096208,-1.243967027086077,1093,44,support_group,attention_historical_native,144,42
none,1.7294798502916338,-0.7808814452818559,562,46,support_group,attention_historical_native,144,42
donor_hydro_absent,1.4600951777538034,-0.5637363611788516,846,48,hydro_group,attention_historical_native,144,42
donor_hydro_present,1.862190810531872,-0.9700562941775805,2660,52,hydro_group,attention_historical_native,144,42
high,3.1412687001511843,-1.9734787975532109,1172,33,reference_group,attention_historical_native,144,42
low,0.7869020604304815,-0.04521388792082439,1092,31,reference_group,attention_historical_native,144,42
middle,1.326734387944625,-0.5595652075102812,1242,39,reference_group,attention_historical_native,144,42
1-3,1.5707383666562436,-0.7120788228728221,1851,51,support_group,attention_real_integrated,144,42
4+,2.0948137998655896,-1.2342669315451884,1093,44,support_group,attention_real_integrated,144,42
none,1.7243666073268953,-0.8371387404650751,562,46,support_group,attention_real_integrated,144,42
donor_hydro_absent,1.454104129043781,-0.6027988925897864,846,48,hydro_group,attention_real_integrated,144,42
donor_hydro_present,1.8556353910076966,-0.9878254760627434,2660,52,hydro_group,attention_real_integrated,144,42
high,3.1283320520096947,-2.030770089440392,1172,33,reference_group,attention_real_integrated,144,42
low,0.7831805874448218,-0.04357475246151768,1092,31,reference_group,attention_real_integrated,144,42
middle,1.3240932905043512,-0.5716082568001128,1242,39,reference_group,attention_real_integrated,144,42
1-3,1.5769795131064421,-0.657614328282268,1851,51,support_group,attention_real_native,144,42
4+,2.08997124263627,-1.1804241516652705,1093,44,support_group,attention_real_native,144,42
none,1.7202843351777533,-0.726101244422291,562,46,support_group,attention_real_native,144,42
donor_hydro_absent,1.4493740629899388,-0.5177085553778946,846,48,hydro_group,attention_real_native,144,42
donor_hydro_present,1.8586304458804048,-0.9314042033594915,2660,52,hydro_group,attention_real_native,144,42
high,3.1241060267743412,-1.896113960717848,1172,33,reference_group,attention_real_native,144,42
low,0.79472255727022,-0.03319699291628649,1092,31,reference_group,attention_real_native,144,42
middle,1.321125722554554,-0.5290015624476999,1242,39,reference_group,attention_real_native,144,42
1-3,1.606556670416052,-0.6953646778256412,1851,51,support_group,current_model,144,42
4+,2.13311933171724,-1.3085733925457257,1093,44,support_group,current_model,144,42
none,1.6857266016397985,-0.7905992610206625,562,46,support_group,current_model,144,42
donor_hydro_absent,1.4201814605975018,-0.6140629924333049,846,48,hydro_group,current_model,144,42
donor_hydro_present,1.8989250605124575,-0.9933121164672093,2660,52,hydro_group,current_model,144,42
high,3.2031600393088087,-2.148068329132462,1172,33,reference_group,current_model,144,42
low,0.7673501891878648,-0.018475461148834464,1092,31,reference_group,current_model,144,42
middle,1.3370082157532615,-0.5024124284086792,1242,39,reference_group,current_model,144,42
1-3,1.5672625595398353,-0.6972079421923194,1851,51,support_group,innovation_availability_integrated,144,42
4+,2.10046929843589,-1.283740723272635,1093,44,support_group,innovation_availability_integrated,144,42
none,1.7280853737149824,-0.7718553616705063,562,46,support_group,innovation_availability_integrated,144,42
donor_hydro_absent,1.4543886231649752,-0.559973358146241,846,48,hydro_group,innovation_availability_integrated,144,42
donor_hydro_present,1.8562357690710203,-0.9976337457902549,2660,52,hydro_group,innovation_availability_integrated,144,42
high,3.140153651983236,-2.0038669680615926,1172,33,reference_group,innovation_availability_integrated,144,42
low,0.7694946164540954,-0.0619948142542236,1092,31,reference_group,innovation_availability_integrated,144,42
middle,1.3264506599309647,-0.5726351055233486,1242,39,reference_group,innovation_availability_integrated,144,42
1-3,1.5672625595398353,-0.6972079421923194,1851,51,support_group,innovation_availability_native,144,42
4+,2.10046929843589,-1.283740723272635,1093,44,support_group,innovation_availability_native,144,42
none,1.7280853737149824,-0.7718553616705063,562,46,support_group,innovation_availability_native,144,42
donor_hydro_absent,1.4543886231649752,-0.559973358146241,846,48,hydro_group,innovation_availability_native,144,42
donor_hydro_present,1.8562357690710203,-0.9976337457902549,2660,52,hydro_group,innovation_availability_native,144,42
high,3.140153651983236,-2.0038669680615926,1172,33,reference_group,innovation_availability_native,144,42
low,0.7694946164540954,-0.0619948142542236,1092,31,reference_group,innovation_availability_native,144,42
middle,1.3264506599309647,-0.5726351055233486,1242,39,reference_group,innovation_availability_native,144,42
1-3,1.5663685751459433,-0.7053219867453416,1851,51,support_group,innovation_historical_integrated,144,42
4+,2.0998667503174926,-1.2930143339750073,1093,44,support_group,innovation_historical_integrated,144,42
none,1.7275372168332337,-0.7784397163236123,562,46,support_group,innovation_historical_integrated,144,42
donor_hydro_absent,1.4535176436499389,-0.5665170952624646,846,48,hydro_group,innovation_historical_integrated,144,42
donor_hydro_present,1.8555272857235299,-1.006400497173735,2660,52,hydro_group,innovation_historical_integrated,144,42
high,3.1386281936754497,-2.0148870315191774,1172,33,reference_group,innovation_historical_integrated,144,42
low,0.7679979058585142,-0.06902005737849662,1092,31,reference_group,innovation_historical_integrated,144,42
middle,1.3270954511814117,-0.579292497162952,1242,39,reference_group,innovation_historical_integrated,144,42
1-3,1.5663685751459433,-0.7053219867453416,1851,51,support_group,innovation_historical_native,144,42
4+,2.0998667503174926,-1.2930143339750073,1093,44,support_group,innovation_historical_native,144,42
none,1.7275372168332337,-0.7784397163236123,562,46,support_group,innovation_historical_native,144,42
donor_hydro_absent,1.4535176436499389,-0.5665170952624646,846,48,hydro_group,innovation_historical_native,144,42
donor_hydro_present,1.8555272857235299,-1.006400497173735,2660,52,hydro_group,innovation_historical_native,144,42
high,3.1386281936754497,-2.0148870315191774,1172,33,reference_group,innovation_historical_native,144,42
low,0.7679979058585142,-0.06902005737849662,1092,31,reference_group,innovation_historical_native,144,42
middle,1.3270954511814117,-0.579292497162952,1242,39,reference_group,innovation_historical_native,144,42
1-3,1.6316449807080278,-0.6758865841727227,1851,51,support_group,innovation_historical_trees,144,42
4+,2.183750275314374,-1.3148708988741706,1093,44,support_group,innovation_historical_trees,144,42
none,1.6996799475805648,-0.7674612322569974,562,46,support_group,innovation_historical_trees,144,42
donor_hydro_absent,1.4558135765334872,-0.5102861551482993,846,48,hydro_group,innovation_historical_trees,144,42
donor_hydro_present,1.9288029154143298,-1.010462813927124,2660,52,hydro_group,innovation_historical_trees,144,42
high,3.1979089454361627,-2.37700429181119,1172,33,reference_group,innovation_historical_trees,144,42
low,0.8760058982668836,0.09700058316898635,1092,31,reference_group,innovation_historical_trees,144,42
middle,1.3346910755159647,-0.3539523181315853,1242,39,reference_group,innovation_historical_trees,144,42
1-3,1.5711021587744773,-0.6652727538767885,1851,51,support_group,innovation_real_integrated,144,42
4+,2.080407747117801,-1.1866708177283913,1093,44,support_group,innovation_real_integrated,144,42
none,1.7206888713094777,-0.7287226712493564,562,46,support_group,innovation_real_integrated,144,42
donor_hydro_absent,1.4498854384380453,-0.522531121240874,846,48,hydro_group,innovation_real_integrated,144,42
donor_hydro_present,1.8505337700182913,-0.9383202570960248,2660,52,hydro_group,innovation_real_integrated,144,42
high,3.111464692814609,-1.90361445688316,1172,33,reference_group,innovation_real_integrated,144,42
low,0.7911294366901348,-0.03953969999019606,1092,31,reference_group,innovation_real_integrated,144,42
middle,1.3192213722406536,-0.534444216255111,1242,39,reference_group,innovation_real_integrated,144,42
1-3,1.5711021587744773,-0.6652727538767885,1851,51,support_group,innovation_real_native,144,42
4+,2.080407747117801,-1.1866708177283913,1093,44,support_group,innovation_real_native,144,42
none,1.7206888713094777,-0.7287226712493564,562,46,support_group,innovation_real_native,144,42
donor_hydro_absent,1.4498854384380453,-0.522531121240874,846,48,hydro_group,innovation_real_native,144,42
donor_hydro_present,1.8505337700182913,-0.9383202570960248,2660,52,hydro_group,innovation_real_native,144,42
high,3.111464692814609,-1.90361445688316,1172,33,reference_group,innovation_real_native,144,42
low,0.7911294366901348,-0.03953969999019606,1092,31,reference_group,innovation_real_native,144,42
middle,1.3192213722406536,-0.534444216255111,1242,39,reference_group,innovation_real_native,144,42
1-3,1.6138333498308985,-0.7030865973983931,1851,51,support_group,innovation_real_trees,144,42
4+,2.1640130183845714,-1.3241741399801799,1093,44,support_group,innovation_real_trees,144,42
none,1.6964009817528993,-0.7500479484864568,562,46,support_group,innovation_real_trees,144,42
donor_hydro_absent,1.4442702367395526,-0.5162020650122703,846,48,hydro_group,innovation_real_trees,144,42
donor_hydro_present,1.9112768763514276,-1.027652491290139,2660,52,hydro_group,innovation_real_trees,144,42
high,3.1838599290881597,-2.3995430140134535,1172,33,reference_group,innovation_real_trees,144,42
low,0.8539588978626935,0.1286021194927166,1092,31,reference_group,innovation_real_trees,144,42
middle,1.3219341046852453,-0.4013137487072705,1242,39,reference_group,innovation_real_trees,144,42
1-3,1.713293936174518,-0.4372567207355097,1851,51,support_group,matched_daily_trees,144,42
4+,2.2571255491570428,-1.1082230424383104,1093,44,support_group,matched_daily_trees,144,42
none,1.7176600865673395,-0.6230043249874373,562,46,support_group,matched_daily_trees,144,42
donor_hydro_absent,1.4702527468782591,-0.38156300455160086,846,48,hydro_group,matched_daily_trees,144,42
donor_hydro_present,2.0149761074735033,-0.7699158286687169,2660,52,hydro_group,matched_daily_trees,144,42
high,3.247306597534746,-2.2344931534469756,1172,33,reference_group,matched_daily_trees,144,42
low,0.9230645859264978,0.3493008070901874,1092,31,reference_group,matched_daily_trees,144,42
middle,1.4410953378390237,-0.10739847955883303,1242,39,reference_group,matched_daily_trees,144,42
1-3,1.5579033287180997,-0.6704968803440139,1851,51,support_group,ratio_fixed_integrated,144,42
4+,2.0693485110129353,-1.236339305764071,1093,44,support_group,ratio_fixed_integrated,144,42
none,1.7264414401937112,-0.7058069499650315,562,46,support_group,ratio_fixed_integrated,144,42
donor_hydro_absent,1.450778424913824,-0.5001102250992033,846,48,hydro_group,ratio_fixed_integrated,144,42
donor_hydro_present,1.8377362879346284,-0.9646537000613989,2660,52,hydro_group,ratio_fixed_integrated,144,42
high,3.101402420373414,-1.9567119645576454,1172,33,reference_group,ratio_fixed_integrated,144,42
low,0.7735281208546443,-0.03499623084727483,1092,31,reference_group,ratio_fixed_integrated,144,42
middle,1.3173918910888027,-0.5294603752419181,1242,39,reference_group,ratio_fixed_integrated,144,42
1-3,1.5579033287180997,-0.6704968803440139,1851,51,support_group,ratio_fixed_native,144,42
4+,2.0693485110129353,-1.236339305764071,1093,44,support_group,ratio_fixed_native,144,42
none,1.7264414401937112,-0.7058069499650315,562,46,support_group,ratio_fixed_native,144,42
donor_hydro_absent,1.450778424913824,-0.5001102250992033,846,48,hydro_group,ratio_fixed_native,144,42
donor_hydro_present,1.8377362879346284,-0.9646537000613989,2660,52,hydro_group,ratio_fixed_native,144,42
high,3.101402420373414,-1.9567119645576454,1172,33,reference_group,ratio_fixed_native,144,42
low,0.7735281208546443,-0.03499623084727483,1092,31,reference_group,ratio_fixed_native,144,42
middle,1.3173918910888027,-0.5294603752419181,1242,39,reference_group,ratio_fixed_native,144,42
1-3,1.5770600236970198,-0.6775891988562007,1851,51,support_group,ratio_historical_integrated,144,42
4+,2.103385153541982,-1.2412362750060348,1093,44,support_group,ratio_historical_integrated,144,42
none,1.72665886718799,-0.7713755659324857,562,46,support_group,ratio_historical_integrated,144,42
donor_hydro_absent,1.4574296783013758,-0.5587299812061282,846,48,hydro_group,ratio_historical_integrated,144,42
donor_hydro_present,1.8629830271433294,-0.9668106615105623,2660,52,hydro_group,ratio_historical_integrated,144,42
high,3.141156765978679,-1.9631882804185674,1172,33,reference_group,ratio_historical_integrated,144,42
low,0.7887244864965229,-0.048510310058798786,1092,31,reference_group,ratio_historical_integrated,144,42
middle,1.3251187528687642,-0.5560161034490427,1242,39,reference_group,ratio_historical_integrated,144,42
1-3,1.5770600236970198,-0.6775891988562007,1851,51,support_group,ratio_historical_native,144,42
4+,2.103385153541982,-1.2412362750060348,1093,44,support_group,ratio_historical_native,144,42
none,1.72665886718799,-0.7713755659324857,562,46,support_group,ratio_historical_native,144,42
donor_hydro_absent,1.4574296783013758,-0.5587299812061282,846,48,hydro_group,ratio_historical_native,144,42
donor_hydro_present,1.8629830271433294,-0.9668106615105623,2660,52,hydro_group,ratio_historical_native,144,42
high,3.141156765978679,-1.9631882804185674,1172,33,reference_group,ratio_historical_native,144,42
low,0.7887244864965229,-0.048510310058798786,1092,31,reference_group,ratio_historical_native,144,42
middle,1.3251187528687642,-0.5560161034490427,1242,39,reference_group,ratio_historical_native,144,42
1-3,1.5641796449457703,-0.6758187268998019,1851,51,support_group,ratio_real_integrated,144,42
4+,2.08404874407415,-1.1972798144312191,1093,44,support_group,ratio_real_integrated,144,42
none,1.7236046789759345,-0.7458255679558724,562,46,support_group,ratio_real_integrated,144,42
donor_hydro_absent,1.4503808880390445,-0.5350687325273694,846,48,hydro_group,ratio_real_integrated,144,42
donor_hydro_present,1.8476712023951545,-0.9496440308789104,2660,52,hydro_group,ratio_real_integrated,144,42
high,3.1106311556281567,-1.9227701318082218,1172,33,reference_group,ratio_real_integrated,144,42
low,0.7853771976912726,-0.0407482629483342,1092,31,reference_group,ratio_real_integrated,144,42
middle,1.3192721540878203,-0.548097884248985,1242,39,reference_group,ratio_real_integrated,144,42
1-3,1.5641796449457703,-0.6758187268998019,1851,51,support_group,ratio_real_native,144,42
4+,2.08404874407415,-1.1972798144312191,1093,44,support_group,ratio_real_native,144,42
none,1.7236046789759345,-0.7458255679558724,562,46,support_group,ratio_real_native,144,42
donor_hydro_absent,1.4503808880390445,-0.5350687325273694,846,48,hydro_group,ratio_real_native,144,42
donor_hydro_present,1.8476712023951545,-0.9496440308789104,2660,52,hydro_group,ratio_real_native,144,42
high,3.1106311556281567,-1.9227701318082218,1172,33,reference_group,ratio_real_native,144,42
low,0.7853771976912726,-0.0407482629483342,1092,31,reference_group,ratio_real_native,144,42
middle,1.3192721540878203,-0.548097884248985,1242,39,reference_group,ratio_real_native,144,42
1-3,1.5572266303480176,-0.6733098514131589,1851,51,support_group,relative_fixed_integrated,144,42
4+,2.068641260615832,-1.2374035272665251,1093,44,support_group,relative_fixed_integrated,144,42
none,1.7258758388664603,-0.7055386427919171,562,46,support_group,relative_fixed_integrated,144,42
donor_hydro_absent,1.449619246918933,-0.5015654489795722,846,48,hydro_group,relative_fixed_integrated,144,42
donor_hydro_present,1.8372239583371497,-0.9665289239400032,2660,52,hydro_group,relative_fixed_integrated,144,42
high,3.1009178527913925,-1.9541338633474938,1172,33,reference_group,relative_fixed_integrated,144,42
low,0.7724694432703179,-0.03918198330454212,1092,31,reference_group,relative_fixed_integrated,144,42
middle,1.3168931212137975,-0.5332203654632075,1242,39,reference_group,relative_fixed_integrated,144,42
1-3,1.5572266303480176,-0.6733098514131589,1851,51,support_group,relative_fixed_native,144,42
4+,2.068641260615832,-1.2374035272665251,1093,44,support_group,relative_fixed_native,144,42
none,1.7258758388664603,-0.7055386427919171,562,46,support_group,relative_fixed_native,144,42
donor_hydro_absent,1.449619246918933,-0.5015654489795722,846,48,hydro_group,relative_fixed_native,144,42
donor_hydro_present,1.8372239583371497,-0.9665289239400032,2660,52,hydro_group,relative_fixed_native,144,42
high,3.1009178527913925,-1.9541338633474938,1172,33,reference_group,relative_fixed_native,144,42
low,0.7724694432703179,-0.03918198330454212,1092,31,reference_group,relative_fixed_native,144,42
middle,1.3168931212137975,-0.5332203654632075,1242,39,reference_group,relative_fixed_native,144,42
1-3,1.577163176748169,-0.6819027627091051,1851,51,support_group,relative_historical_integrated,144,42
4+,2.10409170002442,-1.2450716195143836,1093,44,support_group,relative_historical_integrated,144,42
none,1.7270408944685436,-0.7746948268122004,562,46,support_group,relative_historical_integrated,144,42
donor_hydro_absent,1.4575338516070993,-0.5621453997700833,846,48,hydro_group,relative_historical_integrated,144,42
donor_hydro_present,1.8633927114734088,-0.9710033001378726,2660,52,hydro_group,relative_historical_integrated,144,42
high,3.1413614403800527,-1.9665671742321378,1172,33,reference_group,relative_historical_integrated,144,42
low,0.7885544213274754,-0.05258341327958754,1092,31,reference_group,relative_historical_integrated,144,42
middle,1.326023522354146,-0.5605523116512531,1242,39,reference_group,relative_historical_integrated,144,42
1-3,1.577163176748169,-0.6819027627091051,1851,51,support_group,relative_historical_native,144,42
4+,2.10409170002442,-1.2450716195143836,1093,44,support_group,relative_historical_native,144,42
none,1.7270408944685436,-0.7746948268122004,562,46,support_group,relative_historical_native,144,42
donor_hydro_absent,1.4575338516070993,-0.5621453997700833,846,48,hydro_group,relative_historical_native,144,42
donor_hydro_present,1.8633927114734088,-0.9710033001378726,2660,52,hydro_group,relative_historical_native,144,42
high,3.1413614403800527,-1.9665671742321378,1172,33,reference_group,relative_historical_native,144,42
low,0.7885544213274754,-0.05258341327958754,1092,31,reference_group,relative_historical_native,144,42
middle,1.326023522354146,-0.5605523116512531,1242,39,reference_group,relative_historical_native,144,42
1-3,1.5632209429331076,-0.6838483123580128,1851,51,support_group,relative_real_integrated,144,42
4+,2.08470869537946,-1.204546607842975,1093,44,support_group,relative_real_integrated,144,42
none,1.7235691589030009,-0.7498424672839812,562,46,support_group,relative_real_integrated,144,42
donor_hydro_absent,1.4503174155718788,-0.5384867613613377,846,48,hydro_group,relative_real_integrated,144,42
donor_hydro_present,1.8472879335145145,-0.9579790733266763,2660,52,hydro_group,relative_real_integrated,144,42
high,3.1104116419965995,-1.9339813664986647,1172,33,reference_group,relative_real_integrated,144,42
low,0.7840567539279211,-0.04462830799097578,1092,31,reference_group,relative_real_integrated,144,42
middle,1.319776181169979,-0.5542865227842753,1242,39,reference_group,relative_real_integrated,144,42
1-3,1.5632209429331076,-0.6838483123580128,1851,51,support_group,relative_real_native,144,42
4+,2.08470869537946,-1.204546607842975,1093,44,support_group,relative_real_native,144,42
none,1.7235691589030009,-0.7498424672839812,562,46,support_group,relative_real_native,144,42
donor_hydro_absent,1.4503174155718788,-0.5384867613613377,846,48,hydro_group,relative_real_native,144,42
donor_hydro_present,1.8472879335145145,-0.9579790733266763,2660,52,hydro_group,relative_real_native,144,42
high,3.1104116419965995,-1.9339813664986647,1172,33,reference_group,relative_real_native,144,42
low,0.7840567539279211,-0.04462830799097578,1092,31,reference_group,relative_real_native,144,42
middle,1.319776181169979,-0.5542865227842753,1242,39,reference_group,relative_real_native,144,42
1-3,1.6233746327653955,-0.6524028832897723,1851,51,support_group,station_hidden_trees,144,42
4+,2.168816799492305,-1.2423492579300612,1093,44,support_group,station_hidden_trees,144,42
none,1.7330997290041417,-0.9613781109541721,562,46,support_group,station_hidden_trees,144,42
donor_hydro_absent,1.4738197820481478,-0.6426983340922723,846,48,hydro_group,station_hidden_trees,144,42
donor_hydro_present,1.9182457590907633,-0.9631793923312435,2660,52,hydro_group,station_hidden_trees,144,42
high,3.2111198977643074,-2.324594104012718,1172,33,reference_group,station_hidden_trees,144,42
low,0.8389490579293644,0.1338259485966664,1092,31,reference_group,station_hidden_trees,144,42
middle,1.3444608400608127,-0.4247130597486507,1242,39,reference_group,station_hidden_trees,144,42
1-3,1.5752256265883755,-0.7026373701252413,1851,51,support_group,unmonitored_integrated,144,42
4+,2.1083810873522992,-1.2151416128340875,1093,44,support_group,unmonitored_integrated,144,42
none,1.734735299308516,-0.8922159155847299,562,46,support_group,unmonitored_integrated,144,42
donor_hydro_absent,1.4627012142844347,-0.6491880268787387,846,48,hydro_group,unmonitored_integrated,144,42
donor_hydro_present,1.863789163239812,-0.9702796348679266,2660,52,hydro_group,unmonitored_integrated,144,42
high,3.149285427265944,-1.9888309844320171,1172,33,reference_group,unmonitored_integrated,144,42
low,0.7808615209995563,-0.06530429813633161,1092,31,reference_group,unmonitored_integrated,144,42
middle,1.3296788243279634,-0.5860987859652974,1242,39,reference_group,unmonitored_integrated,144,42
1-3,1.5752256265883755,-0.7026373701252413,1851,51,support_group,unmonitored_residual,144,42
4+,2.1083810873522992,-1.2151416128340875,1093,44,support_group,unmonitored_residual,144,42
none,1.734735299308516,-0.8922159155847299,562,46,support_group,unmonitored_residual,144,42
donor_hydro_absent,1.4627012142844347,-0.6491880268787387,846,48,hydro_group,unmonitored_residual,144,42
donor_hydro_present,1.863789163239812,-0.9702796348679266,2660,52,hydro_group,unmonitored_residual,144,42
high,3.149285427265944,-1.9888309844320171,1172,33,reference_group,unmonitored_residual,144,42
low,0.7808615209995563,-0.06530429813633161,1092,31,reference_group,unmonitored_residual,144,42
middle,1.3296788243279634,-0.5860987859652974,1242,39,reference_group,unmonitored_residual,144,42
1-3,1.579585774589364,-0.6780869291127586,1851,51,support_group,attention_fixed_integrated,144,43
4+,2.0772739060503658,-1.217712320727605,1093,44,support_group,attention_fixed_integrated,144,43
none,1.6926660434900354,-0.8280359673982945,562,46,support_group,attention_fixed_integrated,144,43
donor_hydro_absent,1.4250148342050721,-0.5775873099157495,846,48,hydro_group,attention_fixed_integrated,144,43
donor_hydro_present,1.8571388777375457,-0.9634645946737239,2660,52,hydro_group,attention_fixed_integrated,144,43
high,3.2390526114433196,-2.1072862026521397,1105,34,reference_group,attention_fixed_integrated,144,43
low,0.7474111944935586,-0.015485401658535448,1096,31,reference_group,attention_fixed_integrated,144,43
middle,1.3388782833023403,-0.5409436259559084,1305,41,reference_group,attention_fixed_integrated,144,43
1-3,1.579585774589364,-0.6780869291127586,1851,51,support_group,attention_fixed_native,144,43
4+,2.0772739060503658,-1.217712320727605,1093,44,support_group,attention_fixed_native,144,43
none,1.6926660434900354,-0.8280359673982945,562,46,support_group,attention_fixed_native,144,43
donor_hydro_absent,1.4250148342050721,-0.5775873099157495,846,48,hydro_group,attention_fixed_native,144,43
donor_hydro_present,1.8571388777375457,-0.9634645946737239,2660,52,hydro_group,attention_fixed_native,144,43
high,3.2390526114433196,-2.1072862026521397,1105,34,reference_group,attention_fixed_native,144,43
low,0.7474111944935586,-0.015485401658535448,1096,31,reference_group,attention_fixed_native,144,43
middle,1.3388782833023403,-0.5409436259559084,1305,41,reference_group,attention_fixed_native,144,43
1-3,1.5876314006081607,-0.6820975392327265,1851,51,support_group,attention_historical_integrated,144,43
4+,2.1153642183987476,-1.2472416418104446,1093,44,support_group,attention_historical_integrated,144,43
none,1.7011025546001142,-0.8663824879868919,562,46,support_group,attention_historical_integrated,144,43
donor_hydro_absent,1.431440509215546,-0.6184563855214438,846,48,hydro_group,attention_historical_integrated,144,43
donor_hydro_present,1.8781277361370106,-0.9734926750812347,2660,52,hydro_group,attention_historical_integrated,144,43
high,3.2837232258750984,-2.127491507628503,1105,34,reference_group,attention_historical_integrated,144,43
low,0.7479280623469129,-0.037059381735260015,1096,31,reference_group,attention_historical_integrated,144,43
middle,1.3475671478901152,-0.5526508962114063,1305,41,reference_group,attention_historical_integrated,144,43
1-3,1.5876314006081607,-0.6820975392327265,1851,51,support_group,attention_historical_native,144,43
4+,2.1153642183987476,-1.2472416418104446,1093,44,support_group,attention_historical_native,144,43
none,1.7011025546001142,-0.8663824879868919,562,46,support_group,attention_historical_native,144,43
donor_hydro_absent,1.431440509215546,-0.6184563855214438,846,48,hydro_group,attention_historical_native,144,43
donor_hydro_present,1.8781277361370106,-0.9734926750812347,2660,52,hydro_group,attention_historical_native,144,43
high,3.2837232258750984,-2.127491507628503,1105,34,reference_group,attention_historical_native,144,43
low,0.7479280623469129,-0.037059381735260015,1096,31,reference_group,attention_historical_native,144,43
middle,1.3475671478901152,-0.5526508962114063,1305,41,reference_group,attention_historical_native,144,43
1-3,1.584287218157195,-0.7276840700612489,1851,51,support_group,attention_real_integrated,144,43
4+,2.087220467360148,-1.2663015428113666,1093,44,support_group,attention_real_integrated,144,43
none,1.7009679711015788,-0.9105949921732095,562,46,support_group,attention_real_integrated,144,43
donor_hydro_absent,1.4299714515448498,-0.6548746874953164,846,48,hydro_group,attention_real_integrated,144,43
donor_hydro_present,1.8646750990172007,-1.0108049623896622,2660,52,hydro_group,attention_real_integrated,144,43
high,3.2514534132187394,-2.237218161690124,1105,34,reference_group,attention_real_integrated,144,43
low,0.7509157129349449,-0.033015416534073014,1096,31,reference_group,attention_real_integrated,144,43
middle,1.3440091711948587,-0.5628001688801596,1305,41,reference_group,attention_real_integrated,144,43
1-3,1.589460546254276,-0.6712281542247358,1851,51,support_group,attention_real_native,144,43
4+,2.0885619617036784,-1.2047711975152147,1093,44,support_group,attention_real_native,144,43
none,1.691198640879312,-0.8291123451409499,562,46,support_group,attention_real_native,144,43
donor_hydro_absent,1.4251489440984744,-0.5763421754739025,846,48,hydro_group,attention_real_native,144,43
donor_hydro_present,1.8682959867389657,-0.9539977029595517,2660,52,hydro_group,attention_real_native,144,43
high,3.250924156688999,-2.1200325328628677,1105,34,reference_group,attention_real_native,144,43
low,0.7526312245873342,-0.0022867872510500408,1096,31,reference_group,attention_real_native,144,43
middle,1.34727074034015,-0.5211318794503519,1305,41,reference_group,attention_real_native,144,43
1-3,1.6212432036066924,-0.7480226362324307,1851,51,support_group,current_model,144,43
4+,2.152462928445924,-1.4185545222491505,1093,44,support_group,current_model,144,43
none,1.7191769710149944,-0.9979571297173173,562,46,support_group,current_model,144,43
donor_hydro_absent,1.4297812568736288,-0.7391190970668862,846,48,hydro_group,current_model,144,43
donor_hydro_present,1.9211073928807216,-1.079183136566578,2660,52,hydro_group,current_model,144,43
high,3.365805346421252,-2.448139716582774,1105,34,reference_group,current_model,144,43
low,0.7440814311244098,-0.06959251960877909,1096,31,reference_group,current_model,144,43
middle,1.3678256337700938,-0.5474744146134071,1305,41,reference_group,current_model,144,43
1-3,1.5863629003657442,-0.6670264519500336,1851,51,support_group,innovation_availability_integrated,144,43
4+,2.10858951530323,-1.2454563589979704,1093,44,support_group,innovation_availability_integrated,144,43
none,1.7016087009911698,-0.8543815816361181,562,46,support_group,innovation_availability_integrated,144,43
donor_hydro_absent,1.4329466665201442,-0.6038598561030745,846,48,hydro_group,innovation_availability_integrated,144,43
donor_hydro_present,1.8740892025881273,-0.9643784863009741,2660,52,hydro_group,innovation_availability_integrated,144,43
high,3.2785393353020416,-2.125906191822685,1105,34,reference_group,innovation_availability_integrated,144,43
low,0.7482311813725233,-0.01858370954974725,1096,31,reference_group,innovation_availability_integrated,144,43
middle,1.344446604189593,-0.5414698269679711,1305,41,reference_group,innovation_availability_integrated,144,43
1-3,1.5863629003657442,-0.6670264519500336,1851,51,support_group,innovation_availability_native,144,43
4+,2.10858951530323,-1.2454563589979704,1093,44,support_group,innovation_availability_native,144,43
none,1.7016087009911698,-0.8543815816361181,562,46,support_group,innovation_availability_native,144,43
donor_hydro_absent,1.4329466665201442,-0.6038598561030745,846,48,hydro_group,innovation_availability_native,144,43
donor_hydro_present,1.8740892025881273,-0.9643784863009741,2660,52,hydro_group,innovation_availability_native,144,43
high,3.2785393353020416,-2.125906191822685,1105,34,reference_group,innovation_availability_native,144,43
low,0.7482311813725233,-0.01858370954974725,1096,31,reference_group,innovation_availability_native,144,43
middle,1.344446604189593,-0.5414698269679711,1305,41,reference_group,innovation_availability_native,144,43
1-3,1.5873546690843283,-0.6738327338328383,1851,51,support_group,innovation_historical_integrated,144,43
4+,2.1106821365818575,-1.2526467950818723,1093,44,support_group,innovation_historical_integrated,144,43
none,1.7022288748334957,-0.8645653506260009,562,46,support_group,innovation_historical_integrated,144,43
donor_hydro_absent,1.4337638166520696,-0.610988283799905,846,48,hydro_group,innovation_historical_integrated,144,43
donor_hydro_present,1.8755103407999383,-0.9719537504910386,2660,52,hydro_group,innovation_historical_integrated,144,43
high,3.279905745510377,-2.1445769705880826,1105,34,reference_group,innovation_historical_integrated,144,43
low,0.7496306346943494,-0.016417181645095574,1096,31,reference_group,innovation_historical_integrated,144,43
middle,1.3455407440624623,-0.5475419776383341,1305,41,reference_group,innovation_historical_integrated,144,43
1-3,1.5873546690843283,-0.6738327338328383,1851,51,support_group,innovation_historical_native,144,43
4+,2.1106821365818575,-1.2526467950818723,1093,44,support_group,innovation_historical_native,144,43
none,1.7022288748334957,-0.8645653506260009,562,46,support_group,innovation_historical_native,144,43
donor_hydro_absent,1.4337638166520696,-0.610988283799905,846,48,hydro_group,innovation_historical_native,144,43
donor_hydro_present,1.8755103407999383,-0.9719537504910386,2660,52,hydro_group,innovation_historical_native,144,43
high,3.279905745510377,-2.1445769705880826,1105,34,reference_group,innovation_historical_native,144,43
low,0.7496306346943494,-0.016417181645095574,1096,31,reference_group,innovation_historical_native,144,43
middle,1.3455407440624623,-0.5475419776383341,1305,41,reference_group,innovation_historical_native,144,43
1-3,1.6302964196805736,-0.6759432456536575,1851,51,support_group,innovation_historical_trees,144,43
4+,2.188739357921736,-1.3115879043910892,1093,44,support_group,innovation_historical_trees,144,43
none,1.7344975939337672,-0.7706421338936691,562,46,support_group,innovation_historical_trees,144,43
donor_hydro_absent,1.4709117415983897,-0.5233725052737538,846,48,hydro_group,innovation_historical_trees,144,43
donor_hydro_present,1.9324688366299771,-1.0056632582673035,2660,52,hydro_group,innovation_historical_trees,144,43
high,3.3312085956731896,-2.4945149640792,1105,34,reference_group,innovation_historical_trees,144,43
low,0.8608905138952385,0.14479473763913564,1096,31,reference_group,innovation_historical_trees,144,43
middle,1.3488405650420845,-0.3985390065881985,1305,41,reference_group,innovation_historical_trees,144,43
1-3,1.5791087014383047,-0.685827426724763,1851,51,support_group,innovation_real_integrated,144,43
4+,2.0768451204037244,-1.2255966585027314,1093,44,support_group,innovation_real_integrated,144,43
none,1.6934047944468353,-0.8362537920013974,562,46,support_group,innovation_real_integrated,144,43
donor_hydro_absent,1.424856525461333,-0.5852599641384025,846,48,hydro_group,innovation_real_integrated,144,43
donor_hydro_present,1.8568371416926341,-0.9713866225769617,2660,52,hydro_group,innovation_real_integrated,144,43
high,3.238945441926834,-2.117854166142933,1105,34,reference_group,innovation_real_integrated,144,43
low,0.7462655892341051,-0.020675155246430186,1096,31,reference_group,innovation_real_integrated,144,43
middle,1.3392135006229606,-0.548758254389102,1305,41,reference_group,innovation_real_integrated,144,43
1-3,1.5791087014383047,-0.685827426724763,1851,51,support_group,innovation_real_native,144,43
4+,2.0768451204037244,-1.2255966585027314,1093,44,support_group,innovation_real_native,144,43
none,1.6934047944468353,-0.8362537920013974,562,46,support_group,innovation_real_native,144,43
donor_hydro_absent,1.424856525461333,-0.5852599641384025,846,48,hydro_group,innovation_real_native,144,43
donor_hydro_present,1.8568371416926341,-0.9713866225769617,2660,52,hydro_group,innovation_real_native,144,43
high,3.238945441926834,-2.117854166142933,1105,34,reference_group,innovation_real_native,144,43
low,0.7462655892341051,-0.020675155246430186,1096,31,reference_group,innovation_real_native,144,43
middle,1.3392135006229606,-0.548758254389102,1305,41,reference_group,innovation_real_native,144,43
1-3,1.6158441858022716,-0.6934773481096125,1851,51,support_group,innovation_real_trees,144,43
4+,2.1750735005470836,-1.3134525841397693,1093,44,support_group,innovation_real_trees,144,43
none,1.7274702819705658,-0.8036490076630357,562,46,support_group,innovation_real_trees,144,43
donor_hydro_absent,1.4680802996007183,-0.5547171113817565,846,48,hydro_group,innovation_real_trees,144,43
donor_hydro_present,1.9162125146703823,-1.0156354555989928,2660,52,hydro_group,innovation_real_trees,144,43
high,3.3158346505494505,-2.483798551578162,1105,34,reference_group,innovation_real_trees,144,43
low,0.8617886174975143,0.09221133230141959,1096,31,reference_group,innovation_real_trees,144,43
middle,1.3261330336023036,-0.4040974780312438,1305,41,reference_group,innovation_real_trees,144,43
1-3,1.7274644336434501,-0.525647646834034,1851,51,support_group,matched_daily_trees,144,43
4+,2.2757645275062575,-1.264209308396617,1093,44,support_group,matched_daily_trees,144,43
none,1.7162199322177234,-0.6966301809232254,562,46,support_group,matched_daily_trees,144,43
donor_hydro_absent,1.4688859337810578,-0.4547318759510308,846,48,hydro_group,matched_daily_trees,144,43
donor_hydro_present,2.0326260891601318,-0.8878035951096165,2660,52,hydro_group,matched_daily_trees,144,43
high,3.4196723243840093,-2.5634704708521374,1105,34,reference_group,matched_daily_trees,144,43
low,0.9191670111418169,0.28750256080240905,1096,31,reference_group,matched_daily_trees,144,43
middle,1.4278298348574436,-0.1752710087310197,1305,41,reference_group,matched_daily_trees,144,43
1-3,1.5762305568931658,-0.6718692413873485,1851,51,support_group,ratio_fixed_integrated,144,43
4+,2.0748638971904243,-1.2127458511146216,1093,44,support_group,ratio_fixed_integrated,144,43
none,1.691487851597666,-0.8229713419660769,562,46,support_group,ratio_fixed_integrated,144,43
donor_hydro_absent,1.424549718271158,-0.571531220481179,846,48,hydro_group,ratio_fixed_integrated,144,43
donor_hydro_present,1.8537128238266438,-0.9579532566669628,2660,52,hydro_group,ratio_fixed_integrated,144,43
high,3.235553673232622,-2.102227830981004,1105,34,reference_group,ratio_fixed_integrated,144,43
low,0.7461224220919577,-0.009870851016963736,1096,31,reference_group,ratio_fixed_integrated,144,43
middle,1.3356384593880761,-0.5347822753353232,1305,41,reference_group,ratio_fixed_integrated,144,43
1-3,1.5762305568931658,-0.6718692413873485,1851,51,support_group,ratio_fixed_native,144,43
4+,2.0748638971904243,-1.2127458511146216,1093,44,support_group,ratio_fixed_native,144,43
none,1.691487851597666,-0.8229713419660769,562,46,support_group,ratio_fixed_native,144,43
donor_hydro_absent,1.424549718271158,-0.571531220481179,846,48,hydro_group,ratio_fixed_native,144,43
donor_hydro_present,1.8537128238266438,-0.9579532566669628,2660,52,hydro_group,ratio_fixed_native,144,43
high,3.235553673232622,-2.102227830981004,1105,34,reference_group,ratio_fixed_native,144,43
low,0.7461224220919577,-0.009870851016963736,1096,31,reference_group,ratio_fixed_native,144,43
middle,1.3356384593880761,-0.5347822753353232,1305,41,reference_group,ratio_fixed_native,144,43
1-3,1.5875940803252313,-0.6610316268515801,1851,51,support_group,ratio_historical_integrated,144,43
4+,2.1075886738225065,-1.235862465174816,1093,44,support_group,ratio_historical_integrated,144,43
none,1.6987833551346978,-0.8452941279304518,562,46,support_group,ratio_historical_integrated,144,43
donor_hydro_absent,1.4321889963139407,-0.5933161358142404,846,48,hydro_group,ratio_historical_integrated,144,43
donor_hydro_present,1.8741787285241014,-0.9576981446377502,2660,52,hydro_group,ratio_historical_integrated,144,43
high,3.2754715320676833,-2.1270497913232127,1105,34,reference_group,ratio_historical_integrated,144,43
low,0.751913193097655,-0.005326725840467349,1096,31,reference_group,ratio_historical_integrated,144,43
middle,1.3436432231309452,-0.5311834518788969,1305,41,reference_group,ratio_historical_integrated,144,43
1-3,1.5875940803252313,-0.6610316268515801,1851,51,support_group,ratio_historical_native,144,43
4+,2.1075886738225065,-1.235862465174816,1093,44,support_group,ratio_historical_native,144,43
none,1.6987833551346978,-0.8452941279304518,562,46,support_group,ratio_historical_native,144,43
donor_hydro_absent,1.4321889963139407,-0.5933161358142404,846,48,hydro_group,ratio_historical_native,144,43
donor_hydro_present,1.8741787285241014,-0.9576981446377502,2660,52,hydro_group,ratio_historical_native,144,43
high,3.2754715320676833,-2.1270497913232127,1105,34,reference_group,ratio_historical_native,144,43
low,0.751913193097655,-0.005326725840467349,1096,31,reference_group,ratio_historical_native,144,43
middle,1.3436432231309452,-0.5311834518788969,1305,41,reference_group,ratio_historical_native,144,43
1-3,1.5763162936187274,-0.6972985896516413,1851,51,support_group,ratio_real_integrated,144,43
4+,2.0742757967484886,-1.2106233485706595,1093,44,support_group,ratio_real_integrated,144,43
none,1.6997116323390689,-0.8703724004503567,562,46,support_group,ratio_real_integrated,144,43
donor_hydro_absent,1.4229332594363824,-0.6245291961317534,846,48,hydro_group,ratio_real_integrated,144,43
donor_hydro_present,1.8557824455735865,-0.9679355633678781,2660,52,hydro_group,ratio_real_integrated,144,43
high,3.233152115902257,-2.102153898331247,1105,34,reference_group,ratio_real_integrated,144,43
low,0.7412495713964079,-0.055443011765074636,1096,31,reference_group,ratio_real_integrated,144,43
middle,1.3449350378440321,-0.5512756321344594,1305,41,reference_group,ratio_real_integrated,144,43
1-3,1.5763162936187274,-0.6972985896516413,1851,51,support_group,ratio_real_native,144,43
4+,2.0742757967484886,-1.2106233485706595,1093,44,support_group,ratio_real_native,144,43
none,1.6997116323390689,-0.8703724004503567,562,46,support_group,ratio_real_native,144,43
donor_hydro_absent,1.4229332594363824,-0.6245291961317534,846,48,hydro_group,ratio_real_native,144,43
donor_hydro_present,1.8557824455735865,-0.9679355633678781,2660,52,hydro_group,ratio_real_native,144,43
high,3.233152115902257,-2.102153898331247,1105,34,reference_group,ratio_real_native,144,43
low,0.7412495713964079,-0.055443011765074636,1096,31,reference_group,ratio_real_native,144,43
middle,1.3449350378440321,-0.5512756321344594,1305,41,reference_group,ratio_real_native,144,43
1-3,1.5762794550994308,-0.6711324511791374,1851,51,support_group,relative_fixed_integrated,144,43
4+,2.0747683211278605,-1.2125465427988082,1093,44,support_group,relative_fixed_integrated,144,43
none,1.6912641665458261,-0.8225707823440116,562,46,support_group,relative_fixed_integrated,144,43
donor_hydro_absent,1.42458394369576,-0.5707616895608576,846,48,hydro_group,relative_fixed_integrated,144,43
donor_hydro_present,1.853649432937571,-0.9575187701956879,2660,52,hydro_group,relative_fixed_integrated,144,43
high,3.2356841764453748,-2.1032701327755783,1105,34,reference_group,relative_fixed_integrated,144,43
low,0.746130016670835,-0.007927144404667264,1096,31,reference_group,relative_fixed_integrated,144,43
middle,1.3354145553541594,-0.5341476406930924,1305,41,reference_group,relative_fixed_integrated,144,43
1-3,1.5762794550994308,-0.6711324511791374,1851,51,support_group,relative_fixed_native,144,43
4+,2.0747683211278605,-1.2125465427988082,1093,44,support_group,relative_fixed_native,144,43
none,1.6912641665458261,-0.8225707823440116,562,46,support_group,relative_fixed_native,144,43
donor_hydro_absent,1.42458394369576,-0.5707616895608576,846,48,hydro_group,relative_fixed_native,144,43
donor_hydro_present,1.853649432937571,-0.9575187701956879,2660,52,hydro_group,relative_fixed_native,144,43
high,3.2356841764453748,-2.1032701327755783,1105,34,reference_group,relative_fixed_native,144,43
low,0.746130016670835,-0.007927144404667264,1096,31,reference_group,relative_fixed_native,144,43
middle,1.3354145553541594,-0.5341476406930924,1305,41,reference_group,relative_fixed_native,144,43
1-3,1.5874410122414284,-0.6605920542200918,1851,51,support_group,relative_historical_integrated,144,43
4+,2.107700875210716,-1.2354544435514494,1093,44,support_group,relative_historical_integrated,144,43
none,1.6984071756745074,-0.8448255387903428,562,46,support_group,relative_historical_integrated,144,43
donor_hydro_absent,1.4320720931371387,-0.592399059461052,846,48,hydro_group,relative_historical_integrated,144,43
donor_hydro_present,1.8740760196237785,-0.9574172735561077,2660,52,hydro_group,relative_historical_integrated,144,43
high,3.274956270694619,-2.1287503711693367,1105,34,reference_group,relative_historical_integrated,144,43
low,0.7522352859463927,-0.0035956289453850793,1096,31,reference_group,relative_historical_integrated,144,43
middle,1.343523870098444,-0.5300303314153544,1305,41,reference_group,relative_historical_integrated,144,43
1-3,1.5874410122414284,-0.6605920542200918,1851,51,support_group,relative_historical_native,144,43
4+,2.107700875210716,-1.2354544435514494,1093,44,support_group,relative_historical_native,144,43
none,1.6984071756745074,-0.8448255387903428,562,46,support_group,relative_historical_native,144,43
donor_hydro_absent,1.4320720931371387,-0.592399059461052,846,48,hydro_group,relative_historical_native,144,43
donor_hydro_present,1.8740760196237785,-0.9574172735561077,2660,52,hydro_group,relative_historical_native,144,43
high,3.274956270694619,-2.1287503711693367,1105,34,reference_group,relative_historical_native,144,43
low,0.7522352859463927,-0.0035956289453850793,1096,31,reference_group,relative_historical_native,144,43
middle,1.343523870098444,-0.5300303314153544,1305,41,reference_group,relative_historical_native,144,43
1-3,1.5733048907097373,-0.6767657567255195,1851,51,support_group,relative_real_integrated,144,43
4+,2.0812973134854555,-1.2012101792296745,1093,44,support_group,relative_real_integrated,144,43
none,1.6913275796268623,-0.8288580820736302,562,46,support_group,relative_real_integrated,144,43
donor_hydro_absent,1.4224547381975707,-0.5773769735645856,846,48,hydro_group,relative_real_integrated,144,43
donor_hydro_present,1.854952897585894,-0.9560050616867336,2660,52,hydro_group,relative_real_integrated,144,43
high,3.2379673778680425,-2.104589646996471,1105,34,reference_group,relative_real_integrated,144,43
low,0.7407494818594755,-0.0086938540974167,1096,31,reference_group,relative_real_integrated,144,43
middle,1.3392766524378936,-0.5335895476632044,1305,41,reference_group,relative_real_integrated,144,43
1-3,1.5733048907097373,-0.6767657567255195,1851,51,support_group,relative_real_native,144,43
4+,2.0812973134854555,-1.2012101792296745,1093,44,support_group,relative_real_native,144,43
none,1.6913275796268623,-0.8288580820736302,562,46,support_group,relative_real_native,144,43
donor_hydro_absent,1.4224547381975707,-0.5773769735645856,846,48,hydro_group,relative_real_native,144,43
donor_hydro_present,1.854952897585894,-0.9560050616867336,2660,52,hydro_group,relative_real_native,144,43
high,3.2379673778680425,-2.104589646996471,1105,34,reference_group,relative_real_native,144,43
low,0.7407494818594755,-0.0086938540974167,1096,31,reference_group,relative_real_native,144,43
middle,1.3392766524378936,-0.5335895476632044,1305,41,reference_group,relative_real_native,144,43
1-3,1.6416014968995705,-0.6760514245472523,1851,51,support_group,station_hidden_trees,144,43
4+,2.186331425878332,-1.284580276189046,1093,44,support_group,station_hidden_trees,144,43
none,1.739708194755093,-0.9570434630397378,562,46,support_group,station_hidden_trees,144,43
donor_hydro_absent,1.4679180537200047,-0.6749103579785659,846,48,hydro_group,station_hidden_trees,144,43
donor_hydro_present,1.9413992297937446,-0.9858277037932545,2660,52,hydro_group,station_hidden_trees,144,43
high,3.357802862973177,-2.506753055204283,1105,34,reference_group,station_hidden_trees,144,43
low,0.8430064594771409,0.12851969812029632,1096,31,reference_group,station_hidden_trees,144,43
middle,1.3576041237748486,-0.43231518626746007,1305,41,reference_group,station_hidden_trees,144,43
1-3,1.5838325610777224,-0.7358575299175751,1851,51,support_group,unmonitored_integrated,144,43
4+,2.1048330600246796,-1.2639313834536225,1093,44,support_group,unmonitored_integrated,144,43
none,1.7284873968369092,-0.983126921569596,562,46,support_group,unmonitored_integrated,144,43
donor_hydro_absent,1.4425131614551454,-0.7273423701129406,846,48,hydro_group,unmonitored_integrated,144,43
donor_hydro_present,1.8734211983432816,-1.0077951033078218,2660,52,hydro_group,unmonitored_integrated,144,43
high,3.2815345242709064,-2.1628134695526033,1105,34,reference_group,unmonitored_integrated,144,43
low,0.740984432696441,-0.1009010749035791,1096,31,reference_group,unmonitored_integrated,144,43
middle,1.3528367315168819,-0.6096323049535665,1305,41,reference_group,unmonitored_integrated,144,43
1-3,1.5838325610777224,-0.7358575299175751,1851,51,support_group,unmonitored_residual,144,43
4+,2.1048330600246796,-1.2639313834536225,1093,44,support_group,unmonitored_residual,144,43
none,1.7284873968369092,-0.983126921569596,562,46,support_group,unmonitored_residual,144,43
donor_hydro_absent,1.4425131614551454,-0.7273423701129406,846,48,hydro_group,unmonitored_residual,144,43
donor_hydro_present,1.8734211983432816,-1.0077951033078218,2660,52,hydro_group,unmonitored_residual,144,43
high,3.2815345242709064,-2.1628134695526033,1105,34,reference_group,unmonitored_residual,144,43
low,0.740984432696441,-0.1009010749035791,1096,31,reference_group,unmonitored_residual,144,43
middle,1.3528367315168819,-0.6096323049535665,1305,41,reference_group,unmonitored_residual,144,43
1-3,1.565001966594261,-0.6972190093916449,1851,51,support_group,attention_fixed_integrated,144,44
4+,2.083539138495028,-1.206325605326812,1093,44,support_group,attention_fixed_integrated,144,44
none,1.673652987246149,-0.8331646142028023,562,46,support_group,attention_fixed_integrated,144,44
donor_hydro_absent,1.4124765854613415,-0.5963002227087982,846,48,hydro_group,attention_fixed_integrated,144,44
donor_hydro_present,1.8495356037868733,-0.9672311269836361,2660,52,hydro_group,attention_fixed_integrated,144,44
high,3.1354614137075894,-1.984480322308869,1195,32,reference_group,attention_fixed_integrated,144,44
low,0.7551737357322974,-0.06206596664616699,1059,31,reference_group,attention_fixed_integrated,144,44
middle,1.2524876372622253,-0.5112803053919538,1252,37,reference_group,attention_fixed_integrated,144,44
1-3,1.5700344743627066,-0.6608072219364126,1851,51,support_group,attention_fixed_native,144,44
4+,2.088251106026354,-1.1450723838315937,1093,44,support_group,attention_fixed_native,144,44
none,1.6684526587202078,-0.754810756615322,562,46,support_group,attention_fixed_native,144,44
donor_hydro_absent,1.4119624839189737,-0.5287736783748402,846,48,hydro_group,attention_fixed_native,144,44
donor_hydro_present,1.8540384976456692,-0.9216463897161382,2660,52,hydro_group,attention_fixed_native,144,44
high,3.1339523249951085,-1.8310955910101587,1195,32,reference_group,attention_fixed_native,144,44
low,0.7645010687527763,-0.07624560406272371,1059,31,reference_group,attention_fixed_native,144,44
middle,1.2552579911777852,-0.5032097464780179,1252,37,reference_group,attention_fixed_native,144,44
1-3,1.570750628225781,-0.6973606813763638,1851,51,support_group,attention_historical_integrated,144,44
4+,2.1095529357847678,-1.2270537956067278,1093,44,support_group,attention_historical_integrated,144,44
none,1.6773369065119272,-0.8627387879614572,562,46,support_group,attention_historical_integrated,144,44
donor_hydro_absent,1.418290655096224,-0.6241959773838521,846,48,hydro_group,attention_historical_integrated,144,44
donor_hydro_present,1.8631542176341989,-0.9732232412757152,2660,52,hydro_group,attention_historical_integrated,144,44
high,3.1614384193620158,-1.9934187552588596,1195,32,reference_group,attention_historical_integrated,144,44
low,0.757269057400243,-0.075174290156737,1059,31,reference_group,attention_historical_integrated,144,44
middle,1.2587837621357099,-0.52324171952861,1252,37,reference_group,attention_historical_integrated,144,44
1-3,1.5744182623547307,-0.6609961179160376,1851,51,support_group,attention_historical_native,144,44
4+,2.1144333757481313,-1.1727099708714812,1093,44,support_group,attention_historical_native,144,44
none,1.6735500923704911,-0.7942429882935285,562,46,support_group,attention_historical_native,144,44
donor_hydro_absent,1.418574645739371,-0.5659680179415788,846,48,hydro_group,attention_historical_native,144,44
donor_hydro_present,1.8668213853112863,-0.9296358754389105,2660,52,hydro_group,attention_historical_native,144,44
high,3.1632669483298894,-1.8430135016101463,1195,32,reference_group,attention_historical_native,144,44
low,0.7645461978395599,-0.09372336874348372,1059,31,reference_group,attention_historical_native,144,44
middle,1.258866300684679,-0.5191582986602263,1252,37,reference_group,attention_historical_native,144,44
1-3,1.5662070944963635,-0.6944017265420498,1851,51,support_group,attention_real_integrated,144,44
4+,2.0846483609871704,-1.1947240264110504,1093,44,support_group,attention_real_integrated,144,44
none,1.6763524564083754,-0.8454088058037418,562,46,support_group,attention_real_integrated,144,44
donor_hydro_absent,1.4146435581093841,-0.6004568353876321,846,48,hydro_group,attention_real_integrated,144,44
donor_hydro_present,1.8507111356438775,-0.961768504819691,2660,52,hydro_group,attention_real_integrated,144,44
high,3.1365877188822378,-1.9838217760701113,1195,32,reference_group,attention_real_integrated,144,44
low,0.7533208490557824,-0.058245678818329316,1059,31,reference_group,attention_real_integrated,144,44
middle,1.2569416675390614,-0.5063430585350809,1252,37,reference_group,attention_real_integrated,144,44
1-3,1.5729600188390453,-0.657050844803619,1851,51,support_group,attention_real_native,144,44
4+,2.0923964901544942,-1.1296036119439115,1093,44,support_group,attention_real_native,144,44
none,1.6700369489831826,-0.7711363454165746,562,46,support_group,attention_real_native,144,44
donor_hydro_absent,1.4136906696530112,-0.5343158286132854,846,48,hydro_group,attention_real_native,144,44
donor_hydro_present,1.8575627133127954,-0.9143628934975448,2660,52,hydro_group,attention_real_native,144,44
high,3.1380068320597396,-1.8302175293584817,1195,32,reference_group,attention_real_native,144,44
low,0.7614380577330522,-0.07115188695894015,1059,31,reference_group,attention_real_native,144,44
middle,1.2626342304215594,-0.49662675066885403,1252,37,reference_group,attention_real_native,144,44
1-3,1.5864242100150443,-0.6999726805801451,1851,51,support_group,current_model,144,44
4+,2.12731846418851,-1.3419503885446669,1093,44,support_group,current_model,144,44
none,1.6711689932509823,-0.8456065245316993,562,46,support_group,current_model,144,44
donor_hydro_absent,1.4056617841304655,-0.6028105978426821,846,48,hydro_group,current_model,144,44
donor_hydro_present,1.8840742101235213,-1.0254339501673218,2660,52,hydro_group,current_model,144,44
high,3.2166551506309524,-2.182474007454519,1195,32,reference_group,current_model,144,44
low,0.7253437978141055,-0.07194617963609756,1059,31,reference_group,current_model,144,44
middle,1.2689978286052837,-0.44200050325655516,1252,37,reference_group,current_model,144,44
1-3,1.5715272876986321,-0.6866235434783536,1851,51,support_group,innovation_availability_integrated,144,44
4+,2.1096043387506316,-1.2199270634418016,1093,44,support_group,innovation_availability_integrated,144,44
none,1.6746792745432417,-0.847694390790525,562,46,support_group,innovation_availability_integrated,144,44
donor_hydro_absent,1.416666150589834,-0.6114896511274847,846,48,hydro_group,innovation_availability_integrated,144,44
donor_hydro_present,1.8636709551424475,-0.9636858880040394,2660,52,hydro_group,innovation_availability_integrated,144,44
high,3.161488679972022,-1.9842881794141067,1195,32,reference_group,innovation_availability_integrated,144,44
low,0.7581433611863483,-0.06577321941384537,1059,31,reference_group,innovation_availability_integrated,144,44
middle,1.2579964153474448,-0.5110594993494229,1252,37,reference_group,innovation_availability_integrated,144,44
1-3,1.5752638222074444,-0.6466799340520244,1851,51,support_group,innovation_availability_native,144,44
4+,2.114318036900197,-1.1632076613182463,1093,44,support_group,innovation_availability_native,144,44
none,1.6709768593412866,-0.7741837920656189,562,46,support_group,innovation_availability_native,144,44
donor_hydro_absent,1.4172270392010722,-0.5490262495997554,846,48,hydro_group,innovation_availability_native,144,44
donor_hydro_present,1.8672473191818009,-0.9169194044100093,2660,52,hydro_group,innovation_availability_native,144,44
high,3.164217269221831,-1.8308394004838089,1195,32,reference_group,innovation_availability_native,144,44
low,0.7645030666090411,-0.08118860775296155,1059,31,reference_group,innovation_availability_native,144,44
middle,1.2579900638407628,-0.50291533842131,1252,37,reference_group,innovation_availability_native,144,44
1-3,1.5714006390602946,-0.6905106719787242,1851,51,support_group,innovation_historical_integrated,144,44
4+,2.109911516035669,-1.2228582397108902,1093,44,support_group,innovation_historical_integrated,144,44
none,1.6755429180172576,-0.8535144805293593,562,46,support_group,innovation_historical_integrated,144,44
donor_hydro_absent,1.417071511758752,-0.6175152515281389,846,48,hydro_group,innovation_historical_integrated,144,44
donor_hydro_present,1.8637625905659347,-0.9669084756019984,2660,52,hydro_group,innovation_historical_integrated,144,44
high,3.161197619469628,-1.9858382064706803,1195,32,reference_group,innovation_historical_integrated,144,44
low,0.7584458712532918,-0.07155227388120063,1059,31,reference_group,innovation_historical_integrated,144,44
middle,1.258486946429592,-0.5156101702248139,1252,37,reference_group,innovation_historical_integrated,144,44
1-3,1.5751076267084325,-0.6518627720525184,1851,51,support_group,innovation_historical_native,144,44
4+,2.11483513327292,-1.1671158963436978,1093,44,support_group,innovation_historical_native,144,44
none,1.6720932496222278,-0.781943911717398,562,46,support_group,innovation_historical_native,144,44
donor_hydro_absent,1.4175577418876917,-0.5570603834672945,846,48,hydro_group,innovation_historical_native,144,44
donor_hydro_present,1.8674817948704192,-0.9212161878739548,2660,52,hydro_group,innovation_historical_native,144,44
high,3.163744457445664,-1.8329061032259073,1195,32,reference_group,innovation_historical_native,144,44
low,0.7651199415967127,-0.08889401370943521,1059,31,reference_group,innovation_historical_native,144,44
middle,1.2586411974391492,-0.5089828995884982,1252,37,reference_group,innovation_historical_native,144,44
1-3,1.6298909814865945,-0.6899758873846322,1851,51,support_group,innovation_historical_trees,144,44
4+,2.172341987066958,-1.369881578519407,1093,44,support_group,innovation_historical_trees,144,44
none,1.7024776452467172,-0.7311487683553016,562,46,support_group,innovation_historical_trees,144,44
donor_hydro_absent,1.44857473163749,-0.5014391654029874,846,48,hydro_group,innovation_historical_trees,144,44
donor_hydro_present,1.9257880497215074,-1.038012784494518,2660,52,hydro_group,innovation_historical_trees,144,44
high,3.2168766664765935,-2.3951685625263535,1195,32,reference_group,innovation_historical_trees,144,44
low,0.8335386559400916,0.1349708933045129,1059,31,reference_group,innovation_historical_trees,144,44
middle,1.2948924777511504,-0.372235850221112,1252,37,reference_group,innovation_historical_trees,144,44
1-3,1.5647582693929265,-0.7040907704627798,1851,51,support_group,innovation_real_integrated,144,44
4+,2.0837819724018485,-1.2118729742790548,1093,44,support_group,innovation_real_integrated,144,44
none,1.6743789454688396,-0.84021511260311,562,46,support_group,innovation_real_integrated,144,44
donor_hydro_absent,1.4123108920743763,-0.6037856027421761,846,48,hydro_group,innovation_real_integrated,144,44
donor_hydro_present,1.8496718816316138,-0.97340129713409,2660,52,hydro_group,innovation_real_integrated,144,44
high,3.1355684708264686,-1.9893285394858498,1195,32,reference_group,innovation_real_integrated,144,44
low,0.7542464883280515,-0.07010565802016307,1059,31,reference_group,innovation_real_integrated,144,44
middle,1.2533473371070114,-0.518019627609918,1252,37,reference_group,innovation_real_integrated,144,44
1-3,1.569677974331807,-0.6699695700312592,1851,51,support_group,innovation_real_native,144,44
4+,2.0883138137475625,-1.1524688757679173,1093,44,support_group,innovation_real_native,144,44
none,1.6691551234149047,-0.7642114211490656,562,46,support_group,innovation_real_native,144,44
donor_hydro_absent,1.4113235009532161,-0.5387541850860106,846,48,hydro_group,innovation_real_native,144,44
donor_hydro_present,1.8541678294988784,-0.9298732832500768,2660,52,hydro_group,innovation_real_native,144,44
high,3.1336563018137933,-1.8375598805794664,1195,32,reference_group,innovation_real_native,144,44
low,0.763469811140093,-0.08696519256138514,1059,31,reference_group,innovation_real_native,144,44
middle,1.256255828760859,-0.5121955094353036,1252,37,reference_group,innovation_real_native,144,44
1-3,1.6193722703954534,-0.7004532582140893,1851,51,support_group,innovation_real_trees,144,44
4+,2.1681682369075674,-1.3461972168949992,1093,44,support_group,innovation_real_trees,144,44
none,1.7121093045868039,-0.7184320043532239,562,46,support_group,innovation_real_trees,144,44
donor_hydro_absent,1.4567941388554193,-0.49401792304683684,846,48,hydro_group,innovation_real_trees,144,44
donor_hydro_present,1.9161742643413737,-1.035245173898271,2660,52,hydro_group,innovation_real_trees,144,44
high,3.213225344981876,-2.3792196144161974,1195,32,reference_group,innovation_real_trees,144,44
low,0.8356203917660379,0.13374987923688722,1059,31,reference_group,innovation_real_trees,144,44
middle,1.281745289525689,-0.3755311568302978,1252,37,reference_group,innovation_real_trees,144,44
1-3,1.7225318916421979,-0.5041651385703317,1851,51,support_group,matched_daily_trees,144,44
4+,2.269158629539957,-1.2159721523791187,1093,44,support_group,matched_daily_trees,144,44
none,1.713966578366815,-0.6590265803923117,562,46,support_group,matched_daily_trees,144,44
donor_hydro_absent,1.4679121187205053,-0.4284245109541281,846,48,hydro_group,matched_daily_trees,144,44
donor_hydro_present,2.026312961699806,-0.8534560285553938,2660,52,hydro_group,matched_daily_trees,144,44
high,3.29886027632688,-2.3818390325175463,1195,32,reference_group,matched_daily_trees,144,44
low,0.9149984901534799,0.3195333341375922,1059,31,reference_group,matched_daily_trees,144,44
middle,1.374380750220347,-0.09962326614838836,1252,37,reference_group,matched_daily_trees,144,44
1-3,1.5633995633986604,-0.6975265063186904,1851,51,support_group,ratio_fixed_integrated,144,44
4+,2.081894578614124,-1.2088484069987921,1093,44,support_group,ratio_fixed_integrated,144,44
none,1.6748855973374623,-0.836471991144634,562,46,support_group,ratio_fixed_integrated,144,44
donor_hydro_absent,1.4131325676931612,-0.5978192807115258,846,48,hydro_group,ratio_fixed_integrated,144,44
donor_hydro_present,1.8477965863576682,-0.9686973757845524,2660,52,hydro_group,ratio_fixed_integrated,144,44
high,3.134033298555001,-1.9892240669095962,1195,32,reference_group,ratio_fixed_integrated,144,44
low,0.7540106817422252,-0.06005361973572257,1059,31,reference_group,ratio_fixed_integrated,144,44
middle,1.251583041726493,-0.5125963161435803,1252,37,reference_group,ratio_fixed_integrated,144,44
1-3,1.5673798477134715,-0.66121721783914,1851,51,support_group,ratio_fixed_native,144,44
4+,2.0863414235215934,-1.148436119394234,1093,44,support_group,ratio_fixed_native,144,44
none,1.6696450561363585,-0.7592205925377643,562,46,support_group,ratio_fixed_native,144,44
donor_hydro_absent,1.4125507709520666,-0.5307990890451436,846,48,hydro_group,ratio_fixed_native,144,44
donor_hydro_present,1.8514713696804217,-0.92360138811736,2660,52,hydro_group,ratio_fixed_native,144,44
high,3.1318756697371906,-1.8374205838111288,1195,32,reference_group,ratio_fixed_native,144,44
low,0.7628128299819595,-0.07356247484879783,1059,31,reference_group,ratio_fixed_native,144,44
middle,1.2536114882496263,-0.5049644274801866,1252,37,reference_group,ratio_fixed_native,144,44
1-3,1.5701834968048927,-0.6824455665513915,1851,51,support_group,ratio_historical_integrated,144,44
4+,2.109343605626284,-1.2163067873206046,1093,44,support_group,ratio_historical_integrated,144,44
none,1.6775905010430068,-0.8618691193261561,562,46,support_group,ratio_historical_integrated,144,44
donor_hydro_absent,1.418717691665221,-0.613902380353459,846,48,hydro_group,ratio_historical_integrated,144,44
donor_hydro_present,1.8625913187867584,-0.9615184562068873,2660,52,hydro_group,ratio_historical_integrated,144,44
high,3.1628795882299516,-1.9989730247520752,1195,32,reference_group,ratio_historical_integrated,144,44
low,0.756023255209099,-0.051277805628945884,1059,31,reference_group,ratio_historical_integrated,144,44
middle,1.2575545846008997,-0.5063295100236123,1252,37,reference_group,ratio_historical_integrated,144,44
1-3,1.5738805828574849,-0.6411092981494082,1851,51,support_group,ratio_historical_native,144,44
4+,2.114216589991477,-1.1583806264899836,1093,44,support_group,ratio_historical_native,144,44
none,1.671734754288278,-0.7930834301131271,562,46,support_group,ratio_historical_native,144,44
donor_hydro_absent,1.4181709562876899,-0.5522432219010546,846,48,hydro_group,ratio_historical_native,144,44
donor_hydro_present,1.8661030054964343,-0.9140294953471398,2660,52,hydro_group,ratio_historical_native,144,44
high,3.1659719476660957,-1.8504191942677677,1195,32,reference_group,ratio_historical_native,144,44
low,0.7618942663372215,-0.06186138937309557,1059,31,reference_group,ratio_historical_native,144,44
middle,1.2567285288560692,-0.4966086859868959,1252,37,reference_group,ratio_historical_native,144,44
1-3,1.5593951288507955,-0.692708994902536,1851,51,support_group,ratio_real_integrated,144,44
4+,2.0807909714211554,-1.1944320141697289,1093,44,support_group,ratio_real_integrated,144,44
none,1.6769498925669337,-0.8482187463496128,562,46,support_group,ratio_real_integrated,144,44
donor_hydro_absent,1.4141003155568925,-0.6014105184166517,846,48,hydro_group,ratio_real_integrated,144,44
donor_hydro_present,1.8446849202735456,-0.9607609691428958,2660,52,hydro_group,ratio_real_integrated,144,44
high,3.1302802269459318,-1.9794617769221963,1195,32,reference_group,ratio_real_integrated,144,44
low,0.7494351579308931,-0.057246956681818895,1059,31,reference_group,ratio_real_integrated,144,44
middle,1.2530783158462921,-0.5098531357448239,1252,37,reference_group,ratio_real_integrated,144,44
1-3,1.5636311665690927,-0.6547938692842675,1851,51,support_group,ratio_real_native,144,44
4+,2.0848813201154095,-1.1292142622888162,1093,44,support_group,ratio_real_native,144,44
none,1.671017800845359,-0.7748829328110693,562,46,support_group,ratio_real_native,144,44
donor_hydro_absent,1.4132749920087615,-0.5355874059853115,846,48,hydro_group,ratio_real_native,144,44
donor_hydro_present,1.848322531218501,-0.9130195125951515,2660,52,hydro_group,ratio_real_native,144,44
high,3.12716242745603,-1.824404197161262,1195,32,reference_group,ratio_real_native,144,44
low,0.7559224120878365,-0.06982025744359292,1059,31,reference_group,ratio_real_native,144,44
middle,1.2577377324837462,-0.5013068536151782,1252,37,reference_group,ratio_real_native,144,44
1-3,1.5636910207252472,-0.6870159623741069,1851,51,support_group,relative_fixed_integrated,144,44
4+,2.0815530407724974,-1.1981240860733926,1093,44,support_group,relative_fixed_integrated,144,44
none,1.6727610477538308,-0.8242079842106711,562,46,support_group,relative_fixed_integrated,144,44
donor_hydro_absent,1.4122809370551015,-0.5862531134213698,846,48,hydro_group,relative_fixed_integrated,144,44
donor_hydro_present,1.847681048502184,-0.9580642577460933,2660,52,hydro_group,relative_fixed_integrated,144,44
high,3.133493201505251,-1.9776784510823608,1195,32,reference_group,relative_fixed_integrated,144,44
low,0.7548611744098194,-0.05076007992462179,1059,31,reference_group,relative_fixed_integrated,144,44
middle,1.2505582286466868,-0.5010705957471976,1252,37,reference_group,relative_fixed_integrated,144,44
1-3,1.5678810970841557,-0.6472031592463618,1851,51,support_group,relative_fixed_native,144,44
4+,2.086104275994398,-1.1341370248270344,1093,44,support_group,relative_fixed_native,144,44
none,1.6675692425898554,-0.7428685832924803,562,46,support_group,relative_fixed_native,144,44
donor_hydro_absent,1.4121853592301514,-0.5153775326582689,846,48,hydro_group,relative_fixed_native,144,44
donor_hydro_present,1.8514003702223456,-0.9094238973994145,2660,52,hydro_group,relative_fixed_native,144,44
high,3.1321699628278505,-1.8220264293748145,1195,32,reference_group,relative_fixed_native,144,44
low,0.7635355968078145,-0.061171088433996774,1059,31,reference_group,relative_fixed_native,144,44
middle,1.2523214825090978,-0.4895968002850096,1252,37,reference_group,relative_fixed_native,144,44
1-3,1.570581316790185,-0.6790609925530294,1851,51,support_group,relative_historical_integrated,144,44
4+,2.1089149334230095,-1.2123506198660727,1093,44,support_group,relative_historical_integrated,144,44
none,1.6767252243973347,-0.8570808047712296,562,46,support_group,relative_historical_integrated,144,44
donor_hydro_absent,1.4181854345513523,-0.6101910518652979,846,48,hydro_group,relative_historical_integrated,144,44
donor_hydro_present,1.8626784729664814,-0.9577063560649113,2660,52,hydro_group,relative_historical_integrated,144,44
high,3.1625760977749224,-1.9931359930360337,1195,32,reference_group,relative_historical_integrated,144,44
low,0.7563656539745787,-0.04994976319056693,1059,31,reference_group,relative_historical_integrated,144,44
middle,1.2573801528124384,-0.5024171135094533,1252,37,reference_group,relative_historical_integrated,144,44
1-3,1.5743399434956364,-0.6365965328182587,1851,51,support_group,relative_historical_native,144,44
4+,2.113656476508296,-1.1531057365506079,1093,44,support_group,relative_historical_native,144,44
none,1.6708637439879357,-0.7866990107065583,562,46,support_group,relative_historical_native,144,44
donor_hydro_absent,1.4176576741408735,-0.5472947839168397,846,48,hydro_group,relative_historical_native,144,44
donor_hydro_present,1.8661717278315908,-0.9089466951578385,2660,52,hydro_group,relative_historical_native,144,44
high,3.165985584584019,-1.842636485313045,1195,32,reference_group,relative_historical_native,144,44
low,0.7621280849138631,-0.06009066612192363,1059,31,reference_group,relative_historical_native,144,44
middle,1.2563169112248618,-0.4913921573013506,1252,37,reference_group,relative_historical_native,144,44
1-3,1.558067560408808,-0.6493070004973944,1851,51,support_group,relative_real_integrated,144,44
4+,2.0831357694588304,-1.1657439331548627,1093,44,support_group,relative_real_integrated,144,44
none,1.6624674526792191,-0.7448767710973626,562,46,support_group,relative_real_integrated,144,44
donor_hydro_absent,1.4036686087274681,-0.5301308234833364,846,48,hydro_group,relative_real_integrated,144,44
donor_hydro_present,1.8449825247208602,-0.9196073103566756,2660,52,hydro_group,relative_real_integrated,144,44
high,3.1282370938190813,-1.9236751977437965,1195,32,reference_group,relative_real_integrated,144,44
low,0.7578764785046851,-0.022838512516379778,1059,31,reference_group,relative_real_integrated,144,44
middle,1.2414717578998904,-0.4566040544384799,1252,37,reference_group,relative_real_integrated,144,44
1-3,1.5623640991552317,-0.5969245434107453,1851,51,support_group,relative_real_native,144,44
4+,2.0896983929321076,-1.0909634876023275,1093,44,support_group,relative_real_native,144,44
none,1.6629791332357229,-0.6370936324747358,562,46,support_group,relative_real_native,144,44
donor_hydro_absent,1.4070528822344144,-0.44054781274089105,846,48,hydro_group,relative_real_native,144,44
donor_hydro_present,1.849700686285447,-0.8581479675468576,2660,52,hydro_group,relative_real_native,144,44
high,3.133042060112685,-1.7500220915900622,1195,32,reference_group,relative_real_native,144,44
low,0.7652320201926808,-0.023942331889674096,1059,31,reference_group,relative_real_native,144,44
middle,1.2429749142738786,-0.4303080785400528,1252,37,reference_group,relative_real_native,144,44
1-3,1.631897872923673,-0.7072561126041292,1851,51,support_group,station_hidden_trees,144,44
4+,2.1808122097507705,-1.3200924163623824,1093,44,support_group,station_hidden_trees,144,44
none,1.7332705778576332,-0.9758187932091921,562,46,support_group,station_hidden_trees,144,44
donor_hydro_absent,1.4614088720163192,-0.6941511253474886,846,48,hydro_group,station_hidden_trees,144,44
donor_hydro_present,1.9330890477704867,-1.0199813478398188,2660,52,hydro_group,station_hidden_trees,144,44
high,3.246513672792119,-2.4117304959928525,1195,32,reference_group,station_hidden_trees,144,44
low,0.8270461480973919,0.11631574741334286,1059,31,reference_group,station_hidden_trees,144,44
middle,1.2962804017360867,-0.4325580440073199,1252,37,reference_group,station_hidden_trees,144,44
1-3,1.5707322490232791,-0.69449882557764,1851,51,support_group,unmonitored_integrated,144,44
4+,2.1090238725918313,-1.20618330979169,1093,44,support_group,unmonitored_integrated,144,44
none,1.681954370542609,-0.8833050267138876,562,46,support_group,unmonitored_integrated,144,44
donor_hydro_absent,1.4211607189733686,-0.6403238134379969,846,48,hydro_group,unmonitored_integrated,144,44
donor_hydro_present,1.8629867946159542,-0.9618718656357851,2660,52,hydro_group,unmonitored_integrated,144,44
high,3.162658408012179,-1.9880096357652746,1195,32,reference_group,unmonitored_integrated,144,44
low,0.7574991628334059,-0.06854140791875121,1059,31,reference_group,unmonitored_integrated,144,44
middle,1.2590083314015794,-0.5207957212733814,1252,37,reference_group,unmonitored_integrated,144,44
1-3,1.573842593960362,-0.6571803101844061,1851,51,support_group,unmonitored_residual,144,44
4+,2.113959873095788,-1.144882656451431,1093,44,support_group,unmonitored_residual,144,44
none,1.6797432135450847,-0.8216646399634356,562,46,support_group,unmonitored_residual,144,44
donor_hydro_absent,1.4220877130315104,-0.5874717993471051,846,48,hydro_group,unmonitored_residual,144,44
donor_hydro_present,1.866417392293987,-0.9145007079190036,2660,52,hydro_group,unmonitored_residual,144,44
high,3.165350793817028,-1.835801342285366,1195,32,reference_group,unmonitored_residual,144,44
low,0.7636192005182615,-0.08487952575950267,1059,31,reference_group,unmonitored_residual,144,44
middle,1.2591769462991018,-0.5158969676532547,1252,37,reference_group,unmonitored_residual,144,44
