split_seed,seed,model_name,station,mae,bias,n_cells
142,42,current_model,03025490,0.897958828009288,-0.39128579420945714,35
142,42,current_model,03040000,0.49462449562042926,0.31284545361374444,30
142,42,current_model,03075001,0.45050206652498165,0.006886479247659061,72
142,42,current_model,03110983,2.268267303559502,-2.165861665862875,33
142,42,current_model,03144270,1.6160550761316235,-1.1163007250434986,31
142,42,current_model,03185400,0.3525424688731961,-0.27478055398260254,24
142,42,current_model,03207962,1.4404769227100345,-0.651651508390919,21
142,42,current_model,03209500,1.680129171332055,-0.40332410823005915,31
142,42,current_model,03216600,0.913131187537354,-0.13935051177428276,120
142,42,current_model,03280000,0.694235379519192,-0.1111673304000646,45
142,42,current_model,03281000,0.6155364025025118,0.01841120155070723,35
142,42,current_model,03353637,1.0586260500238334,0.21377383778295506,101
142,42,current_model,03453500,2.789546583864476,-2.525272585224639,38
142,42,current_model,03459500,9.722742377225723,-9.722742377225723,19
142,42,current_model,05320270,2.159758559544531,-1.812093646471201,39
142,42,current_model,05325000,1.9928007990843692,-1.826572977832656,7
142,42,current_model,05330902,2.376114310153981,2.361194379954744,28
142,42,current_model,05340500,2.3107501460719293,0.4090553017331474,77
142,42,current_model,05420680,1.4075499517689865,-0.01175869885130396,41
142,42,current_model,05455100,1.481016646074187,-0.8460798590210553,31
142,42,current_model,05464935,0.7591157710933152,-0.03341017053955166,25
142,42,current_model,05474000,1.3569528916945555,-0.5014871578793832,159
142,42,current_model,05550000,1.6919266229626897,-1.5910485035170627,39
142,42,current_model,06054500,1.4523504625424133,-0.5848457689424749,26
142,42,current_model,06057000,1.0716011787790467,-1.0655707511413621,24
142,42,current_model,06183450,5.4160176228761765,-4.983498997421948,22
142,42,current_model,06296003,3.048104403260586,-0.9139713406514485,30
142,42,current_model,06307616,2.5040732687193685,-0.8248144094897064,30
142,42,current_model,06316400,2.828564159067935,0.08588477090221254,38
142,42,current_model,06324500,1.3100113835912839,-0.2764665048564623,89
142,42,current_model,06326500,1.5368881969488288,-0.7876308972121415,50
142,42,current_model,06326530,1.9068118990892593,1.1184875919098087,37
142,42,current_model,06332520,2.973305916028212,-2.378126116538494,21
142,42,current_model,06339900,5.404819346658107,-3.7314020699912898,39
142,42,current_model,06340580,5.774520452999116,-4.152853259459121,24
142,42,current_model,06340780,7.208077948343604,-4.58676064277551,27
142,42,current_model,06343000,6.427514427089033,-4.966329173306567,47
142,42,current_model,06609500,1.8166822348409741,0.6357894754432692,118
142,42,current_model,06710200,6.697982287961582,-6.697982287961582,10
142,42,current_model,06719505,0.5233965850312321,0.44035964909003594,29
142,42,current_model,06753990,4.171806624596911,-4.088587139908177,63
142,42,current_model,06795500,2.5116166580765533,-2.3360270584026996,18
142,42,current_model,06801000,1.3079058688979126,1.134533260780292,22
142,42,current_model,06818000,1.023144020321214,-0.0024858161045703954,37
142,42,current_model,06890900,0.6743482003986148,-0.028286686175122422,32
142,42,current_model,06893400,1.3582806096330198,-0.9095883548926115,36
142,42,current_model,06893820,0.7229053113988085,0.21867528744105572,49
142,42,current_model,06893970,0.7431542241160086,-0.42071696466688446,50
142,42,current_model,06905500,2.1636786864750133,-0.8604905591720058,25
142,42,current_model,06923150,1.4235878197487328,-1.0802405704351548,37
142,42,current_model,07055646,0.7437852226138874,0.631936201010414,56
142,42,current_model,07083000,0.5382048279516818,0.3807331711859341,27
142,42,current_model,07144780,2.9352958501435333,-0.7011849620636444,74
142,42,current_model,07231990,4.707563030145391,-4.598000684561739,15
142,42,matched_daily_trees,03025490,1.147847425196657,-0.9937079486923344,35
142,42,matched_daily_trees,03040000,0.8821747390984345,0.7347770396311759,30
142,42,matched_daily_trees,03075001,0.5012919241865291,0.11776454633697202,72
142,42,matched_daily_trees,03110983,2.154490932536947,-1.9841939873764147,33
142,42,matched_daily_trees,03144270,1.587866046264393,-1.1220811526361967,31
142,42,matched_daily_trees,03185400,0.27976255324633564,0.13636086697549876,24
142,42,matched_daily_trees,03207962,1.4497731582802975,-0.596758523741036,21
142,42,matched_daily_trees,03209500,1.726746086704646,-0.9688685099502456,31
142,42,matched_daily_trees,03216600,0.9157724023686187,-0.6254497087149172,120
142,42,matched_daily_trees,03280000,0.7733985113368045,-0.48612683275295904,45
142,42,matched_daily_trees,03281000,0.6251449202647504,-0.31562654644151,35
142,42,matched_daily_trees,03353637,1.6636051624777448,1.2359892189748896,101
142,42,matched_daily_trees,03453500,3.3950255693399245,-3.3072481152766926,38
142,42,matched_daily_trees,03459500,9.994006015856378,-9.994006015856378,19
142,42,matched_daily_trees,05320270,1.8809460152937016,-1.4307662390728697,39
142,42,matched_daily_trees,05325000,1.9653223849142907,-1.707599063179494,7
142,42,matched_daily_trees,05330902,1.9975280821552455,1.9473833861593477,28
142,42,matched_daily_trees,05340500,2.2549606056977267,-0.29679157829907976,77
142,42,matched_daily_trees,05420680,1.648979408650278,0.38688749157033486,41
142,42,matched_daily_trees,05455100,1.5043248556702136,-0.5089519689914539,31
142,42,matched_daily_trees,05464935,0.7394369989466705,-0.10057245683406914,25
142,42,matched_daily_trees,05474000,1.530877159234793,-0.7200915273888042,159
142,42,matched_daily_trees,05550000,2.7947355737465207,-2.7947355737465207,39
142,42,matched_daily_trees,06054500,1.177142080627283,-0.02218708834950859,26
142,42,matched_daily_trees,06057000,0.9350311096275611,0.21045347401692308,24
142,42,matched_daily_trees,06183450,6.302616608256124,-6.134887668493005,22
142,42,matched_daily_trees,06296003,3.415975013150063,-1.7095690650391575,30
142,42,matched_daily_trees,06307616,2.6072679611520724,-0.2917119043805761,30
142,42,matched_daily_trees,06316400,2.8698376735445894,-1.6072094955877199,38
142,42,matched_daily_trees,06324500,2.151052746046992,1.4778852473770379,89
142,42,matched_daily_trees,06326500,1.9350184438347697,0.49294205045710826,50
142,42,matched_daily_trees,06326530,2.42444844852252,2.029976673113036,37
142,42,matched_daily_trees,06332520,2.8741515503483726,-1.9710521803424608,21
142,42,matched_daily_trees,06339900,5.505808209250844,-4.40237278896431,39
142,42,matched_daily_trees,06340580,6.930321254319419,-6.287487852440441,24
142,42,matched_daily_trees,06340780,8.773674978178283,-7.589616329152547,27
142,42,matched_daily_trees,06343000,7.346965234669975,-6.685767376814754,47
142,42,matched_daily_trees,06609500,2.1372479230078087,1.13415321681017,118
142,42,matched_daily_trees,06710200,6.980040415940034,-6.980040415940034,10
142,42,matched_daily_trees,06719505,1.2978298854960644,1.2786027091337786,29
142,42,matched_daily_trees,06753990,3.43036855576315,-2.8660433209386733,63
142,42,matched_daily_trees,06795500,2.354198890104881,-1.479749873561895,18
142,42,matched_daily_trees,06801000,1.774197809866135,1.729258334312828,22
142,42,matched_daily_trees,06818000,1.1550902158568181,0.3368439299663537,37
142,42,matched_daily_trees,06890900,0.420940432086425,-0.16467522374134347,32
142,42,matched_daily_trees,06893400,1.2248516535475291,-0.46826554422975275,36
142,42,matched_daily_trees,06893820,0.8788049510211772,0.5494099633670824,49
142,42,matched_daily_trees,06893970,0.8823328973441604,0.45325304588899834,50
142,42,matched_daily_trees,06905500,2.458752506243966,-2.2701511119839517,25
142,42,matched_daily_trees,06923150,1.1715110377289577,-0.6726317871476226,37
142,42,matched_daily_trees,07055646,1.034825874685337,1.014468108732352,56
142,42,matched_daily_trees,07083000,1.4987673749606711,1.3142662816397392,27
142,42,matched_daily_trees,07144780,3.0127109359452913,-0.4866851886174095,74
142,42,matched_daily_trees,07231990,6.50757733499949,-6.50757733499949,15
142,42,nonlinear_native_integrated,03025490,1.1203876481140749,-1.0176883037168643,35
142,42,nonlinear_native_integrated,03040000,0.5939739260892395,0.44663973626940867,30
142,42,nonlinear_native_integrated,03075001,0.4743006630325147,0.19126044605181045,72
142,42,nonlinear_native_integrated,03110983,2.264400586927495,-2.1504232589740435,33
142,42,nonlinear_native_integrated,03144270,1.5379306322357942,-0.936372306239969,31
142,42,nonlinear_native_integrated,03185400,0.18514958245915067,-0.008631134513855656,24
142,42,nonlinear_native_integrated,03207962,1.4352092679825066,-0.5822339839384274,21
142,42,nonlinear_native_integrated,03209500,1.6641420400238283,-0.3750684689493023,31
142,42,nonlinear_native_integrated,03216600,0.9223524801478651,-0.14715707999748814,120
142,42,nonlinear_native_integrated,03280000,0.5783117005227365,-0.22332846305923756,45
142,42,nonlinear_native_integrated,03281000,0.5017190438798017,-0.136726695609494,35
142,42,nonlinear_native_integrated,03353637,0.9165901779833417,-0.014973196162297099,101
142,42,nonlinear_native_integrated,03453500,3.020485133929208,-2.8093233496368,38
142,42,nonlinear_native_integrated,03459500,9.80301476914554,-9.80301476914554,19
142,42,nonlinear_native_integrated,05320270,1.9395321629690438,-1.5452773089375789,39
142,42,nonlinear_native_integrated,05325000,1.991601369583551,-1.7195488335809055,7
142,42,nonlinear_native_integrated,05330902,2.0520957967163382,2.01275152693358,28
142,42,nonlinear_native_integrated,05340500,2.0774823838774057,0.032945684716131386,77
142,42,nonlinear_native_integrated,05420680,1.351323597488372,-0.07446561897655476,41
142,42,nonlinear_native_integrated,05455100,1.3977904446150398,-0.7091063599855928,31
142,42,nonlinear_native_integrated,05464935,0.7119875198918239,-0.31378371992365744,25
142,42,nonlinear_native_integrated,05474000,1.4373226520561675,-0.6484169111710472,159
142,42,nonlinear_native_integrated,05550000,1.6448584272065438,-1.5448425171633045,39
142,42,nonlinear_native_integrated,06054500,1.2322407480093693,-0.28625319802445076,26
142,42,nonlinear_native_integrated,06057000,1.3835691452414434,-1.3835691452414434,24
142,42,nonlinear_native_integrated,06183450,5.651945028227486,-5.327188662250191,22
142,42,nonlinear_native_integrated,06296003,2.673772659564796,-0.7495911744419795,30
142,42,nonlinear_native_integrated,06307616,2.7688922211137768,-0.5406687827780743,30
142,42,nonlinear_native_integrated,06316400,2.556945402480088,-0.18363032573554433,38
142,42,nonlinear_native_integrated,06324500,1.1955022819039074,0.3968480326035293,89
142,42,nonlinear_native_integrated,06326500,1.4974369484094325,0.016108414865377743,50
142,42,nonlinear_native_integrated,06326530,1.3431351195842631,0.2527316447325667,37
142,42,nonlinear_native_integrated,06332520,2.7859954043451256,-1.419306263248685,21
142,42,nonlinear_native_integrated,06339900,4.953516312885848,-2.6991305322058996,39
142,42,nonlinear_native_integrated,06340580,5.371568115717843,-3.301812772159199,24
142,42,nonlinear_native_integrated,06340780,7.173500996732861,-5.094505287268193,27
142,42,nonlinear_native_integrated,06343000,6.237824938456569,-4.447921401952013,47
142,42,nonlinear_native_integrated,06609500,1.153923695861342,-0.44031363047442557,118
142,42,nonlinear_native_integrated,06710200,6.528205931777201,-6.523198345862502,10
142,42,nonlinear_native_integrated,06719505,0.8251200789396593,0.8251200789396593,29
142,42,nonlinear_native_integrated,06753990,4.224902676777106,-4.052527792985617,63
142,42,nonlinear_native_integrated,06795500,2.604366502878603,-2.3494512181994156,18
142,42,nonlinear_native_integrated,06801000,1.2440255912274474,1.0312946806265382,22
142,42,nonlinear_native_integrated,06818000,1.0552803119146084,0.2559218129980124,37
142,42,nonlinear_native_integrated,06890900,0.699662362567964,-0.1392479934382837,32
142,42,nonlinear_native_integrated,06893400,1.252544185192504,0.10171148648001632,36
142,42,nonlinear_native_integrated,06893820,0.5824037208602496,-0.2350177925764594,49
142,42,nonlinear_native_integrated,06893970,0.6670601166836625,-0.4293361029766451,50
142,42,nonlinear_native_integrated,06905500,2.1201211204813872,-0.9518944807581469,25
142,42,nonlinear_native_integrated,06923150,1.2407995074358953,-0.8241190546812593,37
142,42,nonlinear_native_integrated,07055646,0.7942391244871844,0.7415701725992054,56
142,42,nonlinear_native_integrated,07083000,0.9532796838674492,0.860978583618052,27
142,42,nonlinear_native_integrated,07144780,2.647484680316286,-0.976832141315369,74
142,42,nonlinear_native_integrated,07231990,5.233244045261254,-5.224146805917801,15
142,42,nonlinear_native_residual,03025490,1.1203876481140749,-1.0176883037168643,35
142,42,nonlinear_native_residual,03040000,0.5939739260892395,0.44663973626940867,30
142,42,nonlinear_native_residual,03075001,0.4743006630325147,0.19126044605181045,72
142,42,nonlinear_native_residual,03110983,2.264400586927495,-2.1504232589740435,33
142,42,nonlinear_native_residual,03144270,1.5379306322357942,-0.936372306239969,31
142,42,nonlinear_native_residual,03185400,0.18514958245915067,-0.008631134513855656,24
142,42,nonlinear_native_residual,03207962,1.4352092679825066,-0.5822339839384274,21
142,42,nonlinear_native_residual,03209500,1.6641420400238283,-0.3750684689493023,31
142,42,nonlinear_native_residual,03216600,0.9223524801478651,-0.14715707999748814,120
142,42,nonlinear_native_residual,03280000,0.5783117005227365,-0.22332846305923756,45
142,42,nonlinear_native_residual,03281000,0.5017190438798017,-0.136726695609494,35
142,42,nonlinear_native_residual,03353637,0.9165901779833417,-0.014973196162297099,101
142,42,nonlinear_native_residual,03453500,3.020485133929208,-2.8093233496368,38
142,42,nonlinear_native_residual,03459500,9.80301476914554,-9.80301476914554,19
142,42,nonlinear_native_residual,05320270,1.9395321629690438,-1.5452773089375789,39
142,42,nonlinear_native_residual,05325000,1.991601369583551,-1.7195488335809055,7
142,42,nonlinear_native_residual,05330902,2.0520957967163382,2.01275152693358,28
142,42,nonlinear_native_residual,05340500,2.0774823838774057,0.032945684716131386,77
142,42,nonlinear_native_residual,05420680,1.351323597488372,-0.07446561897655476,41
142,42,nonlinear_native_residual,05455100,1.3977904446150398,-0.7091063599855928,31
142,42,nonlinear_native_residual,05464935,0.7119875198918239,-0.31378371992365744,25
142,42,nonlinear_native_residual,05474000,1.4373226520561675,-0.6484169111710472,159
142,42,nonlinear_native_residual,05550000,1.6448584272065438,-1.5448425171633045,39
142,42,nonlinear_native_residual,06054500,1.2322407480093693,-0.28625319802445076,26
142,42,nonlinear_native_residual,06057000,1.3835691452414434,-1.3835691452414434,24
142,42,nonlinear_native_residual,06183450,5.651945028227486,-5.327188662250191,22
142,42,nonlinear_native_residual,06296003,2.673772659564796,-0.7495911744419795,30
142,42,nonlinear_native_residual,06307616,2.7688922211137768,-0.5406687827780743,30
142,42,nonlinear_native_residual,06316400,2.556945402480088,-0.18363032573554433,38
142,42,nonlinear_native_residual,06324500,1.1955022819039074,0.3968480326035293,89
142,42,nonlinear_native_residual,06326500,1.4974369484094325,0.016108414865377743,50
142,42,nonlinear_native_residual,06326530,1.3431351195842631,0.2527316447325667,37
142,42,nonlinear_native_residual,06332520,2.7859954043451256,-1.419306263248685,21
142,42,nonlinear_native_residual,06339900,4.953516312885848,-2.6991305322058996,39
142,42,nonlinear_native_residual,06340580,5.371568115717843,-3.301812772159199,24
142,42,nonlinear_native_residual,06340780,7.173500996732861,-5.094505287268193,27
142,42,nonlinear_native_residual,06343000,6.237824938456569,-4.447921401952013,47
142,42,nonlinear_native_residual,06609500,1.153923695861342,-0.44031363047442557,118
142,42,nonlinear_native_residual,06710200,6.528205931777201,-6.523198345862502,10
142,42,nonlinear_native_residual,06719505,0.8251200789396593,0.8251200789396593,29
142,42,nonlinear_native_residual,06753990,4.224902676777106,-4.052527792985617,63
142,42,nonlinear_native_residual,06795500,2.604366502878603,-2.3494512181994156,18
142,42,nonlinear_native_residual,06801000,1.2440255912274474,1.0312946806265382,22
142,42,nonlinear_native_residual,06818000,1.0552803119146084,0.2559218129980124,37
142,42,nonlinear_native_residual,06890900,0.699662362567964,-0.1392479934382837,32
142,42,nonlinear_native_residual,06893400,1.252544185192504,0.10171148648001632,36
142,42,nonlinear_native_residual,06893820,0.5824037208602496,-0.2350177925764594,49
142,42,nonlinear_native_residual,06893970,0.6670601166836625,-0.4293361029766451,50
142,42,nonlinear_native_residual,06905500,2.1201211204813872,-0.9518944807581469,25
142,42,nonlinear_native_residual,06923150,1.2407995074358953,-0.8241190546812593,37
142,42,nonlinear_native_residual,07055646,0.7942391244871844,0.7415701725992054,56
142,42,nonlinear_native_residual,07083000,0.9532796838674492,0.860978583618052,27
142,42,nonlinear_native_residual,07144780,2.647484680316286,-0.976832141315369,74
142,42,nonlinear_native_residual,07231990,5.233244045261254,-5.224146805917801,15
142,42,station_hidden_trees,03025490,1.2886304775766988,-1.2206010260319713,35
142,42,station_hidden_trees,03040000,0.793060006489845,0.6567801438515327,30
142,42,station_hidden_trees,03075001,0.5289934819595178,0.2835761722409602,72
142,42,station_hidden_trees,03110983,2.3134170683633486,-2.2544935153535612,33
142,42,station_hidden_trees,03144270,1.5209770206557163,-0.9797124383610859,31
142,42,station_hidden_trees,03185400,0.24719967689287192,0.07067803282654214,24
142,42,station_hidden_trees,03207962,1.46441889976073,-0.7638295818867741,21
142,42,station_hidden_trees,03209500,1.7160938080882622,-1.0076583417556053,31
142,42,station_hidden_trees,03216600,0.8997107338201872,-0.5990500287690047,120
142,42,station_hidden_trees,03280000,0.77237693745155,-0.6421331143924637,45
142,42,station_hidden_trees,03281000,0.6095633559818545,-0.4076749144830629,35
142,42,station_hidden_trees,03353637,1.0983846445573664,0.4839983718709494,101
142,42,station_hidden_trees,03453500,3.5321106583434214,-3.413608598437128,38
142,42,station_hidden_trees,03459500,9.992768483114093,-9.992768483114093,19
142,42,station_hidden_trees,05320270,1.8804568715964507,-1.2870786243307824,39
142,42,station_hidden_trees,05325000,2.0813307553001255,-1.726381595004834,7
142,42,station_hidden_trees,05330902,1.2646151382426989,1.1404670932621737,28
142,42,station_hidden_trees,05340500,2.2059361121057592,-0.5762156554678945,77
142,42,station_hidden_trees,05420680,1.4757129926588968,0.1578385542952757,41
142,42,station_hidden_trees,05455100,1.4747831919217136,-0.6512154456050424,31
142,42,station_hidden_trees,05464935,0.6974279384585792,-0.13003730752722645,25
142,42,station_hidden_trees,05474000,1.52254560118934,-0.8558233096188516,159
142,42,station_hidden_trees,05550000,2.2583899286418743,-2.247266662825172,39
142,42,station_hidden_trees,06054500,1.1173669468103717,-0.23876058271899028,26
142,42,station_hidden_trees,06057000,0.7756027204447946,-0.2556194231302182,24
142,42,station_hidden_trees,06183450,5.987207380301938,-5.838224985125648,22
142,42,station_hidden_trees,06296003,2.936636913483126,-1.270443201778736,30
142,42,station_hidden_trees,06307616,2.720027058885997,-0.2275191212693751,30
142,42,station_hidden_trees,06316400,2.520114099697666,-1.1380415712259198,38
142,42,station_hidden_trees,06324500,2.033787904878034,1.5611686171994024,89
142,42,station_hidden_trees,06326500,2.0596331693677423,0.8775097963579926,50
142,42,station_hidden_trees,06326530,1.5193391811444301,0.7932141460557254,37
142,42,station_hidden_trees,06332520,2.7549069755072133,-1.4004777903278582,21
142,42,station_hidden_trees,06339900,5.001373553043229,-3.1697448134262136,39
142,42,station_hidden_trees,06340580,5.826296930552574,-4.731877775693358,24
142,42,station_hidden_trees,06340780,7.813980587969667,-6.420216082812005,27
142,42,station_hidden_trees,06343000,6.8504571871853885,-5.633057612997257,47
142,42,station_hidden_trees,06609500,1.435888130409782,0.20222609511714504,118
142,42,station_hidden_trees,06710200,6.982357185147876,-6.982357185147876,10
142,42,station_hidden_trees,06719505,1.2790460394763201,1.2790460394763201,29
142,42,station_hidden_trees,06753990,3.5629331515443723,-3.1661884143093726,63
142,42,station_hidden_trees,06795500,2.4846339057104534,-1.9827995449155738,18
142,42,station_hidden_trees,06801000,1.509095709914817,1.3798765474110672,22
142,42,station_hidden_trees,06818000,1.0984591377860804,0.48623898677541244,37
142,42,station_hidden_trees,06890900,0.44959586836168247,-0.2350364392276506,32
142,42,station_hidden_trees,06893400,1.2290293483738621,0.05297411265609534,36
142,42,station_hidden_trees,06893820,0.6098410010700219,0.05112626300171401,49
142,42,station_hidden_trees,06893970,0.6891276663872864,0.07926341496483004,50
142,42,station_hidden_trees,06905500,2.2425242930715807,-1.9617431573800608,25
142,42,station_hidden_trees,06923150,1.1784335311058975,-0.6120198195791278,37
142,42,station_hidden_trees,07055646,0.9035531194715084,0.8718672860752604,56
142,42,station_hidden_trees,07083000,1.4785922822482267,1.3065579338886588,27
142,42,station_hidden_trees,07144780,2.7975429000565035,-0.8374901473028393,74
142,42,station_hidden_trees,07231990,6.606176069096309,-6.606176069096309,15
142,42,unmonitored_integrated,03025490,1.1355468556965487,-1.0323902406430248,35
142,42,unmonitored_integrated,03040000,0.5677113437860213,0.42853061025291106,30
142,42,unmonitored_integrated,03075001,0.521117632496193,0.2883482254446092,72
142,42,unmonitored_integrated,03110983,2.1476653480660937,-2.010238843300376,33
142,42,unmonitored_integrated,03144270,1.5308149979485184,-0.854134595844802,31
142,42,unmonitored_integrated,03185400,0.2547879726609067,0.0699028514486147,24
142,42,unmonitored_integrated,03207962,1.4519047629678032,-0.6207249891050829,21
142,42,unmonitored_integrated,03209500,1.7120813205787806,-0.1474191996241844,31
142,42,unmonitored_integrated,03216600,0.9154406721021277,-0.12358265552454026,120
142,42,unmonitored_integrated,03280000,0.6847499148933551,-0.2329000994446254,45
142,42,unmonitored_integrated,03281000,0.5579392436088176,-0.11214969912977836,35
142,42,unmonitored_integrated,03353637,0.9058102313181052,-0.03181054401441859,101
142,42,unmonitored_integrated,03453500,2.793725005764414,-2.484073104006059,38
142,42,unmonitored_integrated,03459500,9.627212269305407,-9.627212269305407,19
142,42,unmonitored_integrated,05320270,1.9356873282446765,-1.4345822095272407,39
142,42,unmonitored_integrated,05325000,1.861192791962568,-1.5645970131647957,7
142,42,unmonitored_integrated,05330902,1.518367291609503,1.4282283477643678,28
142,42,unmonitored_integrated,05340500,2.175636974858887,0.3065112721949301,77
142,42,unmonitored_integrated,05420680,1.3539959682437517,-0.04918758660537104,41
142,42,unmonitored_integrated,05455100,1.3988252687775673,-0.8110332860283572,31
142,42,unmonitored_integrated,05464935,0.6929349409314567,-0.1452883885170641,25
142,42,unmonitored_integrated,05474000,1.3861441741564602,-0.6621494826656077,159
142,42,unmonitored_integrated,05550000,1.4190857688534382,-1.2827242922490472,39
142,42,unmonitored_integrated,06054500,1.375861195130455,-0.32678732180279396,26
142,42,unmonitored_integrated,06057000,1.19876983666327,-1.19876983666327,24
142,42,unmonitored_integrated,06183450,5.78546643961348,-5.530466899018654,22
142,42,unmonitored_integrated,06296003,2.8167875514046252,-0.6990668200884325,30
142,42,unmonitored_integrated,06307616,2.852215531027944,-0.22401088202992084,30
142,42,unmonitored_integrated,06316400,2.5826399021546846,0.012686364301580714,38
142,42,unmonitored_integrated,06324500,1.4013967327436991,0.7158454465281001,89
142,42,unmonitored_integrated,06326500,1.635635779436812,0.29344878736818153,50
142,42,unmonitored_integrated,06326530,1.4089356400110156,0.5060200462750498,37
142,42,unmonitored_integrated,06332520,2.799742902832674,-1.6286690709766805,21
142,42,unmonitored_integrated,06339900,4.96989245298203,-2.5699893104755267,39
142,42,unmonitored_integrated,06340580,5.491684540775096,-3.6232599632982616,24
142,42,unmonitored_integrated,06340780,7.335737797633073,-5.426476195291887,27
142,42,unmonitored_integrated,06343000,6.2963919240687884,-4.394519715542327,47
142,42,unmonitored_integrated,06609500,1.1375356395784872,-0.3460725766613358,118
142,42,unmonitored_integrated,06710200,6.261644627744398,-6.2318488767372315,10
142,42,unmonitored_integrated,06719505,0.5058376357434761,0.49599668264167834,29
142,42,unmonitored_integrated,06753990,3.9952520196530363,-3.8151176464790844,63
142,42,unmonitored_integrated,06795500,2.6385506507849317,-2.4503725216471657,18
142,42,unmonitored_integrated,06801000,1.3722780233875174,1.203340805053694,22
142,42,unmonitored_integrated,06818000,1.0702016383494426,0.38812968025953815,37
142,42,unmonitored_integrated,06890900,0.6480566614542803,-0.055638423387671596,32
142,42,unmonitored_integrated,06893400,1.2630256596996903,0.19742116530045417,36
142,42,unmonitored_integrated,06893820,0.611641036154324,-0.3495492474157279,49
142,42,unmonitored_integrated,06893970,0.7470129393364329,-0.6239317063234697,50
142,42,unmonitored_integrated,06905500,2.1023235357502013,-0.8444166143469377,25
142,42,unmonitored_integrated,06923150,1.334618565460757,-0.9598163670322735,37
142,42,unmonitored_integrated,07055646,0.7268454533143214,0.6469129419426114,56
142,42,unmonitored_integrated,07083000,0.7480055713448471,0.634268195939994,27
142,42,unmonitored_integrated,07144780,2.6259034406300064,-0.7316457371664973,74
142,42,unmonitored_integrated,07231990,5.067254542990238,-5.063551762417537,15
142,42,unmonitored_residual,03025490,1.1355468556965487,-1.0323902406430248,35
142,42,unmonitored_residual,03040000,0.5677113437860213,0.42853061025291106,30
142,42,unmonitored_residual,03075001,0.521117632496193,0.2883482254446092,72
142,42,unmonitored_residual,03110983,2.1476653480660937,-2.010238843300376,33
142,42,unmonitored_residual,03144270,1.5308149979485184,-0.854134595844802,31
142,42,unmonitored_residual,03185400,0.2547879726609067,0.0699028514486147,24
142,42,unmonitored_residual,03207962,1.4519047629678032,-0.6207249891050829,21
142,42,unmonitored_residual,03209500,1.7120813205787806,-0.1474191996241844,31
142,42,unmonitored_residual,03216600,0.9154406721021277,-0.12358265552454026,120
142,42,unmonitored_residual,03280000,0.6847499148933551,-0.2329000994446254,45
142,42,unmonitored_residual,03281000,0.5579392436088176,-0.11214969912977836,35
142,42,unmonitored_residual,03353637,0.9058102313181052,-0.03181054401441859,101
142,42,unmonitored_residual,03453500,2.793725005764414,-2.484073104006059,38
142,42,unmonitored_residual,03459500,9.627212269305407,-9.627212269305407,19
142,42,unmonitored_residual,05320270,1.9356873282446765,-1.4345822095272407,39
142,42,unmonitored_residual,05325000,1.861192791962568,-1.5645970131647957,7
142,42,unmonitored_residual,05330902,1.518367291609503,1.4282283477643678,28
142,42,unmonitored_residual,05340500,2.175636974858887,0.3065112721949301,77
142,42,unmonitored_residual,05420680,1.3539959682437517,-0.04918758660537104,41
142,42,unmonitored_residual,05455100,1.3988252687775673,-0.8110332860283572,31
142,42,unmonitored_residual,05464935,0.6929349409314567,-0.1452883885170641,25
142,42,unmonitored_residual,05474000,1.3861441741564602,-0.6621494826656077,159
142,42,unmonitored_residual,05550000,1.4190857688534382,-1.2827242922490472,39
142,42,unmonitored_residual,06054500,1.375861195130455,-0.32678732180279396,26
142,42,unmonitored_residual,06057000,1.19876983666327,-1.19876983666327,24
142,42,unmonitored_residual,06183450,5.78546643961348,-5.530466899018654,22
142,42,unmonitored_residual,06296003,2.8167875514046252,-0.6990668200884325,30
142,42,unmonitored_residual,06307616,2.852215531027944,-0.22401088202992084,30
142,42,unmonitored_residual,06316400,2.5826399021546846,0.012686364301580714,38
142,42,unmonitored_residual,06324500,1.4013967327436991,0.7158454465281001,89
142,42,unmonitored_residual,06326500,1.635635779436812,0.29344878736818153,50
142,42,unmonitored_residual,06326530,1.4089356400110156,0.5060200462750498,37
142,42,unmonitored_residual,06332520,2.799742902832674,-1.6286690709766805,21
142,42,unmonitored_residual,06339900,4.96989245298203,-2.5699893104755267,39
142,42,unmonitored_residual,06340580,5.491684540775096,-3.6232599632982616,24
142,42,unmonitored_residual,06340780,7.335737797633073,-5.426476195291887,27
142,42,unmonitored_residual,06343000,6.2963919240687884,-4.394519715542327,47
142,42,unmonitored_residual,06609500,1.1375356395784872,-0.3460725766613358,118
142,42,unmonitored_residual,06710200,6.261644627744398,-6.2318488767372315,10
142,42,unmonitored_residual,06719505,0.5058376357434761,0.49599668264167834,29
142,42,unmonitored_residual,06753990,3.9952520196530363,-3.8151176464790844,63
142,42,unmonitored_residual,06795500,2.6385506507849317,-2.4503725216471657,18
142,42,unmonitored_residual,06801000,1.3722780233875174,1.203340805053694,22
142,42,unmonitored_residual,06818000,1.0702016383494426,0.38812968025953815,37
142,42,unmonitored_residual,06890900,0.6480566614542803,-0.055638423387671596,32
142,42,unmonitored_residual,06893400,1.2630256596996903,0.19742116530045417,36
142,42,unmonitored_residual,06893820,0.611641036154324,-0.3495492474157279,49
142,42,unmonitored_residual,06893970,0.7470129393364329,-0.6239317063234697,50
142,42,unmonitored_residual,06905500,2.1023235357502013,-0.8444166143469377,25
142,42,unmonitored_residual,06923150,1.334618565460757,-0.9598163670322735,37
142,42,unmonitored_residual,07055646,0.7268454533143214,0.6469129419426114,56
142,42,unmonitored_residual,07083000,0.7480055713448471,0.634268195939994,27
142,42,unmonitored_residual,07144780,2.6259034406300064,-0.7316457371664973,74
142,42,unmonitored_residual,07231990,5.067254542990238,-5.063551762417537,15
142,43,current_model,03025490,0.904497302219009,-0.23072113325409702,35
142,43,current_model,03040000,0.49684441659558615,0.2901343643724847,30
142,43,current_model,03075001,0.4748707876096614,0.10013681592058479,72
142,43,current_model,03110983,2.6420643548567226,-2.5762806502441964,33
142,43,current_model,03144270,1.7192022568729326,-1.4687835177850834,31
142,43,current_model,03185400,0.7486205772250707,-0.7486205772250707,24
142,43,current_model,03207962,1.6121494473520463,-1.0639681888804606,21
142,43,current_model,03209500,1.7284629428162235,-1.0401784144546669,31
142,43,current_model,03216600,0.9258015266343197,-0.1424362782798339,120
142,43,current_model,03280000,0.7796752948018645,-0.44250919010850437,45
142,43,current_model,03281000,0.5935083692425936,-0.2886379545515389,35
142,43,current_model,03353637,1.1991405355555451,0.5883124607206266,101
142,43,current_model,03453500,3.1291545221011474,-3.084462216336895,38
142,43,current_model,03459500,10.074545330377404,-10.074545330377404,19
142,43,current_model,05320270,2.1301807439237215,-1.8830271878184293,39
142,43,current_model,05325000,2.1931783824073254,-2.1229120854398773,7
142,43,current_model,05330902,2.570180598472501,2.56364543762666,28
142,43,current_model,05340500,3.019046916909903,1.944560470087096,77
142,43,current_model,05420680,1.3107501298835436,-0.2715621464515821,41
142,43,current_model,05455100,1.4452591512157644,-0.5380360030690793,31
142,43,current_model,05464935,0.8220897670843526,0.15252379921782525,25
142,43,current_model,05474000,1.3456395697568782,-0.5335614495016895,159
142,43,current_model,05550000,1.4039419800056585,-1.171852274123286,39
142,43,current_model,06054500,2.3748103906956017,-2.2618007779295173,26
142,43,current_model,06057000,0.7855093422101178,-0.4394214844434212,24
142,43,current_model,06183450,5.2846029916537445,-4.605149069978037,22
142,43,current_model,06296003,3.053259100204933,-0.6426953878378312,30
142,43,current_model,06307616,2.625436038290512,-0.4889599110721348,30
142,43,current_model,06316400,2.7901710629381085,-0.9639445491553978,38
142,43,current_model,06324500,1.2479565774394215,-0.15417395679552662,89
142,43,current_model,06326500,1.5532784524201957,-0.23329733471060415,50
142,43,current_model,06326530,2.059287940686642,1.3996341921079767,37
142,43,current_model,06332520,2.70735525165648,-1.4946486972259019,21
142,43,current_model,06339900,5.368389573082709,-2.877156516667976,39
142,43,current_model,06340580,5.171891077354192,-2.9374746406846195,24
142,43,current_model,06340780,6.766539112025458,-3.188335726313371,27
142,43,current_model,06343000,6.273021595257907,-4.0374843786611185,47
142,43,current_model,06609500,1.5301730358201933,0.15735073477923991,118
142,43,current_model,06710200,6.571548508111436,-6.571548508111436,10
142,43,current_model,06719505,0.40823078780111666,0.09911503649544642,29
142,43,current_model,06753990,3.7448785723584592,-3.321962843373566,63
142,43,current_model,06795500,2.5089373892197386,-2.2722508510754715,18
142,43,current_model,06801000,0.9667912054999572,0.7377825299050212,22
142,43,current_model,06818000,0.9901407647244398,-0.13541382929643947,37
142,43,current_model,06890900,0.7292998315286637,-0.004552429192515389,32
142,43,current_model,06893400,1.3268865474604987,-0.865941423122314,36
142,43,current_model,06893820,1.1087045175849495,0.9159167088811851,49
142,43,current_model,06893970,0.7860615416631567,0.12227941242877007,50
142,43,current_model,06905500,2.354599640136299,-0.8111783511176405,25
142,43,current_model,06923150,1.4299396041855366,-1.0268500299444832,37
142,43,current_model,07055646,0.6016605364602005,0.43193197872404676,56
142,43,current_model,07083000,0.6351110300328252,0.46215991404499046,27
142,43,current_model,07144780,2.852382159665348,-1.2224903027779888,74
142,43,current_model,07231990,4.29772213358146,-4.038611713154906,15
142,43,matched_daily_trees,03025490,1.1629874790193964,-1.0178018544657887,35
142,43,matched_daily_trees,03040000,0.8870056458424045,0.7454854601239231,30
142,43,matched_daily_trees,03075001,0.5424308593503755,0.2629022027258783,72
142,43,matched_daily_trees,03110983,2.3448718949668814,-2.2759373713375033,33
142,43,matched_daily_trees,03144270,1.6131346798594175,-1.1526263620246522,31
142,43,matched_daily_trees,03185400,0.2857272451853045,0.15634706567447956,24
142,43,matched_daily_trees,03207962,1.4364603052613953,-0.5742370043909057,21
142,43,matched_daily_trees,03209500,1.7207314740682709,-0.9552196866459548,31
142,43,matched_daily_trees,03216600,0.9114737085816816,-0.6056998814998713,120
142,43,matched_daily_trees,03280000,0.7919641720444559,-0.4633037610087613,45
142,43,matched_daily_trees,03281000,0.6065959522836455,-0.27164269712114714,35
142,43,matched_daily_trees,03353637,1.74253842003805,1.3219084479952194,101
142,43,matched_daily_trees,03453500,3.4630175073320086,-3.3830652455404184,38
142,43,matched_daily_trees,03459500,9.958082359332485,-9.958082359332485,19
142,43,matched_daily_trees,05320270,1.881727140046756,-1.4059893375882675,39
142,43,matched_daily_trees,05325000,2.019114602756571,-1.7586464006201017,7
142,43,matched_daily_trees,05330902,1.9462003823897456,1.8763410539810912,28
142,43,matched_daily_trees,05340500,2.305453290623091,-0.22963680247753115,77
142,43,matched_daily_trees,05420680,1.578036424274953,0.2308580439234485,41
142,43,matched_daily_trees,05455100,1.5322200961260597,-0.40990291445086036,31
142,43,matched_daily_trees,05464935,0.7525764933304933,-0.026310103707077648,25
142,43,matched_daily_trees,05474000,1.5206607224493822,-0.5583215595206983,159
142,43,matched_daily_trees,05550000,2.717368378984193,-2.713339403625313,39
142,43,matched_daily_trees,06054500,1.16446458120155,-0.475452467886145,26
142,43,matched_daily_trees,06057000,0.8498362301563848,-0.07429937662925869,24
142,43,matched_daily_trees,06183450,6.036911723389884,-5.826805923755935,22
142,43,matched_daily_trees,06296003,3.406901814110859,-1.649303901682756,30
142,43,matched_daily_trees,06307616,2.5729551111838536,-0.1504411652596803,30
142,43,matched_daily_trees,06316400,2.8914857310395834,-1.8289173483847012,38
142,43,matched_daily_trees,06324500,1.9715896102703148,1.3079752987800106,89
142,43,matched_daily_trees,06326500,1.8859609198609093,0.509034484984247,50
142,43,matched_daily_trees,06326530,2.571082303777021,2.181977170903158,37
142,43,matched_daily_trees,06332520,2.7579032710920295,-1.8815491636977582,21
142,43,matched_daily_trees,06339900,5.487886869797901,-4.328126856528674,39
142,43,matched_daily_trees,06340580,7.017108483192872,-6.406530403551287,24
142,43,matched_daily_trees,06340780,8.872079062370776,-7.753948158397342,27
142,43,matched_daily_trees,06343000,7.3593825330004075,-6.722083091361365,47
142,43,matched_daily_trees,06609500,2.0259682604110867,0.9916600447975834,118
142,43,matched_daily_trees,06710200,7.157698755062877,-7.157698755062877,10
142,43,matched_daily_trees,06719505,1.3183780397524463,1.2983637767095717,29
142,43,matched_daily_trees,06753990,3.5550378504858826,-3.2377139281031275,63
142,43,matched_daily_trees,06795500,2.41360174808636,-1.7003307442790307,18
142,43,matched_daily_trees,06801000,1.7374297274367436,1.685480823800509,22
142,43,matched_daily_trees,06818000,1.1559492900279893,0.2527284335117711,37
142,43,matched_daily_trees,06890900,0.46040079675052026,-0.11411685542235375,32
142,43,matched_daily_trees,06893400,1.219066266720086,-0.4347152496832538,36
142,43,matched_daily_trees,06893820,0.9012203741088056,0.6026023661945324,49
142,43,matched_daily_trees,06893970,0.9084821456411544,0.5253458321143138,50
142,43,matched_daily_trees,06905500,2.4395457145400146,-2.283070646934098,25
142,43,matched_daily_trees,06923150,1.2057983211717567,-0.562953560444521,37
142,43,matched_daily_trees,07055646,0.9638330213450422,0.9386688323620448,56
142,43,matched_daily_trees,07083000,1.4654839911337965,1.2970894212805137,27
142,43,matched_daily_trees,07144780,2.9332785357824194,-0.6115535078289687,74
142,43,matched_daily_trees,07231990,6.317654969556071,-6.317654969556071,15
142,43,nonlinear_native_integrated,03025490,0.8548764672629913,-0.35587637773823655,35
142,43,nonlinear_native_integrated,03040000,0.5796400883541722,0.456578222876313,30
142,43,nonlinear_native_integrated,03075001,0.5088638624717619,0.2273897166931763,72
142,43,nonlinear_native_integrated,03110983,2.617563936425311,-2.60973071293009,33
142,43,nonlinear_native_integrated,03144270,1.6755519625361042,-1.3517866112116237,31
142,43,nonlinear_native_integrated,03185400,0.3942282606122272,-0.38871484319948474,24
142,43,nonlinear_native_integrated,03207962,1.5142552400776317,-0.8308927005472955,21
142,43,nonlinear_native_integrated,03209500,1.636017493205682,-1.1342807770389298,31
142,43,nonlinear_native_integrated,03216600,0.9186136400479079,-0.21616155530568595,120
142,43,nonlinear_native_integrated,03280000,0.8979696248146732,-0.8640934360426644,45
142,43,nonlinear_native_integrated,03281000,0.7327047740897552,-0.6668985111885791,35
142,43,nonlinear_native_integrated,03353637,1.0562232135387,0.36554924072331935,101
142,43,nonlinear_native_integrated,03453500,2.99355428568057,-2.856360104401733,38
142,43,nonlinear_native_integrated,03459500,10.10066671628921,-10.10066671628921,19
142,43,nonlinear_native_integrated,05320270,2.2732305621488136,-2.018809124105424,39
142,43,nonlinear_native_integrated,05325000,1.5865338259618866,-1.465276692922332,7
142,43,nonlinear_native_integrated,05330902,1.105829306225882,0.9308091890267853,28
142,43,nonlinear_native_integrated,05340500,2.714448527523532,1.639217039031114,77
142,43,nonlinear_native_integrated,05420680,1.2776740707245684,-0.4656277705581097,41
142,43,nonlinear_native_integrated,05455100,1.465419824025102,-0.2229379842942131,31
142,43,nonlinear_native_integrated,05464935,0.8128489999554276,0.12708875706397596,25
142,43,nonlinear_native_integrated,05474000,1.3781757114974946,-0.2585844347556902,159
142,43,nonlinear_native_integrated,05550000,0.9390539677938202,-0.30031991082545173,39
142,43,nonlinear_native_integrated,06054500,2.3235030093447966,-2.3011612306296785,26
142,43,nonlinear_native_integrated,06057000,0.962123156700292,-0.9079524151033821,24
142,43,nonlinear_native_integrated,06183450,5.276328098096983,-4.995220793720494,22
142,43,nonlinear_native_integrated,06296003,3.2325341122948656,0.612574705844537,30
142,43,nonlinear_native_integrated,06307616,2.805352947272272,-0.11284389788480054,30
142,43,nonlinear_native_integrated,06316400,2.582488212116759,-0.02342047473983917,38
142,43,nonlinear_native_integrated,06324500,1.183684851164798,0.4256824962889501,89
142,43,nonlinear_native_integrated,06326500,1.6193033369200893,0.31562726293028087,50
142,43,nonlinear_native_integrated,06326530,1.2689598209406807,-0.15165833831371844,37
142,43,nonlinear_native_integrated,06332520,2.730495949308978,-0.3780360178468821,21
142,43,nonlinear_native_integrated,06339900,4.897041415712881,-2.348716761557514,39
142,43,nonlinear_native_integrated,06340580,5.371547158078773,-3.3543749358877775,24
142,43,nonlinear_native_integrated,06340780,7.215389676853413,-5.18045248013074,27
142,43,nonlinear_native_integrated,06343000,5.73302788166296,-3.8190202019542157,47
142,43,nonlinear_native_integrated,06609500,1.1571191105919736,-0.7656354680983399,118
142,43,nonlinear_native_integrated,06710200,5.205499608437548,-4.228137373170971,10
142,43,nonlinear_native_integrated,06719505,0.4862679188364605,0.4858377561842099,29
142,43,nonlinear_native_integrated,06753990,3.6908893585610447,-3.092881189796645,63
142,43,nonlinear_native_integrated,06795500,2.2367295584797873,-1.3523278952265843,18
142,43,nonlinear_native_integrated,06801000,1.1276569058519188,0.9624151538525682,22
142,43,nonlinear_native_integrated,06818000,1.1430830169822208,0.320971524925803,37
142,43,nonlinear_native_integrated,06890900,0.7291217275506242,0.40194227876490607,32
142,43,nonlinear_native_integrated,06893400,1.3297303278208021,-0.9440940500421053,36
142,43,nonlinear_native_integrated,06893820,0.9254347309036183,0.6451321870063169,49
142,43,nonlinear_native_integrated,06893970,0.7415908794358864,0.08155147130683302,50
142,43,nonlinear_native_integrated,06905500,2.192334663629303,-0.44354208035856824,25
142,43,nonlinear_native_integrated,06923150,1.2866058263633093,-0.9623838931531371,37
142,43,nonlinear_native_integrated,07055646,0.546107669976886,0.4408243121661089,56
142,43,nonlinear_native_integrated,07083000,0.9175733662963365,0.7886760291018171,27
142,43,nonlinear_native_integrated,07144780,2.5929122891071246,-1.0055866591839235,74
142,43,nonlinear_native_integrated,07231990,4.48069039184882,-4.386243122309167,15
142,43,nonlinear_native_residual,03025490,0.8548764672629913,-0.35587637773823655,35
142,43,nonlinear_native_residual,03040000,0.5796400883541722,0.456578222876313,30
142,43,nonlinear_native_residual,03075001,0.5088638624717619,0.2273897166931763,72
142,43,nonlinear_native_residual,03110983,2.617563936425311,-2.60973071293009,33
142,43,nonlinear_native_residual,03144270,1.6755519625361042,-1.3517866112116237,31
142,43,nonlinear_native_residual,03185400,0.3942282606122272,-0.38871484319948474,24
142,43,nonlinear_native_residual,03207962,1.5142552400776317,-0.8308927005472955,21
142,43,nonlinear_native_residual,03209500,1.636017493205682,-1.1342807770389298,31
142,43,nonlinear_native_residual,03216600,0.9186136400479079,-0.21616155530568595,120
142,43,nonlinear_native_residual,03280000,0.8979696248146732,-0.8640934360426644,45
142,43,nonlinear_native_residual,03281000,0.7327047740897552,-0.6668985111885791,35
142,43,nonlinear_native_residual,03353637,1.0562232135387,0.36554924072331935,101
142,43,nonlinear_native_residual,03453500,2.99355428568057,-2.856360104401733,38
142,43,nonlinear_native_residual,03459500,10.10066671628921,-10.10066671628921,19
142,43,nonlinear_native_residual,05320270,2.2732305621488136,-2.018809124105424,39
142,43,nonlinear_native_residual,05325000,1.5865338259618866,-1.465276692922332,7
142,43,nonlinear_native_residual,05330902,1.105829306225882,0.9308091890267853,28
142,43,nonlinear_native_residual,05340500,2.714448527523532,1.639217039031114,77
142,43,nonlinear_native_residual,05420680,1.2776740707245684,-0.4656277705581097,41
142,43,nonlinear_native_residual,05455100,1.465419824025102,-0.2229379842942131,31
142,43,nonlinear_native_residual,05464935,0.8128489999554276,0.12708875706397596,25
142,43,nonlinear_native_residual,05474000,1.3781757114974946,-0.2585844347556902,159
142,43,nonlinear_native_residual,05550000,0.9390539677938202,-0.30031991082545173,39
142,43,nonlinear_native_residual,06054500,2.3235030093447966,-2.3011612306296785,26
142,43,nonlinear_native_residual,06057000,0.962123156700292,-0.9079524151033821,24
142,43,nonlinear_native_residual,06183450,5.276328098096983,-4.995220793720494,22
142,43,nonlinear_native_residual,06296003,3.2325341122948656,0.612574705844537,30
142,43,nonlinear_native_residual,06307616,2.805352947272272,-0.11284389788480054,30
142,43,nonlinear_native_residual,06316400,2.582488212116759,-0.02342047473983917,38
142,43,nonlinear_native_residual,06324500,1.183684851164798,0.4256824962889501,89
142,43,nonlinear_native_residual,06326500,1.6193033369200893,0.31562726293028087,50
142,43,nonlinear_native_residual,06326530,1.2689598209406807,-0.15165833831371844,37
142,43,nonlinear_native_residual,06332520,2.730495949308978,-0.3780360178468821,21
142,43,nonlinear_native_residual,06339900,4.897041415712881,-2.348716761557514,39
142,43,nonlinear_native_residual,06340580,5.371547158078773,-3.3543749358877775,24
142,43,nonlinear_native_residual,06340780,7.215389676853413,-5.18045248013074,27
142,43,nonlinear_native_residual,06343000,5.73302788166296,-3.8190202019542157,47
142,43,nonlinear_native_residual,06609500,1.1571191105919736,-0.7656354680983399,118
142,43,nonlinear_native_residual,06710200,5.205499608437548,-4.228137373170971,10
142,43,nonlinear_native_residual,06719505,0.4862679188364605,0.4858377561842099,29
142,43,nonlinear_native_residual,06753990,3.6908893585610447,-3.092881189796645,63
142,43,nonlinear_native_residual,06795500,2.2367295584797873,-1.3523278952265843,18
142,43,nonlinear_native_residual,06801000,1.1276569058519188,0.9624151538525682,22
142,43,nonlinear_native_residual,06818000,1.1430830169822208,0.320971524925803,37
142,43,nonlinear_native_residual,06890900,0.7291217275506242,0.40194227876490607,32
142,43,nonlinear_native_residual,06893400,1.3297303278208021,-0.9440940500421053,36
142,43,nonlinear_native_residual,06893820,0.9254347309036183,0.6451321870063169,49
142,43,nonlinear_native_residual,06893970,0.7415908794358864,0.08155147130683302,50
142,43,nonlinear_native_residual,06905500,2.192334663629303,-0.44354208035856824,25
142,43,nonlinear_native_residual,06923150,1.2866058263633093,-0.9623838931531371,37
142,43,nonlinear_native_residual,07055646,0.546107669976886,0.4408243121661089,56
142,43,nonlinear_native_residual,07083000,0.9175733662963365,0.7886760291018171,27
142,43,nonlinear_native_residual,07144780,2.5929122891071246,-1.0055866591839235,74
142,43,nonlinear_native_residual,07231990,4.48069039184882,-4.386243122309167,15
142,43,station_hidden_trees,03025490,1.2072208480798485,-1.1165792602324818,35
142,43,station_hidden_trees,03040000,0.7759979816303876,0.638489219884597,30
142,43,station_hidden_trees,03075001,0.5107409748893471,0.22756088250303946,72
142,43,station_hidden_trees,03110983,2.339919195525551,-2.2792865370671853,33
142,43,station_hidden_trees,03144270,1.5741258480371318,-1.0448571488325988,31
142,43,station_hidden_trees,03185400,0.24084428590737592,0.01674110310193579,24
142,43,station_hidden_trees,03207962,1.4893785756406328,-0.8530077015587578,21
142,43,station_hidden_trees,03209500,1.6705667149298002,-1.1122770669492579,31
142,43,station_hidden_trees,03216600,0.8973947501376731,-0.5685947941671474,120
142,43,station_hidden_trees,03280000,0.7946965705279947,-0.6990097863709244,45
142,43,station_hidden_trees,03281000,0.5773443279553666,-0.4039686546242616,35
142,43,station_hidden_trees,03353637,1.1391009688800904,0.5132900938438092,101
142,43,station_hidden_trees,03453500,3.5976695024574346,-3.504113724235729,38
142,43,station_hidden_trees,03459500,10.213216717684585,-10.213216717684585,19
142,43,station_hidden_trees,05320270,1.8692860509864107,-1.2579793468157643,39
142,43,station_hidden_trees,05325000,1.8183129159576796,-1.4242243088864044,7
142,43,station_hidden_trees,05330902,1.388871897828849,1.3066966711877537,28
142,43,station_hidden_trees,05340500,2.1390982926232147,-0.5816935736077805,77
142,43,station_hidden_trees,05420680,1.4286982646430353,0.22873786132172005,41
142,43,station_hidden_trees,05455100,1.4552269094549464,-0.6682523757803196,31
142,43,station_hidden_trees,05464935,0.7397216333198884,-0.08505577603376803,25
142,43,station_hidden_trees,05474000,1.518527353202488,-0.8702395656912301,159
142,43,station_hidden_trees,05550000,2.3979622696114133,-2.391120828891036,39
142,43,station_hidden_trees,06054500,1.147291815444749,-0.5707512760267766,26
142,43,station_hidden_trees,06057000,0.79139259172538,-0.2834149372127317,24
142,43,station_hidden_trees,06183450,5.8233645425925396,-5.652376266844391,22
142,43,station_hidden_trees,06296003,3.124146342945051,-0.5177337692524835,30
142,43,station_hidden_trees,06307616,2.715553468694105,-0.21549576465856482,30
142,43,station_hidden_trees,06316400,2.5036562280577335,-0.9165425376111699,38
142,43,station_hidden_trees,06324500,2.2063149537381497,1.7641306306549964,89
142,43,station_hidden_trees,06326500,2.1878452746396437,0.899405668119795,50
142,43,station_hidden_trees,06326530,1.3571099014941348,0.36900821081956947,37
142,43,station_hidden_trees,06332520,2.9374407977314783,-2.0907265528926873,21
142,43,station_hidden_trees,06339900,4.933715418943798,-3.3151810464604776,39
142,43,station_hidden_trees,06340580,6.318741160348607,-5.447031093798601,24
142,43,station_hidden_trees,06340780,8.362931081433132,-6.981175282257589,27
142,43,station_hidden_trees,06343000,6.793392711047017,-5.83166134524577,47
142,43,station_hidden_trees,06609500,1.4555894823346283,0.23085225294477804,118
142,43,station_hidden_trees,06710200,7.0998116247273675,-7.0998116247273675,10
142,43,station_hidden_trees,06719505,1.2382779395113257,1.2382779395113257,29
142,43,station_hidden_trees,06753990,3.3551141558699418,-2.817959284783814,63
142,43,station_hidden_trees,06795500,2.40763705752258,-1.7450321113690797,18
142,43,station_hidden_trees,06801000,1.5408217727707858,1.437647971085177,22
142,43,station_hidden_trees,06818000,1.1957651653111445,0.5979787366303149,37
142,43,station_hidden_trees,06890900,0.4575383479741496,-0.26657817508676396,32
142,43,station_hidden_trees,06893400,1.192745354359608,-0.4254668915724814,36
142,43,station_hidden_trees,06893820,0.676106977644729,0.2503497761097626,49
142,43,station_hidden_trees,06893970,0.7653422481965971,0.25628957497969507,50
142,43,station_hidden_trees,06905500,2.3378550919087773,-2.0668030436196956,25
142,43,station_hidden_trees,06923150,1.1657588117909976,-0.6184839311894385,37
142,43,station_hidden_trees,07055646,0.8240778504683341,0.7874216547849829,56
142,43,station_hidden_trees,07083000,1.5541421808124039,1.377557902524016,27
142,43,station_hidden_trees,07144780,2.767304870483984,-0.8435462896491089,74
142,43,station_hidden_trees,07231990,6.4999150926765985,-6.4999150926765985,15
142,43,unmonitored_integrated,03025490,0.8774023346570298,-0.34914601368805254,35
142,43,unmonitored_integrated,03040000,0.5959760666317276,0.4679710088576105,30
142,43,unmonitored_integrated,03075001,0.5218237985621964,0.2601446119446276,72
142,43,unmonitored_integrated,03110983,2.403145552449282,-2.3436026665484357,33
142,43,unmonitored_integrated,03144270,1.6043606366349896,-1.2620545016726532,31
142,43,unmonitored_integrated,03185400,0.42844184018248094,-0.42095535504900733,24
142,43,unmonitored_integrated,03207962,1.5795467030825363,-1.0135837211722736,21
142,43,unmonitored_integrated,03209500,1.6409765150913287,-0.9127242747346795,31
142,43,unmonitored_integrated,03216600,0.9213362303441796,-0.11791029455072319,120
142,43,unmonitored_integrated,03280000,0.9480738266452735,-0.90387516103539,45
142,43,unmonitored_integrated,03281000,0.7131718574132099,-0.6339914298996283,35
142,43,unmonitored_integrated,03353637,0.908203387067146,0.0037161019077770925,101
142,43,unmonitored_integrated,03453500,2.9959017646020194,-2.7877247302901687,38
142,43,unmonitored_integrated,03459500,9.80482459694367,-9.80482459694367,19
142,43,unmonitored_integrated,05320270,2.0370748380439743,-1.5858217583292762,39
142,43,unmonitored_integrated,05325000,1.7439740173627893,-1.4837599820406562,7
142,43,unmonitored_integrated,05330902,1.2813669203833318,1.1816167852643171,28
142,43,unmonitored_integrated,05340500,2.8256822277385423,1.914585926139756,77
142,43,unmonitored_integrated,05420680,1.2348692933823036,-0.15931694114691705,41
142,43,unmonitored_integrated,05455100,1.3869809147613394,-0.5405702224044401,31
142,43,unmonitored_integrated,05464935,0.7847821971459689,0.1832925792595059,25
142,43,unmonitored_integrated,05474000,1.3390208439887656,-0.6622398326664322,159
142,43,unmonitored_integrated,05550000,0.9753353774883278,-0.47416116413054454,39
142,43,unmonitored_integrated,06054500,2.5237798633867783,-2.511670119320559,26
142,43,unmonitored_integrated,06057000,1.1279230561402105,-1.1279230561402105,24
142,43,unmonitored_integrated,06183450,5.389459927646419,-5.036249289937138,22
142,43,unmonitored_integrated,06296003,3.119189123972509,0.4718844054792479,30
142,43,unmonitored_integrated,06307616,2.9613144037423678,0.04697308545737018,30
142,43,unmonitored_integrated,06316400,2.4821849501936923,-0.2687472027606829,38
142,43,unmonitored_integrated,06324500,1.4810245663383623,0.9650339377573658,89
142,43,unmonitored_integrated,06326500,1.6989677785687323,0.49543044749916293,50
142,43,unmonitored_integrated,06326530,1.2898703333080366,0.09106102953755824,37
142,43,unmonitored_integrated,06332520,2.983673763461964,-2.1795323366100923,21
142,43,unmonitored_integrated,06339900,4.953751201221021,-2.1870760296053846,39
142,43,unmonitored_integrated,06340580,5.679826222873154,-3.482014202239636,24
142,43,unmonitored_integrated,06340780,7.0490965630438165,-4.575946362804498,27
142,43,unmonitored_integrated,06343000,5.9383255455693345,-4.020860819509468,47
142,43,unmonitored_integrated,06609500,1.1472876209584177,-0.6414064617553712,118
142,43,unmonitored_integrated,06710200,5.827187256387004,-5.595530342302441,10
142,43,unmonitored_integrated,06719505,0.3258848956604911,0.24783870334723265,29
142,43,unmonitored_integrated,06753990,3.3423131385489526,-2.4609079700864345,63
142,43,unmonitored_integrated,06795500,2.271250084378986,-1.6502811159317754,18
142,43,unmonitored_integrated,06801000,1.0326881723727779,0.8519953677406932,22
142,43,unmonitored_integrated,06818000,1.1291148898782575,0.46689302990661197,37
142,43,unmonitored_integrated,06890900,0.7445424267795882,0.2837602604820828,32
142,43,unmonitored_integrated,06893400,1.2062113788308575,0.016949739940690378,36
142,43,unmonitored_integrated,06893820,0.7427400524634563,0.36395252801375877,49
142,43,unmonitored_integrated,06893970,0.7066884930227844,-0.2503294853578484,50
142,43,unmonitored_integrated,06905500,2.203343387578505,-0.6952128536859188,25
142,43,unmonitored_integrated,06923150,1.337428408396955,-0.9862267628320017,37
142,43,unmonitored_integrated,07055646,0.5301342733026382,0.28593644394159873,56
142,43,unmonitored_integrated,07083000,1.0458901807211514,0.9334856910178259,27
142,43,unmonitored_integrated,07144780,2.5420832787904044,-1.0350088450962491,74
142,43,unmonitored_integrated,07231990,4.963131618490157,-4.911285107820946,15
142,43,unmonitored_residual,03025490,0.8774023346570298,-0.34914601368805254,35
142,43,unmonitored_residual,03040000,0.5959760666317276,0.4679710088576105,30
142,43,unmonitored_residual,03075001,0.5218237985621964,0.2601446119446276,72
142,43,unmonitored_residual,03110983,2.403145552449282,-2.3436026665484357,33
142,43,unmonitored_residual,03144270,1.6043606366349896,-1.2620545016726532,31
142,43,unmonitored_residual,03185400,0.42844184018248094,-0.42095535504900733,24
142,43,unmonitored_residual,03207962,1.5795467030825363,-1.0135837211722736,21
142,43,unmonitored_residual,03209500,1.6409765150913287,-0.9127242747346795,31
142,43,unmonitored_residual,03216600,0.9213362303441796,-0.11791029455072319,120
142,43,unmonitored_residual,03280000,0.9480738266452735,-0.90387516103539,45
142,43,unmonitored_residual,03281000,0.7131718574132099,-0.6339914298996283,35
142,43,unmonitored_residual,03353637,0.908203387067146,0.0037161019077770925,101
142,43,unmonitored_residual,03453500,2.9959017646020194,-2.7877247302901687,38
142,43,unmonitored_residual,03459500,9.80482459694367,-9.80482459694367,19
142,43,unmonitored_residual,05320270,2.0370748380439743,-1.5858217583292762,39
142,43,unmonitored_residual,05325000,1.7439740173627893,-1.4837599820406562,7
142,43,unmonitored_residual,05330902,1.2813669203833318,1.1816167852643171,28
142,43,unmonitored_residual,05340500,2.8256822277385423,1.914585926139756,77
142,43,unmonitored_residual,05420680,1.2348692933823036,-0.15931694114691705,41
142,43,unmonitored_residual,05455100,1.3869809147613394,-0.5405702224044401,31
142,43,unmonitored_residual,05464935,0.7847821971459689,0.1832925792595059,25
142,43,unmonitored_residual,05474000,1.3390208439887656,-0.6622398326664322,159
142,43,unmonitored_residual,05550000,0.9753353774883278,-0.47416116413054454,39
142,43,unmonitored_residual,06054500,2.5237798633867783,-2.511670119320559,26
142,43,unmonitored_residual,06057000,1.1279230561402105,-1.1279230561402105,24
142,43,unmonitored_residual,06183450,5.389459927646419,-5.036249289937138,22
142,43,unmonitored_residual,06296003,3.119189123972509,0.4718844054792479,30
142,43,unmonitored_residual,06307616,2.9613144037423678,0.04697308545737018,30
142,43,unmonitored_residual,06316400,2.4821849501936923,-0.2687472027606829,38
142,43,unmonitored_residual,06324500,1.4810245663383623,0.9650339377573658,89
142,43,unmonitored_residual,06326500,1.6989677785687323,0.49543044749916293,50
142,43,unmonitored_residual,06326530,1.2898703333080366,0.09106102953755824,37
142,43,unmonitored_residual,06332520,2.983673763461964,-2.1795323366100923,21
142,43,unmonitored_residual,06339900,4.953751201221021,-2.1870760296053846,39
142,43,unmonitored_residual,06340580,5.679826222873154,-3.482014202239636,24
142,43,unmonitored_residual,06340780,7.0490965630438165,-4.575946362804498,27
142,43,unmonitored_residual,06343000,5.9383255455693345,-4.020860819509468,47
142,43,unmonitored_residual,06609500,1.1472876209584177,-0.6414064617553712,118
142,43,unmonitored_residual,06710200,5.827187256387004,-5.595530342302441,10
142,43,unmonitored_residual,06719505,0.3258848956604911,0.24783870334723265,29
142,43,unmonitored_residual,06753990,3.3423131385489526,-2.4609079700864345,63
142,43,unmonitored_residual,06795500,2.271250084378986,-1.6502811159317754,18
142,43,unmonitored_residual,06801000,1.0326881723727779,0.8519953677406932,22
142,43,unmonitored_residual,06818000,1.1291148898782575,0.46689302990661197,37
142,43,unmonitored_residual,06890900,0.7445424267795882,0.2837602604820828,32
142,43,unmonitored_residual,06893400,1.2062113788308575,0.016949739940690378,36
142,43,unmonitored_residual,06893820,0.7427400524634563,0.36395252801375877,49
142,43,unmonitored_residual,06893970,0.7066884930227844,-0.2503294853578484,50
142,43,unmonitored_residual,06905500,2.203343387578505,-0.6952128536859188,25
142,43,unmonitored_residual,06923150,1.337428408396955,-0.9862267628320017,37
142,43,unmonitored_residual,07055646,0.5301342733026382,0.28593644394159873,56
142,43,unmonitored_residual,07083000,1.0458901807211514,0.9334856910178259,27
142,43,unmonitored_residual,07144780,2.5420832787904044,-1.0350088450962491,74
142,43,unmonitored_residual,07231990,4.963131618490157,-4.911285107820946,15
142,44,current_model,03025490,0.9899132331987088,-0.5144869759438145,35
142,44,current_model,03040000,0.43836702158306756,0.1616072231094634,30
142,44,current_model,03075001,0.46830065820467176,0.10850111305987585,72
142,44,current_model,03110983,2.5825733633530996,-2.517347544043458,33
142,44,current_model,03144270,1.7871078350492227,-1.5435009450910409,31
142,44,current_model,03185400,0.509313717962771,-0.5087753667402573,24
142,44,current_model,03207962,1.6072541546042474,0.33677355252618146,21
142,44,current_model,03209500,1.704584138820335,-1.2699938253026928,31
142,44,current_model,03216600,0.94078692052133,-0.23177361698449506,120
142,44,current_model,03280000,0.7119549367570411,-0.4483357542842832,45
142,44,current_model,03281000,0.5477515491561232,-0.15279045557657597,35
142,44,current_model,03353637,1.2850614492307748,0.7674266352017084,101
142,44,current_model,03453500,2.6771865278714753,-2.1737483125975707,38
142,44,current_model,03459500,8.764895694700119,-8.764895694700119,19
142,44,current_model,05320270,2.3637257617270593,-2.1667544124783276,39
142,44,current_model,05325000,2.0418466798856043,-1.8447726961164925,7
142,44,current_model,05330902,2.889486714078462,2.889486714078462,28
142,44,current_model,05340500,2.5636108737268923,1.035879320030212,77
142,44,current_model,05420680,1.3228546022207812,-0.16861692676070586,41
142,44,current_model,05455100,1.5930101359654645,-1.0552775289829277,31
142,44,current_model,05464935,0.8579818602585676,0.2019198271256492,25
142,44,current_model,05474000,1.4227897194380712,-0.7432803959749759,159
142,44,current_model,05550000,1.3968889319947368,-1.161505443577936,39
142,44,current_model,06054500,2.323475517052694,-2.1364475886858667,26
142,44,current_model,06057000,0.90479700552302,-0.6751253270496883,24
142,44,current_model,06183450,5.753081639135075,-5.429934326486144,22
142,44,current_model,06296003,3.0206248653727243,0.2820084538578223,30
142,44,current_model,06307616,2.641727604229805,-0.6711192081495927,30
142,44,current_model,06316400,2.8425393959977767,-0.7697710136097734,38
142,44,current_model,06324500,1.349708284919535,0.04169622815895546,89
142,44,current_model,06326500,1.4884639246578595,-0.226063261057975,50
142,44,current_model,06326530,1.4275147736596403,0.24922034055597425,37
142,44,current_model,06332520,2.692285814332879,-1.4299544240027844,21
142,44,current_model,06339900,5.530626031013009,-3.035747981822897,39
142,44,current_model,06340580,5.581799548891723,-4.018436473167739,24
142,44,current_model,06340780,7.50329783031537,-5.365167695665245,27
142,44,current_model,06343000,6.277293390787567,-4.3585740569902605,47
142,44,current_model,06609500,1.5669120550865863,0.19688606019962174,118
142,44,current_model,06710200,5.897633116059576,-5.7271673049286065,10
142,44,current_model,06719505,0.4885024228798851,0.33135015936940665,29
142,44,current_model,06753990,3.6930680577374955,-2.8683755988422863,63
142,44,current_model,06795500,2.6325543477568667,-2.5176092460817237,18
142,44,current_model,06801000,1.1340094953555484,0.8454309333867421,22
142,44,current_model,06818000,0.9953036092391359,-0.3947683643822783,37
142,44,current_model,06890900,1.001496796487491,-0.8430518799044633,32
142,44,current_model,06893400,1.4626983458496783,-1.1353150446567628,36
142,44,current_model,06893820,0.7404858075872544,0.3677871048102489,49
142,44,current_model,06893970,0.7077913013971753,0.013920223032325083,50
142,44,current_model,06905500,2.3686551269324583,-1.3911359053442232,25
142,44,current_model,06923150,1.2937994064927674,-0.8690408829666446,37
142,44,current_model,07055646,0.9373329313035023,0.8983358539436238,56
142,44,current_model,07083000,0.7651019693303021,0.5435980502287671,27
142,44,current_model,07144780,2.864055600552677,-0.7854791192317979,74
142,44,current_model,07231990,3.7899159599325074,-3.561296647299002,15
142,44,matched_daily_trees,03025490,1.2606777100078153,-1.1570831910590667,35
142,44,matched_daily_trees,03040000,0.9378977297836246,0.7954018987247926,30
142,44,matched_daily_trees,03075001,0.5404842350481427,0.2459403911771446,72
142,44,matched_daily_trees,03110983,2.3452607330817146,-2.2668391502156413,33
142,44,matched_daily_trees,03144270,1.5853522542276601,-1.1148487023950424,31
142,44,matched_daily_trees,03185400,0.3235699763309662,0.20250408442899295,24
142,44,matched_daily_trees,03207962,1.4421727205958692,-0.6221164316796983,21
142,44,matched_daily_trees,03209500,1.7242723903671267,-1.0190908115623913,31
142,44,matched_daily_trees,03216600,0.9119639435637004,-0.6048826637921914,120
142,44,matched_daily_trees,03280000,0.8195736496954603,-0.5022942903480168,45
142,44,matched_daily_trees,03281000,0.6166289593804345,-0.19436220275128377,35
142,44,matched_daily_trees,03353637,1.7802097266109698,1.3709436270337643,101
142,44,matched_daily_trees,03453500,3.3589431922454787,-3.2281948516238903,38
142,44,matched_daily_trees,03459500,9.943570951390322,-9.943570951390322,19
142,44,matched_daily_trees,05320270,1.9704124119922948,-1.6828953319646227,39
142,44,matched_daily_trees,05325000,2.059340482460327,-1.7435857417130767,7
142,44,matched_daily_trees,05330902,1.6605448616557388,1.520649499816516,28
142,44,matched_daily_trees,05340500,2.254208391497318,-0.5439996907948328,77
142,44,matched_daily_trees,05420680,1.619355677241788,0.30506342731549446,41
142,44,matched_daily_trees,05455100,1.5038747882700432,-0.5972495824899455,31
142,44,matched_daily_trees,05464935,0.7466163882669159,-0.14974208476353254,25
142,44,matched_daily_trees,05474000,1.513495724043251,-0.736685811177173,159
142,44,matched_daily_trees,05550000,2.604394120614189,-2.5984592091679257,39
142,44,matched_daily_trees,06054500,1.171814004337961,-0.15099391628689998,26
142,44,matched_daily_trees,06057000,0.8918229694995906,0.1933948062044788,24
142,44,matched_daily_trees,06183450,6.283399419333201,-6.0970139258785885,22
142,44,matched_daily_trees,06296003,3.3449496680927524,-1.6815081152815834,30
142,44,matched_daily_trees,06307616,2.6566018952115322,0.010231564951349121,30
142,44,matched_daily_trees,06316400,2.9297759780603996,-1.8789577127384132,38
142,44,matched_daily_trees,06324500,2.0204195447328988,1.3764428553630657,89
142,44,matched_daily_trees,06326500,1.9765111698708313,0.6524967099055907,50
142,44,matched_daily_trees,06326530,2.5011493094424724,2.073327798232434,37
142,44,matched_daily_trees,06332520,2.784918908395128,-1.7853113436761432,21
142,44,matched_daily_trees,06339900,5.422164380700501,-4.2365096258377,39
142,44,matched_daily_trees,06340580,6.9594354628565505,-6.239686820967477,24
142,44,matched_daily_trees,06340780,8.64479116728951,-7.43557666458084,27
142,44,matched_daily_trees,06343000,7.364335089369132,-6.715256921508735,47
142,44,matched_daily_trees,06609500,2.0623595018533916,1.0317304458603342,118
142,44,matched_daily_trees,06710200,7.071633548195463,-7.071633548195463,10
142,44,matched_daily_trees,06719505,1.3316168565684199,1.3100016092816296,29
142,44,matched_daily_trees,06753990,3.5178690859782353,-3.030328173369412,63
142,44,matched_daily_trees,06795500,2.334261786962569,-1.4058203157128273,18
142,44,matched_daily_trees,06801000,1.8001188428676727,1.745813037633736,22
142,44,matched_daily_trees,06818000,1.1980665177328422,0.30272717320087905,37
142,44,matched_daily_trees,06890900,0.4509998031497062,-0.050191853458228464,32
142,44,matched_daily_trees,06893400,1.2131516466926908,-0.3271384705240161,36
142,44,matched_daily_trees,06893820,0.9883596495110262,0.7184632190791782,49
142,44,matched_daily_trees,06893970,0.9394773176304212,0.5652220795119954,50
142,44,matched_daily_trees,06905500,2.4715361604681068,-2.316548522974527,25
142,44,matched_daily_trees,06923150,1.2052934387724097,-0.5336782519815028,37
142,44,matched_daily_trees,07055646,1.0395120804501914,1.0180506758333636,56
142,44,matched_daily_trees,07083000,1.4437060887489195,1.2692351472256678,27
142,44,matched_daily_trees,07144780,2.9783110813547324,-0.4658230730940734,74
142,44,matched_daily_trees,07231990,5.980486800834438,-5.980486800834438,15
142,44,nonlinear_native_integrated,03025490,1.258017511509352,-1.1797185474444527,35
142,44,nonlinear_native_integrated,03040000,0.4314472167128656,0.09339887432815727,30
142,44,nonlinear_native_integrated,03075001,0.413021031132044,0.02937424677664893,72
142,44,nonlinear_native_integrated,03110983,2.4726453564784276,-2.4259116046815166,33
142,44,nonlinear_native_integrated,03144270,1.7288414100209775,-1.394040458728695,31
142,44,nonlinear_native_integrated,03185400,0.4246893040367596,-0.42440558012990853,24
142,44,nonlinear_native_integrated,03207962,1.5758482874325739,0.09592210770326477,21
142,44,nonlinear_native_integrated,03209500,1.619002380486702,-1.3186800093097655,31
142,44,nonlinear_native_integrated,03216600,0.8903108563252257,-0.4080480146605672,120
142,44,nonlinear_native_integrated,03280000,0.807232060416247,-0.6436747325590525,45
142,44,nonlinear_native_integrated,03281000,0.5579332778130646,-0.3811775265830644,35
142,44,nonlinear_native_integrated,03353637,0.995129374677124,0.30055876263271025,101
142,44,nonlinear_native_integrated,03453500,2.876139020139846,-2.59580990439586,38
142,44,nonlinear_native_integrated,03459500,9.086819276226118,-9.086819276226118,19
142,44,nonlinear_native_integrated,05320270,2.0383827559049155,-1.4600244288755821,39
142,44,nonlinear_native_integrated,05325000,1.4725164719596884,-1.1389133150503203,7
142,44,nonlinear_native_integrated,05330902,2.481726306050089,2.471360239658078,28
142,44,nonlinear_native_integrated,05340500,2.187062521523595,0.5959992105221741,77
142,44,nonlinear_native_integrated,05420680,1.1877032311936095,-0.14309929016370226,41
142,44,nonlinear_native_integrated,05455100,1.4089098195360057,-1.0317175625215975,31
142,44,nonlinear_native_integrated,05464935,0.73309094124979,-0.2383073598733406,25
142,44,nonlinear_native_integrated,05474000,1.3895851521158398,-0.7290075253414217,159
142,44,nonlinear_native_integrated,05550000,1.1038402058905745,-0.7253558414286375,39
142,44,nonlinear_native_integrated,06054500,1.966458911669515,-1.891211597602155,26
142,44,nonlinear_native_integrated,06057000,1.1834855238912567,-1.1834855238912567,24
142,44,nonlinear_native_integrated,06183450,5.816548876100496,-5.547718845258688,22
142,44,nonlinear_native_integrated,06296003,2.7022177044926305,-0.338200088238679,30
142,44,nonlinear_native_integrated,06307616,2.693456480272769,-0.5844836453260368,30
142,44,nonlinear_native_integrated,06316400,2.662154270384994,0.247110080165746,38
142,44,nonlinear_native_integrated,06324500,1.4344179241659105,0.769495087591943,89
142,44,nonlinear_native_integrated,06326500,1.6750228561492906,0.43001827027478073,50
142,44,nonlinear_native_integrated,06326530,1.264295794581601,-0.980660038982558,37
142,44,nonlinear_native_integrated,06332520,2.722470338437286,0.14464357700138217,21
142,44,nonlinear_native_integrated,06339900,5.201364565277084,-2.524709917720043,39
142,44,nonlinear_native_integrated,06340580,5.719777083334624,-3.9304205488805963,24
142,44,nonlinear_native_integrated,06340780,7.539389196941086,-5.902967955236834,27
142,44,nonlinear_native_integrated,06343000,6.2614674675641435,-4.349427772716847,47
142,44,nonlinear_native_integrated,06609500,1.227975602560503,-0.7183678951840803,118
142,44,nonlinear_native_integrated,06710200,5.970063367119121,-5.532272352123375,10
142,44,nonlinear_native_integrated,06719505,0.9342966098784674,0.9342966098784674,29
142,44,nonlinear_native_integrated,06753990,3.74964240014218,-2.874520783342475,63
142,44,nonlinear_native_integrated,06795500,2.4904460722313693,-2.2620163769065544,18
142,44,nonlinear_native_integrated,06801000,1.0874384122617384,0.8534079489945223,22
142,44,nonlinear_native_integrated,06818000,1.020359193747312,-0.18415788584785867,37
142,44,nonlinear_native_integrated,06890900,0.8288072351191114,-0.5493519489782864,32
142,44,nonlinear_native_integrated,06893400,1.1869520131839266,-0.24559764129576772,36
142,44,nonlinear_native_integrated,06893820,0.633324046510785,0.14734926254390066,49
142,44,nonlinear_native_integrated,06893970,0.6456240082133892,-0.03532097651100973,50
142,44,nonlinear_native_integrated,06905500,2.2883099698413925,-1.5526917344774744,25
142,44,nonlinear_native_integrated,06923150,1.1794210326492196,-0.8077787029543625,37
142,44,nonlinear_native_integrated,07055646,0.7142500012454011,0.6579052388958271,56
142,44,nonlinear_native_integrated,07083000,1.1877882788586929,1.0925272493640092,27
142,44,nonlinear_native_integrated,07144780,2.4546664033065864,-0.8454294871379606,74
142,44,nonlinear_native_integrated,07231990,4.812094251642373,-4.77344725192964,15
142,44,nonlinear_native_residual,03025490,1.258017511509352,-1.1797185474444527,35
142,44,nonlinear_native_residual,03040000,0.4314472167128656,0.09339887432815727,30
142,44,nonlinear_native_residual,03075001,0.413021031132044,0.02937424677664893,72
142,44,nonlinear_native_residual,03110983,2.4726453564784276,-2.4259116046815166,33
142,44,nonlinear_native_residual,03144270,1.7288414100209775,-1.394040458728695,31
142,44,nonlinear_native_residual,03185400,0.4246893040367596,-0.42440558012990853,24
142,44,nonlinear_native_residual,03207962,1.5758482874325739,0.09592210770326477,21
142,44,nonlinear_native_residual,03209500,1.619002380486702,-1.3186800093097655,31
142,44,nonlinear_native_residual,03216600,0.8903108563252257,-0.4080480146605672,120
142,44,nonlinear_native_residual,03280000,0.807232060416247,-0.6436747325590525,45
142,44,nonlinear_native_residual,03281000,0.5579332778130646,-0.3811775265830644,35
142,44,nonlinear_native_residual,03353637,0.995129374677124,0.30055876263271025,101
142,44,nonlinear_native_residual,03453500,2.876139020139846,-2.59580990439586,38
142,44,nonlinear_native_residual,03459500,9.086819276226118,-9.086819276226118,19
142,44,nonlinear_native_residual,05320270,2.0383827559049155,-1.4600244288755821,39
142,44,nonlinear_native_residual,05325000,1.4725164719596884,-1.1389133150503203,7
142,44,nonlinear_native_residual,05330902,2.481726306050089,2.471360239658078,28
142,44,nonlinear_native_residual,05340500,2.187062521523595,0.5959992105221741,77
142,44,nonlinear_native_residual,05420680,1.1877032311936095,-0.14309929016370226,41
142,44,nonlinear_native_residual,05455100,1.4089098195360057,-1.0317175625215975,31
142,44,nonlinear_native_residual,05464935,0.73309094124979,-0.2383073598733406,25
142,44,nonlinear_native_residual,05474000,1.3895851521158398,-0.7290075253414217,159
142,44,nonlinear_native_residual,05550000,1.1038402058905745,-0.7253558414286375,39
142,44,nonlinear_native_residual,06054500,1.966458911669515,-1.891211597602155,26
142,44,nonlinear_native_residual,06057000,1.1834855238912567,-1.1834855238912567,24
142,44,nonlinear_native_residual,06183450,5.816548876100496,-5.547718845258688,22
142,44,nonlinear_native_residual,06296003,2.7022177044926305,-0.338200088238679,30
142,44,nonlinear_native_residual,06307616,2.693456480272769,-0.5844836453260368,30
142,44,nonlinear_native_residual,06316400,2.662154270384994,0.247110080165746,38
142,44,nonlinear_native_residual,06324500,1.4344179241659105,0.769495087591943,89
142,44,nonlinear_native_residual,06326500,1.6750228561492906,0.43001827027478073,50
142,44,nonlinear_native_residual,06326530,1.264295794581601,-0.980660038982558,37
142,44,nonlinear_native_residual,06332520,2.722470338437286,0.14464357700138217,21
142,44,nonlinear_native_residual,06339900,5.201364565277084,-2.524709917720043,39
142,44,nonlinear_native_residual,06340580,5.719777083334624,-3.9304205488805963,24
142,44,nonlinear_native_residual,06340780,7.539389196941086,-5.902967955236834,27
142,44,nonlinear_native_residual,06343000,6.2614674675641435,-4.349427772716847,47
142,44,nonlinear_native_residual,06609500,1.227975602560503,-0.7183678951840803,118
142,44,nonlinear_native_residual,06710200,5.970063367119121,-5.532272352123375,10
142,44,nonlinear_native_residual,06719505,0.9342966098784674,0.9342966098784674,29
142,44,nonlinear_native_residual,06753990,3.74964240014218,-2.874520783342475,63
142,44,nonlinear_native_residual,06795500,2.4904460722313693,-2.2620163769065544,18
142,44,nonlinear_native_residual,06801000,1.0874384122617384,0.8534079489945223,22
142,44,nonlinear_native_residual,06818000,1.020359193747312,-0.18415788584785867,37
142,44,nonlinear_native_residual,06890900,0.8288072351191114,-0.5493519489782864,32
142,44,nonlinear_native_residual,06893400,1.1869520131839266,-0.24559764129576772,36
142,44,nonlinear_native_residual,06893820,0.633324046510785,0.14734926254390066,49
142,44,nonlinear_native_residual,06893970,0.6456240082133892,-0.03532097651100973,50
142,44,nonlinear_native_residual,06905500,2.2883099698413925,-1.5526917344774744,25
142,44,nonlinear_native_residual,06923150,1.1794210326492196,-0.8077787029543625,37
142,44,nonlinear_native_residual,07055646,0.7142500012454011,0.6579052388958271,56
142,44,nonlinear_native_residual,07083000,1.1877882788586929,1.0925272493640092,27
142,44,nonlinear_native_residual,07144780,2.4546664033065864,-0.8454294871379606,74
142,44,nonlinear_native_residual,07231990,4.812094251642373,-4.77344725192964,15
142,44,station_hidden_trees,03025490,1.2231410495815507,-1.1448263319711411,35
142,44,station_hidden_trees,03040000,0.7913814169538193,0.6619726978993624,30
142,44,station_hidden_trees,03075001,0.5528979969499989,0.31504570401100507,72
142,44,station_hidden_trees,03110983,2.22766028613262,-2.1220661451426377,33
142,44,station_hidden_trees,03144270,1.56782648580089,-0.9772571525818731,31
142,44,station_hidden_trees,03185400,0.2514062862830502,0.05479968551130395,24
142,44,station_hidden_trees,03207962,1.4897633084795803,-0.8620830424559353,21
142,44,station_hidden_trees,03209500,1.6691832811122587,-1.0933672973383441,31
142,44,station_hidden_trees,03216600,0.903077097009826,-0.5636324836945934,120
142,44,station_hidden_trees,03280000,0.7523520800139178,-0.6320368991757042,45
142,44,station_hidden_trees,03281000,0.5672023735204657,-0.36361578221669105,35
142,44,station_hidden_trees,03353637,1.1119254698602015,0.49450464881266265,101
142,44,station_hidden_trees,03453500,3.4877224080025937,-3.397422102748674,38
142,44,station_hidden_trees,03459500,10.042847860813065,-10.042847860813065,19
142,44,station_hidden_trees,05320270,1.8760387799247753,-1.175730613190958,39
142,44,station_hidden_trees,05325000,1.760585569018802,-1.4088310692406287,7
142,44,station_hidden_trees,05330902,1.4092556083710812,1.2863335876114659,28
142,44,station_hidden_trees,05340500,2.206928018753199,-0.6148131979065133,77
142,44,station_hidden_trees,05420680,1.4180554952290894,0.238558735194806,41
142,44,station_hidden_trees,05455100,1.3938146411810155,-0.5929219940400291,31
142,44,station_hidden_trees,05464935,0.7371831632032186,-0.04070772355704106,25
142,44,station_hidden_trees,05474000,1.5132407996514734,-0.6860945314801649,159
142,44,station_hidden_trees,05550000,2.3291683158995093,-2.3291683158995093,39
142,44,station_hidden_trees,06054500,1.21089673764333,-0.49771395969363685,26
142,44,station_hidden_trees,06057000,0.8761493466574096,0.028498698242697646,24
142,44,station_hidden_trees,06183450,5.9489506374099985,-5.773060374082117,22
142,44,station_hidden_trees,06296003,2.809428923915604,-1.3899693413535386,30
142,44,station_hidden_trees,06307616,2.5230665288147507,-0.5337315648457787,30
142,44,station_hidden_trees,06316400,2.5434513978141995,-0.7594494133446005,38
142,44,station_hidden_trees,06324500,2.3483321397302848,1.7765986766518742,89
142,44,station_hidden_trees,06326500,2.2795605856766348,1.055368948837899,50
142,44,station_hidden_trees,06326530,1.2575654934079625,0.37543172131774316,37
142,44,station_hidden_trees,06332520,2.5124415836477967,-1.3383519274233031,21
142,44,station_hidden_trees,06339900,5.059209169744818,-3.3242891783520565,39
142,44,station_hidden_trees,06340580,6.154552949902712,-5.143870310152073,24
142,44,station_hidden_trees,06340780,7.939826515310778,-6.595047353603973,27
142,44,station_hidden_trees,06343000,6.899045198089887,-5.582126191075386,47
142,44,station_hidden_trees,06609500,1.4674460794393533,0.2621260790722331,118
142,44,station_hidden_trees,06710200,6.903388298893089,-6.903388298893089,10
142,44,station_hidden_trees,06719505,1.4072032748878818,1.4072032748878818,29
142,44,station_hidden_trees,06753990,3.411182767913764,-2.9486220145068773,63
142,44,station_hidden_trees,06795500,2.397905133108924,-1.7007592272963,18
142,44,station_hidden_trees,06801000,1.6116011392879495,1.518828819883839,22
142,44,station_hidden_trees,06818000,1.1213440071500238,0.4574564642648502,37
142,44,station_hidden_trees,06890900,0.45708887812414406,-0.19652931691510578,32
142,44,station_hidden_trees,06893400,1.2149686454049202,-0.11284749168645364,36
142,44,station_hidden_trees,06893820,0.6333441853972719,0.1517750039719158,49
142,44,station_hidden_trees,06893970,0.7386055430000852,0.18457250052653928,50
142,44,station_hidden_trees,06905500,2.3631241605858526,-2.162696412846043,25
142,44,station_hidden_trees,06923150,1.141685139743375,-0.5343585583770785,37
142,44,station_hidden_trees,07055646,0.8317629035883055,0.7948101142445483,56
142,44,station_hidden_trees,07083000,1.5650631259997114,1.3871757934680202,27
142,44,station_hidden_trees,07144780,2.7697448168475165,-0.6392540478768591,74
142,44,station_hidden_trees,07231990,6.598911913845738,-6.598911913845738,15
142,44,unmonitored_integrated,03025490,1.2584377835403526,-1.1843657437415873,35
142,44,unmonitored_integrated,03040000,0.4380705253265201,0.14132103157601847,30
142,44,unmonitored_integrated,03075001,0.4581739540885415,0.14724482557770135,72
142,44,unmonitored_integrated,03110983,2.4321617874858488,-2.4013329210387897,33
142,44,unmonitored_integrated,03144270,1.6996210915593426,-1.3569488476553124,31
142,44,unmonitored_integrated,03185400,0.3651340057366102,-0.35878188013204637,24
142,44,unmonitored_integrated,03207962,1.6029478826159917,0.33048064743442673,21
142,44,unmonitored_integrated,03209500,1.595560657871979,-1.0907505154767927,31
142,44,unmonitored_integrated,03216600,0.8981980034747415,-0.31662519155804336,120
142,44,unmonitored_integrated,03280000,0.7200660860250535,-0.4330876377520899,45
142,44,unmonitored_integrated,03281000,0.5203047990480946,-0.19281122192577543,35
142,44,unmonitored_integrated,03353637,0.9858219319699261,0.2486340163335662,101
142,44,unmonitored_integrated,03453500,2.683107513617521,-2.187575860270654,38
142,44,unmonitored_integrated,03459500,8.761056203603669,-8.761056203603669,19
142,44,unmonitored_integrated,05320270,2.0387342009658838,-1.6097667736997496,39
142,44,unmonitored_integrated,05325000,1.6446803048923988,-1.2470092414160021,7
142,44,unmonitored_integrated,05330902,2.0162641371053556,1.9625021704127739,28
142,44,unmonitored_integrated,05340500,2.363921695042001,0.855383149438492,77
142,44,unmonitored_integrated,05420680,1.1646183820808726,-0.278926535490733,41
142,44,unmonitored_integrated,05455100,1.47008886739405,-1.0916574637158623,31
142,44,unmonitored_integrated,05464935,0.7294295594984911,-0.14997698476819799,25
142,44,unmonitored_integrated,05474000,1.3939745223273456,-0.7437341970772422,159
142,44,unmonitored_integrated,05550000,1.0329427635320603,-0.7332896277108102,39
142,44,unmonitored_integrated,06054500,2.0852429644135504,-1.9997640362333367,26
142,44,unmonitored_integrated,06057000,0.8625059787452364,-0.7854357918419504,24
142,44,unmonitored_integrated,06183450,5.928066070046302,-5.705119554412264,22
142,44,unmonitored_integrated,06296003,2.6717168365297934,-0.39639821042216083,30
142,44,unmonitored_integrated,06307616,2.6996475536836897,-0.5925704038055127,30
142,44,unmonitored_integrated,06316400,2.564122633689176,-0.040846973269730136,38
142,44,unmonitored_integrated,06324500,1.5054848788050337,0.817792006161264,89
142,44,unmonitored_integrated,06326500,1.7170389725755069,0.42917883772232385,50
142,44,unmonitored_integrated,06326530,1.1875274501121957,-0.6723865930670265,37
142,44,unmonitored_integrated,06332520,2.5735109458442658,-0.5308565945237556,21
142,44,unmonitored_integrated,06339900,5.232654742723994,-2.619911525322572,39
142,44,unmonitored_integrated,06340580,5.78190427614977,-4.195892879033585,24
142,44,unmonitored_integrated,06340780,7.5985006230770935,-6.006828917544949,27
142,44,unmonitored_integrated,06343000,6.335971084647917,-4.521251162703575,47
142,44,unmonitored_integrated,06609500,1.2405765315083355,-0.7333612328142957,118
142,44,unmonitored_integrated,06710200,6.1332217898276316,-5.885814876699562,10
142,44,unmonitored_integrated,06719505,0.711799247845164,0.711799247845164,29
142,44,unmonitored_integrated,06753990,3.6025968700058772,-2.8235295221123735,63
142,44,unmonitored_integrated,06795500,2.509724927526192,-2.307478482950648,18
142,44,unmonitored_integrated,06801000,1.1604030493786908,0.9538993304988412,22
142,44,unmonitored_integrated,06818000,0.9954264563420285,-0.0973952819721056,37
142,44,unmonitored_integrated,06890900,0.7272656742663541,-0.5284584802239204,32
142,44,unmonitored_integrated,06893400,1.1968922253676373,-0.16317273697248125,36
142,44,unmonitored_integrated,06893820,0.5981926644951664,0.03378433495680507,49
142,44,unmonitored_integrated,06893970,0.6457592809738815,-0.09831903702057222,50
142,44,unmonitored_integrated,06905500,2.2795359885086133,-1.4774288481916926,25
142,44,unmonitored_integrated,06923150,1.2065795656776797,-0.795505900697308,37
142,44,unmonitored_integrated,07055646,0.7863836483823814,0.7627810692970944,56
142,44,unmonitored_integrated,07083000,0.9665306868570526,0.8064173901711965,27
142,44,unmonitored_integrated,07144780,2.552722903723669,-0.8650937358916017,74
142,44,unmonitored_integrated,07231990,4.649154115050779,-4.502587549501458,15
142,44,unmonitored_residual,03025490,1.2584377835403526,-1.1843657437415873,35
142,44,unmonitored_residual,03040000,0.4380705253265201,0.14132103157601847,30
142,44,unmonitored_residual,03075001,0.4581739540885415,0.14724482557770135,72
142,44,unmonitored_residual,03110983,2.4321617874858488,-2.4013329210387897,33
142,44,unmonitored_residual,03144270,1.6996210915593426,-1.3569488476553124,31
142,44,unmonitored_residual,03185400,0.3651340057366102,-0.35878188013204637,24
142,44,unmonitored_residual,03207962,1.6029478826159917,0.33048064743442673,21
142,44,unmonitored_residual,03209500,1.595560657871979,-1.0907505154767927,31
142,44,unmonitored_residual,03216600,0.8981980034747415,-0.31662519155804336,120
142,44,unmonitored_residual,03280000,0.7200660860250535,-0.4330876377520899,45
142,44,unmonitored_residual,03281000,0.5203047990480946,-0.19281122192577543,35
142,44,unmonitored_residual,03353637,0.9858219319699261,0.2486340163335662,101
142,44,unmonitored_residual,03453500,2.683107513617521,-2.187575860270654,38
142,44,unmonitored_residual,03459500,8.761056203603669,-8.761056203603669,19
142,44,unmonitored_residual,05320270,2.0387342009658838,-1.6097667736997496,39
142,44,unmonitored_residual,05325000,1.6446803048923988,-1.2470092414160021,7
142,44,unmonitored_residual,05330902,2.0162641371053556,1.9625021704127739,28
142,44,unmonitored_residual,05340500,2.363921695042001,0.855383149438492,77
142,44,unmonitored_residual,05420680,1.1646183820808726,-0.278926535490733,41
142,44,unmonitored_residual,05455100,1.47008886739405,-1.0916574637158623,31
142,44,unmonitored_residual,05464935,0.7294295594984911,-0.14997698476819799,25
142,44,unmonitored_residual,05474000,1.3939745223273456,-0.7437341970772422,159
142,44,unmonitored_residual,05550000,1.0329427635320603,-0.7332896277108102,39
142,44,unmonitored_residual,06054500,2.0852429644135504,-1.9997640362333367,26
142,44,unmonitored_residual,06057000,0.8625059787452364,-0.7854357918419504,24
142,44,unmonitored_residual,06183450,5.928066070046302,-5.705119554412264,22
142,44,unmonitored_residual,06296003,2.6717168365297934,-0.39639821042216083,30
142,44,unmonitored_residual,06307616,2.6996475536836897,-0.5925704038055127,30
142,44,unmonitored_residual,06316400,2.564122633689176,-0.040846973269730136,38
142,44,unmonitored_residual,06324500,1.5054848788050337,0.817792006161264,89
142,44,unmonitored_residual,06326500,1.7170389725755069,0.42917883772232385,50
142,44,unmonitored_residual,06326530,1.1875274501121957,-0.6723865930670265,37
142,44,unmonitored_residual,06332520,2.5735109458442658,-0.5308565945237556,21
142,44,unmonitored_residual,06339900,5.232654742723994,-2.619911525322572,39
142,44,unmonitored_residual,06340580,5.78190427614977,-4.195892879033585,24
142,44,unmonitored_residual,06340780,7.5985006230770935,-6.006828917544949,27
142,44,unmonitored_residual,06343000,6.335971084647917,-4.521251162703575,47
142,44,unmonitored_residual,06609500,1.2405765315083355,-0.7333612328142957,118
142,44,unmonitored_residual,06710200,6.1332217898276316,-5.885814876699562,10
142,44,unmonitored_residual,06719505,0.711799247845164,0.711799247845164,29
142,44,unmonitored_residual,06753990,3.6025968700058772,-2.8235295221123735,63
142,44,unmonitored_residual,06795500,2.509724927526192,-2.307478482950648,18
142,44,unmonitored_residual,06801000,1.1604030493786908,0.9538993304988412,22
142,44,unmonitored_residual,06818000,0.9954264563420285,-0.0973952819721056,37
142,44,unmonitored_residual,06890900,0.7272656742663541,-0.5284584802239204,32
142,44,unmonitored_residual,06893400,1.1968922253676373,-0.16317273697248125,36
142,44,unmonitored_residual,06893820,0.5981926644951664,0.03378433495680507,49
142,44,unmonitored_residual,06893970,0.6457592809738815,-0.09831903702057222,50
142,44,unmonitored_residual,06905500,2.2795359885086133,-1.4774288481916926,25
142,44,unmonitored_residual,06923150,1.2065795656776797,-0.795505900697308,37
142,44,unmonitored_residual,07055646,0.7863836483823814,0.7627810692970944,56
142,44,unmonitored_residual,07083000,0.9665306868570526,0.8064173901711965,27
142,44,unmonitored_residual,07144780,2.552722903723669,-0.8650937358916017,74
142,44,unmonitored_residual,07231990,4.649154115050779,-4.502587549501458,15
143,42,current_model,03037525,0.5984470881850182,-0.5440865401625834,30
143,42,current_model,03049652,0.44593058928915386,0.05113871678285107,44
143,42,current_model,03072000,0.7579962264264906,-0.5086594496681746,30
143,42,current_model,03144270,1.5867323487440652,-1.10331069251423,31
143,42,current_model,03201722,1.1219570727265447,-0.18404157563874518,36
143,42,current_model,03207962,1.5881828754959444,-1.1608440811385154,21
143,42,current_model,03353600,1.1568667648592876,-0.8816975710232483,26
143,42,current_model,03353637,0.905804955127565,-0.3397121596577394,101
143,42,current_model,03373530,2.2778149627677515,-0.1028334365161957,27
143,42,current_model,03460000,3.3569692784768863,-3.2394398110668883,72
143,42,current_model,03524550,1.3073431367570985,-0.5042076714763363,24
143,42,current_model,03575100,2.8521157720950896,2.836230256175689,24
143,42,current_model,05322000,1.6905805618667697,-1.5102357684186678,38
143,42,current_model,05331580,1.1130319304700693,-0.46527476075704,186
143,42,current_model,05418600,1.0525954920172043,0.07481684380665186,118
143,42,current_model,05449500,1.316495500428409,-1.1746450947072342,56
143,42,current_model,05457750,0.7917164357436403,-0.10786388002827334,19
143,42,current_model,05463050,1.5963586241137693,-1.2546665121713234,22
143,42,current_model,05531500,4.6290051784029,-4.462756911995853,19
143,42,current_model,05568000,0.7348549418099476,0.684052983143558,37
143,42,current_model,06177825,3.1955947469466115,-2.4961297295456877,25
143,42,current_model,06185500,1.0411571871456464,-0.7390589241988391,91
143,42,current_model,06214500,1.443706263940183,0.872734397667839,49
143,42,current_model,06295000,1.4816449801590785,-0.379705734490698,66
143,42,current_model,06296003,3.263574831874041,-0.665614223577105,30
143,42,current_model,06306300,2.5710789833489702,1.4655629934959544,61
143,42,current_model,06307740,2.107515507847109,-0.19480247420498717,25
143,42,current_model,06331850,7.259328415314499,6.123572575020239,41
143,42,current_model,06335750,4.755205329584115,-2.0891497616986263,45
143,42,current_model,06336600,4.564325730583798,-1.115862116685653,39
143,42,current_model,06338490,1.5836061683707174,-1.5329111043575905,107
143,42,current_model,06364700,7.088970845943149,0.5042157319736522,35
143,42,current_model,06440000,3.164434951998173,-3.1521701193472715,35
143,42,current_model,06485500,2.1554822641422318,-1.1491163768074686,89
143,42,current_model,06611200,5.300415118407905,-5.211715995721175,24
143,42,current_model,06719505,0.972209527563089,0.9636215807501981,29
143,42,current_model,06720500,4.0890166431691455,-4.0890166431691455,56
143,42,current_model,06721500,1.161511648168829,-1.0476043457258168,32
143,42,current_model,06731000,0.8688602592553488,0.739232974626683,30
143,42,current_model,06734900,0.5913229634123375,-0.5025867019846121,32
143,42,current_model,06775900,2.0609056251319458,1.9903153305882204,200
143,42,current_model,06891500,1.5341007780688718,1.2761497985152288,33
143,42,current_model,06892350,0.9881479811124866,-0.5479788032172843,190
143,42,current_model,06893390,1.6846187968244677,-0.024138566508294056,25
143,42,current_model,06893890,0.5650881209920176,-0.08341340943160913,49
143,42,current_model,06893940,1.5543449223293502,1.373552455262719,36
143,42,current_model,06930800,1.6722809706572384,-0.8360725713711223,29
143,42,current_model,07053250,1.7113353535543532,1.3932076933956041,49
143,42,current_model,07055814,1.6746108384964171,-1.1768428379467724,10
143,42,current_model,07065495,0.6977903694103683,-0.09207752906751625,37
143,42,current_model,07196500,1.7298363073356666,1.6785697962773294,28
143,42,current_model,07221500,2.4199151848884712,1.2359543558413848,55
143,42,current_model,07231975,2.7522601379988427,0.17587190640421885,16
143,42,current_model,401733105392404,0.6354772134852522,-0.5860886755865196,409
143,42,matched_daily_trees,03037525,0.5758076638568055,0.38340566584356656,30
143,42,matched_daily_trees,03049652,0.4333461051468144,-0.05050466519777063,44
143,42,matched_daily_trees,03072000,0.6194886871442364,0.013178382308426613,30
143,42,matched_daily_trees,03144270,1.6863136614889265,-0.21867155826493562,31
143,42,matched_daily_trees,03201722,1.131598687276415,-0.053317997200045215,36
143,42,matched_daily_trees,03207962,1.4712039087914892,-0.6338555913890752,21
143,42,matched_daily_trees,03353600,1.3847944861827024,0.660388627250012,26
143,42,matched_daily_trees,03353637,1.7311422245695607,1.296758739540156,101
143,42,matched_daily_trees,03373530,3.242657072007109,1.2070642458455028,27
143,42,matched_daily_trees,03460000,2.9257317468703032,-2.145880256952588,72
143,42,matched_daily_trees,03524550,1.6434319092040166,0.05100339967201958,24
143,42,matched_daily_trees,03575100,2.8674921536728406,2.8443703677444483,24
143,42,matched_daily_trees,05322000,1.3434214902402979,-0.867169468352369,38
143,42,matched_daily_trees,05331580,1.0466019459819245,-0.623476920593549,186
143,42,matched_daily_trees,05418600,1.4945505378521657,0.9052445158449879,118
143,42,matched_daily_trees,05449500,1.0956516029073238,-0.5538335828370579,56
143,42,matched_daily_trees,05457750,0.8623873061211773,0.22007719022893366,19
143,42,matched_daily_trees,05463050,1.52652207726742,-1.134433613753673,22
143,42,matched_daily_trees,05531500,4.586632629834454,-4.5235887132532895,19
143,42,matched_daily_trees,05568000,1.2666553545108752,1.2646124760342576,37
143,42,matched_daily_trees,06177825,2.761568643945091,-0.3285601290017749,25
143,42,matched_daily_trees,06185500,1.5005157087225922,0.6152058166681336,91
143,42,matched_daily_trees,06214500,1.9159242967727965,1.697528352686978,49
143,42,matched_daily_trees,06295000,1.7491103513433202,0.19394971752296508,66
143,42,matched_daily_trees,06296003,3.3695722225307634,-1.8688295937425927,30
143,42,matched_daily_trees,06306300,2.4647131394340214,1.178229695834309,61
143,42,matched_daily_trees,06307740,2.1242445362053806,-0.907710271759412,25
143,42,matched_daily_trees,06331850,5.452982990643063,3.811991145122297,41
143,42,matched_daily_trees,06335750,6.756189981145861,-5.57416937514949,45
143,42,matched_daily_trees,06336600,4.417502291812611,-0.6696070766629666,39
143,42,matched_daily_trees,06338490,1.2324398185264482,-0.06017120575591368,107
143,42,matched_daily_trees,06364700,5.66617462863712,-1.9980735759816233,35
143,42,matched_daily_trees,06440000,2.837910546707716,-1.966036159155528,35
143,42,matched_daily_trees,06485500,2.3375220529645806,-1.1971878408636993,89
143,42,matched_daily_trees,06611200,5.199042813903499,-5.13191246145969,24
143,42,matched_daily_trees,06719505,1.1959558406258082,1.152233371500654,29
143,42,matched_daily_trees,06720500,4.544124541585309,-4.544124541585309,56
143,42,matched_daily_trees,06721500,1.0847207866634199,-0.9428774469949356,32
143,42,matched_daily_trees,06731000,0.4292170839330858,-0.13505632829961392,30
143,42,matched_daily_trees,06734900,0.5564630706333581,-0.3872614812209851,32
143,42,matched_daily_trees,06775900,3.1625564274988385,3.124994640378501,200
143,42,matched_daily_trees,06891500,0.7844017658514335,-0.0679137736294924,33
143,42,matched_daily_trees,06892350,0.7505655281009703,-0.3264730760604536,190
143,42,matched_daily_trees,06893390,1.4037259643709659,-0.5515520946590253,25
143,42,matched_daily_trees,06893890,0.6341116339266359,0.36709123409855193,49
143,42,matched_daily_trees,06893940,1.1778922998306989,0.8665751416885545,36
143,42,matched_daily_trees,06930800,1.6897758596002321,-0.9017730916880496,29
143,42,matched_daily_trees,07053250,2.128839710452379,1.8359916439341946,49
143,42,matched_daily_trees,07055814,1.5441181227279048,-0.8481180253490603,10
143,42,matched_daily_trees,07065495,1.0935993996452162,0.5926973085087156,37
143,42,matched_daily_trees,07196500,1.7638380474169562,1.729335309196134,28
143,42,matched_daily_trees,07221500,2.1036211287575344,0.7355350188147204,55
143,42,matched_daily_trees,07231975,2.8960854451899767,-2.5054770947386964,16
143,42,matched_daily_trees,401733105392404,0.5276057177529498,-0.4881078054614852,409
143,42,nonlinear_native_integrated,03037525,0.4881521123750779,-0.3045085771226958,30
143,42,nonlinear_native_integrated,03049652,0.419981584996278,-0.1309085575960018,44
143,42,nonlinear_native_integrated,03072000,0.6394194360567035,-0.47016139107977395,30
143,42,nonlinear_native_integrated,03144270,1.5888022562671984,-1.0530628561313784,31
143,42,nonlinear_native_integrated,03201722,1.0743152844844737,-0.1767560885491598,36
143,42,nonlinear_native_integrated,03207962,1.5931664770596872,-1.1209132736507588,21
143,42,nonlinear_native_integrated,03353600,1.1138123520225065,0.05383281214316142,26
143,42,nonlinear_native_integrated,03353637,1.2954075655533113,0.7559971777879009,101
143,42,nonlinear_native_integrated,03373530,2.3256044370145807,-0.15076226387034433,27
143,42,nonlinear_native_integrated,03460000,3.21503049528765,-3.072988247576276,72
143,42,nonlinear_native_integrated,03524550,1.2561165350620709,-0.45275877271549386,24
143,42,nonlinear_native_integrated,03575100,2.347554263494629,2.291495779662881,24
143,42,nonlinear_native_integrated,05322000,1.910441489896399,-1.7554089874885812,38
143,42,nonlinear_native_integrated,05331580,1.0261977290090372,-0.48870123105830776,186
143,42,nonlinear_native_integrated,05418600,0.9832007963833437,-0.13721385926470867,118
143,42,nonlinear_native_integrated,05449500,1.3783977063326454,-1.2973740791057575,56
143,42,nonlinear_native_integrated,05457750,0.7444821249580034,-0.15382888290490832,19
143,42,nonlinear_native_integrated,05463050,1.4284589418287503,-0.884613093573355,22
143,42,nonlinear_native_integrated,05531500,4.257543468938716,-4.009189013197489,19
143,42,nonlinear_native_integrated,05568000,0.7176271880742922,0.6623916993539443,37
143,42,nonlinear_native_integrated,06177825,2.9367361789243414,-1.6143056179419626,25
143,42,nonlinear_native_integrated,06185500,1.0547222527958366,-0.4153824631454621,91
143,42,nonlinear_native_integrated,06214500,1.476639238835206,1.1154157881204252,49
143,42,nonlinear_native_integrated,06295000,1.518634821413941,-0.2211904968899768,66
143,42,nonlinear_native_integrated,06296003,2.93810217764621,-1.1660207984337336,30
143,42,nonlinear_native_integrated,06306300,2.2198296255930354,1.0630484265955364,61
143,42,nonlinear_native_integrated,06307740,1.9127902733032491,-0.3664519523533012,25
143,42,nonlinear_native_integrated,06331850,7.308414535716736,6.356387277232421,41
143,42,nonlinear_native_integrated,06335750,4.880617037346297,-2.9035651546374677,45
143,42,nonlinear_native_integrated,06336600,4.2569546348831375,-0.36833996974516087,39
143,42,nonlinear_native_integrated,06338490,1.205876940749527,-0.9739904149180133,107
143,42,nonlinear_native_integrated,06364700,6.517025059916535,-0.09572203542045495,35
143,42,nonlinear_native_integrated,06440000,2.9668718972597414,-2.8512611863184643,35
143,42,nonlinear_native_integrated,06485500,2.147378895045594,-0.9897613879359382,89
143,42,nonlinear_native_integrated,06611200,5.417429709290502,-5.417429709290502,24
143,42,nonlinear_native_integrated,06719505,1.206838987840448,1.206838987840448,29
143,42,nonlinear_native_integrated,06720500,4.1275668873768305,-4.1275668873768305,56
143,42,nonlinear_native_integrated,06721500,1.074609485198806,-0.972037201408679,32
143,42,nonlinear_native_integrated,06731000,0.422949484326869,0.07459832356775938,30
143,42,nonlinear_native_integrated,06734900,0.6801199440857575,-0.6136136081710503,32
143,42,nonlinear_native_integrated,06775900,1.9195881190035013,1.817355968681114,200
143,42,nonlinear_native_integrated,06891500,1.066517235438265,0.5527368942157569,33
143,42,nonlinear_native_integrated,06892350,0.8638423489020917,-0.372744662581537,190
143,42,nonlinear_native_integrated,06893390,1.563812853185891,-0.26346054331965874,25
143,42,nonlinear_native_integrated,06893890,0.49393922671642554,-0.14696931190555348,49
143,42,nonlinear_native_integrated,06893940,1.210792558446863,0.9432084517324486,36
143,42,nonlinear_native_integrated,06930800,1.686088119754193,-1.0984803787776953,29
143,42,nonlinear_native_integrated,07053250,1.833954889639055,1.520447066396312,49
143,42,nonlinear_native_integrated,07055814,1.749459440632273,-1.4386355273971108,10
143,42,nonlinear_native_integrated,07065495,0.6807903852227335,-0.1832602097517633,37
143,42,nonlinear_native_integrated,07196500,1.8648672269957856,1.8236625941064877,28
143,42,nonlinear_native_integrated,07221500,2.21377049840788,1.0363649408899938,55
143,42,nonlinear_native_integrated,07231975,2.8998558539229,-1.8972338675762401,16
143,42,nonlinear_native_integrated,401733105392404,0.5553900498416993,-0.5360045599316035,409
143,42,nonlinear_native_residual,03037525,0.5378872190614216,-0.4185291382317912,30
143,42,nonlinear_native_residual,03049652,0.42389402576130375,-0.05238387817929111,44
143,42,nonlinear_native_residual,03072000,0.6578641998894175,-0.528508450876118,30
143,42,nonlinear_native_residual,03144270,1.6349141556786793,-1.1788725660918962,31
143,42,nonlinear_native_residual,03201722,1.0797396719030765,-0.2046405040462191,36
143,42,nonlinear_native_residual,03207962,1.558801018405369,-1.0593892436803298,21
143,42,nonlinear_native_residual,03353600,1.0691953969702297,-0.17816173779662897,26
143,42,nonlinear_native_residual,03353637,1.1651015002411922,0.5369545715553283,101
143,42,nonlinear_native_residual,03373530,2.2235398302024634,-0.29853276923337196,27
143,42,nonlinear_native_residual,03460000,3.2782861829228795,-3.1799261024879537,72
143,42,nonlinear_native_residual,03524550,1.2444275491327739,-0.46589705880808635,24
143,42,nonlinear_native_residual,03575100,2.4774138688989336,2.4530061875348355,24
143,42,nonlinear_native_residual,05322000,2.0773166030787986,-1.9800528327323705,38
143,42,nonlinear_native_residual,05331580,1.1466118400883494,-0.706038512793266,186
143,42,nonlinear_native_residual,05418600,0.9945227673110298,-0.1500022341829003,118
143,42,nonlinear_native_residual,05449500,1.4311375192581846,-1.3494500141696908,56
143,42,nonlinear_native_residual,05457750,0.7449063104855471,-0.07380778456810351,19
143,42,nonlinear_native_residual,05463050,1.4356878670355948,-0.826806160405567,22
143,42,nonlinear_native_residual,05531500,4.289907140367601,-3.985649330593641,19
143,42,nonlinear_native_residual,05568000,0.7121852495991734,0.6539854884386006,37
143,42,nonlinear_native_residual,06177825,3.0956567220265843,-1.9850494927998932,25
143,42,nonlinear_native_residual,06185500,1.0898430191501063,-0.6079506059789667,91
143,42,nonlinear_native_residual,06214500,1.5491777769667137,1.177509036543626,49
143,42,nonlinear_native_residual,06295000,1.529022013583617,-0.2006201516002162,66
143,42,nonlinear_native_residual,06296003,2.866705282652977,-0.8917654584036419,30
143,42,nonlinear_native_residual,06306300,2.2851344807697034,1.2007816867562195,61
143,42,nonlinear_native_residual,06307740,1.8852828872563419,-0.21754046663027427,25
143,42,nonlinear_native_residual,06331850,7.547937677774589,6.631516212229579,41
143,42,nonlinear_native_residual,06335750,4.670654090991194,-2.389154087023811,45
143,42,nonlinear_native_residual,06336600,4.282722290646795,-0.42454570921967744,39
143,42,nonlinear_native_residual,06338490,1.2957003508793254,-1.1644300036237893,107
143,42,nonlinear_native_residual,06364700,6.789381609439131,0.34576871508430734,35
143,42,nonlinear_native_residual,06440000,3.1064721977377547,-3.0590398192920887,35
143,42,nonlinear_native_residual,06485500,2.1345474147978267,-0.8321095271307746,89
143,42,nonlinear_native_residual,06611200,5.407866431159635,-5.396926835918535,24
143,42,nonlinear_native_residual,06719505,1.3034252703824232,1.3034252703824232,29
143,42,nonlinear_native_residual,06720500,3.8440507064789364,-3.8375853830860875,56
143,42,nonlinear_native_residual,06721500,1.0348561672453032,-0.8749718570492696,32
143,42,nonlinear_native_residual,06731000,0.6240468126848088,0.39110499568171186,30
143,42,nonlinear_native_residual,06734900,0.5731809770678471,-0.45478809861122654,32
143,42,nonlinear_native_residual,06775900,1.6876898907835025,1.5643466388204863,200
143,42,nonlinear_native_residual,06891500,1.2729290943780682,0.8980488142796383,33
143,42,nonlinear_native_residual,06892350,0.9039149931716142,-0.3309190220628873,190
143,42,nonlinear_native_residual,06893390,1.5943313597873472,-0.2859284977000295,25
143,42,nonlinear_native_residual,06893890,0.5158977385276384,-0.2155341361736313,49
143,42,nonlinear_native_residual,06893940,1.3321232087269683,1.1143389504872654,36
143,42,nonlinear_native_residual,06930800,1.679311695412979,-1.0305593713682493,29
143,42,nonlinear_native_residual,07053250,1.8284932706966914,1.5204817860952307,49
143,42,nonlinear_native_residual,07055814,1.7716232406745238,-1.4709150258337105,10
143,42,nonlinear_native_residual,07065495,0.6741286115882202,-0.25918715741762577,37
143,42,nonlinear_native_residual,07196500,2.046057834262519,2.014430497533067,28
143,42,nonlinear_native_residual,07221500,2.4230316646421635,1.3796096974344085,55
143,42,nonlinear_native_residual,07231975,2.8577843579522213,-1.3757387042894065,16
143,42,nonlinear_native_residual,401733105392404,0.48590190566268693,-0.43416048838695254,409
143,42,station_hidden_trees,03037525,0.5042864103972713,0.1425577051793365,30
143,42,station_hidden_trees,03049652,0.42611698251528873,-0.24428265507491173,44
143,42,station_hidden_trees,03072000,0.6039982006982696,-0.11501294055624921,30
143,42,station_hidden_trees,03144270,1.5806325619204105,-0.5784117570072193,31
143,42,station_hidden_trees,03201722,1.0968553475691973,0.009948593387400926,36
143,42,station_hidden_trees,03207962,1.558655093113254,-1.04923494832241,21
143,42,station_hidden_trees,03353600,1.2977524225637778,0.4609172334884573,26
143,42,station_hidden_trees,03353637,1.5934549128517344,1.1558319318390666,101
143,42,station_hidden_trees,03373530,2.6405147124872634,0.29150717938901366,27
143,42,station_hidden_trees,03460000,3.0014750740003198,-2.5404213982774606,72
143,42,station_hidden_trees,03524550,1.4140459632270836,-0.24353800889802776,24
143,42,station_hidden_trees,03575100,2.009050442302154,1.8022625248447126,24
143,42,station_hidden_trees,05322000,1.4750633131555704,-0.9858223584360011,38
143,42,station_hidden_trees,05331580,0.9526757729925854,-0.3004475708039725,186
143,42,station_hidden_trees,05418600,1.20099129193429,0.4135690012030914,118
143,42,station_hidden_trees,05449500,1.131154970745574,-0.929958152089764,56
143,42,station_hidden_trees,05457750,0.7610421096081627,-0.13883621438374724,19
143,42,station_hidden_trees,05463050,1.3931922231273048,-0.8532174113165426,22
143,42,station_hidden_trees,05531500,4.335498345406871,-4.238134415284186,19
143,42,station_hidden_trees,05568000,1.037753629472574,1.0319172927089582,37
143,42,station_hidden_trees,06177825,2.974058775779659,-0.026382481538907,25
143,42,station_hidden_trees,06185500,1.413366415965706,0.5203673258722212,91
143,42,station_hidden_trees,06214500,1.8697170658646705,1.7596245535224935,49
143,42,station_hidden_trees,06295000,1.8650794896331684,0.37814371988170814,66
143,42,station_hidden_trees,06296003,3.1849853812961553,-1.738506031054869,30
143,42,station_hidden_trees,06306300,2.5606748595782807,1.3264808145514861,61
143,42,station_hidden_trees,06307740,1.9631654253704465,-0.5573935507176461,25
143,42,station_hidden_trees,06331850,6.521423923179972,5.450772767246027,41
143,42,station_hidden_trees,06335750,5.626333563685286,-4.108293629868371,45
143,42,station_hidden_trees,06336600,4.3940616056217126,0.2946365658249349,39
143,42,station_hidden_trees,06338490,1.2520481083546535,-0.009640491499772265,107
143,42,station_hidden_trees,06364700,5.88053389851483,-1.3528131729101864,35
143,42,station_hidden_trees,06440000,2.691855595503707,-2.0214472311398843,35
143,42,station_hidden_trees,06485500,2.3308454591508103,-1.385662949311229,89
143,42,station_hidden_trees,06611200,5.23505832281572,-5.1842363956015385,24
143,42,station_hidden_trees,06719505,1.3980972965276535,1.395500118323164,29
143,42,station_hidden_trees,06720500,4.406423501262463,-4.406423501262463,56
143,42,station_hidden_trees,06721500,0.972359752059372,-0.8218800063354429,32
143,42,station_hidden_trees,06731000,0.46292322182825374,-0.30411925566805503,30
143,42,station_hidden_trees,06734900,0.6793699284802607,-0.6041769606865107,32
143,42,station_hidden_trees,06775900,2.989388553637915,2.9441259263971613,200
143,42,station_hidden_trees,06891500,0.8256643836904473,-0.486226649214749,33
143,42,station_hidden_trees,06892350,0.6976796814120492,-0.18148708350250184,190
143,42,station_hidden_trees,06893390,1.4433832856764925,-0.5328900490086614,25
143,42,station_hidden_trees,06893890,0.4742127863151078,-0.024388946915114243,49
143,42,station_hidden_trees,06893940,0.8933122504004465,0.29302952637833624,36
143,42,station_hidden_trees,06930800,1.7274230950713547,-1.1426570421741147,29
143,42,station_hidden_trees,07053250,2.1240323061775412,1.8155774189743321,49
143,42,station_hidden_trees,07055814,1.602890407106647,-1.0899637821947181,10
143,42,station_hidden_trees,07065495,0.9860102807331883,0.3338944884512942,37
143,42,station_hidden_trees,07196500,1.6315745423960741,1.5705039630506563,28
143,42,station_hidden_trees,07221500,2.080998321644153,0.7638730419498622,55
143,42,station_hidden_trees,07231975,3.754679704042674,-3.615873487378567,16
143,42,station_hidden_trees,401733105392404,0.5273348156735154,-0.4976453512049002,409
143,42,unmonitored_integrated,03037525,0.4533818703949423,-0.035246447984891356,30
143,42,unmonitored_integrated,03049652,0.42613184832177564,-0.23512049534304616,44
143,42,unmonitored_integrated,03072000,0.6430538269323093,-0.2942864284476302,30
143,42,unmonitored_integrated,03144270,1.5437479913388892,-0.9150673446861747,31
143,42,unmonitored_integrated,03201722,1.108811163350519,0.03786290954800528,36
143,42,unmonitored_integrated,03207962,1.5935092851949062,-1.1278435174571462,21
143,42,unmonitored_integrated,03353600,1.0703823681097608,-0.0807939215501561,26
143,42,unmonitored_integrated,03353637,1.220159687329337,0.6165233584891989,101
143,42,unmonitored_integrated,03373530,2.4325443340497355,-0.0020057630873913514,27
143,42,unmonitored_integrated,03460000,3.082211418625532,-2.801476589971702,72
143,42,unmonitored_integrated,03524550,1.3221447558473838,-0.4036391806361854,24
143,42,unmonitored_integrated,03575100,2.097938595431144,1.9659160602250514,24
143,42,unmonitored_integrated,05322000,1.7044597123974101,-1.456099974111802,38
143,42,unmonitored_integrated,05331580,1.0049776911711268,-0.40013032242638386,186
143,42,unmonitored_integrated,05418600,1.0888154548664757,0.15334450214214546,118
143,42,unmonitored_integrated,05449500,1.2997087515060752,-1.1968997465818758,56
143,42,unmonitored_integrated,05457750,0.7512656185466804,-0.2599584169746394,19
143,42,unmonitored_integrated,05463050,1.4294616792987425,-1.0244771858890127,22
143,42,unmonitored_integrated,05531500,4.379219789879038,-4.194794202226553,19
143,42,unmonitored_integrated,05568000,0.847788536878747,0.8230140399325482,37
143,42,unmonitored_integrated,06177825,2.908474237893698,-1.1436157847281847,25
143,42,unmonitored_integrated,06185500,1.0523484774302947,-0.13889043192250478,91
143,42,unmonitored_integrated,06214500,1.6163889126088986,1.386256488887155,49
143,42,unmonitored_integrated,06295000,1.5995414370308076,-0.06536807139156607,66
143,42,unmonitored_integrated,06296003,3.1441680023287515,-1.3368794512964686,30
143,42,unmonitored_integrated,06306300,2.620988460403701,1.5018681844401525,61
143,42,unmonitored_integrated,06307740,1.9041997490996596,-0.1830809277420881,25
143,42,unmonitored_integrated,06331850,7.041408714735027,6.030712982726064,41
143,42,unmonitored_integrated,06335750,4.990121347683397,-3.120479445838474,45
143,42,unmonitored_integrated,06336600,4.343852997216764,-0.15307836137538858,39
143,42,unmonitored_integrated,06338490,1.1269068904156783,-0.719428444483263,107
143,42,unmonitored_integrated,06364700,6.2779137485162115,-0.5434636215390207,35
143,42,unmonitored_integrated,06440000,2.791117706685581,-2.5966057241478167,35
143,42,unmonitored_integrated,06485500,2.2233174173350254,-1.3337839591400238,89
143,42,unmonitored_integrated,06611200,5.384377894385126,-5.355732196749855,24
143,42,unmonitored_integrated,06719505,1.1539938980164028,1.1446153477950396,29
143,42,unmonitored_integrated,06720500,4.397032408808313,-4.397032408808313,56
143,42,unmonitored_integrated,06721500,1.0507777927476827,-0.9433548743858701,32
143,42,unmonitored_integrated,06731000,0.41187606721031095,0.19979508367565163,30
143,42,unmonitored_integrated,06734900,0.727059411791142,-0.6735193496908157,32
143,42,unmonitored_integrated,06775900,2.2622858969182333,2.1883780973175337,200
143,42,unmonitored_integrated,06891500,0.9001915099942785,0.05953971161723394,33
143,42,unmonitored_integrated,06892350,0.8080393448787425,-0.3456999911057084,190
143,42,unmonitored_integrated,06893390,1.4907752215102934,-0.37916400322132693,25
143,42,unmonitored_integrated,06893890,0.506723670715484,-0.16795781482766825,49
143,42,unmonitored_integrated,06893940,1.0143126487819478,0.577386586539238,36
143,42,unmonitored_integrated,06930800,1.6907883876840872,-1.0783687050211495,29
143,42,unmonitored_integrated,07053250,2.0152327532714644,1.7149787988945702,49
143,42,unmonitored_integrated,07055814,1.6092217880605293,-1.1524084061735267,10
143,42,unmonitored_integrated,07065495,0.8161835221816822,0.11679194617084816,37
143,42,unmonitored_integrated,07196500,1.7526453767883567,1.7134712544764368,28
143,42,unmonitored_integrated,07221500,1.9908197010966837,0.6213154997206216,55
143,42,unmonitored_integrated,07231975,3.251656431893504,-2.7847793341531455,16
143,42,unmonitored_integrated,401733105392404,0.5703604036417821,-0.5362250426864287,409
143,42,unmonitored_residual,03037525,0.4533818703949423,-0.035246447984891356,30
143,42,unmonitored_residual,03049652,0.42613184832177564,-0.23512049534304616,44
143,42,unmonitored_residual,03072000,0.6430538269323093,-0.2942864284476302,30
143,42,unmonitored_residual,03144270,1.5437479913388892,-0.9150673446861747,31
143,42,unmonitored_residual,03201722,1.108811163350519,0.03786290954800528,36
143,42,unmonitored_residual,03207962,1.5935092851949062,-1.1278435174571462,21
143,42,unmonitored_residual,03353600,1.0703823681097608,-0.0807939215501561,26
143,42,unmonitored_residual,03353637,1.220159687329337,0.6165233584891989,101
143,42,unmonitored_residual,03373530,2.4325443340497355,-0.0020057630873913514,27
143,42,unmonitored_residual,03460000,3.082211418625532,-2.801476589971702,72
143,42,unmonitored_residual,03524550,1.3221447558473838,-0.4036391806361854,24
143,42,unmonitored_residual,03575100,2.097938595431144,1.9659160602250514,24
143,42,unmonitored_residual,05322000,1.7044597123974101,-1.456099974111802,38
143,42,unmonitored_residual,05331580,1.0049776911711268,-0.40013032242638386,186
143,42,unmonitored_residual,05418600,1.0888154548664757,0.15334450214214546,118
143,42,unmonitored_residual,05449500,1.2997087515060752,-1.1968997465818758,56
143,42,unmonitored_residual,05457750,0.7512656185466804,-0.2599584169746394,19
143,42,unmonitored_residual,05463050,1.4294616792987425,-1.0244771858890127,22
143,42,unmonitored_residual,05531500,4.379219789879038,-4.194794202226553,19
143,42,unmonitored_residual,05568000,0.847788536878747,0.8230140399325482,37
143,42,unmonitored_residual,06177825,2.908474237893698,-1.1436157847281847,25
143,42,unmonitored_residual,06185500,1.0523484774302947,-0.13889043192250478,91
143,42,unmonitored_residual,06214500,1.6163889126088986,1.386256488887155,49
143,42,unmonitored_residual,06295000,1.5995414370308076,-0.06536807139156607,66
143,42,unmonitored_residual,06296003,3.1441680023287515,-1.3368794512964686,30
143,42,unmonitored_residual,06306300,2.620988460403701,1.5018681844401525,61
143,42,unmonitored_residual,06307740,1.9041997490996596,-0.1830809277420881,25
143,42,unmonitored_residual,06331850,7.041408714735027,6.030712982726064,41
143,42,unmonitored_residual,06335750,4.990121347683397,-3.120479445838474,45
143,42,unmonitored_residual,06336600,4.343852997216764,-0.15307836137538858,39
143,42,unmonitored_residual,06338490,1.1269068904156783,-0.719428444483263,107
143,42,unmonitored_residual,06364700,6.2779137485162115,-0.5434636215390207,35
143,42,unmonitored_residual,06440000,2.791117706685581,-2.5966057241478167,35
143,42,unmonitored_residual,06485500,2.2233174173350254,-1.3337839591400238,89
143,42,unmonitored_residual,06611200,5.384377894385126,-5.355732196749855,24
143,42,unmonitored_residual,06719505,1.1539938980164028,1.1446153477950396,29
143,42,unmonitored_residual,06720500,4.397032408808313,-4.397032408808313,56
143,42,unmonitored_residual,06721500,1.0507777927476827,-0.9433548743858701,32
143,42,unmonitored_residual,06731000,0.41187606721031095,0.19979508367565163,30
143,42,unmonitored_residual,06734900,0.727059411791142,-0.6735193496908157,32
143,42,unmonitored_residual,06775900,2.2622858969182333,2.1883780973175337,200
143,42,unmonitored_residual,06891500,0.9001915099942785,0.05953971161723394,33
143,42,unmonitored_residual,06892350,0.8080393448787425,-0.3456999911057084,190
143,42,unmonitored_residual,06893390,1.4907752215102934,-0.37916400322132693,25
143,42,unmonitored_residual,06893890,0.506723670715484,-0.16795781482766825,49
143,42,unmonitored_residual,06893940,1.0143126487819478,0.577386586539238,36
143,42,unmonitored_residual,06930800,1.6907883876840872,-1.0783687050211495,29
143,42,unmonitored_residual,07053250,2.0152327532714644,1.7149787988945702,49
143,42,unmonitored_residual,07055814,1.6092217880605293,-1.1524084061735267,10
143,42,unmonitored_residual,07065495,0.8161835221816822,0.11679194617084816,37
143,42,unmonitored_residual,07196500,1.7526453767883567,1.7134712544764368,28
143,42,unmonitored_residual,07221500,1.9908197010966837,0.6213154997206216,55
143,42,unmonitored_residual,07231975,3.251656431893504,-2.7847793341531455,16
143,42,unmonitored_residual,401733105392404,0.5703604036417821,-0.5362250426864287,409
143,43,current_model,03037525,0.5271196785305579,-0.34310738768588683,30
143,43,current_model,03049652,0.4338579329195238,-0.21578395911284956,44
143,43,current_model,03072000,0.7041620644384939,-0.4448290866966388,30
143,43,current_model,03144270,1.6085233838207735,-0.4006039555967416,31
143,43,current_model,03201722,1.1221682027421656,-0.4986613347748902,36
143,43,current_model,03207962,1.52335343067375,-0.7343309862124722,21
143,43,current_model,03353600,1.5289827121312447,0.6921275098632281,26
143,43,current_model,03353637,1.6475047311163697,1.213164650894854,101
143,43,current_model,03373530,2.579756774343336,0.33274332122835965,27
143,43,current_model,03460000,3.0864629969528212,-2.808811944329477,72
143,43,current_model,03524550,1.2579076719563775,-0.6384406674738929,24
143,43,current_model,03575100,2.7018958825386554,2.662987497943734,24
143,43,current_model,05322000,1.7225768030087298,-1.4223909466229445,38
143,43,current_model,05331580,1.214829875649633,-0.8866964309072298,186
143,43,current_model,05418600,1.0744369152052897,0.20677253983207727,118
143,43,current_model,05449500,1.3279226654666303,-1.2278039156622356,56
143,43,current_model,05457750,0.810161991545157,-0.12506022605887387,19
143,43,current_model,05463050,1.5651236625068838,-1.0317100179437306,22
143,43,current_model,05531500,4.876915592034396,-4.834521696724251,19
143,43,current_model,05568000,0.9144061504169148,0.8968444165681869,37
143,43,current_model,06177825,2.923605739872566,-0.9517893285668222,25
143,43,current_model,06185500,1.13471242028973,-1.0114300301590171,91
143,43,current_model,06214500,1.1253972518517146,0.6423050997479617,49
143,43,current_model,06295000,1.4412035475989209,-0.6915106593774024,66
143,43,current_model,06296003,3.1056577482402123,-1.9555033806246762,30
143,43,current_model,06306300,1.6048895476619407,0.17522036212700953,61
143,43,current_model,06307740,2.1232813786954092,-0.7223443416408638,25
143,43,current_model,06331850,7.0291168045036425,5.950660788442604,41
143,43,current_model,06335750,5.44779003262474,-3.4781396709330132,45
143,43,current_model,06336600,4.49616640808385,-0.7465596515664711,39
143,43,current_model,06338490,1.2796026530744335,-0.7129003879966883,107
143,43,current_model,06364700,6.26692925083744,-0.8218973920098857,35
143,43,current_model,06440000,2.912811293068051,-2.8093306141005367,35
143,43,current_model,06485500,2.1683816851310773,-1.178020149959256,89
143,43,current_model,06611200,4.3374072750236605,-3.950577263972299,24
143,43,current_model,06719505,0.6488256001559777,0.573827901272865,29
143,43,current_model,06720500,4.577988314411138,-4.577988314411138,56
143,43,current_model,06721500,1.0521738983231617,-0.5465072895924901,32
143,43,current_model,06731000,0.4617691741438146,-0.0478254068121242,30
143,43,current_model,06734900,0.7173549974623801,-0.6553735613620605,32
143,43,current_model,06775900,2.7267583794751946,2.682400161446413,200
143,43,current_model,06891500,1.184288871943086,0.7645991748563413,33
143,43,current_model,06892350,1.0700563563008907,-0.7217464404960765,190
143,43,current_model,06893390,1.6282944533808157,-0.6519273378370823,25
143,43,current_model,06893890,0.54483631836535,0.10760564996500867,49
143,43,current_model,06893940,0.8780086922758261,0.21471233690309588,36
143,43,current_model,06930800,1.6523231493633193,-0.900605865159278,29
143,43,current_model,07053250,1.6720696421106198,1.34607939641112,49
143,43,current_model,07055814,1.5834269180899816,-1.2854553320906477,10
143,43,current_model,07065495,0.7877981131951426,0.00021819932592893098,37
143,43,current_model,07196500,1.4600347097971593,1.3868701634160583,28
143,43,current_model,07221500,2.9325371954711583,2.1016191424168853,55
143,43,current_model,07231975,2.8773446584828704,-1.3302956489254574,16
143,43,current_model,401733105392404,0.5445110689621022,-0.4630019358658887,409
143,43,matched_daily_trees,03037525,0.589698064930568,0.39798904123328527,30
143,43,matched_daily_trees,03049652,0.43210064876384907,-0.057935096312841355,44
143,43,matched_daily_trees,03072000,0.6211446954832059,0.04517253925290777,30
143,43,matched_daily_trees,03144270,1.6748638845565116,-0.28733139287337073,31
143,43,matched_daily_trees,03201722,1.1327068839157428,-0.15283605305583542,36
143,43,matched_daily_trees,03207962,1.4824973692053671,-0.58883296028985,21
143,43,matched_daily_trees,03353600,1.4758834556137654,0.7554110965975548,26
143,43,matched_daily_trees,03353637,1.728155176341603,1.2889001639592006,101
143,43,matched_daily_trees,03373530,3.089191661193099,1.0309415941604945,27
143,43,matched_daily_trees,03460000,2.9234740905017165,-1.8807364187080085,72
143,43,matched_daily_trees,03524550,1.6104712221148203,0.02566329656288206,24
143,43,matched_daily_trees,03575100,2.493554146522944,2.4341527662052402,24
143,43,matched_daily_trees,05322000,1.457779864313223,-1.030597944573768,38
143,43,matched_daily_trees,05331580,1.0019635054393887,-0.46920971661778954,186
143,43,matched_daily_trees,05418600,1.5313230219502882,0.9499574504372528,118
143,43,matched_daily_trees,05449500,1.1070903453908445,-0.5033965021240708,56
143,43,matched_daily_trees,05457750,0.8795444623811157,0.13554433959298276,19
143,43,matched_daily_trees,05463050,1.5465145207683315,-1.0766445655034145,22
143,43,matched_daily_trees,05531500,4.489772193371162,-4.436285261910624,19
143,43,matched_daily_trees,05568000,1.2723328047522782,1.2698008928828457,37
143,43,matched_daily_trees,06177825,2.713234915541886,-0.15163824070494428,25
143,43,matched_daily_trees,06185500,1.3330911269616437,0.3940866396725484,91
143,43,matched_daily_trees,06214500,1.8666623782801803,1.6542588749533762,49
143,43,matched_daily_trees,06295000,1.7984341639749997,0.23968537934637013,66
143,43,matched_daily_trees,06296003,3.454072039804217,-1.7984553210735303,30
143,43,matched_daily_trees,06306300,2.2907420946177277,0.9419773042328172,61
143,43,matched_daily_trees,06307740,2.1121597903713636,-0.9962268430253186,25
143,43,matched_daily_trees,06331850,5.518196643581189,4.111990735313928,41
143,43,matched_daily_trees,06335750,6.813157656531742,-5.654417347237347,45
143,43,matched_daily_trees,06336600,4.495910587876913,-0.671809878738674,39
143,43,matched_daily_trees,06338490,1.220584462884807,-0.11183211160800698,107
143,43,matched_daily_trees,06364700,5.760954125154423,-1.8479314030515748,35
143,43,matched_daily_trees,06440000,2.882380293285525,-2.0776597884865677,35
143,43,matched_daily_trees,06485500,2.3563844996087138,-1.2092392730907797,89
143,43,matched_daily_trees,06611200,5.3198298004966,-5.284215157305991,24
143,43,matched_daily_trees,06719505,1.1736542673726145,1.1222794095499244,29
143,43,matched_daily_trees,06720500,4.576839462124934,-4.576839462124934,56
143,43,matched_daily_trees,06721500,1.1304310964766804,-0.9979776762219357,32
143,43,matched_daily_trees,06731000,0.41449624014256053,-0.14237806759496294,30
143,43,matched_daily_trees,06734900,0.6479882675159065,-0.5552819124017025,32
143,43,matched_daily_trees,06775900,3.1338727957255905,3.0979939788029434,200
143,43,matched_daily_trees,06891500,0.7943479361513367,-0.21961774942475276,33
143,43,matched_daily_trees,06892350,0.7371961175283042,-0.2772479601771592,190
143,43,matched_daily_trees,06893390,1.4530377716981875,-0.5628385470120834,25
143,43,matched_daily_trees,06893890,0.6135496921415969,0.35870548469941016,49
143,43,matched_daily_trees,06893940,1.1568163775093625,0.8374297644333403,36
143,43,matched_daily_trees,06930800,1.6693603431612591,-0.8728402504932677,29
143,43,matched_daily_trees,07053250,2.279918826245863,1.9988162892875017,49
143,43,matched_daily_trees,07055814,1.5340053403240994,-0.9550454557787121,10
143,43,matched_daily_trees,07065495,1.0892346268408921,0.5226899334716806,37
143,43,matched_daily_trees,07196500,1.7805829902666392,1.745480297688064,28
143,43,matched_daily_trees,07221500,2.2258652251094606,1.0442432305971068,55
143,43,matched_daily_trees,07231975,2.9689719745292575,-2.4988296146109077,16
143,43,matched_daily_trees,401733105392404,0.4893408304649337,-0.4197914328330473,409
143,43,nonlinear_native_integrated,03037525,0.5016396361473646,0.056505637908103694,30
143,43,nonlinear_native_integrated,03049652,0.4420232813049798,-0.26057641814157717,44
143,43,nonlinear_native_integrated,03072000,0.6248015900800297,-0.22915944294321064,30
143,43,nonlinear_native_integrated,03144270,1.6685593516093398,-0.26643637394647324,31
143,43,nonlinear_native_integrated,03201722,1.0431778488145727,-0.4075099223496267,36
143,43,nonlinear_native_integrated,03207962,1.5752030984484524,-1.1244079987503657,21
143,43,nonlinear_native_integrated,03353600,1.4867067364574333,0.6681877089160625,26
143,43,nonlinear_native_integrated,03353637,1.7448314689549438,1.3655609584509922,101
143,43,nonlinear_native_integrated,03373530,2.706641803914174,0.5317461890270778,27
143,43,nonlinear_native_integrated,03460000,3.0244545162788015,-2.7703697355431984,72
143,43,nonlinear_native_integrated,03524550,1.3498023387093931,-0.37847910122054923,24
143,43,nonlinear_native_integrated,03575100,2.530295726773406,2.4769790850912474,24
143,43,nonlinear_native_integrated,05322000,1.7647865593859677,-1.3953533366402282,38
143,43,nonlinear_native_integrated,05331580,0.9494348367749268,-0.3324613613346349,186
143,43,nonlinear_native_integrated,05418600,1.0828614576387947,0.1245846935816189,118
143,43,nonlinear_native_integrated,05449500,1.2049588377647034,-1.0716950824847093,56
143,43,nonlinear_native_integrated,05457750,0.8497584938027177,0.20975247715941195,19
143,43,nonlinear_native_integrated,05463050,1.479868464242179,-0.5090535036245535,22
143,43,nonlinear_native_integrated,05531500,4.518158550150094,-4.363286455155627,19
143,43,nonlinear_native_integrated,05568000,1.316136827685677,1.316136827685677,37
143,43,nonlinear_native_integrated,06177825,3.0123719723083684,-0.6059251851519682,25
143,43,nonlinear_native_integrated,06185500,0.9282448720289551,-0.5235114521988478,91
143,43,nonlinear_native_integrated,06214500,1.1098479502892102,0.6643108794608993,49
143,43,nonlinear_native_integrated,06295000,1.3793575028311729,-0.45127139565906754,66
143,43,nonlinear_native_integrated,06296003,3.3043848071492907,-2.0965995222904197,30
143,43,nonlinear_native_integrated,06306300,1.6708173041390968,0.3052656871500316,61
143,43,nonlinear_native_integrated,06307740,1.9892782984052173,-0.3869101225821674,25
143,43,nonlinear_native_integrated,06331850,7.394614214619631,6.4512243487758605,41
143,43,nonlinear_native_integrated,06335750,5.30124097101681,-3.444389596914585,45
143,43,nonlinear_native_integrated,06336600,4.488843777572721,0.18042525867481393,39
143,43,nonlinear_native_integrated,06338490,1.194259921724409,-0.6699620272703625,107
143,43,nonlinear_native_integrated,06364700,6.086810997493758,-0.9296801527946991,35
143,43,nonlinear_native_integrated,06440000,2.7485139396631317,-2.3451960472703703,35
143,43,nonlinear_native_integrated,06485500,2.2770743804458604,-1.593052065487616,89
143,43,nonlinear_native_integrated,06611200,4.758017829171732,-4.637342222942225,24
143,43,nonlinear_native_integrated,06719505,0.7825895846637958,0.7535581599091143,29
143,43,nonlinear_native_integrated,06720500,4.748120835197078,-4.748120835197078,56
143,43,nonlinear_native_integrated,06721500,0.9118581909246269,-0.6484478492294087,32
143,43,nonlinear_native_integrated,06731000,0.48649494722581355,-0.2749805595955145,30
143,43,nonlinear_native_integrated,06734900,0.970956079119791,-0.945026233967773,32
143,43,nonlinear_native_integrated,06775900,2.050220020250768,1.9600492220296442,200
143,43,nonlinear_native_integrated,06891500,1.0489652775018858,0.45506047857490717,33
143,43,nonlinear_native_integrated,06892350,0.8237113471471768,-0.28804599260867564,190
143,43,nonlinear_native_integrated,06893390,1.526202148946376,-0.5924873646277183,25
143,43,nonlinear_native_integrated,06893890,0.5616614027633465,0.22711583499887136,49
143,43,nonlinear_native_integrated,06893940,0.9207031164012975,0.3577647541418715,36
143,43,nonlinear_native_integrated,06930800,1.608053240054739,-0.6282917200324957,29
143,43,nonlinear_native_integrated,07053250,1.8567161689201044,1.5400550088652185,49
143,43,nonlinear_native_integrated,07055814,1.5524594534098437,-1.1676015792086536,10
143,43,nonlinear_native_integrated,07065495,0.8927723830767639,0.22676958357262741,37
143,43,nonlinear_native_integrated,07196500,1.6862359557812359,1.626127760190658,28
143,43,nonlinear_native_integrated,07221500,2.4144588696340046,1.396466313389913,55
143,43,nonlinear_native_integrated,07231975,3.0195281588613083,-2.115166579505592,16
143,43,nonlinear_native_integrated,401733105392404,0.5184638767442588,-0.4864447413060378,409
143,43,nonlinear_native_residual,03037525,0.49176204264306816,0.03060601643223782,30
143,43,nonlinear_native_residual,03049652,0.44036025585871746,-0.22936221194660264,44
143,43,nonlinear_native_residual,03072000,0.6300260028049173,-0.22340438999525658,30
143,43,nonlinear_native_residual,03144270,1.699176516831844,-0.19570299748604203,31
143,43,nonlinear_native_residual,03201722,1.06703222098465,-0.4653734501755358,36
143,43,nonlinear_native_residual,03207962,1.545841943449986,-1.0211868922590621,21
143,43,nonlinear_native_residual,03353600,1.50008311920965,0.6335722575263057,26
143,43,nonlinear_native_residual,03353637,1.7358473743691623,1.3600056450559883,101
143,43,nonlinear_native_residual,03373530,2.68990875575322,0.5516783672652277,27
143,43,nonlinear_native_residual,03460000,3.04774880621222,-2.7997357451756355,72
143,43,nonlinear_native_residual,03524550,1.3513989630642478,-0.3917770756436865,24
143,43,nonlinear_native_residual,03575100,2.6328138960968563,2.6045466550570624,24
143,43,nonlinear_native_residual,05322000,1.8612775518964426,-1.5090324784493203,38
143,43,nonlinear_native_residual,05331580,1.0346262628473102,-0.5944123777890292,186
143,43,nonlinear_native_residual,05418600,1.1184153979608733,0.17049492792042384,118
143,43,nonlinear_native_residual,05449500,1.2404819371072506,-1.1004617441473419,56
143,43,nonlinear_native_residual,05457750,0.907080134747445,0.3753466535128201,19
143,43,nonlinear_native_residual,05463050,1.5870663162230259,-0.3125501649654091,22
143,43,nonlinear_native_residual,05531500,4.6263910711181495,-4.450168346807632,19
143,43,nonlinear_native_residual,05568000,1.4593874099106876,1.4593874099106876,37
143,43,nonlinear_native_residual,06177825,3.0559418050580813,-0.53397595685751,25
143,43,nonlinear_native_residual,06185500,0.9698045210458531,-0.7889506834952515,91
143,43,nonlinear_native_residual,06214500,1.1158061743568375,0.6954440809474212,49
143,43,nonlinear_native_residual,06295000,1.3935565863937036,-0.4761042700452473,66
143,43,nonlinear_native_residual,06296003,3.2403151004623947,-2.021913961196252,30
143,43,nonlinear_native_residual,06306300,1.583203301137571,0.2178263077327785,61
143,43,nonlinear_native_residual,06307740,1.9691905955052855,-0.29170959496962956,25
143,43,nonlinear_native_residual,06331850,7.887416009461534,7.022235841016297,41
143,43,nonlinear_native_residual,06335750,5.141976951315401,-2.971095550694113,45
143,43,nonlinear_native_residual,06336600,4.580147465762191,0.39227663510776645,39
143,43,nonlinear_native_residual,06338490,1.256153804644456,-0.7435452584371546,107
143,43,nonlinear_native_residual,06364700,6.257549997470964,-0.6944726981211288,35
143,43,nonlinear_native_residual,06440000,2.7377679220071633,-2.3649309720649936,35
143,43,nonlinear_native_residual,06485500,2.2409535257288242,-1.4957958965496634,89
143,43,nonlinear_native_residual,06611200,4.525903187531031,-4.3087649773625705,24
143,43,nonlinear_native_residual,06719505,0.7740502898611,0.7550432855585477,29
143,43,nonlinear_native_residual,06720500,4.657953211287874,-4.657953211287874,56
143,43,nonlinear_native_residual,06721500,0.9287460728733495,-0.4381949499559385,32
143,43,nonlinear_native_residual,06731000,0.4966919366793748,-0.05923762648025788,30
143,43,nonlinear_native_residual,06734900,0.9694547792890023,-0.9426290351286081,32
143,43,nonlinear_native_residual,06775900,1.8356274112779882,1.726644159748868,200
143,43,nonlinear_native_residual,06891500,1.2105191018691153,0.7776520563172701,33
143,43,nonlinear_native_residual,06892350,0.8790505638031557,-0.25424312509142133,190
143,43,nonlinear_native_residual,06893390,1.5632484514590532,-0.7240255722064727,25
143,43,nonlinear_native_residual,06893890,0.6061313964636394,0.29112751348224053,49
143,43,nonlinear_native_residual,06893940,0.9255201603286886,0.3568685488334237,36
143,43,nonlinear_native_residual,06930800,1.5840618663893986,-0.47924018633773957,29
143,43,nonlinear_native_residual,07053250,1.8883987716596684,1.5784398187605033,49
143,43,nonlinear_native_residual,07055814,1.5231546397276525,-1.1517951149380274,10
143,43,nonlinear_native_residual,07065495,0.9137993458230559,0.2784313376622377,37
143,43,nonlinear_native_residual,07196500,1.8147185650402167,1.7754079723469647,28
143,43,nonlinear_native_residual,07221500,2.7673419688028833,1.9063414919268904,55
143,43,nonlinear_native_residual,07231975,3.031341201758771,-1.7857795029348913,16
143,43,nonlinear_native_residual,401733105392404,0.44595652466032043,-0.36503863898438316,409
143,43,station_hidden_trees,03037525,0.5357577417201147,0.14829132647811588,30
143,43,station_hidden_trees,03049652,0.43071284917581765,-0.26004399900531366,44
143,43,station_hidden_trees,03072000,0.6052696898645767,-0.16411160007409206,30
143,43,station_hidden_trees,03144270,1.5829945442173097,-0.4659134651255114,31
143,43,station_hidden_trees,03201722,1.0375074029815696,-0.21238701843282792,36
143,43,station_hidden_trees,03207962,1.594153013553047,-1.1860746847342287,21
143,43,station_hidden_trees,03353600,1.3133884941514762,0.5118438037411247,26
143,43,station_hidden_trees,03353637,1.6227673670678762,1.1833751820105658,101
143,43,station_hidden_trees,03373530,2.721790578785211,0.41121615030958353,27
143,43,station_hidden_trees,03460000,2.9967473501356308,-2.5037213884383,72
143,43,station_hidden_trees,03524550,1.422113853327943,-0.22694350388183993,24
143,43,station_hidden_trees,03575100,2.1922339205924968,2.010008477538267,24
143,43,station_hidden_trees,05322000,1.4694876854391274,-1.0186492836898322,38
143,43,station_hidden_trees,05331580,0.9607543550448072,-0.3410913780250431,186
143,43,station_hidden_trees,05418600,1.2430662884299952,0.484264037467562,118
143,43,station_hidden_trees,05449500,1.095009203479136,-0.8464725846186437,56
143,43,station_hidden_trees,05457750,0.7489506443583818,-0.06023678344684811,19
143,43,station_hidden_trees,05463050,1.400141338371796,-0.9130693938613658,22
143,43,station_hidden_trees,05531500,4.369897204832088,-4.279310976907882,19
143,43,station_hidden_trees,05568000,1.0947467040094128,1.0884590512213341,37
143,43,station_hidden_trees,06177825,2.9611604116868784,-0.19883868378431416,25
143,43,station_hidden_trees,06185500,1.3944332821006975,0.5158240894946294,91
143,43,station_hidden_trees,06214500,1.7198504944307413,1.4642937827011056,49
143,43,station_hidden_trees,06295000,1.7471435825876147,0.2551275146849992,66
143,43,station_hidden_trees,06296003,3.468428733684263,-2.0506054283423305,30
143,43,station_hidden_trees,06306300,2.5503899231088236,1.2930485295313623,61
143,43,station_hidden_trees,06307740,1.9740630922294142,-0.40253448093402333,25
143,43,station_hidden_trees,06331850,6.416572131727326,5.32480624363852,41
143,43,station_hidden_trees,06335750,5.8958440437547965,-4.427855037952177,45
143,43,station_hidden_trees,06336600,4.424700695513248,0.1947990982109018,39
143,43,station_hidden_trees,06338490,1.2170052517345527,-0.20245501705621347,107
143,43,station_hidden_trees,06364700,5.80828496217506,-1.5247279031989132,35
143,43,station_hidden_trees,06440000,2.8777552384892866,-2.164601278551736,35
143,43,station_hidden_trees,06485500,2.3699182233018528,-1.5431562412663355,89
143,43,station_hidden_trees,06611200,5.31185465959332,-5.305340411744333,24
143,43,station_hidden_trees,06719505,1.3040274748062395,1.284924689950198,29
143,43,station_hidden_trees,06720500,4.436601808975091,-4.436601808975091,56
143,43,station_hidden_trees,06721500,0.9507512241660587,-0.7799249974389356,32
143,43,station_hidden_trees,06731000,0.4253109140877425,-0.25148734305023784,30
143,43,station_hidden_trees,06734900,0.5293646350693924,-0.3879768089711216,32
143,43,station_hidden_trees,06775900,2.9854703461625722,2.9406452007290875,200
143,43,station_hidden_trees,06891500,0.8538833244055098,-0.5486573356292336,33
143,43,station_hidden_trees,06892350,0.6900324685915069,-0.14992877051956432,190
143,43,station_hidden_trees,06893390,1.4230107449437737,-0.536601854230856,25
143,43,station_hidden_trees,06893890,0.47749801369117983,0.05441529090549101,49
143,43,station_hidden_trees,06893940,0.9184391568918318,0.37060310686148923,36
143,43,station_hidden_trees,06930800,1.7122121699523576,-1.0461080704577763,29
143,43,station_hidden_trees,07053250,1.9196293418379193,1.5955400471753551,49
143,43,station_hidden_trees,07055814,1.5864060304083234,-1.0331651881223984,10
143,43,station_hidden_trees,07065495,0.9950348649551546,0.337890041270364,37
143,43,station_hidden_trees,07196500,1.5726269780164868,1.4925465532583586,28
143,43,station_hidden_trees,07221500,2.0370574793567005,0.6918316189024483,55
143,43,station_hidden_trees,07231975,3.6183467798523945,-3.4539873793191496,16
143,43,station_hidden_trees,401733105392404,0.5051796756730087,-0.4732874920361951,409
143,43,unmonitored_integrated,03037525,0.5030357465410973,-0.12686872937369087,30
143,43,unmonitored_integrated,03049652,0.562736222880569,-0.522084444005547,44
143,43,unmonitored_integrated,03072000,0.721362572529341,-0.45484849182205916,30
143,43,unmonitored_integrated,03144270,1.6545335771253804,-0.14910845408571227,31
143,43,unmonitored_integrated,03201722,1.018763062285802,-0.4138957055488476,36
143,43,unmonitored_integrated,03207962,1.5701301984208835,-1.1441495916126097,21
143,43,unmonitored_integrated,03353600,1.369704515740533,0.47968952665799525,26
143,43,unmonitored_integrated,03353637,1.6539518110340405,1.2276365108252825,101
143,43,unmonitored_integrated,03373530,2.748573341476224,0.5735941970952527,27
143,43,unmonitored_integrated,03460000,3.056076917704905,-2.786224101972465,72
143,43,unmonitored_integrated,03524550,1.352065487877586,-0.4338433537543129,24
143,43,unmonitored_integrated,03575100,2.4158209731570284,2.3339214530640535,24
143,43,unmonitored_integrated,05322000,1.6908100579801404,-1.394467872756814,38
143,43,unmonitored_integrated,05331580,0.9381037308135383,-0.26908262553807144,186
143,43,unmonitored_integrated,05418600,1.021065747356791,0.02540738523258536,118
143,43,unmonitored_integrated,05449500,1.3505758091583349,-1.2688226645909164,56
143,43,unmonitored_integrated,05457750,0.7699697842630646,-0.26762182638737125,19
143,43,unmonitored_integrated,05463050,1.4814456650538248,-1.089169948653877,22
143,43,unmonitored_integrated,05531500,4.568299406212652,-4.459822019948018,19
143,43,unmonitored_integrated,05568000,1.0639226151252443,1.0596118680279079,37
143,43,unmonitored_integrated,06177825,3.025347739189905,-0.344001381748926,25
143,43,unmonitored_integrated,06185500,0.9541166534803645,-0.2544831618294943,91
143,43,unmonitored_integrated,06214500,1.1202768563951482,0.6955925808355463,49
143,43,unmonitored_integrated,06295000,1.4287120366817616,-0.3653421288892899,66
143,43,unmonitored_integrated,06296003,3.3537958952843847,-2.0071218221091143,30
143,43,unmonitored_integrated,06306300,1.9863945448829998,0.6776256493049289,61
143,43,unmonitored_integrated,06307740,1.943389109348165,-0.26057702510192987,25
143,43,unmonitored_integrated,06331850,7.023199769278998,6.026585558629254,41
143,43,unmonitored_integrated,06335750,5.453800205584281,-3.75445302956833,45
143,43,unmonitored_integrated,06336600,4.525049808719252,0.3264729964824225,39
143,43,unmonitored_integrated,06338490,1.149795159599568,-0.5243581367635333,107
143,43,unmonitored_integrated,06364700,5.968936347648246,-1.068068118232256,35
143,43,unmonitored_integrated,06440000,2.7908930135403485,-2.4590595220396216,35
143,43,unmonitored_integrated,06485500,2.3523641526989705,-1.7854011077876357,89
143,43,unmonitored_integrated,06611200,4.823775479588076,-4.701666966522298,24
143,43,unmonitored_integrated,06719505,0.7532730235262217,0.6939484727606173,29
143,43,unmonitored_integrated,06720500,4.9537501334692875,-4.9537501334692875,56
143,43,unmonitored_integrated,06721500,0.9827253654001782,-0.8351100225646163,32
143,43,unmonitored_integrated,06731000,0.4901041806615684,-0.33943282293586846,30
143,43,unmonitored_integrated,06734900,0.8711040746099646,-0.8378459824606844,32
143,43,unmonitored_integrated,06775900,2.499188652857732,2.436422203324634,200
143,43,unmonitored_integrated,06891500,0.9436491355397778,0.00765272680743433,33
143,43,unmonitored_integrated,06892350,0.7837057917043916,-0.2977131688515689,190
143,43,unmonitored_integrated,06893390,1.4667317903478017,-0.6929827767539019,25
143,43,unmonitored_integrated,06893890,0.5140092400737128,-0.006644482636603937,49
143,43,unmonitored_integrated,06893940,0.8246011222769964,0.10020085056331442,36
143,43,unmonitored_integrated,06930800,1.6558275313630144,-1.0299045217667255,29
143,43,unmonitored_integrated,07053250,1.812567322742302,1.4972888551193333,49
143,43,unmonitored_integrated,07055814,1.6210983575705946,-1.382591103263926,10
143,43,unmonitored_integrated,07065495,0.8249565323383191,0.04972007595910705,37
143,43,unmonitored_integrated,07196500,1.5107890600608986,1.4318956815514998,28
143,43,unmonitored_integrated,07221500,2.2269395509193934,1.0848462690372567,55
143,43,unmonitored_integrated,07231975,3.1245012956328626,-2.5211840524730973,16
143,43,unmonitored_integrated,401733105392404,0.505648275362938,-0.4303682357584207,409
143,43,unmonitored_residual,03037525,0.5011087534377295,-0.21389313994348821,30
143,43,unmonitored_residual,03049652,0.6071844879892347,-0.5780395797652291,44
143,43,unmonitored_residual,03072000,0.7692002689515147,-0.5243231218337213,30
143,43,unmonitored_residual,03144270,1.6804754841865648,-0.03926577100502738,31
143,43,unmonitored_residual,03201722,1.027688227906939,-0.47388782777449695,36
143,43,unmonitored_residual,03207962,1.536929024183393,-1.0475090160753875,21
143,43,unmonitored_residual,03353600,1.3421478789658394,0.38224134784888275,26
143,43,unmonitored_residual,03353637,1.615799450940356,1.176106381555042,101
143,43,unmonitored_residual,03373530,2.74581747250262,0.6074757113561275,27
143,43,unmonitored_residual,03460000,3.093164096491182,-2.8208749004146574,72
143,43,unmonitored_residual,03524550,1.359565086866711,-0.4655960790220381,24
143,43,unmonitored_residual,03575100,2.4718829896457897,2.4138031456874702,24
143,43,unmonitored_residual,05322000,1.7626422166886728,-1.5078518599381017,38
143,43,unmonitored_residual,05331580,0.992482065156008,-0.5099073967269446,186
143,43,unmonitored_residual,05418600,1.031639939788611,0.03825851678837912,118
143,43,unmonitored_residual,05449500,1.4289527643123512,-1.3632985202889516,56
143,43,unmonitored_residual,05457750,0.7781289823863857,-0.2611524178828908,19
143,43,unmonitored_residual,05463050,1.4927995840318935,-1.0860387583378406,22
143,43,unmonitored_residual,05531500,4.6807344932682255,-4.578882433197488,19
143,43,unmonitored_residual,05568000,1.122666626296398,1.1173541303669954,37
143,43,unmonitored_residual,06177825,3.0659941776146256,-0.184744218986787,25
143,43,unmonitored_residual,06185500,0.9273195546961241,-0.43024629633611355,91
143,43,unmonitored_residual,06214500,1.13061986587659,0.7371530161136172,49
143,43,unmonitored_residual,06295000,1.4192386657536142,-0.36153191435221044,66
143,43,unmonitored_residual,06296003,3.306118789655533,-1.902610360954511,30
143,43,unmonitored_residual,06306300,1.9853563764217352,0.7143062572726416,61
143,43,unmonitored_residual,06307740,1.9084542784781553,-0.12326546499597957,25
143,43,unmonitored_residual,06331850,7.392196749007356,6.456050787487488,41
143,43,unmonitored_residual,06335750,5.309795578968022,-3.3845134608991065,45
143,43,unmonitored_residual,06336600,4.638684166743394,0.5870069521845779,39
143,43,unmonitored_residual,06338490,1.177449394307762,-0.5494067377613823,107
143,43,unmonitored_residual,06364700,6.080254028683478,-0.8789899853712048,35
143,43,unmonitored_residual,06440000,2.7989710586411873,-2.5167489384239956,35
143,43,unmonitored_residual,06485500,2.3357244974702844,-1.7522612862830231,89
143,43,unmonitored_residual,06611200,4.628985391164483,-4.394531302136001,24
143,43,unmonitored_residual,06719505,0.7298300563664489,0.675563702693885,29
143,43,unmonitored_residual,06720500,4.932125608984154,-4.932125608984154,56
143,43,unmonitored_residual,06721500,0.9188918507054993,-0.6870778477362153,32
143,43,unmonitored_residual,06731000,0.4139747710974762,-0.14517397760072984,30
143,43,unmonitored_residual,06734900,0.8387956423627896,-0.7997220331191567,32
143,43,unmonitored_residual,06775900,2.427713581859814,2.361808134808854,200
143,43,unmonitored_residual,06891500,1.0087810385442537,0.18110838729397302,33
143,43,unmonitored_residual,06892350,0.803976092122771,-0.267132693415279,190
143,43,unmonitored_residual,06893390,1.4902857572104014,-0.858019455041384,25
143,43,unmonitored_residual,06893890,0.5391354054255469,-0.020552910031726587,49
143,43,unmonitored_residual,06893940,0.8038673720943302,0.013450010728680942,36
143,43,unmonitored_residual,06930800,1.6477609214670992,-1.014723921983379,29
143,43,unmonitored_residual,07053250,1.8295336434225986,1.5214182804326561,49
143,43,unmonitored_residual,07055814,1.6205049686834279,-1.4384478136783905,10
143,43,unmonitored_residual,07065495,0.8290933345103738,0.04236532751087719,37
143,43,unmonitored_residual,07196500,1.579753217028482,1.5164318674947534,28
143,43,unmonitored_residual,07221500,2.467896648726869,1.4908480994566824,55
143,43,unmonitored_residual,07231975,3.081041746866239,-2.327136133558232,16
143,43,unmonitored_residual,401733105392404,0.46059900763672745,-0.29026996492089374,409
143,44,current_model,03037525,0.587784607297929,-0.480478029688286,30
143,44,current_model,03049652,0.42718504314295275,-0.13681829640685386,44
143,44,current_model,03072000,0.7075804112440127,-0.4699799448720683,30
143,44,current_model,03144270,1.5885205569652172,-0.6942764896603011,31
143,44,current_model,03201722,1.1168109872137981,-0.14551890481221388,36
143,44,current_model,03207962,1.5184002083954609,-0.3654215711981132,21
143,44,current_model,03353600,1.339722261219225,0.009723411248033074,26
143,44,current_model,03353637,0.9782832580593215,0.06615059115237287,101
143,44,current_model,03373530,2.5130073411891467,0.3182935696717887,27
143,44,current_model,03460000,3.0652262787076885,-2.6663890566488178,72
143,44,current_model,03524550,1.3101647552394233,-0.6619569045437235,24
143,44,current_model,03575100,1.9833156983821938,1.8547324650563184,24
143,44,current_model,05322000,2.0098924486238463,-1.769139310249989,38
143,44,current_model,05331580,1.103312907702908,-0.7423252039291034,186
143,44,current_model,05418600,1.073191019287018,0.17842520310714052,118
143,44,current_model,05449500,1.2870230832315592,-1.0771288785578894,56
143,44,current_model,05457750,0.9099002683705025,0.23217757854592133,19
143,44,current_model,05463050,1.599794043563346,-1.0947615111561677,22
143,44,current_model,05531500,4.217848703462858,-3.5812779540028856,19
143,44,current_model,05568000,0.821488367798217,0.7754356159498788,37
143,44,current_model,06177825,2.750789646446502,-1.2822807894221384,25
143,44,current_model,06185500,0.9988464987199325,-0.7814719003630748,91
143,44,current_model,06214500,1.4372567844509772,0.9484026021009422,49
143,44,current_model,06295000,1.497313930436167,-0.9272869896332848,66
143,44,current_model,06296003,3.146597654817712,-1.353939944057204,30
143,44,current_model,06306300,1.6410379330765625,0.20934025671544731,61
143,44,current_model,06307740,2.084920213915041,-0.3209425963713562,25
143,44,current_model,06331850,6.666055285469067,5.476078896310475,41
143,44,current_model,06335750,5.167152659715842,-3.057537778242347,45
143,44,current_model,06336600,4.372777721622626,-1.269874274590681,39
143,44,current_model,06338490,1.2983827541368003,0.059029814471172046,107
143,44,current_model,06364700,6.5252546235274025,-0.268097371841709,35
143,44,current_model,06440000,3.0497399341750633,-2.9842294417742976,35
143,44,current_model,06485500,2.212743649565261,-1.343145128876989,89
143,44,current_model,06611200,4.720003224359261,-4.475301581220705,24
143,44,current_model,06719505,0.5647864069351346,0.4665938802111357,29
143,44,current_model,06720500,4.373902685657793,-4.373902685657793,56
143,44,current_model,06721500,1.042855805660572,-0.8050464195277285,32
143,44,current_model,06731000,1.2795607213596887,1.224766452672209,30
143,44,current_model,06734900,0.5474740514204463,-0.36986736304642465,32
143,44,current_model,06775900,2.335815971271697,2.2789850002419816,200
143,44,current_model,06891500,1.2191298807831585,0.861938039558337,33
143,44,current_model,06892350,0.9059854346827992,-0.3548546257299623,190
143,44,current_model,06893390,1.9294792902387925,0.6157962293210619,25
143,44,current_model,06893890,0.5767919360186674,-0.2113936879210209,49
143,44,current_model,06893940,1.0638089609860375,0.6512442939208632,36
143,44,current_model,06930800,1.6752385670470025,-0.9380508159163239,29
143,44,current_model,07053250,1.8928103650724208,1.5860336590055282,49
143,44,current_model,07055814,1.6507906333080045,-1.2793835498334243,10
143,44,current_model,07065495,0.8241497965399925,0.06658883063418956,37
143,44,current_model,07196500,1.4819228436369032,1.4155230475803828,28
143,44,current_model,07221500,3.5105484973738483,2.829021487202413,55
143,44,current_model,07231975,2.6739533248134264,-0.2911170665177685,16
143,44,current_model,401733105392404,0.6681511829085895,-0.6437652988535345,409
143,44,matched_daily_trees,03037525,0.5289658208357131,0.24742818690958168,30
143,44,matched_daily_trees,03049652,0.4183171873657148,-0.08620259352911704,44
143,44,matched_daily_trees,03072000,0.634995551432138,-0.009875198861943007,30
143,44,matched_daily_trees,03144270,1.646978828140923,-0.24238447642625519,31
143,44,matched_daily_trees,03201722,1.1247177332620344,-0.0068527721769900225,36
143,44,matched_daily_trees,03207962,1.4646710208299802,-0.7616373123911891,21
143,44,matched_daily_trees,03353600,1.443924776326458,0.689879016021518,26
143,44,matched_daily_trees,03353637,1.8164276802527188,1.4101004170285698,101
143,44,matched_daily_trees,03373530,2.9684070103088636,0.7710375154238349,27
143,44,matched_daily_trees,03460000,2.9337265589566304,-2.2226826300138742,72
143,44,matched_daily_trees,03524550,1.6383931845438424,0.04850659978101535,24
143,44,matched_daily_trees,03575100,2.4717855801741853,2.388140197314494,24
143,44,matched_daily_trees,05322000,1.3313769879201471,-0.7581622519367408,38
143,44,matched_daily_trees,05331580,1.0530018929517253,-0.5923507020095374,186
143,44,matched_daily_trees,05418600,1.4224360280869082,0.8296785156651632,118
143,44,matched_daily_trees,05449500,1.0846561235444252,-0.5512743323843013,56
143,44,matched_daily_trees,05457750,0.8305593723051728,0.00222866523058185,19
143,44,matched_daily_trees,05463050,1.4420901184270187,-0.9872140282132196,22
143,44,matched_daily_trees,05531500,4.61738819060745,-4.601980496230747,19
143,44,matched_daily_trees,05568000,1.2712048271745569,1.269438319801332,37
143,44,matched_daily_trees,06177825,2.8150629671058165,-0.4175093588796159,25
143,44,matched_daily_trees,06185500,1.511127507039789,0.6370018327061823,91
143,44,matched_daily_trees,06214500,1.9162026855720118,1.6895264691675387,49
143,44,matched_daily_trees,06295000,1.8249776132050053,0.29525459733781867,66
143,44,matched_daily_trees,06296003,3.4047548235021474,-1.9298680841493443,30
143,44,matched_daily_trees,06306300,2.391516770267651,1.0573151617896837,61
143,44,matched_daily_trees,06307740,2.144329547017198,-0.9946624309632832,25
143,44,matched_daily_trees,06331850,5.6628197793358765,3.9944064654038067,41
143,44,matched_daily_trees,06335750,6.595768126409788,-5.3388569653185485,45
143,44,matched_daily_trees,06336600,4.411913085543292,-0.6249603175646846,39
143,44,matched_daily_trees,06338490,1.2473904282018342,-0.06937233707617602,107
143,44,matched_daily_trees,06364700,5.7267533533500075,-2.104379998992944,35
143,44,matched_daily_trees,06440000,2.9094419111821215,-2.255330538762836,35
143,44,matched_daily_trees,06485500,2.3572341515955118,-1.2799149256539883,89
143,44,matched_daily_trees,06611200,5.266259446226618,-5.202221850482742,24
143,44,matched_daily_trees,06719505,1.1745359175916497,1.122660304323784,29
143,44,matched_daily_trees,06720500,4.520167952400245,-4.520167952400245,56
143,44,matched_daily_trees,06721500,1.2078195632392215,-1.1412129930277726,32
143,44,matched_daily_trees,06731000,0.4716787742401139,-0.31787040219844814,30
143,44,matched_daily_trees,06734900,0.5688059830921519,-0.4439480013890218,32
143,44,matched_daily_trees,06775900,3.246843943664725,3.2117288018705703,200
143,44,matched_daily_trees,06891500,0.7566942824023013,-0.18615007434029798,33
143,44,matched_daily_trees,06892350,0.7244393383283184,-0.2399594305279518,190
143,44,matched_daily_trees,06893390,1.4439133421619337,-0.5447750412667922,25
143,44,matched_daily_trees,06893890,0.5644767970590552,0.2188693534087541,49
143,44,matched_daily_trees,06893940,1.1917918503490716,0.8813012591791959,36
143,44,matched_daily_trees,06930800,1.7055188519907034,-0.9190971572024711,29
143,44,matched_daily_trees,07053250,2.1890404582851515,1.9046869018623556,49
143,44,matched_daily_trees,07055814,1.5469427971886067,-0.8729518829484852,10
143,44,matched_daily_trees,07065495,1.121177698886759,0.5621395662545999,37
143,44,matched_daily_trees,07196500,1.6415318118050528,1.5802554849955703,28
143,44,matched_daily_trees,07221500,2.0961575556945964,0.7113826577966423,55
143,44,matched_daily_trees,07231975,3.245656588920994,-3.0039034131052404,16
143,44,matched_daily_trees,401733105392404,0.49186516106354283,-0.4222188764621021,409
143,44,nonlinear_native_integrated,03037525,0.5033988709470278,-0.28096512801975077,30
143,44,nonlinear_native_integrated,03049652,0.48094167990596387,-0.40900936146612654,44
143,44,nonlinear_native_integrated,03072000,0.6396718783468022,-0.40823799329430316,30
143,44,nonlinear_native_integrated,03144270,1.562468120437684,-0.8999399536959178,31
143,44,nonlinear_native_integrated,03201722,1.0384655605507414,-0.15982006307635574,36
143,44,nonlinear_native_integrated,03207962,1.4927209181226766,-0.712144422267746,21
143,44,nonlinear_native_integrated,03353600,1.170556097672132,-0.0377375414396769,26
143,44,nonlinear_native_integrated,03353637,1.073314207887327,0.3328652133094681,101
143,44,nonlinear_native_integrated,03373530,2.5504889540382525,0.3109957836912021,27
143,44,nonlinear_native_integrated,03460000,2.828914839321918,-2.3689958812433036,72
143,44,nonlinear_native_integrated,03524550,1.377651561554272,-0.34878022417814414,24
143,44,nonlinear_native_integrated,03575100,1.866636987263931,1.6761425854085905,24
143,44,nonlinear_native_integrated,05322000,2.1710947305454944,-1.9068262721238598,38
143,44,nonlinear_native_integrated,05331580,1.02903529442045,-0.6478745023044696,186
143,44,nonlinear_native_integrated,05418600,1.0266703734383793,-0.017162457261384448,118
143,44,nonlinear_native_integrated,05449500,1.4131900894572027,-1.3459257669590632,56
143,44,nonlinear_native_integrated,05457750,0.8821876905992729,0.3545725464179171,19
143,44,nonlinear_native_integrated,05463050,1.5075292264566935,-0.8561160378045307,22
143,44,nonlinear_native_integrated,05531500,4.27215080440492,-3.7503273684753338,19
143,44,nonlinear_native_integrated,05568000,0.9471034040042506,0.922006824438073,37
143,44,nonlinear_native_integrated,06177825,3.0109821620673602,-1.3993422820841692,25
143,44,nonlinear_native_integrated,06185500,0.9660380897140871,-0.6389421292649754,91
143,44,nonlinear_native_integrated,06214500,1.27000984524435,0.7775805757876009,49
143,44,nonlinear_native_integrated,06295000,1.3824710856087754,-0.8178684069051837,66
143,44,nonlinear_native_integrated,06296003,3.040491096614835,-1.4075599926062607,30
143,44,nonlinear_native_integrated,06306300,1.4726747597238459,-0.04895361074897979,61
143,44,nonlinear_native_integrated,06307740,1.9569277075318445,-0.46871734955075034,25
143,44,nonlinear_native_integrated,06331850,6.9074510386748935,5.905079654368167,41
143,44,nonlinear_native_integrated,06335750,5.051824319105146,-2.863010417745637,45
143,44,nonlinear_native_integrated,06336600,4.143181541950808,-0.4809901678797047,39
143,44,nonlinear_native_integrated,06338490,1.190297586210502,-0.18864457099827983,107
143,44,nonlinear_native_integrated,06364700,6.230469154468075,-0.5426844825864273,35
143,44,nonlinear_native_integrated,06440000,3.112955197002561,-3.0437824840150376,35
143,44,nonlinear_native_integrated,06485500,2.418210210269287,-1.948930656348428,89
143,44,nonlinear_native_integrated,06611200,4.7789812411527075,-4.628143072347563,24
143,44,nonlinear_native_integrated,06719505,0.6421436809506227,0.5844240285400902,29
143,44,nonlinear_native_integrated,06720500,4.9443716742892505,-4.9443716742892505,56
143,44,nonlinear_native_integrated,06721500,0.9277357686932829,-0.6252911405619136,32
143,44,nonlinear_native_integrated,06731000,0.6863493159011088,0.5514041662309005,30
143,44,nonlinear_native_integrated,06734900,0.7506882193266773,-0.6967313821876873,32
143,44,nonlinear_native_integrated,06775900,1.8402201357761216,1.7300067945624813,200
143,44,nonlinear_native_integrated,06891500,1.0063766091222615,0.3095493666716216,33
143,44,nonlinear_native_integrated,06892350,0.8205876248088593,-0.27784288607337154,190
143,44,nonlinear_native_integrated,06893390,1.5882204873969143,0.07188813308326089,25
143,44,nonlinear_native_integrated,06893890,0.5392159224957422,-0.3366037868680001,49
143,44,nonlinear_native_integrated,06893940,0.8491092382690824,0.17658393396575583,36
143,44,nonlinear_native_integrated,06930800,1.630650693553513,-0.9013352472830498,29
143,44,nonlinear_native_integrated,07053250,2.143372469442517,1.8495951001963467,49
143,44,nonlinear_native_integrated,07055814,1.715439011842165,-1.4239411806889766,10
143,44,nonlinear_native_integrated,07065495,0.8489791226840052,0.1246290009603229,37
143,44,nonlinear_native_integrated,07196500,1.687856288612673,1.645691057303465,28
143,44,nonlinear_native_integrated,07221500,2.955988984856249,2.160349278176877,55
143,44,nonlinear_native_integrated,07231975,2.924472814097154,-1.8341327016828561,16
143,44,nonlinear_native_integrated,401733105392404,0.5591943260742371,-0.5358960736970485,409
143,44,nonlinear_native_residual,03037525,0.5136972154981571,-0.36086650072429466,30
143,44,nonlinear_native_residual,03049652,0.48545054133775306,-0.42002680049894675,44
143,44,nonlinear_native_residual,03072000,0.6693744550578425,-0.4762420189170029,30
143,44,nonlinear_native_residual,03144270,1.5901694934247739,-0.9656134037200833,31
143,44,nonlinear_native_residual,03201722,1.0386408206400413,-0.1787716559463409,36
143,44,nonlinear_native_residual,03207962,1.5016264000586494,-0.5608649053201512,21
143,44,nonlinear_native_residual,03353600,1.1368038984123767,-0.28321284402942143,26
143,44,nonlinear_native_residual,03353637,0.9410048783761654,-0.009244421073110867,101
143,44,nonlinear_native_residual,03373530,2.513868192922463,0.3022888826340067,27
143,44,nonlinear_native_residual,03460000,2.840450459532202,-2.251332928293352,72
143,44,nonlinear_native_residual,03524550,1.3687894802738647,-0.397649399747422,24
143,44,nonlinear_native_residual,03575100,1.816065535165249,1.6383582893809596,24
143,44,nonlinear_native_residual,05322000,2.4263691991282608,-2.210688684813872,38
143,44,nonlinear_native_residual,05331580,1.1539239072113312,-0.8670345155668038,186
143,44,nonlinear_native_residual,05418600,1.047760709593553,-0.0013854069930239188,118
143,44,nonlinear_native_residual,05449500,1.4731190638594451,-1.3939310760709211,56
143,44,nonlinear_native_residual,05457750,0.9898473918160551,0.561208185062808,19
143,44,nonlinear_native_residual,05463050,1.5458485963034014,-0.774397246814459,22
143,44,nonlinear_native_residual,05531500,4.3050752699256245,-3.5916316675511255,19
143,44,nonlinear_native_residual,05568000,0.9756771603106623,0.9523438116183026,37
143,44,nonlinear_native_residual,06177825,3.0696480535606168,-1.546831680032688,25
143,44,nonlinear_native_residual,06185500,1.016676993840827,-0.8527730799252294,91
143,44,nonlinear_native_residual,06214500,1.350166082658856,0.8640572700219383,49
143,44,nonlinear_native_residual,06295000,1.4254382654177966,-0.9223559120011577,66
143,44,nonlinear_native_residual,06296003,2.960659957418324,-1.1285058847446259,30
143,44,nonlinear_native_residual,06306300,1.429431509312365,-0.12681457532446183,61
143,44,nonlinear_native_residual,06307740,1.9235865388576046,-0.20390083134753223,25
143,44,nonlinear_native_residual,06331850,7.222304039835889,6.269343771882816,41
143,44,nonlinear_native_residual,06335750,4.895357114304992,-2.298094531196177,45
143,44,nonlinear_native_residual,06336600,4.144560383355782,-0.5705997504342455,39
143,44,nonlinear_native_residual,06338490,1.2614214910412378,-0.03843474222443934,107
143,44,nonlinear_native_residual,06364700,6.545499873744237,-0.10292955291429402,35
143,44,nonlinear_native_residual,06440000,3.2301518483778464,-3.202016234421499,35
143,44,nonlinear_native_residual,06485500,2.4417265324039037,-1.9610531205109885,89
143,44,nonlinear_native_residual,06611200,4.610050101415538,-4.380016040404651,24
143,44,nonlinear_native_residual,06719505,0.5857970825888794,0.5299368647400859,29
143,44,nonlinear_native_residual,06720500,4.859000302301111,-4.859000302301111,56
143,44,nonlinear_native_residual,06721500,0.9443299769008693,-0.42299472911694724,32
143,44,nonlinear_native_residual,06731000,1.160941266260636,1.1104165844297242,30
143,44,nonlinear_native_residual,06734900,0.6478287825806344,-0.5612093399393474,32
143,44,nonlinear_native_residual,06775900,1.5635736140398797,1.4286724588451656,200
143,44,nonlinear_native_residual,06891500,1.106216256726382,0.5561256680975702,33
143,44,nonlinear_native_residual,06892350,0.848383310887737,-0.14189727444962486,190
143,44,nonlinear_native_residual,06893390,1.680505152486563,0.2564166247436432,25
143,44,nonlinear_native_residual,06893890,0.6127236506486684,-0.47416247218924845,49
143,44,nonlinear_native_residual,06893940,0.8352941675130646,0.12708038093650023,36
143,44,nonlinear_native_residual,06930800,1.6051911490592212,-0.7502045556326337,29
143,44,nonlinear_native_residual,07053250,2.270451401755782,1.98260326996678,49
143,44,nonlinear_native_residual,07055814,1.7428599958198543,-1.4861426259735044,10
143,44,nonlinear_native_residual,07065495,0.8719143097645464,0.17525492632928913,37
143,44,nonlinear_native_residual,07196500,1.7968122710055907,1.7708743708793755,28
143,44,nonlinear_native_residual,07221500,3.527697692169179,2.8810140980780377,55
143,44,nonlinear_native_residual,07231975,2.899130681917664,-1.28795281045368,16
143,44,nonlinear_native_residual,401733105392404,0.5000288488693803,-0.4447646779854081,409
143,44,station_hidden_trees,03037525,0.520243365648339,0.05439328423247848,30
143,44,station_hidden_trees,03049652,0.41983561666327707,-0.2312155753596648,44
143,44,station_hidden_trees,03072000,0.5981709330341467,-0.129019240467547,30
143,44,station_hidden_trees,03144270,1.5545664636785885,-0.6569232542628592,31
143,44,station_hidden_trees,03201722,1.055333329255138,-0.08348937492175237,36
143,44,station_hidden_trees,03207962,1.528806650036011,-0.9918111149211448,21
143,44,station_hidden_trees,03353600,1.3306902784851375,0.5025275120032434,26
143,44,station_hidden_trees,03353637,1.61850709250694,1.180573045875181,101
143,44,station_hidden_trees,03373530,2.6319546380332786,0.2722137773819174,27
143,44,station_hidden_trees,03460000,2.9929060241077687,-2.521155341395144,72
143,44,station_hidden_trees,03524550,1.5981511495446694,0.012377048100063515,24
143,44,station_hidden_trees,03575100,2.0383640989337155,1.8138730954429427,24
143,44,station_hidden_trees,05322000,1.4419937716527667,-0.8797725004700823,38
143,44,station_hidden_trees,05331580,0.9671456801070853,-0.3765700753703716,186
143,44,station_hidden_trees,05418600,1.2340482046879913,0.45619254792158637,118
143,44,station_hidden_trees,05449500,1.12758028920493,-0.9480426890316174,56
143,44,station_hidden_trees,05457750,0.7457070380042244,0.03622655537118228,19
143,44,station_hidden_trees,05463050,1.3673670296387135,-0.8303950516377057,22
143,44,station_hidden_trees,05531500,4.363911740189817,-4.3026563636565305,19
143,44,station_hidden_trees,05568000,1.079804840647246,1.059379045786072,37
143,44,station_hidden_trees,06177825,2.987539079567774,-0.343595139476734,25
143,44,station_hidden_trees,06185500,1.3209739514505365,0.3492539186785076,91
143,44,station_hidden_trees,06214500,1.6905578097852305,1.45370752753152,49
143,44,station_hidden_trees,06295000,1.7202799606277264,0.28407518853893116,66
143,44,station_hidden_trees,06296003,3.229632987071555,-1.6327525895217074,30
143,44,station_hidden_trees,06306300,2.314122034078538,0.9963134430938346,61
143,44,station_hidden_trees,06307740,1.9289103393022073,-0.6689645135460567,25
143,44,station_hidden_trees,06331850,6.4305797415956825,5.360964580395516,41
143,44,station_hidden_trees,06335750,5.586512060319828,-4.027793432240174,45
143,44,station_hidden_trees,06336600,4.413750045767385,0.4531049289142844,39
143,44,station_hidden_trees,06338490,1.143600246024011,-0.2910340964659352,107
143,44,station_hidden_trees,06364700,5.821684213915603,-1.3962555914622186,35
143,44,station_hidden_trees,06440000,2.9310305650488075,-2.3322070011306906,35
143,44,station_hidden_trees,06485500,2.371516248468553,-1.6031159531437498,89
143,44,station_hidden_trees,06611200,5.0768637215071815,-5.009284799024475,24
143,44,station_hidden_trees,06719505,1.2908108676728325,1.2789786337513533,29
143,44,station_hidden_trees,06720500,4.623900358414201,-4.623900358414201,56
143,44,station_hidden_trees,06721500,0.9465483972424203,-0.7450343696255395,32
143,44,station_hidden_trees,06731000,0.6389001855936443,-0.5367345420344838,30
143,44,station_hidden_trees,06734900,0.6263165771009679,-0.5455579814150101,32
143,44,station_hidden_trees,06775900,3.0989021206316245,3.0578219474283723,200
143,44,station_hidden_trees,06891500,0.8211118649446486,-0.48129082209238666,33
143,44,station_hidden_trees,06892350,0.7373609469004636,-0.35362223576338697,190
143,44,station_hidden_trees,06893390,1.3915168299057858,-0.6955344856193634,25
143,44,station_hidden_trees,06893890,0.4743929233585002,0.015678097963773976,49
143,44,station_hidden_trees,06893940,0.8614312705726256,0.21809632684956337,36
143,44,station_hidden_trees,06930800,1.7437507606006273,-1.1814042115970904,29
143,44,station_hidden_trees,07053250,2.0538985984265152,1.740078450860308,49
143,44,station_hidden_trees,07055814,1.6018606620789761,-1.0779451693752224,10
143,44,station_hidden_trees,07065495,0.9588984211088873,0.2879854837806662,37
143,44,station_hidden_trees,07196500,1.71108509702534,1.6653199602237918,28
143,44,station_hidden_trees,07221500,2.13907086957367,0.9686924981664777,55
143,44,station_hidden_trees,07231975,3.791274395286739,-3.6702349334233073,16
143,44,station_hidden_trees,401733105392404,0.5251134454167873,-0.49899875658112797,409
143,44,unmonitored_integrated,03037525,0.4987375672582435,-0.22623870842188662,30
143,44,unmonitored_integrated,03049652,0.47745027598995987,-0.39497859314175954,44
143,44,unmonitored_integrated,03072000,0.666297664916892,-0.37979756081097277,30
143,44,unmonitored_integrated,03144270,1.5356997433268413,-0.8684856799259855,31
143,44,unmonitored_integrated,03201722,1.0535807143690763,-0.06754058707915364,36
143,44,unmonitored_integrated,03207962,1.5005215297632135,-0.6362849527065736,21
143,44,unmonitored_integrated,03353600,1.2509322744114815,0.11549578252296569,26
143,44,unmonitored_integrated,03353637,1.1295783316809727,0.4269231521495977,101
143,44,unmonitored_integrated,03373530,2.5634797055489456,0.3664500228369513,27
143,44,unmonitored_integrated,03460000,2.8605593892768586,-2.434498763247088,72
143,44,unmonitored_integrated,03524550,1.4276977326159666,-0.3428884028309671,24
143,44,unmonitored_integrated,03575100,1.78816699162185,1.54720383714018,24
143,44,unmonitored_integrated,05322000,1.978469921989121,-1.6491727112423078,38
143,44,unmonitored_integrated,05331580,0.9567323850962937,-0.5084891597440614,186
143,44,unmonitored_integrated,05418600,1.0620559099221938,0.07011798608329119,118
143,44,unmonitored_integrated,05449500,1.383691311372866,-1.3164087549427477,56
143,44,unmonitored_integrated,05457750,0.8746982364510337,0.32301751538380197,19
143,44,unmonitored_integrated,05463050,1.4882197169322955,-0.8853885120049106,22
143,44,unmonitored_integrated,05531500,4.167882228629666,-3.5011898235688803,19
143,44,unmonitored_integrated,05568000,1.0160349468320236,0.9998485617079248,37
143,44,unmonitored_integrated,06177825,3.053907967598529,-1.1683323982780598,25
143,44,unmonitored_integrated,06185500,0.9426672684723957,-0.6501126774983326,91
143,44,unmonitored_integrated,06214500,1.1944958449079583,0.7290117243305664,49
143,44,unmonitored_integrated,06295000,1.3817760022624632,-0.8137010660399944,66
143,44,unmonitored_integrated,06296003,3.0443656515664594,-1.1420057867192412,30
143,44,unmonitored_integrated,06306300,1.5308115115115066,0.06247633962606905,61
143,44,unmonitored_integrated,06307740,1.8715050003376554,-0.12400084742071876,25
143,44,unmonitored_integrated,06331850,6.973947533741513,5.984104889486103,41
143,44,unmonitored_integrated,06335750,5.067756339442935,-2.793819765573866,45
143,44,unmonitored_integrated,06336600,4.2686023197714436,-0.2565333926267825,39
143,44,unmonitored_integrated,06338490,1.1832848825320066,-0.18612682690895102,107
143,44,unmonitored_integrated,06364700,6.320681261854204,-0.3566701415556253,35
143,44,unmonitored_integrated,06440000,3.055694412708386,-2.9793769937699,35
143,44,unmonitored_integrated,06485500,2.398255192359106,-1.8836940125126933,89
143,44,unmonitored_integrated,06611200,4.749503201236496,-4.546639296678301,24
143,44,unmonitored_integrated,06719505,0.5311556230577247,0.4369953433189115,29
143,44,unmonitored_integrated,06720500,5.025878544294398,-5.025878544294398,56
143,44,unmonitored_integrated,06721500,0.9432298867244004,-0.5276607203278592,32
143,44,unmonitored_integrated,06731000,0.6550693027272901,0.49347468391989013,30
143,44,unmonitored_integrated,06734900,0.7594990443468685,-0.7066445549497133,32
143,44,unmonitored_integrated,06775900,1.9961019845025434,1.901247086102061,200
143,44,unmonitored_integrated,06891500,1.0610857730654175,0.4018461084051184,33
143,44,unmonitored_integrated,06892350,0.8385383197403772,-0.3605520808789427,190
143,44,unmonitored_integrated,06893390,1.6966111604090364,0.4408572645678886,25
143,44,unmonitored_integrated,06893890,0.5436619267270231,-0.3300007627758203,49
143,44,unmonitored_integrated,06893940,0.8539079649164437,0.1871352432176032,36
143,44,unmonitored_integrated,06930800,1.6455458581058182,-0.8908016657791581,29
143,44,unmonitored_integrated,07053250,2.2229498573042723,1.945057805262052,49
143,44,unmonitored_integrated,07055814,1.7056266910733318,-1.41610640792334,10
143,44,unmonitored_integrated,07065495,0.8409861909416835,0.13566973752906214,37
143,44,unmonitored_integrated,07196500,1.6672917663510745,1.6249054755172796,28
143,44,unmonitored_integrated,07221500,2.85839952930633,2.053958632466295,55
143,44,unmonitored_integrated,07231975,2.9635598624848973,-1.839721760305574,16
143,44,unmonitored_integrated,401733105392404,0.5010557531500434,-0.43445259999537583,409
143,44,unmonitored_residual,03037525,0.5132713702271271,-0.2878979412604758,30
143,44,unmonitored_residual,03049652,0.4800318592278293,-0.4013191093997907,44
143,44,unmonitored_residual,03072000,0.7114207596669145,-0.4383214422725624,30
143,44,unmonitored_residual,03144270,1.5467730661339543,-0.92367437202684,31
143,44,unmonitored_residual,03201722,1.0627291617498584,-0.055732354616738075,36
143,44,unmonitored_residual,03207962,1.5097239974026513,-0.45971894590525464,21
143,44,unmonitored_residual,03353600,1.2050064373777363,-0.07890174541256464,26
143,44,unmonitored_residual,03353637,0.9888345332231455,0.11616616404706193,101
143,44,unmonitored_residual,03373530,2.5311891949367205,0.3762278681616723,27
143,44,unmonitored_residual,03460000,2.8704990247212354,-2.3386701042983975,72
143,44,unmonitored_residual,03524550,1.4387444325212433,-0.389793637951186,24
143,44,unmonitored_residual,03575100,1.711438874309141,1.4664399583564123,24
143,44,unmonitored_residual,05322000,2.1574520659789127,-1.8671506036384695,38
143,44,unmonitored_residual,05331580,1.0407255271204001,-0.6811873921529263,186
143,44,unmonitored_residual,05418600,1.0971187934970374,0.1149885174665436,118
143,44,unmonitored_residual,05449500,1.438557814670206,-1.3545750600491673,56
143,44,unmonitored_residual,05457750,0.981500572840343,0.5191348103506546,19
143,44,unmonitored_residual,05463050,1.5202679252857436,-0.8134272124149656,22
143,44,unmonitored_residual,05531500,4.2764536895803325,-3.259448274342521,19
143,44,unmonitored_residual,05568000,1.0679452791835278,1.0561327946447716,37
143,44,unmonitored_residual,06177825,3.1133052374293806,-1.238818501624542,25
143,44,unmonitored_residual,06185500,1.00284267261978,-0.8676671442363723,91
143,44,unmonitored_residual,06214500,1.2496553178718812,0.799298801412559,49
143,44,unmonitored_residual,06295000,1.4255197468133336,-0.9167994575142386,66
143,44,unmonitored_residual,06296003,2.982306945158025,-0.7744336102285996,30
143,44,unmonitored_residual,06306300,1.5021997590571459,0.021758691842269962,61
143,44,unmonitored_residual,06307740,1.8282605121958408,0.2557211714925099,25
143,44,unmonitored_residual,06331850,7.310966033258048,6.374710752040063,41
143,44,unmonitored_residual,06335750,4.922363717617831,-2.2058403283004826,45
143,44,unmonitored_residual,06336600,4.297698380889132,-0.27132405009701593,39
143,44,unmonitored_residual,06338490,1.2483165387909991,-0.03507775010533428,107
143,44,unmonitored_residual,06364700,6.678229764861583,0.1450895684601087,35
143,44,unmonitored_residual,06440000,3.1412285070882424,-3.1161422474279816,35
143,44,unmonitored_residual,06485500,2.4087922936088133,-1.8740709287300088,89
143,44,unmonitored_residual,06611200,4.582288447418534,-4.271344339512301,24
143,44,unmonitored_residual,06719505,0.4378130053983487,0.33336528444518093,29
143,44,unmonitored_residual,06720500,4.96767612897464,-4.96767612897464,56
143,44,unmonitored_residual,06721500,1.0042408456323266,-0.2928208354715415,32
143,44,unmonitored_residual,06731000,1.091596196038821,1.0331772746817103,30
143,44,unmonitored_residual,06734900,0.6593778312186795,-0.5744269036220488,32
143,44,unmonitored_residual,06775900,1.7709580912381935,1.6569928475646052,200
143,44,unmonitored_residual,06891500,1.2210804689217405,0.6791879904088994,33
143,44,unmonitored_residual,06892350,0.8560660388615066,-0.252176200857053,190
143,44,unmonitored_residual,06893390,1.8994244243371086,0.7483754667231467,25
143,44,unmonitored_residual,06893890,0.6128737552273646,-0.4653584400663421,49
143,44,unmonitored_residual,06893940,0.8399394796061844,0.1411487932722967,36
143,44,unmonitored_residual,06930800,1.625051368462295,-0.7361597802941112,29
143,44,unmonitored_residual,07053250,2.3765545855714563,2.1098868767210535,49
143,44,unmonitored_residual,07055814,1.7297769014614102,-1.475696262285989,10
143,44,unmonitored_residual,07065495,0.8630334356632494,0.1899759084209415,37
143,44,unmonitored_residual,07196500,1.7668053735028788,1.7431602618311282,28
143,44,unmonitored_residual,07221500,3.3854263797075212,2.7391599037972614,55
143,44,unmonitored_residual,07231975,2.8907196693277326,-1.2954048886173037,16
143,44,unmonitored_residual,401733105392404,0.4546657638046756,-0.3095067130498445,409
144,42,current_model,03040000,0.6524832942271487,0.5093548558779426,30
144,42,current_model,03049652,0.4450428145262728,-0.024458877760038123,44
144,42,current_model,03085000,0.5522012052979215,0.2945564129837588,127
144,42,current_model,03198350,0.34686447428385003,-0.002689909372329139,42
144,42,current_model,03201700,1.263248588263491,-0.29296295086676605,42
144,42,current_model,03201722,1.182438690721187,0.109134630757156,36
144,42,current_model,03212500,1.3391185876644534,0.16223236569399954,25
144,42,current_model,03281000,0.5529511152381555,-0.18561316909791356,35
144,42,current_model,03289500,2.258728355492832,-1.4842344787186446,45
144,42,current_model,03290500,1.008118819632907,-0.8258701821361335,58
144,42,current_model,03374100,1.1699680181196874,-0.9473725200803756,297
144,42,current_model,03474000,0.5066554819766009,0.14827418975772158,26
144,42,current_model,03568000,0.8569417467561644,0.7960893925632668,23
144,42,current_model,03575100,2.899892723341168,2.8554268787263983,24
144,42,current_model,03612500,0.5785313056779811,-0.40779835951086374,202
144,42,current_model,05320500,2.1379583579825168,-1.3847830293795365,14
144,42,current_model,05322000,1.5240611266330792,-0.7484481339150152,38
144,42,current_model,05330000,1.370823815122202,0.42359584432061015,44
144,42,current_model,05331833,1.3320051814197367,0.07274930579814039,29
144,42,current_model,05357239,3.7488975865099934,-3.354785283348277,103
144,42,current_model,05451080,1.2641739747082266,-0.8724692748226718,19
144,42,current_model,05451210,1.2552709410783598,-0.04615286322255131,238
144,42,current_model,05464420,1.6256356685465272,-0.6791260619882475,47
144,42,current_model,05526000,1.1533338600280456,-0.7526669810885179,39
144,42,current_model,05550000,2.18787107352047,-2.1476520387747664,39
144,42,current_model,05572000,0.7749976939437109,-0.057940520569333,43
144,42,current_model,05586300,0.5823665899720768,0.504565326746153,67
144,42,current_model,05587455,0.7418626618853265,-0.16243886380599099,303
144,42,current_model,06054500,1.1525254034068328,0.08197509478823618,26
144,42,current_model,06214500,1.0243779857994684,0.7590886888474815,49
144,42,current_model,06296003,3.2377061877741857,-0.7849496589991605,30
144,42,current_model,06296120,1.6760959014921042,-0.3435458956393875,41
144,42,current_model,06330000,3.72266391950103,-2.1675812374816186,80
144,42,current_model,06339100,7.377730587085607,-3.5222986566045473,43
144,42,current_model,06438000,53.09160459762309,-51.5368475211248,28
144,42,current_model,06611300,1.7759879264452163,0.4250001418122495,24
144,42,current_model,06698500,2.6683961031993997,-0.2302418268267083,42
144,42,current_model,06714000,1.7495884912473778,-1.3431668418065827,113
144,42,current_model,06805500,1.1871563566990326,-0.5287371773383224,300
144,42,current_model,06856600,2.341568152576228,-0.7159710280783756,22
144,42,current_model,06880800,2.0753664901399054,-0.7852344024107509,43
144,42,current_model,06884025,1.511480018261878,-1.3698252082191829,32
144,42,current_model,06890100,1.1192005104833729,-0.1611534626687455,41
144,42,current_model,06892350,0.784544906749611,-0.46741766152789144,190
144,42,current_model,06893150,0.9825578476651858,-0.5925319347147517,47
144,42,current_model,06893350,1.3904253977051149,-0.5239390887450168,17
144,42,current_model,06893500,1.528369969193531,-1.0263426861954614,43
144,42,current_model,06893564,3.388439965957863,-3.388439965957863,9
144,42,current_model,06923150,1.237785089243203,-0.5114120766060726,37
144,42,current_model,07053250,1.6518009340772895,1.328188632478512,49
144,42,current_model,07055646,0.6469940230831785,0.5549547240448245,56
144,42,current_model,07055814,1.65447701300908,-1.4801273082552746,10
144,42,current_model,07083000,0.8539378022391587,0.6926198831771146,27
144,42,current_model,07196500,1.606159891604793,1.5556733873466282,28
144,42,matched_daily_trees,03040000,1.044615720772035,0.913904081334768,30
144,42,matched_daily_trees,03049652,0.43364374536632383,-0.09909226327798396,44
144,42,matched_daily_trees,03085000,0.6872410784957825,0.5616049124896775,127
144,42,matched_daily_trees,03198350,0.6124688877132706,0.5928694400838438,42
144,42,matched_daily_trees,03201700,1.3703839424902615,0.30927776088136816,42
144,42,matched_daily_trees,03201722,1.1375996794008345,0.07532862319110642,36
144,42,matched_daily_trees,03212500,1.4378254753308495,0.2863467766612659,25
144,42,matched_daily_trees,03281000,0.6306869542530493,-0.051574412007713274,35
144,42,matched_daily_trees,03289500,2.2670819561273543,-1.1234670900561343,45
144,42,matched_daily_trees,03290500,0.902068515723399,-0.5906109550404718,58
144,42,matched_daily_trees,03374100,1.145296403410826,-0.4716253390268374,297
144,42,matched_daily_trees,03474000,0.7377698087379166,0.5932243781353382,26
144,42,matched_daily_trees,03568000,0.9793188277199014,0.9091016409515013,23
144,42,matched_daily_trees,03575100,2.963470229382646,2.941835932060988,24
144,42,matched_daily_trees,03612500,0.4891289536324632,-0.17359284447354714,202
144,42,matched_daily_trees,05320500,2.365830171508396,-1.7214239960174322,14
144,42,matched_daily_trees,05322000,1.5262378165554236,-0.827028022807041,38
144,42,matched_daily_trees,05330000,1.3461873074740007,-0.06048717186620975,44
144,42,matched_daily_trees,05331833,1.2710389437219047,-0.5128407087819636,29
144,42,matched_daily_trees,05357239,4.435778018248812,-4.237438450882039,103
144,42,matched_daily_trees,05451080,1.327172937871638,0.6739361190279589,19
144,42,matched_daily_trees,05451210,1.6483040185460067,0.5779939458451857,238
144,42,matched_daily_trees,05464420,1.9431643320840455,-0.06663694104977824,47
144,42,matched_daily_trees,05526000,1.0191166828935252,-0.2504720151668013,39
144,42,matched_daily_trees,05550000,2.4777388905301256,-2.455930235550997,39
144,42,matched_daily_trees,05572000,1.0189114014995557,0.7055105189500922,43
144,42,matched_daily_trees,05586300,0.9435885423301967,0.925209617047921,67
144,42,matched_daily_trees,05587455,0.7334836061421415,-0.23415712288063936,303
144,42,matched_daily_trees,06054500,1.2235221151355906,0.4931999046729486,26
144,42,matched_daily_trees,06214500,1.5695718031278088,1.2935037320394336,49
144,42,matched_daily_trees,06296003,3.2367053048693304,-1.6544110195264208,30
144,42,matched_daily_trees,06296120,1.7473579106150585,0.006085072388197364,41
144,42,matched_daily_trees,06330000,3.8024274234448674,-1.9416972168849487,80
144,42,matched_daily_trees,06339100,7.106194032449706,-4.202987385583008,43
144,42,matched_daily_trees,06438000,53.25194229624516,-51.63045468525245,28
144,42,matched_daily_trees,06611300,1.5816728588747815,-0.19985036826765432,24
144,42,matched_daily_trees,06698500,2.671623305201525,-0.7533443540814965,42
144,42,matched_daily_trees,06714000,1.695210217873027,-1.0684725696397273,113
144,42,matched_daily_trees,06805500,1.19043290967435,-0.2691348480685768,300
144,42,matched_daily_trees,06856600,2.319349713645516,-0.9748256640089388,22
144,42,matched_daily_trees,06880800,2.243422811902043,-0.41571016312972275,43
144,42,matched_daily_trees,06884025,1.4031241051838985,-0.6212106010731874,32
144,42,matched_daily_trees,06890100,1.2430187362556833,-0.03657381317053269,41
144,42,matched_daily_trees,06892350,0.6985983541194122,-0.07779540769595635,190
144,42,matched_daily_trees,06893150,0.9445755032526113,-0.5427253378301774,47
144,42,matched_daily_trees,06893350,1.4786596121347788,-0.4105407824256158,17
144,42,matched_daily_trees,06893500,1.4833500049775394,-1.1243612489643449,43
144,42,matched_daily_trees,06893564,2.610091860731701,-2.551105191827124,9
144,42,matched_daily_trees,06923150,1.4393511104818622,0.21181273143924917,37
144,42,matched_daily_trees,07053250,2.745516953798659,2.4717611298875073,49
144,42,matched_daily_trees,07055646,0.9350120699093367,0.9043734810428914,56
144,42,matched_daily_trees,07055814,1.5155848046850808,-0.8881609140780633,10
144,42,matched_daily_trees,07083000,1.268597517316695,1.1261130188894186,27
144,42,matched_daily_trees,07196500,2.12184341235999,2.1184460004178534,28
144,42,nonlinear_native_integrated,03040000,0.5784226603396919,0.4193418232318027,30
144,42,nonlinear_native_integrated,03049652,0.432966011194202,-0.20157113110098213,44
144,42,nonlinear_native_integrated,03085000,0.5163767305172229,0.2095771042704764,127
144,42,nonlinear_native_integrated,03198350,0.2734623547709618,0.10688243252956073,42
144,42,nonlinear_native_integrated,03201700,1.200727324769629,-0.4237277623014121,42
144,42,nonlinear_native_integrated,03201722,1.207474524065892,0.3070960657779215,36
144,42,nonlinear_native_integrated,03212500,1.1660046156220192,-0.01809381898099682,25
144,42,nonlinear_native_integrated,03281000,0.478597621754648,-0.24438760686686284,35
144,42,nonlinear_native_integrated,03289500,2.3231422704489137,-1.4290787856899212,45
144,42,nonlinear_native_integrated,03290500,1.0911135479252514,-0.9974393746226083,58
144,42,nonlinear_native_integrated,03374100,1.1404718712558741,-0.7738328324275113,297
144,42,nonlinear_native_integrated,03474000,0.5735615169069432,0.21179612414121146,26
144,42,nonlinear_native_integrated,03568000,0.9560411938892597,0.9130046579100616,23
144,42,nonlinear_native_integrated,03575100,2.8093805593604926,2.7823473887520795,24
144,42,nonlinear_native_integrated,03612500,0.5601655410020184,-0.37353833368325307,202
144,42,nonlinear_native_integrated,05320500,1.7315818069641986,-0.7743746904116994,14
144,42,nonlinear_native_integrated,05322000,1.7407602624414498,-1.2595845012510616,38
144,42,nonlinear_native_integrated,05330000,1.4991466450528483,0.7776789337842249,44
144,42,nonlinear_native_integrated,05331833,1.07916636048382,-0.4164995399270752,29
144,42,nonlinear_native_integrated,05357239,3.397984288900621,-2.583565190563127,103
144,42,nonlinear_native_integrated,05451080,1.2277423566788157,-0.9520116435539286,19
144,42,nonlinear_native_integrated,05451210,1.1979657216528845,-0.4017043427577504,238
144,42,nonlinear_native_integrated,05464420,1.7522156706687873,-0.46049030394438634,47
144,42,nonlinear_native_integrated,05526000,1.2397574760141836,-1.0057872761093156,39
144,42,nonlinear_native_integrated,05550000,2.044752650670384,-1.9934734662482312,39
144,42,nonlinear_native_integrated,05572000,0.6943375510138099,0.07108595177577058,43
144,42,nonlinear_native_integrated,05586300,0.5360098697901097,0.40832110670562327,67
144,42,nonlinear_native_integrated,05587455,0.7453089304427525,-0.2260267933450774,303
144,42,nonlinear_native_integrated,06054500,1.036151085063053,-0.14734913375749908,26
144,42,nonlinear_native_integrated,06214500,0.7972151999235934,0.3232588471222714,49
144,42,nonlinear_native_integrated,06296003,3.1582822723107453,-0.9470971098318123,30
144,42,nonlinear_native_integrated,06296120,1.7025251993282353,-0.2778416404029109,41
144,42,nonlinear_native_integrated,06330000,3.7483992553790095,-3.1896667807372947,80
144,42,nonlinear_native_integrated,06339100,7.207733778409339,-2.043320988794294,43
144,42,nonlinear_native_integrated,06438000,52.7084616478341,-51.57704536872412,28
144,42,nonlinear_native_integrated,06611300,1.6528830138541217,0.6586200140634595,24
144,42,nonlinear_native_integrated,06698500,2.5445340063404265,-0.23585575446049176,42
144,42,nonlinear_native_integrated,06714000,1.8168978569045002,-1.4511592733497223,113
144,42,nonlinear_native_integrated,06805500,1.167157171270448,-0.6538728451327783,300
144,42,nonlinear_native_integrated,06856600,2.348911796946967,-0.16602637290488464,22
144,42,nonlinear_native_integrated,06880800,1.854474662364915,-1.3490346614342836,43
144,42,nonlinear_native_integrated,06884025,1.5452558205255353,-1.4496287904273224,32
144,42,nonlinear_native_integrated,06890100,1.2830298538111415,-0.6348500212817536,41
144,42,nonlinear_native_integrated,06892350,0.8223615678487634,-0.22936422818998015,190
144,42,nonlinear_native_integrated,06893150,0.9906871737462958,-0.5580319743261035,47
144,42,nonlinear_native_integrated,06893350,1.4809702397826123,-0.7036698593371095,17
144,42,nonlinear_native_integrated,06893500,1.5131725390261754,-0.9179939838554092,43
144,42,nonlinear_native_integrated,06893564,3.4369872342726864,-3.4369872342726864,9
144,42,nonlinear_native_integrated,06923150,1.2823282241235745,-0.3608720636508086,37
144,42,nonlinear_native_integrated,07053250,1.8247382574032884,1.518982222717568,49
144,42,nonlinear_native_integrated,07055646,0.8235721215205613,0.753367988996753,56
144,42,nonlinear_native_integrated,07055814,1.7259274460093075,-1.4379533797787134,10
144,42,nonlinear_native_integrated,07083000,0.8872454275450996,0.7529129757713173,27
144,42,nonlinear_native_integrated,07196500,1.6011594827082045,1.5406921302662389,28
144,42,nonlinear_native_residual,03040000,0.5784226603396919,0.4193418232318027,30
144,42,nonlinear_native_residual,03049652,0.432966011194202,-0.20157113110098213,44
144,42,nonlinear_native_residual,03085000,0.5163767305172229,0.2095771042704764,127
144,42,nonlinear_native_residual,03198350,0.2734623547709618,0.10688243252956073,42
144,42,nonlinear_native_residual,03201700,1.200727324769629,-0.4237277623014121,42
144,42,nonlinear_native_residual,03201722,1.207474524065892,0.3070960657779215,36
144,42,nonlinear_native_residual,03212500,1.1660046156220192,-0.01809381898099682,25
144,42,nonlinear_native_residual,03281000,0.478597621754648,-0.24438760686686284,35
144,42,nonlinear_native_residual,03289500,2.3231422704489137,-1.4290787856899212,45
144,42,nonlinear_native_residual,03290500,1.0911135479252514,-0.9974393746226083,58
144,42,nonlinear_native_residual,03374100,1.1404718712558741,-0.7738328324275113,297
144,42,nonlinear_native_residual,03474000,0.5735615169069432,0.21179612414121146,26
144,42,nonlinear_native_residual,03568000,0.9560411938892597,0.9130046579100616,23
144,42,nonlinear_native_residual,03575100,2.8093805593604926,2.7823473887520795,24
144,42,nonlinear_native_residual,03612500,0.5601655410020184,-0.37353833368325307,202
144,42,nonlinear_native_residual,05320500,1.7315818069641986,-0.7743746904116994,14
144,42,nonlinear_native_residual,05322000,1.7407602624414498,-1.2595845012510616,38
144,42,nonlinear_native_residual,05330000,1.4991466450528483,0.7776789337842249,44
144,42,nonlinear_native_residual,05331833,1.07916636048382,-0.4164995399270752,29
144,42,nonlinear_native_residual,05357239,3.397984288900621,-2.583565190563127,103
144,42,nonlinear_native_residual,05451080,1.2277423566788157,-0.9520116435539286,19
144,42,nonlinear_native_residual,05451210,1.1979657216528845,-0.4017043427577504,238
144,42,nonlinear_native_residual,05464420,1.7522156706687873,-0.46049030394438634,47
144,42,nonlinear_native_residual,05526000,1.2397574760141836,-1.0057872761093156,39
144,42,nonlinear_native_residual,05550000,2.044752650670384,-1.9934734662482312,39
144,42,nonlinear_native_residual,05572000,0.6943375510138099,0.07108595177577058,43
144,42,nonlinear_native_residual,05586300,0.5360098697901097,0.40832110670562327,67
144,42,nonlinear_native_residual,05587455,0.7453089304427525,-0.2260267933450774,303
144,42,nonlinear_native_residual,06054500,1.036151085063053,-0.14734913375749908,26
144,42,nonlinear_native_residual,06214500,0.7972151999235934,0.3232588471222714,49
144,42,nonlinear_native_residual,06296003,3.1582822723107453,-0.9470971098318123,30
144,42,nonlinear_native_residual,06296120,1.7025251993282353,-0.2778416404029109,41
144,42,nonlinear_native_residual,06330000,3.7483992553790095,-3.1896667807372947,80
144,42,nonlinear_native_residual,06339100,7.207733778409339,-2.043320988794294,43
144,42,nonlinear_native_residual,06438000,52.7084616478341,-51.57704536872412,28
144,42,nonlinear_native_residual,06611300,1.6528830138541217,0.6586200140634595,24
144,42,nonlinear_native_residual,06698500,2.5445340063404265,-0.23585575446049176,42
144,42,nonlinear_native_residual,06714000,1.8168978569045002,-1.4511592733497223,113
144,42,nonlinear_native_residual,06805500,1.167157171270448,-0.6538728451327783,300
144,42,nonlinear_native_residual,06856600,2.348911796946967,-0.16602637290488464,22
144,42,nonlinear_native_residual,06880800,1.854474662364915,-1.3490346614342836,43
144,42,nonlinear_native_residual,06884025,1.5452558205255353,-1.4496287904273224,32
144,42,nonlinear_native_residual,06890100,1.2830298538111415,-0.6348500212817536,41
144,42,nonlinear_native_residual,06892350,0.8223615678487634,-0.22936422818998015,190
144,42,nonlinear_native_residual,06893150,0.9906871737462958,-0.5580319743261035,47
144,42,nonlinear_native_residual,06893350,1.4809702397826123,-0.7036698593371095,17
144,42,nonlinear_native_residual,06893500,1.5131725390261754,-0.9179939838554092,43
144,42,nonlinear_native_residual,06893564,3.4369872342726864,-3.4369872342726864,9
144,42,nonlinear_native_residual,06923150,1.2823282241235745,-0.3608720636508086,37
144,42,nonlinear_native_residual,07053250,1.8247382574032884,1.518982222717568,49
144,42,nonlinear_native_residual,07055646,0.8235721215205613,0.753367988996753,56
144,42,nonlinear_native_residual,07055814,1.7259274460093075,-1.4379533797787134,10
144,42,nonlinear_native_residual,07083000,0.8872454275450996,0.7529129757713173,27
144,42,nonlinear_native_residual,07196500,1.6011594827082045,1.5406921302662389,28
144,42,station_hidden_trees,03040000,0.8078905946226169,0.6655530043161177,30
144,42,station_hidden_trees,03049652,0.45290033925547113,-0.24261447649408713,44
144,42,station_hidden_trees,03085000,0.5542411191064032,0.37009351029125664,127
144,42,station_hidden_trees,03198350,0.6396357077500612,0.6279798183419341,42
144,42,station_hidden_trees,03201700,1.2344225448793003,0.043016494214885466,42
144,42,station_hidden_trees,03201722,1.1060488560481603,0.10242417913183613,36
144,42,station_hidden_trees,03212500,1.1296164863600682,-0.32819971616918336,25
144,42,station_hidden_trees,03281000,0.5016267530025122,-0.23655174184611083,35
144,42,station_hidden_trees,03289500,2.351108864532035,-1.2587404166118146,45
144,42,station_hidden_trees,03290500,1.0367575824044688,-0.9174899419597594,58
144,42,station_hidden_trees,03374100,1.1491848365923143,-0.44802852853497754,297
144,42,station_hidden_trees,03474000,0.6875204259836344,0.49497780121215923,26
144,42,station_hidden_trees,03568000,0.8748132816861344,0.8185024932922328,23
144,42,station_hidden_trees,03575100,2.506131830611499,2.4098991269248495,24
144,42,station_hidden_trees,03612500,0.5221086439331465,-0.3349236295479272,202
144,42,station_hidden_trees,05320500,2.4640105824970684,-1.761589791066233,14
144,42,station_hidden_trees,05322000,1.7214570943203127,-1.256393737564229,38
144,42,station_hidden_trees,05330000,1.3117413781810747,0.009308994944659239,44
144,42,station_hidden_trees,05331833,1.3387951766497468,-0.83186110928646,29
144,42,station_hidden_trees,05357239,3.8160300898022395,-3.328839979688144,103
144,42,station_hidden_trees,05451080,1.2277180992217633,-0.4594274307237363,19
144,42,station_hidden_trees,05451210,1.2706606033861652,-0.05342910446970038,238
144,42,station_hidden_trees,05464420,1.935585851656094,-0.2310566038191183,47
144,42,station_hidden_trees,05526000,1.2474124770151098,-0.9562226952225237,39
144,42,station_hidden_trees,05550000,2.7622400459679213,-2.7622400459679213,39
144,42,station_hidden_trees,05572000,0.8329566546364642,0.2939116411470126,43
144,42,station_hidden_trees,05586300,0.71272605343031,0.6523272024655274,67
144,42,station_hidden_trees,05587455,0.7640619646230794,-0.31430655567805976,303
144,42,station_hidden_trees,06054500,1.0338123941787478,-0.06748671223572554,26
144,42,station_hidden_trees,06214500,1.2429019029035342,0.876744517382292,49
144,42,station_hidden_trees,06296003,3.4592165469448948,-1.8972607712720262,30
144,42,station_hidden_trees,06296120,1.6844900918092804,-0.19055761914164926,41
144,42,station_hidden_trees,06330000,3.7423121840523663,-2.970750265662624,80
144,42,station_hidden_trees,06339100,6.897375441422614,-3.622592669188179,43
144,42,station_hidden_trees,06438000,52.98363320128407,-51.94768574344422,28
144,42,station_hidden_trees,06611300,1.6622414672457817,-0.2968932024916591,24
144,42,station_hidden_trees,06698500,2.673851446386105,-1.0750568915292174,42
144,42,station_hidden_trees,06714000,1.7677038890912138,-1.3110357653362672,113
144,42,station_hidden_trees,06805500,1.1731003594002039,-0.48353794739607,300
144,42,station_hidden_trees,06856600,2.249874290810762,-0.8543239968426655,22
144,42,station_hidden_trees,06880800,2.0261116880394567,-1.1526733300351866,43
144,42,station_hidden_trees,06884025,1.376291825569197,-0.9377980712394667,32
144,42,station_hidden_trees,06890100,1.227774616902155,-0.8882990847572925,41
144,42,station_hidden_trees,06892350,0.6563889467585425,-0.16548445328698388,190
144,42,station_hidden_trees,06893150,1.1072776072097663,-0.8180956231840724,47
144,42,station_hidden_trees,06893350,1.5136896888679603,-0.6112328427237663,17
144,42,station_hidden_trees,06893500,1.4959671983341167,-1.1966993693906713,43
144,42,station_hidden_trees,06893564,3.0346745300141915,-3.0346745300141915,9
144,42,station_hidden_trees,06923150,1.3225435570385407,-0.183234977526775,37
144,42,station_hidden_trees,07053250,2.2536378831376958,1.969001160816203,49
144,42,station_hidden_trees,07055646,0.9436612501148455,0.9172579066748197,56
144,42,station_hidden_trees,07055814,1.618244319266833,-1.04615955504641,10
144,42,station_hidden_trees,07083000,1.3493290569810625,1.1968183894739997,27
144,42,station_hidden_trees,07196500,1.7149574487426287,1.6676026682797311,28
144,42,unmonitored_integrated,03040000,0.6110517270096056,0.47550967809719474,30
144,42,unmonitored_integrated,03049652,0.4551445695780902,-0.3164535048599972,44
144,42,unmonitored_integrated,03085000,0.513189570363956,0.1978438548539749,127
144,42,unmonitored_integrated,03198350,0.38445525728856406,0.28618523767727105,42
144,42,unmonitored_integrated,03201700,1.1876409806213242,-0.317328814587072,42
144,42,unmonitored_integrated,03201722,1.2201698055218062,0.3668576301287119,36
144,42,unmonitored_integrated,03212500,1.157834875928616,-0.02561130325848362,25
144,42,unmonitored_integrated,03281000,0.42861764801494595,-0.22738435110363864,35
144,42,unmonitored_integrated,03289500,2.317896986449019,-1.3017041429336709,45
144,42,unmonitored_integrated,03290500,1.092834166447502,-1.0025628936080155,58
144,42,unmonitored_integrated,03374100,1.1090033046300414,-0.6816561946615756,297
144,42,unmonitored_integrated,03474000,0.6345743285512134,0.34301340167838307,26
144,42,unmonitored_integrated,03568000,0.9561820636362972,0.9300880841186614,23
144,42,unmonitored_integrated,03575100,2.8496109516836783,2.8251790792684024,24
144,42,unmonitored_integrated,03612500,0.6010554219296824,-0.4490992481095574,202
144,42,unmonitored_integrated,05320500,1.905005382201592,-1.0583321161827144,14
144,42,unmonitored_integrated,05322000,1.6499784545005678,-1.0685366794689244,38
144,42,unmonitored_integrated,05330000,1.4116683212669814,0.5859480834080362,44
144,42,unmonitored_integrated,05331833,1.0944648013957639,-0.30865702672756495,29
144,42,unmonitored_integrated,05357239,3.4457321821414664,-2.6823131719679227,103
144,42,unmonitored_integrated,05451080,1.2510556941653053,-0.8312050014811633,19
144,42,unmonitored_integrated,05451210,1.2230263590150185,-0.35100218679090656,238
144,42,unmonitored_integrated,05464420,1.7479358946720354,-0.42976300830345104,47
144,42,unmonitored_integrated,05526000,1.2891043736761507,-1.0394771249969303,39
144,42,unmonitored_integrated,05550000,2.0594312479577708,-2.0277138989049597,39
144,42,unmonitored_integrated,05572000,0.8206358881999115,0.10665651504775885,43
144,42,unmonitored_integrated,05586300,0.6669588267301102,0.5919876033405514,67
144,42,unmonitored_integrated,05587455,0.7463143703675632,-0.17067733999575935,303
144,42,unmonitored_integrated,06054500,1.0887557269716894,-0.24498034078002848,26
144,42,unmonitored_integrated,06214500,0.8043090035733442,0.19663450962972265,49
144,42,unmonitored_integrated,06296003,3.2231754598932385,-1.1755101070577325,30
144,42,unmonitored_integrated,06296120,1.7098985848963304,-0.3629736770336112,41
144,42,unmonitored_integrated,06330000,3.728011851385805,-3.0574832238266905,80
144,42,unmonitored_integrated,06339100,7.174791424738385,-2.203905864804879,43
144,42,unmonitored_integrated,06438000,52.80964389547919,-51.73883344116117,28
144,42,unmonitored_integrated,06611300,1.734970019645023,0.5976772797822375,24
144,42,unmonitored_integrated,06698500,2.6185307287122597,-0.37668286671513407,42
144,42,unmonitored_integrated,06714000,1.801446554509713,-1.4546011174357945,113
144,42,unmonitored_integrated,06805500,1.1476415580731412,-0.6137539084351363,300
144,42,unmonitored_integrated,06856600,2.3285296699843703,-0.1853771254780063,22
144,42,unmonitored_integrated,06880800,1.8714203733470998,-1.2535275787099898,43
144,42,unmonitored_integrated,06884025,1.4757589971465979,-1.305192189809258,32
144,42,unmonitored_integrated,06890100,1.2893306129039999,-0.6798158957763294,41
144,42,unmonitored_integrated,06892350,0.7567777028523792,-0.2319998896241663,190
144,42,unmonitored_integrated,06893150,0.948177499864484,-0.45741470943327683,47
144,42,unmonitored_integrated,06893350,1.4600940492122647,-0.6222741161414845,17
144,42,unmonitored_integrated,06893500,1.4981113216423252,-0.9014409162315333,43
144,42,unmonitored_integrated,06893564,3.1481007770049514,-3.1481007770049514,9
144,42,unmonitored_integrated,06923150,1.3448001305249346,-0.2512189683136239,37
144,42,unmonitored_integrated,07053250,2.0182181276022293,1.727610649878814,49
144,42,unmonitored_integrated,07055646,0.8404279823745892,0.7770411468696512,56
144,42,unmonitored_integrated,07055814,1.717651099683433,-1.3680261254595225,10
144,42,unmonitored_integrated,07083000,0.8699223436454603,0.7040616827770301,27
144,42,unmonitored_integrated,07196500,1.678050399271775,1.639943936337001,28
144,42,unmonitored_residual,03040000,0.6110517270096056,0.47550967809719474,30
144,42,unmonitored_residual,03049652,0.4551445695780902,-0.3164535048599972,44
144,42,unmonitored_residual,03085000,0.513189570363956,0.1978438548539749,127
144,42,unmonitored_residual,03198350,0.38445525728856406,0.28618523767727105,42
144,42,unmonitored_residual,03201700,1.1876409806213242,-0.317328814587072,42
144,42,unmonitored_residual,03201722,1.2201698055218062,0.3668576301287119,36
144,42,unmonitored_residual,03212500,1.157834875928616,-0.02561130325848362,25
144,42,unmonitored_residual,03281000,0.42861764801494595,-0.22738435110363864,35
144,42,unmonitored_residual,03289500,2.317896986449019,-1.3017041429336709,45
144,42,unmonitored_residual,03290500,1.092834166447502,-1.0025628936080155,58
144,42,unmonitored_residual,03374100,1.1090033046300414,-0.6816561946615756,297
144,42,unmonitored_residual,03474000,0.6345743285512134,0.34301340167838307,26
144,42,unmonitored_residual,03568000,0.9561820636362972,0.9300880841186614,23
144,42,unmonitored_residual,03575100,2.8496109516836783,2.8251790792684024,24
144,42,unmonitored_residual,03612500,0.6010554219296824,-0.4490992481095574,202
144,42,unmonitored_residual,05320500,1.905005382201592,-1.0583321161827144,14
144,42,unmonitored_residual,05322000,1.6499784545005678,-1.0685366794689244,38
144,42,unmonitored_residual,05330000,1.4116683212669814,0.5859480834080362,44
144,42,unmonitored_residual,05331833,1.0944648013957639,-0.30865702672756495,29
144,42,unmonitored_residual,05357239,3.4457321821414664,-2.6823131719679227,103
144,42,unmonitored_residual,05451080,1.2510556941653053,-0.8312050014811633,19
144,42,unmonitored_residual,05451210,1.2230263590150185,-0.35100218679090656,238
144,42,unmonitored_residual,05464420,1.7479358946720354,-0.42976300830345104,47
144,42,unmonitored_residual,05526000,1.2891043736761507,-1.0394771249969303,39
144,42,unmonitored_residual,05550000,2.0594312479577708,-2.0277138989049597,39
144,42,unmonitored_residual,05572000,0.8206358881999115,0.10665651504775885,43
144,42,unmonitored_residual,05586300,0.6669588267301102,0.5919876033405514,67
144,42,unmonitored_residual,05587455,0.7463143703675632,-0.17067733999575935,303
144,42,unmonitored_residual,06054500,1.0887557269716894,-0.24498034078002848,26
144,42,unmonitored_residual,06214500,0.8043090035733442,0.19663450962972265,49
144,42,unmonitored_residual,06296003,3.2231754598932385,-1.1755101070577325,30
144,42,unmonitored_residual,06296120,1.7098985848963304,-0.3629736770336112,41
144,42,unmonitored_residual,06330000,3.728011851385805,-3.0574832238266905,80
144,42,unmonitored_residual,06339100,7.174791424738385,-2.203905864804879,43
144,42,unmonitored_residual,06438000,52.80964389547919,-51.73883344116117,28
144,42,unmonitored_residual,06611300,1.734970019645023,0.5976772797822375,24
144,42,unmonitored_residual,06698500,2.6185307287122597,-0.37668286671513407,42
144,42,unmonitored_residual,06714000,1.801446554509713,-1.4546011174357945,113
144,42,unmonitored_residual,06805500,1.1476415580731412,-0.6137539084351363,300
144,42,unmonitored_residual,06856600,2.3285296699843703,-0.1853771254780063,22
144,42,unmonitored_residual,06880800,1.8714203733470998,-1.2535275787099898,43
144,42,unmonitored_residual,06884025,1.4757589971465979,-1.305192189809258,32
144,42,unmonitored_residual,06890100,1.2893306129039999,-0.6798158957763294,41
144,42,unmonitored_residual,06892350,0.7567777028523792,-0.2319998896241663,190
144,42,unmonitored_residual,06893150,0.948177499864484,-0.45741470943327683,47
144,42,unmonitored_residual,06893350,1.4600940492122647,-0.6222741161414845,17
144,42,unmonitored_residual,06893500,1.4981113216423252,-0.9014409162315333,43
144,42,unmonitored_residual,06893564,3.1481007770049514,-3.1481007770049514,9
144,42,unmonitored_residual,06923150,1.3448001305249346,-0.2512189683136239,37
144,42,unmonitored_residual,07053250,2.0182181276022293,1.727610649878814,49
144,42,unmonitored_residual,07055646,0.8404279823745892,0.7770411468696512,56
144,42,unmonitored_residual,07055814,1.717651099683433,-1.3680261254595225,10
144,42,unmonitored_residual,07083000,0.8699223436454603,0.7040616827770301,27
144,42,unmonitored_residual,07196500,1.678050399271775,1.639943936337001,28
144,43,current_model,03040000,0.6420936693661354,0.5055619322490762,30
144,43,current_model,03049652,0.5301215715263127,0.26646420393914616,44
144,43,current_model,03085000,0.58670981590769,0.4215638195458095,127
144,43,current_model,03198350,0.28315423382666954,-0.0689168977310563,42
144,43,current_model,03201700,1.2858824943342373,-0.6211712164020684,42
144,43,current_model,03201722,1.1042775501105722,-0.4682502529604931,36
144,43,current_model,03212500,1.2871213032129378,-0.15073567303765809,25
144,43,current_model,03281000,0.669680848238713,-0.3592924165200785,35
144,43,current_model,03289500,2.3922887773537327,-1.4699914459834895,45
144,43,current_model,03290500,1.035867649764463,-0.8953802077833347,58
144,43,current_model,03374100,1.0936835216661172,-0.8083363595770201,297
144,43,current_model,03474000,0.40709680525547476,-0.06821896823300785,26
144,43,current_model,03568000,0.7538507447311705,0.689258741445726,23
144,43,current_model,03575100,2.8310388881990485,2.805686539654719,24
144,43,current_model,03612500,0.49045379260697924,-0.18123936740775418,202
144,43,current_model,05320500,2.15573734671256,-1.5337921867739228,14
144,43,current_model,05322000,1.6669049814692851,-1.0245460479419504,38
144,43,current_model,05330000,1.2600531569526823,-0.23029975286655502,44
144,43,current_model,05331833,1.3259319523773554,-0.5134698499073429,29
144,43,current_model,05357239,4.265552717862155,-4.023074127973517,103
144,43,current_model,05451080,1.2542440128775583,-0.8762298891330811,19
144,43,current_model,05451210,1.2911317495825227,0.00021552140230618,238
144,43,current_model,05464420,1.6694879934074212,-0.515692697622438,47
144,43,current_model,05526000,1.1513312464651198,-0.7478791417687706,39
144,43,current_model,05550000,2.272063563560517,-2.2162131652711023,39
144,43,current_model,05572000,0.8252849753244231,0.09262222114457938,43
144,43,current_model,05586300,0.681469125831564,0.6244811172206887,67
144,43,current_model,05587455,0.7647222032307162,-0.2966472574721838,303
144,43,current_model,06054500,1.0205534215730387,-0.32093016812419334,26
144,43,current_model,06214500,1.1301820861508438,0.7653148498372555,49
144,43,current_model,06296003,2.9827104245304716,-0.9344756387534823,30
144,43,current_model,06296120,1.7037433664714874,-0.7407925130590308,41
144,43,current_model,06330000,3.7614890611080156,-2.6711235125123682,80
144,43,current_model,06339100,7.303366548482683,-3.325589657425675,43
144,43,current_model,06438000,53.215101569475614,-51.726186981752,28
144,43,current_model,06611300,1.5797224364162539,0.08193467792852312,24
144,43,current_model,06698500,2.489216029689117,-0.42203472668681,42
144,43,current_model,06714000,1.696156802292283,-0.8962286856486673,113
144,43,current_model,06805500,1.15767644784885,-0.6775179742253777,300
144,43,current_model,06856600,2.402749478510128,-1.309143290714909,22
144,43,current_model,06880800,1.9305253679819323,-0.866243702042512,43
144,43,current_model,06884025,1.637918313885805,-1.4293249405804864,32
144,43,current_model,06890100,1.1354746437871528,-0.2339911523795981,41
144,43,current_model,06892350,0.9945836990337277,-0.8601513809525265,190
144,43,current_model,06893150,1.12281569266453,-0.8028898227668265,47
144,43,current_model,06893350,1.4425062484920996,-0.7158825117177364,17
144,43,current_model,06893500,1.729698278561303,-1.5001518046415103,43
144,43,current_model,06893564,3.5094550230660264,-3.5094550230660264,9
144,43,current_model,06923150,1.3083491665728295,-0.8635738151522245,37
144,43,current_model,07053250,1.7260885094432545,1.4023098070215716,49
144,43,current_model,07055646,0.4749448959161304,0.23217044767536704,56
144,43,current_model,07055814,1.7190093503939554,-1.6867286421517473,10
144,43,current_model,07083000,0.8109348097958515,0.6406617991922646,27
144,43,current_model,07196500,1.3480984628291086,1.237979727188313,28
144,43,matched_daily_trees,03040000,0.9859233641701495,0.8467471985280717,30
144,43,matched_daily_trees,03049652,0.44454529171689555,-0.029644024847382166,44
144,43,matched_daily_trees,03085000,0.6511311475616225,0.5183970432166579,127
144,43,matched_daily_trees,03198350,0.6593333498033367,0.6398457765695438,42
144,43,matched_daily_trees,03201700,1.3250449492569036,0.13182900728971936,42
144,43,matched_daily_trees,03201722,1.1503221324266057,0.06189751625317874,36
144,43,matched_daily_trees,03212500,1.3504354453181246,0.005184099827992625,25
144,43,matched_daily_trees,03281000,0.6029640843504313,-0.1396438539540694,35
144,43,matched_daily_trees,03289500,2.2935286759251867,-1.1575289784933058,45
144,43,matched_daily_trees,03290500,0.9849216798916355,-0.7519945807404941,58
144,43,matched_daily_trees,03374100,1.1400802076737142,-0.5360610324472009,297
144,43,matched_daily_trees,03474000,0.7252912194787715,0.5873876565562037,26
144,43,matched_daily_trees,03568000,0.8627526332562675,0.8020222577340159,23
144,43,matched_daily_trees,03575100,2.7559666179294466,2.700684540741134,24
144,43,matched_daily_trees,03612500,0.49399351359502724,-0.2509135999363361,202
144,43,matched_daily_trees,05320500,2.3705769566584602,-1.6944258704312511,14
144,43,matched_daily_trees,05322000,1.6022127289783292,-0.9705496387173522,38
144,43,matched_daily_trees,05330000,1.2493651660785723,-0.27932680493444995,44
144,43,matched_daily_trees,05331833,1.396648792876784,-0.780783242314188,29
144,43,matched_daily_trees,05357239,4.404687212750566,-4.182577274132538,103
144,43,matched_daily_trees,05451080,1.3078310634479078,0.1396451797784483,19
144,43,matched_daily_trees,05451210,1.6048829725720448,0.5152278434304712,238
144,43,matched_daily_trees,05464420,2.073700921220813,0.07185743831620846,47
144,43,matched_daily_trees,05526000,0.9796330011318662,-0.29982168602789216,39
144,43,matched_daily_trees,05550000,2.6545596033257923,-2.6509988329872685,39
144,43,matched_daily_trees,05572000,1.0939858234802486,0.7637435289724978,43
144,43,matched_daily_trees,05586300,0.7154535286430481,0.6684011073312629,67
144,43,matched_daily_trees,05587455,0.8785980380725794,-0.6460035710190082,303
144,43,matched_daily_trees,06054500,1.270620700038116,0.5457546237517115,26
144,43,matched_daily_trees,06214500,1.662939386269101,1.4274088931451623,49
144,43,matched_daily_trees,06296003,3.3935853206534623,-1.8303242206922188,30
144,43,matched_daily_trees,06296120,1.6723388787855638,-0.02341589557211878,41
144,43,matched_daily_trees,06330000,3.7854102471192816,-2.069125941464206,80
144,43,matched_daily_trees,06339100,7.455408867231782,-4.701551859739989,43
144,43,matched_daily_trees,06438000,53.222276816078825,-51.824370553885664,28
144,43,matched_daily_trees,06611300,1.7627235691072805,-0.37660246797767655,24
144,43,matched_daily_trees,06698500,2.741135704986658,-0.9799349435971616,42
144,43,matched_daily_trees,06714000,1.8754521195488583,-1.3257043384272116,113
144,43,matched_daily_trees,06805500,1.2524101746046103,-0.14496636944496671,300
144,43,matched_daily_trees,06856600,2.320775674838627,-0.8819989588174008,22
144,43,matched_daily_trees,06880800,2.2245290656328813,-0.42295906560441804,43
144,43,matched_daily_trees,06884025,1.3650564382026718,-0.7229770470619457,32
144,43,matched_daily_trees,06890100,1.1389319762005359,-0.27259250983390193,41
144,43,matched_daily_trees,06892350,0.6942215579288067,-0.1498036354503854,190
144,43,matched_daily_trees,06893150,1.006779966364289,-0.6701360398781188,47
144,43,matched_daily_trees,06893350,1.4287303832835747,-0.3207958467199668,17
144,43,matched_daily_trees,06893500,1.495053232294088,-1.1137874913371546,43
144,43,matched_daily_trees,06893564,2.823777939833173,-2.823777939833173,9
144,43,matched_daily_trees,06923150,1.429149966297627,0.13113348367247638,37
144,43,matched_daily_trees,07053250,2.3293059190370102,2.0455629593087328,49
144,43,matched_daily_trees,07055646,0.8665808341121319,0.8366936694683844,56
144,43,matched_daily_trees,07055814,1.4970957821493518,-0.9739668735861029,10
144,43,matched_daily_trees,07083000,1.2662463721471577,1.1322189719380782,27
144,43,matched_daily_trees,07196500,1.621230082661985,1.561829102314251,28
144,43,nonlinear_native_integrated,03040000,0.6791336851462473,0.5857633954238964,30
144,43,nonlinear_native_integrated,03049652,0.44637795918480205,-0.2685450024909448,44
144,43,nonlinear_native_integrated,03085000,0.6583770723144264,0.48255359634793904,127
144,43,nonlinear_native_integrated,03198350,0.17222673745755354,0.05197589268570801,42
144,43,nonlinear_native_integrated,03201700,1.2619480857357805,-0.5800770015047476,42
144,43,nonlinear_native_integrated,03201722,1.195805700800689,0.2336016163842407,36
144,43,nonlinear_native_integrated,03212500,1.1186257541597806,-0.4936750131630175,25
144,43,nonlinear_native_integrated,03281000,0.5941424221013173,-0.46031916551884994,35
144,43,nonlinear_native_integrated,03289500,2.419111953096027,-1.114621534850157,45
144,43,nonlinear_native_integrated,03290500,0.9823267014843741,-0.6915179844218804,58
144,43,nonlinear_native_integrated,03374100,1.1275686707117258,-0.5542489010863446,297
144,43,nonlinear_native_integrated,03474000,0.4326053657457492,0.03998900433462057,26
144,43,nonlinear_native_integrated,03568000,0.8061086330167998,0.7545707842130424,23
144,43,nonlinear_native_integrated,03575100,2.4166961698329317,2.3884396332829416,24
144,43,nonlinear_native_integrated,03612500,0.4973553175278069,-0.2986458346546834,202
144,43,nonlinear_native_integrated,05320500,2.0961210209921814,-1.4706991255679218,14
144,43,nonlinear_native_integrated,05322000,1.6989511679167364,-1.1457335242376943,38
144,43,nonlinear_native_integrated,05330000,1.2163837829377622,0.08876281872829161,44
144,43,nonlinear_native_integrated,05331833,1.1604543775760916,-0.6544859668104602,29
144,43,nonlinear_native_integrated,05357239,3.2667987321849643,-2.3321989350016867,103
144,43,nonlinear_native_integrated,05451080,1.5574988650549573,-1.4530412214282251,19
144,43,nonlinear_native_integrated,05451210,1.1595664130838532,-0.4750062235708122,238
144,43,nonlinear_native_integrated,05464420,1.7869378316376836,-0.35318557819232854,47
144,43,nonlinear_native_integrated,05526000,1.170126199243607,-0.648756283905845,39
144,43,nonlinear_native_integrated,05550000,1.488778407205975,-1.2678751598891946,39
144,43,nonlinear_native_integrated,05572000,0.7194758369131553,0.1141372084806894,43
144,43,nonlinear_native_integrated,05586300,0.6818258242410676,0.6043530676765981,67
144,43,nonlinear_native_integrated,05587455,0.8376577410269342,-0.5271227608121278,303
144,43,nonlinear_native_integrated,06054500,1.296612988295125,-0.6881257158674754,26
144,43,nonlinear_native_integrated,06214500,0.8197376530146353,0.27833137448797624,49
144,43,nonlinear_native_integrated,06296003,3.0173819508836104,-0.6553099395296904,30
144,43,nonlinear_native_integrated,06296120,1.7362282902799073,-0.508300197481001,41
144,43,nonlinear_native_integrated,06330000,3.8890274224648578,-3.5135800553592107,80
144,43,nonlinear_native_integrated,06339100,7.473831644744307,-1.8253852945528632,43
144,43,nonlinear_native_integrated,06438000,52.66322943494347,-52.07217878819855,28
144,43,nonlinear_native_integrated,06611300,1.6691267542633568,0.8540066089422238,24
144,43,nonlinear_native_integrated,06698500,2.4305540829017422,-0.14610740752096896,42
144,43,nonlinear_native_integrated,06714000,1.7525416428403715,-0.8432170597171404,113
144,43,nonlinear_native_integrated,06805500,1.1522105628982604,-0.7488539567209155,300
144,43,nonlinear_native_integrated,06856600,2.3563102591179756,-0.15224731281489856,22
144,43,nonlinear_native_integrated,06880800,1.9399122714521015,-1.157472841053776,43
144,43,nonlinear_native_integrated,06884025,1.4012203879098697,-0.784590840742018,32
144,43,nonlinear_native_integrated,06890100,1.2353018897748902,-0.3565777074432318,41
144,43,nonlinear_native_integrated,06892350,0.8154296332681977,-0.49057134119653967,190
144,43,nonlinear_native_integrated,06893150,0.934746848354706,-0.343359202064869,47
144,43,nonlinear_native_integrated,06893350,1.4607297965584811,-0.5245224101267759,17
144,43,nonlinear_native_integrated,06893500,1.4437494880978436,-0.9564788716389727,43
144,43,nonlinear_native_integrated,06893564,3.3136228791684266,-3.3136228791684266,9
144,43,nonlinear_native_integrated,06923150,1.2801452142596026,-0.7508461912898471,37
144,43,nonlinear_native_integrated,07053250,1.5768150574939674,1.2438676128409438,49
144,43,nonlinear_native_integrated,07055646,0.652244644933571,0.5803118977248162,56
144,43,nonlinear_native_integrated,07055814,1.5801685932415919,-1.2984427788289785,10
144,43,nonlinear_native_integrated,07083000,1.228711723811306,1.1791962215871683,27
144,43,nonlinear_native_integrated,07196500,1.541579693877906,1.44895606200307,28
144,43,nonlinear_native_residual,03040000,0.6791336851462473,0.5857633954238964,30
144,43,nonlinear_native_residual,03049652,0.44637795918480205,-0.2685450024909448,44
144,43,nonlinear_native_residual,03085000,0.6583770723144264,0.48255359634793904,127
144,43,nonlinear_native_residual,03198350,0.17222673745755354,0.05197589268570801,42
144,43,nonlinear_native_residual,03201700,1.2619480857357805,-0.5800770015047476,42
144,43,nonlinear_native_residual,03201722,1.195805700800689,0.2336016163842407,36
144,43,nonlinear_native_residual,03212500,1.1186257541597806,-0.4936750131630175,25
144,43,nonlinear_native_residual,03281000,0.5941424221013173,-0.46031916551884994,35
144,43,nonlinear_native_residual,03289500,2.419111953096027,-1.114621534850157,45
144,43,nonlinear_native_residual,03290500,0.9823267014843741,-0.6915179844218804,58
144,43,nonlinear_native_residual,03374100,1.1275686707117258,-0.5542489010863446,297
144,43,nonlinear_native_residual,03474000,0.4326053657457492,0.03998900433462057,26
144,43,nonlinear_native_residual,03568000,0.8061086330167998,0.7545707842130424,23
144,43,nonlinear_native_residual,03575100,2.4166961698329317,2.3884396332829416,24
144,43,nonlinear_native_residual,03612500,0.4973553175278069,-0.2986458346546834,202
144,43,nonlinear_native_residual,05320500,2.0961210209921814,-1.4706991255679218,14
144,43,nonlinear_native_residual,05322000,1.6989511679167364,-1.1457335242376943,38
144,43,nonlinear_native_residual,05330000,1.2163837829377622,0.08876281872829161,44
144,43,nonlinear_native_residual,05331833,1.1604543775760916,-0.6544859668104602,29
144,43,nonlinear_native_residual,05357239,3.2667987321849643,-2.3321989350016867,103
144,43,nonlinear_native_residual,05451080,1.5574988650549573,-1.4530412214282251,19
144,43,nonlinear_native_residual,05451210,1.1595664130838532,-0.4750062235708122,238
144,43,nonlinear_native_residual,05464420,1.7869378316376836,-0.35318557819232854,47
144,43,nonlinear_native_residual,05526000,1.170126199243607,-0.648756283905845,39
144,43,nonlinear_native_residual,05550000,1.488778407205975,-1.2678751598891946,39
144,43,nonlinear_native_residual,05572000,0.7194758369131553,0.1141372084806894,43
144,43,nonlinear_native_residual,05586300,0.6818258242410676,0.6043530676765981,67
144,43,nonlinear_native_residual,05587455,0.8376577410269342,-0.5271227608121278,303
144,43,nonlinear_native_residual,06054500,1.296612988295125,-0.6881257158674754,26
144,43,nonlinear_native_residual,06214500,0.8197376530146353,0.27833137448797624,49
144,43,nonlinear_native_residual,06296003,3.0173819508836104,-0.6553099395296904,30
144,43,nonlinear_native_residual,06296120,1.7362282902799073,-0.508300197481001,41
144,43,nonlinear_native_residual,06330000,3.8890274224648578,-3.5135800553592107,80
144,43,nonlinear_native_residual,06339100,7.473831644744307,-1.8253852945528632,43
144,43,nonlinear_native_residual,06438000,52.66322943494347,-52.07217878819855,28
144,43,nonlinear_native_residual,06611300,1.6691267542633568,0.8540066089422238,24
144,43,nonlinear_native_residual,06698500,2.4305540829017422,-0.14610740752096896,42
144,43,nonlinear_native_residual,06714000,1.7525416428403715,-0.8432170597171404,113
144,43,nonlinear_native_residual,06805500,1.1522105628982604,-0.7488539567209155,300
144,43,nonlinear_native_residual,06856600,2.3563102591179756,-0.15224731281489856,22
144,43,nonlinear_native_residual,06880800,1.9399122714521015,-1.157472841053776,43
144,43,nonlinear_native_residual,06884025,1.4012203879098697,-0.784590840742018,32
144,43,nonlinear_native_residual,06890100,1.2353018897748902,-0.3565777074432318,41
144,43,nonlinear_native_residual,06892350,0.8154296332681977,-0.49057134119653967,190
144,43,nonlinear_native_residual,06893150,0.934746848354706,-0.343359202064869,47
144,43,nonlinear_native_residual,06893350,1.4607297965584811,-0.5245224101267759,17
144,43,nonlinear_native_residual,06893500,1.4437494880978436,-0.9564788716389727,43
144,43,nonlinear_native_residual,06893564,3.3136228791684266,-3.3136228791684266,9
144,43,nonlinear_native_residual,06923150,1.2801452142596026,-0.7508461912898471,37
144,43,nonlinear_native_residual,07053250,1.5768150574939674,1.2438676128409438,49
144,43,nonlinear_native_residual,07055646,0.652244644933571,0.5803118977248162,56
144,43,nonlinear_native_residual,07055814,1.5801685932415919,-1.2984427788289785,10
144,43,nonlinear_native_residual,07083000,1.228711723811306,1.1791962215871683,27
144,43,nonlinear_native_residual,07196500,1.541579693877906,1.44895606200307,28
144,43,station_hidden_trees,03040000,0.8657694480960318,0.7286144525758498,30
144,43,station_hidden_trees,03049652,0.43215040629685536,-0.16674784984167226,44
144,43,station_hidden_trees,03085000,0.5829122216720778,0.4297928075730732,127
144,43,station_hidden_trees,03198350,0.6505232576809753,0.6456759184485384,42
144,43,station_hidden_trees,03201700,1.3140736231723023,0.3133586363610001,42
144,43,station_hidden_trees,03201722,1.368104515074232,0.6075406731615325,36
144,43,station_hidden_trees,03212500,1.1354617478927576,-0.38731075463526177,25
144,43,station_hidden_trees,03281000,0.5167442677983816,-0.26174419506912977,35
144,43,station_hidden_trees,03289500,2.348940654652353,-1.2735561701052287,45
144,43,station_hidden_trees,03290500,1.0324009033863384,-0.875984091046319,58
144,43,station_hidden_trees,03374100,1.1336533904077268,-0.6631286841987373,297
144,43,station_hidden_trees,03474000,0.7185570709482635,0.546639604630421,26
144,43,station_hidden_trees,03568000,0.7660063844103253,0.6839952152260667,23
144,43,station_hidden_trees,03575100,2.494747506178822,2.4038266192082784,24
144,43,station_hidden_trees,03612500,0.49363574373182434,-0.28109683021206244,202
144,43,station_hidden_trees,05320500,2.533429336712058,-1.8246779638073192,14
144,43,station_hidden_trees,05322000,1.6622177558799662,-1.075944554576634,38
144,43,station_hidden_trees,05330000,1.347416218795583,0.07249911127202803,44
144,43,station_hidden_trees,05331833,1.4042892487325538,-0.9874491996606665,29
144,43,station_hidden_trees,05357239,3.975481487269176,-3.574879209168794,103
144,43,station_hidden_trees,05451080,1.2429851013083109,-0.38979448816430606,19
144,43,station_hidden_trees,05451210,1.3179656930841437,0.10301062154728566,238
144,43,station_hidden_trees,05464420,1.9093338186577151,-0.2507100609016247,47
144,43,station_hidden_trees,05526000,1.2746511470525193,-0.9563460337831146,39
144,43,station_hidden_trees,05550000,2.798862968612117,-2.7968858363098463,39
144,43,station_hidden_trees,05572000,0.8127463435773301,0.25495644286435004,43
144,43,station_hidden_trees,05586300,0.6511805953455451,0.558903625404732,67
144,43,station_hidden_trees,05587455,0.798487716853502,-0.45390127068077485,303
144,43,station_hidden_trees,06054500,1.041879012584628,-0.2447411321145863,26
144,43,station_hidden_trees,06214500,1.2602011274384197,0.8418608735151699,49
144,43,station_hidden_trees,06296003,3.3290676029278474,-1.9172021350723438,30
144,43,station_hidden_trees,06296120,1.7922578917460383,0.0025402224714614185,41
144,43,station_hidden_trees,06330000,3.7964490372806687,-2.7900665475161928,80
144,43,station_hidden_trees,06339100,6.971777801424118,-3.688874137827534,43
144,43,station_hidden_trees,06438000,52.99102966157437,-52.14580215857776,28
144,43,station_hidden_trees,06611300,1.5660865204269527,-0.26400138997130257,24
144,43,station_hidden_trees,06698500,2.778587276578845,-1.6036004885002708,42
144,43,station_hidden_trees,06714000,1.8911893101722488,-1.522527462624242,113
144,43,station_hidden_trees,06805500,1.1613213465093497,-0.4311076279597353,300
144,43,station_hidden_trees,06856600,2.2831293975384765,-0.8716894690430508,22
144,43,station_hidden_trees,06880800,2.0170662789415226,-1.145238263794424,43
144,43,station_hidden_trees,06884025,1.3263931843214016,-0.8445259147505536,32
144,43,station_hidden_trees,06890100,1.284576723249304,-0.9867902844576663,41
144,43,station_hidden_trees,06892350,0.6538101616926549,-0.16011213797838078,190
144,43,station_hidden_trees,06893150,1.1465367749224498,-0.9067192625309659,47
144,43,station_hidden_trees,06893350,1.5412360567504564,-0.6308665514119851,17
144,43,station_hidden_trees,06893500,1.5063816322296224,-1.2704102525790106,43
144,43,station_hidden_trees,06893564,2.982784304037063,-2.982784304037063,9
144,43,station_hidden_trees,06923150,1.3317522591654707,-0.15835878661313907,37
144,43,station_hidden_trees,07053250,2.0770262954427356,1.7838444739407513,49
144,43,station_hidden_trees,07055646,0.8799362600061615,0.849910048084549,56
144,43,station_hidden_trees,07055814,1.5726329314845995,-1.0486861103209257,10
144,43,station_hidden_trees,07083000,1.4386142534517068,1.3026477138879082,27
144,43,station_hidden_trees,07196500,1.6890033263208573,1.6283848363343671,28
144,43,unmonitored_integrated,03040000,0.6170716701964288,0.4944743313220217,30
144,43,unmonitored_integrated,03049652,0.4274036315878514,-0.195999851349388,44
144,43,unmonitored_integrated,03085000,0.5517803506875416,0.3474536948308632,127
144,43,unmonitored_integrated,03198350,0.2708937515499409,0.18824644626889855,42
144,43,unmonitored_integrated,03201700,1.213859605599843,-0.2840941446691098,42
144,43,unmonitored_integrated,03201722,1.2157587782527393,0.26787978193328055,36
144,43,unmonitored_integrated,03212500,1.1407050231767153,-0.5966443933331244,25
144,43,unmonitored_integrated,03281000,0.6352770831981831,-0.5279370353749521,35
144,43,unmonitored_integrated,03289500,2.492518425340205,-1.1726433857341176,45
144,43,unmonitored_integrated,03290500,1.0541038881870437,-0.8823833229128352,58
144,43,unmonitored_integrated,03374100,1.0879357191894579,-0.726562173732073,297
144,43,unmonitored_integrated,03474000,0.4652302899102061,0.15006638145680268,26
144,43,unmonitored_integrated,03568000,0.678428779114237,0.600292001409315,23
144,43,unmonitored_integrated,03575100,2.516394325489085,2.48087911488344,24
144,43,unmonitored_integrated,03612500,0.48987405568814957,-0.2659984862583509,202
144,43,unmonitored_integrated,05320500,2.0933246020273186,-1.384885636224483,14
144,43,unmonitored_integrated,05322000,1.6416693655083392,-1.02316745034986,38
144,43,unmonitored_integrated,05330000,1.330959333433796,0.3737724035835798,44
144,43,unmonitored_integrated,05331833,1.2316655528033535,-0.8364917241479606,29
144,43,unmonitored_integrated,05357239,3.878564256373231,-3.422890880435882,103
144,43,unmonitored_integrated,05451080,1.3289674385457928,-0.9952116048564976,19
144,43,unmonitored_integrated,05451210,1.2318531704950697,-0.21920931362026386,238
144,43,unmonitored_integrated,05464420,1.7316060307120789,-0.4186306295028729,47
144,43,unmonitored_integrated,05526000,1.2997559726602397,-0.7714503681833649,39
144,43,unmonitored_integrated,05550000,1.8304585085560445,-1.7415948667913317,39
144,43,unmonitored_integrated,05572000,0.8336210161988388,0.0665179854058318,43
144,43,unmonitored_integrated,05586300,0.6966785786504124,0.6242723298469449,67
144,43,unmonitored_integrated,05587455,0.7754953295151321,-0.35800868899779065,303
144,43,unmonitored_integrated,06054500,1.0297615624813292,-0.5414752313193101,26
144,43,unmonitored_integrated,06214500,0.8979100097571584,0.3528295791924263,49
144,43,unmonitored_integrated,06296003,3.017016069758478,-0.7573547841570708,30
144,43,unmonitored_integrated,06296120,1.8110259564581705,-0.23500602838867718,41
144,43,unmonitored_integrated,06330000,3.8389595418104463,-3.1439807780193347,80
144,43,unmonitored_integrated,06339100,7.379436888080506,-1.6603678241819717,43
144,43,unmonitored_integrated,06438000,52.637665188817934,-51.777632043545395,28
144,43,unmonitored_integrated,06611300,1.5830752797999683,0.6160086796870562,24
144,43,unmonitored_integrated,06698500,2.4469189798228634,-0.8307571951868015,42
144,43,unmonitored_integrated,06714000,1.8501636819476721,-1.2275518091686575,113
144,43,unmonitored_integrated,06805500,1.1367347522075144,-0.7280067773900302,300
144,43,unmonitored_integrated,06856600,2.354592149813721,0.035496012310188924,22
144,43,unmonitored_integrated,06880800,1.9715869542693136,-1.164755749756435,43
144,43,unmonitored_integrated,06884025,1.4190334951827002,-1.0526264824969955,32
144,43,unmonitored_integrated,06890100,1.4103640625862224,-0.48345263555603235,41
144,43,unmonitored_integrated,06892350,0.7769657899114901,-0.46293951089011004,190
144,43,unmonitored_integrated,06893150,0.9879873669822128,-0.4774636360693584,47
144,43,unmonitored_integrated,06893350,1.4708007237804666,-0.5630976011775438,17
144,43,unmonitored_integrated,06893500,1.4915417950589853,-1.077447532281907,43
144,43,unmonitored_integrated,06893564,3.2183792819722186,-3.2183792819722186,9
144,43,unmonitored_integrated,06923150,1.3081702442126966,-0.5927525043946538,37
144,43,unmonitored_integrated,07053250,1.6864475799699303,1.385298468550623,49
144,43,unmonitored_integrated,07055646,0.592458160372705,0.4777991375371839,56
144,43,unmonitored_integrated,07055814,1.7091686406285969,-1.45893584871614,10
144,43,unmonitored_integrated,07083000,1.1265883163724275,1.0231829906905099,27
144,43,unmonitored_integrated,07196500,1.5247697609903519,1.4348950186980134,28
144,43,unmonitored_residual,03040000,0.6170716701964288,0.4944743313220217,30
144,43,unmonitored_residual,03049652,0.4274036315878514,-0.195999851349388,44
144,43,unmonitored_residual,03085000,0.5517803506875416,0.3474536948308632,127
144,43,unmonitored_residual,03198350,0.2708937515499409,0.18824644626889855,42
144,43,unmonitored_residual,03201700,1.213859605599843,-0.2840941446691098,42
144,43,unmonitored_residual,03201722,1.2157587782527393,0.26787978193328055,36
144,43,unmonitored_residual,03212500,1.1407050231767153,-0.5966443933331244,25
144,43,unmonitored_residual,03281000,0.6352770831981831,-0.5279370353749521,35
144,43,unmonitored_residual,03289500,2.492518425340205,-1.1726433857341176,45
144,43,unmonitored_residual,03290500,1.0541038881870437,-0.8823833229128352,58
144,43,unmonitored_residual,03374100,1.0879357191894579,-0.726562173732073,297
144,43,unmonitored_residual,03474000,0.4652302899102061,0.15006638145680268,26
144,43,unmonitored_residual,03568000,0.678428779114237,0.600292001409315,23
144,43,unmonitored_residual,03575100,2.516394325489085,2.48087911488344,24
144,43,unmonitored_residual,03612500,0.48987405568814957,-0.2659984862583509,202
144,43,unmonitored_residual,05320500,2.0933246020273186,-1.384885636224483,14
144,43,unmonitored_residual,05322000,1.6416693655083392,-1.02316745034986,38
144,43,unmonitored_residual,05330000,1.330959333433796,0.3737724035835798,44
144,43,unmonitored_residual,05331833,1.2316655528033535,-0.8364917241479606,29
144,43,unmonitored_residual,05357239,3.878564256373231,-3.422890880435882,103
144,43,unmonitored_residual,05451080,1.3289674385457928,-0.9952116048564976,19
144,43,unmonitored_residual,05451210,1.2318531704950697,-0.21920931362026386,238
144,43,unmonitored_residual,05464420,1.7316060307120789,-0.4186306295028729,47
144,43,unmonitored_residual,05526000,1.2997559726602397,-0.7714503681833649,39
144,43,unmonitored_residual,05550000,1.8304585085560445,-1.7415948667913317,39
144,43,unmonitored_residual,05572000,0.8336210161988388,0.0665179854058318,43
144,43,unmonitored_residual,05586300,0.6966785786504124,0.6242723298469449,67
144,43,unmonitored_residual,05587455,0.7754953295151321,-0.35800868899779065,303
144,43,unmonitored_residual,06054500,1.0297615624813292,-0.5414752313193101,26
144,43,unmonitored_residual,06214500,0.8979100097571584,0.3528295791924263,49
144,43,unmonitored_residual,06296003,3.017016069758478,-0.7573547841570708,30
144,43,unmonitored_residual,06296120,1.8110259564581705,-0.23500602838867718,41
144,43,unmonitored_residual,06330000,3.8389595418104463,-3.1439807780193347,80
144,43,unmonitored_residual,06339100,7.379436888080506,-1.6603678241819717,43
144,43,unmonitored_residual,06438000,52.637665188817934,-51.777632043545395,28
144,43,unmonitored_residual,06611300,1.5830752797999683,0.6160086796870562,24
144,43,unmonitored_residual,06698500,2.4469189798228634,-0.8307571951868015,42
144,43,unmonitored_residual,06714000,1.8501636819476721,-1.2275518091686575,113
144,43,unmonitored_residual,06805500,1.1367347522075144,-0.7280067773900302,300
144,43,unmonitored_residual,06856600,2.354592149813721,0.035496012310188924,22
144,43,unmonitored_residual,06880800,1.9715869542693136,-1.164755749756435,43
144,43,unmonitored_residual,06884025,1.4190334951827002,-1.0526264824969955,32
144,43,unmonitored_residual,06890100,1.4103640625862224,-0.48345263555603235,41
144,43,unmonitored_residual,06892350,0.7769657899114901,-0.46293951089011004,190
144,43,unmonitored_residual,06893150,0.9879873669822128,-0.4774636360693584,47
144,43,unmonitored_residual,06893350,1.4708007237804666,-0.5630976011775438,17
144,43,unmonitored_residual,06893500,1.4915417950589853,-1.077447532281907,43
144,43,unmonitored_residual,06893564,3.2183792819722186,-3.2183792819722186,9
144,43,unmonitored_residual,06923150,1.3081702442126966,-0.5927525043946538,37
144,43,unmonitored_residual,07053250,1.6864475799699303,1.385298468550623,49
144,43,unmonitored_residual,07055646,0.592458160372705,0.4777991375371839,56
144,43,unmonitored_residual,07055814,1.7091686406285969,-1.45893584871614,10
144,43,unmonitored_residual,07083000,1.1265883163724275,1.0231829906905099,27
144,43,unmonitored_residual,07196500,1.5247697609903519,1.4348950186980134,28
144,44,current_model,03040000,0.5009548522000229,0.284980245860659,30
144,44,current_model,03049652,0.43225016358130613,-0.08709711079132458,44
144,44,current_model,03085000,0.5168589085544016,0.31584899515045034,127
144,44,current_model,03198350,0.29139191804208975,-0.20372046709446315,42
144,44,current_model,03201700,1.2822044008673252,-0.5619638624104311,42
144,44,current_model,03201722,1.1191896530629915,-0.5441796161483754,36
144,44,current_model,03212500,1.2437932443593303,-0.24756365686918655,25
144,44,current_model,03281000,0.6131036481139405,-0.31244651649211935,35
144,44,current_model,03289500,2.2545689351753047,-1.4635556715313551,45
144,44,current_model,03290500,1.0360224870709172,-0.8813277334718338,58
144,44,current_model,03374100,1.1065291912398418,-0.6029471015861302,297
144,44,current_model,03474000,0.4291337984440017,-0.11500606097150824,26
144,44,current_model,03568000,0.85958537616083,0.7967825991206504,23
144,44,current_model,03575100,2.6262490291628398,2.5541448770553297,24
144,44,current_model,03612500,0.5361519109051632,-0.3402127069573696,202
144,44,current_model,05320500,2.1683615984791755,-1.4836773722460006,14
144,44,current_model,05322000,1.5396000165131023,-0.7424977418628209,38
144,44,current_model,05330000,1.4379143322379329,0.43544215445670537,44
144,44,current_model,05331833,1.3227479097051604,-0.47167948526434783,29
144,44,current_model,05357239,4.091066191440685,-3.797020148565663,103
144,44,current_model,05451080,1.257887616540678,-0.8280529950363672,19
144,44,current_model,05451210,1.2248022231277926,-0.08049352354399722,238
144,44,current_model,05464420,1.6085783223670544,-0.7044178554743824,47
144,44,current_model,05526000,1.0074865563083506,-0.5818564972086042,39
144,44,current_model,05550000,2.2179447311650797,-2.1743524321739804,39
144,44,current_model,05572000,0.7964189070973451,-0.003753031453659474,43
144,44,current_model,05586300,0.7325161814810652,0.6929244310016024,67
144,44,current_model,05587455,0.7514903968204387,-0.13626422111878186,303
144,44,current_model,06054500,0.9950059902613959,-0.08963125571032646,26
144,44,current_model,06214500,0.8997057626094637,0.46174656744515613,49
144,44,current_model,06296003,3.178289320214008,-1.220640713540693,30
144,44,current_model,06296120,1.6342106663954312,-0.6693934603212397,41
144,44,current_model,06330000,3.7524969752701134,-2.318918032161434,80
144,44,current_model,06339100,7.396680125481201,-3.7171444919355947,43
144,44,current_model,06438000,53.08572232719255,-51.68880385167533,28
144,44,current_model,06611300,1.6174555782309585,0.0053181195564539485,24
144,44,current_model,06698500,2.578783447539773,0.02821663281284388,42
144,44,current_model,06714000,1.6921810506815165,-0.9923983769782674,113
144,44,current_model,06805500,1.1274328759688157,-0.5990076552532598,300
144,44,current_model,06856600,2.331654964687681,-1.0216059964608835,22
144,44,current_model,06880800,2.129361108120507,-0.6740319159368038,43
144,44,current_model,06884025,1.3743432505372388,-1.0358985520547443,32
144,44,current_model,06890100,1.1496856527530277,-0.3124759235725146,41
144,44,current_model,06892350,0.7890411738630453,-0.5077949266353113,190
144,44,current_model,06893150,1.0597977003360053,-0.7604542288721393,47
144,44,current_model,06893350,1.3926399182731215,-0.26644787390721403,17
144,44,current_model,06893500,1.5331079029365235,-0.9111592305996039,43
144,44,current_model,06893564,3.1002400054390353,-3.1002400054390353,9
144,44,current_model,06923150,1.2598322995699944,-0.8876568956487747,37
144,44,current_model,07053250,1.762618073656325,1.437206468895294,49
144,44,current_model,07055646,0.5848674764045773,0.5068618252852274,56
144,44,current_model,07055814,1.6735364723955928,-1.5461200396123602,10
144,44,current_model,07083000,0.8917054819767442,0.7863867372356214,27
144,44,current_model,07196500,1.3848712818664555,1.2899612380251475,28
144,44,matched_daily_trees,03040000,1.060764760063657,0.9219513708791086,30
144,44,matched_daily_trees,03049652,0.432985257729872,-0.05271175425017562,44
144,44,matched_daily_trees,03085000,0.6792281053499414,0.5584363046723204,127
144,44,matched_daily_trees,03198350,0.6111726637961157,0.5932892619160741,42
144,44,matched_daily_trees,03201700,1.3418822121073763,0.2810868489004443,42
144,44,matched_daily_trees,03201722,1.1476317321514904,0.060208385454153586,36
144,44,matched_daily_trees,03212500,1.3523581888449008,0.04685972594985135,25
144,44,matched_daily_trees,03281000,0.5850201907530987,-0.12575782714893816,35
144,44,matched_daily_trees,03289500,2.2970751215232297,-1.0933296053241346,45
144,44,matched_daily_trees,03290500,0.9274846136174536,-0.6657597334322058,58
144,44,matched_daily_trees,03374100,1.132522547617744,-0.5464715269163936,297
144,44,matched_daily_trees,03474000,0.7216257396293728,0.5763451968126556,26
144,44,matched_daily_trees,03568000,0.92984732050844,0.8706963368743258,23
144,44,matched_daily_trees,03575100,2.6437089711370807,2.5657002782776916,24
144,44,matched_daily_trees,03612500,0.5251392658221065,-0.3291639990858847,202
144,44,matched_daily_trees,05320500,2.487298605966443,-1.8020942906731225,14
144,44,matched_daily_trees,05322000,1.5157834507996815,-0.7042027259654482,38
144,44,matched_daily_trees,05330000,1.303668605774099,-0.13971726826803252,44
144,44,matched_daily_trees,05331833,1.253975998150172,-0.45822925855969865,29
144,44,matched_daily_trees,05357239,4.529940853459749,-4.335471422209238,103
144,44,matched_daily_trees,05451080,1.2575495001993306,0.28879485845763264,19
144,44,matched_daily_trees,05451210,1.626796715909532,0.540854251445864,238
144,44,matched_daily_trees,05464420,1.9814624443224078,-0.08267697667474616,47
144,44,matched_daily_trees,05526000,0.9501124187124085,-0.295338134372183,39
144,44,matched_daily_trees,05550000,2.7528106839495705,-2.7499185298457975,39
144,44,matched_daily_trees,05572000,1.044803287930207,0.711139401700009,43
144,44,matched_daily_trees,05586300,0.905028084020388,0.887588492779388,67
144,44,matched_daily_trees,05587455,0.8031117321001473,-0.5119623562898499,303
144,44,matched_daily_trees,06054500,1.1742520176712903,0.3773213536783466,26
144,44,matched_daily_trees,06214500,1.585913880420056,1.3184772065864716,49
144,44,matched_daily_trees,06296003,3.245373380457227,-1.7395357333580523,30
144,44,matched_daily_trees,06296120,1.6880387294829384,-0.11216081912321775,41
144,44,matched_daily_trees,06330000,3.783511528239899,-2.019682382609313,80
144,44,matched_daily_trees,06339100,7.1896753929991055,-4.595457951420832,43
144,44,matched_daily_trees,06438000,53.33618554967404,-51.64099507779741,28
144,44,matched_daily_trees,06611300,1.6191385117683363,-0.2562770949246039,24
144,44,matched_daily_trees,06698500,2.725555185334907,-0.9151884520380374,42
144,44,matched_daily_trees,06714000,1.7729233598082503,-1.1353392156478412,113
144,44,matched_daily_trees,06805500,1.220873733541643,-0.1917065919549512,300
144,44,matched_daily_trees,06856600,2.3121262937005516,-1.0549545587204334,22
144,44,matched_daily_trees,06880800,2.232978772027541,-0.36844171054056324,43
144,44,matched_daily_trees,06884025,1.335472733623134,-0.5540574237507996,32
144,44,matched_daily_trees,06890100,1.196768974927881,-0.10107085870721552,41
144,44,matched_daily_trees,06892350,0.7006852355079981,-0.0713735414249744,190
144,44,matched_daily_trees,06893150,1.03994254347494,-0.7434238900061365,47
144,44,matched_daily_trees,06893350,1.4624983622803394,-0.3246199420780711,17
144,44,matched_daily_trees,06893500,1.5087068258626228,-1.2401926001358976,43
144,44,matched_daily_trees,06893564,2.7163984239299657,-2.7163984239299657,9
144,44,matched_daily_trees,06923150,1.3898686068277617,0.111521788055849,37
144,44,matched_daily_trees,07053250,2.6044147236114115,2.3258124609488355,49
144,44,matched_daily_trees,07055646,0.9216432652695212,0.8954176269226044,56
144,44,matched_daily_trees,07055814,1.4533495338850906,-0.9112625777899597,10
144,44,matched_daily_trees,07083000,1.257645875526015,1.1151058098283553,27
144,44,matched_daily_trees,07196500,1.7718802703401746,1.7262792470165174,28
144,44,nonlinear_native_integrated,03040000,0.44771168925668114,0.22412658975634975,30
144,44,nonlinear_native_integrated,03049652,0.4482779083601733,-0.2863895679925914,44
144,44,nonlinear_native_integrated,03085000,0.46858601499741115,0.24094555621243285,127
144,44,nonlinear_native_integrated,03198350,0.22621294652568344,0.06084586460206495,42
144,44,nonlinear_native_integrated,03201700,1.2080806423782267,-0.6853490111494226,42
144,44,nonlinear_native_integrated,03201722,1.1805554847699125,0.3274961361353157,36
144,44,nonlinear_native_integrated,03212500,1.1940963886169684,-0.7572958064195603,25
144,44,nonlinear_native_integrated,03281000,0.5339466473140864,-0.365435858319571,35
144,44,nonlinear_native_integrated,03289500,2.2832521771514607,-1.3401614467494847,45
144,44,nonlinear_native_integrated,03290500,0.9772845596311451,-0.8443903885714176,58
144,44,nonlinear_native_integrated,03374100,1.0855745149951435,-0.6542917440810723,297
144,44,nonlinear_native_integrated,03474000,0.5335471406425787,0.2083317825267197,26
144,44,nonlinear_native_integrated,03568000,0.6834627619303585,0.5789885399546254,23
144,44,nonlinear_native_integrated,03575100,2.383708998750078,2.2849474030177745,24
144,44,nonlinear_native_integrated,03612500,0.5730968955159936,-0.4304209538084355,202
144,44,nonlinear_native_integrated,05320500,2.161269000019503,-1.5210541326873126,14
144,44,nonlinear_native_integrated,05322000,1.4464755645538923,-0.6341584732862886,38
144,44,nonlinear_native_integrated,05330000,1.2370465589058386,0.22690015720507206,44
144,44,nonlinear_native_integrated,05331833,1.1665051446395476,-0.5962145246977728,29
144,44,nonlinear_native_integrated,05357239,3.333195240319466,-2.2883702847017076,103
144,44,nonlinear_native_integrated,05451080,1.4437972442031601,-1.219033935241685,19
144,44,nonlinear_native_integrated,05451210,1.1950618757322184,-0.507649258749326,238
144,44,nonlinear_native_integrated,05464420,1.7737037002412799,-0.37908889189576095,47
144,44,nonlinear_native_integrated,05526000,1.1358060587096777,-0.6937038836360235,39
144,44,nonlinear_native_integrated,05550000,2.082496569765857,-2.03004571039463,39
144,44,nonlinear_native_integrated,05572000,0.7961194606135413,0.18696380493884515,43
144,44,nonlinear_native_integrated,05586300,0.9477683871204791,0.9289240931316766,67
144,44,nonlinear_native_integrated,05587455,0.7679936402694056,-0.0807579534631811,303
144,44,nonlinear_native_integrated,06054500,1.2781474179906052,-0.9182935869527676,26
144,44,nonlinear_native_integrated,06214500,0.7630809169670395,-0.199008264112558,49
144,44,nonlinear_native_integrated,06296003,2.993886562240299,-1.2996434098929184,30
144,44,nonlinear_native_integrated,06296120,1.5997366168547247,-0.5295575958677797,41
144,44,nonlinear_native_integrated,06330000,3.7712641729472542,-2.7322910190011656,80
144,44,nonlinear_native_integrated,06339100,7.141565026247167,-2.765768800469574,43
144,44,nonlinear_native_integrated,06438000,52.95842003158013,-52.224453406602514,28
144,44,nonlinear_native_integrated,06611300,1.3867162205209647,0.11036454849264495,24
144,44,nonlinear_native_integrated,06698500,2.4735919793075403,-0.2889354814524382,42
144,44,nonlinear_native_integrated,06714000,1.720048977506928,-0.9012302229511177,113
144,44,nonlinear_native_integrated,06805500,1.1295699688799947,-0.6874024011353934,300
144,44,nonlinear_native_integrated,06856600,2.3367291952688625,-0.4824094013874347,22
144,44,nonlinear_native_integrated,06880800,1.9274346295956166,-1.0494794464250745,43
144,44,nonlinear_native_integrated,06884025,1.3140945931781802,-0.5528578978149582,32
144,44,nonlinear_native_integrated,06890100,1.2038647983316575,-0.32189860951478805,41
144,44,nonlinear_native_integrated,06892350,0.7550927096396681,-0.31056606340449044,190
144,44,nonlinear_native_integrated,06893150,1.0274214255848129,-0.7234581429423658,47
144,44,nonlinear_native_integrated,06893350,1.4786975238562747,-0.5307104055719629,17
144,44,nonlinear_native_integrated,06893500,1.5068649677812316,-0.9342398197812612,43
144,44,nonlinear_native_integrated,06893564,2.8532888332181408,-2.8038433788248103,9
144,44,nonlinear_native_integrated,06923150,1.2571783485115853,-0.41470334765432004,37
144,44,nonlinear_native_integrated,07053250,1.9395029961526622,1.6255678666832551,49
144,44,nonlinear_native_integrated,07055646,0.8587764491215414,0.8099125372203618,56
144,44,nonlinear_native_integrated,07055814,1.5680897350426828,-1.130320499245919,10
144,44,nonlinear_native_integrated,07083000,1.3739040917701513,1.309297799602841,27
144,44,nonlinear_native_integrated,07196500,1.4017296631647784,1.29186334241569,28
144,44,nonlinear_native_residual,03040000,0.3962829154089257,0.12558198638799734,30
144,44,nonlinear_native_residual,03049652,0.4439836476590249,-0.2690118970425638,44
144,44,nonlinear_native_residual,03085000,0.46642636452928327,0.23562537839504447,127
144,44,nonlinear_native_residual,03198350,0.21019643028882953,-0.04401661001222974,42
144,44,nonlinear_native_residual,03201700,1.2820578220486625,-0.8988882362762334,42
144,44,nonlinear_native_residual,03201722,1.1760521470248966,0.3130063742026325,36
144,44,nonlinear_native_residual,03212500,1.2211729890534009,-0.8138646037030091,25
144,44,nonlinear_native_residual,03281000,0.5290228591432179,-0.36232971733021324,35
144,44,nonlinear_native_residual,03289500,2.270764991655068,-1.361049480897986,45
144,44,nonlinear_native_residual,03290500,0.9722667415867063,-0.8396780048837729,58
144,44,nonlinear_native_residual,03374100,1.0725711324058957,-0.6153129678043053,297
144,44,nonlinear_native_residual,03474000,0.509916014325047,0.15747969123715558,26
144,44,nonlinear_native_residual,03568000,0.6722748807087573,0.5627649785207414,23
144,44,nonlinear_native_residual,03575100,2.3479878486723034,2.2484623815974305,24
144,44,nonlinear_native_residual,03612500,0.5531057556291133,-0.39323711066252665,202
144,44,nonlinear_native_residual,05320500,2.03518855793847,-1.4039280921806694,14
144,44,nonlinear_native_residual,05322000,1.3978215240493543,-0.4954968155477073,38
144,44,nonlinear_native_residual,05330000,1.2024185679772765,0.2783310751106906,44
144,44,nonlinear_native_residual,05331833,1.1090994286812725,-0.5242176193678493,29
144,44,nonlinear_native_residual,05357239,3.2297494528577086,-1.9322383308845288,103
144,44,nonlinear_native_residual,05451080,1.5732500990716334,-1.4546989799072683,19
144,44,nonlinear_native_residual,05451210,1.2078589120521481,-0.6461801900483938,238
144,44,nonlinear_native_residual,05464420,1.7299568039864381,-0.41703212312030813,47
144,44,nonlinear_native_residual,05526000,1.0904900445573151,-0.594549231461045,39
144,44,nonlinear_native_residual,05550000,1.8595429301531463,-1.7498943923457613,39
144,44,nonlinear_native_residual,05572000,0.79999170940271,0.20638086996916702,43
144,44,nonlinear_native_residual,05586300,1.086729638672515,1.0781645935626187,67
144,44,nonlinear_native_residual,05587455,0.7900327530170961,0.0388145945595826,303
144,44,nonlinear_native_residual,06054500,1.314754315500628,-0.9261037097671861,26
144,44,nonlinear_native_residual,06214500,0.8660288652567184,-0.34195337850919316,49
144,44,nonlinear_native_residual,06296003,2.960161630844821,-1.0907850982675886,30
144,44,nonlinear_native_residual,06296120,1.610315013957404,-0.573782567386151,41
144,44,nonlinear_native_residual,06330000,3.772687583767181,-2.703163892102379,80
144,44,nonlinear_native_residual,06339100,7.235488338055069,-2.396476523965062,43
144,44,nonlinear_native_residual,06438000,52.8979253956695,-52.23469583537055,28
144,44,nonlinear_native_residual,06611300,1.3862712519911442,0.3022007531105528,24
144,44,nonlinear_native_residual,06698500,2.5514120960366364,0.10239822330459,42
144,44,nonlinear_native_residual,06714000,1.7391757150748723,-0.6845619872286689,113
144,44,nonlinear_native_residual,06805500,1.1299131547036045,-0.6824956062278453,300
144,44,nonlinear_native_residual,06856600,2.3533715884004556,-0.3219716154316348,22
144,44,nonlinear_native_residual,06880800,1.917313750793323,-1.0155507210681376,43
144,44,nonlinear_native_residual,06884025,1.3186228564175289,-0.42141294727656975,32
144,44,nonlinear_native_residual,06890100,1.236399413712167,-0.12047337830423739,41
144,44,nonlinear_native_residual,06892350,0.798946602110396,-0.3022179145773428,190
144,44,nonlinear_native_residual,06893150,0.9955554393192484,-0.6255676099846784,47
144,44,nonlinear_native_residual,06893350,1.463986605486154,-0.5112870930383684,17
144,44,nonlinear_native_residual,06893500,1.5464380510640114,-0.8466658649434451,43
144,44,nonlinear_native_residual,06893564,2.7816660257057872,-2.708350197201731,9
144,44,nonlinear_native_residual,06923150,1.2393149968374393,-0.4977881401555537,37
144,44,nonlinear_native_residual,07053250,1.8546979152147172,1.5323069202606707,49
144,44,nonlinear_native_residual,07055646,0.8752115545044888,0.8216077077019579,56
144,44,nonlinear_native_residual,07055814,1.5445034897614909,-1.1205475929044728,10
144,44,nonlinear_native_residual,07083000,1.4830204976707262,1.4271425536891327,27
144,44,nonlinear_native_residual,07196500,1.4176678409905588,1.3080429941556733,28
144,44,station_hidden_trees,03040000,0.8011778384938856,0.6544007849498883,30
144,44,station_hidden_trees,03049652,0.4333211914833205,-0.21412582340650338,44
144,44,station_hidden_trees,03085000,0.5453150201850974,0.376878659721085,127
144,44,station_hidden_trees,03198350,0.556224315300858,0.5388309348224977,42
144,44,station_hidden_trees,03201700,1.2601543105975,0.0230919737271654,42
144,44,station_hidden_trees,03201722,1.2227296774576375,0.43331659858835775,36
144,44,station_hidden_trees,03212500,1.112495269747736,-0.5053094304251542,25
144,44,station_hidden_trees,03281000,0.5378653789069566,-0.3119918861863913,35
144,44,station_hidden_trees,03289500,2.3592164046095787,-1.1568034229140842,45
144,44,station_hidden_trees,03290500,1.0015914445002903,-0.8564555364166647,58
144,44,station_hidden_trees,03374100,1.1300010838694945,-0.6483096686237994,297
144,44,station_hidden_trees,03474000,0.6969505372001051,0.5091654358757819,26
144,44,station_hidden_trees,03568000,0.8070681956295767,0.7371988626101491,23
144,44,station_hidden_trees,03575100,2.5424553032001187,2.4557255799681657,24
144,44,station_hidden_trees,03612500,0.5609126807719381,-0.42003751816038437,202
144,44,station_hidden_trees,05320500,2.563054465914075,-1.9033393558168499,14
144,44,station_hidden_trees,05322000,1.5871629251759203,-1.0096129255337616,38
144,44,station_hidden_trees,05330000,1.3100755127042443,-0.051689619120754475,44
144,44,station_hidden_trees,05331833,1.420275412855564,-0.8756558750273143,29
144,44,station_hidden_trees,05357239,3.890536530150676,-3.4546209380436337,103
144,44,station_hidden_trees,05451080,1.2329694947041627,-0.4233228800070724,19
144,44,station_hidden_trees,05451210,1.2699469642987549,-0.04672792855628454,238
144,44,station_hidden_trees,05464420,1.9639925234210733,-0.1671268658128395,47
144,44,station_hidden_trees,05526000,1.2743014453428851,-0.9276581932342693,39
144,44,station_hidden_trees,05550000,2.855861353118251,-2.855861353118251,39
144,44,station_hidden_trees,05572000,0.841133197819624,0.3210112104593973,43
144,44,station_hidden_trees,05586300,0.6945911747187439,0.6169640796161424,67
144,44,station_hidden_trees,05587455,0.7987672144288688,-0.44579906470032055,303
144,44,station_hidden_trees,06054500,1.0927398174866567,-0.516045606838511,26
144,44,station_hidden_trees,06214500,1.1624580701897214,0.5622063051489591,49
144,44,station_hidden_trees,06296003,3.312709388785004,-1.939750177108242,30
144,44,station_hidden_trees,06296120,1.6338407037274714,-0.23045505564816468,41
144,44,station_hidden_trees,06330000,3.7781681548986086,-2.7508558585559464,80
144,44,station_hidden_trees,06339100,6.9192454014770455,-3.6765511269543247,43
144,44,station_hidden_trees,06438000,53.24122737024912,-52.23020491915248,28
144,44,station_hidden_trees,06611300,1.5847073745454754,-0.33788941596408195,24
144,44,station_hidden_trees,06698500,2.752763547796426,-1.4280496619121117,42
144,44,station_hidden_trees,06714000,1.817326649536081,-1.3493576918514467,113
144,44,station_hidden_trees,06805500,1.1578913749087427,-0.5309401886380021,300
144,44,station_hidden_trees,06856600,2.2952388544418705,-0.9666914690902026,22
144,44,station_hidden_trees,06880800,2.029584813276713,-1.004761407952785,43
144,44,station_hidden_trees,06884025,1.3241591122911578,-0.8235101836416496,32
144,44,station_hidden_trees,06890100,1.223411090151334,-0.8517897830394071,41
144,44,station_hidden_trees,06892350,0.6750010689632834,-0.28382787800694437,190
144,44,station_hidden_trees,06893150,1.1650764861698863,-0.9394791862050081,47
144,44,station_hidden_trees,06893350,1.5258370907411343,-0.596658376743112,17
144,44,station_hidden_trees,06893500,1.495698984881247,-1.1879935082686075,43
144,44,station_hidden_trees,06893564,3.097925021309749,-3.097925021309749,9
144,44,station_hidden_trees,06923150,1.3838173568321035,-0.04017269939383295,37
144,44,station_hidden_trees,07053250,2.2673431394156105,1.977663490749007,49
144,44,station_hidden_trees,07055646,0.9367948651871155,0.9094195736788364,56
144,44,station_hidden_trees,07055814,1.615617028503556,-1.062321366634274,10
144,44,station_hidden_trees,07083000,1.3397194408870303,1.1517134765186192,27
144,44,station_hidden_trees,07196500,1.4809751535738436,1.3918901971815336,28
144,44,unmonitored_integrated,03040000,0.44792635177732787,0.19631750033412382,30
144,44,unmonitored_integrated,03049652,0.4598540926505387,-0.33997607012874603,44
144,44,unmonitored_integrated,03085000,0.47945892254594463,0.21492991617032664,127
144,44,unmonitored_integrated,03198350,0.2299271637164735,-0.005549805573487417,42
144,44,unmonitored_integrated,03201700,1.1845833100614431,-0.5953734156751794,42
144,44,unmonitored_integrated,03201722,1.1336530353535077,0.2037492215014555,36
144,44,unmonitored_integrated,03212500,1.1298956725647584,-0.5644934354280025,25
144,44,unmonitored_integrated,03281000,0.4886851654789372,-0.3030266864317645,35
144,44,unmonitored_integrated,03289500,2.3379978554972825,-1.1071989805629512,45
144,44,unmonitored_integrated,03290500,0.975242131060089,-0.8067717715339778,58
144,44,unmonitored_integrated,03374100,1.0903970954188502,-0.5806456523896376,297
144,44,unmonitored_integrated,03474000,0.5137557900142576,0.1630377899981711,26
144,44,unmonitored_integrated,03568000,0.7948520862423353,0.7183951649740928,23
144,44,unmonitored_integrated,03575100,2.7212398241535976,2.6969869363916743,24
144,44,unmonitored_integrated,03612500,0.567313680972537,-0.40624029395128114,202
144,44,unmonitored_integrated,05320500,2.254947695967499,-1.5870008621419236,14
144,44,unmonitored_integrated,05322000,1.499778422284626,-0.7797889096965337,38
144,44,unmonitored_integrated,05330000,1.3269648979527608,0.35192937306940125,44
144,44,unmonitored_integrated,05331833,1.1902621429586226,-0.49775752370869125,29
144,44,unmonitored_integrated,05357239,3.55793243112726,-2.860918252202186,103
144,44,unmonitored_integrated,05451080,1.324489487387074,-0.9675847749638415,19
144,44,unmonitored_integrated,05451210,1.2067812198549561,-0.3956185951728637,238
144,44,unmonitored_integrated,05464420,1.7762154285980902,-0.40171911677202526,47
144,44,unmonitored_integrated,05526000,1.2149344122796208,-0.7622547619837092,39
144,44,unmonitored_integrated,05550000,2.165860864790033,-2.1347397341230008,39
144,44,unmonitored_integrated,05572000,0.8071582030532327,0.1373897716899355,43
144,44,unmonitored_integrated,05586300,0.9107249602118151,0.8846098994950528,67
144,44,unmonitored_integrated,05587455,0.7620709041718465,-0.06346101204708277,303
144,44,unmonitored_integrated,06054500,1.3250239143127505,-1.042241487851809,26
144,44,unmonitored_integrated,06214500,0.8273224731455736,-0.29427704466821014,49
144,44,unmonitored_integrated,06296003,3.064428374073481,-1.4141147971041517,30
144,44,unmonitored_integrated,06296120,1.613920911498545,-0.46311376143667377,41
144,44,unmonitored_integrated,06330000,3.783789542258071,-2.8511026095341707,80
144,44,unmonitored_integrated,06339100,7.122156514252977,-2.7167074120858032,43
144,44,unmonitored_integrated,06438000,52.9606806750525,-52.071075169796494,28
144,44,unmonitored_integrated,06611300,1.492125072742409,0.28014120306207707,24
144,44,unmonitored_integrated,06698500,2.511453015772544,-0.535552511405654,42
144,44,unmonitored_integrated,06714000,1.7461449175188493,-0.9271599131764643,113
144,44,unmonitored_integrated,06805500,1.1256537410696739,-0.6867373999460572,300
144,44,unmonitored_integrated,06856600,2.3005225859333924,-0.29006176705772013,22
144,44,unmonitored_integrated,06880800,1.9073326086648899,-1.0948373995648502,43
144,44,unmonitored_integrated,06884025,1.2629826801688442,-0.5259711845895637,32
144,44,unmonitored_integrated,06890100,1.184505614410928,-0.37660624248276314,41
144,44,unmonitored_integrated,06892350,0.7174388914871179,-0.17933053756898892,190
144,44,unmonitored_integrated,06893150,1.0354166455933378,-0.7061399209344336,47
144,44,unmonitored_integrated,06893350,1.4262511344497937,-0.4277250266145546,17
144,44,unmonitored_integrated,06893500,1.4822753028565163,-0.8167879142701149,43
144,44,unmonitored_integrated,06893564,2.9661070682213317,-2.9518705008455317,9
144,44,unmonitored_integrated,06923150,1.3041713362495437,-0.28712751085548943,37
144,44,unmonitored_integrated,07053250,2.147284694571539,1.8615037261604406,49
144,44,unmonitored_integrated,07055646,0.8779986845522517,0.8480707463583129,56
144,44,unmonitored_integrated,07055814,1.6682524583627618,-1.2798352474019896,10
144,44,unmonitored_integrated,07083000,1.2483242035700397,1.1883755874243325,27
144,44,unmonitored_integrated,07196500,1.525871990444163,1.4514992841132408,28
144,44,unmonitored_residual,03040000,0.4126803949878457,0.08850320049169606,30
144,44,unmonitored_residual,03049652,0.45736337751399675,-0.3404605665574366,44
144,44,unmonitored_residual,03085000,0.48425552722400295,0.20093785833890282,127
144,44,unmonitored_residual,03198350,0.24175993233611867,-0.13254417024629955,42
144,44,unmonitored_residual,03201700,1.2326402940795183,-0.7789207756439092,42
144,44,unmonitored_residual,03201722,1.116937155728179,0.14801048802415226,36
144,44,unmonitored_residual,03212500,1.1430658959207929,-0.5567947757142653,25
144,44,unmonitored_residual,03281000,0.47310030266883873,-0.27911748814647125,35
144,44,unmonitored_residual,03289500,2.3381253037430896,-1.0504328593159415,45
144,44,unmonitored_residual,03290500,0.9733060754113331,-0.7895198488338534,58
144,44,unmonitored_residual,03374100,1.0835387920054782,-0.5171181788823924,297
144,44,unmonitored_residual,03474000,0.4914948908288454,0.09708770119909077,26
144,44,unmonitored_residual,03568000,0.8207939797913931,0.748640478546698,23
144,44,unmonitored_residual,03575100,2.8113387858757677,2.7978484260959635,24
144,44,unmonitored_residual,03612500,0.5469092829188502,-0.36099623085298743,202
144,44,unmonitored_residual,05320500,2.1600934858691314,-1.4918570647868175,14
144,44,unmonitored_residual,05322000,1.468892001023666,-0.6896707307613675,38
144,44,unmonitored_residual,05330000,1.3344324405746624,0.4450366962631296,44
144,44,unmonitored_residual,05331833,1.1404598452725143,-0.3929416180490739,29
144,44,unmonitored_residual,05357239,3.4859229452162914,-2.695635620885166,103
144,44,unmonitored_residual,05451080,1.4040836539389763,-1.1194334328701436,19
144,44,unmonitored_residual,05451210,1.2131601865310655,-0.496805971946444,238
144,44,unmonitored_residual,05464420,1.7326039889423885,-0.4472057562886605,47
144,44,unmonitored_residual,05526000,1.185103324162748,-0.6859504025912926,39
144,44,unmonitored_residual,05550000,1.9413921947195076,-1.8894864239835887,39
144,44,unmonitored_residual,05572000,0.815632989906528,0.14028215897062074,43
144,44,unmonitored_residual,05586300,1.0319159378470941,1.0190790020471203,67
144,44,unmonitored_residual,05587455,0.7833612950226877,0.061877183114380396,303
144,44,unmonitored_residual,06054500,1.3762807019348884,-1.0913675776325744,26
144,44,unmonitored_residual,06214500,0.9665592385786625,-0.4689784192500627,49
144,44,unmonitored_residual,06296003,2.987234218573502,-1.2434136145492332,30
144,44,unmonitored_residual,06296120,1.6231122488553373,-0.48519078814467625,41
144,44,unmonitored_residual,06330000,3.785138115839601,-2.861579346146386,80
144,44,unmonitored_residual,06339100,7.212705009034164,-2.3310613394533672,43
144,44,unmonitored_residual,06438000,52.8738622224637,-52.03019151962919,28
144,44,unmonitored_residual,06611300,1.53322896935752,0.5285696258697956,24
144,44,unmonitored_residual,06698500,2.5010578361193794,-0.22642448329969772,42
144,44,unmonitored_residual,06714000,1.7646625617245029,-0.719134907529131,113
144,44,unmonitored_residual,06805500,1.1253336255541115,-0.6816089379753971,300
144,44,unmonitored_residual,06856600,2.335009498070868,-0.0655081029920154,22
144,44,unmonitored_residual,06880800,1.8992054736041335,-1.076027991921172,43
144,44,unmonitored_residual,06884025,1.2436912628056924,-0.3855639963093771,32
144,44,unmonitored_residual,06890100,1.2171458977570266,-0.19341688892820416,41
144,44,unmonitored_residual,06892350,0.7412157913925957,-0.12723721346334083,190
144,44,unmonitored_residual,06893150,0.9851472907798676,-0.6024766473074354,47
144,44,unmonitored_residual,06893350,1.3940580862775125,-0.3739732544284906,17
144,44,unmonitored_residual,06893500,1.5135316360368678,-0.6900633242619165,43
144,44,unmonitored_residual,06893564,2.939099529430248,-2.9057196932293596,9
144,44,unmonitored_residual,06923150,1.2959708959498548,-0.3276870244237796,37
144,44,unmonitored_residual,07053250,2.1307001740605207,1.8468880662302514,49
144,44,unmonitored_residual,07055646,0.9028122549498075,0.8724853198858927,56
144,44,unmonitored_residual,07055814,1.6917773865285466,-1.3199005904459002,10
144,44,unmonitored_residual,07083000,1.3077806772234932,1.2659129374511213,27
144,44,unmonitored_residual,07196500,1.5831909440297383,1.520890916419074,28
