split_seed,station,candidate_mae,reference_mae,n_query_cells,ecological_novelty,upstream_support,comparison,delta_mae,relative_gain_pct,station_index,hydro_count,flow_mean,flow_sd,negative_flow_months,flow_cv,flow_status,doc_observed_months,doc_record_coverage,flow_stratum,training_cv_q33,training_cv_q67,record_availability_stratum,training_doc_count_q33,training_doc_count_q67
142,03030852,1.0753197036060635,1.1005105133098998,30,0.2407484982482167,0.0,hybrid_vs_et_k5_calibrated,-0.0251908097038362,2.2890112724204936,4,77,2099.3162465281303,1310.4156633474563,0,0.6242106998002966,sufficient,35,0.053516819571865444,lower,0.943142806292504,1.403801505510419,middle,31.0,47.0
142,03037525,0.6613758726290796,0.6504298646967733,25,0.3547567466874743,0.0,hybrid_vs_et_k5_calibrated,0.0109460079323062,-1.6828882753422203,5,31,45.790869935866326,38.36761523410417,0,0.8378878865555732,sufficient,30,0.045871559633027525,lower,0.943142806292504,1.403801505510419,lower,31.0,47.0
142,03039420,0.5542106722795208,0.5327512812728857,20,0.2228131991732237,0.0,hybrid_vs_et_k5_calibrated,0.021459391006635,-4.028031796631781,6,0,,,0,,fewer_than_12_months,25,0.0382262996941896,insufficient,0.943142806292504,1.403801505510419,lower,31.0,47.0
142,03049625,1.0658665759668893,1.0551622852105385,43,0.0039702853350689,0.0,hybrid_vs_et_k5_calibrated,0.0107042907563508,-1.0144686657574065,10,0,,,0,,fewer_than_12_months,48,0.07339449541284404,insufficient,0.943142806292504,1.403801505510419,higher,31.0,47.0
142,03104500,0.8616380507061743,0.863575916411289,34,0.2559747914891643,0.0,hybrid_vs_et_k5_calibrated,-0.0019378657051146,0.2244001561747755,21,0,,,0,,fewer_than_12_months,39,0.05963302752293578,insufficient,0.943142806292504,1.403801505510419,middle,31.0,47.0
142,03144289,1.58202303161882,1.605522947494791,26,0.1027445645996304,0.0,hybrid_vs_et_k5_calibrated,-0.023499915875971,1.4636923073967578,26,52,1.9746778819423456,1.5630424793702982,0,0.7915430124901425,sufficient,31,0.047400611620795105,lower,0.943142806292504,1.403801505510419,lower,31.0,47.0
142,03201660,1.3141816799187438,1.3550242282930438,20,0.0373729136958258,0.0,hybrid_vs_et_k5_calibrated,-0.0408425483743,3.014156317023964,32,36,1.082052993329449,0.8647632175170885,0,0.7991874915998657,sufficient,25,0.0382262996941896,lower,0.943142806292504,1.403801505510419,lower,31.0,47.0
142,03212500,1.3326965089772775,1.2735686496587089,20,0.1410716508811139,0.0,hybrid_vs_et_k5_calibrated,0.0591278593185686,-4.642691176044078,39,654,2625.233204179583,2435.365236185757,0,0.9276757707880805,sufficient,25,0.0382262996941896,lower,0.943142806292504,1.403801505510419,lower,31.0,47.0
142,03353551,3.715456141203288,3.751410406297224,21,0.1268291011635011,0.0,hybrid_vs_et_k5_calibrated,-0.0359542650939355,0.9584199327693276,53,136,9.665959171074277,8.91063917988116,0,0.9218577300167542,sufficient,26,0.039755351681957186,lower,0.943142806292504,1.403801505510419,lower,31.0,47.0
142,03354000,0.6428016337421747,0.6382792454816573,32,0.4233391255090422,0.0,hybrid_vs_et_k5_calibrated,0.0045223882605174,-0.7085281704725777,57,654,2922.565265807172,2465.689182441946,0,0.8436729236775339,sufficient,37,0.05657492354740061,lower,0.943142806292504,1.403801505510419,middle,31.0,47.0
142,03438500,0.2287953057930751,0.2091849647644187,30,0.4560774957512861,0.0,hybrid_vs_et_k5_calibrated,0.0196103410286563,-9.37464174384679,64,0,,,0,,fewer_than_12_months,35,0.053516819571865444,insufficient,0.943142806292504,1.403801505510419,middle,31.0,47.0
142,03460000,3.001411995673211,2.9965696736560146,67,0.5924944152357057,0.0,hybrid_vs_et_k5_calibrated,0.0048423220171964,-0.1615955090171095,70,654,115.35279999595899,74.88564692218175,0,0.6491879427703976,sufficient,72,0.11009174311926606,lower,0.943142806292504,1.403801505510419,higher,31.0,47.0
142,03497300,0.4284060566178435,0.4274615660069471,195,0.625617420741191,0.0,hybrid_vs_et_k5_calibrated,0.0009444906108963,-0.2209533408393138,74,654,287.7228645184718,193.56590005645802,0,0.6727511919513477,sufficient,200,0.3058103975535168,lower,0.943142806292504,1.403801505510419,higher,31.0,47.0
142,03524550,1.4601192857967316,1.4461182258690743,19,0.3726101879926868,0.0,hybrid_vs_et_k5_calibrated,0.0140010599276572,-0.968182246596272,75,24,192.25580910841623,160.75343110459085,0,0.8361434270833363,sufficient,24,0.03669724770642202,lower,0.943142806292504,1.403801505510419,lower,31.0,47.0
142,05276005,1.186216946016149,1.2237653931401162,22,0.5925725586717431,0.0,hybrid_vs_et_k5_calibrated,-0.0375484471239675,3.0682716911629826,81,36,100.44373657968309,152.66577050867716,0,1.5199132938226145,sufficient,27,0.04128440366972477,higher,0.943142806292504,1.403801505510419,lower,31.0,47.0
142,05322000,1.2650710504411,1.2764479800908752,33,0.1697507379692564,0.2424242424242424,hybrid_vs_et_k5_calibrated,-0.0113769296497752,0.8912959891217209,87,0,,,0,,fewer_than_12_months,38,0.0581039755351682,insufficient,0.943142806292504,1.403801505510419,middle,31.0,47.0
142,05357245,0.8100400896715476,0.7348463156698447,114,0.2700399127579025,0.9035087719298246,hybrid_vs_et_k5_calibrated,0.0751937740017029,-10.23258501788371,102,390,38.279033201168744,14.893612642269662,0,0.3890801673072278,sufficient,119,0.1819571865443425,lower,0.943142806292504,1.403801505510419,higher,31.0,47.0
142,05412500,1.322506928843378,1.3478971379083726,113,0.2485182545989112,0.0,hybrid_vs_et_k5_calibrated,-0.0253902090649946,1.8836904056636297,103,654,1362.3609623340292,1272.4911875315834,0,0.9340338006687459,sufficient,118,0.18042813455657492,lower,0.943142806292504,1.403801505510419,higher,31.0,47.0
142,05418600,0.982229511006238,1.0020343887342955,113,0.223310220625395,0.0,hybrid_vs_et_k5_calibrated,-0.0198048777280576,1.9764668708699529,104,0,,,0,,fewer_than_12_months,118,0.18042813455657492,insufficient,0.943142806292504,1.403801505510419,higher,31.0,47.0
142,05451070,1.195903455095539,1.1905159632129658,15,0.5142028945230261,0.0,hybrid_vs_et_k5_calibrated,0.0053874918825731,-0.4525341993763199,111,14,2.5418093630245755,2.97856155124274,0,1.1718272796424276,sufficient,20,0.03058103975535168,middle,0.943142806292504,1.403801505510419,lower,31.0,47.0
142,05461390,3.1101313657124745,3.138896565210804,26,0.2171309440201802,0.0,hybrid_vs_et_k5_calibrated,-0.0287651994983293,0.9164111942120524,117,36,52.182847375878026,84.34188711043157,0,1.6162760629543442,sufficient,31,0.047400611620795105,higher,0.943142806292504,1.403801505510419,lower,31.0,47.0
142,05463050,1.4322984792884883,1.4284043115686291,17,0.0223768603591978,0.3529411764705882,hybrid_vs_et_k5_calibrated,0.0038941677198591,-0.2726236324211761,118,163,4967.739843075992,4428.428370547677,0,0.8914372552580417,sufficient,22,0.03363914373088685,lower,0.943142806292504,1.403801505510419,lower,31.0,47.0
142,05464220,1.7681006542060698,1.7835116623013962,36,0.1984867512697609,0.0,hybrid_vs_et_k5_calibrated,-0.0154110080953264,0.8640822721305064,120,341,257.4319610763505,308.18160907992575,0,1.1971381012341498,sufficient,41,0.06269113149847094,middle,0.943142806292504,1.403801505510419,middle,31.0,47.0
142,05531500,5.245362474848108,5.245573179004161,14,0.4229672100307204,0.0,hybrid_vs_et_k5_calibrated,-0.0002107041560535,0.0040167994776463,130,654,185.86764853007932,117.97893398760895,0,0.6347470090714372,sufficient,19,0.0290519877675841,lower,0.943142806292504,1.403801505510419,lower,31.0,47.0
142,05538020,0.4155247638138353,0.4002043026037665,9,0.1992501880024067,0.0,hybrid_vs_et_k5_calibrated,0.0153204612100687,-3.8281600448552,133,0,,,0,,fewer_than_12_months,14,0.021406727828746176,insufficient,0.943142806292504,1.403801505510419,lower,31.0,47.0
142,05540500,1.0981319222924917,1.0973092238600666,35,0.3141727423167718,0.0,hybrid_vs_et_k5_calibrated,0.0008226984324248,-0.0749741653980562,135,654,440.3118440703879,302.2742629941149,0,0.686500413433788,sufficient,40,0.06116207951070336,lower,0.943142806292504,1.403801505510419,middle,31.0,47.0
142,05543500,1.0323993882539513,1.0078113098380312,53,0.1426520285935719,0.3018867924528302,hybrid_vs_et_k5_calibrated,0.02458807841592,-2.439750196876811,136,654,10986.703894378941,6448.733781493313,0,0.586958003372844,sufficient,58,0.08868501529051988,lower,0.943142806292504,1.403801505510419,higher,31.0,47.0
142,06126470,2.6348791659628783,2.6697255459740616,17,0.3299278781034145,0.0,hybrid_vs_et_k5_calibrated,-0.0348463800111833,1.3052420337263393,154,159,0.8965392242297061,0.6287722740237125,0,0.7013326991509432,sufficient,22,0.03363914373088685,lower,0.943142806292504,1.403801505510419,lower,31.0,47.0
142,06177825,2.9538029075793366,2.8150660530527167,20,0.1431498773495992,0.8,hybrid_vs_et_k5_calibrated,0.1387368545266198,-4.928369420538847,156,145,39.86150067889027,108.25772470080585,0,2.7158466905922745,sufficient,25,0.0382262996941896,higher,0.943142806292504,1.403801505510419,lower,31.0,47.0
142,06214500,0.8271000261160487,0.7819559399962253,44,0.3468925607505302,0.6704545454545454,hybrid_vs_et_k5_calibrated,0.0451440861198234,-5.7732263175904075,162,654,7108.0742534672445,7750.193806194857,0,1.090336641097185,sufficient,49,0.07492354740061162,middle,0.943142806292504,1.403801505510419,higher,31.0,47.0
142,06279500,0.4818196140325955,0.4917396651073663,33,0.26073403768441,0.0,hybrid_vs_et_k5_calibrated,-0.0099200510747707,2.017337989727719,163,654,2076.066784453319,1684.4553115321646,0,0.8113685571900927,sufficient,38,0.0581039755351682,lower,0.943142806292504,1.403801505510419,middle,31.0,47.0
142,06294940,3.7664711171962977,3.993098648277739,15,0.2231506388362353,0.0,hybrid_vs_et_k5_calibrated,-0.2266275310814416,5.675480398641996,164,133,6.522215134149752,16.55384275882121,0,2.5380706429241697,sufficient,20,0.03058103975535168,higher,0.943142806292504,1.403801505510419,lower,31.0,47.0
142,06295000,1.4235342882373438,1.4929536959163578,61,0.0366658189395224,0.0450819672131147,hybrid_vs_et_k5_calibrated,-0.069419407679014,4.649803129788643,167,588,10583.315964886931,9057.6683467749,0,0.8558440829723135,sufficient,66,0.10091743119266056,lower,0.943142806292504,1.403801505510419,higher,31.0,47.0
142,06306300,1.2853504202691493,1.2872183711829963,56,0.0822436578247187,0.0714285714285714,hybrid_vs_et_k5_calibrated,-0.001867950913847,0.145115308766941,173,654,424.1602610025202,534.6702232778518,0,1.260538226787528,sufficient,61,0.09327217125382263,middle,0.943142806292504,1.403801505510419,higher,31.0,47.0
142,06307600,2.328741610157403,2.3260851116506767,27,0.1206586218794777,0.2962962962962963,hybrid_vs_et_k5_calibrated,0.0026564985067265,-0.1142046992786749,176,421,3.317137924782299,11.001279420491823,0,3.316497435425097,sufficient,32,0.04892966360856269,higher,0.943142806292504,1.403801505510419,middle,31.0,47.0
142,06326600,4.803592369149997,4.833836381056559,38,0.2079969360572659,0.0,hybrid_vs_et_k5_calibrated,-0.0302440119065625,0.6256730580515013,188,181,14.378730526407029,50.28716853372142,0,3.497330201812136,sufficient,43,0.06574923547400612,higher,0.943142806292504,1.403801505510419,middle,31.0,47.0
142,06332770,2.0486432191922117,2.0997936323343245,16,0.1722175565675067,0.0,hybrid_vs_et_k5_calibrated,-0.0511504131421127,2.4359733430208252,196,386,11.904233654953526,43.73125885910095,0,3.673588752259053,sufficient,21,0.03211009174311927,higher,0.943142806292504,1.403801505510419,lower,31.0,47.0
142,06339800,6.428905199019094,6.514033362148881,32,0.1297388551043504,0.0,hybrid_vs_et_k5_calibrated,-0.0851281631297871,1.3068426026867086,208,48,8.201022079835335,26.939200092554696,0,3.284858866407978,sufficient,37,0.05657492354740061,higher,0.943142806292504,1.403801505510419,middle,31.0,47.0
142,06340000,4.0599138789578735,4.054351246946787,69,0.0490442508782907,0.0,hybrid_vs_et_k5_calibrated,0.0055626320110864,-0.1372015316945196,210,654,36.556128562590395,74.41614970326684,0,2.0356682348310917,sufficient,74,0.11314984709480122,higher,0.943142806292504,1.403801505510419,higher,31.0,47.0
142,06355310,10.82708058554817,11.03834235345424,67,0.1797114677621881,0.0,hybrid_vs_et_k5_calibrated,-0.2112617679060697,1.9138903391591189,229,156,1.1239481000080467,2.4226671914117417,0,2.1554973858618536,sufficient,72,0.11009174311926606,higher,0.943142806292504,1.403801505510419,higher,31.0,47.0
142,06436180,0.3698585092513513,0.3625166551710406,31,0.6706672888792732,0.0,hybrid_vs_et_k5_calibrated,0.0073418540803106,-2.025246006103276,235,528,27.243954714952093,35.242213714399966,0,1.293579220899903,sufficient,36,0.05504587155963303,middle,0.943142806292504,1.403801505510419,middle,31.0,47.0
142,06463720,1.3518771433552452,1.3526066436124025,19,0.4192696896788553,0.0,hybrid_vs_et_k5_calibrated,-0.0007295002571572,0.0539329198627203,242,169,1536.2405926405324,478.0891152925339,0,0.3112071882378666,sufficient,24,0.03669724770642202,lower,0.943142806292504,1.403801505510419,lower,31.0,47.0
142,06485500,2.754791027924467,2.80621860465683,84,0.2897622575298648,0.0,hybrid_vs_et_k5_calibrated,-0.0514275767323622,1.8326290277963289,244,651,2094.240580685494,2917.673230905878,0,1.393189138733457,sufficient,89,0.13608562691131498,middle,0.943142806292504,1.403801505510419,higher,31.0,47.0
142,06607500,2.401272687974607,2.3933854575300675,113,9.504080126780789,0.0,hybrid_vs_et_k5_calibrated,0.0078872304445396,-0.3295428414894497,245,654,1910.5201473556892,2077.950710806488,0,1.0876361150561726,sufficient,118,0.18042813455657492,middle,0.943142806292504,1.403801505510419,higher,31.0,47.0
142,06611100,1.8900130142112193,1.9025042469733957,19,0.2580323620956091,0.0,hybrid_vs_et_k5_calibrated,-0.0124912327621762,0.6565679305078009,248,37,59.52839917749972,112.94558734097039,0,1.8973395707180558,sufficient,24,0.03669724770642202,higher,0.943142806292504,1.403801505510419,lower,31.0,47.0
142,06611200,3.821545644497945,3.659817015481282,19,0.3326388471979805,0.0,hybrid_vs_et_k5_calibrated,0.1617286290166633,-4.419035933560056,249,48,4.9755721886952715,6.935806881381951,0,1.3939717118647021,sufficient,24,0.03669724770642202,middle,0.943142806292504,1.403801505510419,lower,31.0,47.0
142,06720500,2.215974460987975,2.2220332339269366,51,0.3357371085147015,0.0,hybrid_vs_et_k5_calibrated,-0.0060587729389616,0.2726679712280466,260,426,552.7198391408427,624.6209249475667,0,1.1300859508109717,sufficient,56,0.0856269113149847,middle,0.943142806292504,1.403801505510419,higher,31.0,47.0
142,06734900,0.5260657475407499,0.5412227240902674,27,0.4674150033955142,0.8888888888888888,hybrid_vs_et_k5_calibrated,-0.0151569765495175,2.8005063118875184,263,0,,,0,,fewer_than_12_months,32,0.04892966360856269,insufficient,0.943142806292504,1.403801505510419,middle,31.0,47.0
142,06753400,1.3599731530913544,1.3566380342208335,21,0.3343496617328608,0.0,hybrid_vs_et_k5_calibrated,0.0033351188705208,-0.2458370461680514,265,31,0.5479977025139716,0.3324678527910038,0,0.606695705594728,sufficient,26,0.039755351681957186,lower,0.943142806292504,1.403801505510419,lower,31.0,47.0
142,06759910,0.7442503766701999,0.7520589760977385,25,0.2297406213872241,1.0,hybrid_vs_et_k5_calibrated,-0.0078085994275386,1.0382961543861424,268,72,849.4443262683021,1579.9741866843913,0,1.8600091116334643,sufficient,30,0.045871559633027525,higher,0.943142806292504,1.403801505510419,lower,31.0,47.0
142,06770500,2.40198454913715,2.415548345199377,17,0.1830123409169185,0.2205882352941176,hybrid_vs_et_k5_calibrated,-0.0135637960622267,0.5615203723487117,270,654,1775.1841978681266,1812.6951575003666,0,1.0211307421941274,sufficient,22,0.03363914373088685,middle,0.943142806292504,1.403801505510419,lower,31.0,47.0
142,06791150,2.777350786203419,2.755543964109166,15,0.4394342048321064,0.0,hybrid_vs_et_k5_calibrated,0.0218068220942528,-0.7913799372568864,272,0,,,0,,fewer_than_12_months,20,0.03058103975535168,insufficient,0.943142806292504,1.403801505510419,lower,31.0,47.0
142,06805500,1.3882978336639968,1.4210639457284262,295,0.1613375266011781,0.0,hybrid_vs_et_k5_calibrated,-0.0327661120644293,2.3057450836692417,277,654,8111.852033515954,5698.328432796812,0,0.70246947420304,sufficient,300,0.45871559633027525,lower,0.943142806292504,1.403801505510419,higher,31.0,47.0
142,06891500,1.0096409943025966,0.9976101254933736,28,0.2495107112354747,0.0,hybrid_vs_et_k5_calibrated,0.0120308688092229,-1.2059689954803776,293,654,244.38166612570262,370.27527573442484,0,1.515151613476464,sufficient,33,0.05045871559633028,higher,0.943142806292504,1.403801505510419,middle,31.0,47.0
142,06893500,1.6976892644895816,1.7120483519068406,38,0.1828567448659437,0.4473684210526316,hybrid_vs_et_k5_calibrated,-0.0143590874172589,0.8387080540842251,299,654,207.50244474119367,227.2935672683176,0,1.095377780015114,sufficient,43,0.06574923547400612,middle,0.943142806292504,1.403801505510419,middle,31.0,47.0
142,06893562,1.457898915741112,1.417472876010601,42,0.0606499073408442,0.9761904761904762,hybrid_vs_et_k5_calibrated,0.0404260397305109,-2.8519797743352893,301,0,,,0,,fewer_than_12_months,47,0.07186544342507645,insufficient,0.943142806292504,1.403801505510419,middle,31.0,47.0
142,06893578,0.8330403891251446,0.827943498101101,31,0.2481313407631287,0.064516129032258,hybrid_vs_et_k5_calibrated,0.0050968910240435,-0.615608557314995,304,291,295.61720370918613,289.49123990052743,0,0.9792773771898434,sufficient,36,0.05504587155963303,middle,0.943142806292504,1.403801505510419,middle,31.0,47.0
142,06893620,1.102571573052571,1.10775073492559,49,0.0709384005146649,0.0,hybrid_vs_et_k5_calibrated,-0.005179161873019,0.467538563480796,305,235,6.441279376567678,6.680110351380467,0,1.0370781891065952,sufficient,54,0.08256880733944955,middle,0.943142806292504,1.403801505510419,higher,31.0,47.0
142,06902000,1.8317632528952643,1.849502352743788,27,0.3972548250150723,0.0,hybrid_vs_et_k5_calibrated,-0.0177390998485238,0.959128266163456,313,654,4901.996378703219,6959.8409308190985,0,1.419797240376637,sufficient,32,0.04892966360856269,higher,0.943142806292504,1.403801505510419,middle,31.0,47.0
142,07048800,1.479198957150477,1.4798987913951722,115,0.1126042006314491,0.0,hybrid_vs_et_k5_calibrated,-0.0006998342446953,0.0472893314572897,328,203,176.63183084071562,334.6955434413874,0,1.8948767153028698,sufficient,120,0.1834862385321101,higher,0.943142806292504,1.403801505510419,higher,31.0,47.0
142,07049000,1.3812173075993577,1.438533760325079,124,0.1132965753800401,0.0,hybrid_vs_et_k5_calibrated,-0.0573164527257212,3.9843661863569246,329,336,340.12068615073247,421.4125330770959,0,1.2390088290317545,sufficient,129,0.19724770642201836,middle,0.943142806292504,1.403801505510419,higher,31.0,47.0
142,07050500,0.6297900984668338,0.6508046793835323,24,0.1562180445355925,0.0,hybrid_vs_et_k5_calibrated,-0.0210145809166985,3.22901503053179,332,450,654.5900541114808,779.0305165548389,0,1.1901044197994568,sufficient,29,0.04434250764525994,middle,0.943142806292504,1.403801505510419,lower,31.0,47.0
142,07056000,1.2845515320544063,1.3377892621722152,90,0.1560620126769768,0.0814814814814814,hybrid_vs_et_k5_calibrated,-0.0532377301178088,3.979530380694263,337,654,1130.452240208967,1369.0963289012498,0,1.211104972155364,sufficient,95,0.1452599388379205,middle,0.943142806292504,1.403801505510419,higher,31.0,47.0
142,07056515,1.14722784700541,1.1584643548141362,55,0.059638582013608,0.0,hybrid_vs_et_k5_calibrated,-0.0112365078087262,0.9699485152073528,338,333,114.03786824665985,143.81556933127186,0,1.261121165648273,sufficient,60,0.09174311926605505,middle,0.943142806292504,1.403801505510419,higher,31.0,47.0
142,07060710,0.3294754644662561,0.3021883823524653,177,0.2297305809887365,0.0,hybrid_vs_et_k5_calibrated,0.0272870821137907,-9.029825005636315,339,654,49.15226043765333,69.59220089042485,0,1.4158494496646465,sufficient,182,0.2782874617737003,higher,0.943142806292504,1.403801505510419,higher,31.0,47.0
142,07077500,2.9821202946294494,2.9492521160306207,25,0.3069309678049152,0.0,hybrid_vs_et_k5_calibrated,0.0328681785988287,-1.1144580831246698,147,22,1627.9352678819137,1699.0079329360756,0,1.0436581640906606,sufficient,30,0.045871559633027525,middle,0.943142806292504,1.403801505510419,lower,31.0,47.0
142,07099400,0.7337346377690194,0.7561709522222904,116,0.2510168888333547,0.0,hybrid_vs_et_k5_calibrated,-0.0224363144532709,2.967095520838714,345,426,668.5290324291992,758.7832661637699,0,1.1350042097747326,sufficient,121,0.18501529051987767,middle,0.943142806292504,1.403801505510419,higher,31.0,47.0
142,07143672,2.3855548705568954,2.429476232729189,101,0.2746527309172306,0.0,hybrid_vs_et_k5_calibrated,-0.0439213621722931,1.807853132317061,346,377,197.02050691403556,429.69260372490197,0,2.1809537009890367,sufficient,106,0.1620795107033639,higher,0.943142806292504,1.403801505510419,higher,31.0,47.0
142,07231975,1.9900622802581716,1.9734650903963753,11,0.3142241330117936,0.0,hybrid_vs_et_k5_calibrated,0.0165971898617962,-0.8410176568394601,355,55,103.14020565365526,175.90302681063196,0,1.7054748504314041,sufficient,16,0.024464831804281346,higher,0.943142806292504,1.403801505510419,lower,31.0,47.0
142,394340085524601,1.047436465604607,1.0847499561097602,244,0.264339824629789,0.0,hybrid_vs_et_k5_calibrated,-0.0373134905051535,3.4398241083107295,67,0,,,0,,fewer_than_12_months,249,0.38073394495412843,insufficient,0.943142806292504,1.403801505510419,higher,31.0,47.0
142,401723105400000,0.2432442876761503,0.2281617342367704,265,1.5466402608479983,0.0,hybrid_vs_et_k5_calibrated,0.0150825534393799,-6.610465812697708,322,420,1.8009746789178323,2.429813436011504,0,1.34916579586312,sufficient,270,0.41284403669724773,middle,0.943142806292504,1.403801505510419,higher,31.0,47.0
142,03030852,1.0753197036060635,1.098122125358959,30,0.2407484982482167,0.0,hybrid_calibration_k5_vs_k0,-0.0228024217528954,2.0764923341692776,4,77,2099.3162465281303,1310.4156633474563,0,0.6242106998002966,sufficient,35,0.053516819571865444,lower,0.943142806292504,1.403801505510419,middle,31.0,47.0
142,03037525,0.6613758726290796,0.6197636818614473,25,0.3547567466874743,0.0,hybrid_calibration_k5_vs_k0,0.0416121907676323,-6.714202846260853,5,31,45.790869935866326,38.36761523410417,0,0.8378878865555732,sufficient,30,0.045871559633027525,lower,0.943142806292504,1.403801505510419,lower,31.0,47.0
142,03039420,0.5542106722795208,0.5545634643462198,20,0.2228131991732237,0.0,hybrid_calibration_k5_vs_k0,-0.000352792066699,0.0636161754930864,6,0,,,0,,fewer_than_12_months,25,0.0382262996941896,insufficient,0.943142806292504,1.403801505510419,lower,31.0,47.0
142,03049625,1.0658665759668893,1.0639611227848635,43,0.0039702853350689,0.0,hybrid_calibration_k5_vs_k0,0.0019054531820257,-0.1790904894192202,10,0,,,0,,fewer_than_12_months,48,0.07339449541284404,insufficient,0.943142806292504,1.403801505510419,higher,31.0,47.0
142,03104500,0.8616380507061743,1.7032115835852502,34,0.2559747914891643,0.0,hybrid_calibration_k5_vs_k0,-0.8415735328790759,49.4109798799964,21,0,,,0,,fewer_than_12_months,39,0.05963302752293578,insufficient,0.943142806292504,1.403801505510419,middle,31.0,47.0
142,03144289,1.58202303161882,1.5627572228492546,26,0.1027445645996304,0.0,hybrid_calibration_k5_vs_k0,0.0192658087695654,-1.232808813031072,26,52,1.9746778819423456,1.5630424793702982,0,0.7915430124901425,sufficient,31,0.047400611620795105,lower,0.943142806292504,1.403801505510419,lower,31.0,47.0
142,03201660,1.3141816799187438,1.3211724253353858,20,0.0373729136958258,0.0,hybrid_calibration_k5_vs_k0,-0.006990745416642,0.5291319499699187,32,36,1.082052993329449,0.8647632175170885,0,0.7991874915998657,sufficient,25,0.0382262996941896,lower,0.943142806292504,1.403801505510419,lower,31.0,47.0
142,03212500,1.3326965089772775,1.3548275464481356,20,0.1410716508811139,0.0,hybrid_calibration_k5_vs_k0,-0.022131037470858,1.6334947963582258,39,654,2625.233204179583,2435.365236185757,0,0.9276757707880805,sufficient,25,0.0382262996941896,lower,0.943142806292504,1.403801505510419,lower,31.0,47.0
142,03353551,3.715456141203288,3.7426380002383017,21,0.1268291011635011,0.0,hybrid_calibration_k5_vs_k0,-0.027181859035013,0.7262753980823766,53,136,9.665959171074277,8.91063917988116,0,0.9218577300167542,sufficient,26,0.039755351681957186,lower,0.943142806292504,1.403801505510419,lower,31.0,47.0
142,03354000,0.6428016337421747,0.6445186505432321,32,0.4233391255090422,0.0,hybrid_calibration_k5_vs_k0,-0.0017170168010574,0.2664029659359301,57,654,2922.565265807172,2465.689182441946,0,0.8436729236775339,sufficient,37,0.05657492354740061,lower,0.943142806292504,1.403801505510419,middle,31.0,47.0
142,03438500,0.2287953057930751,0.4338298484836849,30,0.4560774957512861,0.0,hybrid_calibration_k5_vs_k0,-0.2050345426906098,47.26151126005811,64,0,,,0,,fewer_than_12_months,35,0.053516819571865444,insufficient,0.943142806292504,1.403801505510419,middle,31.0,47.0
142,03460000,3.001411995673211,3.078263076807187,67,0.5924944152357057,0.0,hybrid_calibration_k5_vs_k0,-0.0768510811339759,2.4965728794592468,70,654,115.35279999595899,74.88564692218175,0,0.6491879427703976,sufficient,72,0.11009174311926606,lower,0.943142806292504,1.403801505510419,higher,31.0,47.0
142,03497300,0.4284060566178435,0.4285093591987022,195,0.625617420741191,0.0,hybrid_calibration_k5_vs_k0,-0.0001033025808587,0.0241074269770713,74,654,287.7228645184718,193.56590005645802,0,0.6727511919513477,sufficient,200,0.3058103975535168,lower,0.943142806292504,1.403801505510419,higher,31.0,47.0
142,03524550,1.4601192857967316,1.6856495324172955,19,0.3726101879926868,0.0,hybrid_calibration_k5_vs_k0,-0.2255302466205639,13.379426878678846,75,24,192.25580910841623,160.75343110459085,0,0.8361434270833363,sufficient,24,0.03669724770642202,lower,0.943142806292504,1.403801505510419,lower,31.0,47.0
142,05276005,1.186216946016149,1.6427813784427174,22,0.5925725586717431,0.0,hybrid_calibration_k5_vs_k0,-0.4565644324265687,27.792160199634797,81,36,100.44373657968309,152.66577050867716,0,1.5199132938226145,sufficient,27,0.04128440366972477,higher,0.943142806292504,1.403801505510419,lower,31.0,47.0
142,05322000,1.2650710504411,1.2925745952834502,33,0.1697507379692564,0.2424242424242424,hybrid_calibration_k5_vs_k0,-0.0275035448423501,2.12781103254771,87,0,,,0,,fewer_than_12_months,38,0.0581039755351682,insufficient,0.943142806292504,1.403801505510419,middle,31.0,47.0
142,05357245,0.8100400896715476,2.989164086930803,114,0.2700399127579025,0.9035087719298246,hybrid_calibration_k5_vs_k0,-2.1791239972592553,72.90078208776836,102,390,38.279033201168744,14.893612642269662,0,0.3890801673072278,sufficient,119,0.1819571865443425,lower,0.943142806292504,1.403801505510419,higher,31.0,47.0
142,05412500,1.322506928843378,1.9614839113232272,113,0.2485182545989112,0.0,hybrid_calibration_k5_vs_k0,-0.6389769824798492,32.5762030874264,103,654,1362.3609623340292,1272.4911875315834,0,0.9340338006687459,sufficient,118,0.18042813455657492,lower,0.943142806292504,1.403801505510419,higher,31.0,47.0
142,05418600,0.982229511006238,1.5616932901352785,113,0.223310220625395,0.0,hybrid_calibration_k5_vs_k0,-0.5794637791290403,37.10483888157356,104,0,,,0,,fewer_than_12_months,118,0.18042813455657492,insufficient,0.943142806292504,1.403801505510419,higher,31.0,47.0
142,05451070,1.195903455095539,1.1441410112370185,15,0.5142028945230261,0.0,hybrid_calibration_k5_vs_k0,0.0517624438585206,-4.524131496917172,111,14,2.5418093630245755,2.97856155124274,0,1.1718272796424276,sufficient,20,0.03058103975535168,middle,0.943142806292504,1.403801505510419,lower,31.0,47.0
142,05461390,3.1101313657124745,2.2709671557511295,26,0.2171309440201802,0.0,hybrid_calibration_k5_vs_k0,0.839164209961345,-36.95184264713811,117,36,52.182847375878026,84.34188711043157,0,1.6162760629543442,sufficient,31,0.047400611620795105,higher,0.943142806292504,1.403801505510419,lower,31.0,47.0
142,05463050,1.4322984792884883,1.684989087521816,17,0.0223768603591978,0.3529411764705882,hybrid_calibration_k5_vs_k0,-0.2526906082333278,14.996572387597508,118,163,4967.739843075992,4428.428370547677,0,0.8914372552580417,sufficient,22,0.03363914373088685,lower,0.943142806292504,1.403801505510419,lower,31.0,47.0
142,05464220,1.7681006542060698,2.0892635070131633,36,0.1984867512697609,0.0,hybrid_calibration_k5_vs_k0,-0.3211628528070935,15.372060619879967,120,341,257.4319610763505,308.18160907992575,0,1.1971381012341498,sufficient,41,0.06269113149847094,middle,0.943142806292504,1.403801505510419,middle,31.0,47.0
142,05531500,5.245362474848108,5.760094154147834,14,0.4229672100307204,0.0,hybrid_calibration_k5_vs_k0,-0.5147316792997261,8.936167804289596,130,654,185.86764853007932,117.97893398760895,0,0.6347470090714372,sufficient,19,0.0290519877675841,lower,0.943142806292504,1.403801505510419,lower,31.0,47.0
142,05538020,0.4155247638138353,0.8239766495278209,9,0.1992501880024067,0.0,hybrid_calibration_k5_vs_k0,-0.4084518857139856,49.57080834123742,133,0,,,0,,fewer_than_12_months,14,0.021406727828746176,insufficient,0.943142806292504,1.403801505510419,lower,31.0,47.0
142,05540500,1.0981319222924917,1.0340359797730976,35,0.3141727423167718,0.0,hybrid_calibration_k5_vs_k0,0.0640959425193938,-6.198618207991058,135,654,440.3118440703879,302.2742629941149,0,0.686500413433788,sufficient,40,0.06116207951070336,lower,0.943142806292504,1.403801505510419,middle,31.0,47.0
142,05543500,1.0323993882539513,1.0530714246594663,53,0.1426520285935719,0.3018867924528302,hybrid_calibration_k5_vs_k0,-0.020672036405515,1.9630232025524608,136,654,10986.703894378941,6448.733781493313,0,0.586958003372844,sufficient,58,0.08868501529051988,lower,0.943142806292504,1.403801505510419,higher,31.0,47.0
142,06126470,2.6348791659628783,3.1603326448698916,17,0.3299278781034145,0.0,hybrid_calibration_k5_vs_k0,-0.5254534789070133,16.626524418559928,154,159,0.8965392242297061,0.6287722740237125,0,0.7013326991509432,sufficient,22,0.03363914373088685,lower,0.943142806292504,1.403801505510419,lower,31.0,47.0
142,06177825,2.9538029075793366,2.6239162331515646,20,0.1431498773495992,0.8,hybrid_calibration_k5_vs_k0,0.329886674427772,-12.57230205217137,156,145,39.86150067889027,108.25772470080585,0,2.7158466905922745,sufficient,25,0.0382262996941896,higher,0.943142806292504,1.403801505510419,lower,31.0,47.0
142,06214500,0.8271000261160487,1.0222489691779817,44,0.3468925607505302,0.6704545454545454,hybrid_calibration_k5_vs_k0,-0.1951489430619327,19.090157969917776,162,654,7108.0742534672445,7750.193806194857,0,1.090336641097185,sufficient,49,0.07492354740061162,middle,0.943142806292504,1.403801505510419,higher,31.0,47.0
142,06279500,0.4818196140325955,1.0508243390067489,33,0.26073403768441,0.0,hybrid_calibration_k5_vs_k0,-0.5690047249741532,54.14841509209647,163,654,2076.066784453319,1684.4553115321646,0,0.8113685571900927,sufficient,38,0.0581039755351682,lower,0.943142806292504,1.403801505510419,middle,31.0,47.0
142,06294940,3.7664711171962977,3.9789397566848703,15,0.2231506388362353,0.0,hybrid_calibration_k5_vs_k0,-0.2124686394885735,5.339830519716027,164,133,6.522215134149752,16.55384275882121,0,2.5380706429241697,sufficient,20,0.03058103975535168,higher,0.943142806292504,1.403801505510419,lower,31.0,47.0
142,06295000,1.4235342882373438,1.7127176330835552,61,0.0366658189395224,0.0450819672131147,hybrid_calibration_k5_vs_k0,-0.2891833448462113,16.884472913703195,167,588,10583.315964886931,9057.6683467749,0,0.8558440829723135,sufficient,66,0.10091743119266056,lower,0.943142806292504,1.403801505510419,higher,31.0,47.0
142,06306300,1.2853504202691493,2.439187778290433,56,0.0822436578247187,0.0714285714285714,hybrid_calibration_k5_vs_k0,-1.1538373580212835,47.304162815622995,173,654,424.1602610025202,534.6702232778518,0,1.260538226787528,sufficient,61,0.09327217125382263,middle,0.943142806292504,1.403801505510419,higher,31.0,47.0
142,06307600,2.328741610157403,2.4993180557522687,27,0.1206586218794777,0.2962962962962963,hybrid_calibration_k5_vs_k0,-0.1705764455948655,6.824919509634952,176,421,3.317137924782299,11.001279420491823,0,3.316497435425097,sufficient,32,0.04892966360856269,higher,0.943142806292504,1.403801505510419,middle,31.0,47.0
142,06326600,4.803592369149997,5.069190367608013,38,0.2079969360572659,0.0,hybrid_calibration_k5_vs_k0,-0.2655979984580163,5.239455991930786,188,181,14.378730526407029,50.28716853372142,0,3.497330201812136,sufficient,43,0.06574923547400612,higher,0.943142806292504,1.403801505510419,middle,31.0,47.0
142,06332770,2.0486432191922117,2.6516294644016236,16,0.1722175565675067,0.0,hybrid_calibration_k5_vs_k0,-0.6029862452094119,22.740215150893416,196,386,11.904233654953526,43.73125885910095,0,3.673588752259053,sufficient,21,0.03211009174311927,higher,0.943142806292504,1.403801505510419,lower,31.0,47.0
142,06339800,6.428905199019094,6.636909521955429,32,0.1297388551043504,0.0,hybrid_calibration_k5_vs_k0,-0.2080043229363353,3.134053918442614,208,48,8.201022079835335,26.939200092554696,0,3.284858866407978,sufficient,37,0.05657492354740061,higher,0.943142806292504,1.403801505510419,middle,31.0,47.0
142,06340000,4.0599138789578735,4.119809738942525,69,0.0490442508782907,0.0,hybrid_calibration_k5_vs_k0,-0.0598958599846515,1.4538501479445909,210,654,36.556128562590395,74.41614970326684,0,2.0356682348310917,sufficient,74,0.11314984709480122,higher,0.943142806292504,1.403801505510419,higher,31.0,47.0
142,06355310,10.82708058554817,17.07065342983136,67,0.1797114677621881,0.0,hybrid_calibration_k5_vs_k0,-6.2435728442831895,36.574890761781866,229,156,1.1239481000080467,2.4226671914117417,0,2.1554973858618536,sufficient,72,0.11009174311926606,higher,0.943142806292504,1.403801505510419,higher,31.0,47.0
142,06436180,0.3698585092513513,0.4892979780390666,31,0.6706672888792732,0.0,hybrid_calibration_k5_vs_k0,-0.1194394687877152,24.410374485172916,235,528,27.243954714952093,35.242213714399966,0,1.293579220899903,sufficient,36,0.05504587155963303,middle,0.943142806292504,1.403801505510419,middle,31.0,47.0
142,06463720,1.3518771433552452,1.1708472254072406,19,0.4192696896788553,0.0,hybrid_calibration_k5_vs_k0,0.1810299179480046,-15.461446550811896,242,169,1536.2405926405324,478.0891152925339,0,0.3112071882378666,sufficient,24,0.03669724770642202,lower,0.943142806292504,1.403801505510419,lower,31.0,47.0
142,06485500,2.754791027924467,2.9277541267845053,84,0.2897622575298648,0.0,hybrid_calibration_k5_vs_k0,-0.1729630988600381,5.907705748843062,244,651,2094.240580685494,2917.673230905878,0,1.393189138733457,sufficient,89,0.13608562691131498,middle,0.943142806292504,1.403801505510419,higher,31.0,47.0
142,06607500,2.401272687974607,3.358836658531507,113,9.504080126780789,0.0,hybrid_calibration_k5_vs_k0,-0.9575639705568996,28.508798369955542,245,654,1910.5201473556892,2077.950710806488,0,1.0876361150561726,sufficient,118,0.18042813455657492,middle,0.943142806292504,1.403801505510419,higher,31.0,47.0
142,06611100,1.8900130142112193,1.931577110713349,19,0.2580323620956091,0.0,hybrid_calibration_k5_vs_k0,-0.0415640965021297,2.1518217559939767,248,37,59.52839917749972,112.94558734097039,0,1.8973395707180558,sufficient,24,0.03669724770642202,higher,0.943142806292504,1.403801505510419,lower,31.0,47.0
142,06611200,3.821545644497945,4.68905434721605,19,0.3326388471979805,0.0,hybrid_calibration_k5_vs_k0,-0.867508702718105,18.500717596356196,249,48,4.9755721886952715,6.935806881381951,0,1.3939717118647021,sufficient,24,0.03669724770642202,middle,0.943142806292504,1.403801505510419,lower,31.0,47.0
142,06720500,2.215974460987975,3.4299892757749446,51,0.3357371085147015,0.0,hybrid_calibration_k5_vs_k0,-1.2140148147869696,35.39412858696722,260,426,552.7198391408427,624.6209249475667,0,1.1300859508109717,sufficient,56,0.0856269113149847,middle,0.943142806292504,1.403801505510419,higher,31.0,47.0
142,06734900,0.5260657475407499,0.5554215138358681,27,0.4674150033955142,0.8888888888888888,hybrid_calibration_k5_vs_k0,-0.0293557662951182,5.285313147555382,263,0,,,0,,fewer_than_12_months,32,0.04892966360856269,insufficient,0.943142806292504,1.403801505510419,middle,31.0,47.0
142,06753400,1.3599731530913544,1.9646811968090312,21,0.3343496617328608,0.0,hybrid_calibration_k5_vs_k0,-0.6047080437176771,30.778939845295177,265,31,0.5479977025139716,0.3324678527910038,0,0.606695705594728,sufficient,26,0.039755351681957186,lower,0.943142806292504,1.403801505510419,lower,31.0,47.0
142,06759910,0.7442503766701999,1.1490079028678333,25,0.2297406213872241,1.0,hybrid_calibration_k5_vs_k0,-0.4047575261976334,35.22669645590691,268,72,849.4443262683021,1579.9741866843913,0,1.8600091116334643,sufficient,30,0.045871559633027525,higher,0.943142806292504,1.403801505510419,lower,31.0,47.0
142,06770500,2.40198454913715,2.4368562271829535,17,0.1830123409169185,0.2205882352941176,hybrid_calibration_k5_vs_k0,-0.0348716780458033,1.4310108925102871,270,654,1775.1841978681266,1812.6951575003666,0,1.0211307421941274,sufficient,22,0.03363914373088685,middle,0.943142806292504,1.403801505510419,lower,31.0,47.0
142,06791150,2.777350786203419,3.1236114394445007,15,0.4394342048321064,0.0,hybrid_calibration_k5_vs_k0,-0.3462606532410817,11.085266524144256,272,0,,,0,,fewer_than_12_months,20,0.03058103975535168,insufficient,0.943142806292504,1.403801505510419,lower,31.0,47.0
142,06805500,1.3882978336639968,1.593325483266533,295,0.1613375266011781,0.0,hybrid_calibration_k5_vs_k0,-0.2050276496025358,12.867907515180232,277,654,8111.852033515954,5698.328432796812,0,0.70246947420304,sufficient,300,0.45871559633027525,lower,0.943142806292504,1.403801505510419,higher,31.0,47.0
142,06891500,1.0096409943025966,1.0881272556132542,28,0.2495107112354747,0.0,hybrid_calibration_k5_vs_k0,-0.0784862613106576,7.212967132821591,293,654,244.38166612570262,370.27527573442484,0,1.515151613476464,sufficient,33,0.05045871559633028,higher,0.943142806292504,1.403801505510419,middle,31.0,47.0
142,06893500,1.6976892644895816,1.5697962037842332,38,0.1828567448659437,0.4473684210526316,hybrid_calibration_k5_vs_k0,0.1278930607053483,-8.147112370194453,299,654,207.50244474119367,227.2935672683176,0,1.095377780015114,sufficient,43,0.06574923547400612,middle,0.943142806292504,1.403801505510419,middle,31.0,47.0
142,06893562,1.457898915741112,2.15392777018057,42,0.0606499073408442,0.9761904761904762,hybrid_calibration_k5_vs_k0,-0.696028854439458,32.31440088546273,301,0,,,0,,fewer_than_12_months,47,0.07186544342507645,insufficient,0.943142806292504,1.403801505510419,middle,31.0,47.0
142,06893578,0.8330403891251446,0.8407404738570897,31,0.2481313407631287,0.064516129032258,hybrid_calibration_k5_vs_k0,-0.0077000847319451,0.9158693998183808,304,291,295.61720370918613,289.49123990052743,0,0.9792773771898434,sufficient,36,0.05504587155963303,middle,0.943142806292504,1.403801505510419,middle,31.0,47.0
142,06893620,1.102571573052571,1.5037874062444574,49,0.0709384005146649,0.0,hybrid_calibration_k5_vs_k0,-0.4012158331918865,26.68035598155982,305,235,6.441279376567678,6.680110351380467,0,1.0370781891065952,sufficient,54,0.08256880733944955,middle,0.943142806292504,1.403801505510419,higher,31.0,47.0
142,06902000,1.8317632528952643,2.111197122001402,27,0.3972548250150723,0.0,hybrid_calibration_k5_vs_k0,-0.2794338691061377,13.23580191513506,313,654,4901.996378703219,6959.8409308190985,0,1.419797240376637,sufficient,32,0.04892966360856269,higher,0.943142806292504,1.403801505510419,middle,31.0,47.0
142,07048800,1.479198957150477,1.5369085124595026,115,0.1126042006314491,0.0,hybrid_calibration_k5_vs_k0,-0.0577095553090256,3.754911554017848,328,203,176.63183084071562,334.6955434413874,0,1.8948767153028698,sufficient,120,0.1834862385321101,higher,0.943142806292504,1.403801505510419,higher,31.0,47.0
142,07049000,1.3812173075993577,1.3631015293070492,124,0.1132965753800401,0.0,hybrid_calibration_k5_vs_k0,0.0181157782923084,-1.329011662214041,329,336,340.12068615073247,421.4125330770959,0,1.2390088290317545,sufficient,129,0.19724770642201836,middle,0.943142806292504,1.403801505510419,higher,31.0,47.0
142,07050500,0.6297900984668338,0.8821854522193268,24,0.1562180445355925,0.0,hybrid_calibration_k5_vs_k0,-0.252395353752493,28.61023757731873,332,450,654.5900541114808,779.0305165548389,0,1.1901044197994568,sufficient,29,0.04434250764525994,middle,0.943142806292504,1.403801505510419,lower,31.0,47.0
142,07056000,1.2845515320544063,1.2538211348974329,90,0.1560620126769768,0.0814814814814814,hybrid_calibration_k5_vs_k0,0.0307303971569734,-2.450939476266467,337,654,1130.452240208967,1369.0963289012498,0,1.211104972155364,sufficient,95,0.1452599388379205,middle,0.943142806292504,1.403801505510419,higher,31.0,47.0
142,07056515,1.14722784700541,1.2106010800869964,55,0.059638582013608,0.0,hybrid_calibration_k5_vs_k0,-0.0633732330815863,5.234856809894161,338,333,114.03786824665985,143.81556933127186,0,1.261121165648273,sufficient,60,0.09174311926605505,middle,0.943142806292504,1.403801505510419,higher,31.0,47.0
142,07060710,0.3294754644662561,0.3380704593237287,177,0.2297305809887365,0.0,hybrid_calibration_k5_vs_k0,-0.0085949948574726,2.5423679059879745,339,654,49.15226043765333,69.59220089042485,0,1.4158494496646465,sufficient,182,0.2782874617737003,higher,0.943142806292504,1.403801505510419,higher,31.0,47.0
142,07077500,2.9821202946294494,4.412753686656134,25,0.3069309678049152,0.0,hybrid_calibration_k5_vs_k0,-1.4306333920266847,32.420422566363094,147,22,1627.9352678819137,1699.0079329360756,0,1.0436581640906606,sufficient,30,0.045871559633027525,middle,0.943142806292504,1.403801505510419,lower,31.0,47.0
142,07099400,0.7337346377690194,0.8583985414039614,116,0.2510168888333547,0.0,hybrid_calibration_k5_vs_k0,-0.124663903634942,14.522846629148145,345,426,668.5290324291992,758.7832661637699,0,1.1350042097747326,sufficient,121,0.18501529051987767,middle,0.943142806292504,1.403801505510419,higher,31.0,47.0
142,07143672,2.3855548705568954,2.4245468424397827,101,0.2746527309172306,0.0,hybrid_calibration_k5_vs_k0,-0.0389919718828872,1.6082168923430729,346,377,197.02050691403556,429.69260372490197,0,2.1809537009890367,sufficient,106,0.1620795107033639,higher,0.943142806292504,1.403801505510419,higher,31.0,47.0
142,07231975,1.9900622802581716,4.735693384539395,11,0.3142241330117936,0.0,hybrid_calibration_k5_vs_k0,-2.745631104281224,57.97738327495774,355,55,103.14020565365526,175.90302681063196,0,1.7054748504314041,sufficient,16,0.024464831804281346,higher,0.943142806292504,1.403801505510419,lower,31.0,47.0
142,394340085524601,1.047436465604607,0.7247146193445997,244,0.264339824629789,0.0,hybrid_calibration_k5_vs_k0,0.322721846260007,-44.53088673053989,67,0,,,0,,fewer_than_12_months,249,0.38073394495412843,insufficient,0.943142806292504,1.403801505510419,higher,31.0,47.0
142,401723105400000,0.2432442876761503,0.3754785103824743,265,1.5466402608479983,0.0,hybrid_calibration_k5_vs_k0,-0.1322342227063239,35.217520856686576,322,420,1.8009746789178323,2.429813436011504,0,1.34916579586312,sufficient,270,0.41284403669724773,middle,0.943142806292504,1.403801505510419,higher,31.0,47.0
143,03075001,0.5262654624720504,0.5268578598287534,67,0.1830179258964646,0.0,hybrid_vs_et_k5_calibrated,-0.000592397356703,0.1124396923480652,15,0,,,0,,fewer_than_12_months,72,0.11009174311926606,insufficient,0.9326760919183066,1.4165074056095144,higher,30.0,48.0
143,03085000,0.4139178089112156,0.3919804997641768,122,0.2003629200434972,0.2028688524590164,hybrid_vs_et_k5_calibrated,0.0219373091470387,-5.596530735645455,19,408,13189.165558160521,8763.783288856397,0,0.6644683661153976,sufficient,127,0.19418960244648317,lower,0.9326760919183066,1.4165074056095144,higher,30.0,48.0
143,03104500,0.7112237846348284,0.7477688318763127,34,0.2470768057135465,0.0,hybrid_vs_et_k5_calibrated,-0.0365450472414843,4.887211887366972,21,0,,,0,,fewer_than_12_months,39,0.05963302752293578,insufficient,0.9326760919183066,1.4165074056095144,middle,30.0,48.0
143,03110983,1.907799547089221,1.749877739281102,28,0.4363563928223097,0.0,hybrid_vs_et_k5_calibrated,0.157921807808119,-9.02473380071671,23,35,1.3506421387195586,1.0111919475026605,0,0.7486749587579837,sufficient,33,0.05045871559633028,lower,0.9326760919183066,1.4165074056095144,middle,30.0,48.0
143,03127970,1.9713154214725843,1.8789046209390547,29,0.2949306224378408,0.0,hybrid_vs_et_k5_calibrated,0.0924108005335295,-4.918333772969463,24,38,1.1699391117221432,0.8222139831045204,0,0.7027835678510025,sufficient,34,0.05198776758409786,lower,0.9326760919183066,1.4165074056095144,middle,30.0,48.0
143,03144289,2.161711320239069,2.0142055306095923,26,0.3098506387602061,0.0,hybrid_vs_et_k5_calibrated,0.1475057896294767,-7.32327398509498,26,52,1.9746778819423456,1.5630424793702982,0,0.7915430124901425,sufficient,31,0.047400611620795105,lower,0.9326760919183066,1.4165074056095144,middle,30.0,48.0
143,03201700,1.2236103384492696,1.280234001442302,37,0.237952023024986,0.5945945945945946,hybrid_vs_et_k5_calibrated,-0.0566236629930323,4.422915102179803,33,135,1.1929210079902852,1.1502543300142052,0,0.9642334423735561,sufficient,42,0.06422018348623854,middle,0.9326760919183066,1.4165074056095144,middle,30.0,48.0
143,03245500,1.3073575052711963,1.1730626881612012,33,0.3248938941431178,0.0,hybrid_vs_et_k5_calibrated,0.1342948171099951,-11.448221690564964,42,654,1479.003803288171,1276.6648475999677,0,0.8631924034012919,sufficient,38,0.0581039755351682,lower,0.9326760919183066,1.4165074056095144,middle,30.0,48.0
143,03281500,0.5139343732709191,0.5849866425473055,31,0.0578008920437769,0.0,hybrid_vs_et_k5_calibrated,-0.0710522692763864,12.1459643876639,46,654,1110.9065825392574,1146.552113012985,0,1.0320868838424295,sufficient,36,0.05504587155963303,middle,0.9326760919183066,1.4165074056095144,middle,30.0,48.0
143,03290500,1.0360171170916772,1.0539094308920642,53,0.230109588979497,0.6886792452830188,hybrid_vs_et_k5_calibrated,-0.017892313800387,1.6977088614950842,50,583,9148.085799542749,8506.386029489462,0,0.9298542029322286,sufficient,58,0.08868501529051988,lower,0.9326760919183066,1.4165074056095144,higher,30.0,48.0
143,03353630,1.24353594690696,1.2988277265782542,21,0.1254050561324416,0.0,hybrid_vs_et_k5_calibrated,-0.0552917796712941,4.257052612894219,55,132,8.561921809574194,9.400062529629105,0,1.097891657818888,sufficient,26,0.039755351681957186,middle,0.9326760919183066,1.4165074056095144,lower,30.0,48.0
143,03357330,0.7930221060547872,0.7925560496519013,27,0.2644341808243236,0.0,hybrid_vs_et_k5_calibrated,0.0004660564028858,-0.0588042199779481,58,300,160.68369683265686,172.00462480756107,0,1.070454739329867,sufficient,32,0.04892966360856269,middle,0.9326760919183066,1.4165074056095144,middle,30.0,48.0
143,03497300,0.4462616426689601,0.4347334393621777,195,0.4462487725169658,0.0,hybrid_vs_et_k5_calibrated,0.0115282033067824,-2.651786649698762,74,654,287.7228645184718,193.56590005645802,0,0.6727511919513477,sufficient,200,0.3058103975535168,lower,0.9326760919183066,1.4165074056095144,higher,30.0,48.0
143,03612500,0.4670006102220848,0.4908558119103894,197,2.398100247860823e-05,0.6700507614213198,hybrid_vs_et_k5_calibrated,-0.0238552016883046,4.859920389953465,65,0,,,0,,fewer_than_12_months,202,0.308868501529052,insufficient,0.9326760919183066,1.4165074056095144,higher,30.0,48.0
143,05320270,2.915297817360329,2.284554676242214,34,0.209113591017548,0.0,hybrid_vs_et_k5_calibrated,0.6307431411181144,-27.609019284038403,85,185,79.60309591356766,119.47944996727522,0,1.5009397385373673,sufficient,39,0.05963302752293578,higher,0.9326760919183066,1.4165074056095144,middle,30.0,48.0
143,05325050,0.871989514523703,0.6985166465662657,7,0.0,0.4285714285714285,hybrid_vs_et_k5_calibrated,0.1734728679574373,-24.834464405420675,89,0,,,0,,fewer_than_12_months,12,0.01834862385321101,insufficient,0.9326760919183066,1.4165074056095144,lower,30.0,48.0
143,05331833,1.5878619738426447,1.6055978372198685,24,0.4469427328183579,0.0,hybrid_vs_et_k5_calibrated,-0.0177358633772235,1.104626760579952,93,324,134.5431729775888,67.9752979919881,0,0.5052303768940466,sufficient,29,0.04434250764525994,lower,0.9326760919183066,1.4165074056095144,lower,30.0,48.0
143,05333500,2.5144321461566213,2.6164263582416423,62,0.4450903382464482,0.0,hybrid_vs_et_k5_calibrated,-0.101994212085021,3.8982259815470544,94,619,1379.777244949957,645.5764461538347,0,0.4678845433323906,sufficient,67,0.10244648318042814,lower,0.9326760919183066,1.4165074056095144,higher,30.0,48.0
143,05355250,0.8022862160941913,0.7542121210059045,29,0.1695347846773903,0.4655172413793103,hybrid_vs_et_k5_calibrated,0.0480740950882867,-6.374081475138538,96,145,31622.152879175646,22014.84619511118,0,0.6961842945743509,sufficient,34,0.05198776758409786,lower,0.9326760919183066,1.4165074056095144,middle,30.0,48.0
143,05427952,2.9233617210449983,2.966822011346977,21,0.5742862301992506,1.0,hybrid_vs_et_k5_calibrated,-0.0434602903019789,1.4648768997856831,109,42,11.124329623721895,6.896855377142122,0,0.6199794154278776,sufficient,26,0.039755351681957186,lower,0.9326760919183066,1.4165074056095144,lower,30.0,48.0
143,05455100,1.859661580912778,1.7983994070955611,26,0.1948813004702378,0.0,hybrid_vs_et_k5_calibrated,0.0612621738172165,-3.406483208096467,115,504,156.49041057744668,202.30400201773872,0,1.2927565418944251,sufficient,31,0.047400611620795105,middle,0.9326760919183066,1.4165074056095144,middle,30.0,48.0
143,05464220,1.854773079127468,1.8657359267303013,36,0.1546380098856292,0.0,hybrid_vs_et_k5_calibrated,-0.0109628476028333,0.5875883851390373,120,341,257.4319610763505,308.18160907992575,0,1.1971381012341498,sufficient,41,0.06269113149847094,middle,0.9326760919183066,1.4165074056095144,middle,30.0,48.0
143,05464760,1.7427695753009886,1.2345366522528256,15,0.0174465267886786,0.0,hybrid_vs_et_k5_calibrated,0.508232923048163,-41.16790879563776,123,0,,,0,,fewer_than_12_months,20,0.03058103975535168,insufficient,0.9326760919183066,1.4165074056095144,lower,30.0,48.0
143,05540500,1.1850213764113764,1.1598879506126103,35,0.2672754345956989,0.0,hybrid_vs_et_k5_calibrated,0.0251334257987658,-2.1668839464614953,135,654,440.3118440703879,302.2742629941149,0,0.686500413433788,sufficient,40,0.06116207951070336,lower,0.9326760919183066,1.4165074056095144,middle,30.0,48.0
143,05552500,0.865957547331312,0.8189530329842889,40,0.2624406288399972,0.825,hybrid_vs_et_k5_calibrated,0.0470045143470231,-5.739586087829407,138,654,2470.44943871921,1740.073493837967,0,0.7043550321515982,sufficient,45,0.06880733944954129,lower,0.9326760919183066,1.4165074056095144,middle,30.0,48.0
143,05553700,0.4865446834640645,0.4360253867516994,30,0.1461449047910563,0.0,hybrid_vs_et_k5_calibrated,0.0505192967123651,-11.586320027997354,139,0,,,0,,fewer_than_12_months,35,0.053516819571865444,insufficient,0.9326760919183066,1.4165074056095144,middle,30.0,48.0
143,05587455,0.8845482152070169,0.9383000260261428,298,0.437579346490653,0.5508948545861297,hybrid_vs_et_k5_calibrated,-0.053751810819126,5.728637890672772,145,0,,,0,,fewer_than_12_months,303,0.463302752293578,insufficient,0.9326760919183066,1.4165074056095144,higher,30.0,48.0
143,06183450,4.880049070548823,4.975771327592484,17,0.1614198710227828,0.0,hybrid_vs_et_k5_calibrated,-0.0957222570436604,1.923767205957505,157,576,32.16614096624673,90.7616338410969,0,2.8216513114313853,sufficient,22,0.03363914373088685,higher,0.9326760919183066,1.4165074056095144,lower,30.0,48.0
143,06208500,0.5516874574561651,0.5075693108803995,28,0.286878125733745,0.0,hybrid_vs_et_k5_calibrated,0.0441181465757656,-8.69204375245638,161,481,1041.0982571005077,1267.1031637886842,0,1.2170831668834097,sufficient,33,0.05045871559633028,middle,0.9326760919183066,1.4165074056095144,middle,30.0,48.0
143,06279500,0.4159803168750456,0.4440874518419559,33,0.4073626842949117,0.0,hybrid_vs_et_k5_calibrated,-0.0281071349669102,6.329189183420825,163,654,2076.066784453319,1684.4553115321646,0,0.8113685571900927,sufficient,38,0.0581039755351682,lower,0.9326760919183066,1.4165074056095144,middle,30.0,48.0
143,06296120,1.696404895744693,1.758837568519005,36,0.1031349604820503,0.0,hybrid_vs_et_k5_calibrated,-0.0624326727743116,3.549655402623786,170,108,12650.103248878762,8939.78331544504,0,0.7066964703420436,sufficient,41,0.06269113149847094,lower,0.9326760919183066,1.4165074056095144,middle,30.0,48.0
143,06307500,1.9535783852847488,1.8048574741188652,65,0.1628030801127353,0.0,hybrid_vs_et_k5_calibrated,0.1487209111658836,-8.240036307492327,174,654,419.17831910276266,489.00201908733925,0,1.1665727849046008,sufficient,70,0.10703363914373089,middle,0.9326760919183066,1.4165074056095144,higher,30.0,48.0
143,06307665,3.615993139114261,3.6969807652256046,19,0.2175289014225733,0.0,hybrid_vs_et_k5_calibrated,-0.080987626111344,2.190642344507898,178,0,,,0,,fewer_than_12_months,24,0.03669724770642202,insufficient,0.9326760919183066,1.4165074056095144,lower,30.0,48.0
143,06313500,4.745819416789479,4.788853674657865,39,0.2098853860803243,0.0,hybrid_vs_et_k5_calibrated,-0.0430342578683857,0.898633802409099,180,432,209.01772205917925,248.61744728883016,0,1.1894563046593678,sufficient,44,0.0672782874617737,middle,0.9326760919183066,1.4165074056095144,middle,30.0,48.0
143,06324925,5.049706487988225,4.790705762152395,29,0.1483140375198482,0.7241379310344828,hybrid_vs_et_k5_calibrated,0.25900072583583,-5.406316703521874,184,50,21.630106522031127,77.7804708185225,0,3.595935634403834,sufficient,34,0.05198776758409786,higher,0.9326760919183066,1.4165074056095144,middle,30.0,48.0
143,06324970,3.2719221271623464,2.979368705805948,69,0.1714675541411364,0.0,hybrid_vs_et_k5_calibrated,0.2925534213563985,-9.819309063235249,185,589,22.860264019608078,60.274433309400884,0,2.636646420955651,sufficient,74,0.11314984709480122,higher,0.9326760919183066,1.4165074056095144,higher,30.0,48.0
143,06326600,4.738229951786832,4.912468444971433,38,0.2016352417793452,0.0,hybrid_vs_et_k5_calibrated,-0.1742384931846006,3.546862338891088,188,181,14.378730526407029,50.28716853372142,0,3.497330201812136,sufficient,43,0.06574923547400612,higher,0.9326760919183066,1.4165074056095144,middle,30.0,48.0
143,06330000,3.9630008100225744,3.933007737759004,75,0.0633759012387103,0.1533333333333333,hybrid_vs_et_k5_calibrated,0.0299930722635703,-0.7625988623317648,190,0,,,0,,fewer_than_12_months,80,0.12232415902140673,insufficient,0.9326760919183066,1.4165074056095144,higher,30.0,48.0
143,06332515,4.809776080609065,4.6094417306376005,20,0.1936931727636327,0.0,hybrid_vs_et_k5_calibrated,0.200334349971464,-4.3461738249103155,193,653,4.7776196420889425,16.949671672056468,0,3.547723121936404,sufficient,25,0.0382262996941896,higher,0.9326760919183066,1.4165074056095144,lower,30.0,48.0
143,06337000,3.8468164321133584,3.6701866951800417,24,0.3548088023987084,0.0,hybrid_vs_et_k5_calibrated,0.1766297369333171,-4.812554553839998,200,652,476.250923882848,947.6860036303312,0,1.9898880109331833,sufficient,29,0.04434250764525994,higher,0.9326760919183066,1.4165074056095144,lower,30.0,48.0
143,06340520,3.1164642286195225,4.117500041560999,20,0.0408651877439264,0.0,hybrid_vs_et_k5_calibrated,-1.0010358129414765,24.311737773825747,212,100,4.097014177081583,12.151861550785464,0,2.9660286798034887,sufficient,25,0.0382262996941896,higher,0.9326760919183066,1.4165074056095144,lower,30.0,48.0
143,06340580,4.821995697747155,5.536053849842764,19,0.1260013207084089,0.0,hybrid_vs_et_k5_calibrated,-0.7140581520956086,12.898323814460175,213,48,1.5846472236977813,4.885602203876503,0,3.0830850745921405,sufficient,24,0.03669724770642202,higher,0.9326760919183066,1.4165074056095144,lower,30.0,48.0
143,06342200,4.029592270077881,4.60747731845862,40,0.1663311490645383,0.475,hybrid_vs_et_k5_calibrated,-0.5778850483807387,12.54233083395978,217,61,8.750051816467378,23.377235162303446,0,2.671668197245195,sufficient,45,0.06880733944954129,higher,0.9326760919183066,1.4165074056095144,middle,30.0,48.0
143,06344600,5.186926989899037,4.9795276251982825,40,0.0687751084213394,0.0,hybrid_vs_et_k5_calibrated,0.2073993647007546,-4.165040949893228,221,654,12.266898184720393,34.896858896323074,0,2.8447989353812755,sufficient,45,0.06880733944954129,higher,0.9326760919183066,1.4165074056095144,middle,30.0,48.0
143,06349000,2.9836414799213165,2.826997987065506,18,0.0469205325200791,0.4722222222222222,hybrid_vs_et_k5_calibrated,0.1566434928558098,-5.540983529967414,222,653,269.84637932760063,609.7795263821282,0,2.259728397696379,sufficient,23,0.035168195718654434,higher,0.9326760919183066,1.4165074056095144,lower,30.0,48.0
143,06349930,4.939059638810711,5.083817201047577,62,0.1774572252820512,0.0,hybrid_vs_et_k5_calibrated,-0.1447575622368653,2.8474187114170157,225,108,7.037142928655225,21.956946828604472,0,3.120150755954643,sufficient,67,0.10244648318042814,higher,0.9326760919183066,1.4165074056095144,higher,30.0,48.0
143,06350000,4.373321516341796,4.317437159536971,34,0.2884270021117996,0.3382352941176471,hybrid_vs_et_k5_calibrated,0.0558843568048246,-1.2943872658662592,226,654,36.26624476362806,105.37374180210699,0,2.90555977021883,sufficient,39,0.05963302752293578,higher,0.9326760919183066,1.4165074056095144,middle,30.0,48.0
143,06378300,9.374629151956016,9.660897739665865,16,0.1204848040620696,0.0,hybrid_vs_et_k5_calibrated,-0.2862685877098503,2.9631675587920236,232,49,1.0463040808610125,3.413898155309837,0,3.2628164390800345,sufficient,21,0.03211009174311927,higher,0.9326760919183066,1.4165074056095144,lower,30.0,48.0
143,06436198,1.1027457899839253,1.0873619661328229,30,0.5264319733857246,1.0,hybrid_vs_et_k5_calibrated,0.0153838238511025,-1.414784067334529,236,527,30.529169483924996,45.83349809370778,0,1.5013018325913259,sufficient,35,0.053516819571865444,higher,0.9326760919183066,1.4165074056095144,middle,30.0,48.0
143,06463720,1.3784441165662769,1.3447925352516803,19,0.3587667529938023,0.0,hybrid_vs_et_k5_calibrated,0.0336515813145965,-2.50236229250771,242,169,1536.2405926405324,478.0891152925339,0,0.3112071882378666,sufficient,24,0.03669724770642202,lower,0.9326760919183066,1.4165074056095144,lower,30.0,48.0
143,06714000,2.112556636949571,2.129524566054384,108,0.1035154381371613,0.2777777777777778,hybrid_vs_et_k5_calibrated,-0.0169679291048132,0.7967942410850748,258,426,367.49498626100063,498.2852670138108,0,1.3558967758540272,sufficient,113,0.172782874617737,middle,0.9326760919183066,1.4165074056095144,higher,30.0,48.0
143,06752000,1.0613759656736732,1.0391418795386318,24,0.2218610159831303,0.0,hybrid_vs_et_k5_calibrated,0.0222340861350414,-2.139658363582942,264,426,323.6164619060749,533.1063397506317,0,1.6473399919481175,sufficient,29,0.04434250764525994,higher,0.9326760919183066,1.4165074056095144,lower,30.0,48.0
143,06759910,0.6886240143852134,0.6682853712962472,25,0.2222150814264111,1.0,hybrid_vs_et_k5_calibrated,0.0203386430889661,-3.043406898091461,268,72,849.4443262683021,1579.9741866843913,0,1.8600091116334643,sufficient,30,0.045871559633027525,higher,0.9326760919183066,1.4165074056095144,lower,30.0,48.0
143,06791150,2.933087521112209,2.874104523194399,15,0.2698296071892582,0.0,hybrid_vs_et_k5_calibrated,0.05898299791781,-2.052221742174276,272,0,,,0,,fewer_than_12_months,20,0.03058103975535168,insufficient,0.9326760919183066,1.4165074056095144,lower,30.0,48.0
143,06805500,1.2864492101907534,1.316466314463184,295,0.0162208135267495,0.0644067796610169,hybrid_vs_et_k5_calibrated,-0.0300171042724304,2.2801270296589737,277,654,8111.852033515954,5698.328432796812,0,0.70246947420304,sufficient,300,0.45871559633027525,lower,0.9326760919183066,1.4165074056095144,higher,30.0,48.0
143,06810000,1.2793206890236812,1.2655157801802557,125,0.1885005479041595,0.0,hybrid_vs_et_k5_calibrated,0.0138049088434255,-1.090852367045092,278,654,1804.5629142971213,1935.2935270017429,0,1.0724444748747046,sufficient,130,0.19877675840978593,middle,0.9326760919183066,1.4165074056095144,higher,30.0,48.0
143,06818000,1.3744088076833598,1.4406963922334408,32,0.0612260580201073,0.21875,hybrid_vs_et_k5_calibrated,-0.0662875845500809,4.601079374351635,279,654,50400.855176079895,24927.446136657145,0,0.4945837932624532,sufficient,37,0.05657492354740061,lower,0.9326760919183066,1.4165074056095144,middle,30.0,48.0
143,06879100,0.9404020028133486,0.7206737917167134,31,0.3273268342170294,0.0,hybrid_vs_et_k5_calibrated,0.2197282110966352,-30.48927456807078,282,654,2564.2576035432494,3593.2726966228065,0,1.40129162204986,sufficient,36,0.05504587155963303,middle,0.9326760919183066,1.4165074056095144,middle,30.0,48.0
143,06880800,2.1462136968571093,2.2460505798155914,38,0.2026173030221445,0.0,hybrid_vs_et_k5_calibrated,-0.0998368829584821,4.444997092036951,284,644,164.9775502874244,217.81470441787957,0,1.3202687519508085,sufficient,43,0.06574923547400612,middle,0.9326760919183066,1.4165074056095144,middle,30.0,48.0
143,06885500,2.1296467113904867,2.2258472226641857,30,0.1799225089754894,0.0,hybrid_vs_et_k5_calibrated,-0.096200511273699,4.321972788345896,287,654,181.42921192146588,332.56030220024564,0,1.8330030686800256,sufficient,35,0.053516819571865444,higher,0.9326760919183066,1.4165074056095144,middle,30.0,48.0
143,06887000,1.978093692968452,1.8463032340060592,54,0.164342246123852,0.382716049382716,hybrid_vs_et_k5_calibrated,0.1317904589623924,-7.138072258934258,288,654,2342.772746558583,3160.095106679508,0,1.3488696721957052,sufficient,59,0.09021406727828746,middle,0.9326760919183066,1.4165074056095144,higher,30.0,48.0
143,06890900,0.4391353157692645,0.4351603882078869,27,0.2606749521680707,1.0,hybrid_vs_et_k5_calibrated,0.0039749275613776,-0.9134396579035142,292,652,659.6930007802928,1001.0100850850192,0,1.5173877605204429,sufficient,32,0.04892966360856269,higher,0.9326760919183066,1.4165074056095144,middle,30.0,48.0
143,06893350,1.4235814862235865,1.415614797075184,12,0.1840025941859481,0.0,hybrid_vs_et_k5_calibrated,0.0079666891484022,-0.5627723844694454,296,280,22.956631035943115,26.528149226746667,0,1.155576756241438,sufficient,17,0.02599388379204893,middle,0.9326760919183066,1.4165074056095144,lower,30.0,48.0
143,06893500,1.7218135636876064,1.691237135222578,38,0.1177990861910641,0.7894736842105263,hybrid_vs_et_k5_calibrated,0.0305764284650285,-1.8079326564103937,299,654,207.50244474119367,227.2935672683176,0,1.095377780015114,sufficient,43,0.06574923547400612,middle,0.9326760919183066,1.4165074056095144,middle,30.0,48.0
143,06926510,1.2375632694775682,1.1278376301521322,19,0.1502542689158253,0.0,hybrid_vs_et_k5_calibrated,0.109725639325436,-9.728850713256952,317,353,12238.64146202887,12157.615826987469,0,0.9933795237573722,sufficient,24,0.03669724770642202,middle,0.9326760919183066,1.4165074056095144,lower,30.0,48.0
143,07022000,0.8166288999382394,0.7774684291476532,305,0.225203656550948,0.4475409836065573,hybrid_vs_et_k5_calibrated,0.0391604707905861,-5.036921027586705,146,654,243914.25852327025,137595.86642296074,0,0.5641157153173709,sufficient,310,0.4740061162079511,lower,0.9326760919183066,1.4165074056095144,higher,30.0,48.0
143,07048600,0.9397886315359452,1.003280759786653,147,0.1537685450583228,0.0,hybrid_vs_et_k5_calibrated,-0.0634921282507078,6.328450698507304,325,615,597.6353125260129,687.5933660055075,0,1.1505233234951777,sufficient,152,0.2324159021406728,middle,0.9326760919183066,1.4165074056095144,higher,30.0,48.0
143,07055893,0.7514064588244876,0.6437297491751387,19,0.0607948669879275,0.0,hybrid_vs_et_k5_calibrated,0.1076767096493489,-16.7270053601412,336,39,479.97022754718097,1133.1255769400093,0,2.360824717671938,sufficient,24,0.03669724770642202,higher,0.9326760919183066,1.4165074056095144,lower,30.0,48.0
143,07056000,1.308822377251284,1.346193901082256,90,0.1524511543183168,0.1222222222222222,hybrid_vs_et_k5_calibrated,-0.0373715238309722,2.776087738989741,337,654,1130.452240208967,1369.0963289012498,0,1.211104972155364,sufficient,95,0.1452599388379205,middle,0.9326760919183066,1.4165074056095144,higher,30.0,48.0
143,07097000,2.1053431636598976,1.242215364057342,11,0.1739478950049739,0.0909090909090909,hybrid_vs_et_k5_calibrated,0.8631277996025557,-69.48294350372508,343,396,761.1117999144275,765.9452623962354,0,1.0063505289004209,sufficient,16,0.024464831804281346,middle,0.9326760919183066,1.4165074056095144,lower,30.0,48.0
143,07099200,0.699950875840263,0.6185114148950837,115,0.1805127007001261,0.0,hybrid_vs_et_k5_calibrated,0.0814394609451794,-13.167010177005988,344,30,770.7760823567709,677.3059930649785,0,0.878732499059918,sufficient,120,0.1834862385321101,lower,0.9326760919183066,1.4165074056095144,higher,30.0,48.0
143,03075001,0.5262654624720504,0.6036472737162697,67,0.1830179258964646,0.0,hybrid_calibration_k5_vs_k0,-0.0773818112442192,12.819044268655276,15,0,,,0,,fewer_than_12_months,72,0.11009174311926606,insufficient,0.9326760919183066,1.4165074056095144,higher,30.0,48.0
143,03085000,0.4139178089112156,0.7149425244684007,122,0.2003629200434972,0.2028688524590164,hybrid_calibration_k5_vs_k0,-0.301024715557185,42.10474342409742,19,408,13189.165558160521,8763.783288856397,0,0.6644683661153976,sufficient,127,0.19418960244648317,lower,0.9326760919183066,1.4165074056095144,higher,30.0,48.0
143,03104500,0.7112237846348284,1.0486182151864314,34,0.2470768057135465,0.0,hybrid_calibration_k5_vs_k0,-0.337394430551603,32.17514493505327,21,0,,,0,,fewer_than_12_months,39,0.05963302752293578,insufficient,0.9326760919183066,1.4165074056095144,middle,30.0,48.0
143,03110983,1.907799547089221,1.7684232983483774,28,0.4363563928223097,0.0,hybrid_calibration_k5_vs_k0,0.1393762487408436,-7.881385009517472,23,35,1.3506421387195586,1.0111919475026605,0,0.7486749587579837,sufficient,33,0.05045871559633028,lower,0.9326760919183066,1.4165074056095144,middle,30.0,48.0
143,03127970,1.9713154214725843,2.1970213147126754,29,0.2949306224378408,0.0,hybrid_calibration_k5_vs_k0,-0.225705893240091,10.273268253185275,24,38,1.1699391117221432,0.8222139831045204,0,0.7027835678510025,sufficient,34,0.05198776758409786,lower,0.9326760919183066,1.4165074056095144,middle,30.0,48.0
143,03144289,2.161711320239069,1.4491172358785378,26,0.3098506387602061,0.0,hybrid_calibration_k5_vs_k0,0.7125940843605312,-49.17435709944584,26,52,1.9746778819423456,1.5630424793702982,0,0.7915430124901425,sufficient,31,0.047400611620795105,lower,0.9326760919183066,1.4165074056095144,middle,30.0,48.0
143,03201700,1.2236103384492696,1.2923395452159816,37,0.237952023024986,0.5945945945945946,hybrid_calibration_k5_vs_k0,-0.068729206766712,5.318200392546657,33,135,1.1929210079902852,1.1502543300142052,0,0.9642334423735561,sufficient,42,0.06422018348623854,middle,0.9326760919183066,1.4165074056095144,middle,30.0,48.0
143,03245500,1.3073575052711963,1.3047373987467898,33,0.3248938941431178,0.0,hybrid_calibration_k5_vs_k0,0.0026201065244064,-0.2008148556884359,42,654,1479.003803288171,1276.6648475999677,0,0.8631924034012919,sufficient,38,0.0581039755351682,lower,0.9326760919183066,1.4165074056095144,middle,30.0,48.0
143,03281500,0.5139343732709191,0.7163564131052086,31,0.0578008920437769,0.0,hybrid_calibration_k5_vs_k0,-0.2024220398342895,28.257168656708952,46,654,1110.9065825392574,1146.552113012985,0,1.0320868838424295,sufficient,36,0.05504587155963303,middle,0.9326760919183066,1.4165074056095144,middle,30.0,48.0
143,03290500,1.0360171170916772,0.8402412342913653,53,0.230109588979497,0.6886792452830188,hybrid_calibration_k5_vs_k0,0.1957758828003118,-23.29996134567516,50,583,9148.085799542749,8506.386029489462,0,0.9298542029322286,sufficient,58,0.08868501529051988,lower,0.9326760919183066,1.4165074056095144,higher,30.0,48.0
143,03353630,1.24353594690696,1.227163809462547,21,0.1254050561324416,0.0,hybrid_calibration_k5_vs_k0,0.016372137444413,-1.3341444164315377,55,132,8.561921809574194,9.400062529629105,0,1.097891657818888,sufficient,26,0.039755351681957186,middle,0.9326760919183066,1.4165074056095144,lower,30.0,48.0
143,03357330,0.7930221060547872,1.1356054968620763,27,0.2644341808243236,0.0,hybrid_calibration_k5_vs_k0,-0.3425833908072891,30.16746500029466,58,300,160.68369683265686,172.00462480756107,0,1.070454739329867,sufficient,32,0.04892966360856269,middle,0.9326760919183066,1.4165074056095144,middle,30.0,48.0
143,03497300,0.4462616426689601,0.7456828064937251,195,0.4462487725169658,0.0,hybrid_calibration_k5_vs_k0,-0.2994211638247649,40.153958387839616,74,654,287.7228645184718,193.56590005645802,0,0.6727511919513477,sufficient,200,0.3058103975535168,lower,0.9326760919183066,1.4165074056095144,higher,30.0,48.0
143,03612500,0.4670006102220848,0.4827801457308422,197,2.398100247860823e-05,0.6700507614213198,hybrid_calibration_k5_vs_k0,-0.0157795355087574,3.2684723363820445,65,0,,,0,,fewer_than_12_months,202,0.308868501529052,insufficient,0.9326760919183066,1.4165074056095144,higher,30.0,48.0
143,05320270,2.915297817360329,3.0529192290348854,34,0.209113591017548,0.0,hybrid_calibration_k5_vs_k0,-0.1376214116745564,4.507862846999144,85,185,79.60309591356766,119.47944996727522,0,1.5009397385373673,sufficient,39,0.05963302752293578,higher,0.9326760919183066,1.4165074056095144,middle,30.0,48.0
143,05325050,0.871989514523703,2.7976823387178724,7,0.0,0.4285714285714285,hybrid_calibration_k5_vs_k0,-1.9256928241941695,68.83171822418838,89,0,,,0,,fewer_than_12_months,12,0.01834862385321101,insufficient,0.9326760919183066,1.4165074056095144,lower,30.0,48.0
143,05331833,1.5878619738426447,1.9078560814630103,24,0.4469427328183579,0.0,hybrid_calibration_k5_vs_k0,-0.3199941076203656,16.77244477345393,93,324,134.5431729775888,67.9752979919881,0,0.5052303768940466,sufficient,29,0.04434250764525994,lower,0.9326760919183066,1.4165074056095144,lower,30.0,48.0
143,05333500,2.5144321461566213,2.3189523326118384,62,0.4450903382464482,0.0,hybrid_calibration_k5_vs_k0,0.1954798135447828,-8.429660704781018,94,619,1379.777244949957,645.5764461538347,0,0.4678845433323906,sufficient,67,0.10244648318042814,lower,0.9326760919183066,1.4165074056095144,higher,30.0,48.0
143,05355250,0.8022862160941913,1.6220129184082663,29,0.1695347846773903,0.4655172413793103,hybrid_calibration_k5_vs_k0,-0.8197267023140751,50.5376185979147,96,145,31622.152879175646,22014.84619511118,0,0.6961842945743509,sufficient,34,0.05198776758409786,lower,0.9326760919183066,1.4165074056095144,middle,30.0,48.0
143,05427952,2.9233617210449983,3.027355422064907,21,0.5742862301992506,1.0,hybrid_calibration_k5_vs_k0,-0.1039937010199087,3.435133524856371,109,42,11.124329623721895,6.896855377142122,0,0.6199794154278776,sufficient,26,0.039755351681957186,lower,0.9326760919183066,1.4165074056095144,lower,30.0,48.0
143,05455100,1.859661580912778,2.116084178140159,26,0.1948813004702378,0.0,hybrid_calibration_k5_vs_k0,-0.256422597227381,12.117788123757569,115,504,156.49041057744668,202.30400201773872,0,1.2927565418944251,sufficient,31,0.047400611620795105,middle,0.9326760919183066,1.4165074056095144,middle,30.0,48.0
143,05464220,1.854773079127468,1.898697901636829,36,0.1546380098856292,0.0,hybrid_calibration_k5_vs_k0,-0.0439248225093611,2.313418183666527,120,341,257.4319610763505,308.18160907992575,0,1.1971381012341498,sufficient,41,0.06269113149847094,middle,0.9326760919183066,1.4165074056095144,middle,30.0,48.0
143,05464760,1.7427695753009886,1.582555873526286,15,0.0174465267886786,0.0,hybrid_calibration_k5_vs_k0,0.1602137017747025,-10.123731139912984,123,0,,,0,,fewer_than_12_months,20,0.03058103975535168,insufficient,0.9326760919183066,1.4165074056095144,lower,30.0,48.0
143,05540500,1.1850213764113764,1.2825464764902073,35,0.2672754345956989,0.0,hybrid_calibration_k5_vs_k0,-0.0975251000788308,7.604020740497153,135,654,440.3118440703879,302.2742629941149,0,0.686500413433788,sufficient,40,0.06116207951070336,lower,0.9326760919183066,1.4165074056095144,middle,30.0,48.0
143,05552500,0.865957547331312,1.1627616643651053,40,0.2624406288399972,0.825,hybrid_calibration_k5_vs_k0,-0.2968041170337933,25.525791409356035,138,654,2470.44943871921,1740.073493837967,0,0.7043550321515982,sufficient,45,0.06880733944954129,lower,0.9326760919183066,1.4165074056095144,middle,30.0,48.0
143,05553700,0.4865446834640645,0.9426664759715274,30,0.1461449047910563,0.0,hybrid_calibration_k5_vs_k0,-0.4561217925074629,48.38633855493549,139,0,,,0,,fewer_than_12_months,35,0.053516819571865444,insufficient,0.9326760919183066,1.4165074056095144,middle,30.0,48.0
143,05587455,0.8845482152070169,1.1190970865932826,298,0.437579346490653,0.5508948545861297,hybrid_calibration_k5_vs_k0,-0.2345488713862656,20.958759896361755,145,0,,,0,,fewer_than_12_months,303,0.463302752293578,insufficient,0.9326760919183066,1.4165074056095144,higher,30.0,48.0
143,06183450,4.880049070548823,9.89643430565624,17,0.1614198710227828,0.0,hybrid_calibration_k5_vs_k0,-5.016385235107416,50.688814578805776,157,576,32.16614096624673,90.7616338410969,0,2.8216513114313853,sufficient,22,0.03363914373088685,higher,0.9326760919183066,1.4165074056095144,lower,30.0,48.0
143,06208500,0.5516874574561651,1.7469464391477971,28,0.286878125733745,0.0,hybrid_calibration_k5_vs_k0,-1.195258981691632,68.41989856739445,161,481,1041.0982571005077,1267.1031637886842,0,1.2170831668834097,sufficient,33,0.05045871559633028,middle,0.9326760919183066,1.4165074056095144,middle,30.0,48.0
143,06279500,0.4159803168750456,0.6725919396436437,33,0.4073626842949117,0.0,hybrid_calibration_k5_vs_k0,-0.256611622768598,38.15264615043669,163,654,2076.066784453319,1684.4553115321646,0,0.8113685571900927,sufficient,38,0.0581039755351682,lower,0.9326760919183066,1.4165074056095144,middle,30.0,48.0
143,06296120,1.696404895744693,1.5600050473990537,36,0.1031349604820503,0.0,hybrid_calibration_k5_vs_k0,0.1363998483456396,-8.743551732287958,170,108,12650.103248878762,8939.78331544504,0,0.7066964703420436,sufficient,41,0.06269113149847094,lower,0.9326760919183066,1.4165074056095144,middle,30.0,48.0
143,06307500,1.9535783852847488,2.163833887194528,65,0.1628030801127353,0.0,hybrid_calibration_k5_vs_k0,-0.2102555019097791,9.716804194354369,174,654,419.17831910276266,489.00201908733925,0,1.1665727849046008,sufficient,70,0.10703363914373089,middle,0.9326760919183066,1.4165074056095144,higher,30.0,48.0
143,06307665,3.615993139114261,8.08867552277229,19,0.2175289014225733,0.0,hybrid_calibration_k5_vs_k0,-4.472682383658029,55.29560891725664,178,0,,,0,,fewer_than_12_months,24,0.03669724770642202,insufficient,0.9326760919183066,1.4165074056095144,lower,30.0,48.0
143,06313500,4.745819416789479,4.758256891763238,39,0.2098853860803243,0.0,hybrid_calibration_k5_vs_k0,-0.0124374749737583,0.2613872108352955,180,432,209.01772205917925,248.61744728883016,0,1.1894563046593678,sufficient,44,0.0672782874617737,middle,0.9326760919183066,1.4165074056095144,middle,30.0,48.0
143,06324925,5.049706487988225,5.614145257769974,29,0.1483140375198482,0.7241379310344828,hybrid_calibration_k5_vs_k0,-0.5644387697817486,10.053868289221157,184,50,21.630106522031127,77.7804708185225,0,3.595935634403834,sufficient,34,0.05198776758409786,higher,0.9326760919183066,1.4165074056095144,middle,30.0,48.0
143,06324970,3.2719221271623464,4.93486728647258,69,0.1714675541411364,0.0,hybrid_calibration_k5_vs_k0,-1.662945159310234,33.697869927904364,185,589,22.860264019608078,60.274433309400884,0,2.636646420955651,sufficient,74,0.11314984709480122,higher,0.9326760919183066,1.4165074056095144,higher,30.0,48.0
143,06326600,4.738229951786832,5.667959229190388,38,0.2016352417793452,0.0,hybrid_calibration_k5_vs_k0,-0.9297292774035562,16.403245679950995,188,181,14.378730526407029,50.28716853372142,0,3.497330201812136,sufficient,43,0.06574923547400612,higher,0.9326760919183066,1.4165074056095144,middle,30.0,48.0
143,06330000,3.9630008100225744,4.016183603681962,75,0.0633759012387103,0.1533333333333333,hybrid_calibration_k5_vs_k0,-0.0531827936593876,1.3242122100849851,190,0,,,0,,fewer_than_12_months,80,0.12232415902140673,insufficient,0.9326760919183066,1.4165074056095144,higher,30.0,48.0
143,06332515,4.809776080609065,5.404785729311025,20,0.1936931727636327,0.0,hybrid_calibration_k5_vs_k0,-0.5950096487019607,11.008940566785608,193,653,4.7776196420889425,16.949671672056468,0,3.547723121936404,sufficient,25,0.0382262996941896,higher,0.9326760919183066,1.4165074056095144,lower,30.0,48.0
143,06337000,3.8468164321133584,3.70077636786228,24,0.3548088023987084,0.0,hybrid_calibration_k5_vs_k0,0.1460400642510784,-3.946200735588823,200,652,476.250923882848,947.6860036303312,0,1.9898880109331833,sufficient,29,0.04434250764525994,higher,0.9326760919183066,1.4165074056095144,lower,30.0,48.0
143,06340520,3.1164642286195225,4.216449343869738,20,0.0408651877439264,0.0,hybrid_calibration_k5_vs_k0,-1.0999851152502154,26.08794807056024,212,100,4.097014177081583,12.151861550785464,0,2.9660286798034887,sufficient,25,0.0382262996941896,higher,0.9326760919183066,1.4165074056095144,lower,30.0,48.0
143,06340580,4.821995697747155,8.549798460803528,19,0.1260013207084089,0.0,hybrid_calibration_k5_vs_k0,-3.727802763056373,43.6010600734795,213,48,1.5846472236977813,4.885602203876503,0,3.0830850745921405,sufficient,24,0.03669724770642202,higher,0.9326760919183066,1.4165074056095144,lower,30.0,48.0
143,06342200,4.029592270077881,3.913782044977063,40,0.1663311490645383,0.475,hybrid_calibration_k5_vs_k0,0.1158102251008181,-2.9590361386998776,217,61,8.750051816467378,23.377235162303446,0,2.671668197245195,sufficient,45,0.06880733944954129,higher,0.9326760919183066,1.4165074056095144,middle,30.0,48.0
143,06344600,5.186926989899037,4.373927413635038,40,0.0687751084213394,0.0,hybrid_calibration_k5_vs_k0,0.8129995762639988,-18.587404393808615,221,654,12.266898184720393,34.896858896323074,0,2.8447989353812755,sufficient,45,0.06880733944954129,higher,0.9326760919183066,1.4165074056095144,middle,30.0,48.0
143,06349000,2.9836414799213165,2.293689062889145,18,0.0469205325200791,0.4722222222222222,hybrid_calibration_k5_vs_k0,0.6899524170321714,-30.080468542806884,222,653,269.84637932760063,609.7795263821282,0,2.259728397696379,sufficient,23,0.035168195718654434,higher,0.9326760919183066,1.4165074056095144,lower,30.0,48.0
143,06349930,4.939059638810711,5.320615052638046,62,0.1774572252820512,0.0,hybrid_calibration_k5_vs_k0,-0.3815554138273347,7.171265164882645,225,108,7.037142928655225,21.956946828604472,0,3.120150755954643,sufficient,67,0.10244648318042814,higher,0.9326760919183066,1.4165074056095144,higher,30.0,48.0
143,06350000,4.373321516341796,4.797228860948015,34,0.2884270021117996,0.3382352941176471,hybrid_calibration_k5_vs_k0,-0.4239073446062189,8.83650450903123,226,654,36.26624476362806,105.37374180210699,0,2.90555977021883,sufficient,39,0.05963302752293578,higher,0.9326760919183066,1.4165074056095144,middle,30.0,48.0
143,06378300,9.374629151956016,14.026689817932468,16,0.1204848040620696,0.0,hybrid_calibration_k5_vs_k0,-4.652060665976453,33.16577700341681,232,49,1.0463040808610125,3.413898155309837,0,3.2628164390800345,sufficient,21,0.03211009174311927,higher,0.9326760919183066,1.4165074056095144,lower,30.0,48.0
143,06436198,1.1027457899839253,1.316394491355218,30,0.5264319733857246,1.0,hybrid_calibration_k5_vs_k0,-0.2136487013712926,16.229838606460824,236,527,30.529169483924996,45.83349809370778,0,1.5013018325913259,sufficient,35,0.053516819571865444,higher,0.9326760919183066,1.4165074056095144,middle,30.0,48.0
143,06463720,1.3784441165662769,1.184786052506172,19,0.3587667529938023,0.0,hybrid_calibration_k5_vs_k0,0.1936580640601048,-16.345403767242274,242,169,1536.2405926405324,478.0891152925339,0,0.3112071882378666,sufficient,24,0.03669724770642202,lower,0.9326760919183066,1.4165074056095144,lower,30.0,48.0
143,06714000,2.112556636949571,1.8226877163214823,108,0.1035154381371613,0.2777777777777778,hybrid_calibration_k5_vs_k0,0.2898689206280886,-15.90337818335097,258,426,367.49498626100063,498.2852670138108,0,1.3558967758540272,sufficient,113,0.172782874617737,middle,0.9326760919183066,1.4165074056095144,higher,30.0,48.0
143,06752000,1.0613759656736732,1.112980735472338,24,0.2218610159831303,0.0,hybrid_calibration_k5_vs_k0,-0.0516047697986647,4.636627405483729,264,426,323.6164619060749,533.1063397506317,0,1.6473399919481175,sufficient,29,0.04434250764525994,higher,0.9326760919183066,1.4165074056095144,lower,30.0,48.0
143,06759910,0.6886240143852134,0.5393205415264705,25,0.2222150814264111,1.0,hybrid_calibration_k5_vs_k0,0.1493034728587429,-27.68362436857319,268,72,849.4443262683021,1579.9741866843913,0,1.8600091116334643,sufficient,30,0.045871559633027525,higher,0.9326760919183066,1.4165074056095144,lower,30.0,48.0
143,06791150,2.933087521112209,3.6402787055085097,15,0.2698296071892582,0.0,hybrid_calibration_k5_vs_k0,-0.7071911843963008,19.426841777970772,272,0,,,0,,fewer_than_12_months,20,0.03058103975535168,insufficient,0.9326760919183066,1.4165074056095144,lower,30.0,48.0
143,06805500,1.2864492101907534,1.281710202708401,295,0.0162208135267495,0.0644067796610169,hybrid_calibration_k5_vs_k0,0.0047390074823523,-0.3697409502037452,277,654,8111.852033515954,5698.328432796812,0,0.70246947420304,sufficient,300,0.45871559633027525,lower,0.9326760919183066,1.4165074056095144,higher,30.0,48.0
143,06810000,1.2793206890236812,1.8747078787035751,125,0.1885005479041595,0.0,hybrid_calibration_k5_vs_k0,-0.5953871896798941,31.758931428379377,278,654,1804.5629142971213,1935.2935270017429,0,1.0724444748747046,sufficient,130,0.19877675840978593,middle,0.9326760919183066,1.4165074056095144,higher,30.0,48.0
143,06818000,1.3744088076833598,1.103577422245817,32,0.0612260580201073,0.21875,hybrid_calibration_k5_vs_k0,0.2708313854375428,-24.541222027394504,279,654,50400.855176079895,24927.446136657145,0,0.4945837932624532,sufficient,37,0.05657492354740061,lower,0.9326760919183066,1.4165074056095144,middle,30.0,48.0
143,06879100,0.9404020028133486,1.732795181119317,31,0.3273268342170294,0.0,hybrid_calibration_k5_vs_k0,-0.7923931783059683,45.72918870850702,282,654,2564.2576035432494,3593.2726966228065,0,1.40129162204986,sufficient,36,0.05504587155963303,middle,0.9326760919183066,1.4165074056095144,middle,30.0,48.0
143,06880800,2.1462136968571093,2.067462470796331,38,0.2026173030221445,0.0,hybrid_calibration_k5_vs_k0,0.0787512260607781,-3.809076448698257,284,644,164.9775502874244,217.81470441787957,0,1.3202687519508085,sufficient,43,0.06574923547400612,middle,0.9326760919183066,1.4165074056095144,middle,30.0,48.0
143,06885500,2.1296467113904867,1.8491940058667589,30,0.1799225089754894,0.0,hybrid_calibration_k5_vs_k0,0.2804527055237278,-15.166213206075874,287,654,181.42921192146588,332.56030220024564,0,1.8330030686800256,sufficient,35,0.053516819571865444,higher,0.9326760919183066,1.4165074056095144,middle,30.0,48.0
143,06887000,1.978093692968452,2.14728695868943,54,0.164342246123852,0.382716049382716,hybrid_calibration_k5_vs_k0,-0.169193265720978,7.879397070629213,288,654,2342.772746558583,3160.095106679508,0,1.3488696721957052,sufficient,59,0.09021406727828746,middle,0.9326760919183066,1.4165074056095144,higher,30.0,48.0
143,06890900,0.4391353157692645,0.6727151633212584,27,0.2606749521680707,1.0,hybrid_calibration_k5_vs_k0,-0.2335798475519938,34.72195370159162,292,652,659.6930007802928,1001.0100850850192,0,1.5173877605204429,sufficient,32,0.04892966360856269,higher,0.9326760919183066,1.4165074056095144,middle,30.0,48.0
143,06893350,1.4235814862235865,1.7381312518879162,12,0.1840025941859481,0.0,hybrid_calibration_k5_vs_k0,-0.3145497656643299,18.097008803142657,296,280,22.956631035943115,26.528149226746667,0,1.155576756241438,sufficient,17,0.02599388379204893,middle,0.9326760919183066,1.4165074056095144,lower,30.0,48.0
143,06893500,1.7218135636876064,1.8675800968634688,38,0.1177990861910641,0.7894736842105263,hybrid_calibration_k5_vs_k0,-0.1457665331758624,7.805102090168548,299,654,207.50244474119367,227.2935672683176,0,1.095377780015114,sufficient,43,0.06574923547400612,middle,0.9326760919183066,1.4165074056095144,middle,30.0,48.0
143,06926510,1.2375632694775682,1.1694690500066067,19,0.1502542689158253,0.0,hybrid_calibration_k5_vs_k0,0.0680942194709615,-5.822661101683435,317,353,12238.64146202887,12157.615826987469,0,0.9933795237573722,sufficient,24,0.03669724770642202,middle,0.9326760919183066,1.4165074056095144,lower,30.0,48.0
143,07022000,0.8166288999382394,1.3202491528575766,305,0.225203656550948,0.4475409836065573,hybrid_calibration_k5_vs_k0,-0.5036202529193372,38.14584935194166,146,654,243914.25852327025,137595.86642296074,0,0.5641157153173709,sufficient,310,0.4740061162079511,lower,0.9326760919183066,1.4165074056095144,higher,30.0,48.0
143,07048600,0.9397886315359452,0.94366907716376,147,0.1537685450583228,0.0,hybrid_calibration_k5_vs_k0,-0.0038804456278147,0.4112083061445282,325,615,597.6353125260129,687.5933660055075,0,1.1505233234951777,sufficient,152,0.2324159021406728,middle,0.9326760919183066,1.4165074056095144,higher,30.0,48.0
143,07055893,0.7514064588244876,1.570093599681182,19,0.0607948669879275,0.0,hybrid_calibration_k5_vs_k0,-0.8186871408566944,52.1425691451092,336,39,479.97022754718097,1133.1255769400093,0,2.360824717671938,sufficient,24,0.03669724770642202,higher,0.9326760919183066,1.4165074056095144,lower,30.0,48.0
143,07056000,1.308822377251284,1.4032304835804974,90,0.1524511543183168,0.1222222222222222,hybrid_calibration_k5_vs_k0,-0.0944081063292134,6.727911589286517,337,654,1130.452240208967,1369.0963289012498,0,1.211104972155364,sufficient,95,0.1452599388379205,middle,0.9326760919183066,1.4165074056095144,higher,30.0,48.0
143,07097000,2.1053431636598976,2.6974403370876776,11,0.1739478950049739,0.0909090909090909,hybrid_calibration_k5_vs_k0,-0.59209717342778,21.950334370214264,343,396,761.1117999144275,765.9452623962354,0,1.0063505289004209,sufficient,16,0.024464831804281346,middle,0.9326760919183066,1.4165074056095144,lower,30.0,48.0
143,07099200,0.699950875840263,0.8582062564833138,115,0.1805127007001261,0.0,hybrid_calibration_k5_vs_k0,-0.1582553806430507,18.44025016684643,344,30,770.7760823567709,677.3059930649785,0,0.878732499059918,sufficient,120,0.1834862385321101,lower,0.9326760919183066,1.4165074056095144,higher,30.0,48.0
144,03016000,0.475577936856368,0.5129526128637735,29,0.2184437393099738,0.7241379310344828,hybrid_vs_et_k5_calibrated,-0.0373746760074054,7.286184936020823,1,618,7000.244782580527,4426.118941912549,0,0.6322805958052417,sufficient,34,0.05198776758409786,lower,0.967460805079278,1.4547539330761943,middle,30.0,45.0
144,03075001,0.4441903683026724,0.5261780399395626,67,0.1853646667958885,0.0,hybrid_vs_et_k5_calibrated,-0.0819876716368901,15.581735726999812,15,0,,,0,,fewer_than_12_months,72,0.11009174311926606,insufficient,0.967460805079278,1.4547539330761943,higher,30.0,45.0
144,03083500,0.3505391128679394,0.3555291982433251,100,0.2737973624221215,0.0,hybrid_vs_et_k5_calibrated,-0.0049900853753856,1.403565558058728,18,654,3302.4581750992243,2210.3494824891945,0,0.6693043076685697,sufficient,105,0.16055045871559634,lower,0.967460805079278,1.4547539330761943,higher,30.0,45.0
144,03110983,1.732560437601304,1.738973971191141,28,0.5127755870965763,0.0,hybrid_vs_et_k5_calibrated,-0.0064135335898369,0.3688113621070465,23,35,1.3506421387195586,1.0111919475026605,0,0.7486749587579837,sufficient,33,0.05045871559633028,lower,0.967460805079278,1.4547539330761943,middle,30.0,45.0
144,03127970,1.8565286650429491,1.9212959226351003,29,0.302029455367962,0.0,hybrid_vs_et_k5_calibrated,-0.0647672575921511,3.371019364019756,24,38,1.1699391117221432,0.8222139831045204,0,0.7027835678510025,sufficient,34,0.05198776758409786,lower,0.967460805079278,1.4547539330761943,middle,30.0,45.0
144,03144270,1.5720979883368784,1.615049626306864,26,0.2481361934515595,0.0,hybrid_vs_et_k5_calibrated,-0.0429516379699856,2.6594624258205135,25,51,1.9033212544871312,1.765300648876652,0,0.9274843354556715,sufficient,31,0.047400611620795105,lower,0.967460805079278,1.4547539330761943,middle,30.0,45.0
144,03144289,1.536743802148971,1.7048054823061043,26,0.3172087594494047,0.0,hybrid_vs_et_k5_calibrated,-0.1680616801571335,9.858114717568544,26,52,1.9746778819423456,1.5630424793702982,0,0.7915430124901425,sufficient,31,0.047400611620795105,lower,0.967460805079278,1.4547539330761943,middle,30.0,45.0
144,03207962,1.351925934363042,1.2804793626077888,16,0.3665932182949258,0.0,hybrid_vs_et_k5_calibrated,0.071446571755253,-5.579673819166198,36,109,0.9366417315258824,0.9649570902493259,0,1.030230725121883,sufficient,21,0.03211009174311927,middle,0.967460805079278,1.4547539330761943,lower,30.0,45.0
144,03216600,1.1703677505975714,1.0380997049788303,115,0.208933347072324,0.0947826086956521,hybrid_vs_et_k5_calibrated,0.132268045618741,-12.741362412913729,41,511,90405.56197254159,62447.19315543311,0,0.6907450359569677,sufficient,120,0.1834862385321101,lower,0.967460805079278,1.4547539330761943,higher,30.0,45.0
144,03303280,0.9936345628499637,1.1417922819343296,294,0.2745835368755547,0.0518707482993197,hybrid_vs_et_k5_calibrated,-0.1481577190843659,12.97589074900466,51,612,136061.06416430505,94901.4489576363,0,0.6974915971775357,sufficient,299,0.45718654434250766,lower,0.967460805079278,1.4547539330761943,higher,30.0,45.0
144,03339000,0.6532768230911977,0.6337693073438466,10,0.1731559860284975,0.0,hybrid_vs_et_k5_calibrated,0.0195075157473511,-3.0780152212021683,52,654,1254.2032897873391,1264.6160935525681,0,1.0083023253487038,sufficient,15,0.022935779816513763,middle,0.967460805079278,1.4547539330761943,lower,30.0,45.0
144,03353630,1.182212027612594,1.196411706863298,21,0.127500933031612,0.0,hybrid_vs_et_k5_calibrated,-0.0141996792507039,1.1868555923723043,55,132,8.561921809574194,9.400062529629105,0,1.097891657818888,sufficient,26,0.039755351681957186,middle,0.967460805079278,1.4547539330761943,lower,30.0,45.0
144,03357330,0.8604340087179841,0.8728723151777856,27,0.2645324437817528,0.0,hybrid_vs_et_k5_calibrated,-0.0124383064598014,1.4249857904209071,58,300,160.68369683265686,172.00462480756107,0,1.070454739329867,sufficient,32,0.04892966360856269,middle,0.967460805079278,1.4547539330761943,middle,30.0,45.0
144,03373530,2.3536380167828885,2.377749191652261,22,0.3342848566900048,0.0,hybrid_vs_et_k5_calibrated,-0.0241111748693723,1.014033563927652,61,158,49.1009135517893,56.479260714800375,0,1.1502690404167073,sufficient,27,0.04128440366972477,middle,0.967460805079278,1.4547539330761943,lower,30.0,45.0
144,03378500,0.7122354502779634,0.6977679959429449,285,0.229793010286918,0.0,hybrid_vs_et_k5_calibrated,0.0144674543350185,-2.07339035598324,63,193,34126.66023341362,26701.119050440982,0,0.7824123095496394,sufficient,290,0.4434250764525994,lower,0.967460805079278,1.4547539330761943,higher,30.0,45.0
144,03438500,0.2986265665877723,0.2332662954101768,30,0.4259873328363352,0.0,hybrid_vs_et_k5_calibrated,0.0653602711775955,-28.019594970917527,64,0,,,0,,fewer_than_12_months,35,0.053516819571865444,insufficient,0.967460805079278,1.4547539330761943,middle,30.0,45.0
144,03459500,5.604661413466026,5.145039287861024,14,0.2374869323272944,0.0,hybrid_vs_et_k5_calibrated,0.4596221256050024,-8.93330643148662,69,654,695.0032308152691,444.13619512118805,0,0.6390419143810265,sufficient,19,0.0290519877675841,lower,0.967460805079278,1.4547539330761943,lower,30.0,45.0
144,03466208,1.1666687777158369,1.2326629313379374,34,0.2242938474957633,0.0,hybrid_vs_et_k5_calibrated,-0.0659941536221004,5.35378747460753,71,351,72.41200029476416,60.42936153219539,0,0.8345213678148429,sufficient,39,0.05963302752293578,lower,0.967460805079278,1.4547539330761943,middle,30.0,45.0
144,03497300,0.4410181579297195,0.4635895516393016,195,0.2855632277265742,0.0,hybrid_vs_et_k5_calibrated,-0.022571393709582,4.868831411270424,74,654,287.7228645184718,193.56590005645802,0,0.6727511919513477,sufficient,200,0.3058103975535168,lower,0.967460805079278,1.4547539330761943,higher,30.0,45.0
144,03612600,0.4338114297840586,0.3512373845441335,106,0.3714915281312507,0.0,hybrid_vs_et_k5_calibrated,0.082574045239925,-23.509469342819767,66,163,320336.8836752301,207567.3953669135,0,0.6479659569185088,sufficient,111,0.16972477064220184,lower,0.967460805079278,1.4547539330761943,higher,30.0,45.0
144,05288705,1.8924386089834653,1.713052787511104,200,0.7737446312852709,0.0,hybrid_vs_et_k5_calibrated,0.1793858214723611,-10.471704245202565,83,347,16.059879808072054,17.343000841162112,0,1.0798960545423966,sufficient,205,0.31345565749235477,middle,0.967460805079278,1.4547539330761943,higher,30.0,45.0
144,05325000,1.7188983624067846,1.8303192857556785,2,0.3933458825681329,0.25,hybrid_vs_et_k5_calibrated,-0.1114209233488938,6.087512939191475,88,654,5932.321165825613,7314.0484940473325,0,1.2329151253950057,sufficient,7,0.010703363914373088,middle,0.967460805079278,1.4547539330761943,lower,30.0,45.0
144,05325050,0.8701608609195022,0.9838143511535026,7,0.3933458825681329,0.0,hybrid_vs_et_k5_calibrated,-0.1136534902340004,11.552330996264082,89,0,,,0,,fewer_than_12_months,12,0.01834862385321101,insufficient,0.967460805079278,1.4547539330761943,lower,30.0,45.0
144,05357206,1.5004317719096187,1.5118411011490476,89,0.6305450376302952,0.0,hybrid_vs_et_k5_calibrated,-0.0114093292394288,0.7546645762413373,97,335,4.303406886556255,1.5166438496529921,0,0.3524286430806608,sufficient,94,0.1437308868501529,lower,0.967460805079278,1.4547539330761943,higher,30.0,45.0
144,05357215,0.8765183745537152,0.8056865744967393,121,0.2667615552149027,0.0,hybrid_vs_et_k5_calibrated,0.0708318000569758,-8.79148322673986,98,390,11.429152523554288,3.7054899622654447,0,0.32421388678021557,sufficient,126,0.1926605504587156,lower,0.967460805079278,1.4547539330761943,higher,30.0,45.0
144,05420500,1.636125266722655,1.6480951796434355,291,0.1734498654817534,0.2508591065292096,hybrid_vs_et_k5_calibrated,-0.0119699129207806,0.7262877210386764,105,654,57622.71537981412,33872.47408494976,0,0.587831966294592,sufficient,296,0.4525993883792049,lower,0.967460805079278,1.4547539330761943,higher,30.0,45.0
144,05422000,1.2234805064708347,1.1881468592907474,145,0.1732628602189377,0.2068965517241379,hybrid_vs_et_k5_calibrated,0.0353336471800873,-2.973845102042305,107,654,2178.8869182400017,2030.7165887184515,0,0.9319972375430869,sufficient,150,0.22935779816513763,lower,0.967460805079278,1.4547539330761943,higher,30.0,45.0
144,05427948,2.792975387649137,2.948401443188691,20,0.5744476294624874,0.0,hybrid_vs_et_k5_calibrated,-0.1554260555395541,5.271536408266753,108,627,6.718737583506431,7.4171314004338385,0,1.1039471788036295,sufficient,25,0.0382262996941896,middle,0.967460805079278,1.4547539330761943,lower,30.0,45.0
144,05465500,1.2192100693539876,1.2212543426881686,286,0.1622592922072547,0.1083916083916083,hybrid_vs_et_k5_calibrated,-0.002044273334181,0.167391284741003,125,654,10553.631003376906,9390.772705095298,0,0.8898143873033346,sufficient,291,0.44495412844036697,lower,0.967460805079278,1.4547539330761943,higher,30.0,45.0
144,05531500,5.168203341681333,5.208625411201629,14,0.4482265195445666,0.0,hybrid_vs_et_k5_calibrated,-0.0404220695202957,0.7760602141471784,130,654,185.86764853007932,117.97893398760895,0,0.6347470090714372,sufficient,19,0.0290519877675841,lower,0.967460805079278,1.4547539330761943,lower,30.0,45.0
144,05553700,0.4652170105543315,0.4362753676430096,30,0.1552929557332364,0.0,hybrid_vs_et_k5_calibrated,0.0289416429113218,-6.633801735743172,139,0,,,0,,fewer_than_12_months,35,0.053516819571865444,insufficient,0.967460805079278,1.4547539330761943,middle,30.0,45.0
144,06294980,4.057133456007674,4.427405798958781,20,0.2142287194016786,0.0,hybrid_vs_et_k5_calibrated,-0.3702723429511074,8.36318963665329,165,0,,,0,,fewer_than_12_months,25,0.0382262996941896,insufficient,0.967460805079278,1.4547539330761943,lower,30.0,45.0
144,06306100,2.702769292913016,2.7587446964716884,21,0.3695192132131964,0.0,hybrid_vs_et_k5_calibrated,-0.0559754035586723,2.029017169666425,172,123,3.1255430557139925,6.612185167916921,0,2.1155316212421993,sufficient,26,0.039755351681957186,higher,0.967460805079278,1.4547539330761943,lower,30.0,45.0
144,06313500,4.545159149140442,4.6092436187809644,39,0.2154480705321808,0.0,hybrid_vs_et_k5_calibrated,-0.0640844696405222,1.3903467670791314,180,432,209.01772205917925,248.61744728883016,0,1.1894563046593678,sufficient,44,0.0672782874617737,middle,0.967460805079278,1.4547539330761943,middle,30.0,45.0
144,06324500,1.318518201254475,1.3647113469147485,84,0.1653517567489742,0.0773809523809523,hybrid_vs_et_k5_calibrated,-0.0461931456602733,3.3848290163853156,182,630,434.4044668727451,569.3564053656436,0,1.3106596473659913,sufficient,89,0.13608562691131498,middle,0.967460805079278,1.4547539330761943,higher,30.0,45.0
144,06324925,4.168548846121603,4.623564791271766,29,0.1479640154388724,0.7241379310344828,hybrid_vs_et_k5_calibrated,-0.4550159451501629,9.841236485084604,184,50,21.630106522031127,77.7804708185225,0,3.595935634403834,sufficient,34,0.05198776758409786,higher,0.967460805079278,1.4547539330761943,middle,30.0,45.0
144,06324970,2.901682734393122,2.9728460194038933,69,0.1609373794141373,0.0,hybrid_vs_et_k5_calibrated,-0.0711632850107713,2.393776352568733,185,589,22.860264019608078,60.274433309400884,0,2.636646420955651,sufficient,74,0.11314984709480122,higher,0.967460805079278,1.4547539330761943,higher,30.0,45.0
144,06326600,5.986310377286467,5.149212242463861,38,0.2048776817589533,0.0,hybrid_vs_et_k5_calibrated,0.8370981348226065,-16.25681940082666,188,181,14.378730526407029,50.28716853372142,0,3.497330201812136,sufficient,43,0.06574923547400612,higher,0.967460805079278,1.4547539330761943,middle,30.0,45.0
144,06336500,5.6509244903245435,4.478281620055978,21,0.1754868318378736,0.0,hybrid_vs_et_k5_calibrated,1.1726428702685654,-26.185107810479938,198,61,15.11104183299009,40.972469279576664,0,2.711425838960123,sufficient,26,0.039755351681957186,higher,0.967460805079278,1.4547539330761943,lower,30.0,45.0
144,06337000,3.27486431206095,3.28897658429483,24,0.3245589507784338,0.8541666666666666,hybrid_vs_et_k5_calibrated,-0.0141122722338806,0.4290779174673353,200,652,476.250923882848,947.6860036303312,0,1.9898880109331833,sufficient,29,0.04434250764525994,higher,0.967460805079278,1.4547539330761943,lower,30.0,45.0
144,06339550,4.294604790167825,4.202531244731927,38,0.1737431073501923,0.0,hybrid_vs_et_k5_calibrated,0.0920735454358983,-2.1909068624133887,206,75,11.694731848041217,32.46332892615459,0,2.7758933978115934,sufficient,43,0.06574923547400612,higher,0.967460805079278,1.4547539330761943,middle,30.0,45.0
144,06339800,7.1582853009787275,6.657147618952239,32,0.1281848697349133,0.0,hybrid_vs_et_k5_calibrated,0.5011376820264886,-7.5278138733141375,208,48,8.201022079835335,26.939200092554696,0,3.284858866407978,sufficient,37,0.05657492354740061,higher,0.967460805079278,1.4547539330761943,middle,30.0,45.0
144,06339900,5.996904321890404,5.7246124228353965,34,0.1694174974700046,0.0,hybrid_vs_et_k5_calibrated,0.2722918990550074,-4.75651238796253,209,48,17.089465274165075,43.33050381523263,0,2.5355096324012742,sufficient,39,0.05963302752293578,higher,0.967460805079278,1.4547539330761943,middle,30.0,45.0
144,06340000,4.856493071463517,4.307025268993974,69,0.0497644047107092,0.0,hybrid_vs_et_k5_calibrated,0.5494678024695432,-12.757478030721805,210,654,36.556128562590395,74.41614970326684,0,2.0356682348310917,sufficient,74,0.11314984709480122,higher,0.967460805079278,1.4547539330761943,higher,30.0,45.0
144,06340580,4.5123095775883595,5.670912210251064,19,0.1157498015459291,0.0,hybrid_vs_et_k5_calibrated,-1.1586026326627046,20.430621912438507,213,48,1.5846472236977813,4.885602203876503,0,3.0830850745921405,sufficient,24,0.03669724770642202,higher,0.967460805079278,1.4547539330761943,lower,30.0,45.0
144,06342230,4.593725874498059,5.320054193684961,24,0.0490245413930711,0.0,hybrid_vs_et_k5_calibrated,-0.7263283191869023,13.65264887807106,218,64,6.44114084991088,17.56213848066624,0,2.7265571254988514,sufficient,29,0.04434250764525994,higher,0.967460805079278,1.4547539330761943,lower,30.0,45.0
144,06344600,6.282030287488741,4.634677321865423,40,0.0723835194903188,0.0,hybrid_vs_et_k5_calibrated,1.647352965623318,-35.54407030348059,221,654,12.266898184720393,34.896858896323074,0,2.8447989353812755,sufficient,45,0.06880733944954129,higher,0.967460805079278,1.4547539330761943,middle,30.0,45.0
144,06375600,3.0978275877939234,3.0607242963126495,35,0.1073214752121647,0.0,hybrid_vs_et_k5_calibrated,0.0371032914812738,-1.2122389306992831,231,172,1.9449955635410694,9.565915567116445,0,4.918219736039236,sufficient,40,0.06116207951070336,higher,0.967460805079278,1.4547539330761943,middle,30.0,45.0
144,06378300,10.751155915470624,10.86535052005692,16,0.1161787378472571,0.0,hybrid_vs_et_k5_calibrated,-0.1141946045862969,1.050997888890004,232,49,1.0463040808610125,3.413898155309837,0,3.2628164390800345,sufficient,21,0.03211009174311927,higher,0.967460805079278,1.4547539330761943,lower,30.0,45.0
144,06426400,6.88478415932887,6.871447774009745,31,0.1752657014452824,0.0,hybrid_vs_et_k5_calibrated,0.0133363853191248,-0.1940840672553401,234,51,9.659909348642708,40.2411770491595,0,4.165792410341169,sufficient,36,0.05504587155963303,higher,0.967460805079278,1.4547539330761943,middle,30.0,45.0
144,06453305,0.3843197015039899,0.3273329299470175,19,0.0023053570622337,0.9473684210526316,hybrid_vs_et_k5_calibrated,0.0569867715569724,-17.409422133665675,241,0,,,0,,fewer_than_12_months,24,0.03669724770642202,insufficient,0.967460805079278,1.4547539330761943,lower,30.0,45.0
144,06485500,2.7641872511494605,2.76831582039583,84,0.2863265813793429,0.0,hybrid_vs_et_k5_calibrated,-0.0041285692463688,0.1491364972143416,244,651,2094.240580685494,2917.673230905878,0,1.393189138733457,sufficient,89,0.13608562691131498,middle,0.967460805079278,1.4547539330761943,higher,30.0,45.0
144,06607500,3.2729599968878142,2.7989413796605302,113,9.2828756781382,0.0,hybrid_vs_et_k5_calibrated,0.474018617227284,-16.935639333924723,245,654,1910.5201473556892,2077.950710806488,0,1.0876361150561726,sufficient,118,0.18042813455657492,middle,0.967460805079278,1.4547539330761943,higher,30.0,45.0
144,06611800,2.197351491591777,2.173009263121738,19,0.2714877227897129,0.0,hybrid_vs_et_k5_calibrated,0.0243422284700387,-1.1202082238282118,251,37,28.227262184426593,53.50929106793414,0,1.895659972912854,sufficient,24,0.03669724770642202,higher,0.967460805079278,1.4547539330761943,lower,30.0,45.0
144,06710200,6.205349480770087,6.117682543299432,5,0.7571103695200367,0.0,hybrid_vs_et_k5_calibrated,0.0876669374706544,-1.433008935167357,255,0,,,0,,fewer_than_12_months,10,0.01529051987767584,insufficient,0.967460805079278,1.4547539330761943,lower,30.0,45.0
144,06713500,1.2329462671624487,1.2496156522118589,229,0.4330434316495815,0.0,hybrid_vs_et_k5_calibrated,-0.0166693850494099,1.3339609679107856,257,527,36.9012031446598,29.791978786079586,0,0.8073443749053197,sufficient,234,0.3577981651376147,lower,0.967460805079278,1.4547539330761943,higher,30.0,45.0
144,06720500,2.6416604274428357,2.4575900377409647,51,0.3254514298649582,0.0,hybrid_vs_et_k5_calibrated,0.1840703897018709,-7.489873692321347,260,426,552.7198391408427,624.6209249475667,0,1.1300859508109717,sufficient,56,0.0856269113149847,middle,0.967460805079278,1.4547539330761943,higher,30.0,45.0
144,06775900,1.6791719852347695,1.2562970604305623,195,0.5706241416156144,0.0,hybrid_vs_et_k5_calibrated,0.4228749248042072,-33.660424602066485,271,637,219.80864402974606,22.53017397221993,0,0.1024990353389878,sufficient,200,0.3058103975535168,lower,0.967460805079278,1.4547539330761943,higher,30.0,45.0
144,06879650,1.3459491337223286,1.1890207507203183,15,0.6001519729407571,0.0,hybrid_vs_et_k5_calibrated,0.1569283830020102,-13.198119789494145,283,570,1.9472348163344002,4.491769833418986,0,2.3067427696648224,sufficient,20,0.03058103975535168,higher,0.967460805079278,1.4547539330761943,lower,30.0,45.0
144,06891500,0.8898694700295152,0.890296302655645,28,0.2620520719747223,0.0,hybrid_vs_et_k5_calibrated,-0.0004268326261297,0.0479427607254501,293,654,244.38166612570262,370.27527573442484,0,1.515151613476464,sufficient,33,0.05045871559633028,higher,0.967460805079278,1.4547539330761943,middle,30.0,45.0
144,06893390,1.5198463927641033,1.4441632594564278,20,0.0,0.0,hybrid_vs_et_k5_calibrated,0.0756831333076755,-5.240621710329485,297,282,104.26644871082712,79.66753124477242,0,0.7640763853550109,sufficient,25,0.0382262996941896,lower,0.967460805079278,1.4547539330761943,lower,30.0,45.0
144,06893940,0.9015468968404268,0.8677469697381962,31,0.0534307758155088,0.0,hybrid_vs_et_k5_calibrated,0.0337999271022304,-3.895136287531842,309,61,3.930032502920901,4.163991201125782,0,1.0595309830213864,sufficient,36,0.05504587155963303,middle,0.967460805079278,1.4547539330761943,middle,30.0,45.0
144,06894000,0.9286372539415718,0.8899889979327742,44,0.2446972781455645,0.7878787878787878,hybrid_vs_et_k5_calibrated,0.0386482560087976,-4.342554357252504,312,654,183.3277483547864,221.98579566430115,0,1.2108685000303472,sufficient,49,0.07492354740061162,middle,0.967460805079278,1.4547539330761943,higher,30.0,45.0
144,06923250,1.0757306691111337,1.0838312858646937,25,0.2403121394402591,0.0,hybrid_vs_et_k5_calibrated,-0.0081006167535597,0.7474056948906904,316,305,366.1678225845587,433.11748086870824,0,1.1828387262747233,sufficient,30,0.045871559633027525,middle,0.967460805079278,1.4547539330761943,lower,30.0,45.0
144,07049000,1.3171078916714558,1.3681548369065442,124,0.1151494273546336,0.0,hybrid_vs_et_k5_calibrated,-0.0510469452350883,3.7310795429052246,329,336,340.12068615073247,421.4125330770959,0,1.2390088290317545,sufficient,129,0.19724770642201836,middle,0.967460805079278,1.4547539330761943,higher,30.0,45.0
144,07061600,0.3696058296408871,0.4573502741147972,31,0.149424448213341,0.0,hybrid_vs_et_k5_calibrated,-0.08774444447391,19.185392343699736,340,240,752.2439203262329,734.1087725339065,0,0.9758919317228093,sufficient,36,0.05504587155963303,middle,0.967460805079278,1.4547539330761943,middle,30.0,45.0
144,07077555,2.172379362780643,2.179131382962439,41,0.5594098860915653,0.0,hybrid_vs_et_k5_calibrated,-0.0067520201817958,0.3098491552453675,148,473,1482.426066069976,1412.542916248551,0,0.9528589307615922,sufficient,46,0.07033639143730887,lower,0.967460805079278,1.4547539330761943,higher,30.0,45.0
144,07077800,1.9952378260533472,1.9408267325353552,15,0.254652883739391,0.0296296296296296,hybrid_vs_et_k5_calibrated,0.054411093517992,-2.8035008280679063,149,123,32699.72509765625,24764.870499002966,0,0.7573418560872851,sufficient,20,0.03058103975535168,lower,0.967460805079278,1.4547539330761943,lower,30.0,45.0
144,07099400,0.7326515450591639,0.7733483924988759,116,0.2372093992994926,0.0,hybrid_vs_et_k5_calibrated,-0.040696847439712,5.262420900392728,345,426,668.5290324291992,758.7832661637699,0,1.1350042097747326,sufficient,121,0.18501529051987767,middle,0.967460805079278,1.4547539330761943,higher,30.0,45.0
144,07143672,2.363279769749694,2.409355154787225,101,0.3427798208200807,0.0,hybrid_vs_et_k5_calibrated,-0.0460753850375308,1.9123533923997127,346,377,197.02050691403556,429.69260372490197,0,2.1809537009890367,sufficient,106,0.1620795107033639,higher,0.967460805079278,1.4547539330761943,higher,30.0,45.0
144,07373420,0.5473245167951909,0.4768294247341333,315,0.6132243586665409,0.0,hybrid_vs_et_k5_calibrated,0.0704950920610575,-14.78413210350087,151,0,,,0,,fewer_than_12_months,320,0.4892966360856269,insufficient,0.967460805079278,1.4547539330761943,higher,30.0,45.0
144,03016000,0.475577936856368,0.4817515044550921,29,0.2184437393099738,0.7241379310344828,hybrid_calibration_k5_vs_k0,-0.0061735675987241,1.2814838234303072,1,618,7000.244782580527,4426.118941912549,0,0.6322805958052417,sufficient,34,0.05198776758409786,lower,0.967460805079278,1.4547539330761943,middle,30.0,45.0
144,03075001,0.4441903683026724,0.4230746301771432,67,0.1853646667958885,0.0,hybrid_calibration_k5_vs_k0,0.0211157381255291,-4.991019697089372,15,0,,,0,,fewer_than_12_months,72,0.11009174311926606,insufficient,0.967460805079278,1.4547539330761943,higher,30.0,45.0
144,03083500,0.3505391128679394,0.3550374661738082,100,0.2737973624221215,0.0,hybrid_calibration_k5_vs_k0,-0.0044983533058688,1.267008058148622,18,654,3302.4581750992243,2210.3494824891945,0,0.6693043076685697,sufficient,105,0.16055045871559634,lower,0.967460805079278,1.4547539330761943,higher,30.0,45.0
144,03110983,1.732560437601304,1.677685558645707,28,0.5127755870965763,0.0,hybrid_calibration_k5_vs_k0,0.0548748789555972,-3.270867933076471,23,35,1.3506421387195586,1.0111919475026605,0,0.7486749587579837,sufficient,33,0.05045871559633028,lower,0.967460805079278,1.4547539330761943,middle,30.0,45.0
144,03127970,1.8565286650429491,1.7698263135784609,29,0.302029455367962,0.0,hybrid_calibration_k5_vs_k0,0.0867023514644886,-4.898918656553519,24,38,1.1699391117221432,0.8222139831045204,0,0.7027835678510025,sufficient,34,0.05198776758409786,lower,0.967460805079278,1.4547539330761943,middle,30.0,45.0
144,03144270,1.5720979883368784,1.5867867456324545,26,0.2481361934515595,0.0,hybrid_calibration_k5_vs_k0,-0.0146887572955758,0.9256919580407308,25,51,1.9033212544871312,1.765300648876652,0,0.9274843354556715,sufficient,31,0.047400611620795105,lower,0.967460805079278,1.4547539330761943,middle,30.0,45.0
144,03144289,1.536743802148971,1.428555752595088,26,0.3172087594494047,0.0,hybrid_calibration_k5_vs_k0,0.1081880495538829,-7.573246571395664,26,52,1.9746778819423456,1.5630424793702982,0,0.7915430124901425,sufficient,31,0.047400611620795105,lower,0.967460805079278,1.4547539330761943,middle,30.0,45.0
144,03207962,1.351925934363042,1.4512314359609957,16,0.3665932182949258,0.0,hybrid_calibration_k5_vs_k0,-0.0993055015979538,6.8428438867295105,36,109,0.9366417315258824,0.9649570902493259,0,1.030230725121883,sufficient,21,0.03211009174311927,middle,0.967460805079278,1.4547539330761943,lower,30.0,45.0
144,03216600,1.1703677505975714,1.1659946992843395,115,0.208933347072324,0.0947826086956521,hybrid_calibration_k5_vs_k0,0.0043730513132318,-0.3750489874367213,41,511,90405.56197254159,62447.19315543311,0,0.6907450359569677,sufficient,120,0.1834862385321101,lower,0.967460805079278,1.4547539330761943,higher,30.0,45.0
144,03303280,0.9936345628499637,1.506772425513308,294,0.2745835368755547,0.0518707482993197,hybrid_calibration_k5_vs_k0,-0.5131378626633445,34.05543225869263,51,612,136061.06416430505,94901.4489576363,0,0.6974915971775357,sufficient,299,0.45718654434250766,lower,0.967460805079278,1.4547539330761943,higher,30.0,45.0
144,03339000,0.6532768230911977,0.6270948297182104,10,0.1731559860284975,0.0,hybrid_calibration_k5_vs_k0,0.0261819933729873,-4.175125057999973,52,654,1254.2032897873391,1264.6160935525681,0,1.0083023253487038,sufficient,15,0.022935779816513763,middle,0.967460805079278,1.4547539330761943,lower,30.0,45.0
144,03353630,1.182212027612594,1.215037986303825,21,0.127500933031612,0.0,hybrid_calibration_k5_vs_k0,-0.0328259586912309,2.70164052986428,55,132,8.561921809574194,9.400062529629105,0,1.097891657818888,sufficient,26,0.039755351681957186,middle,0.967460805079278,1.4547539330761943,lower,30.0,45.0
144,03357330,0.8604340087179841,0.9358333488381104,27,0.2645324437817528,0.0,hybrid_calibration_k5_vs_k0,-0.0753993401201262,8.056919558780285,58,300,160.68369683265686,172.00462480756107,0,1.070454739329867,sufficient,32,0.04892966360856269,middle,0.967460805079278,1.4547539330761943,middle,30.0,45.0
144,03373530,2.3536380167828885,2.3998781097604263,22,0.3342848566900048,0.0,hybrid_calibration_k5_vs_k0,-0.0462400929775377,1.9267683966730176,61,158,49.1009135517893,56.479260714800375,0,1.1502690404167073,sufficient,27,0.04128440366972477,middle,0.967460805079278,1.4547539330761943,lower,30.0,45.0
144,03378500,0.7122354502779634,0.7430598499608227,285,0.229793010286918,0.0,hybrid_calibration_k5_vs_k0,-0.0308243996828593,4.148306449942696,63,193,34126.66023341362,26701.119050440982,0,0.7824123095496394,sufficient,290,0.4434250764525994,lower,0.967460805079278,1.4547539330761943,higher,30.0,45.0
144,03438500,0.2986265665877723,0.4476114840079807,30,0.4259873328363352,0.0,hybrid_calibration_k5_vs_k0,-0.1489849174202083,33.28442695128706,64,0,,,0,,fewer_than_12_months,35,0.053516819571865444,insufficient,0.967460805079278,1.4547539330761943,middle,30.0,45.0
144,03459500,5.604661413466026,8.670600809613358,14,0.2374869323272944,0.0,hybrid_calibration_k5_vs_k0,-3.065939396147332,35.360172420209125,69,654,695.0032308152691,444.13619512118805,0,0.6390419143810265,sufficient,19,0.0290519877675841,lower,0.967460805079278,1.4547539330761943,lower,30.0,45.0
144,03466208,1.1666687777158369,1.21153743862817,34,0.2242938474957633,0.0,hybrid_calibration_k5_vs_k0,-0.0448686609123329,3.7034481545314857,71,351,72.41200029476416,60.42936153219539,0,0.8345213678148429,sufficient,39,0.05963302752293578,lower,0.967460805079278,1.4547539330761943,middle,30.0,45.0
144,03497300,0.4410181579297195,0.4549887371241231,195,0.2855632277265742,0.0,hybrid_calibration_k5_vs_k0,-0.0139705791944035,3.0705329724661445,74,654,287.7228645184718,193.56590005645802,0,0.6727511919513477,sufficient,200,0.3058103975535168,lower,0.967460805079278,1.4547539330761943,higher,30.0,45.0
144,03612600,0.4338114297840586,0.5994002284228991,106,0.3714915281312507,0.0,hybrid_calibration_k5_vs_k0,-0.1655887986388404,27.625748337555088,66,163,320336.8836752301,207567.3953669135,0,0.6479659569185088,sufficient,111,0.16972477064220184,lower,0.967460805079278,1.4547539330761943,higher,30.0,45.0
144,05288705,1.8924386089834653,1.5788208612098618,200,0.7737446312852709,0.0,hybrid_calibration_k5_vs_k0,0.3136177477736035,-19.864048891099408,83,347,16.059879808072054,17.343000841162112,0,1.0798960545423966,sufficient,205,0.31345565749235477,middle,0.967460805079278,1.4547539330761943,higher,30.0,45.0
144,05325000,1.7188983624067846,1.8786292444398405,2,0.3933458825681329,0.25,hybrid_calibration_k5_vs_k0,-0.1597308820330556,8.502522916951783,88,654,5932.321165825613,7314.0484940473325,0,1.2329151253950057,sufficient,7,0.010703363914373088,middle,0.967460805079278,1.4547539330761943,lower,30.0,45.0
144,05325050,0.8701608609195022,0.8633328168849472,7,0.3933458825681329,0.0,hybrid_calibration_k5_vs_k0,0.0068280440345549,-0.7908936045303738,89,0,,,0,,fewer_than_12_months,12,0.01834862385321101,insufficient,0.967460805079278,1.4547539330761943,lower,30.0,45.0
144,05357206,1.5004317719096187,1.5220159353204477,89,0.6305450376302952,0.0,hybrid_calibration_k5_vs_k0,-0.0215841634108289,1.4181299229488409,97,335,4.303406886556255,1.5166438496529921,0,0.3524286430806608,sufficient,94,0.1437308868501529,lower,0.967460805079278,1.4547539330761943,higher,30.0,45.0
144,05357215,0.8765183745537152,1.2163965242658124,121,0.2667615552149027,0.0,hybrid_calibration_k5_vs_k0,-0.3398781497120972,27.94139435059957,98,390,11.429152523554288,3.7054899622654447,0,0.32421388678021557,sufficient,126,0.1926605504587156,lower,0.967460805079278,1.4547539330761943,higher,30.0,45.0
144,05420500,1.636125266722655,1.6511182474968302,291,0.1734498654817534,0.2508591065292096,hybrid_calibration_k5_vs_k0,-0.0149929807741753,0.908050092530044,105,654,57622.71537981412,33872.47408494976,0,0.587831966294592,sufficient,296,0.4525993883792049,lower,0.967460805079278,1.4547539330761943,higher,30.0,45.0
144,05422000,1.2234805064708347,1.6211616563078135,145,0.1732628602189377,0.2068965517241379,hybrid_calibration_k5_vs_k0,-0.397681149836979,24.530628903640338,107,654,2178.8869182400017,2030.7165887184515,0,0.9319972375430869,sufficient,150,0.22935779816513763,lower,0.967460805079278,1.4547539330761943,higher,30.0,45.0
144,05427948,2.792975387649137,2.5308624549381,20,0.5744476294624874,0.0,hybrid_calibration_k5_vs_k0,0.2621129327110369,-10.356664472208465,108,627,6.718737583506431,7.4171314004338385,0,1.1039471788036295,sufficient,25,0.0382262996941896,middle,0.967460805079278,1.4547539330761943,lower,30.0,45.0
144,05465500,1.2192100693539876,1.326391800213799,286,0.1622592922072547,0.1083916083916083,hybrid_calibration_k5_vs_k0,-0.1071817308598117,8.080699145044113,125,654,10553.631003376906,9390.772705095298,0,0.8898143873033346,sufficient,291,0.44495412844036697,lower,0.967460805079278,1.4547539330761943,higher,30.0,45.0
144,05531500,5.168203341681333,5.301502781349563,14,0.4482265195445666,0.0,hybrid_calibration_k5_vs_k0,-0.1332994396682298,2.514370833439361,130,654,185.86764853007932,117.97893398760895,0,0.6347470090714372,sufficient,19,0.0290519877675841,lower,0.967460805079278,1.4547539330761943,lower,30.0,45.0
144,05553700,0.4652170105543315,0.4559702669504245,30,0.1552929557332364,0.0,hybrid_calibration_k5_vs_k0,0.0092467436039069,-2.027926879037567,139,0,,,0,,fewer_than_12_months,35,0.053516819571865444,insufficient,0.967460805079278,1.4547539330761943,middle,30.0,45.0
144,06294980,4.057133456007674,4.106873075227791,20,0.2142287194016786,0.0,hybrid_calibration_k5_vs_k0,-0.0497396192201176,1.2111311528019142,165,0,,,0,,fewer_than_12_months,25,0.0382262996941896,insufficient,0.967460805079278,1.4547539330761943,lower,30.0,45.0
144,06306100,2.702769292913016,2.857345725028381,21,0.3695192132131964,0.0,hybrid_calibration_k5_vs_k0,-0.1545764321153648,5.409791008535714,172,123,3.1255430557139925,6.612185167916921,0,2.1155316212421993,sufficient,26,0.039755351681957186,higher,0.967460805079278,1.4547539330761943,lower,30.0,45.0
144,06313500,4.545159149140442,4.520812613717758,39,0.2154480705321808,0.0,hybrid_calibration_k5_vs_k0,0.0243465354226843,-0.5385433439291099,180,432,209.01772205917925,248.61744728883016,0,1.1894563046593678,sufficient,44,0.0672782874617737,middle,0.967460805079278,1.4547539330761943,middle,30.0,45.0
144,06324500,1.318518201254475,1.6534877664740226,84,0.1653517567489742,0.0773809523809523,hybrid_calibration_k5_vs_k0,-0.3349695652195477,20.258363685015524,182,630,434.4044668727451,569.3564053656436,0,1.3106596473659913,sufficient,89,0.13608562691131498,middle,0.967460805079278,1.4547539330761943,higher,30.0,45.0
144,06324925,4.168548846121603,3.5922172461659696,29,0.1479640154388724,0.7241379310344828,hybrid_calibration_k5_vs_k0,0.5763315999556338,-16.043896024683967,184,50,21.630106522031127,77.7804708185225,0,3.595935634403834,sufficient,34,0.05198776758409786,higher,0.967460805079278,1.4547539330761943,middle,30.0,45.0
144,06324970,2.901682734393122,2.9422799588684327,69,0.1609373794141373,0.0,hybrid_calibration_k5_vs_k0,-0.0405972244753107,1.37978795501581,185,589,22.860264019608078,60.274433309400884,0,2.636646420955651,sufficient,74,0.11314984709480122,higher,0.967460805079278,1.4547539330761943,higher,30.0,45.0
144,06326600,5.986310377286467,9.561615166836743,38,0.2048776817589533,0.0,hybrid_calibration_k5_vs_k0,-3.575304789550276,37.39226822211764,188,181,14.378730526407029,50.28716853372142,0,3.497330201812136,sufficient,43,0.06574923547400612,higher,0.967460805079278,1.4547539330761943,middle,30.0,45.0
144,06336500,5.6509244903245435,10.841992968492413,21,0.1754868318378736,0.0,hybrid_calibration_k5_vs_k0,-5.1910684781678675,47.87928283345576,198,61,15.11104183299009,40.972469279576664,0,2.711425838960123,sufficient,26,0.039755351681957186,higher,0.967460805079278,1.4547539330761943,lower,30.0,45.0
144,06337000,3.27486431206095,3.33879991187827,24,0.3245589507784338,0.8541666666666666,hybrid_calibration_k5_vs_k0,-0.0639355998173201,1.914927563938762,200,652,476.250923882848,947.6860036303312,0,1.9898880109331833,sufficient,29,0.04434250764525994,higher,0.967460805079278,1.4547539330761943,lower,30.0,45.0
144,06339550,4.294604790167825,8.204240345386474,38,0.1737431073501923,0.0,hybrid_calibration_k5_vs_k0,-3.9096355552186486,47.653839851451586,206,75,11.694731848041217,32.46332892615459,0,2.7758933978115934,sufficient,43,0.06574923547400612,higher,0.967460805079278,1.4547539330761943,middle,30.0,45.0
144,06339800,7.1582853009787275,7.602347608889768,32,0.1281848697349133,0.0,hybrid_calibration_k5_vs_k0,-0.4440623079110404,5.841120805786071,208,48,8.201022079835335,26.939200092554696,0,3.284858866407978,sufficient,37,0.05657492354740061,higher,0.967460805079278,1.4547539330761943,middle,30.0,45.0
144,06339900,5.996904321890404,6.019774128155396,34,0.1694174974700046,0.0,hybrid_calibration_k5_vs_k0,-0.0228698062649916,0.3799113684021193,209,48,17.089465274165075,43.33050381523263,0,2.5355096324012742,sufficient,39,0.05963302752293578,higher,0.967460805079278,1.4547539330761943,middle,30.0,45.0
144,06340000,4.856493071463517,6.418153246187384,69,0.0497644047107092,0.0,hybrid_calibration_k5_vs_k0,-1.5616601747238663,24.331924072575696,210,654,36.556128562590395,74.41614970326684,0,2.0356682348310917,sufficient,74,0.11314984709480122,higher,0.967460805079278,1.4547539330761943,higher,30.0,45.0
144,06340580,4.5123095775883595,4.2753759863306104,19,0.1157498015459291,0.0,hybrid_calibration_k5_vs_k0,0.236933591257749,-5.541818825181277,213,48,1.5846472236977813,4.885602203876503,0,3.0830850745921405,sufficient,24,0.03669724770642202,higher,0.967460805079278,1.4547539330761943,lower,30.0,45.0
144,06342230,4.593725874498059,5.164835419101387,24,0.0490245413930711,0.0,hybrid_calibration_k5_vs_k0,-0.5711095446033285,11.057652340501766,218,64,6.44114084991088,17.56213848066624,0,2.7265571254988514,sufficient,29,0.04434250764525994,higher,0.967460805079278,1.4547539330761943,lower,30.0,45.0
144,06344600,6.282030287488741,10.198350636122566,40,0.0723835194903188,0.0,hybrid_calibration_k5_vs_k0,-3.9163203486338247,38.40150714922681,221,654,12.266898184720393,34.896858896323074,0,2.8447989353812755,sufficient,45,0.06880733944954129,higher,0.967460805079278,1.4547539330761943,middle,30.0,45.0
144,06375600,3.0978275877939234,3.0660881156983364,35,0.1073214752121647,0.0,hybrid_calibration_k5_vs_k0,0.031739472095587,-1.0351780802737354,231,172,1.9449955635410694,9.565915567116445,0,4.918219736039236,sufficient,40,0.06116207951070336,higher,0.967460805079278,1.4547539330761943,middle,30.0,45.0
144,06378300,10.751155915470624,12.503900118599171,16,0.1161787378472571,0.0,hybrid_calibration_k5_vs_k0,-1.7527442031285485,14.01758000706831,232,49,1.0463040808610125,3.413898155309837,0,3.2628164390800345,sufficient,21,0.03211009174311927,higher,0.967460805079278,1.4547539330761943,lower,30.0,45.0
144,06426400,6.88478415932887,7.2710888611432365,31,0.1752657014452824,0.0,hybrid_calibration_k5_vs_k0,-0.3863047018143666,5.312886545490903,234,51,9.659909348642708,40.2411770491595,0,4.165792410341169,sufficient,36,0.05504587155963303,higher,0.967460805079278,1.4547539330761943,middle,30.0,45.0
144,06453305,0.3843197015039899,0.6211470598223674,19,0.0023053570622337,0.9473684210526316,hybrid_calibration_k5_vs_k0,-0.2368273583183774,38.12742161028729,241,0,,,0,,fewer_than_12_months,24,0.03669724770642202,insufficient,0.967460805079278,1.4547539330761943,lower,30.0,45.0
144,06485500,2.7641872511494605,2.9289339900850933,84,0.2863265813793429,0.0,hybrid_calibration_k5_vs_k0,-0.1647467389356327,5.624802043792265,244,651,2094.240580685494,2917.673230905878,0,1.393189138733457,sufficient,89,0.13608562691131498,middle,0.967460805079278,1.4547539330761943,higher,30.0,45.0
144,06607500,3.2729599968878142,5.321167990038255,113,9.2828756781382,0.0,hybrid_calibration_k5_vs_k0,-2.0482079931504407,38.491699510049024,245,654,1910.5201473556892,2077.950710806488,0,1.0876361150561726,sufficient,118,0.18042813455657492,middle,0.967460805079278,1.4547539330761943,higher,30.0,45.0
144,06611800,2.197351491591777,2.2406358745662613,19,0.2714877227897129,0.0,hybrid_calibration_k5_vs_k0,-0.0432843829744844,1.9317901434057536,251,37,28.227262184426593,53.50929106793414,0,1.895659972912854,sufficient,24,0.03669724770642202,higher,0.967460805079278,1.4547539330761943,lower,30.0,45.0
144,06710200,6.205349480770087,5.480382228584508,5,0.7571103695200367,0.0,hybrid_calibration_k5_vs_k0,0.7249672521855786,-13.228406741491572,255,0,,,0,,fewer_than_12_months,10,0.01529051987767584,insufficient,0.967460805079278,1.4547539330761943,lower,30.0,45.0
144,06713500,1.2329462671624487,1.8854093476350653,229,0.4330434316495815,0.0,hybrid_calibration_k5_vs_k0,-0.6524630804726166,34.60591098113647,257,527,36.9012031446598,29.791978786079586,0,0.8073443749053197,sufficient,234,0.3577981651376147,lower,0.967460805079278,1.4547539330761943,higher,30.0,45.0
144,06720500,2.6416604274428357,3.899120702183167,51,0.3254514298649582,0.0,hybrid_calibration_k5_vs_k0,-1.2574602747403314,32.24984222817887,260,426,552.7198391408427,624.6209249475667,0,1.1300859508109717,sufficient,56,0.0856269113149847,middle,0.967460805079278,1.4547539330761943,higher,30.0,45.0
144,06775900,1.6791719852347695,5.078383906317788,195,0.5706241416156144,0.0,hybrid_calibration_k5_vs_k0,-3.399211921083018,66.93491440956664,271,637,219.80864402974606,22.53017397221993,0,0.1024990353389878,sufficient,200,0.3058103975535168,lower,0.967460805079278,1.4547539330761943,higher,30.0,45.0
144,06879650,1.3459491337223286,3.093294522988772,15,0.6001519729407571,0.0,hybrid_calibration_k5_vs_k0,-1.7473453892664434,56.488167430566584,283,570,1.9472348163344002,4.491769833418986,0,2.3067427696648224,sufficient,20,0.03058103975535168,higher,0.967460805079278,1.4547539330761943,lower,30.0,45.0
144,06891500,0.8898694700295152,0.9181643791054246,28,0.2620520719747223,0.0,hybrid_calibration_k5_vs_k0,-0.0282949090759093,3.081682291299226,293,654,244.38166612570262,370.27527573442484,0,1.515151613476464,sufficient,33,0.05045871559633028,higher,0.967460805079278,1.4547539330761943,middle,30.0,45.0
144,06893390,1.5198463927641033,1.3368468624534733,20,0.0,0.0,hybrid_calibration_k5_vs_k0,0.18299953031063,-13.6888925313986,297,282,104.26644871082712,79.66753124477242,0,0.7640763853550109,sufficient,25,0.0382262996941896,lower,0.967460805079278,1.4547539330761943,lower,30.0,45.0
144,06893940,0.9015468968404268,1.249557207394454,31,0.0534307758155088,0.0,hybrid_calibration_k5_vs_k0,-0.3480103105540274,27.85069050817529,309,61,3.930032502920901,4.163991201125782,0,1.0595309830213864,sufficient,36,0.05504587155963303,middle,0.967460805079278,1.4547539330761943,middle,30.0,45.0
144,06894000,0.9286372539415718,1.1675677245869025,44,0.2446972781455645,0.7878787878787878,hybrid_calibration_k5_vs_k0,-0.2389304706453304,20.46394959486111,312,654,183.3277483547864,221.98579566430115,0,1.2108685000303472,sufficient,49,0.07492354740061162,middle,0.967460805079278,1.4547539330761943,higher,30.0,45.0
144,06923250,1.0757306691111337,1.167067292272827,25,0.2403121394402591,0.0,hybrid_calibration_k5_vs_k0,-0.091336623161693,7.82616596030361,316,305,366.1678225845587,433.11748086870824,0,1.1828387262747233,sufficient,30,0.045871559633027525,middle,0.967460805079278,1.4547539330761943,lower,30.0,45.0
144,07049000,1.3171078916714558,1.3030466036873125,124,0.1151494273546336,0.0,hybrid_calibration_k5_vs_k0,0.0140612879841433,-1.0791086016688212,329,336,340.12068615073247,421.4125330770959,0,1.2390088290317545,sufficient,129,0.19724770642201836,middle,0.967460805079278,1.4547539330761943,higher,30.0,45.0
144,07061600,0.3696058296408871,0.549816715675376,31,0.149424448213341,0.0,hybrid_calibration_k5_vs_k0,-0.1802108860344889,32.77653823476866,340,240,752.2439203262329,734.1087725339065,0,0.9758919317228093,sufficient,36,0.05504587155963303,middle,0.967460805079278,1.4547539330761943,middle,30.0,45.0
144,07077555,2.172379362780643,2.2100642462602065,41,0.5594098860915653,0.0,hybrid_calibration_k5_vs_k0,-0.0376848834795633,1.7051487776127972,148,473,1482.426066069976,1412.542916248551,0,0.9528589307615922,sufficient,46,0.07033639143730887,lower,0.967460805079278,1.4547539330761943,higher,30.0,45.0
144,07077800,1.9952378260533472,1.8242082603417809,15,0.254652883739391,0.0296296296296296,hybrid_calibration_k5_vs_k0,0.1710295657115668,-9.375550447267631,149,123,32699.72509765625,24764.870499002966,0,0.7573418560872851,sufficient,20,0.03058103975535168,lower,0.967460805079278,1.4547539330761943,lower,30.0,45.0
144,07099400,0.7326515450591639,0.8052407531014674,116,0.2372093992994926,0.0,hybrid_calibration_k5_vs_k0,-0.0725892080423035,9.014596909398676,345,426,668.5290324291992,758.7832661637699,0,1.1350042097747326,sufficient,121,0.18501529051987767,middle,0.967460805079278,1.4547539330761943,higher,30.0,45.0
144,07143672,2.363279769749694,2.34589397083689,101,0.3427798208200807,0.0,hybrid_calibration_k5_vs_k0,0.0173857989128038,-0.7411161428835467,346,377,197.02050691403556,429.69260372490197,0,2.1809537009890367,sufficient,106,0.1620795107033639,higher,0.967460805079278,1.4547539330761943,higher,30.0,45.0
144,07373420,0.5473245167951909,1.297081311553722,315,0.6132243586665409,0.0,hybrid_calibration_k5_vs_k0,-0.749756794758531,57.80337655627983,151,0,,,0,,fewer_than_12_months,320,0.4892966360856269,insufficient,0.967460805079278,1.4547539330761943,higher,30.0,45.0
