split_seed,seed,model_name,k,n_stations,mae,rmse,r2,log_mae,q90_mae,q90_threshold_train,q90_n,q90_unstable,n_query_cells
142,42,current_only_constant,0,71,1.8134490647383323,4.086158762749396,0.5278678745665761,0.3101054548999059,8.298355522105158,9.851500511169434,352,False,3975
142,42,current_only_constant,1,71,1.693165749103566,3.857567704698873,0.5792150547050159,0.2872637401375632,7.705446178880095,9.851500511169434,352,False,3975
142,42,current_only_constant,3,71,1.5616407341235388,3.6878781737170185,0.6154204285902792,0.2549581242967653,7.436701434419305,9.851500511169434,352,False,3975
142,42,current_only_constant,5,71,1.5708583110023027,3.669166632249099,0.6193130847723789,0.2572336099398005,7.393525626209468,9.851500511169434,352,False,3975
142,42,current_only_integrated_constant,0,71,1.8134490647383323,4.086158762749396,0.5278678745665761,0.3101054548999059,8.298355522105158,9.851500511169434,352,False,3975
142,42,current_only_integrated_constant,1,71,1.693165749103566,3.857567704698873,0.5792150547050159,0.2872637401375632,7.705446178880095,9.851500511169434,352,False,3975
142,42,current_only_integrated_constant,3,71,1.5566867442397183,3.7093042257124145,0.6109387411881629,0.24735520964944965,7.554857423248052,9.851500511169434,352,False,3975
142,42,current_only_integrated_constant,5,71,1.5246514754131113,3.544560525934182,0.6447305428909208,0.2398454432523441,7.306837289326913,9.851500511169434,352,False,3975
142,42,current_only_integrated_legacy,0,71,1.8134490647383323,4.086158762749396,0.5278678745665761,0.3101054548999059,8.298355522105158,9.851500511169434,352,False,3975
142,42,current_only_integrated_legacy,1,71,1.693165749103566,3.857567704698873,0.5792150547050159,0.2872637401375632,7.705446178880095,9.851500511169434,352,False,3975
142,42,current_only_integrated_legacy,3,71,1.5519698583344146,3.69611071063844,0.6137015001372763,0.24622773018613606,7.530212591895716,9.851500511169434,352,False,3975
142,42,current_only_integrated_legacy,5,71,1.5221835191244801,3.5325627674956412,0.6471315306969476,0.2393841215653684,7.291368070787052,9.851500511169434,352,False,3975
142,42,current_only_integrated_refreshed,0,71,1.8134490647383323,4.086158762749396,0.5278678745665761,0.3101054548999059,8.298355522105158,9.851500511169434,352,False,3975
142,42,current_only_integrated_refreshed,1,71,1.693165749103566,3.857567704698873,0.5792150547050159,0.2872637401375632,7.705446178880095,9.851500511169434,352,False,3975
142,42,current_only_integrated_refreshed,3,71,1.5529676021645018,3.710837064832287,0.6106171220901541,0.24489051539403026,7.582737860856659,9.851500511169434,352,False,3975
142,42,current_only_integrated_refreshed,5,71,1.5246514754131113,3.544560525934182,0.6447305428909208,0.2398454432523441,7.306837289326913,9.851500511169434,352,False,3975
142,42,current_only_legacy,0,71,1.8134490647383323,4.086158762749396,0.5278678745665761,0.3101054548999059,8.298355522105158,9.851500511169434,352,False,3975
142,42,current_only_legacy,1,71,1.693165749103566,3.857567704698873,0.5792150547050159,0.2872637401375632,7.705446178880095,9.851500511169434,352,False,3975
142,42,current_only_legacy,3,71,1.557558592824495,3.6738363573771835,0.6183434725044751,0.2539729883745357,7.416806322807852,9.851500511169434,352,False,3975
142,42,current_only_legacy,5,71,1.5684787804692968,3.6558783071148473,0.6220654978853843,0.2568931574730768,7.377326615073809,9.851500511169434,352,False,3975
142,42,current_only_refreshed,0,71,1.8134490647383323,4.086158762749396,0.5278678745665761,0.3101054548999059,8.298355522105158,9.851500511169434,352,False,3975
142,42,current_only_refreshed,1,71,1.693165749103566,3.857567704698873,0.5792150547050159,0.2872637401375632,7.705446178880095,9.851500511169434,352,False,3975
142,42,current_only_refreshed,3,71,1.5577377328494597,3.6888429425796416,0.6152191860817169,0.25241300122811144,7.472173805498205,9.851500511169434,352,False,3975
142,42,current_only_refreshed,5,71,1.5708583110023027,3.669166632249099,0.6193130847723789,0.2572336099398005,7.393525626209468,9.851500511169434,352,False,3975
142,42,full_history_constant,0,71,1.8384596117903624,4.09460080077538,0.5259150015179261,0.31449560379625957,8.282107309329527,9.851500511169434,352,False,3975
142,42,full_history_constant,1,71,1.7149922993724358,3.8626929135172325,0.5780961924963097,0.2904034364840227,7.690820271521028,9.851500511169434,352,False,3975
142,42,full_history_constant,3,71,1.5782677583037665,3.6946630967705976,0.6140040352069012,0.25772322025484795,7.455313159883275,9.851500511169434,352,False,3975
142,42,full_history_constant,5,71,1.5881618832195639,3.676469096685626,0.6177962722078841,0.260269083297496,7.4058948795174615,9.851500511169434,352,False,3975
142,42,full_history_integrated_constant,0,71,1.8384596117903624,4.09460080077538,0.5259150015179261,0.31449560379625957,8.282107309329527,9.851500511169434,352,False,3975
142,42,full_history_integrated_constant,1,71,1.7149922993724358,3.8626929135172325,0.5780961924963097,0.2904034364840227,7.690820271521028,9.851500511169434,352,False,3975
142,42,full_history_integrated_constant,3,71,1.5674724134113205,3.7143343436148855,0.6098828283669346,0.24885195152478862,7.564134178131061,9.851500511169434,352,False,3975
142,42,full_history_integrated_constant,5,71,1.5312272815480619,3.5483271485973686,0.6439750884535831,0.24067858877992715,7.315269007348093,9.851500511169434,352,False,3975
142,42,full_history_integrated_legacy,0,71,1.8384596117903624,4.09460080077538,0.5259150015179261,0.31449560379625957,8.282107309329527,9.851500511169434,352,False,3975
142,42,full_history_integrated_legacy,1,71,1.7149922993724358,3.8626929135172325,0.5780961924963097,0.2904034364840227,7.690820271521028,9.851500511169434,352,False,3975
142,42,full_history_integrated_legacy,3,71,1.5627814934364543,3.7016534604664075,0.6125420319458958,0.2477258898005789,7.540116611337232,9.851500511169434,352,False,3975
142,42,full_history_integrated_legacy,5,71,1.5288360366895979,3.5367148951501997,0.6463015293137093,0.24023614833865428,7.300478551008431,9.851500511169434,352,False,3975
142,42,full_history_integrated_refreshed,0,71,1.8384596117903624,4.09460080077538,0.5259150015179261,0.31449560379625957,8.282107309329527,9.851500511169434,352,False,3975
142,42,full_history_integrated_refreshed,1,71,1.7149922993724358,3.8626929135172325,0.5780961924963097,0.2904034364840227,7.690820271521028,9.851500511169434,352,False,3975
142,42,full_history_integrated_refreshed,3,71,1.5674724134113205,3.7143343436148855,0.6098828283669346,0.24885195152478862,7.564134178131061,9.851500511169434,352,False,3975
142,42,full_history_integrated_refreshed,5,71,1.5312272815480619,3.5483271485973686,0.6439750884535831,0.24067858877992715,7.315269007348093,9.851500511169434,352,False,3975
142,42,full_history_legacy,0,71,1.8384596117903624,4.09460080077538,0.5259150015179261,0.31449560379625957,8.282107309329527,9.851500511169434,352,False,3975
142,42,full_history_legacy,1,71,1.7149922993724358,3.8626929135172325,0.5780961924963097,0.2904034364840227,7.690820271521028,9.851500511169434,352,False,3975
142,42,full_history_legacy,3,71,1.5736827175490586,3.6813046773892673,0.6167902023315771,0.25658538490702076,7.432040172011756,9.851500511169434,352,False,3975
142,42,full_history_legacy,5,71,1.5854265915250234,3.6640108581728965,0.6203821868025033,0.2598050929063738,7.387193357087281,9.851500511169434,352,False,3975
142,42,full_history_refreshed,0,71,1.8384596117903624,4.09460080077538,0.5259150015179261,0.31449560379625957,8.282107309329527,9.851500511169434,352,False,3975
142,42,full_history_refreshed,1,71,1.7149922993724358,3.8626929135172325,0.5780961924963097,0.2904034364840227,7.690820271521028,9.851500511169434,352,False,3975
142,42,full_history_refreshed,3,71,1.5782677583037665,3.6946630967705976,0.6140040352069012,0.25772322025484795,7.455313159883275,9.851500511169434,352,False,3975
142,42,full_history_refreshed,5,71,1.5881618832195639,3.676469096685626,0.6177962722078841,0.260269083297496,7.4058948795174615,9.851500511169434,352,False,3975
142,42,off_constant,0,71,1.7699348230338354,4.07435211478851,0.5305923132692317,0.30599768686856366,8.344522627157035,9.851500511169434,352,False,3975
142,42,off_constant,1,71,1.6567636096822653,3.8451365831828808,0.5819226678642186,0.28431274242704474,7.765825406994893,9.851500511169434,352,False,3975
142,42,off_constant,3,71,1.5437822737953455,3.6908265008593464,0.6148052674714893,0.25322983609049915,7.476875465284061,9.851500511169434,352,False,3975
142,42,off_constant,5,71,1.550923409162783,3.667979816288699,0.619559316291681,0.2554678702567031,7.427770824050441,9.851500511169434,352,False,3975
142,42,off_integrated_constant,0,71,1.7699348230338354,4.07435211478851,0.5305923132692317,0.30599768686856366,8.344522627157035,9.851500511169434,352,False,3975
142,42,off_integrated_constant,1,71,1.6567636096822653,3.8451365831828808,0.5819226678642186,0.28431274242704474,7.765825406994893,9.851500511169434,352,False,3975
142,42,off_integrated_constant,3,71,1.5442663863330444,3.712027874888738,0.6103671755489832,0.2460748173556543,7.585107785428435,9.851500511169434,352,False,3975
142,42,off_integrated_constant,5,71,1.5205887268838958,3.5468126273887526,0.6442789455573343,0.23935688977787598,7.318258092826852,9.851500511169434,352,False,3975
142,42,off_integrated_legacy,0,71,1.7699348230338354,4.07435211478851,0.5305923132692317,0.30599768686856366,8.344522627157035,9.851500511169434,352,False,3975
142,42,off_integrated_legacy,1,71,1.6567636096822653,3.8451365831828808,0.5819226678642186,0.28431274242704474,7.765825406994893,9.851500511169434,352,False,3975
142,42,off_integrated_legacy,3,71,1.5390390205694289,3.6985093235103,0.6131999560647764,0.2447584894174567,7.558929400824948,9.851500511169434,352,False,3975
142,42,off_integrated_legacy,5,71,1.5013270753333074,3.4706430354119484,0.659393466462616,0.23808403477318021,7.176799340888576,9.851500511169434,352,False,3975
142,42,off_integrated_refreshed,0,71,1.7699348230338354,4.07435211478851,0.5305923132692317,0.30599768686856366,8.344522627157035,9.851500511169434,352,False,3975
142,42,off_integrated_refreshed,1,71,1.6567636096822653,3.8451365831828808,0.5819226678642186,0.28431274242704474,7.765825406994893,9.851500511169434,352,False,3975
142,42,off_integrated_refreshed,3,71,1.5408965698664663,3.7143211641674174,0.609885596841268,0.24340746497196217,7.612257150648711,9.851500511169434,352,False,3975
142,42,off_integrated_refreshed,5,71,1.5205887268838958,3.5468126273887526,0.6442789455573343,0.23935688977787598,7.318258092826852,9.851500511169434,352,False,3975
142,42,off_legacy,0,71,1.7699348230338354,4.07435211478851,0.5305923132692317,0.30599768686856366,8.344522627157035,9.851500511169434,352,False,3975
142,42,off_legacy,1,71,1.6567636096822653,3.8451365831828808,0.5819226678642186,0.28431274242704474,7.765825406994893,9.851500511169434,352,False,3975
142,42,off_legacy,3,71,1.5387380819689855,3.6763527317268467,0.617820466300647,0.25202793926139677,7.4525003413288085,9.851500511169434,352,False,3975
142,42,off_legacy,5,71,1.547742433820114,3.6542191940720574,0.622408449005833,0.254982448162585,7.406629561544117,9.851500511169434,352,False,3975
142,42,off_refreshed,0,71,1.7699348230338354,4.07435211478851,0.5305923132692317,0.30599768686856366,8.344522627157035,9.851500511169434,352,False,3975
142,42,off_refreshed,1,71,1.6567636096822653,3.8451365831828808,0.5819226678642186,0.28431274242704474,7.765825406994893,9.851500511169434,352,False,3975
142,42,off_refreshed,3,71,1.5405663408634958,3.692694045066163,0.6144153547027097,0.25040867817716134,7.5113126774916905,9.851500511169434,352,False,3975
142,42,off_refreshed,5,71,1.550923409162783,3.667979816288699,0.619559316291681,0.2554678702567031,7.427770824050441,9.851500511169434,352,False,3975
142,43,current_only_constant,0,71,1.771912370389182,4.087397277750239,0.5275816246328537,0.30470021183971474,8.484875878068305,9.851500511169434,352,False,3975
142,43,current_only_constant,1,71,1.6585955777342498,3.8413297305072307,0.5827500876033038,0.28538871644744024,7.876751870353578,9.851500511169434,352,False,3975
142,43,current_only_constant,3,71,1.5513002641013407,3.6730913189502252,0.6184982534576059,0.2567925324574091,7.5186101326194015,9.851500511169434,352,False,3975
142,43,current_only_constant,5,71,1.550906275231074,3.6451494475681434,0.6242804821145345,0.2560681520676492,7.460963472366594,9.851500511169434,352,False,3975
142,43,current_only_integrated_constant,0,71,1.771912370389182,4.087397277750239,0.5275816246328537,0.30470021183971474,8.484875878068305,9.851500511169434,352,False,3975
142,43,current_only_integrated_constant,1,71,1.6585955777342498,3.8413297305072307,0.5827500876033038,0.28538871644744024,7.876751870353578,9.851500511169434,352,False,3975
142,43,current_only_integrated_constant,3,71,1.5472141552627048,3.689561764687974,0.6150692117353944,0.24951534440486384,7.598199463883842,9.851500511169434,352,False,3975
142,43,current_only_integrated_constant,5,71,1.5180012255429642,3.522970041686972,0.6490453676060978,0.24066028507142226,7.318034960725909,9.851500511169434,352,False,3975
142,43,current_only_integrated_legacy,0,71,1.771912370389182,4.087397277750239,0.5275816246328537,0.30470021183971474,8.484875878068305,9.851500511169434,352,False,3975
142,43,current_only_integrated_legacy,1,71,1.6585955777342498,3.8413297305072307,0.5827500876033038,0.28538871644744024,7.876751870353578,9.851500511169434,352,False,3975
142,43,current_only_integrated_legacy,3,71,1.5451168667359174,3.6857079022886223,0.6158729361993296,0.24878734819277684,7.598553178251325,9.851500511169434,352,False,3975
142,43,current_only_integrated_legacy,5,71,1.5050360817555455,3.4854009957493117,0.6564906355435061,0.23923664237264627,7.260555524840826,9.851500511169434,352,False,3975
142,43,current_only_integrated_refreshed,0,71,1.771912370389182,4.087397277750239,0.5275816246328537,0.30470021183971474,8.484875878068305,9.851500511169434,352,False,3975
142,43,current_only_integrated_refreshed,1,71,1.6585955777342498,3.8413297305072307,0.5827500876033038,0.28538871644744024,7.876751870353578,9.851500511169434,352,False,3975
142,43,current_only_integrated_refreshed,3,71,1.5387196096554645,3.6868347662282193,0.6156380151915963,0.24526460868993594,7.606871757624617,9.851500511169434,352,False,3975
142,43,current_only_integrated_refreshed,5,71,1.5180012255429642,3.522970041686972,0.6490453676060978,0.24066028507142226,7.318034960725909,9.851500511169434,352,False,3975
142,43,current_only_legacy,0,71,1.771912370389182,4.087397277750239,0.5275816246328537,0.30470021183971474,8.484875878068305,9.851500511169434,352,False,3975
142,43,current_only_legacy,1,71,1.6585955777342498,3.8413297305072307,0.5827500876033038,0.28538871644744024,7.876751870353578,9.851500511169434,352,False,3975
142,43,current_only_legacy,3,71,1.5495522701146323,3.6690970419602316,0.6193275250329754,0.25605647063933235,7.51929121492748,9.851500511169434,352,False,3975
142,43,current_only_legacy,5,71,1.5063615454428432,3.4724249068146875,0.6590436334000451,0.24280841027164263,7.212575147043271,9.851500511169434,352,False,3975
142,43,current_only_refreshed,0,71,1.771912370389182,4.087397277750239,0.5275816246328537,0.30470021183971474,8.484875878068305,9.851500511169434,352,False,3975
142,43,current_only_refreshed,1,71,1.6585955777342498,3.8413297305072307,0.5827500876033038,0.28538871644744024,7.876751870353578,9.851500511169434,352,False,3975
142,43,current_only_refreshed,3,71,1.5439204202638448,3.6693457379429977,0.6192759183718952,0.2522650398488939,7.529155935088569,9.851500511169434,352,False,3975
142,43,current_only_refreshed,5,71,1.548504207313457,3.645651356653367,0.6241770076068138,0.25418939595672013,7.472897891904167,9.851500511169434,352,False,3975
142,43,full_history_constant,0,71,1.7959563658748607,4.076244369141857,0.5301561973045992,0.313480629881965,8.456622542255475,9.851500511169434,352,False,3975
142,43,full_history_constant,1,71,1.6768820297021199,3.819365377582221,0.5875080353744631,0.29153304582677314,7.844928975491556,9.851500511169434,352,False,3975
142,43,full_history_constant,3,71,1.5628439308548563,3.667462357694526,0.6196666497150297,0.2584631435483263,7.540604800569176,9.851500511169434,352,False,3975
142,43,full_history_constant,5,71,1.5623241656623879,3.6401496536734457,0.6253104710694325,0.25828044983398385,7.476436462100191,9.851500511169434,352,False,3975
142,43,full_history_integrated_constant,0,71,1.7959563658748607,4.076244369141857,0.5301561973045992,0.313480629881965,8.456622542255475,9.851500511169434,352,False,3975
142,43,full_history_integrated_constant,1,71,1.6768820297021199,3.819365377582221,0.5875080353744631,0.29153304582677314,7.844928975491556,9.851500511169434,352,False,3975
142,43,full_history_integrated_constant,3,71,1.5552327655451508,3.6847855279987822,0.6160651731334136,0.2505070536923297,7.612195020456622,9.851500511169434,352,False,3975
142,43,full_history_integrated_constant,5,71,1.5189110227117524,3.504876293651907,0.6526410711185386,0.24182418448732126,7.294681971659468,9.851500511169434,352,False,3975
142,43,full_history_integrated_legacy,0,71,1.7959563658748607,4.076244369141857,0.5301561973045992,0.313480629881965,8.456622542255475,9.851500511169434,352,False,3975
142,43,full_history_integrated_legacy,1,71,1.6768820297021199,3.819365377582221,0.5875080353744631,0.29153304582677314,7.844928975491556,9.851500511169434,352,False,3975
142,43,full_history_integrated_legacy,3,71,1.5530163153367957,3.6812736457365443,0.6167966628580932,0.24968505708770874,7.613244264248183,9.851500511169434,352,False,3975
142,43,full_history_integrated_legacy,5,71,1.513515021507488,3.4888175078257544,0.6558168656689466,0.23962766184725537,7.300978308397734,9.851500511169434,352,False,3975
142,43,full_history_integrated_refreshed,0,71,1.7959563658748607,4.076244369141857,0.5301561973045992,0.313480629881965,8.456622542255475,9.851500511169434,352,False,3975
142,43,full_history_integrated_refreshed,1,71,1.6768820297021199,3.819365377582221,0.5875080353744631,0.29153304582677314,7.844928975491556,9.851500511169434,352,False,3975
142,43,full_history_integrated_refreshed,3,71,1.5458691133699263,3.684273214811136,0.6161719262672368,0.24547353153676654,7.626682033850006,9.851500511169434,352,False,3975
142,43,full_history_integrated_refreshed,5,71,1.5189110227117524,3.504876293651907,0.6526410711185386,0.24182418448732126,7.294681971659468,9.851500511169434,352,False,3975
142,43,full_history_legacy,0,71,1.7959563658748607,4.076244369141857,0.5301561973045992,0.313480629881965,8.456622542255475,9.851500511169434,352,False,3975
142,43,full_history_legacy,1,71,1.6768820297021199,3.819365377582221,0.5875080353744631,0.29153304582677314,7.844928975491556,9.851500511169434,352,False,3975
142,43,full_history_legacy,3,71,1.5609748004108541,3.6639503207786674,0.6203947309156377,0.25763406825887786,7.542426031855067,9.851500511169434,352,False,3975
142,43,full_history_legacy,5,71,1.516726369743931,3.4768228454336474,0.6581794219062036,0.24305598963745653,7.266010619154343,9.851500511169434,352,False,3975
142,43,full_history_refreshed,0,71,1.7959563658748607,4.076244369141857,0.5301561973045992,0.313480629881965,8.456622542255475,9.851500511169434,352,False,3975
142,43,full_history_refreshed,1,71,1.6768820297021199,3.819365377582221,0.5875080353744631,0.29153304582677314,7.844928975491556,9.851500511169434,352,False,3975
142,43,full_history_refreshed,3,71,1.5535664387782724,3.6658100547682575,0.6200092759147822,0.25289203901922275,7.554734763703167,9.851500511169434,352,False,3975
142,43,full_history_refreshed,5,71,1.559415395054688,3.6413581620668256,0.6250616403071005,0.2559528294959091,7.487934066092591,9.851500511169434,352,False,3975
142,43,off_constant,0,71,1.773959432286893,4.072064005277131,0.5311193931944026,0.30563562768718205,8.43290944206571,9.851500511169434,352,False,3975
142,43,off_constant,1,71,1.6734338527369108,3.83994788593604,0.5830502288881785,0.29097615830341284,7.856901557675361,9.851500511169434,352,False,3975
142,43,off_constant,3,71,1.5601015619166454,3.67191037265566,0.6187435294982665,0.2612639192225274,7.50226266007952,9.851500511169434,352,False,3975
142,43,off_constant,5,71,1.5601911799595312,3.642567572649259,0.6248125410957142,0.25940669169544067,7.44316391890472,9.851500511169434,352,False,3975
142,43,off_integrated_constant,0,71,1.773959432286893,4.072064005277131,0.5311193931944026,0.30563562768718205,8.43290944206571,9.851500511169434,352,False,3975
142,43,off_integrated_constant,1,71,1.6734338527369108,3.83994788593604,0.5830502288881785,0.29097615830341284,7.856901557675361,9.851500511169434,352,False,3975
142,43,off_integrated_constant,3,71,1.5529128292977847,3.6882117906736176,0.6153508449091208,0.2524340673001238,7.583195475664749,9.851500511169434,352,False,3975
142,43,off_integrated_constant,5,71,1.5199449794321662,3.5238632423245555,0.6488673855988252,0.24163538311000754,7.311943177193573,9.851500511169434,352,False,3975
142,43,off_integrated_legacy,0,71,1.773959432286893,4.072064005277131,0.5311193931944026,0.30563562768718205,8.43290944206571,9.851500511169434,352,False,3975
142,43,off_integrated_legacy,1,71,1.6734338527369108,3.83994788593604,0.5830502288881785,0.29097615830341284,7.856901557675361,9.851500511169434,352,False,3975
142,43,off_integrated_legacy,3,71,1.5507169816200828,3.684099506654414,0.6162081192917526,0.25161402769821756,7.583269068972013,9.851500511169434,352,False,3975
142,43,off_integrated_legacy,5,71,1.5086746607738721,3.486188699117474,0.6563353512248593,0.24061505330976474,7.255159724725192,9.851500511169434,352,False,3975
142,43,off_integrated_refreshed,0,71,1.773959432286893,4.072064005277131,0.5311193931944026,0.30563562768718205,8.43290944206571,9.851500511169434,352,False,3975
142,43,off_integrated_refreshed,1,71,1.6734338527369108,3.83994788593604,0.5830502288881785,0.29097615830341284,7.856901557675361,9.851500511169434,352,False,3975
142,43,off_integrated_refreshed,3,71,1.5421851812701846,3.6829920909909513,0.6164388151569344,0.24723245816998227,7.587292957201537,9.851500511169434,352,False,3975
142,43,off_integrated_refreshed,5,71,1.5199449794321662,3.5238632423245555,0.6488673855988252,0.24163538311000754,7.311943177193573,9.851500511169434,352,False,3975
142,43,off_legacy,0,71,1.773959432286893,4.072064005277131,0.5311193931944026,0.30563562768718205,8.43290944206571,9.851500511169434,352,False,3975
142,43,off_legacy,1,71,1.6734338527369108,3.83994788593604,0.5830502288881785,0.29097615830341284,7.856901557675361,9.851500511169434,352,False,3975
142,43,off_legacy,3,71,1.5579011924017114,3.6675603961483456,0.6196463153321008,0.2603448172520759,7.502156148911815,9.851500511169434,352,False,3975
142,43,off_legacy,5,71,1.5538060357272196,3.6227315493294356,0.6288876684784426,0.2563350159369188,7.448445622340927,9.851500511169434,352,False,3975
142,43,off_refreshed,0,71,1.773959432286893,4.072064005277131,0.5311193931944026,0.30563562768718205,8.43290944206571,9.851500511169434,352,False,3975
142,43,off_refreshed,1,71,1.6734338527369108,3.83994788593604,0.5830502288881785,0.29097615830341284,7.856901557675361,9.851500511169434,352,False,3975
142,43,off_refreshed,3,71,1.5499112907714112,3.665420301749032,0.6200900736956623,0.2555418770797641,7.508163050990106,9.851500511169434,352,False,3975
142,43,off_refreshed,5,71,1.5560090116278484,3.642034902070514,0.6249222640887764,0.25669475694475546,7.454025830047695,9.851500511169434,352,False,3975
142,44,current_only_constant,0,71,1.85627184299035,4.15730109409099,0.5112845844182321,0.30681040219360745,8.526175127073763,9.851500511169434,352,False,3975
142,44,current_only_constant,1,71,1.7257379749412165,3.9113211135622206,0.5674064660014269,0.28373149361033384,7.924404825353813,9.851500511169434,352,False,3975
142,44,current_only_constant,3,71,1.693793733802681,3.9062311423859604,0.5685316387237875,0.2752547302882925,7.9725370179258395,9.851500511169434,352,False,3975
142,44,current_only_constant,5,71,1.5828866772594188,3.651955240012365,0.6228761741587574,0.25609693336301037,7.383030221857868,9.851500511169434,352,False,3975
142,44,current_only_integrated_constant,0,71,1.85627184299035,4.15730109409099,0.5112845844182321,0.30681040219360745,8.526175127073763,9.851500511169434,352,False,3975
142,44,current_only_integrated_constant,1,71,1.7257379749412165,3.9113211135622206,0.5674064660014269,0.28373149361033384,7.924404825353813,9.851500511169434,352,False,3975
142,44,current_only_integrated_constant,3,71,1.5688988543276634,3.7115212814242713,0.6104735174085378,0.24887911374092633,7.584133519380386,9.851500511169434,352,False,3975
142,44,current_only_integrated_constant,5,71,1.520493409842732,3.5197692429537333,0.6496827984248368,0.24048577011427233,7.271144368656149,9.851500511169434,352,False,3975
142,44,current_only_integrated_legacy,0,71,1.85627184299035,4.15730109409099,0.5112845844182321,0.30681040219360745,8.526175127073763,9.851500511169434,352,False,3975
142,44,current_only_integrated_legacy,1,71,1.7257379749412165,3.9113211135622206,0.5674064660014269,0.28373149361033384,7.924404825353813,9.851500511169434,352,False,3975
142,44,current_only_integrated_legacy,3,71,1.563509744352792,3.697943410715666,0.6133183163705096,0.24730381647798194,7.56868084731492,9.851500511169434,352,False,3975
142,44,current_only_integrated_legacy,5,71,1.5047393512314817,3.467251431099621,0.6600588406476797,0.23672719147527527,7.223159001267299,9.851500511169434,352,False,3975
142,44,current_only_integrated_refreshed,0,71,1.85627184299035,4.15730109409099,0.5112845844182321,0.30681040219360745,8.526175127073763,9.851500511169434,352,False,3975
142,44,current_only_integrated_refreshed,1,71,1.7257379749412165,3.9113211135622206,0.5674064660014269,0.28373149361033384,7.924404825353813,9.851500511169434,352,False,3975
142,44,current_only_integrated_refreshed,3,71,1.5632213780096804,3.7031211619754725,0.6122347177202264,0.24593218554547516,7.600056041644589,9.851500511169434,352,False,3975
142,44,current_only_integrated_refreshed,5,71,1.520493409842732,3.5197692429537333,0.6496827984248368,0.24048577011427233,7.271144368656149,9.851500511169434,352,False,3975
142,44,current_only_legacy,0,71,1.85627184299035,4.15730109409099,0.5112845844182321,0.30681040219360745,8.526175127073763,9.851500511169434,352,False,3975
142,44,current_only_legacy,1,71,1.7257379749412165,3.9113211135622206,0.5674064660014269,0.28373149361033384,7.924404825353813,9.851500511169434,352,False,3975
142,44,current_only_legacy,3,71,1.5734728785711127,3.675625699487791,0.6179716103219203,0.25329807948225613,7.451032974429841,9.851500511169434,352,False,3975
142,44,current_only_legacy,5,71,1.578823072287451,3.6394479448469554,0.6254549143659613,0.2552904983634774,7.367294038108851,9.851500511169434,352,False,3975
142,44,current_only_refreshed,0,71,1.85627184299035,4.15730109409099,0.5112845844182321,0.30681040219360745,8.526175127073763,9.851500511169434,352,False,3975
142,44,current_only_refreshed,1,71,1.7257379749412165,3.9113211135622206,0.5674064660014269,0.28373149361033384,7.924404825353813,9.851500511169434,352,False,3975
142,44,current_only_refreshed,3,71,1.5735653315410125,3.6781117815181266,0.6174546506613121,0.2520099083853502,7.48443943394982,9.851500511169434,352,False,3975
142,44,current_only_refreshed,5,71,1.5831693582899025,3.648650817444851,0.6235583362368673,0.25528336068300317,7.3998440628828375,9.851500511169434,352,False,3975
142,44,full_history_constant,0,71,1.8142199328243658,4.134542011479664,0.5166208680784914,0.29394195304045484,8.519896515026858,9.851500511169434,352,False,3975
142,44,full_history_constant,1,71,1.6981169197760333,3.891252684871589,0.5718342286634088,0.27569288444532697,7.931626383140445,9.851500511169434,352,False,3975
142,44,full_history_constant,3,71,1.5633569651464556,3.6902323936529786,0.6149292660110077,0.2509259220746893,7.53573331270212,9.851500511169434,352,False,3975
142,44,full_history_constant,5,71,1.5686605172231491,3.655116108840846,0.6222230693211388,0.2517555271385745,7.441449127824475,9.851500511169434,352,False,3975
142,44,full_history_integrated_constant,0,71,1.8142199328243658,4.134542011479664,0.5166208680784914,0.29394195304045484,8.519896515026858,9.851500511169434,352,False,3975
142,44,full_history_integrated_constant,1,71,1.6981169197760333,3.891252684871589,0.5718342286634088,0.27569288444532697,7.931626383140445,9.851500511169434,352,False,3975
142,44,full_history_integrated_constant,3,71,1.5600750446826106,3.714535633755528,0.6098405441453907,0.24665370943249104,7.640679465265668,9.851500511169434,352,False,3975
142,44,full_history_integrated_constant,5,71,1.5173227045829467,3.502205219002543,0.6531703155219993,0.24187939887233986,7.245244070124001,9.851500511169434,352,False,3975
142,44,full_history_integrated_legacy,0,71,1.8142199328243658,4.134542011479664,0.5166208680784914,0.29394195304045484,8.519896515026858,9.851500511169434,352,False,3975
142,44,full_history_integrated_legacy,1,71,1.6981169197760333,3.891252684871589,0.5718342286634088,0.27569288444532697,7.931626383140445,9.851500511169434,352,False,3975
142,44,full_history_integrated_legacy,3,71,1.5549956001395309,3.701574387477418,0.612558585160689,0.24507980943593766,7.628749501768087,9.851500511169434,352,False,3975
142,44,full_history_integrated_legacy,5,71,1.5129642318357692,3.4907538611402464,0.655434704607301,0.24076905032584014,7.23242024702871,9.851500511169434,352,False,3975
142,44,full_history_integrated_refreshed,0,71,1.8142199328243658,4.134542011479664,0.5166208680784914,0.29394195304045484,8.519896515026858,9.851500511169434,352,False,3975
142,44,full_history_integrated_refreshed,1,71,1.6981169197760333,3.891252684871589,0.5718342286634088,0.27569288444532697,7.931626383140445,9.851500511169434,352,False,3975
142,44,full_history_integrated_refreshed,3,71,1.554270184172687,3.7108643138679085,0.6106114035168609,0.24376403723889992,7.654214661016647,9.851500511169434,352,False,3975
142,44,full_history_integrated_refreshed,5,71,1.5173227045829467,3.502205219002543,0.6531703155219993,0.24187939887233986,7.245244070124001,9.851500511169434,352,False,3975
142,44,full_history_legacy,0,71,1.8142199328243658,4.134542011479664,0.5166208680784914,0.29394195304045484,8.519896515026858,9.851500511169434,352,False,3975
142,44,full_history_legacy,1,71,1.6981169197760333,3.891252684871589,0.5718342286634088,0.27569288444532697,7.931626383140445,9.851500511169434,352,False,3975
142,44,full_history_legacy,3,71,1.5581335547051438,3.6768999638874975,0.6177066815184131,0.2493034264354217,7.524140758995959,9.851500511169434,352,False,3975
142,44,full_history_legacy,5,71,1.5648190752402453,3.6434709647793055,0.6246264177520646,0.2508610037606649,7.427265063004791,9.851500511169434,352,False,3975
142,44,full_history_refreshed,0,71,1.8142199328243658,4.134542011479664,0.5166208680784914,0.29394195304045484,8.519896515026858,9.851500511169434,352,False,3975
142,44,full_history_refreshed,1,71,1.6981169197760333,3.891252684871589,0.5718342286634088,0.27569288444532697,7.931626383140445,9.851500511169434,352,False,3975
142,44,full_history_refreshed,3,71,1.557653364657005,3.685265729711252,0.6159650977432733,0.24803381393538765,7.549643778018611,9.851500511169434,352,False,3975
142,44,full_history_refreshed,5,71,1.5686605172231491,3.655116108840846,0.6222230693211388,0.2517555271385745,7.441449127824475,9.851500511169434,352,False,3975
142,44,off_constant,0,71,1.8432748273655117,4.164441039355567,0.5096044570137037,0.30520736560276823,8.599015188650553,9.851500511169434,352,False,3975
142,44,off_constant,1,71,1.7167131507665563,3.9173362267237457,0.5660748954999902,0.28211886121362767,7.991477185060881,9.851500511169434,352,False,3975
142,44,off_constant,3,71,1.571701472494366,3.6947623700844643,0.6139832919822197,0.2539228417259301,7.518581039576023,9.851500511169434,352,False,3975
142,44,off_constant,5,71,1.5794045504907213,3.657412302496311,0.621748271018051,0.2559499889912761,7.426837840954163,9.851500511169434,352,False,3975
142,44,off_integrated_constant,0,71,1.8432748273655117,4.164441039355567,0.5096044570137037,0.30520736560276823,8.599015188650553,9.851500511169434,352,False,3975
142,44,off_integrated_constant,1,71,1.7167131507665563,3.9173362267237457,0.5660748954999902,0.28211886121362767,7.991477185060881,9.851500511169434,352,False,3975
142,44,off_integrated_constant,3,71,1.5647337501961254,3.7167978858013346,0.6093651642380769,0.24825598897788775,7.624940717903056,9.851500511169434,352,False,3975
142,44,off_integrated_constant,5,71,1.5210595945536773,3.5223822433704606,0.6491624695570846,0.2406878312054028,7.2880146985169665,9.851500511169434,352,False,3975
142,44,off_integrated_legacy,0,71,1.8432748273655117,4.164441039355567,0.5096044570137037,0.30520736560276823,8.599015188650553,9.851500511169434,352,False,3975
142,44,off_integrated_legacy,1,71,1.7167131507665563,3.9173362267237457,0.5660748954999902,0.28211886121362767,7.991477185060881,9.851500511169434,352,False,3975
142,44,off_integrated_legacy,3,71,1.5593972310820388,3.703417658346358,0.6121726211284102,0.2466720101696641,7.6099831433283605,9.851500511169434,352,False,3975
142,44,off_integrated_legacy,5,71,1.5051333638330378,3.4703652394186597,0.6594479896979956,0.236974753619315,7.238668921136331,9.851500511169434,352,False,3975
142,44,off_integrated_refreshed,0,71,1.8432748273655117,4.164441039355567,0.5096044570137037,0.30520736560276823,8.599015188650553,9.851500511169434,352,False,3975
142,44,off_integrated_refreshed,1,71,1.7167131507665563,3.9173362267237457,0.5660748954999902,0.28211886121362767,7.991477185060881,9.851500511169434,352,False,3975
142,44,off_integrated_refreshed,3,71,1.5586002300816097,3.7099907241592516,0.6107947170534769,0.2449067637996599,7.641107031598073,9.851500511169434,352,False,3975
142,44,off_integrated_refreshed,5,71,1.5210595945536773,3.5223822433704606,0.6491624695570846,0.2406878312054028,7.2880146985169665,9.851500511169434,352,False,3975
142,44,off_legacy,0,71,1.8432748273655117,4.164441039355567,0.5096044570137037,0.30520736560276823,8.599015188650553,9.851500511169434,352,False,3975
142,44,off_legacy,1,71,1.7167131507665563,3.9173362267237457,0.5660748954999902,0.28211886121362767,7.991477185060881,9.851500511169434,352,False,3975
142,44,off_legacy,3,71,1.5662797126316776,3.680870144275774,0.6168806634769715,0.2523596123747528,7.503196738665397,9.851500511169434,352,False,3975
142,44,off_legacy,5,71,1.5752621931284858,3.6452369503056437,0.6242624434132826,0.25511613317828163,7.4108706053505236,9.851500511169434,352,False,3975
142,44,off_refreshed,0,71,1.8432748273655117,4.164441039355567,0.5096044570137037,0.30520736560276823,8.599015188650553,9.851500511169434,352,False,3975
142,44,off_refreshed,1,71,1.7167131507665563,3.9173362267237457,0.5660748954999902,0.28211886121362767,7.991477185060881,9.851500511169434,352,False,3975
142,44,off_refreshed,3,71,1.5659174766367867,3.685029865359452,0.6160142541684962,0.25061100694597116,7.535212576676687,9.851500511169434,352,False,3975
142,44,off_refreshed,5,71,1.5791511200911565,3.6549428526186523,0.6222588824940406,0.2547903997136977,7.443324189118221,9.851500511169434,352,False,3975
143,42,current_only_constant,0,71,1.7441203612559224,3.6044367584548973,0.522300893342354,0.2426925155664035,6.233210006944476,10.0,440,False,3907
143,42,current_only_constant,1,71,1.7274272779927902,3.600832718766827,0.5232557087136451,0.24066864973731683,6.305512426528653,10.0,440,False,3907
143,42,current_only_constant,3,71,1.6410223639263009,3.5504597603669406,0.5365010028565014,0.22529063196782542,6.440457530933058,10.0,440,False,3907
143,42,current_only_constant,5,71,1.5782271967961876,3.4831518659033556,0.5539080056270029,0.2147005964677641,6.15015868003627,10.0,440,False,3907
143,42,current_only_integrated_constant,0,71,1.7441203612559224,3.6044367584548973,0.522300893342354,0.2426925155664035,6.233210006944476,10.0,440,False,3907
143,42,current_only_integrated_constant,1,71,1.7274272779927902,3.600832718766827,0.5232557087136451,0.24066864973731683,6.305512426528653,10.0,440,False,3907
143,42,current_only_integrated_constant,3,71,1.6212579232443547,3.547782578402787,0.5371997311380228,0.2213046828413487,6.454700946036996,10.0,440,False,3907
143,42,current_only_integrated_constant,5,71,1.5881610383506617,3.4923150865117365,0.5515578261087726,0.21603347804733297,6.167930630748711,10.0,440,False,3907
143,42,current_only_integrated_legacy,0,71,1.7441203612559224,3.6044367584548973,0.522300893342354,0.2426925155664035,6.233210006944476,10.0,440,False,3907
143,42,current_only_integrated_legacy,1,71,1.7274272779927902,3.600832718766827,0.5232557087136451,0.24066864973731683,6.305512426528653,10.0,440,False,3907
143,42,current_only_integrated_legacy,3,71,1.6385682842637594,3.5680676222994183,0.5318923245660956,0.2231492817583131,6.526758968789719,10.0,440,False,3907
143,42,current_only_integrated_legacy,5,71,1.5819618941410456,3.4906195528969626,0.5519931615152429,0.21456926451367236,6.14839117362494,10.0,440,False,3907
143,42,current_only_integrated_refreshed,0,71,1.7441203612559224,3.6044367584548973,0.522300893342354,0.2426925155664035,6.233210006944476,10.0,440,False,3907
143,42,current_only_integrated_refreshed,1,71,1.7274272779927902,3.600832718766827,0.5232557087136451,0.24066864973731683,6.305512426528653,10.0,440,False,3907
143,42,current_only_integrated_refreshed,3,71,1.6487454052361816,3.5709817088118925,0.531127393264702,0.22360468645726486,6.562215395180976,10.0,440,False,3907
143,42,current_only_integrated_refreshed,5,71,1.5866559827150766,3.482006574856783,0.5542013153600879,0.21365327818843965,6.202827997033193,10.0,440,False,3907
143,42,current_only_legacy,0,71,1.7441203612559224,3.6044367584548973,0.522300893342354,0.2426925155664035,6.233210006944476,10.0,440,False,3907
143,42,current_only_legacy,1,71,1.7274272779927902,3.600832718766827,0.5232557087136451,0.24066864973731683,6.305512426528653,10.0,440,False,3907
143,42,current_only_legacy,3,71,1.660583214695611,3.572390255096722,0.5307574339242938,0.22816408166685906,6.507798411889698,10.0,440,False,3907
143,42,current_only_legacy,5,71,1.6003641535240491,3.4901502692843622,0.5521136147080477,0.21834502583242288,6.139267664724906,10.0,440,False,3907
143,42,current_only_refreshed,0,71,1.7441203612559224,3.6044367584548973,0.522300893342354,0.2426925155664035,6.233210006944476,10.0,440,False,3907
143,42,current_only_refreshed,1,71,1.7274272779927902,3.600832718766827,0.5232557087136451,0.24066864973731683,6.305512426528653,10.0,440,False,3907
143,42,current_only_refreshed,3,71,1.659334913390406,3.5672356984284908,0.5321105853118004,0.2262858534023486,6.5342844302505885,10.0,440,False,3907
143,42,current_only_refreshed,5,71,1.5965112560097228,3.4769013005435667,0.5555076058903619,0.21619758173149745,6.173674076507864,10.0,440,False,3907
143,42,full_history_constant,0,71,1.73578092473025,3.6074096448588824,0.5215125699886594,0.2416706808805716,6.194898863349757,10.0,440,False,3907
143,42,full_history_constant,1,71,1.729342670137483,3.6062226988200514,0.5218273916369538,0.2413822815389741,6.2935397273739815,10.0,440,False,3907
143,42,full_history_constant,3,71,1.6170092254493627,3.5354284191490377,0.5404172639419537,0.22125781360026678,6.291017172142236,10.0,440,False,3907
143,42,full_history_constant,5,71,1.5801854196188598,3.4878489688815515,0.552704065677829,0.21536835147558558,6.114252489841535,10.0,440,False,3907
143,42,full_history_integrated_constant,0,71,1.73578092473025,3.6074096448588824,0.5215125699886594,0.2416706808805716,6.194898863349757,10.0,440,False,3907
143,42,full_history_integrated_constant,1,71,1.729342670137483,3.6062226988200514,0.5218273916369538,0.2413822815389741,6.2935397273739815,10.0,440,False,3907
143,42,full_history_integrated_constant,3,71,1.62376103587245,3.550253445951663,0.536554868413438,0.22194817563114866,6.42801617290803,10.0,440,False,3907
143,42,full_history_integrated_constant,5,71,1.591719846744171,3.4949873440646932,0.5508712835513161,0.21664212900263952,6.160133288499274,10.0,440,False,3907
143,42,full_history_integrated_legacy,0,71,1.73578092473025,3.6074096448588824,0.5215125699886594,0.2416706808805716,6.194898863349757,10.0,440,False,3907
143,42,full_history_integrated_legacy,1,71,1.729342670137483,3.6062226988200514,0.5218273916369538,0.2413822815389741,6.2935397273739815,10.0,440,False,3907
143,42,full_history_integrated_legacy,3,71,1.6407364622568066,3.5690841730146294,0.5316255566520539,0.22396629979601146,6.495569265131477,10.0,440,False,3907
143,42,full_history_integrated_legacy,5,71,1.5847800911670629,3.492565355223444,0.5514935506561032,0.21513082049820884,6.137750030694473,10.0,440,False,3907
143,42,full_history_integrated_refreshed,0,71,1.73578092473025,3.6074096448588824,0.5215125699886594,0.2416706808805716,6.194898863349757,10.0,440,False,3907
143,42,full_history_integrated_refreshed,1,71,1.729342670137483,3.6062226988200514,0.5218273916369538,0.2413822815389741,6.2935397273739815,10.0,440,False,3907
143,42,full_history_integrated_refreshed,3,71,1.635716105605449,3.561227757929256,0.5336852973934127,0.22129273670577282,6.492390712542533,10.0,440,False,3907
143,42,full_history_integrated_refreshed,5,71,1.593595624676895,3.477066887716296,0.5554652670460125,0.21442226895202204,6.193565494503773,10.0,440,False,3907
143,42,full_history_legacy,0,71,1.73578092473025,3.6074096448588824,0.5215125699886594,0.2416706808805716,6.194898863349757,10.0,440,False,3907
143,42,full_history_legacy,1,71,1.729342670137483,3.6062226988200514,0.5218273916369538,0.2413822815389741,6.2935397273739815,10.0,440,False,3907
143,42,full_history_legacy,3,71,1.664855566197421,3.5736819463415035,0.5304180387016902,0.23011043626514022,6.445376194560764,10.0,440,False,3907
143,42,full_history_legacy,5,71,1.6074827780430412,3.493558108198944,0.5512385407431636,0.21987462820748258,6.1216539108455015,10.0,440,False,3907
143,42,full_history_refreshed,0,71,1.73578092473025,3.6074096448588824,0.5215125699886594,0.2416706808805716,6.194898863349757,10.0,440,False,3907
143,42,full_history_refreshed,1,71,1.729342670137483,3.6062226988200514,0.5218273916369538,0.2413822815389741,6.2935397273739815,10.0,440,False,3907
143,42,full_history_refreshed,3,71,1.6466123012338645,3.557535999195957,0.5346516096780005,0.22386245990205897,6.454352953009971,10.0,440,False,3907
143,42,full_history_refreshed,5,71,1.6047029856295214,3.474565777528138,0.5561045590163642,0.21715541106002523,6.160907458199924,10.0,440,False,3907
143,42,off_constant,0,71,1.7630953667427893,3.6229393560435548,0.5173839753073781,0.2463836328570894,6.266387538338763,10.0,440,False,3907
143,42,off_constant,1,71,1.7393629422856132,3.613320319734276,0.5199432995852116,0.24227001413327146,6.329860174768462,10.0,440,False,3907
143,42,off_constant,3,71,1.6386562245057634,3.553471042213972,0.5357144466947473,0.22451035638604963,6.4596587538345895,10.0,440,False,3907
143,42,off_constant,5,71,1.5770225895161811,3.4879769819255175,0.5526712312486972,0.2140862294770674,6.172588648427084,10.0,440,False,3907
143,42,off_integrated_constant,0,71,1.7630953667427893,3.6229393560435548,0.5173839753073781,0.2463836328570894,6.266387538338763,10.0,440,False,3907
143,42,off_integrated_constant,1,71,1.7393629422856132,3.613320319734276,0.5199432995852116,0.24227001413327146,6.329860174768462,10.0,440,False,3907
143,42,off_integrated_constant,3,71,1.6193762594947207,3.5488223492826263,0.5369284198345967,0.2207609362232838,6.463769583389906,10.0,440,False,3907
143,42,off_integrated_constant,5,71,1.5880283361129468,3.4939498762536387,0.5511378867645147,0.21569748024947555,6.18007387215767,10.0,440,False,3907
143,42,off_integrated_legacy,0,71,1.7630953667427893,3.6229393560435548,0.5173839753073781,0.2463836328570894,6.266387538338763,10.0,440,False,3907
143,42,off_integrated_legacy,1,71,1.7393629422856132,3.613320319734276,0.5199432995852116,0.24227001413327146,6.329860174768462,10.0,440,False,3907
143,42,off_integrated_legacy,3,71,1.6387747908844137,3.570220739604647,0.531327203640952,0.22297647410536423,6.5368095245907085,10.0,440,False,3907
143,42,off_integrated_legacy,5,71,1.5826026913368814,3.4927882829704835,0.5514362931888361,0.21436557407552606,6.161006658047511,10.0,440,False,3907
143,42,off_integrated_refreshed,0,71,1.7630953667427893,3.6229393560435548,0.5173839753073781,0.2463836328570894,6.266387538338763,10.0,440,False,3907
143,42,off_integrated_refreshed,1,71,1.7393629422856132,3.613320319734276,0.5199432995852116,0.24227001413327146,6.329860174768462,10.0,440,False,3907
143,42,off_integrated_refreshed,3,71,1.6524838729603313,3.5758200830161306,0.5298559681065103,0.22434922585607675,6.585726091383199,10.0,440,False,3907
143,42,off_integrated_refreshed,5,71,1.5887515266432959,3.4835521175904307,0.5538054781812762,0.21393136634370988,6.221049331680551,10.0,440,False,3907
143,42,off_legacy,0,71,1.7630953667427893,3.6229393560435548,0.5173839753073781,0.2463836328570894,6.266387538338763,10.0,440,False,3907
143,42,off_legacy,1,71,1.7393629422856132,3.613320319734276,0.5199432995852116,0.24227001413327146,6.329860174768462,10.0,440,False,3907
143,42,off_legacy,3,71,1.6616104302987802,3.5781017596754956,0.5292557931081432,0.22811234767002278,6.52873532163444,10.0,440,False,3907
143,42,off_legacy,5,71,1.601253496927276,3.4945923983004112,0.5509727840400758,0.21803088725746617,6.161939716168947,10.0,440,False,3907
143,42,off_refreshed,0,71,1.7630953667427893,3.6229393560435548,0.5173839753073781,0.2463836328570894,6.266387538338763,10.0,440,False,3907
143,42,off_refreshed,1,71,1.7393629422856132,3.613320319734276,0.5199432995852116,0.24227001413327146,6.329860174768462,10.0,440,False,3907
143,42,off_refreshed,3,71,1.6610735837573065,3.5743893245866794,0.5302321212395458,0.22647019555123407,6.572935766664643,10.0,440,False,3907
143,42,off_refreshed,5,71,1.5967893545551042,3.479011169840375,0.5549679843594082,0.21607567020069857,6.199908514182527,10.0,440,False,3907
143,43,current_only_constant,0,71,1.6985924006079203,3.5741548795649374,0.530293743586004,0.23895407106064362,6.254755841822146,10.0,440,False,3907
143,43,current_only_constant,1,71,1.681078732392152,3.575260410170665,0.5300031266604796,0.23454272298596496,6.327002830054054,10.0,440,False,3907
143,43,current_only_constant,3,71,1.6232550392852547,3.547098319739444,0.5373782339340102,0.22185763022091437,6.44675374513738,10.0,440,False,3907
143,43,current_only_constant,5,71,1.5874712390150512,3.4805121686350833,0.5545838886568211,0.21638738169554092,6.142796148939854,10.0,440,False,3907
143,43,current_only_integrated_constant,0,71,1.6985924006079203,3.5741548795649374,0.530293743586004,0.23895407106064362,6.254755841822146,10.0,440,False,3907
143,43,current_only_integrated_constant,1,71,1.681078732392152,3.575260410170665,0.5300031266604796,0.23454272298596496,6.327002830054054,10.0,440,False,3907
143,43,current_only_integrated_constant,3,71,1.6137267877827006,3.5501309363377618,0.5365868523297405,0.22038344488368353,6.466733993718669,10.0,440,False,3907
143,43,current_only_integrated_constant,5,71,1.5806232712480308,3.487259879923011,0.5528551472449841,0.2154397399130218,6.153208422218408,10.0,440,False,3907
143,43,current_only_integrated_legacy,0,71,1.6985924006079203,3.5741548795649374,0.530293743586004,0.23895407106064362,6.254755841822146,10.0,440,False,3907
143,43,current_only_integrated_legacy,1,71,1.681078732392152,3.575260410170665,0.5300031266604796,0.23454272298596496,6.327002830054054,10.0,440,False,3907
143,43,current_only_integrated_legacy,3,71,1.598290956989583,3.535662328803307,0.5403564484580187,0.21723908171512277,6.431243959530548,10.0,440,False,3907
143,43,current_only_integrated_legacy,5,71,1.5770181167678974,3.48405286941112,0.5536771902897308,0.2140041802480691,6.136472641069564,10.0,440,False,3907
143,43,current_only_integrated_refreshed,0,71,1.6985924006079203,3.5741548795649374,0.530293743586004,0.23895407106064362,6.254755841822146,10.0,440,False,3907
143,43,current_only_integrated_refreshed,1,71,1.681078732392152,3.575260410170665,0.5300031266604796,0.23454272298596496,6.327002830054054,10.0,440,False,3907
143,43,current_only_integrated_refreshed,3,71,1.5997369383747795,3.543595030829059,0.5382915987276111,0.21621368744489802,6.468954838271657,10.0,440,False,3907
143,43,current_only_integrated_refreshed,5,71,1.569023910533896,3.4691196919301435,0.5574950049690889,0.21215106797585725,6.129510328554834,10.0,440,False,3907
143,43,current_only_legacy,0,71,1.6985924006079203,3.5741548795649374,0.530293743586004,0.23895407106064362,6.254755841822146,10.0,440,False,3907
143,43,current_only_legacy,1,71,1.681078732392152,3.575260410170665,0.5300031266604796,0.23454272298596496,6.327002830054054,10.0,440,False,3907
143,43,current_only_legacy,3,71,1.60755311425217,3.530623409538793,0.5416656551122265,0.21881116333836712,6.402313595575422,10.0,440,False,3907
143,43,current_only_legacy,5,71,1.5814786571814379,3.474734867360383,0.5560613535991634,0.21464966530256502,6.127256940956971,10.0,440,False,3907
143,43,current_only_refreshed,0,71,1.6985924006079203,3.5741548795649374,0.530293743586004,0.23895407106064362,6.254755841822146,10.0,440,False,3907
143,43,current_only_refreshed,1,71,1.681078732392152,3.575260410170665,0.5300031266604796,0.23454272298596496,6.327002830054054,10.0,440,False,3907
143,43,current_only_refreshed,3,71,1.6109791380701055,3.540407320663747,0.539121902733269,0.2180988775560471,6.443075708542392,10.0,440,False,3907
143,43,current_only_refreshed,5,71,1.573267940398446,3.4604341641115948,0.5597080033648482,0.21273971841083977,6.101251785572315,10.0,440,False,3907
143,43,full_history_constant,0,71,1.6912875132723626,3.5631066646689775,0.533193111535619,0.23701412804230745,6.196521002503369,10.0,440,False,3907
143,43,full_history_constant,1,71,1.6779838360698345,3.5639397751927087,0.5329747923924593,0.23412334608938892,6.281461078959677,10.0,440,False,3907
143,43,full_history_constant,3,71,1.623317030245019,3.54089866210252,0.5389939715658756,0.22236159747751766,6.420874209003003,10.0,440,False,3907
143,43,full_history_constant,5,71,1.5876320100700478,3.47772251119429,0.5552976114361154,0.2170314281145167,6.133878030518727,10.0,440,False,3907
143,43,full_history_integrated_constant,0,71,1.6912875132723626,3.5631066646689775,0.533193111535619,0.23701412804230745,6.196521002503369,10.0,440,False,3907
143,43,full_history_integrated_constant,1,71,1.6779838360698345,3.5639397751927087,0.5329747923924593,0.23412334608938892,6.281461078959677,10.0,440,False,3907
143,43,full_history_integrated_constant,3,71,1.6128090917466822,3.5462725846196737,0.5375935978971194,0.22055666408368038,6.4498373520997285,10.0,440,False,3907
143,43,full_history_integrated_constant,5,71,1.5796596533192566,3.48490168977294,0.5534596884018925,0.21565326321502443,6.144581563924153,10.0,440,False,3907
143,43,full_history_integrated_legacy,0,71,1.6912875132723626,3.5631066646689775,0.533193111535619,0.23701412804230745,6.196521002503369,10.0,440,False,3907
143,43,full_history_integrated_legacy,1,71,1.6779838360698345,3.5639397751927087,0.5329747923924593,0.23412334608938892,6.281461078959677,10.0,440,False,3907
143,43,full_history_integrated_legacy,3,71,1.5964331752521732,3.5307987011931363,0.5416201423680509,0.21722778492856654,6.409529295550566,10.0,440,False,3907
143,43,full_history_integrated_legacy,5,71,1.5756334867606132,3.48093184465682,0.5544764666898835,0.21413790108333028,6.128741235016696,10.0,440,False,3907
143,43,full_history_integrated_refreshed,0,71,1.6912875132723626,3.5631066646689775,0.533193111535619,0.23701412804230745,6.196521002503369,10.0,440,False,3907
143,43,full_history_integrated_refreshed,1,71,1.6779838360698345,3.5639397751927087,0.5329747923924593,0.23412334608938892,6.281461078959677,10.0,440,False,3907
143,43,full_history_integrated_refreshed,3,71,1.6044443651981826,3.542791882318121,0.5385008655252573,0.2162539948696691,6.444699088877707,10.0,440,False,3907
143,43,full_history_integrated_refreshed,5,71,1.5747957770663776,3.470377885236322,0.5571739680286123,0.21306210023263494,6.10322246018982,10.0,440,False,3907
143,43,full_history_legacy,0,71,1.6912875132723626,3.5631066646689775,0.533193111535619,0.23701412804230745,6.196521002503369,10.0,440,False,3907
143,43,full_history_legacy,1,71,1.6779838360698345,3.5639397751927087,0.5329747923924593,0.23412334608938892,6.281461078959677,10.0,440,False,3907
143,43,full_history_legacy,3,71,1.6058105763293873,3.522818670243098,0.5436897884333312,0.21894852636394738,6.365697193076014,10.0,440,False,3907
143,43,full_history_legacy,5,71,1.5797254268656558,3.4704421344625294,0.5571575712590346,0.2149829772122367,6.11408983061749,10.0,440,False,3907
143,43,full_history_refreshed,0,71,1.6912875132723626,3.5631066646689775,0.533193111535619,0.23701412804230745,6.196521002503369,10.0,440,False,3907
143,43,full_history_refreshed,1,71,1.6779838360698345,3.5639397751927087,0.5329747923924593,0.23412334608938892,6.281461078959677,10.0,440,False,3907
143,43,full_history_refreshed,3,71,1.6147179949167894,3.533224855521551,0.5409899833279597,0.21799967072785856,6.394593165747654,10.0,440,False,3907
143,43,full_history_refreshed,5,71,1.5765704927947415,3.459190549728246,0.5600244116788131,0.21347961903087107,6.061565417840978,10.0,440,False,3907
143,43,off_constant,0,71,1.7093164367896085,3.5797508106022393,0.5288217864161324,0.2424641063460555,6.2633056653494545,10.0,440,False,3907
143,43,off_constant,1,71,1.6862855050672882,3.5780662138326753,0.5292651460654347,0.2363201275794692,6.334749117975934,10.0,440,False,3907
143,43,off_constant,3,71,1.6215575583550166,3.547247473647221,0.5373393270367325,0.22168331299162244,6.445290678081286,10.0,440,False,3907
143,43,off_constant,5,71,1.5887810200756465,3.481745509322835,0.5542681609022813,0.21678504362997242,6.141929186836036,10.0,440,False,3907
143,43,off_integrated_constant,0,71,1.7093164367896085,3.5797508106022393,0.5288217864161324,0.2424641063460555,6.2633056653494545,10.0,440,False,3907
143,43,off_integrated_constant,1,71,1.6862855050672882,3.5780662138326753,0.5292651460654347,0.2363201275794692,6.334749117975934,10.0,440,False,3907
143,43,off_integrated_constant,3,71,1.6136072003711106,3.550800619319301,0.5364120029088928,0.22031890451100003,6.4676438166685575,10.0,440,False,3907
143,43,off_integrated_constant,5,71,1.5823181702007483,3.4886556315858264,0.5524971423415719,0.21572905327093095,6.154481509571918,10.0,440,False,3907
143,43,off_integrated_legacy,0,71,1.7093164367896085,3.5797508106022393,0.5288217864161324,0.2424641063460555,6.2633056653494545,10.0,440,False,3907
143,43,off_integrated_legacy,1,71,1.6862855050672882,3.5780662138326753,0.5292651460654347,0.2363201275794692,6.334749117975934,10.0,440,False,3907
143,43,off_integrated_legacy,3,71,1.5978262671035441,3.5358734271215346,0.5403015603673017,0.2171077263402697,6.431194063125726,10.0,440,False,3907
143,43,off_integrated_legacy,5,71,1.5784556292490957,3.4851518062896667,0.5533955883926345,0.21422767752924815,6.137393196773721,10.0,440,False,3907
143,43,off_integrated_refreshed,0,71,1.7093164367896085,3.5797508106022393,0.5288217864161324,0.2424641063460555,6.2633056653494545,10.0,440,False,3907
143,43,off_integrated_refreshed,1,71,1.6862855050672882,3.5780662138326753,0.5292651460654347,0.2363201275794692,6.334749117975934,10.0,440,False,3907
143,43,off_integrated_refreshed,3,71,1.5981982033324362,3.5449809061366166,0.5379303862349599,0.2157698080472185,6.47487629005575,10.0,440,False,3907
143,43,off_integrated_refreshed,5,71,1.5690486481828942,3.471210396690236,0.5569614828326561,0.2120418365805431,6.135083858806487,10.0,440,False,3907
143,43,off_legacy,0,71,1.7093164367896085,3.5797508106022393,0.5288217864161324,0.2424641063460555,6.2633056653494545,10.0,440,False,3907
143,43,off_legacy,1,71,1.6862855050672882,3.5780662138326753,0.5292651460654347,0.2363201275794692,6.334749117975934,10.0,440,False,3907
143,43,off_legacy,3,71,1.6055175318880712,3.5301077057988657,0.5417995393847554,0.21850185968040683,6.399893257521688,10.0,440,False,3907
143,43,off_legacy,5,71,1.582401096962588,3.4755214579707356,0.5558603382648242,0.21493589358961718,6.125723474406705,10.0,440,False,3907
143,43,off_refreshed,0,71,1.7093164367896085,3.5797508106022393,0.5288217864161324,0.2424641063460555,6.2633056653494545,10.0,440,False,3907
143,43,off_refreshed,1,71,1.6862855050672882,3.5780662138326753,0.5292651460654347,0.2363201275794692,6.334749117975934,10.0,440,False,3907
143,43,off_refreshed,3,71,1.607408844884397,3.5406744682176527,0.539052347402263,0.21746807077925417,6.444807310843097,10.0,440,False,3907
143,43,off_refreshed,5,71,1.572897891440833,3.4620851334741967,0.559287777482077,0.2126854690358077,6.106310302558524,10.0,440,False,3907
143,44,current_only_constant,0,71,1.7013395260081963,3.579668972233316,0.5288433298238933,0.2426051648042088,6.222309734651659,10.0,440,False,3907
143,44,current_only_constant,1,71,1.6708055557391341,3.5841942900029164,0.5276513305857857,0.23372695063347887,6.357791782602107,10.0,440,False,3907
143,44,current_only_constant,3,71,1.6351353329066287,3.560889513160974,0.5337738741589204,0.22540180333801718,6.447128622692338,10.0,440,False,3907
143,44,current_only_constant,5,71,1.6008068480923103,3.4963102712063288,0.5505312096325601,0.21913458894495316,6.151251011410436,10.0,440,False,3907
143,44,current_only_integrated_constant,0,71,1.7013395260081963,3.579668972233316,0.5288433298238933,0.2426051648042088,6.222309734651659,10.0,440,False,3907
143,44,current_only_integrated_constant,1,71,1.6708055557391341,3.5841942900029164,0.5276513305857857,0.23372695063347887,6.357791782602107,10.0,440,False,3907
143,44,current_only_integrated_constant,3,71,1.6195848476316455,3.5582060760248293,0.5344762925259027,0.22163162399631212,6.476873954841792,10.0,440,False,3907
143,44,current_only_integrated_constant,5,71,1.5859332409813334,3.4939905519854864,0.5511274356121642,0.21596290310080246,6.169655863056269,10.0,440,False,3907
143,44,current_only_integrated_legacy,0,71,1.7013395260081963,3.579668972233316,0.5288433298238933,0.2426051648042088,6.222309734651659,10.0,440,False,3907
143,44,current_only_integrated_legacy,1,71,1.6708055557391341,3.5841942900029164,0.5276513305857857,0.23372695063347887,6.357791782602107,10.0,440,False,3907
143,44,current_only_integrated_legacy,3,71,1.6083726785073396,3.548449487266686,0.5370257212576799,0.21952328758465883,6.4574949374588515,10.0,440,False,3907
143,44,current_only_integrated_legacy,5,71,1.5694168205119226,3.4803977947098987,0.5546131620220532,0.21286916760057903,6.142504032645293,10.0,440,False,3907
143,44,current_only_integrated_refreshed,0,71,1.7013395260081963,3.579668972233316,0.5288433298238933,0.2426051648042088,6.222309734651659,10.0,440,False,3907
143,44,current_only_integrated_refreshed,1,71,1.6708055557391341,3.5841942900029164,0.5276513305857857,0.23372695063347887,6.357791782602107,10.0,440,False,3907
143,44,current_only_integrated_refreshed,3,71,1.620822159144435,3.5755539584538636,0.5299259449039867,0.21812623927446223,6.591713691302874,10.0,440,False,3907
143,44,current_only_integrated_refreshed,5,71,1.5872229570456844,3.492221243482076,0.5515819262290471,0.2141065855870177,6.221437952948777,10.0,440,False,3907
143,44,current_only_legacy,0,71,1.7013395260081963,3.579668972233316,0.5288433298238933,0.2426051648042088,6.222309734651659,10.0,440,False,3907
143,44,current_only_legacy,1,71,1.6708055557391341,3.5841942900029164,0.5276513305857857,0.23372695063347887,6.357791782602107,10.0,440,False,3907
143,44,current_only_legacy,3,71,1.6351353329066287,3.560889513160974,0.5337738741589204,0.22540180333801718,6.447128622692338,10.0,440,False,3907
143,44,current_only_legacy,5,71,1.5869701674212613,3.4837928225290438,0.5537438141487374,0.21668468420783465,6.127476483408257,10.0,440,False,3907
143,44,current_only_refreshed,0,71,1.7013395260081963,3.579668972233316,0.5288433298238933,0.2426051648042088,6.222309734651659,10.0,440,False,3907
143,44,current_only_refreshed,1,71,1.6708055557391341,3.5841942900029164,0.5276513305857857,0.23372695063347887,6.357791782602107,10.0,440,False,3907
143,44,current_only_refreshed,3,71,1.6414201094138163,3.5768578163062115,0.5295830489462883,0.22304707386013853,6.546525758562996,10.0,440,False,3907
143,44,current_only_refreshed,5,71,1.602516598009708,3.494623673972274,0.5509647466559653,0.21748544819603605,6.200023145822556,10.0,440,False,3907
143,44,full_history_constant,0,71,1.689017996318309,3.5755970319652075,0.529914619183643,0.23987223947850936,6.224682736556815,10.0,440,False,3907
143,44,full_history_constant,1,71,1.6663509596299608,3.579403432282495,0.5289132280628825,0.23238937680720345,6.34555617745837,10.0,440,False,3907
143,44,full_history_constant,3,71,1.6312295019873138,3.5542837987607516,0.5355020378850127,0.2247379281701434,6.421831392498952,10.0,440,False,3907
143,44,full_history_constant,5,71,1.597872516898974,3.4906652916020717,0.5519814206843598,0.21893993802992645,6.130470606835781,10.0,440,False,3907
143,44,full_history_integrated_constant,0,71,1.689017996318309,3.5755970319652075,0.529914619183643,0.23987223947850936,6.224682736556815,10.0,440,False,3907
143,44,full_history_integrated_constant,1,71,1.6663509596299608,3.579403432282495,0.5289132280628825,0.23238937680720345,6.34555617745837,10.0,440,False,3907
143,44,full_history_integrated_constant,3,71,1.6179746673442559,3.555394299091608,0.5352117370806779,0.22148829606102077,6.463455947904844,10.0,440,False,3907
143,44,full_history_integrated_constant,5,71,1.5854602054865992,3.4916306343532333,0.5517335875325056,0.216123119562871,6.161253587834997,10.0,440,False,3907
143,44,full_history_integrated_legacy,0,71,1.689017996318309,3.5755970319652075,0.529914619183643,0.23987223947850936,6.224682736556815,10.0,440,False,3907
143,44,full_history_integrated_legacy,1,71,1.6663509596299608,3.579403432282495,0.5289132280628825,0.23238937680720345,6.34555617745837,10.0,440,False,3907
143,44,full_history_integrated_legacy,3,71,1.6061932274391648,3.5449920733431575,0.5379274750571132,0.2192666063217628,6.442980216087785,10.0,440,False,3907
143,44,full_history_integrated_legacy,5,71,1.568511528262009,3.477633117100252,0.5553204730969197,0.21295206802871122,6.132816013513685,10.0,440,False,3907
143,44,full_history_integrated_refreshed,0,71,1.689017996318309,3.5755970319652075,0.529914619183643,0.23987223947850936,6.224682736556815,10.0,440,False,3907
143,44,full_history_integrated_refreshed,1,71,1.6663509596299608,3.579403432282495,0.5289132280628825,0.23238937680720345,6.34555617745837,10.0,440,False,3907
143,44,full_history_integrated_refreshed,3,71,1.6008479443080903,3.5386675525030107,0.5395747455607809,0.2166399569457118,6.454243944882276,10.0,440,False,3907
143,44,full_history_integrated_refreshed,5,71,1.5798592670172156,3.487748202554992,0.552729910671407,0.2148554812484663,6.159740377421732,10.0,440,False,3907
143,44,full_history_legacy,0,71,1.689017996318309,3.5755970319652075,0.529914619183643,0.23987223947850936,6.224682736556815,10.0,440,False,3907
143,44,full_history_legacy,1,71,1.6663509596299608,3.579403432282495,0.5289132280628825,0.23238937680720345,6.34555617745837,10.0,440,False,3907
143,44,full_history_legacy,3,71,1.6221352221800387,3.544933010731682,0.5379428719788,0.22297733140192824,6.4004196271842195,10.0,440,False,3907
143,44,full_history_legacy,5,71,1.5835161259174433,3.477457325946744,0.5553654282423386,0.21637462002319638,6.105870197821423,10.0,440,False,3907
143,44,full_history_refreshed,0,71,1.689017996318309,3.5755970319652075,0.529914619183643,0.23987223947850936,6.224682736556815,10.0,440,False,3907
143,44,full_history_refreshed,1,71,1.6663509596299608,3.579403432282495,0.5289132280628825,0.23238937680720345,6.34555617745837,10.0,440,False,3907
143,44,full_history_refreshed,3,71,1.6179350096979592,3.533743046782279,0.5408553344272274,0.22092994349457465,6.3974730037733565,10.0,440,False,3907
143,44,full_history_refreshed,5,71,1.5925814125916673,3.4868740180938165,0.5529540940348788,0.21772588873941157,6.128495757387399,10.0,440,False,3907
143,44,off_constant,0,71,1.7161537584388198,3.5909254535741715,0.5258755107339377,0.2495187472515114,6.1688570877508395,10.0,440,False,3907
143,44,off_constant,1,71,1.6696458435833474,3.5764363348787507,0.5296939062050651,0.23721565949774867,6.288861265318399,10.0,440,False,3907
143,44,off_constant,3,71,1.6360988792752493,3.559108960427004,0.5342400119889824,0.22502069888577214,6.452914271714579,10.0,440,False,3907
143,44,off_constant,5,71,1.6014548244967202,3.4987164354726294,0.5499123470022373,0.21831606822411545,6.168989789125817,10.0,440,False,3907
143,44,off_integrated_constant,0,71,1.7161537584388198,3.5909254535741715,0.5258755107339377,0.2495187472515114,6.1688570877508395,10.0,440,False,3907
143,44,off_integrated_constant,1,71,1.6696458435833474,3.5764363348787507,0.5296939062050651,0.23721565949774867,6.288861265318399,10.0,440,False,3907
143,44,off_integrated_constant,3,71,1.6185341551211399,3.556734265548455,0.5348613297892022,0.2210026639629656,6.475929777085261,10.0,440,False,3907
143,44,off_integrated_constant,5,71,1.585660438698349,3.495373846082207,0.5507719419879062,0.21556334949941416,6.17533159070857,10.0,440,False,3907
143,44,off_integrated_legacy,0,71,1.7161537584388198,3.5909254535741715,0.5258755107339377,0.2495187472515114,6.1688570877508395,10.0,440,False,3907
143,44,off_integrated_legacy,1,71,1.6696458435833474,3.5764363348787507,0.5296939062050651,0.23721565949774867,6.288861265318399,10.0,440,False,3907
143,44,off_integrated_legacy,3,71,1.6083133733920831,3.547635259139744,0.5372381652739862,0.21909907798871509,6.457363206541798,10.0,440,False,3907
143,44,off_integrated_legacy,5,71,1.569753455376707,3.4821680364803567,0.5541599707809128,0.21260619875493322,6.149878929039824,10.0,440,False,3907
143,44,off_integrated_refreshed,0,71,1.7161537584388198,3.5909254535741715,0.5258755107339377,0.2495187472515114,6.1688570877508395,10.0,440,False,3907
143,44,off_integrated_refreshed,1,71,1.6696458435833474,3.5764363348787507,0.5296939062050651,0.23721565949774867,6.288861265318399,10.0,440,False,3907
143,44,off_integrated_refreshed,3,71,1.620922066922995,3.567614707308352,0.532011156129886,0.21920722848514101,6.557004558072404,10.0,440,False,3907
143,44,off_integrated_refreshed,5,71,1.58246624710147,3.479596008198501,0.5548183477775761,0.21371378812755784,6.200475816165096,10.0,440,False,3907
143,44,off_legacy,0,71,1.7161537584388198,3.5909254535741715,0.5258755107339377,0.2495187472515114,6.1688570877508395,10.0,440,False,3907
143,44,off_legacy,1,71,1.6696458435833474,3.5764363348787507,0.5296939062050651,0.23721565949774867,6.288861265318399,10.0,440,False,3907
143,44,off_legacy,3,71,1.6360988792752493,3.559108960427004,0.5342400119889824,0.22502069888577214,6.452914271714579,10.0,440,False,3907
143,44,off_legacy,5,71,1.5881023644135897,3.486860648941183,0.5529575220987908,0.216028760353471,6.145198465713125,10.0,440,False,3907
143,44,off_refreshed,0,71,1.7161537584388198,3.5909254535741715,0.5258755107339377,0.2495187472515114,6.1688570877508395,10.0,440,False,3907
143,44,off_refreshed,1,71,1.6696458435833474,3.5764363348787507,0.5296939062050651,0.23721565949774867,6.288861265318399,10.0,440,False,3907
143,44,off_refreshed,3,71,1.6417368687136722,3.5674903984172333,0.5320437684860351,0.22414747526685766,6.506759680636569,10.0,440,False,3907
143,44,off_refreshed,5,71,1.596085241030723,3.4810165775386035,0.5544547765482629,0.21643481499178568,6.175893644655124,10.0,440,False,3907
144,42,current_only_constant,0,71,1.8667741609751478,3.888007062656415,0.4641282346762209,0.26701213068506785,6.757684109067875,10.0,558,False,4983
144,42,current_only_constant,1,71,1.8667741609751478,3.888007062656415,0.4641282346762209,0.26701213068506785,6.757684109067875,10.0,558,False,4983
144,42,current_only_constant,3,71,1.7158391123933847,3.7697864129775125,0.4962207513828073,0.24033306108511066,6.614369193823336,10.0,558,False,4983
144,42,current_only_constant,5,71,1.6167021665400085,3.6834692455632085,0.5190267967151523,0.22283120654206925,6.350703192982243,10.0,558,False,4983
144,42,current_only_integrated_constant,0,71,1.8667741609751478,3.888007062656415,0.4641282346762209,0.26701213068506785,6.757684109067875,10.0,558,False,4983
144,42,current_only_integrated_constant,1,71,1.8667741609751478,3.888007062656415,0.4641282346762209,0.26701213068506785,6.757684109067875,10.0,558,False,4983
144,42,current_only_integrated_constant,3,71,1.7158391123933847,3.7697864129775125,0.4962207513828073,0.24033306108511066,6.614369193823336,10.0,558,False,4983
144,42,current_only_integrated_constant,5,71,1.6167021665400085,3.6834692455632085,0.5190267967151523,0.22283120654206925,6.350703192982243,10.0,558,False,4983
144,42,current_only_integrated_legacy,0,71,1.8667741609751478,3.888007062656415,0.4641282346762209,0.26701213068506785,6.757684109067875,10.0,558,False,4983
144,42,current_only_integrated_legacy,1,71,1.8667741609751478,3.888007062656415,0.4641282346762209,0.26701213068506785,6.757684109067875,10.0,558,False,4983
144,42,current_only_integrated_legacy,3,71,1.7088943167390376,3.787527130139644,0.4914679967086196,0.239210735313173,6.67087554734535,10.0,558,False,4983
144,42,current_only_integrated_legacy,5,71,1.6150777752572483,3.681789480532741,0.5194653711655473,0.2227291578764456,6.3159136929152035,10.0,558,False,4983
144,42,current_only_integrated_refreshed,0,71,1.8667741609751478,3.888007062656415,0.4641282346762209,0.26701213068506785,6.757684109067875,10.0,558,False,4983
144,42,current_only_integrated_refreshed,1,71,1.8667741609751478,3.888007062656415,0.4641282346762209,0.26701213068506785,6.757684109067875,10.0,558,False,4983
144,42,current_only_integrated_refreshed,3,71,1.6142522895779483,3.7246336339123145,0.508216553717068,0.2196009797731246,6.615607609385609,10.0,558,False,4983
144,42,current_only_integrated_refreshed,5,71,1.617915852593194,3.6889865564521953,0.5175848592748734,0.22236630000799754,6.370241247797922,10.0,558,False,4983
144,42,current_only_legacy,0,71,1.8667741609751478,3.888007062656415,0.4641282346762209,0.26701213068506785,6.757684109067875,10.0,558,False,4983
144,42,current_only_legacy,1,71,1.8667741609751478,3.888007062656415,0.4641282346762209,0.26701213068506785,6.757684109067875,10.0,558,False,4983
144,42,current_only_legacy,3,71,1.7153763224403022,3.7701912510734377,0.4961125436699577,0.2402969104464085,6.614419575808073,10.0,558,False,4983
144,42,current_only_legacy,5,71,1.6150777752572483,3.681789480532741,0.5194653711655473,0.2227291578764456,6.3159136929152035,10.0,558,False,4983
144,42,current_only_refreshed,0,71,1.8667741609751478,3.888007062656415,0.4641282346762209,0.26701213068506785,6.757684109067875,10.0,558,False,4983
144,42,current_only_refreshed,1,71,1.8667741609751478,3.888007062656415,0.4641282346762209,0.26701213068506785,6.757684109067875,10.0,558,False,4983
144,42,current_only_refreshed,3,71,1.6215445649406208,3.7132888476175614,0.5112078177693262,0.22085751886594113,6.573187153956332,10.0,558,False,4983
144,42,current_only_refreshed,5,71,1.617915852593194,3.6889865564521953,0.5175848592748734,0.22236630000799754,6.370241247797922,10.0,558,False,4983
144,42,full_history_constant,0,71,1.8241823199670466,3.8537694918695875,0.47352439374250443,0.25984364464969,6.805216718477909,10.0,558,False,4983
144,42,full_history_constant,1,71,1.8241823199670466,3.8537694918695875,0.47352439374250443,0.25984364464969,6.805216718477909,10.0,558,False,4983
144,42,full_history_constant,3,71,1.690004919984115,3.7469512799460625,0.5023054591624156,0.23628717745201258,6.632025135193052,10.0,558,False,4983
144,42,full_history_constant,5,71,1.5994120918084147,3.6629287132705954,0.5243760471314217,0.22032240155834376,6.35555971029266,10.0,558,False,4983
144,42,full_history_integrated_constant,0,71,1.8216012337307772,3.8781189237782066,0.4668504706809471,0.25963569941556003,6.833569228749647,10.0,558,False,4983
144,42,full_history_integrated_constant,1,71,1.8216012337307772,3.8781189237782066,0.4668504706809471,0.25963569941556003,6.833569228749647,10.0,558,False,4983
144,42,full_history_integrated_constant,3,71,1.6851952716066083,3.766558063179633,0.4970832295520532,0.2351030021690685,6.675254991822953,10.0,558,False,4983
144,42,full_history_integrated_constant,5,71,1.5970755377188899,3.6797897877135166,0.5199872156103398,0.21941210520188892,6.399244734073227,10.0,558,False,4983
144,42,full_history_integrated_legacy,0,71,1.8216012337307772,3.8781189237782066,0.4668504706809471,0.25963569941556003,6.833569228749647,10.0,558,False,4983
144,42,full_history_integrated_legacy,1,71,1.8216012337307772,3.8781189237782066,0.4668504706809471,0.25963569941556003,6.833569228749647,10.0,558,False,4983
144,42,full_history_integrated_legacy,3,71,1.6947251938642829,3.7786511123678403,0.49384867940794563,0.23683900801053245,6.680659710314494,10.0,558,False,4983
144,42,full_history_integrated_legacy,5,71,1.5980068669149423,3.6799759002727344,0.5199386592133194,0.21954813968794784,6.370698176863063,10.0,558,False,4983
144,42,full_history_integrated_refreshed,0,71,1.8216012337307772,3.8781189237782066,0.4668504706809471,0.25963569941556003,6.833569228749647,10.0,558,False,4983
144,42,full_history_integrated_refreshed,1,71,1.8216012337307772,3.8781189237782066,0.4668504706809471,0.25963569941556003,6.833569228749647,10.0,558,False,4983
144,42,full_history_integrated_refreshed,3,71,1.7168570840252164,3.82686066372803,0.48085092526920226,0.2383573180852846,6.819549352732198,10.0,558,False,4983
144,42,full_history_integrated_refreshed,5,71,1.605654786048741,3.7014743160008634,0.5143132394249343,0.21956265737091846,6.473413229018667,10.0,558,False,4983
144,42,full_history_legacy,0,71,1.8241823199670466,3.8537694918695875,0.47352439374250443,0.25984364464969,6.805216718477909,10.0,558,False,4983
144,42,full_history_legacy,1,71,1.8241823199670466,3.8537694918695875,0.47352439374250443,0.25984364464969,6.805216718477909,10.0,558,False,4983
144,42,full_history_legacy,3,71,1.7013927711374661,3.7618430419083566,0.4983415556116002,0.23801200845419457,6.647279251972756,10.0,558,False,4983
144,42,full_history_legacy,5,71,1.6022810485169316,3.6654026618030597,0.5237333556489682,0.22057010425232554,6.340971076716076,10.0,558,False,4983
144,42,full_history_refreshed,0,71,1.8241823199670466,3.8537694918695875,0.47352439374250443,0.25984364464969,6.805216718477909,10.0,558,False,4983
144,42,full_history_refreshed,1,71,1.8241823199670466,3.8537694918695875,0.47352439374250443,0.25984364464969,6.805216718477909,10.0,558,False,4983
144,42,full_history_refreshed,3,71,1.7222340827845253,3.8106125649569647,0.4852499766653331,0.23915203086868783,6.786170201169665,10.0,558,False,4983
144,42,full_history_refreshed,5,71,1.6065769054344679,3.6851436536452975,0.5185894218331851,0.22012683384875925,6.432752083209286,10.0,558,False,4983
144,42,off_constant,0,71,1.8500254429161573,3.8587317469733917,0.47216770219715276,0.2634779111337509,6.726542112517412,10.0,558,False,4983
144,42,off_constant,1,71,1.8500254429161573,3.8587317469733917,0.47216770219715276,0.2634779111337509,6.726542112517412,10.0,558,False,4983
144,42,off_constant,3,71,1.705706783000251,3.7516498746407825,0.5010564804881794,0.238537315541133,6.587142211166679,10.0,558,False,4983
144,42,off_constant,5,71,1.6113779010980551,3.671683989512614,0.5220996196270087,0.22227817215412585,6.331152687947103,10.0,558,False,4983
144,42,off_integrated_constant,0,71,1.8425846449365617,3.883548500980828,0.46535654900957724,0.2629991420506079,6.774048208293681,10.0,558,False,4983
144,42,off_integrated_constant,1,71,1.8425846449365617,3.883548500980828,0.46535654900957724,0.2629991420506079,6.774048208293681,10.0,558,False,4983
144,42,off_integrated_constant,3,71,1.705706783000251,3.7516498746407825,0.5010564804881794,0.238537315541133,6.587142211166679,10.0,558,False,4983
144,42,off_integrated_constant,5,71,1.6113779010980551,3.671683989512614,0.5220996196270087,0.22227817215412585,6.331152687947103,10.0,558,False,4983
144,42,off_integrated_legacy,0,71,1.8425846449365617,3.883548500980828,0.46535654900957724,0.2629991420506079,6.774048208293681,10.0,558,False,4983
144,42,off_integrated_legacy,1,71,1.8425846449365617,3.883548500980828,0.46535654900957724,0.2629991420506079,6.774048208293681,10.0,558,False,4983
144,42,off_integrated_legacy,3,71,1.698376317038536,3.771794986576869,0.4956837728083052,0.23731759443723077,6.64472432983215,10.0,558,False,4983
144,42,off_integrated_legacy,5,71,1.6058730002013022,3.6849488282485177,0.5186403227132912,0.22115764120789935,6.345358544340465,10.0,558,False,4983
144,42,off_integrated_refreshed,0,71,1.8425846449365617,3.883548500980828,0.46535654900957724,0.2629991420506079,6.774048208293681,10.0,558,False,4983
144,42,off_integrated_refreshed,1,71,1.8425846449365617,3.883548500980828,0.46535654900957724,0.2629991420506079,6.774048208293681,10.0,558,False,4983
144,42,off_integrated_refreshed,3,71,1.6031864405781786,3.7123694040095243,0.511449846453994,0.21777699876689072,6.6002014263258335,10.0,558,False,4983
144,42,off_integrated_refreshed,5,71,1.6044818635757316,3.688241974780196,0.5177795800831702,0.22007235320557922,6.397969057336173,10.0,558,False,4983
144,42,off_legacy,0,71,1.8500254429161573,3.8587317469733917,0.47216770219715276,0.2634779111337509,6.726542112517412,10.0,558,False,4983
144,42,off_legacy,1,71,1.8500254429161573,3.8587317469733917,0.47216770219715276,0.2634779111337509,6.726542112517412,10.0,558,False,4983
144,42,off_legacy,3,71,1.7052824995750504,3.7522723789105816,0.500890889215089,0.2384789126011015,6.587121961611675,10.0,558,False,4983
144,42,off_legacy,5,71,1.609873894640471,3.6707388198072772,0.5223456314432627,0.22205993169621996,6.30007978959478,10.0,558,False,4983
144,42,off_refreshed,0,71,1.8500254429161573,3.8587317469733917,0.47216770219715276,0.2634779111337509,6.726542112517412,10.0,558,False,4983
144,42,off_refreshed,1,71,1.8500254429161573,3.8587317469733917,0.47216770219715276,0.2634779111337509,6.726542112517412,10.0,558,False,4983
144,42,off_refreshed,3,71,1.6114218925140424,3.7002396907450983,0.5146371866334158,0.21926943282952005,6.553590239982111,10.0,558,False,4983
144,42,off_refreshed,5,71,1.6088367245721045,3.6735436087106117,0.5216154070529593,0.22105697859414458,6.348699700771784,10.0,558,False,4983
144,43,current_only_constant,0,71,1.8742558025027463,3.8889611493662044,0.4638652048762134,0.26736231902890695,6.794663297935717,10.0,558,False,4983
144,43,current_only_constant,1,71,1.8742558025027463,3.8889611493662044,0.4638652048762134,0.26736231902890695,6.794663297935717,10.0,558,False,4983
144,43,current_only_constant,3,71,1.7216685643822343,3.7631979961780617,0.4979801122146499,0.24145765810896866,6.633476584532061,10.0,558,False,4983
144,43,current_only_constant,5,71,1.6158866141837758,3.6731666098640683,0.521713590825734,0.22284524764037253,6.375767992443055,10.0,558,False,4983
144,43,current_only_integrated_constant,0,71,1.8742558025027463,3.8889611493662044,0.4638652048762134,0.26736231902890695,6.794663297935717,10.0,558,False,4983
144,43,current_only_integrated_constant,1,71,1.8742558025027463,3.8889611493662044,0.4638652048762134,0.26736231902890695,6.794663297935717,10.0,558,False,4983
144,43,current_only_integrated_constant,3,71,1.7216685643822343,3.7631979961780617,0.4979801122146499,0.24145765810896866,6.633476584532061,10.0,558,False,4983
144,43,current_only_integrated_constant,5,71,1.6158866141837758,3.6731666098640683,0.521713590825734,0.22284524764037253,6.375767992443055,10.0,558,False,4983
144,43,current_only_integrated_legacy,0,71,1.8742558025027463,3.8889611493662044,0.4638652048762134,0.26736231902890695,6.794663297935717,10.0,558,False,4983
144,43,current_only_integrated_legacy,1,71,1.874255802502746,3.8889611493662044,0.4638652048762134,0.26736231902890695,6.794663297935718,10.0,558,False,4983
144,43,current_only_integrated_legacy,3,71,1.620892934644722,3.704846084168441,0.5134279872819338,0.22319077853736446,6.574706518436229,10.0,558,False,4983
144,43,current_only_integrated_legacy,5,71,1.6043952698589408,3.673301515084524,0.5216784579144313,0.22098891579641564,6.369068561516302,10.0,558,False,4983
144,43,current_only_integrated_refreshed,0,71,1.8742558025027463,3.8889611493662044,0.4638652048762134,0.26736231902890695,6.794663297935717,10.0,558,False,4983
144,43,current_only_integrated_refreshed,1,71,1.874255802502746,3.8889611493662044,0.4638652048762134,0.26736231902890695,6.794663297935718,10.0,558,False,4983
144,43,current_only_integrated_refreshed,3,71,1.6143632197202054,3.704268071138857,0.5135798008890424,0.2212408136999805,6.624743404260397,10.0,558,False,4983
144,43,current_only_integrated_refreshed,5,71,1.575967258114942,3.652131403116563,0.5271759325639517,0.21314617063009225,6.35870057209294,10.0,558,False,4983
144,43,current_only_legacy,0,71,1.8742558025027463,3.8889611493662044,0.4638652048762134,0.26736231902890695,6.794663297935717,10.0,558,False,4983
144,43,current_only_legacy,1,71,1.874255802502746,3.8889611493662044,0.4638652048762134,0.26736231902890695,6.794663297935718,10.0,558,False,4983
144,43,current_only_legacy,3,71,1.6284422704004604,3.6908114121914584,0.5171074621544732,0.22438772990446657,6.527193000406567,10.0,558,False,4983
144,43,current_only_legacy,5,71,1.6043952698589408,3.673301515084524,0.5216784579144313,0.22098891579641564,6.369068561516302,10.0,558,False,4983
144,43,current_only_refreshed,0,71,1.8742558025027463,3.8889611493662044,0.4638652048762134,0.26736231902890695,6.794663297935717,10.0,558,False,4983
144,43,current_only_refreshed,1,71,1.874255802502746,3.8889611493662044,0.4638652048762134,0.26736231902890695,6.794663297935718,10.0,558,False,4983
144,43,current_only_refreshed,3,71,1.6350488889332935,3.694436730353714,0.5161583489762007,0.22529906283666434,6.558630712895793,10.0,558,False,4983
144,43,current_only_refreshed,5,71,1.5765684697891849,3.642138986081865,0.5297597343479922,0.2132445354371043,6.327336947003305,10.0,558,False,4983
144,43,full_history_constant,0,71,1.8622404648397597,3.887549153055029,0.4642544517188597,0.2643910983830904,6.836584471153368,10.0,558,False,4983
144,43,full_history_constant,1,71,1.8622404648397597,3.887549153055029,0.4642544517188597,0.2643910983830904,6.836584471153368,10.0,558,False,4983
144,43,full_history_constant,3,71,1.7133442477977483,3.7602623381814446,0.49876305473452387,0.23955174985307212,6.655422240130809,10.0,558,False,4983
144,43,full_history_constant,5,71,1.609063325778359,3.667591735224007,0.5231643082196178,0.2215029697595315,6.385160162338328,10.0,558,False,4983
144,43,full_history_integrated_constant,0,71,1.8538618126198423,3.907385776836245,0.4587731080098333,0.2626887170430418,6.881481174417388,10.0,558,False,4983
144,43,full_history_integrated_constant,1,71,1.8538618126198423,3.907385776836245,0.4587731080098333,0.2626887170430418,6.881481174417388,10.0,558,False,4983
144,43,full_history_integrated_constant,3,71,1.7133442477977483,3.7602623381814446,0.49876305473452387,0.23955174985307212,6.655422240130809,10.0,558,False,4983
144,43,full_history_integrated_constant,5,71,1.609063325778359,3.667591735224007,0.5231643082196178,0.2215029697595315,6.385160162338328,10.0,558,False,4983
144,43,full_history_integrated_legacy,0,71,1.8538618126198423,3.907385776836245,0.4587731080098333,0.2626887170430418,6.881481174417388,10.0,558,False,4983
144,43,full_history_integrated_legacy,1,71,1.8538618126198423,3.907385776836245,0.4587731080098333,0.2626887170430418,6.881481174417388,10.0,558,False,4983
144,43,full_history_integrated_legacy,3,71,1.6174701316987503,3.699209908513546,0.514907303432748,0.2225870763816316,6.5757659241502955,10.0,558,False,4983
144,43,full_history_integrated_legacy,5,71,1.5977746099921257,3.6672997311224544,0.5232402340286694,0.21980339029592624,6.374167027894607,10.0,558,False,4983
144,43,full_history_integrated_refreshed,0,71,1.8538618126198423,3.907385776836245,0.4587731080098333,0.2626887170430418,6.881481174417388,10.0,558,False,4983
144,43,full_history_integrated_refreshed,1,71,1.8538618126198423,3.907385776836245,0.4587731080098333,0.2626887170430418,6.881481174417388,10.0,558,False,4983
144,43,full_history_integrated_refreshed,3,71,1.6245455795686057,3.726895128890515,0.5076191776840406,0.22040310468123023,6.6904397526939885,10.0,558,False,4983
144,43,full_history_integrated_refreshed,5,71,1.6024602059255668,3.6770522642852654,0.5207011463164866,0.21994349865173177,6.427503655909034,10.0,558,False,4983
144,43,full_history_legacy,0,71,1.8622404648397597,3.887549153055029,0.4642544517188597,0.2643910983830904,6.836584471153368,10.0,558,False,4983
144,43,full_history_legacy,1,71,1.8622404648397597,3.887549153055029,0.4642544517188597,0.2643910983830904,6.836584471153368,10.0,558,False,4983
144,43,full_history_legacy,3,71,1.6241425908075942,3.683745915114371,0.5189545411164515,0.2235612269291432,6.530807550127815,10.0,558,False,4983
144,43,full_history_legacy,5,71,1.5977746099921257,3.6672997311224544,0.5232402340286694,0.21980339029592624,6.374167027894607,10.0,558,False,4983
144,43,full_history_refreshed,0,71,1.8622404648397597,3.887549153055029,0.4642544517188597,0.2643910983830904,6.836584471153368,10.0,558,False,4983
144,43,full_history_refreshed,1,71,1.8622404648397597,3.887549153055029,0.4642544517188597,0.2643910983830904,6.836584471153368,10.0,558,False,4983
144,43,full_history_refreshed,3,71,1.6245455795686057,3.726895128890515,0.5076191776840406,0.22040310468123023,6.6904397526939885,10.0,558,False,4983
144,43,full_history_refreshed,5,71,1.6024602059255668,3.6770522642852654,0.5207011463164866,0.21994349865173177,6.427503655909034,10.0,558,False,4983
144,43,off_constant,0,71,1.869458549739639,3.9228424063964202,0.45448272561957226,0.2661814870327558,6.938110303969029,10.0,558,False,4983
144,43,off_constant,1,71,1.869458549739639,3.9228424063964202,0.45448272561957226,0.2661814870327558,6.938110303969029,10.0,558,False,4983
144,43,off_constant,3,71,1.7157776126232538,3.7942955362094746,0.4896488538188547,0.23984084093663885,6.757412456566246,10.0,558,False,4983
144,43,off_constant,5,71,1.6127433220433491,3.696755435253798,0.5155508203333072,0.2220684425792502,6.461556569681301,10.0,558,False,4983
144,43,off_integrated_constant,0,71,1.869458549739639,3.9228424063964202,0.45448272561957226,0.2661814870327558,6.938110303969029,10.0,558,False,4983
144,43,off_integrated_constant,1,71,1.869458549739639,3.9228424063964202,0.45448272561957226,0.2661814870327558,6.938110303969029,10.0,558,False,4983
144,43,off_integrated_constant,3,71,1.7157776126232538,3.7942955362094746,0.4896488538188547,0.23984084093663885,6.757412456566246,10.0,558,False,4983
144,43,off_integrated_constant,5,71,1.6127433220433491,3.696755435253798,0.5155508203333072,0.2220684425792502,6.461556569681301,10.0,558,False,4983
144,43,off_integrated_legacy,0,71,1.869458549739639,3.9228424063964202,0.45448272561957226,0.2661814870327558,6.938110303969029,10.0,558,False,4983
144,43,off_integrated_legacy,1,71,1.869458549739639,3.9228424063964202,0.45448272561957226,0.2661814870327558,6.938110303969029,10.0,558,False,4983
144,43,off_integrated_legacy,3,71,1.6253999305419673,3.7131493412569916,0.5112445444234013,0.2238442484923716,6.610630518463936,10.0,558,False,4983
144,43,off_integrated_legacy,5,71,1.6032617206969213,3.696857428775329,0.5155240880485654,0.220543686177847,6.456053533126696,10.0,558,False,4983
144,43,off_integrated_refreshed,0,71,1.869458549739639,3.9228424063964202,0.45448272561957226,0.2661814870327558,6.938110303969029,10.0,558,False,4983
144,43,off_integrated_refreshed,1,71,1.869458549739639,3.9228424063964202,0.45448272561957226,0.2661814870327558,6.938110303969029,10.0,558,False,4983
144,43,off_integrated_refreshed,3,71,1.6289287177783403,3.7159748280934903,0.510500433482503,0.22420330935355606,6.637959699530916,10.0,558,False,4983
144,43,off_integrated_refreshed,5,71,1.6100810215098569,3.6965058482782203,0.5156162334373056,0.22157988437721715,6.463904496770317,10.0,558,False,4983
144,43,off_legacy,0,71,1.869458549739639,3.9228424063964202,0.45448272561957226,0.2661814870327558,6.938110303969029,10.0,558,False,4983
144,43,off_legacy,1,71,1.869458549739639,3.9228424063964202,0.45448272561957226,0.2661814870327558,6.938110303969029,10.0,558,False,4983
144,43,off_legacy,3,71,1.6253999305419673,3.7131493412569916,0.5112445444234013,0.2238442484923716,6.610630518463936,10.0,558,False,4983
144,43,off_legacy,5,71,1.6032617206969213,3.696857428775329,0.5155240880485654,0.220543686177847,6.456053533126696,10.0,558,False,4983
144,43,off_refreshed,0,71,1.869458549739639,3.9228424063964202,0.45448272561957226,0.2661814870327558,6.938110303969029,10.0,558,False,4983
144,43,off_refreshed,1,71,1.869458549739639,3.9228424063964202,0.45448272561957226,0.2661814870327558,6.938110303969029,10.0,558,False,4983
144,43,off_refreshed,3,71,1.6289287177783403,3.7159748280934903,0.510500433482503,0.22420330935355606,6.637959699530916,10.0,558,False,4983
144,43,off_refreshed,5,71,1.6100810215098569,3.6965058482782203,0.5156162334373056,0.22157988437721715,6.463904496770317,10.0,558,False,4983
144,44,current_only_constant,0,71,1.9669677336701992,3.9557675537036134,0.4452870400671185,0.28770873767939265,6.788777723807603,10.0,558,False,4983
144,44,current_only_constant,1,71,1.9669677336701992,3.9557675537036134,0.4452870400671185,0.28770873767939265,6.788777723807603,10.0,558,False,4983
144,44,current_only_constant,3,71,1.781593457011226,3.809970278395129,0.48542348638534194,0.25333427627541516,6.6597453175220815,10.0,558,False,4983
144,44,current_only_constant,5,71,1.6448536691875242,3.702431819508282,0.5140619304131269,0.22806166823653073,6.375493949792756,10.0,558,False,4983
144,44,current_only_integrated_constant,0,71,1.9440170545063955,3.9623464458953968,0.443440404038826,0.2829964228962013,6.8435103686703025,10.0,558,False,4983
144,44,current_only_integrated_constant,1,71,1.9440170545063955,3.9623464458953968,0.443440404038826,0.2829964228962013,6.8435103686703025,10.0,558,False,4983
144,44,current_only_integrated_constant,3,71,1.7615387980139314,3.817449348330785,0.4834012495403246,0.24930548695906202,6.703259890830891,10.0,558,False,4983
144,44,current_only_integrated_constant,5,71,1.632642016597354,3.7107378435294858,0.5118791808636716,0.22559007989960195,6.415567641267905,10.0,558,False,4983
144,44,current_only_integrated_legacy,0,71,1.9440170545063955,3.9623464458953968,0.443440404038826,0.2829964228962013,6.8435103686703025,10.0,558,False,4983
144,44,current_only_integrated_legacy,1,71,1.944017054506395,3.9623464458953963,0.4434404040388261,0.2829964228962013,6.843510368670303,10.0,558,False,4983
144,44,current_only_integrated_legacy,3,71,1.7633608626047972,3.8160786874451107,0.48377215404610774,0.25082768604484246,6.683598852347464,10.0,558,False,4983
144,44,current_only_integrated_legacy,5,71,1.6298273763475608,3.7032510093989988,0.5138468719801401,0.2256110757719702,6.370802993182417,10.0,558,False,4983
144,44,current_only_integrated_refreshed,0,71,1.9440170545063955,3.9623464458953968,0.443440404038826,0.2829964228962013,6.8435103686703025,10.0,558,False,4983
144,44,current_only_integrated_refreshed,1,71,1.944017054506395,3.9623464458953963,0.4434404040388261,0.2829964228962013,6.843510368670303,10.0,558,False,4983
144,44,current_only_integrated_refreshed,3,71,1.646356408312624,3.736677337224474,0.5050310217036811,0.2259982105662268,6.637840845033977,10.0,558,False,4983
144,44,current_only_integrated_refreshed,5,71,1.6361557627570267,3.7134523093432965,0.5111647828342514,0.22613152125675873,6.420218490319901,10.0,558,False,4983
144,44,current_only_legacy,0,71,1.9669677336701992,3.9557675537036134,0.4452870400671185,0.28770873767939265,6.788777723807603,10.0,558,False,4983
144,44,current_only_legacy,1,71,1.9669677336701992,3.9557675537036134,0.4452870400671185,0.28770873767939265,6.788777723807603,10.0,558,False,4983
144,44,current_only_legacy,3,71,1.7850240565165052,3.8092953011563213,0.48560579576968943,0.2552136295483661,6.640989943210466,10.0,558,False,4983
144,44,current_only_legacy,5,71,1.6426680263550735,3.695734883868854,0.5158182640663124,0.22817707396142553,6.33506174938228,10.0,558,False,4983
144,44,current_only_refreshed,0,71,1.9669677336701992,3.9557675537036134,0.4452870400671185,0.28770873767939265,6.788777723807603,10.0,558,False,4983
144,44,current_only_refreshed,1,71,1.9669677336701992,3.9557675537036134,0.4452870400671185,0.28770873767939265,6.788777723807603,10.0,558,False,4983
144,44,current_only_refreshed,3,71,1.6621193507728962,3.730527696650377,0.5066588724930181,0.2289960415861983,6.600691513338414,10.0,558,False,4983
144,44,current_only_refreshed,5,71,1.6482055460086145,3.7051287068914074,0.5133537485420681,0.22860839894919557,6.379510813445464,10.0,558,False,4983
144,44,full_history_constant,0,71,1.9565434528860066,3.954345410863797,0.44568581944311325,0.28532886614559394,6.8108783829282835,10.0,558,False,4983
144,44,full_history_constant,1,71,1.9565434528860066,3.954345410863797,0.44568581944311325,0.28532886614559394,6.8108783829282835,10.0,558,False,4983
144,44,full_history_constant,3,71,1.7749886188686947,3.8096813839198713,0.485501519894762,0.25197734284025075,6.673013136781261,10.0,558,False,4983
144,44,full_history_constant,5,71,1.642013561363874,3.7024500716706377,0.5140571392689084,0.22762804718668,6.3826314784062035,10.0,558,False,4983
144,44,full_history_integrated_constant,0,71,1.9363481838916299,3.9621382839101487,0.4434988802517341,0.2810889153899764,6.861266895177085,10.0,558,False,4983
144,44,full_history_integrated_constant,1,71,1.9363481838916299,3.9621382839101487,0.4434988802517341,0.2810889153899764,6.861266895177085,10.0,558,False,4983
144,44,full_history_integrated_constant,3,71,1.7566860039456302,3.8176995322503466,0.48333353472679985,0.2482293827031846,6.714258197914653,10.0,558,False,4983
144,44,full_history_integrated_constant,5,71,1.6306404495263216,3.711036168666993,0.5118006926652892,0.22523898268420547,6.422157096740044,10.0,558,False,4983
144,44,full_history_integrated_legacy,0,71,1.9363481838916299,3.9621382839101487,0.4434988802517341,0.2810889153899764,6.861266895177085,10.0,558,False,4983
144,44,full_history_integrated_legacy,1,71,1.9363481838916299,3.9621382839101487,0.4434988802517341,0.2810889153899764,6.861266895177085,10.0,558,False,4983
144,44,full_history_integrated_legacy,3,71,1.7586781721140339,3.81614852996222,0.4837532576946143,0.2497976004163011,6.69420226680761,10.0,558,False,4983
144,44,full_history_integrated_legacy,5,71,1.6281519982399209,3.703436056938586,0.513798285650122,0.22534973708539371,6.376354809879802,10.0,558,False,4983
144,44,full_history_integrated_refreshed,0,71,1.9363481838916299,3.9621382839101487,0.4434988802517341,0.2810889153899764,6.861266895177085,10.0,558,False,4983
144,44,full_history_integrated_refreshed,1,71,1.9363481838916299,3.9621382839101487,0.4434988802517341,0.2810889153899764,6.861266895177085,10.0,558,False,4983
144,44,full_history_integrated_refreshed,3,71,1.6444743370119828,3.734461285947131,0.5056179342380659,0.22615436744450765,6.622774098483267,10.0,558,False,4983
144,44,full_history_integrated_refreshed,5,71,1.634602803540316,3.715219764961737,0.5106993398488011,0.2259275499781509,6.4282942703968295,10.0,558,False,4983
144,44,full_history_legacy,0,71,1.9565434528860066,3.954345410863797,0.44568581944311325,0.28532886614559394,6.8108783829282835,10.0,558,False,4983
144,44,full_history_legacy,1,71,1.9565434528860066,3.954345410863797,0.44568581944311325,0.28532886614559394,6.8108783829282835,10.0,558,False,4983
144,44,full_history_legacy,3,71,1.774752619491176,3.808978786540938,0.48569127431979,0.25204362234219946,6.67088664091717,10.0,558,False,4983
144,44,full_history_legacy,5,71,1.6399080470902674,3.6956163390755004,0.5158493249000007,0.22780334046061704,6.340832282343859,10.0,558,False,4983
144,44,full_history_refreshed,0,71,1.9565434528860066,3.954345410863797,0.44568581944311325,0.28532886614559394,6.8108783829282835,10.0,558,False,4983
144,44,full_history_refreshed,1,71,1.9565434528860066,3.954345410863797,0.44568581944311325,0.28532886614559394,6.8108783829282835,10.0,558,False,4983
144,44,full_history_refreshed,3,71,1.6596995762770779,3.7284801448513116,0.507200278095773,0.22913477487256378,6.587766306563798,10.0,558,False,4983
144,44,full_history_refreshed,5,71,1.645886181191033,3.7068925712256857,0.5128902924226867,0.22834777460800207,6.388411159975582,10.0,558,False,4983
144,44,off_constant,0,71,1.9677437740741666,3.954453090691164,0.4456556302402246,0.28674500783595314,6.766454787648093,10.0,558,False,4983
144,44,off_constant,1,71,1.9677437740741666,3.954453090691164,0.4456556302402246,0.28674500783595314,6.766454787648093,10.0,558,False,4983
144,44,off_constant,3,71,1.782038215665917,3.807620630308103,0.48605797999468103,0.2527955873087809,6.645241265958177,10.0,558,False,4983
144,44,off_constant,5,71,1.6449256557076295,3.7001980211588767,0.514648118224562,0.2278122100546968,6.364656466056188,10.0,558,False,4983
144,44,off_integrated_constant,0,71,1.944062004236128,3.9605491134952397,0.4439452037747449,0.28223670394369965,6.825523685871346,10.0,558,False,4983
144,44,off_integrated_constant,1,71,1.944062004236128,3.9605491134952397,0.4439452037747449,0.28223670394369965,6.825523685871346,10.0,558,False,4983
144,44,off_integrated_constant,3,71,1.7614933236041213,3.8151676627933693,0.48401860606894387,0.2488999956162048,6.690705068815323,10.0,558,False,4983
144,44,off_integrated_constant,5,71,1.6325046363584688,3.7087206800138506,0.5124097232671808,0.22540380232989582,6.406596601347342,10.0,558,False,4983
144,44,off_integrated_legacy,0,71,1.944062004236128,3.9605491134952397,0.4439452037747449,0.28223670394369965,6.825523685871346,10.0,558,False,4983
144,44,off_integrated_legacy,1,71,1.944062004236128,3.9605491134952397,0.4439452037747449,0.28223670394369965,6.825523685871346,10.0,558,False,4983
144,44,off_integrated_legacy,3,71,1.7629666561472352,3.8136845836048825,0.4844196854434727,0.25035125991870233,6.670829204444434,10.0,558,False,4983
144,44,off_integrated_legacy,5,71,1.6297752805239567,3.7012245942053528,0.5143787714093402,0.2254240375292933,6.362627910585381,10.0,558,False,4983
144,44,off_integrated_refreshed,0,71,1.944062004236128,3.9605491134952397,0.4439452037747449,0.28223670394369965,6.825523685871346,10.0,558,False,4983
144,44,off_integrated_refreshed,1,71,1.944062004236128,3.9605491134952397,0.4439452037747449,0.28223670394369965,6.825523685871346,10.0,558,False,4983
144,44,off_integrated_refreshed,3,71,1.6463851491715233,3.7273079346263724,0.5075100955245163,0.22645861554236893,6.608601964426207,10.0,558,False,4983
144,44,off_integrated_refreshed,5,71,1.6357500859412333,3.7079524793914693,0.5126116949947106,0.22620550674969359,6.398768877709588,10.0,558,False,4983
144,44,off_legacy,0,71,1.9677437740741666,3.954453090691164,0.4456556302402246,0.28674500783595314,6.766454787648093,10.0,558,False,4983
144,44,off_legacy,1,71,1.9677437740741666,3.954453090691164,0.4456556302402246,0.28674500783595314,6.766454787648093,10.0,558,False,4983
144,44,off_legacy,3,71,1.7850211033287458,3.8067529226741574,0.4862921948202479,0.2545755982851867,6.6260420342544695,10.0,558,False,4983
144,44,off_legacy,5,71,1.642776088545831,3.693471271112294,0.5164111985392019,0.2279058744591203,6.325549367966006,10.0,558,False,4983
144,44,off_refreshed,0,71,1.9677437740741666,3.954453090691164,0.4456556302402246,0.28674500783595314,6.766454787648093,10.0,558,False,4983
144,44,off_refreshed,1,71,1.9677437740741666,3.954453090691164,0.4456556302402246,0.28674500783595314,6.766454787648093,10.0,558,False,4983
144,44,off_refreshed,3,71,1.6618419982664914,3.7206994559805993,0.509254906460374,0.22932793235616533,6.567475238242524,10.0,558,False,4983
144,44,off_refreshed,5,71,1.6480132551686608,3.6991874953054555,0.5149131816883121,0.2286404930083895,6.355868862448526,10.0,558,False,4983
