split_seed,seed,model_name,k,station,error
142,42,current_complete,0,03025490,1.1230757811614323
142,42,current_complete,0,03040000,0.5784329680174911
142,42,current_complete,0,03075001,0.5814426071317663
142,42,current_complete,0,03110983,2.0556202419594585
142,42,current_complete,0,03144270,1.4994767285167736
142,42,current_complete,0,03185400,0.21651007629129712
142,42,current_complete,0,03207962,1.4367422768682463
142,42,current_complete,0,03209500,1.6599628798844577
142,42,current_complete,0,03216600,0.8974145940575519
142,42,current_complete,0,03280000,0.6231699255960779
142,42,current_complete,0,03281000,0.48070095618674386
142,42,current_complete,0,03353637,0.874314786066821
142,42,current_complete,0,03453500,2.8447937180393734
142,42,current_complete,0,03459500,9.735987315616333
142,42,current_complete,0,05320270,1.996709351557971
142,42,current_complete,0,05325000,1.4816401999672055
142,42,current_complete,0,05330902,1.3951242292516857
142,42,current_complete,0,05340500,2.011738270913981
142,42,current_complete,0,05420680,1.2173093662481795
142,42,current_complete,0,05455100,1.3983648711421612
142,42,current_complete,0,05464935,0.6422071413282094
142,42,current_complete,0,05474000,1.296016481554166
142,42,current_complete,0,05550000,1.5208888163322674
142,42,current_complete,0,06054500,1.3791576867166364
142,42,current_complete,0,06057000,0.9782688646848042
142,42,current_complete,0,06183450,5.896210469894745
142,42,current_complete,0,06296003,2.7604647399076003
142,42,current_complete,0,06307616,2.6002456927471496
142,42,current_complete,0,06316400,2.625621191333758
142,42,current_complete,0,06324500,1.387148307427004
142,42,current_complete,0,06326500,1.7400409100731222
142,42,current_complete,0,06326530,1.4449478907222852
142,42,current_complete,0,06332520,2.57496098811335
142,42,current_complete,0,06339900,4.798010104661804
142,42,current_complete,0,06340580,5.3284110100732995
142,42,current_complete,0,06340780,7.16623523729973
142,42,current_complete,0,06343000,6.53870761551455
142,42,current_complete,0,06609500,1.0072992877711535
142,42,current_complete,0,06710200,6.411101584695453
142,42,current_complete,0,06719505,0.7808799957795878
142,42,current_complete,0,06753990,4.155176232903446
142,42,current_complete,0,06795500,2.6050932196705494
142,42,current_complete,0,06801000,1.2576597433758916
142,42,current_complete,0,06818000,0.9904208815712718
142,42,current_complete,0,06890900,0.664353354588685
142,42,current_complete,0,06893400,1.1633333229483158
142,42,current_complete,0,06893820,0.596507763191301
142,42,current_complete,0,06893970,0.7064675980432016
142,42,current_complete,0,06905500,2.2749152372471713
142,42,current_complete,0,06923150,1.2408618815851769
142,42,current_complete,0,07055646,0.7809323195654
142,42,current_complete,0,07083000,0.8704431591426719
142,42,current_complete,0,07144780,2.590750320653167
142,42,current_complete,0,07231990,5.159028421556534
142,42,matched_nonupstream,0,03025490,1.1230757811614323
142,42,matched_nonupstream,0,03040000,0.5784329680174911
142,42,matched_nonupstream,0,03075001,0.5814426071317663
142,42,matched_nonupstream,0,03110983,2.0556202419594585
142,42,matched_nonupstream,0,03144270,1.4994767285167736
142,42,matched_nonupstream,0,03185400,0.21651007629129712
142,42,matched_nonupstream,0,03207962,1.4367422768682463
142,42,matched_nonupstream,0,03209500,1.6599628798844577
142,42,matched_nonupstream,0,03216600,0.8974145940575519
142,42,matched_nonupstream,0,03280000,0.6231699255960779
142,42,matched_nonupstream,0,03281000,0.48070095618674386
142,42,matched_nonupstream,0,03353637,0.874314786066821
142,42,matched_nonupstream,0,03453500,2.8447937180393734
142,42,matched_nonupstream,0,03459500,9.735987315616333
142,42,matched_nonupstream,0,05320270,1.996709351557971
142,42,matched_nonupstream,0,05325000,1.4816401999672055
142,42,matched_nonupstream,0,05330902,1.3951242292516857
142,42,matched_nonupstream,0,05340500,2.011738270913981
142,42,matched_nonupstream,0,05420680,1.2173093662481795
142,42,matched_nonupstream,0,05455100,1.3983648711421612
142,42,matched_nonupstream,0,05464935,0.6422071413282094
142,42,matched_nonupstream,0,05474000,1.296016481554166
142,42,matched_nonupstream,0,05550000,1.5208888163322674
142,42,matched_nonupstream,0,06054500,1.3791576867166364
142,42,matched_nonupstream,0,06057000,0.9782688646848042
142,42,matched_nonupstream,0,06183450,5.896210469894745
142,42,matched_nonupstream,0,06296003,2.7604647399076003
142,42,matched_nonupstream,0,06307616,2.6002456927471496
142,42,matched_nonupstream,0,06316400,2.625621191333758
142,42,matched_nonupstream,0,06324500,1.387148307427004
142,42,matched_nonupstream,0,06326500,1.7400409100731222
142,42,matched_nonupstream,0,06326530,1.4449478907222852
142,42,matched_nonupstream,0,06332520,2.57496098811335
142,42,matched_nonupstream,0,06339900,4.798010104661804
142,42,matched_nonupstream,0,06340580,5.3284110100732995
142,42,matched_nonupstream,0,06340780,7.16623523729973
142,42,matched_nonupstream,0,06343000,6.53870761551455
142,42,matched_nonupstream,0,06609500,1.0072992877711535
142,42,matched_nonupstream,0,06710200,6.411101584695453
142,42,matched_nonupstream,0,06719505,0.7808799957795878
142,42,matched_nonupstream,0,06753990,4.155176232903446
142,42,matched_nonupstream,0,06795500,2.6050932196705494
142,42,matched_nonupstream,0,06801000,1.2576597433758916
142,42,matched_nonupstream,0,06818000,0.9904208815712718
142,42,matched_nonupstream,0,06890900,0.664353354588685
142,42,matched_nonupstream,0,06893400,1.1633333229483158
142,42,matched_nonupstream,0,06893820,0.596507763191301
142,42,matched_nonupstream,0,06893970,0.7064675980432016
142,42,matched_nonupstream,0,06905500,2.2749152372471713
142,42,matched_nonupstream,0,06923150,1.2408618815851769
142,42,matched_nonupstream,0,07055646,0.7809323195654
142,42,matched_nonupstream,0,07083000,0.8704431591426719
142,42,matched_nonupstream,0,07144780,2.590750320653167
142,42,matched_nonupstream,0,07231990,5.159028421556534
142,42,simple_upstream,0,03025490,1.1230757811614323
142,42,simple_upstream,0,03040000,0.5784329680174911
142,42,simple_upstream,0,03075001,0.5814426071317663
142,42,simple_upstream,0,03110983,2.0556202419594585
142,42,simple_upstream,0,03144270,1.4994767285167736
142,42,simple_upstream,0,03185400,0.21651007629129712
142,42,simple_upstream,0,03207962,1.4367422768682463
142,42,simple_upstream,0,03209500,1.6599628798844577
142,42,simple_upstream,0,03216600,0.8974145940575519
142,42,simple_upstream,0,03280000,0.6231699255960779
142,42,simple_upstream,0,03281000,0.48070095618674386
142,42,simple_upstream,0,03353637,0.874314786066821
142,42,simple_upstream,0,03453500,2.8447937180393734
142,42,simple_upstream,0,03459500,9.735987315616333
142,42,simple_upstream,0,05320270,1.996709351557971
142,42,simple_upstream,0,05325000,1.4816401999672055
142,42,simple_upstream,0,05330902,1.3951242292516857
142,42,simple_upstream,0,05340500,2.011738270913981
142,42,simple_upstream,0,05420680,1.2173093662481795
142,42,simple_upstream,0,05455100,1.3983648711421612
142,42,simple_upstream,0,05464935,0.6422071413282094
142,42,simple_upstream,0,05474000,1.296016481554166
142,42,simple_upstream,0,05550000,1.5208888163322674
142,42,simple_upstream,0,06054500,1.3791576867166364
142,42,simple_upstream,0,06057000,0.9782688646848042
142,42,simple_upstream,0,06183450,5.896210469894745
142,42,simple_upstream,0,06296003,2.7604647399076003
142,42,simple_upstream,0,06307616,2.6002456927471496
142,42,simple_upstream,0,06316400,2.625621191333758
142,42,simple_upstream,0,06324500,1.387148307427004
142,42,simple_upstream,0,06326500,1.7400409100731222
142,42,simple_upstream,0,06326530,1.4449478907222852
142,42,simple_upstream,0,06332520,2.57496098811335
142,42,simple_upstream,0,06339900,4.798010104661804
142,42,simple_upstream,0,06340580,5.3284110100732995
142,42,simple_upstream,0,06340780,7.16623523729973
142,42,simple_upstream,0,06343000,6.53870761551455
142,42,simple_upstream,0,06609500,1.0072992877711535
142,42,simple_upstream,0,06710200,6.411101584695453
142,42,simple_upstream,0,06719505,0.7808799957795878
142,42,simple_upstream,0,06753990,4.155176232903446
142,42,simple_upstream,0,06795500,2.6050932196705494
142,42,simple_upstream,0,06801000,1.2576597433758916
142,42,simple_upstream,0,06818000,0.9904208815712718
142,42,simple_upstream,0,06890900,0.664353354588685
142,42,simple_upstream,0,06893400,1.1633333229483158
142,42,simple_upstream,0,06893820,0.596507763191301
142,42,simple_upstream,0,06893970,0.7064675980432016
142,42,simple_upstream,0,06905500,2.2749152372471713
142,42,simple_upstream,0,06923150,1.2408618815851769
142,42,simple_upstream,0,07055646,0.7809323195654
142,42,simple_upstream,0,07083000,0.8704431591426719
142,42,simple_upstream,0,07144780,2.590750320653167
142,42,simple_upstream,0,07231990,5.159028421556534
142,42,structure_upstream,0,03025490,1.1230757811614323
142,42,structure_upstream,0,03040000,0.5784329680174911
142,42,structure_upstream,0,03075001,0.5814426071317663
142,42,structure_upstream,0,03110983,2.0556202419594585
142,42,structure_upstream,0,03144270,1.4994767285167736
142,42,structure_upstream,0,03185400,0.21651007629129712
142,42,structure_upstream,0,03207962,1.4367422768682463
142,42,structure_upstream,0,03209500,1.6599628798844577
142,42,structure_upstream,0,03216600,0.8974145940575519
142,42,structure_upstream,0,03280000,0.6231699255960779
142,42,structure_upstream,0,03281000,0.48070095618674386
142,42,structure_upstream,0,03353637,0.874314786066821
142,42,structure_upstream,0,03453500,2.8447937180393734
142,42,structure_upstream,0,03459500,9.735987315616333
142,42,structure_upstream,0,05320270,1.996709351557971
142,42,structure_upstream,0,05325000,1.4816401999672055
142,42,structure_upstream,0,05330902,1.3951242292516857
142,42,structure_upstream,0,05340500,2.011738270913981
142,42,structure_upstream,0,05420680,1.2173093662481795
142,42,structure_upstream,0,05455100,1.3983648711421612
142,42,structure_upstream,0,05464935,0.6422071413282094
142,42,structure_upstream,0,05474000,1.296016481554166
142,42,structure_upstream,0,05550000,1.5208888163322674
142,42,structure_upstream,0,06054500,1.3791576867166364
142,42,structure_upstream,0,06057000,0.9782688646848042
142,42,structure_upstream,0,06183450,5.896210469894745
142,42,structure_upstream,0,06296003,2.7604647399076003
142,42,structure_upstream,0,06307616,2.6002456927471496
142,42,structure_upstream,0,06316400,2.625621191333758
142,42,structure_upstream,0,06324500,1.387148307427004
142,42,structure_upstream,0,06326500,1.7400409100731222
142,42,structure_upstream,0,06326530,1.4449478907222852
142,42,structure_upstream,0,06332520,2.57496098811335
142,42,structure_upstream,0,06339900,4.798010104661804
142,42,structure_upstream,0,06340580,5.3284110100732995
142,42,structure_upstream,0,06340780,7.16623523729973
142,42,structure_upstream,0,06343000,6.53870761551455
142,42,structure_upstream,0,06609500,1.0072992877711535
142,42,structure_upstream,0,06710200,6.411101584695453
142,42,structure_upstream,0,06719505,0.7808799957795878
142,42,structure_upstream,0,06753990,4.155176232903446
142,42,structure_upstream,0,06795500,2.6050932196705494
142,42,structure_upstream,0,06801000,1.2576597433758916
142,42,structure_upstream,0,06818000,0.9904208815712718
142,42,structure_upstream,0,06890900,0.664353354588685
142,42,structure_upstream,0,06893400,1.1633333229483158
142,42,structure_upstream,0,06893820,0.596507763191301
142,42,structure_upstream,0,06893970,0.7064675980432016
142,42,structure_upstream,0,06905500,2.2749152372471713
142,42,structure_upstream,0,06923150,1.2408618815851769
142,42,structure_upstream,0,07055646,0.7809323195654
142,42,structure_upstream,0,07083000,0.8704431591426719
142,42,structure_upstream,0,07144780,2.590750320653167
142,42,structure_upstream,0,07231990,5.159028421556534
142,43,current_complete,0,03025490,0.8734514294832487
142,43,current_complete,0,03040000,0.6198075688557358
142,43,current_complete,0,03075001,0.5504348720368394
142,43,current_complete,0,03110983,2.2133797027275612
142,43,current_complete,0,03144270,1.5022034638296888
142,43,current_complete,0,03185400,0.40675745294937266
142,43,current_complete,0,03207962,1.521540064988864
142,43,current_complete,0,03209500,1.6064029053251905
142,43,current_complete,0,03216600,0.9634929810901969
142,43,current_complete,0,03280000,0.7671955666757567
142,43,current_complete,0,03281000,0.55906522672224
142,43,current_complete,0,03353637,0.892440171292883
142,43,current_complete,0,03453500,2.9550557389327583
142,43,current_complete,0,03459500,9.783880530597978
142,43,current_complete,0,05320270,2.065312671792005
142,43,current_complete,0,05325000,1.5417729856821711
142,43,current_complete,0,05330902,1.3061009476679284
142,43,current_complete,0,05340500,2.5263765088096086
142,43,current_complete,0,05420680,1.161392577389302
142,43,current_complete,0,05455100,1.3699026409038397
142,43,current_complete,0,05464935,0.7298853659396909
142,43,current_complete,0,05474000,1.2735082195893923
142,43,current_complete,0,05550000,0.9744389513544288
142,43,current_complete,0,06054500,2.085692091367849
142,43,current_complete,0,06057000,0.9914316226082728
142,43,current_complete,0,06183450,5.576348130235971
142,43,current_complete,0,06296003,2.820018554316413
142,43,current_complete,0,06307616,2.582286417305634
142,43,current_complete,0,06316400,2.476497048699061
142,43,current_complete,0,06324500,1.3809467280613905
142,43,current_complete,0,06326500,1.7046777254307965
142,43,current_complete,0,06326530,1.2773008791965998
142,43,current_complete,0,06332520,2.5331794452807537
142,43,current_complete,0,06339900,4.806663958273277
142,43,current_complete,0,06340580,5.629573397343493
142,43,current_complete,0,06340780,7.292599266511373
142,43,current_complete,0,06343000,6.292096217339689
142,43,current_complete,0,06609500,1.0484103231859117
142,43,current_complete,0,06710200,6.203126385430181
142,43,current_complete,0,06719505,0.5617046723278981
142,43,current_complete,0,06753990,3.379656915952668
142,43,current_complete,0,06795500,2.301556174048452
142,43,current_complete,0,06801000,1.0570391530620347
142,43,current_complete,0,06818000,1.1401447239600289
142,43,current_complete,0,06890900,0.731255647490293
142,43,current_complete,0,06893400,1.1128769792913646
142,43,current_complete,0,06893820,0.6994720687643972
142,43,current_complete,0,06893970,0.67705542361753
142,43,current_complete,0,06905500,2.295406465238891
142,43,current_complete,0,06923150,1.2524766418493682
142,43,current_complete,0,07055646,0.5574028370221759
142,43,current_complete,0,07083000,1.053075615850688
142,43,current_complete,0,07144780,2.5345805605910576
142,43,current_complete,0,07231990,4.826039179156559
142,43,matched_nonupstream,0,03025490,0.8734514294832487
142,43,matched_nonupstream,0,03040000,0.6198075688557358
142,43,matched_nonupstream,0,03075001,0.5504348720368394
142,43,matched_nonupstream,0,03110983,2.2133797027275612
142,43,matched_nonupstream,0,03144270,1.5022034638296888
142,43,matched_nonupstream,0,03185400,0.40675745294937266
142,43,matched_nonupstream,0,03207962,1.521540064988864
142,43,matched_nonupstream,0,03209500,1.6064029053251905
142,43,matched_nonupstream,0,03216600,0.9634929810901969
142,43,matched_nonupstream,0,03280000,0.7671955666757567
142,43,matched_nonupstream,0,03281000,0.55906522672224
142,43,matched_nonupstream,0,03353637,0.892440171292883
142,43,matched_nonupstream,0,03453500,2.9550557389327583
142,43,matched_nonupstream,0,03459500,9.783880530597978
142,43,matched_nonupstream,0,05320270,2.065312671792005
142,43,matched_nonupstream,0,05325000,1.5417729856821711
142,43,matched_nonupstream,0,05330902,1.3061009476679284
142,43,matched_nonupstream,0,05340500,2.5263765088096086
142,43,matched_nonupstream,0,05420680,1.161392577389302
142,43,matched_nonupstream,0,05455100,1.3699026409038397
142,43,matched_nonupstream,0,05464935,0.7298853659396909
142,43,matched_nonupstream,0,05474000,1.2735082195893923
142,43,matched_nonupstream,0,05550000,0.9744389513544288
142,43,matched_nonupstream,0,06054500,2.085692091367849
142,43,matched_nonupstream,0,06057000,0.9914316226082728
142,43,matched_nonupstream,0,06183450,5.576348130235971
142,43,matched_nonupstream,0,06296003,2.820018554316413
142,43,matched_nonupstream,0,06307616,2.582286417305634
142,43,matched_nonupstream,0,06316400,2.476497048699061
142,43,matched_nonupstream,0,06324500,1.3809467280613905
142,43,matched_nonupstream,0,06326500,1.7046777254307965
142,43,matched_nonupstream,0,06326530,1.2773008791965998
142,43,matched_nonupstream,0,06332520,2.5331794452807537
142,43,matched_nonupstream,0,06339900,4.806663958273277
142,43,matched_nonupstream,0,06340580,5.629573397343493
142,43,matched_nonupstream,0,06340780,7.292599266511373
142,43,matched_nonupstream,0,06343000,6.292096217339689
142,43,matched_nonupstream,0,06609500,1.0484103231859117
142,43,matched_nonupstream,0,06710200,6.203126385430181
142,43,matched_nonupstream,0,06719505,0.5617046723278981
142,43,matched_nonupstream,0,06753990,3.379656915952668
142,43,matched_nonupstream,0,06795500,2.301556174048452
142,43,matched_nonupstream,0,06801000,1.0570391530620347
142,43,matched_nonupstream,0,06818000,1.1401447239600289
142,43,matched_nonupstream,0,06890900,0.731255647490293
142,43,matched_nonupstream,0,06893400,1.1128769792913646
142,43,matched_nonupstream,0,06893820,0.6994720687643972
142,43,matched_nonupstream,0,06893970,0.67705542361753
142,43,matched_nonupstream,0,06905500,2.295406465238891
142,43,matched_nonupstream,0,06923150,1.2524766418493682
142,43,matched_nonupstream,0,07055646,0.5574028370221759
142,43,matched_nonupstream,0,07083000,1.053075615850688
142,43,matched_nonupstream,0,07144780,2.5345805605910576
142,43,matched_nonupstream,0,07231990,4.826039179156559
142,43,simple_upstream,0,03025490,0.8734514294832487
142,43,simple_upstream,0,03040000,0.6198075688557358
142,43,simple_upstream,0,03075001,0.5504348720368394
142,43,simple_upstream,0,03110983,2.2133797027275612
142,43,simple_upstream,0,03144270,1.5022034638296888
142,43,simple_upstream,0,03185400,0.40675745294937266
142,43,simple_upstream,0,03207962,1.521540064988864
142,43,simple_upstream,0,03209500,1.6064029053251905
142,43,simple_upstream,0,03216600,0.9634929810901969
142,43,simple_upstream,0,03280000,0.7671955666757567
142,43,simple_upstream,0,03281000,0.55906522672224
142,43,simple_upstream,0,03353637,0.892440171292883
142,43,simple_upstream,0,03453500,2.9550557389327583
142,43,simple_upstream,0,03459500,9.783880530597978
142,43,simple_upstream,0,05320270,2.065312671792005
142,43,simple_upstream,0,05325000,1.5417729856821711
142,43,simple_upstream,0,05330902,1.3061009476679284
142,43,simple_upstream,0,05340500,2.5263765088096086
142,43,simple_upstream,0,05420680,1.161392577389302
142,43,simple_upstream,0,05455100,1.3699026409038397
142,43,simple_upstream,0,05464935,0.7298853659396909
142,43,simple_upstream,0,05474000,1.2735082195893923
142,43,simple_upstream,0,05550000,0.9744389513544288
142,43,simple_upstream,0,06054500,2.085692091367849
142,43,simple_upstream,0,06057000,0.9914316226082728
142,43,simple_upstream,0,06183450,5.576348130235971
142,43,simple_upstream,0,06296003,2.820018554316413
142,43,simple_upstream,0,06307616,2.582286417305634
142,43,simple_upstream,0,06316400,2.476497048699061
142,43,simple_upstream,0,06324500,1.3809467280613905
142,43,simple_upstream,0,06326500,1.7046777254307965
142,43,simple_upstream,0,06326530,1.2773008791965998
142,43,simple_upstream,0,06332520,2.5331794452807537
142,43,simple_upstream,0,06339900,4.806663958273277
142,43,simple_upstream,0,06340580,5.629573397343493
142,43,simple_upstream,0,06340780,7.292599266511373
142,43,simple_upstream,0,06343000,6.292096217339689
142,43,simple_upstream,0,06609500,1.0484103231859117
142,43,simple_upstream,0,06710200,6.203126385430181
142,43,simple_upstream,0,06719505,0.5617046723278981
142,43,simple_upstream,0,06753990,3.379656915952668
142,43,simple_upstream,0,06795500,2.301556174048452
142,43,simple_upstream,0,06801000,1.0570391530620347
142,43,simple_upstream,0,06818000,1.1401447239600289
142,43,simple_upstream,0,06890900,0.731255647490293
142,43,simple_upstream,0,06893400,1.1128769792913646
142,43,simple_upstream,0,06893820,0.6994720687643972
142,43,simple_upstream,0,06893970,0.67705542361753
142,43,simple_upstream,0,06905500,2.295406465238891
142,43,simple_upstream,0,06923150,1.2524766418493682
142,43,simple_upstream,0,07055646,0.5574028370221759
142,43,simple_upstream,0,07083000,1.053075615850688
142,43,simple_upstream,0,07144780,2.5345805605910576
142,43,simple_upstream,0,07231990,4.826039179156559
142,43,structure_upstream,0,03025490,0.8734514294832487
142,43,structure_upstream,0,03040000,0.6198075688557358
142,43,structure_upstream,0,03075001,0.5504348720368394
142,43,structure_upstream,0,03110983,2.2133797027275612
142,43,structure_upstream,0,03144270,1.5022034638296888
142,43,structure_upstream,0,03185400,0.40675745294937266
142,43,structure_upstream,0,03207962,1.521540064988864
142,43,structure_upstream,0,03209500,1.6064029053251905
142,43,structure_upstream,0,03216600,0.9634929810901969
142,43,structure_upstream,0,03280000,0.7671955666757567
142,43,structure_upstream,0,03281000,0.55906522672224
142,43,structure_upstream,0,03353637,0.892440171292883
142,43,structure_upstream,0,03453500,2.9550557389327583
142,43,structure_upstream,0,03459500,9.783880530597978
142,43,structure_upstream,0,05320270,2.065312671792005
142,43,structure_upstream,0,05325000,1.5417729856821711
142,43,structure_upstream,0,05330902,1.3061009476679284
142,43,structure_upstream,0,05340500,2.5263765088096086
142,43,structure_upstream,0,05420680,1.161392577389302
142,43,structure_upstream,0,05455100,1.3699026409038397
142,43,structure_upstream,0,05464935,0.7298853659396909
142,43,structure_upstream,0,05474000,1.2735082195893923
142,43,structure_upstream,0,05550000,0.9744389513544288
142,43,structure_upstream,0,06054500,2.085692091367849
142,43,structure_upstream,0,06057000,0.9914316226082728
142,43,structure_upstream,0,06183450,5.576348130235971
142,43,structure_upstream,0,06296003,2.820018554316413
142,43,structure_upstream,0,06307616,2.582286417305634
142,43,structure_upstream,0,06316400,2.476497048699061
142,43,structure_upstream,0,06324500,1.3809467280613905
142,43,structure_upstream,0,06326500,1.7046777254307965
142,43,structure_upstream,0,06326530,1.2773008791965998
142,43,structure_upstream,0,06332520,2.5331794452807537
142,43,structure_upstream,0,06339900,4.806663958273277
142,43,structure_upstream,0,06340580,5.629573397343493
142,43,structure_upstream,0,06340780,7.292599266511373
142,43,structure_upstream,0,06343000,6.292096217339689
142,43,structure_upstream,0,06609500,1.0484103231859117
142,43,structure_upstream,0,06710200,6.203126385430181
142,43,structure_upstream,0,06719505,0.5617046723278981
142,43,structure_upstream,0,06753990,3.379656915952668
142,43,structure_upstream,0,06795500,2.301556174048452
142,43,structure_upstream,0,06801000,1.0570391530620347
142,43,structure_upstream,0,06818000,1.1401447239600289
142,43,structure_upstream,0,06890900,0.731255647490293
142,43,structure_upstream,0,06893400,1.1128769792913646
142,43,structure_upstream,0,06893820,0.6994720687643972
142,43,structure_upstream,0,06893970,0.67705542361753
142,43,structure_upstream,0,06905500,2.295406465238891
142,43,structure_upstream,0,06923150,1.2524766418493682
142,43,structure_upstream,0,07055646,0.5574028370221759
142,43,structure_upstream,0,07083000,1.053075615850688
142,43,structure_upstream,0,07144780,2.5345805605910576
142,43,structure_upstream,0,07231990,4.826039179156559
142,44,current_complete,0,03025490,1.265958336760656
142,44,current_complete,0,03040000,0.4170196354001854
142,44,current_complete,0,03075001,0.48387468275039264
142,44,current_complete,0,03110983,2.294757613033894
142,44,current_complete,0,03144270,1.5836477437749685
142,44,current_complete,0,03185400,0.4073461031219609
142,44,current_complete,0,03207962,1.6662194404157606
142,44,current_complete,0,03209500,1.5675941181843258
142,44,current_complete,0,03216600,0.8935298490212297
142,44,current_complete,0,03280000,0.6698396589502126
142,44,current_complete,0,03281000,0.4017073837940197
142,44,current_complete,0,03353637,0.9807967031157634
142,44,current_complete,0,03453500,2.695554388468196
142,44,current_complete,0,03459500,8.711596631023284
142,44,current_complete,0,05320270,2.0189063099150055
142,44,current_complete,0,05325000,1.3336905796219576
142,44,current_complete,0,05330902,2.185754857412162
142,44,current_complete,0,05340500,2.2150104290647135
142,44,current_complete,0,05420680,1.082996582016687
142,44,current_complete,0,05455100,1.4552037739616064
142,44,current_complete,0,05464935,0.6734436196443704
142,44,current_complete,0,05474000,1.3110726387746452
142,44,current_complete,0,05550000,0.9958294179457238
142,44,current_complete,0,06054500,1.7286114349570618
142,44,current_complete,0,06057000,0.7958913399338919
142,44,current_complete,0,06183450,5.666499036896323
142,44,current_complete,0,06296003,2.3902852913866597
142,44,current_complete,0,06307616,2.4643965670726584
142,44,current_complete,0,06316400,2.548925036327269
142,44,current_complete,0,06324500,1.4768029482312515
142,44,current_complete,0,06326500,1.7959020276828896
142,44,current_complete,0,06326530,1.1860882570262026
142,44,current_complete,0,06332520,2.898165130314526
142,44,current_complete,0,06339900,4.89764749177418
142,44,current_complete,0,06340580,5.537657919960519
142,44,current_complete,0,06340780,7.224360930718697
142,44,current_complete,0,06343000,6.312408834382696
142,44,current_complete,0,06609500,1.1468159661118795
142,44,current_complete,0,06710200,6.051294347276973
142,44,current_complete,0,06719505,0.9865228886487971
142,44,current_complete,0,06753990,3.555599037073205
142,44,current_complete,0,06795500,2.401003347301563
142,44,current_complete,0,06801000,1.1661885335082325
142,44,current_complete,0,06818000,0.9797262915988281
142,44,current_complete,0,06890900,0.6743233196033552
142,44,current_complete,0,06893400,1.1420057876597625
142,44,current_complete,0,06893820,0.5847368101435397
142,44,current_complete,0,06893970,0.6135158161915213
142,44,current_complete,0,06905500,2.5419848031104144
142,44,current_complete,0,06923150,1.1628321220216404
142,44,current_complete,0,07055646,0.8074986397331295
142,44,current_complete,0,07083000,1.0015182410762495
142,44,current_complete,0,07144780,2.5371238183215086
142,44,current_complete,0,07231990,4.443570073773212
142,44,matched_nonupstream,0,03025490,1.265958336760656
142,44,matched_nonupstream,0,03040000,0.4170196354001854
142,44,matched_nonupstream,0,03075001,0.48387468275039264
142,44,matched_nonupstream,0,03110983,2.294757613033894
142,44,matched_nonupstream,0,03144270,1.5836477437749685
142,44,matched_nonupstream,0,03185400,0.4073461031219609
142,44,matched_nonupstream,0,03207962,1.6662194404157606
142,44,matched_nonupstream,0,03209500,1.5675941181843258
142,44,matched_nonupstream,0,03216600,0.8935298490212297
142,44,matched_nonupstream,0,03280000,0.6698396589502126
142,44,matched_nonupstream,0,03281000,0.4017073837940197
142,44,matched_nonupstream,0,03353637,0.9807967031157634
142,44,matched_nonupstream,0,03453500,2.695554388468196
142,44,matched_nonupstream,0,03459500,8.711596631023284
142,44,matched_nonupstream,0,05320270,2.0189063099150055
142,44,matched_nonupstream,0,05325000,1.3336905796219576
142,44,matched_nonupstream,0,05330902,2.185754857412162
142,44,matched_nonupstream,0,05340500,2.2150104290647135
142,44,matched_nonupstream,0,05420680,1.082996582016687
142,44,matched_nonupstream,0,05455100,1.4552037739616064
142,44,matched_nonupstream,0,05464935,0.6734436196443704
142,44,matched_nonupstream,0,05474000,1.3110726387746452
142,44,matched_nonupstream,0,05550000,0.9958294179457238
142,44,matched_nonupstream,0,06054500,1.7286114349570618
142,44,matched_nonupstream,0,06057000,0.7958913399338919
142,44,matched_nonupstream,0,06183450,5.666499036896323
142,44,matched_nonupstream,0,06296003,2.3902852913866597
142,44,matched_nonupstream,0,06307616,2.4643965670726584
142,44,matched_nonupstream,0,06316400,2.548925036327269
142,44,matched_nonupstream,0,06324500,1.4768029482312515
142,44,matched_nonupstream,0,06326500,1.7959020276828896
142,44,matched_nonupstream,0,06326530,1.1860882570262026
142,44,matched_nonupstream,0,06332520,2.898165130314526
142,44,matched_nonupstream,0,06339900,4.89764749177418
142,44,matched_nonupstream,0,06340580,5.537657919960519
142,44,matched_nonupstream,0,06340780,7.224360930718697
142,44,matched_nonupstream,0,06343000,6.312408834382696
142,44,matched_nonupstream,0,06609500,1.1468159661118795
142,44,matched_nonupstream,0,06710200,6.051294347276973
142,44,matched_nonupstream,0,06719505,0.9865228886487971
142,44,matched_nonupstream,0,06753990,3.555599037073205
142,44,matched_nonupstream,0,06795500,2.401003347301563
142,44,matched_nonupstream,0,06801000,1.1661885335082325
142,44,matched_nonupstream,0,06818000,0.9797262915988281
142,44,matched_nonupstream,0,06890900,0.6743233196033552
142,44,matched_nonupstream,0,06893400,1.1420057876597625
142,44,matched_nonupstream,0,06893820,0.5847368101435397
142,44,matched_nonupstream,0,06893970,0.6135158161915213
142,44,matched_nonupstream,0,06905500,2.5419848031104144
142,44,matched_nonupstream,0,06923150,1.1628321220216404
142,44,matched_nonupstream,0,07055646,0.8074986397331295
142,44,matched_nonupstream,0,07083000,1.0015182410762495
142,44,matched_nonupstream,0,07144780,2.5371238183215086
142,44,matched_nonupstream,0,07231990,4.443570073773212
142,44,simple_upstream,0,03025490,1.265958336760656
142,44,simple_upstream,0,03040000,0.4170196354001854
142,44,simple_upstream,0,03075001,0.48387468275039264
142,44,simple_upstream,0,03110983,2.294757613033894
142,44,simple_upstream,0,03144270,1.5836477437749685
142,44,simple_upstream,0,03185400,0.4073461031219609
142,44,simple_upstream,0,03207962,1.6662194404157606
142,44,simple_upstream,0,03209500,1.5675941181843258
142,44,simple_upstream,0,03216600,0.8935298490212297
142,44,simple_upstream,0,03280000,0.6698396589502126
142,44,simple_upstream,0,03281000,0.4017073837940197
142,44,simple_upstream,0,03353637,0.9807967031157634
142,44,simple_upstream,0,03453500,2.695554388468196
142,44,simple_upstream,0,03459500,8.711596631023284
142,44,simple_upstream,0,05320270,2.0189063099150055
142,44,simple_upstream,0,05325000,1.3336905796219576
142,44,simple_upstream,0,05330902,2.185754857412162
142,44,simple_upstream,0,05340500,2.2150104290647135
142,44,simple_upstream,0,05420680,1.082996582016687
142,44,simple_upstream,0,05455100,1.4552037739616064
142,44,simple_upstream,0,05464935,0.6734436196443704
142,44,simple_upstream,0,05474000,1.3110726387746452
142,44,simple_upstream,0,05550000,0.9958294179457238
142,44,simple_upstream,0,06054500,1.7286114349570618
142,44,simple_upstream,0,06057000,0.7958913399338919
142,44,simple_upstream,0,06183450,5.666499036896323
142,44,simple_upstream,0,06296003,2.3902852913866597
142,44,simple_upstream,0,06307616,2.4643965670726584
142,44,simple_upstream,0,06316400,2.548925036327269
142,44,simple_upstream,0,06324500,1.4768029482312515
142,44,simple_upstream,0,06326500,1.7959020276828896
142,44,simple_upstream,0,06326530,1.1860882570262026
142,44,simple_upstream,0,06332520,2.898165130314526
142,44,simple_upstream,0,06339900,4.89764749177418
142,44,simple_upstream,0,06340580,5.537657919960519
142,44,simple_upstream,0,06340780,7.224360930718697
142,44,simple_upstream,0,06343000,6.312408834382696
142,44,simple_upstream,0,06609500,1.1468159661118795
142,44,simple_upstream,0,06710200,6.051294347276973
142,44,simple_upstream,0,06719505,0.9865228886487971
142,44,simple_upstream,0,06753990,3.555599037073205
142,44,simple_upstream,0,06795500,2.401003347301563
142,44,simple_upstream,0,06801000,1.1661885335082325
142,44,simple_upstream,0,06818000,0.9797262915988281
142,44,simple_upstream,0,06890900,0.6743233196033552
142,44,simple_upstream,0,06893400,1.1420057876597625
142,44,simple_upstream,0,06893820,0.5847368101435397
142,44,simple_upstream,0,06893970,0.6135158161915213
142,44,simple_upstream,0,06905500,2.5419848031104144
142,44,simple_upstream,0,06923150,1.1628321220216404
142,44,simple_upstream,0,07055646,0.8074986397331295
142,44,simple_upstream,0,07083000,1.0015182410762495
142,44,simple_upstream,0,07144780,2.5371238183215086
142,44,simple_upstream,0,07231990,4.443570073773212
142,44,structure_upstream,0,03025490,1.265958336760656
142,44,structure_upstream,0,03040000,0.4170196354001854
142,44,structure_upstream,0,03075001,0.48387468275039264
142,44,structure_upstream,0,03110983,2.294757613033894
142,44,structure_upstream,0,03144270,1.5836477437749685
142,44,structure_upstream,0,03185400,0.4073461031219609
142,44,structure_upstream,0,03207962,1.6662194404157606
142,44,structure_upstream,0,03209500,1.5675941181843258
142,44,structure_upstream,0,03216600,0.8935298490212297
142,44,structure_upstream,0,03280000,0.6698396589502126
142,44,structure_upstream,0,03281000,0.4017073837940197
142,44,structure_upstream,0,03353637,0.9807967031157634
142,44,structure_upstream,0,03453500,2.695554388468196
142,44,structure_upstream,0,03459500,8.711596631023284
142,44,structure_upstream,0,05320270,2.0189063099150055
142,44,structure_upstream,0,05325000,1.3336905796219576
142,44,structure_upstream,0,05330902,2.185754857412162
142,44,structure_upstream,0,05340500,2.2150104290647135
142,44,structure_upstream,0,05420680,1.082996582016687
142,44,structure_upstream,0,05455100,1.4552037739616064
142,44,structure_upstream,0,05464935,0.6734436196443704
142,44,structure_upstream,0,05474000,1.3110726387746452
142,44,structure_upstream,0,05550000,0.9958294179457238
142,44,structure_upstream,0,06054500,1.7286114349570618
142,44,structure_upstream,0,06057000,0.7958913399338919
142,44,structure_upstream,0,06183450,5.666499036896323
142,44,structure_upstream,0,06296003,2.3902852913866597
142,44,structure_upstream,0,06307616,2.4643965670726584
142,44,structure_upstream,0,06316400,2.548925036327269
142,44,structure_upstream,0,06324500,1.4768029482312515
142,44,structure_upstream,0,06326500,1.7959020276828896
142,44,structure_upstream,0,06326530,1.1860882570262026
142,44,structure_upstream,0,06332520,2.898165130314526
142,44,structure_upstream,0,06339900,4.89764749177418
142,44,structure_upstream,0,06340580,5.537657919960519
142,44,structure_upstream,0,06340780,7.224360930718697
142,44,structure_upstream,0,06343000,6.312408834382696
142,44,structure_upstream,0,06609500,1.1468159661118795
142,44,structure_upstream,0,06710200,6.051294347276973
142,44,structure_upstream,0,06719505,0.9865228886487971
142,44,structure_upstream,0,06753990,3.555599037073205
142,44,structure_upstream,0,06795500,2.401003347301563
142,44,structure_upstream,0,06801000,1.1661885335082325
142,44,structure_upstream,0,06818000,0.9797262915988281
142,44,structure_upstream,0,06890900,0.6743233196033552
142,44,structure_upstream,0,06893400,1.1420057876597625
142,44,structure_upstream,0,06893820,0.5847368101435397
142,44,structure_upstream,0,06893970,0.6135158161915213
142,44,structure_upstream,0,06905500,2.5419848031104144
142,44,structure_upstream,0,06923150,1.1628321220216404
142,44,structure_upstream,0,07055646,0.8074986397331295
142,44,structure_upstream,0,07083000,1.0015182410762495
142,44,structure_upstream,0,07144780,2.5371238183215086
142,44,structure_upstream,0,07231990,4.443570073773212
143,42,current_complete,0,03037525,0.45542717934226756
143,42,current_complete,0,03049652,0.4078105811382314
143,42,current_complete,0,03072000,0.6825499046164036
143,42,current_complete,0,03144270,1.6647114159628102
143,42,current_complete,0,03201722,1.0523696304381907
143,42,current_complete,0,03207962,1.5047006812524268
143,42,current_complete,0,03353600,1.3453486836381083
143,42,current_complete,0,03353637,1.3682657115355006
143,42,current_complete,0,03373530,2.3410098100415078
143,42,current_complete,0,03460000,3.114671713851793
143,42,current_complete,0,03524550,1.2142306009329524
143,42,current_complete,0,03575100,2.2596298681880067
143,42,current_complete,0,05322000,1.517072934885696
143,42,current_complete,0,05331580,0.9403436098857205
143,42,current_complete,0,05418600,0.8038264534119678
143,42,current_complete,0,05449500,1.2737715635392879
143,42,current_complete,0,05457750,0.6825000114909315
143,42,current_complete,0,05463050,1.193406781736057
143,42,current_complete,0,05531500,4.120506607577075
143,42,current_complete,0,05568000,0.6574416955019665
143,42,current_complete,0,06177825,2.8327031439947508
143,42,current_complete,0,06185500,0.9582095085017218
143,42,current_complete,0,06214500,1.4234630513242046
143,42,current_complete,0,06295000,1.544304307143621
143,42,current_complete,0,06296003,2.6857899928320372
143,42,current_complete,0,06306300,2.5201268333417053
143,42,current_complete,0,06307740,2.064108616301506
143,42,current_complete,0,06331850,7.214468062816066
143,42,current_complete,0,06335750,4.93122308684333
143,42,current_complete,0,06336600,4.28351045015381
143,42,current_complete,0,06338490,1.3075465186685773
143,42,current_complete,0,06364700,6.127377217611488
143,42,current_complete,0,06440000,2.973140422518758
143,42,current_complete,0,06485500,2.155525380293029
143,42,current_complete,0,06611200,5.371867434409361
143,42,current_complete,0,06719505,1.105177767551195
143,42,current_complete,0,06720500,4.343843804057298
143,42,current_complete,0,06721500,0.9623654043302564
143,42,current_complete,0,06731000,0.6781078155936158
143,42,current_complete,0,06734900,0.7061908254637845
143,42,current_complete,0,06775900,1.8847701210412648
143,42,current_complete,0,06891500,1.1732424596406237
143,42,current_complete,0,06892350,0.8286758608562509
143,42,current_complete,0,06893390,1.5301847114125706
143,42,current_complete,0,06893890,0.4937808026792263
143,42,current_complete,0,06893940,1.0585350346145914
143,42,current_complete,0,06930800,1.6677559213959576
143,42,current_complete,0,07053250,1.865358521732352
143,42,current_complete,0,07055814,1.4066622566417943
143,42,current_complete,0,07065495,0.6734217240311265
143,42,current_complete,0,07196500,1.5604136938529805
143,42,current_complete,0,07221500,1.8741476360001992
143,42,current_complete,0,07231975,2.419765686523889
143,42,current_complete,0,401733105392404,0.538730467651341
143,42,matched_nonupstream,0,03037525,0.45542717934226756
143,42,matched_nonupstream,0,03049652,0.4078105811382314
143,42,matched_nonupstream,0,03072000,0.6825499046164036
143,42,matched_nonupstream,0,03144270,1.6647114159628102
143,42,matched_nonupstream,0,03201722,1.0523696304381907
143,42,matched_nonupstream,0,03207962,1.5047006812524268
143,42,matched_nonupstream,0,03353600,1.3453486836381083
143,42,matched_nonupstream,0,03353637,1.3682657115355006
143,42,matched_nonupstream,0,03373530,2.3410098100415078
143,42,matched_nonupstream,0,03460000,3.114671713851793
143,42,matched_nonupstream,0,03524550,1.2142306009329524
143,42,matched_nonupstream,0,03575100,2.2596298681880067
143,42,matched_nonupstream,0,05322000,1.517072934885696
143,42,matched_nonupstream,0,05331580,0.9403436098857205
143,42,matched_nonupstream,0,05418600,0.8038264534119678
143,42,matched_nonupstream,0,05449500,1.2737715635392879
143,42,matched_nonupstream,0,05457750,0.6825000114909315
143,42,matched_nonupstream,0,05463050,1.193406781736057
143,42,matched_nonupstream,0,05531500,4.120506607577075
143,42,matched_nonupstream,0,05568000,0.6574416955019665
143,42,matched_nonupstream,0,06177825,2.8327031439947508
143,42,matched_nonupstream,0,06185500,0.9582095085017218
143,42,matched_nonupstream,0,06214500,1.4234630513242046
143,42,matched_nonupstream,0,06295000,1.544304307143621
143,42,matched_nonupstream,0,06296003,2.6857899928320372
143,42,matched_nonupstream,0,06306300,2.5201268333417053
143,42,matched_nonupstream,0,06307740,2.064108616301506
143,42,matched_nonupstream,0,06331850,7.214468062816066
143,42,matched_nonupstream,0,06335750,4.93122308684333
143,42,matched_nonupstream,0,06336600,4.28351045015381
143,42,matched_nonupstream,0,06338490,1.3075465186685773
143,42,matched_nonupstream,0,06364700,6.127377217611488
143,42,matched_nonupstream,0,06440000,2.973140422518758
143,42,matched_nonupstream,0,06485500,2.155525380293029
143,42,matched_nonupstream,0,06611200,5.371867434409361
143,42,matched_nonupstream,0,06719505,1.105177767551195
143,42,matched_nonupstream,0,06720500,4.343843804057298
143,42,matched_nonupstream,0,06721500,0.9623654043302564
143,42,matched_nonupstream,0,06731000,0.6781078155936158
143,42,matched_nonupstream,0,06734900,0.7061908254637845
143,42,matched_nonupstream,0,06775900,1.8847701210412648
143,42,matched_nonupstream,0,06891500,1.1732424596406237
143,42,matched_nonupstream,0,06892350,0.8286758608562509
143,42,matched_nonupstream,0,06893390,1.5301847114125706
143,42,matched_nonupstream,0,06893890,0.4937808026792263
143,42,matched_nonupstream,0,06893940,1.0585350346145914
143,42,matched_nonupstream,0,06930800,1.6677559213959576
143,42,matched_nonupstream,0,07053250,1.865358521732352
143,42,matched_nonupstream,0,07055814,1.4066622566417943
143,42,matched_nonupstream,0,07065495,0.6734217240311265
143,42,matched_nonupstream,0,07196500,1.5604136938529805
143,42,matched_nonupstream,0,07221500,1.8741476360001992
143,42,matched_nonupstream,0,07231975,2.419765686523889
143,42,matched_nonupstream,0,401733105392404,0.538730467651341
143,42,simple_upstream,0,03037525,0.45542717934226756
143,42,simple_upstream,0,03049652,0.4078105811382314
143,42,simple_upstream,0,03072000,0.6825499046164036
143,42,simple_upstream,0,03144270,1.6647114159628102
143,42,simple_upstream,0,03201722,1.0523696304381907
143,42,simple_upstream,0,03207962,1.5047006812524268
143,42,simple_upstream,0,03353600,1.3453486836381083
143,42,simple_upstream,0,03353637,1.3682657115355006
143,42,simple_upstream,0,03373530,2.3410098100415078
143,42,simple_upstream,0,03460000,3.114671713851793
143,42,simple_upstream,0,03524550,1.2142306009329524
143,42,simple_upstream,0,03575100,2.2596298681880067
143,42,simple_upstream,0,05322000,1.517072934885696
143,42,simple_upstream,0,05331580,1.0336298699258462
143,42,simple_upstream,0,05418600,0.8038264534119678
143,42,simple_upstream,0,05449500,1.2737715635392879
143,42,simple_upstream,0,05457750,0.6825000114909315
143,42,simple_upstream,0,05463050,1.193406781736057
143,42,simple_upstream,0,05531500,4.120506607577075
143,42,simple_upstream,0,05568000,0.6574416955019665
143,42,simple_upstream,0,06177825,2.8865569993951823
143,42,simple_upstream,0,06185500,0.9453791346749776
143,42,simple_upstream,0,06214500,1.4234630513242046
143,42,simple_upstream,0,06295000,1.544304307143621
143,42,simple_upstream,0,06296003,2.6857899928320372
143,42,simple_upstream,0,06306300,2.4974198083606485
143,42,simple_upstream,0,06307740,2.064108616301506
143,42,simple_upstream,0,06331850,7.214468062816066
143,42,simple_upstream,0,06335750,4.93122308684333
143,42,simple_upstream,0,06336600,4.28351045015381
143,42,simple_upstream,0,06338490,1.3950598396954668
143,42,simple_upstream,0,06364700,6.127377217611488
143,42,simple_upstream,0,06440000,2.973140422518758
143,42,simple_upstream,0,06485500,2.155525380293029
143,42,simple_upstream,0,06611200,5.371867434409361
143,42,simple_upstream,0,06719505,1.105177767551195
143,42,simple_upstream,0,06720500,4.343843804057298
143,42,simple_upstream,0,06721500,0.9623654043302564
143,42,simple_upstream,0,06731000,0.6781078155936158
143,42,simple_upstream,0,06734900,0.7061908254637845
143,42,simple_upstream,0,06775900,1.8847701210412648
143,42,simple_upstream,0,06891500,1.1732424596406237
143,42,simple_upstream,0,06892350,0.8286758608562509
143,42,simple_upstream,0,06893390,1.5301847114125706
143,42,simple_upstream,0,06893890,0.4937808026792263
143,42,simple_upstream,0,06893940,1.0585350346145914
143,42,simple_upstream,0,06930800,1.6677559213959576
143,42,simple_upstream,0,07053250,1.865358521732352
143,42,simple_upstream,0,07055814,1.4066622566417943
143,42,simple_upstream,0,07065495,0.6734217240311265
143,42,simple_upstream,0,07196500,1.5604136938529805
143,42,simple_upstream,0,07221500,1.8741476360001992
143,42,simple_upstream,0,07231975,2.419765686523889
143,42,simple_upstream,0,401733105392404,0.538730467651341
143,42,structure_upstream,0,03037525,0.45542717934226756
143,42,structure_upstream,0,03049652,0.4078105811382314
143,42,structure_upstream,0,03072000,0.6825499046164036
143,42,structure_upstream,0,03144270,1.6647114159628102
143,42,structure_upstream,0,03201722,1.0523696304381907
143,42,structure_upstream,0,03207962,1.5047006812524268
143,42,structure_upstream,0,03353600,1.3453486836381083
143,42,structure_upstream,0,03353637,1.3682657115355006
143,42,structure_upstream,0,03373530,2.3410098100415078
143,42,structure_upstream,0,03460000,3.114671713851793
143,42,structure_upstream,0,03524550,1.2142306009329524
143,42,structure_upstream,0,03575100,2.2596298681880067
143,42,structure_upstream,0,05322000,1.517072934885696
143,42,structure_upstream,0,05331580,0.9403436098857205
143,42,structure_upstream,0,05418600,0.8038264534119678
143,42,structure_upstream,0,05449500,1.2737715635392879
143,42,structure_upstream,0,05457750,0.6825000114909315
143,42,structure_upstream,0,05463050,1.193406781736057
143,42,structure_upstream,0,05531500,4.120506607577075
143,42,structure_upstream,0,05568000,0.6574416955019665
143,42,structure_upstream,0,06177825,2.8327031439947508
143,42,structure_upstream,0,06185500,0.9582095085017218
143,42,structure_upstream,0,06214500,1.4234630513242046
143,42,structure_upstream,0,06295000,1.544304307143621
143,42,structure_upstream,0,06296003,2.6857899928320372
143,42,structure_upstream,0,06306300,2.5201268333417053
143,42,structure_upstream,0,06307740,2.064108616301506
143,42,structure_upstream,0,06331850,7.214468062816066
143,42,structure_upstream,0,06335750,4.93122308684333
143,42,structure_upstream,0,06336600,4.28351045015381
143,42,structure_upstream,0,06338490,1.3075465186685773
143,42,structure_upstream,0,06364700,6.127377217611488
143,42,structure_upstream,0,06440000,2.973140422518758
143,42,structure_upstream,0,06485500,2.155525380293029
143,42,structure_upstream,0,06611200,5.371867434409361
143,42,structure_upstream,0,06719505,1.105177767551195
143,42,structure_upstream,0,06720500,4.343843804057298
143,42,structure_upstream,0,06721500,0.9623654043302564
143,42,structure_upstream,0,06731000,0.6781078155936158
143,42,structure_upstream,0,06734900,0.7061908254637845
143,42,structure_upstream,0,06775900,1.8847701210412648
143,42,structure_upstream,0,06891500,1.1732424596406237
143,42,structure_upstream,0,06892350,0.8286758608562509
143,42,structure_upstream,0,06893390,1.5301847114125706
143,42,structure_upstream,0,06893890,0.4937808026792263
143,42,structure_upstream,0,06893940,1.0585350346145914
143,42,structure_upstream,0,06930800,1.6677559213959576
143,42,structure_upstream,0,07053250,1.865358521732352
143,42,structure_upstream,0,07055814,1.4066622566417943
143,42,structure_upstream,0,07065495,0.6734217240311265
143,42,structure_upstream,0,07196500,1.5604136938529805
143,42,structure_upstream,0,07221500,1.8741476360001992
143,42,structure_upstream,0,07231975,2.419765686523889
143,42,structure_upstream,0,401733105392404,0.538730467651341
143,43,current_complete,0,03037525,0.5094749901629206
143,43,current_complete,0,03049652,0.44306717222534625
143,43,current_complete,0,03072000,0.6540679646848062
143,43,current_complete,0,03144270,1.6285653932843818
143,43,current_complete,0,03201722,0.9184440144535161
143,43,current_complete,0,03207962,1.550712913374035
143,43,current_complete,0,03353600,1.4778188609904677
143,43,current_complete,0,03353637,1.819603472700272
143,43,current_complete,0,03373530,2.6648731605299956
143,43,current_complete,0,03460000,3.043067780695334
143,43,current_complete,0,03524550,1.2390882393963445
143,43,current_complete,0,03575100,2.4281885258854206
143,43,current_complete,0,05322000,1.6823315020537735
143,43,current_complete,0,05331580,0.8585473463716078
143,43,current_complete,0,05418600,0.9530840101758618
143,43,current_complete,0,05449500,1.2147881397809392
143,43,current_complete,0,05457750,0.7857177154944864
143,43,current_complete,0,05463050,1.3487826838353003
143,43,current_complete,0,05531500,4.387719456519529
143,43,current_complete,0,05568000,1.2762139996547284
143,43,current_complete,0,06177825,2.9240665320613095
143,43,current_complete,0,06185500,0.8891841838097194
143,43,current_complete,0,06214500,1.0544513382410081
143,43,current_complete,0,06295000,1.4065893756709584
143,43,current_complete,0,06296003,3.0188284402252417
143,43,current_complete,0,06306300,1.5776111024558088
143,43,current_complete,0,06307740,1.872761030403277
143,43,current_complete,0,06331850,7.111739159036119
143,43,current_complete,0,06335750,5.351636768050704
143,43,current_complete,0,06336600,4.34381841284408
143,43,current_complete,0,06338490,1.2237402846912837
143,43,current_complete,0,06364700,5.474090498137913
143,43,current_complete,0,06440000,2.793018102277894
143,43,current_complete,0,06485500,2.285630287961825
143,43,current_complete,0,06611200,4.814053142715227
143,43,current_complete,0,06719505,0.6595862284713832
143,43,current_complete,0,06720500,4.911668144237768
143,43,current_complete,0,06721500,0.8964381532965239
143,43,current_complete,0,06731000,0.37283794676793736
143,43,current_complete,0,06734900,0.9179386070864021
143,43,current_complete,0,06775900,2.124180511315704
143,43,current_complete,0,06891500,1.0716781858573667
143,43,current_complete,0,06892350,0.7654765278575246
143,43,current_complete,0,06893390,1.5230549865578442
143,43,current_complete,0,06893890,0.4785951502026024
143,43,current_complete,0,06893940,0.770447473383095
143,43,current_complete,0,06930800,1.628022364852228
143,43,current_complete,0,07053250,1.8387804240381116
143,43,current_complete,0,07055814,1.4363731352065268
143,43,current_complete,0,07065495,0.8219881823660323
143,43,current_complete,0,07196500,1.588129428757989
143,43,current_complete,0,07221500,1.923455477033961
143,43,current_complete,0,07231975,2.5288234209001392
143,43,current_complete,0,401733105392404,0.512280311460228
143,43,matched_nonupstream,0,03037525,0.5094749901629206
143,43,matched_nonupstream,0,03049652,0.44306717222534625
143,43,matched_nonupstream,0,03072000,0.6540679646848062
143,43,matched_nonupstream,0,03144270,1.6285653932843818
143,43,matched_nonupstream,0,03201722,0.9184440144535161
143,43,matched_nonupstream,0,03207962,1.550712913374035
143,43,matched_nonupstream,0,03353600,1.4778188609904677
143,43,matched_nonupstream,0,03353637,1.819603472700272
143,43,matched_nonupstream,0,03373530,2.6648731605299956
143,43,matched_nonupstream,0,03460000,3.043067780695334
143,43,matched_nonupstream,0,03524550,1.2390882393963445
143,43,matched_nonupstream,0,03575100,2.4281885258854206
143,43,matched_nonupstream,0,05322000,1.6823315020537735
143,43,matched_nonupstream,0,05331580,0.8585473463716078
143,43,matched_nonupstream,0,05418600,0.9530840101758618
143,43,matched_nonupstream,0,05449500,1.2147881397809392
143,43,matched_nonupstream,0,05457750,0.7857177154944864
143,43,matched_nonupstream,0,05463050,1.3487826838353003
143,43,matched_nonupstream,0,05531500,4.387719456519529
143,43,matched_nonupstream,0,05568000,1.2762139996547284
143,43,matched_nonupstream,0,06177825,2.9240665320613095
143,43,matched_nonupstream,0,06185500,0.8891841838097194
143,43,matched_nonupstream,0,06214500,1.0544513382410081
143,43,matched_nonupstream,0,06295000,1.4065893756709584
143,43,matched_nonupstream,0,06296003,3.0188284402252417
143,43,matched_nonupstream,0,06306300,1.5776111024558088
143,43,matched_nonupstream,0,06307740,1.872761030403277
143,43,matched_nonupstream,0,06331850,7.111739159036119
143,43,matched_nonupstream,0,06335750,5.351636768050704
143,43,matched_nonupstream,0,06336600,4.34381841284408
143,43,matched_nonupstream,0,06338490,1.2237402846912837
143,43,matched_nonupstream,0,06364700,5.474090498137913
143,43,matched_nonupstream,0,06440000,2.793018102277894
143,43,matched_nonupstream,0,06485500,2.285630287961825
143,43,matched_nonupstream,0,06611200,4.814053142715227
143,43,matched_nonupstream,0,06719505,0.6595862284713832
143,43,matched_nonupstream,0,06720500,4.911668144237768
143,43,matched_nonupstream,0,06721500,0.8964381532965239
143,43,matched_nonupstream,0,06731000,0.37283794676793736
143,43,matched_nonupstream,0,06734900,0.9179386070864021
143,43,matched_nonupstream,0,06775900,2.124180511315704
143,43,matched_nonupstream,0,06891500,1.0716781858573667
143,43,matched_nonupstream,0,06892350,0.7654765278575246
143,43,matched_nonupstream,0,06893390,1.5230549865578442
143,43,matched_nonupstream,0,06893890,0.4785951502026024
143,43,matched_nonupstream,0,06893940,0.770447473383095
143,43,matched_nonupstream,0,06930800,1.628022364852228
143,43,matched_nonupstream,0,07053250,1.8387804240381116
143,43,matched_nonupstream,0,07055814,1.4363731352065268
143,43,matched_nonupstream,0,07065495,0.8219881823660323
143,43,matched_nonupstream,0,07196500,1.588129428757989
143,43,matched_nonupstream,0,07221500,1.923455477033961
143,43,matched_nonupstream,0,07231975,2.5288234209001392
143,43,matched_nonupstream,0,401733105392404,0.512280311460228
143,43,simple_upstream,0,03037525,0.5094749901629206
143,43,simple_upstream,0,03049652,0.44306717222534625
143,43,simple_upstream,0,03072000,0.6540679646848062
143,43,simple_upstream,0,03144270,1.6285653932843818
143,43,simple_upstream,0,03201722,0.9184440144535161
143,43,simple_upstream,0,03207962,1.550712913374035
143,43,simple_upstream,0,03353600,1.4778188609904677
143,43,simple_upstream,0,03353637,1.819603472700272
143,43,simple_upstream,0,03373530,2.6648731605299956
143,43,simple_upstream,0,03460000,3.043067780695334
143,43,simple_upstream,0,03524550,1.2390882393963445
143,43,simple_upstream,0,03575100,2.4281885258854206
143,43,simple_upstream,0,05322000,1.6823315020537735
143,43,simple_upstream,0,05331580,0.9781476680826835
143,43,simple_upstream,0,05418600,0.9530840101758618
143,43,simple_upstream,0,05449500,1.2147881397809392
143,43,simple_upstream,0,05457750,0.7857177154944864
143,43,simple_upstream,0,05463050,1.3487826838353003
143,43,simple_upstream,0,05531500,4.387719456519529
143,43,simple_upstream,0,05568000,1.2762139996547284
143,43,simple_upstream,0,06177825,2.9248989105630683
143,43,simple_upstream,0,06185500,0.8775033077636634
143,43,simple_upstream,0,06214500,1.0544513382410081
143,43,simple_upstream,0,06295000,1.4065893756709584
143,43,simple_upstream,0,06296003,3.0188284402252417
143,43,simple_upstream,0,06306300,1.5564880992188146
143,43,simple_upstream,0,06307740,1.872761030403277
143,43,simple_upstream,0,06331850,7.111739159036119
143,43,simple_upstream,0,06335750,5.351636768050704
143,43,simple_upstream,0,06336600,4.34381841284408
143,43,simple_upstream,0,06338490,1.3021671230281777
143,43,simple_upstream,0,06364700,5.474090498137913
143,43,simple_upstream,0,06440000,2.793018102277894
143,43,simple_upstream,0,06485500,2.285630287961825
143,43,simple_upstream,0,06611200,4.814053142715227
143,43,simple_upstream,0,06719505,0.6595862284713832
143,43,simple_upstream,0,06720500,4.911668144237768
143,43,simple_upstream,0,06721500,0.8964381532965239
143,43,simple_upstream,0,06731000,0.37283794676793736
143,43,simple_upstream,0,06734900,0.9179386070864021
143,43,simple_upstream,0,06775900,2.124180511315704
143,43,simple_upstream,0,06891500,1.0716781858573667
143,43,simple_upstream,0,06892350,0.7654765278575246
143,43,simple_upstream,0,06893390,1.5230549865578442
143,43,simple_upstream,0,06893890,0.4785951502026024
143,43,simple_upstream,0,06893940,0.770447473383095
143,43,simple_upstream,0,06930800,1.628022364852228
143,43,simple_upstream,0,07053250,1.8387804240381116
143,43,simple_upstream,0,07055814,1.4363731352065268
143,43,simple_upstream,0,07065495,0.8219881823660323
143,43,simple_upstream,0,07196500,1.588129428757989
143,43,simple_upstream,0,07221500,1.923455477033961
143,43,simple_upstream,0,07231975,2.5288234209001392
143,43,simple_upstream,0,401733105392404,0.512280311460228
143,43,structure_upstream,0,03037525,0.5094749901629206
143,43,structure_upstream,0,03049652,0.44306717222534625
143,43,structure_upstream,0,03072000,0.6540679646848062
143,43,structure_upstream,0,03144270,1.6285653932843818
143,43,structure_upstream,0,03201722,0.9184440144535161
143,43,structure_upstream,0,03207962,1.550712913374035
143,43,structure_upstream,0,03353600,1.4778188609904677
143,43,structure_upstream,0,03353637,1.819603472700272
143,43,structure_upstream,0,03373530,2.6648731605299956
143,43,structure_upstream,0,03460000,3.043067780695334
143,43,structure_upstream,0,03524550,1.2390882393963445
143,43,structure_upstream,0,03575100,2.4281885258854206
143,43,structure_upstream,0,05322000,1.6823315020537735
143,43,structure_upstream,0,05331580,0.8585473463716078
143,43,structure_upstream,0,05418600,0.9530840101758618
143,43,structure_upstream,0,05449500,1.2147881397809392
143,43,structure_upstream,0,05457750,0.7857177154944864
143,43,structure_upstream,0,05463050,1.3487826838353003
143,43,structure_upstream,0,05531500,4.387719456519529
143,43,structure_upstream,0,05568000,1.2762139996547284
143,43,structure_upstream,0,06177825,2.9240665320613095
143,43,structure_upstream,0,06185500,0.8891841838097194
143,43,structure_upstream,0,06214500,1.0544513382410081
143,43,structure_upstream,0,06295000,1.4065893756709584
143,43,structure_upstream,0,06296003,3.0188284402252417
143,43,structure_upstream,0,06306300,1.5776111024558088
143,43,structure_upstream,0,06307740,1.872761030403277
143,43,structure_upstream,0,06331850,7.111739159036119
143,43,structure_upstream,0,06335750,5.351636768050704
143,43,structure_upstream,0,06336600,4.34381841284408
143,43,structure_upstream,0,06338490,1.2237402846912837
143,43,structure_upstream,0,06364700,5.474090498137913
143,43,structure_upstream,0,06440000,2.793018102277894
143,43,structure_upstream,0,06485500,2.285630287961825
143,43,structure_upstream,0,06611200,4.814053142715227
143,43,structure_upstream,0,06719505,0.6595862284713832
143,43,structure_upstream,0,06720500,4.911668144237768
143,43,structure_upstream,0,06721500,0.8964381532965239
143,43,structure_upstream,0,06731000,0.37283794676793736
143,43,structure_upstream,0,06734900,0.9179386070864021
143,43,structure_upstream,0,06775900,2.124180511315704
143,43,structure_upstream,0,06891500,1.0716781858573667
143,43,structure_upstream,0,06892350,0.7654765278575246
143,43,structure_upstream,0,06893390,1.5230549865578442
143,43,structure_upstream,0,06893890,0.4785951502026024
143,43,structure_upstream,0,06893940,0.770447473383095
143,43,structure_upstream,0,06930800,1.628022364852228
143,43,structure_upstream,0,07053250,1.8387804240381116
143,43,structure_upstream,0,07055814,1.4363731352065268
143,43,structure_upstream,0,07065495,0.8219881823660323
143,43,structure_upstream,0,07196500,1.588129428757989
143,43,structure_upstream,0,07221500,1.923455477033961
143,43,structure_upstream,0,07231975,2.5288234209001392
143,43,structure_upstream,0,401733105392404,0.512280311460228
143,44,current_complete,0,03037525,0.4927767098790056
143,44,current_complete,0,03049652,0.445252928839705
143,44,current_complete,0,03072000,0.6720356230787947
143,44,current_complete,0,03144270,1.610215671790238
143,44,current_complete,0,03201722,0.9565128864099689
143,44,current_complete,0,03207962,1.4831859643117387
143,44,current_complete,0,03353600,1.4092908475359431
143,44,current_complete,0,03353637,1.2496681165982726
143,44,current_complete,0,03373530,2.5268787305913833
143,44,current_complete,0,03460000,2.8566406427423825
143,44,current_complete,0,03524550,1.332169205725395
143,44,current_complete,0,03575100,1.799305201462133
143,44,current_complete,0,05322000,1.867824503002443
143,44,current_complete,0,05331580,0.8698773232901283
143,44,current_complete,0,05418600,0.9542361146611957
143,44,current_complete,0,05449500,1.3594771512437522
143,44,current_complete,0,05457750,0.8856292260631853
143,44,current_complete,0,05463050,1.2953624577569485
143,44,current_complete,0,05531500,4.11643983732997
143,44,current_complete,0,05568000,1.002968519459231
143,44,current_complete,0,06177825,2.978170784124798
143,44,current_complete,0,06185500,0.9271576298961152
143,44,current_complete,0,06214500,1.2204713757701193
143,44,current_complete,0,06295000,1.3991394788731766
143,44,current_complete,0,06296003,2.7844260041258915
143,44,current_complete,0,06306300,1.4485003140322532
143,44,current_complete,0,06307740,1.920382946485489
143,44,current_complete,0,06331850,6.52620919893238
143,44,current_complete,0,06335750,5.210354668889668
143,44,current_complete,0,06336600,4.072178480487453
143,44,current_complete,0,06338490,1.1591871984313484
143,44,current_complete,0,06364700,5.764613671599532
143,44,current_complete,0,06440000,3.077397232601289
143,44,current_complete,0,06485500,2.329141206639432
143,44,current_complete,0,06611200,4.851972831257657
143,44,current_complete,0,06719505,0.5229471755684795
143,44,current_complete,0,06720500,4.985355843004493
143,44,current_complete,0,06721500,0.8802220300825806
143,44,current_complete,0,06731000,0.6929018061205826
143,44,current_complete,0,06734900,0.6340705376934619
143,44,current_complete,0,06775900,1.9695440483277482
143,44,current_complete,0,06891500,1.0714219497679256
143,44,current_complete,0,06892350,0.7896728011639967
143,44,current_complete,0,06893390,1.6044840065597255
143,44,current_complete,0,06893890,0.5254829349046736
143,44,current_complete,0,06893940,0.766309132765692
143,44,current_complete,0,06930800,1.6249220480142808
143,44,current_complete,0,07053250,2.271936058915981
143,44,current_complete,0,07055814,1.6054122276009655
143,44,current_complete,0,07065495,0.7873706759748886
143,44,current_complete,0,07196500,1.5704609057443417
143,44,current_complete,0,07221500,2.356611021434005
143,44,current_complete,0,07231975,2.5186085386925585
143,44,current_complete,0,401733105392404,0.4306397142243319
143,44,matched_nonupstream,0,03037525,0.4927767098790056
143,44,matched_nonupstream,0,03049652,0.445252928839705
143,44,matched_nonupstream,0,03072000,0.6720356230787947
143,44,matched_nonupstream,0,03144270,1.610215671790238
143,44,matched_nonupstream,0,03201722,0.9565128864099689
143,44,matched_nonupstream,0,03207962,1.4831859643117387
143,44,matched_nonupstream,0,03353600,1.4092908475359431
143,44,matched_nonupstream,0,03353637,1.2496681165982726
143,44,matched_nonupstream,0,03373530,2.5268787305913833
143,44,matched_nonupstream,0,03460000,2.8566406427423825
143,44,matched_nonupstream,0,03524550,1.332169205725395
143,44,matched_nonupstream,0,03575100,1.799305201462133
143,44,matched_nonupstream,0,05322000,1.867824503002443
143,44,matched_nonupstream,0,05331580,0.8698773232901283
143,44,matched_nonupstream,0,05418600,0.9542361146611957
143,44,matched_nonupstream,0,05449500,1.3594771512437522
143,44,matched_nonupstream,0,05457750,0.8856292260631853
143,44,matched_nonupstream,0,05463050,1.2953624577569485
143,44,matched_nonupstream,0,05531500,4.11643983732997
143,44,matched_nonupstream,0,05568000,1.002968519459231
143,44,matched_nonupstream,0,06177825,2.978170784124798
143,44,matched_nonupstream,0,06185500,0.9271576298961152
143,44,matched_nonupstream,0,06214500,1.2204713757701193
143,44,matched_nonupstream,0,06295000,1.3991394788731766
143,44,matched_nonupstream,0,06296003,2.7844260041258915
143,44,matched_nonupstream,0,06306300,1.4485003140322532
143,44,matched_nonupstream,0,06307740,1.920382946485489
143,44,matched_nonupstream,0,06331850,6.52620919893238
143,44,matched_nonupstream,0,06335750,5.210354668889668
143,44,matched_nonupstream,0,06336600,4.072178480487453
143,44,matched_nonupstream,0,06338490,1.1591871984313484
143,44,matched_nonupstream,0,06364700,5.764613671599532
143,44,matched_nonupstream,0,06440000,3.077397232601289
143,44,matched_nonupstream,0,06485500,2.329141206639432
143,44,matched_nonupstream,0,06611200,4.851972831257657
143,44,matched_nonupstream,0,06719505,0.5229471755684795
143,44,matched_nonupstream,0,06720500,4.985355843004493
143,44,matched_nonupstream,0,06721500,0.8802220300825806
143,44,matched_nonupstream,0,06731000,0.6929018061205826
143,44,matched_nonupstream,0,06734900,0.6340705376934619
143,44,matched_nonupstream,0,06775900,1.9695440483277482
143,44,matched_nonupstream,0,06891500,1.0714219497679256
143,44,matched_nonupstream,0,06892350,0.7896728011639967
143,44,matched_nonupstream,0,06893390,1.6044840065597255
143,44,matched_nonupstream,0,06893890,0.5254829349046736
143,44,matched_nonupstream,0,06893940,0.766309132765692
143,44,matched_nonupstream,0,06930800,1.6249220480142808
143,44,matched_nonupstream,0,07053250,2.271936058915981
143,44,matched_nonupstream,0,07055814,1.6054122276009655
143,44,matched_nonupstream,0,07065495,0.7873706759748886
143,44,matched_nonupstream,0,07196500,1.5704609057443417
143,44,matched_nonupstream,0,07221500,2.356611021434005
143,44,matched_nonupstream,0,07231975,2.5186085386925585
143,44,matched_nonupstream,0,401733105392404,0.4306397142243319
143,44,simple_upstream,0,03037525,0.4927767098790056
143,44,simple_upstream,0,03049652,0.445252928839705
143,44,simple_upstream,0,03072000,0.6720356230787947
143,44,simple_upstream,0,03144270,1.610215671790238
143,44,simple_upstream,0,03201722,0.9565128864099689
143,44,simple_upstream,0,03207962,1.4831859643117387
143,44,simple_upstream,0,03353600,1.4092908475359431
143,44,simple_upstream,0,03353637,1.2496681165982726
143,44,simple_upstream,0,03373530,2.5268787305913833
143,44,simple_upstream,0,03460000,2.8566406427423825
143,44,simple_upstream,0,03524550,1.332169205725395
143,44,simple_upstream,0,03575100,1.799305201462133
143,44,simple_upstream,0,05322000,1.867824503002443
143,44,simple_upstream,0,05331580,0.9689074166763706
143,44,simple_upstream,0,05418600,0.9542361146611957
143,44,simple_upstream,0,05449500,1.3594771512437522
143,44,simple_upstream,0,05457750,0.8856292260631853
143,44,simple_upstream,0,05463050,1.2953624577569485
143,44,simple_upstream,0,05531500,4.11643983732997
143,44,simple_upstream,0,05568000,1.002968519459231
143,44,simple_upstream,0,06177825,2.9848290597611133
143,44,simple_upstream,0,06185500,0.9249335934071825
143,44,simple_upstream,0,06214500,1.2204713757701193
143,44,simple_upstream,0,06295000,1.3991394788731766
143,44,simple_upstream,0,06296003,2.7844260041258915
143,44,simple_upstream,0,06306300,1.46098601253821
143,44,simple_upstream,0,06307740,1.920382946485489
143,44,simple_upstream,0,06331850,6.52620919893238
143,44,simple_upstream,0,06335750,5.210354668889668
143,44,simple_upstream,0,06336600,4.072178480487453
143,44,simple_upstream,0,06338490,1.1985423981491634
143,44,simple_upstream,0,06364700,5.764613671599532
143,44,simple_upstream,0,06440000,3.077397232601289
143,44,simple_upstream,0,06485500,2.329141206639432
143,44,simple_upstream,0,06611200,4.851972831257657
143,44,simple_upstream,0,06719505,0.5229471755684795
143,44,simple_upstream,0,06720500,4.985355843004493
143,44,simple_upstream,0,06721500,0.8802220300825806
143,44,simple_upstream,0,06731000,0.6929018061205826
143,44,simple_upstream,0,06734900,0.6340705376934619
143,44,simple_upstream,0,06775900,1.9695440483277482
143,44,simple_upstream,0,06891500,1.0714219497679256
143,44,simple_upstream,0,06892350,0.7896728011639967
143,44,simple_upstream,0,06893390,1.6044840065597255
143,44,simple_upstream,0,06893890,0.5254829349046736
143,44,simple_upstream,0,06893940,0.766309132765692
143,44,simple_upstream,0,06930800,1.6249220480142808
143,44,simple_upstream,0,07053250,2.271936058915981
143,44,simple_upstream,0,07055814,1.6054122276009655
143,44,simple_upstream,0,07065495,0.7873706759748886
143,44,simple_upstream,0,07196500,1.5704609057443417
143,44,simple_upstream,0,07221500,2.356611021434005
143,44,simple_upstream,0,07231975,2.5186085386925585
143,44,simple_upstream,0,401733105392404,0.4306397142243319
143,44,structure_upstream,0,03037525,0.4927767098790056
143,44,structure_upstream,0,03049652,0.445252928839705
143,44,structure_upstream,0,03072000,0.6720356230787947
143,44,structure_upstream,0,03144270,1.610215671790238
143,44,structure_upstream,0,03201722,0.9565128864099689
143,44,structure_upstream,0,03207962,1.4831859643117387
143,44,structure_upstream,0,03353600,1.4092908475359431
143,44,structure_upstream,0,03353637,1.2496681165982726
143,44,structure_upstream,0,03373530,2.5268787305913833
143,44,structure_upstream,0,03460000,2.8566406427423825
143,44,structure_upstream,0,03524550,1.332169205725395
143,44,structure_upstream,0,03575100,1.799305201462133
143,44,structure_upstream,0,05322000,1.867824503002443
143,44,structure_upstream,0,05331580,0.8698773232901283
143,44,structure_upstream,0,05418600,0.9542361146611957
143,44,structure_upstream,0,05449500,1.3594771512437522
143,44,structure_upstream,0,05457750,0.8856292260631853
143,44,structure_upstream,0,05463050,1.2953624577569485
143,44,structure_upstream,0,05531500,4.11643983732997
143,44,structure_upstream,0,05568000,1.002968519459231
143,44,structure_upstream,0,06177825,2.978170784124798
143,44,structure_upstream,0,06185500,0.9271576298961152
143,44,structure_upstream,0,06214500,1.2204713757701193
143,44,structure_upstream,0,06295000,1.3991394788731766
143,44,structure_upstream,0,06296003,2.7844260041258915
143,44,structure_upstream,0,06306300,1.4485003140322532
143,44,structure_upstream,0,06307740,1.920382946485489
143,44,structure_upstream,0,06331850,6.52620919893238
143,44,structure_upstream,0,06335750,5.210354668889668
143,44,structure_upstream,0,06336600,4.072178480487453
143,44,structure_upstream,0,06338490,1.1591871984313484
143,44,structure_upstream,0,06364700,5.764613671599532
143,44,structure_upstream,0,06440000,3.077397232601289
143,44,structure_upstream,0,06485500,2.329141206639432
143,44,structure_upstream,0,06611200,4.851972831257657
143,44,structure_upstream,0,06719505,0.5229471755684795
143,44,structure_upstream,0,06720500,4.985355843004493
143,44,structure_upstream,0,06721500,0.8802220300825806
143,44,structure_upstream,0,06731000,0.6929018061205826
143,44,structure_upstream,0,06734900,0.6340705376934619
143,44,structure_upstream,0,06775900,1.9695440483277482
143,44,structure_upstream,0,06891500,1.0714219497679256
143,44,structure_upstream,0,06892350,0.7896728011639967
143,44,structure_upstream,0,06893390,1.6044840065597255
143,44,structure_upstream,0,06893890,0.5254829349046736
143,44,structure_upstream,0,06893940,0.766309132765692
143,44,structure_upstream,0,06930800,1.6249220480142808
143,44,structure_upstream,0,07053250,2.271936058915981
143,44,structure_upstream,0,07055814,1.6054122276009655
143,44,structure_upstream,0,07065495,0.7873706759748886
143,44,structure_upstream,0,07196500,1.5704609057443417
143,44,structure_upstream,0,07221500,2.356611021434005
143,44,structure_upstream,0,07231975,2.5186085386925585
143,44,structure_upstream,0,401733105392404,0.4306397142243319
144,42,current_complete,0,03040000,0.49753732719917826
144,42,current_complete,0,03049652,0.4455166020516504
144,42,current_complete,0,03085000,0.5513692381274009
144,42,current_complete,0,03198350,0.314233247986342
144,42,current_complete,0,03201700,1.1310835128234547
144,42,current_complete,0,03201722,1.1288128092249634
144,42,current_complete,0,03212500,1.1269903062672846
144,42,current_complete,0,03281000,0.40740231646355146
144,42,current_complete,0,03289500,2.266238348161175
144,42,current_complete,0,03290500,0.9322153236287335
144,42,current_complete,0,03374100,1.0870571534020588
144,42,current_complete,0,03474000,0.6118110640397538
144,42,current_complete,0,03568000,0.6799301041279585
144,42,current_complete,0,03575100,2.536274941338712
144,42,current_complete,0,03612500,0.5470371694991635
144,42,current_complete,0,05320500,2.1387940435078243
144,42,current_complete,0,05322000,1.6164155839089605
144,42,current_complete,0,05330000,1.3319757441701279
144,42,current_complete,0,05331833,1.3153514538895386
144,42,current_complete,0,05357239,3.3121094375479743
144,42,current_complete,0,05451080,1.3058915490546295
144,42,current_complete,0,05451210,1.221438635039862
144,42,current_complete,0,05464420,1.8671024686153113
144,42,current_complete,0,05526000,1.1565667809937967
144,42,current_complete,0,05550000,1.696935585422337
144,42,current_complete,0,05572000,0.827439453891245
144,42,current_complete,0,05586300,0.5175313063826411
144,42,current_complete,0,05587455,0.7331805270573519
144,42,current_complete,0,06054500,1.1380252186160833
144,42,current_complete,0,06214500,0.7707963742881385
144,42,current_complete,0,06296003,2.9522874203110616
144,42,current_complete,0,06296120,1.7476167368736664
144,42,current_complete,0,06330000,3.6295275181583926
144,42,current_complete,0,06339100,6.553924361137747
144,42,current_complete,0,06438000,52.73220579419889
144,42,current_complete,0,06611300,1.9061062437762955
144,42,current_complete,0,06698500,2.5894676299660397
144,42,current_complete,0,06714000,1.8747503507318475
144,42,current_complete,0,06805500,1.2041891607880209
144,42,current_complete,0,06856600,2.1941080893423464
144,42,current_complete,0,06880800,2.0538125659676196
144,42,current_complete,0,06884025,1.3624870394699962
144,42,current_complete,0,06890100,1.1134315299515642
144,42,current_complete,0,06892350,0.7510738591599935
144,42,current_complete,0,06893150,0.8519366107414841
144,42,current_complete,0,06893350,1.61563458933598
144,42,current_complete,0,06893500,1.3955032071011109
144,42,current_complete,0,06893564,2.8819646363275693
144,42,current_complete,0,06923150,1.3544289270694128
144,42,current_complete,0,07053250,2.0057081343693044
144,42,current_complete,0,07055646,0.7464916532981256
144,42,current_complete,0,07055814,1.473825344876762
144,42,current_complete,0,07083000,0.7993836806650321
144,42,current_complete,0,07196500,1.4296924028725209
144,42,matched_nonupstream,0,03040000,0.49753732719917826
144,42,matched_nonupstream,0,03049652,0.4455166020516504
144,42,matched_nonupstream,0,03085000,0.5513692381274009
144,42,matched_nonupstream,0,03198350,0.314233247986342
144,42,matched_nonupstream,0,03201700,1.1310835128234547
144,42,matched_nonupstream,0,03201722,1.1288128092249634
144,42,matched_nonupstream,0,03212500,1.1269903062672846
144,42,matched_nonupstream,0,03281000,0.40740231646355146
144,42,matched_nonupstream,0,03289500,2.266238348161175
144,42,matched_nonupstream,0,03290500,0.9322153236287335
144,42,matched_nonupstream,0,03374100,1.0870571534020588
144,42,matched_nonupstream,0,03474000,0.6118110640397538
144,42,matched_nonupstream,0,03568000,0.6799301041279585
144,42,matched_nonupstream,0,03575100,2.536274941338712
144,42,matched_nonupstream,0,03612500,0.5470371694991635
144,42,matched_nonupstream,0,05320500,2.1387940435078243
144,42,matched_nonupstream,0,05322000,1.6164155839089605
144,42,matched_nonupstream,0,05330000,1.3319757441701279
144,42,matched_nonupstream,0,05331833,1.3153514538895386
144,42,matched_nonupstream,0,05357239,3.3121094375479743
144,42,matched_nonupstream,0,05451080,1.3058915490546295
144,42,matched_nonupstream,0,05451210,1.221438635039862
144,42,matched_nonupstream,0,05464420,1.8671024686153113
144,42,matched_nonupstream,0,05526000,1.1565667809937967
144,42,matched_nonupstream,0,05550000,1.696935585422337
144,42,matched_nonupstream,0,05572000,0.827439453891245
144,42,matched_nonupstream,0,05586300,0.5175313063826411
144,42,matched_nonupstream,0,05587455,0.7331805270573519
144,42,matched_nonupstream,0,06054500,1.1380252186160833
144,42,matched_nonupstream,0,06214500,0.7707963742881385
144,42,matched_nonupstream,0,06296003,2.9522874203110616
144,42,matched_nonupstream,0,06296120,1.7476167368736664
144,42,matched_nonupstream,0,06330000,3.6295275181583926
144,42,matched_nonupstream,0,06339100,6.553924361137747
144,42,matched_nonupstream,0,06438000,52.73220579419889
144,42,matched_nonupstream,0,06611300,1.9061062437762955
144,42,matched_nonupstream,0,06698500,2.5894676299660397
144,42,matched_nonupstream,0,06714000,1.8747503507318475
144,42,matched_nonupstream,0,06805500,1.2041891607880209
144,42,matched_nonupstream,0,06856600,2.1941080893423464
144,42,matched_nonupstream,0,06880800,2.0538125659676196
144,42,matched_nonupstream,0,06884025,1.3624870394699962
144,42,matched_nonupstream,0,06890100,1.1134315299515642
144,42,matched_nonupstream,0,06892350,0.7510738591599935
144,42,matched_nonupstream,0,06893150,0.8519366107414841
144,42,matched_nonupstream,0,06893350,1.61563458933598
144,42,matched_nonupstream,0,06893500,1.3955032071011109
144,42,matched_nonupstream,0,06893564,2.8819646363275693
144,42,matched_nonupstream,0,06923150,1.3544289270694128
144,42,matched_nonupstream,0,07053250,2.0057081343693044
144,42,matched_nonupstream,0,07055646,0.7464916532981256
144,42,matched_nonupstream,0,07055814,1.473825344876762
144,42,matched_nonupstream,0,07083000,0.7993836806650321
144,42,matched_nonupstream,0,07196500,1.4296924028725209
144,42,simple_upstream,0,03040000,0.49753732719917826
144,42,simple_upstream,0,03049652,0.4455166020516504
144,42,simple_upstream,0,03085000,0.5513692381274009
144,42,simple_upstream,0,03198350,0.314233247986342
144,42,simple_upstream,0,03201700,1.1310835128234547
144,42,simple_upstream,0,03201722,1.1288128092249634
144,42,simple_upstream,0,03212500,1.1269903062672846
144,42,simple_upstream,0,03281000,0.40740231646355146
144,42,simple_upstream,0,03289500,2.266238348161175
144,42,simple_upstream,0,03290500,0.9322153236287335
144,42,simple_upstream,0,03374100,1.0870571534020588
144,42,simple_upstream,0,03474000,0.6118110640397538
144,42,simple_upstream,0,03568000,0.6799301041279585
144,42,simple_upstream,0,03575100,2.536274941338712
144,42,simple_upstream,0,03612500,0.5470371694991635
144,42,simple_upstream,0,05320500,2.1387940435078243
144,42,simple_upstream,0,05322000,1.6164155839089605
144,42,simple_upstream,0,05330000,1.3319757441701279
144,42,simple_upstream,0,05331833,1.3153514538895386
144,42,simple_upstream,0,05357239,3.3121094375479743
144,42,simple_upstream,0,05451080,1.3058915490546295
144,42,simple_upstream,0,05451210,1.221438635039862
144,42,simple_upstream,0,05464420,1.8671024686153113
144,42,simple_upstream,0,05526000,1.1565667809937967
144,42,simple_upstream,0,05550000,1.696935585422337
144,42,simple_upstream,0,05572000,0.827439453891245
144,42,simple_upstream,0,05586300,0.5175313063826411
144,42,simple_upstream,0,05587455,0.7331805270573519
144,42,simple_upstream,0,06054500,1.1380252186160833
144,42,simple_upstream,0,06214500,0.7707963742881385
144,42,simple_upstream,0,06296003,2.9522874203110616
144,42,simple_upstream,0,06296120,1.7476167368736664
144,42,simple_upstream,0,06330000,3.6295275181583926
144,42,simple_upstream,0,06339100,6.553924361137747
144,42,simple_upstream,0,06438000,52.73220579419889
144,42,simple_upstream,0,06611300,1.9061062437762955
144,42,simple_upstream,0,06698500,2.5894676299660397
144,42,simple_upstream,0,06714000,1.8747503507318475
144,42,simple_upstream,0,06805500,1.2041891607880209
144,42,simple_upstream,0,06856600,2.1941080893423464
144,42,simple_upstream,0,06880800,2.0538125659676196
144,42,simple_upstream,0,06884025,1.3624870394699962
144,42,simple_upstream,0,06890100,1.1134315299515642
144,42,simple_upstream,0,06892350,0.7510738591599935
144,42,simple_upstream,0,06893150,0.8519366107414841
144,42,simple_upstream,0,06893350,1.61563458933598
144,42,simple_upstream,0,06893500,1.3955032071011109
144,42,simple_upstream,0,06893564,2.8819646363275693
144,42,simple_upstream,0,06923150,1.3544289270694128
144,42,simple_upstream,0,07053250,2.0057081343693044
144,42,simple_upstream,0,07055646,0.7464916532981256
144,42,simple_upstream,0,07055814,1.473825344876762
144,42,simple_upstream,0,07083000,0.7993836806650321
144,42,simple_upstream,0,07196500,1.4296924028725209
144,42,structure_upstream,0,03040000,0.49753732719917826
144,42,structure_upstream,0,03049652,0.4455166020516504
144,42,structure_upstream,0,03085000,0.5513692381274009
144,42,structure_upstream,0,03198350,0.314233247986342
144,42,structure_upstream,0,03201700,1.1310835128234547
144,42,structure_upstream,0,03201722,1.1288128092249634
144,42,structure_upstream,0,03212500,1.1269903062672846
144,42,structure_upstream,0,03281000,0.40740231646355146
144,42,structure_upstream,0,03289500,2.266238348161175
144,42,structure_upstream,0,03290500,0.9322153236287335
144,42,structure_upstream,0,03374100,1.0870571534020588
144,42,structure_upstream,0,03474000,0.6118110640397538
144,42,structure_upstream,0,03568000,0.6799301041279585
144,42,structure_upstream,0,03575100,2.536274941338712
144,42,structure_upstream,0,03612500,0.5470371694991635
144,42,structure_upstream,0,05320500,2.1387940435078243
144,42,structure_upstream,0,05322000,1.6164155839089605
144,42,structure_upstream,0,05330000,1.3319757441701279
144,42,structure_upstream,0,05331833,1.3153514538895386
144,42,structure_upstream,0,05357239,3.3121094375479743
144,42,structure_upstream,0,05451080,1.3058915490546295
144,42,structure_upstream,0,05451210,1.221438635039862
144,42,structure_upstream,0,05464420,1.8671024686153113
144,42,structure_upstream,0,05526000,1.1565667809937967
144,42,structure_upstream,0,05550000,1.696935585422337
144,42,structure_upstream,0,05572000,0.827439453891245
144,42,structure_upstream,0,05586300,0.5175313063826411
144,42,structure_upstream,0,05587455,0.7331805270573519
144,42,structure_upstream,0,06054500,1.1380252186160833
144,42,structure_upstream,0,06214500,0.7707963742881385
144,42,structure_upstream,0,06296003,2.9522874203110616
144,42,structure_upstream,0,06296120,1.7476167368736664
144,42,structure_upstream,0,06330000,3.6295275181583926
144,42,structure_upstream,0,06339100,6.553924361137747
144,42,structure_upstream,0,06438000,52.73220579419889
144,42,structure_upstream,0,06611300,1.9061062437762955
144,42,structure_upstream,0,06698500,2.5894676299660397
144,42,structure_upstream,0,06714000,1.8747503507318475
144,42,structure_upstream,0,06805500,1.2041891607880209
144,42,structure_upstream,0,06856600,2.1941080893423464
144,42,structure_upstream,0,06880800,2.0538125659676196
144,42,structure_upstream,0,06884025,1.3624870394699962
144,42,structure_upstream,0,06890100,1.1134315299515642
144,42,structure_upstream,0,06892350,0.7510738591599935
144,42,structure_upstream,0,06893150,0.8519366107414841
144,42,structure_upstream,0,06893350,1.61563458933598
144,42,structure_upstream,0,06893500,1.3955032071011109
144,42,structure_upstream,0,06893564,2.8819646363275693
144,42,structure_upstream,0,06923150,1.3544289270694128
144,42,structure_upstream,0,07053250,2.0057081343693044
144,42,structure_upstream,0,07055646,0.7464916532981256
144,42,structure_upstream,0,07055814,1.473825344876762
144,42,structure_upstream,0,07083000,0.7993836806650321
144,42,structure_upstream,0,07196500,1.4296924028725209
144,43,current_complete,0,03040000,0.593638621243871
144,43,current_complete,0,03049652,0.4472197633388328
144,43,current_complete,0,03085000,0.6484782432499063
144,43,current_complete,0,03198350,0.32303976399458795
144,43,current_complete,0,03201700,1.08350032587821
144,43,current_complete,0,03201722,1.0316177615267361
144,43,current_complete,0,03212500,1.1642046726541702
144,43,current_complete,0,03281000,0.4333019813975281
144,43,current_complete,0,03289500,2.412527458803816
144,43,current_complete,0,03290500,0.9582833348086136
144,43,current_complete,0,03374100,1.0780518174674076
144,43,current_complete,0,03474000,0.5014226076759418
144,43,current_complete,0,03568000,0.6319940042003714
144,43,current_complete,0,03575100,2.554385012050376
144,43,current_complete,0,03612500,0.47058769894249686
144,43,current_complete,0,05320500,2.2272731250463598
144,43,current_complete,0,05322000,1.6573896640711263
144,43,current_complete,0,05330000,1.2389724134637286
144,43,current_complete,0,05331833,0.9247683008541259
144,43,current_complete,0,05357239,3.7767845036000973
144,43,current_complete,0,05451080,1.3813976223453295
144,43,current_complete,0,05451210,1.226888956343484
144,43,current_complete,0,05464420,1.8489942057808484
144,43,current_complete,0,05526000,1.0931605762368726
144,43,current_complete,0,05550000,1.4521089903488453
144,43,current_complete,0,05572000,0.8418128396945006
144,43,current_complete,0,05586300,0.6226621374221311
144,43,current_complete,0,05587455,0.76163137783825
144,43,current_complete,0,06054500,1.0243475711518892
144,43,current_complete,0,06214500,0.824331601694991
144,43,current_complete,0,06296003,2.560361107059203
144,43,current_complete,0,06296120,1.842580692449801
144,43,current_complete,0,06330000,3.7954368029615573
144,43,current_complete,0,06339100,6.594492384489472
144,43,current_complete,0,06438000,52.56691088726772
144,43,current_complete,0,06611300,2.2659420367736214
144,43,current_complete,0,06698500,2.3460817094751567
144,43,current_complete,0,06714000,1.8616296795234666
144,43,current_complete,0,06805500,1.158593584540469
144,43,current_complete,0,06856600,2.2109586351710053
144,43,current_complete,0,06880800,1.984012196333058
144,43,current_complete,0,06884025,1.3814019335688723
144,43,current_complete,0,06890100,1.2463570601452425
144,43,current_complete,0,06892350,0.7534171826182771
144,43,current_complete,0,06893150,0.8914609337571737
144,43,current_complete,0,06893350,1.509197286504019
144,43,current_complete,0,06893500,1.3816288509691472
144,43,current_complete,0,06893564,2.8326727612293783
144,43,current_complete,0,06923150,1.2755500094769925
144,43,current_complete,0,07053250,1.7013585027269984
144,43,current_complete,0,07055646,0.5911795601396739
144,43,current_complete,0,07055814,1.4967241631002635
144,43,current_complete,0,07083000,1.255432747387504
144,43,current_complete,0,07196500,1.2515264417654468
144,43,matched_nonupstream,0,03040000,0.593638621243871
144,43,matched_nonupstream,0,03049652,0.4472197633388328
144,43,matched_nonupstream,0,03085000,0.6484782432499063
144,43,matched_nonupstream,0,03198350,0.32303976399458795
144,43,matched_nonupstream,0,03201700,1.08350032587821
144,43,matched_nonupstream,0,03201722,1.0316177615267361
144,43,matched_nonupstream,0,03212500,1.1642046726541702
144,43,matched_nonupstream,0,03281000,0.4333019813975281
144,43,matched_nonupstream,0,03289500,2.412527458803816
144,43,matched_nonupstream,0,03290500,0.9582833348086136
144,43,matched_nonupstream,0,03374100,1.0780518174674076
144,43,matched_nonupstream,0,03474000,0.5014226076759418
144,43,matched_nonupstream,0,03568000,0.6319940042003714
144,43,matched_nonupstream,0,03575100,2.554385012050376
144,43,matched_nonupstream,0,03612500,0.47058769894249686
144,43,matched_nonupstream,0,05320500,2.2272731250463598
144,43,matched_nonupstream,0,05322000,1.6573896640711263
144,43,matched_nonupstream,0,05330000,1.2389724134637286
144,43,matched_nonupstream,0,05331833,0.9247683008541259
144,43,matched_nonupstream,0,05357239,3.7767845036000973
144,43,matched_nonupstream,0,05451080,1.3813976223453295
144,43,matched_nonupstream,0,05451210,1.226888956343484
144,43,matched_nonupstream,0,05464420,1.8489942057808484
144,43,matched_nonupstream,0,05526000,1.0931605762368726
144,43,matched_nonupstream,0,05550000,1.4521089903488453
144,43,matched_nonupstream,0,05572000,0.8418128396945006
144,43,matched_nonupstream,0,05586300,0.6226621374221311
144,43,matched_nonupstream,0,05587455,0.76163137783825
144,43,matched_nonupstream,0,06054500,1.0243475711518892
144,43,matched_nonupstream,0,06214500,0.824331601694991
144,43,matched_nonupstream,0,06296003,2.560361107059203
144,43,matched_nonupstream,0,06296120,1.842580692449801
144,43,matched_nonupstream,0,06330000,3.7954368029615573
144,43,matched_nonupstream,0,06339100,6.594492384489472
144,43,matched_nonupstream,0,06438000,52.56691088726772
144,43,matched_nonupstream,0,06611300,2.2659420367736214
144,43,matched_nonupstream,0,06698500,2.3460817094751567
144,43,matched_nonupstream,0,06714000,1.8616296795234666
144,43,matched_nonupstream,0,06805500,1.158593584540469
144,43,matched_nonupstream,0,06856600,2.2109586351710053
144,43,matched_nonupstream,0,06880800,1.984012196333058
144,43,matched_nonupstream,0,06884025,1.3814019335688723
144,43,matched_nonupstream,0,06890100,1.2463570601452425
144,43,matched_nonupstream,0,06892350,0.7534171826182771
144,43,matched_nonupstream,0,06893150,0.8914609337571737
144,43,matched_nonupstream,0,06893350,1.509197286504019
144,43,matched_nonupstream,0,06893500,1.3816288509691472
144,43,matched_nonupstream,0,06893564,2.8326727612293783
144,43,matched_nonupstream,0,06923150,1.2755500094769925
144,43,matched_nonupstream,0,07053250,1.7013585027269984
144,43,matched_nonupstream,0,07055646,0.5911795601396739
144,43,matched_nonupstream,0,07055814,1.4967241631002635
144,43,matched_nonupstream,0,07083000,1.255432747387504
144,43,matched_nonupstream,0,07196500,1.2515264417654468
144,43,simple_upstream,0,03040000,0.593638621243871
144,43,simple_upstream,0,03049652,0.4472197633388328
144,43,simple_upstream,0,03085000,0.6484782432499063
144,43,simple_upstream,0,03198350,0.32303976399458795
144,43,simple_upstream,0,03201700,1.08350032587821
144,43,simple_upstream,0,03201722,1.0316177615267361
144,43,simple_upstream,0,03212500,1.1642046726541702
144,43,simple_upstream,0,03281000,0.4333019813975281
144,43,simple_upstream,0,03289500,2.412527458803816
144,43,simple_upstream,0,03290500,0.9582833348086136
144,43,simple_upstream,0,03374100,1.0780518174674076
144,43,simple_upstream,0,03474000,0.5014226076759418
144,43,simple_upstream,0,03568000,0.6319940042003714
144,43,simple_upstream,0,03575100,2.554385012050376
144,43,simple_upstream,0,03612500,0.47058769894249686
144,43,simple_upstream,0,05320500,2.2272731250463598
144,43,simple_upstream,0,05322000,1.6573896640711263
144,43,simple_upstream,0,05330000,1.2389724134637286
144,43,simple_upstream,0,05331833,0.9247683008541259
144,43,simple_upstream,0,05357239,3.7767845036000973
144,43,simple_upstream,0,05451080,1.3813976223453295
144,43,simple_upstream,0,05451210,1.226888956343484
144,43,simple_upstream,0,05464420,1.8489942057808484
144,43,simple_upstream,0,05526000,1.0931605762368726
144,43,simple_upstream,0,05550000,1.4521089903488453
144,43,simple_upstream,0,05572000,0.8418128396945006
144,43,simple_upstream,0,05586300,0.6226621374221311
144,43,simple_upstream,0,05587455,0.76163137783825
144,43,simple_upstream,0,06054500,1.0243475711518892
144,43,simple_upstream,0,06214500,0.824331601694991
144,43,simple_upstream,0,06296003,2.560361107059203
144,43,simple_upstream,0,06296120,1.842580692449801
144,43,simple_upstream,0,06330000,3.7954368029615573
144,43,simple_upstream,0,06339100,6.594492384489472
144,43,simple_upstream,0,06438000,52.56691088726772
144,43,simple_upstream,0,06611300,2.2659420367736214
144,43,simple_upstream,0,06698500,2.3460817094751567
144,43,simple_upstream,0,06714000,1.8616296795234666
144,43,simple_upstream,0,06805500,1.158593584540469
144,43,simple_upstream,0,06856600,2.2109586351710053
144,43,simple_upstream,0,06880800,1.984012196333058
144,43,simple_upstream,0,06884025,1.3814019335688723
144,43,simple_upstream,0,06890100,1.2463570601452425
144,43,simple_upstream,0,06892350,0.7534171826182771
144,43,simple_upstream,0,06893150,0.8914609337571737
144,43,simple_upstream,0,06893350,1.509197286504019
144,43,simple_upstream,0,06893500,1.3816288509691472
144,43,simple_upstream,0,06893564,2.8326727612293783
144,43,simple_upstream,0,06923150,1.2755500094769925
144,43,simple_upstream,0,07053250,1.7013585027269984
144,43,simple_upstream,0,07055646,0.5911795601396739
144,43,simple_upstream,0,07055814,1.4967241631002635
144,43,simple_upstream,0,07083000,1.255432747387504
144,43,simple_upstream,0,07196500,1.2515264417654468
144,43,structure_upstream,0,03040000,0.593638621243871
144,43,structure_upstream,0,03049652,0.4472197633388328
144,43,structure_upstream,0,03085000,0.6484782432499063
144,43,structure_upstream,0,03198350,0.32303976399458795
144,43,structure_upstream,0,03201700,1.08350032587821
144,43,structure_upstream,0,03201722,1.0316177615267361
144,43,structure_upstream,0,03212500,1.1642046726541702
144,43,structure_upstream,0,03281000,0.4333019813975281
144,43,structure_upstream,0,03289500,2.412527458803816
144,43,structure_upstream,0,03290500,0.9582833348086136
144,43,structure_upstream,0,03374100,1.0780518174674076
144,43,structure_upstream,0,03474000,0.5014226076759418
144,43,structure_upstream,0,03568000,0.6319940042003714
144,43,structure_upstream,0,03575100,2.554385012050376
144,43,structure_upstream,0,03612500,0.47058769894249686
144,43,structure_upstream,0,05320500,2.2272731250463598
144,43,structure_upstream,0,05322000,1.6573896640711263
144,43,structure_upstream,0,05330000,1.2389724134637286
144,43,structure_upstream,0,05331833,0.9247683008541259
144,43,structure_upstream,0,05357239,3.7767845036000973
144,43,structure_upstream,0,05451080,1.3813976223453295
144,43,structure_upstream,0,05451210,1.226888956343484
144,43,structure_upstream,0,05464420,1.8489942057808484
144,43,structure_upstream,0,05526000,1.0931605762368726
144,43,structure_upstream,0,05550000,1.4521089903488453
144,43,structure_upstream,0,05572000,0.8418128396945006
144,43,structure_upstream,0,05586300,0.6226621374221311
144,43,structure_upstream,0,05587455,0.76163137783825
144,43,structure_upstream,0,06054500,1.0243475711518892
144,43,structure_upstream,0,06214500,0.824331601694991
144,43,structure_upstream,0,06296003,2.560361107059203
144,43,structure_upstream,0,06296120,1.842580692449801
144,43,structure_upstream,0,06330000,3.7954368029615573
144,43,structure_upstream,0,06339100,6.594492384489472
144,43,structure_upstream,0,06438000,52.56691088726772
144,43,structure_upstream,0,06611300,2.2659420367736214
144,43,structure_upstream,0,06698500,2.3460817094751567
144,43,structure_upstream,0,06714000,1.8616296795234666
144,43,structure_upstream,0,06805500,1.158593584540469
144,43,structure_upstream,0,06856600,2.2109586351710053
144,43,structure_upstream,0,06880800,1.984012196333058
144,43,structure_upstream,0,06884025,1.3814019335688723
144,43,structure_upstream,0,06890100,1.2463570601452425
144,43,structure_upstream,0,06892350,0.7534171826182771
144,43,structure_upstream,0,06893150,0.8914609337571737
144,43,structure_upstream,0,06893350,1.509197286504019
144,43,structure_upstream,0,06893500,1.3816288509691472
144,43,structure_upstream,0,06893564,2.8326727612293783
144,43,structure_upstream,0,06923150,1.2755500094769925
144,43,structure_upstream,0,07053250,1.7013585027269984
144,43,structure_upstream,0,07055646,0.5911795601396739
144,43,structure_upstream,0,07055814,1.4967241631002635
144,43,structure_upstream,0,07083000,1.255432747387504
144,43,structure_upstream,0,07196500,1.2515264417654468
144,44,current_complete,0,03040000,0.40054203616084133
144,44,current_complete,0,03049652,0.45221927501965753
144,44,current_complete,0,03085000,0.4937156783608989
144,44,current_complete,0,03198350,0.2102729596193068
144,44,current_complete,0,03201700,1.096619691813764
144,44,current_complete,0,03201722,1.0844780730046713
144,44,current_complete,0,03212500,1.1998488523478792
144,44,current_complete,0,03281000,0.432125399277248
144,44,current_complete,0,03289500,2.284659008320628
144,44,current_complete,0,03290500,0.8891408181646376
144,44,current_complete,0,03374100,1.0772908519461628
144,44,current_complete,0,03474000,0.5223209241854085
144,44,current_complete,0,03568000,0.6091494142165796
144,44,current_complete,0,03575100,2.5776072829758028
144,44,current_complete,0,03612500,0.5444403478749692
144,44,current_complete,0,05320500,2.1507056661465054
144,44,current_complete,0,05322000,1.496430059897615
144,44,current_complete,0,05330000,1.2143645546573576
144,44,current_complete,0,05331833,1.0865251087477785
144,44,current_complete,0,05357239,3.6022522364850653
144,44,current_complete,0,05451080,1.3260703055021703
144,44,current_complete,0,05451210,1.217195627400727
144,44,current_complete,0,05464420,1.83626106541194
144,44,current_complete,0,05526000,1.1127951120427126
144,44,current_complete,0,05550000,2.21640152178764
144,44,current_complete,0,05572000,0.8408735354471568
144,44,current_complete,0,05586300,0.8710741888002769
144,44,current_complete,0,05587455,0.7309816379941075
144,44,current_complete,0,06054500,1.21404434596132
144,44,current_complete,0,06214500,0.867992724702033
144,44,current_complete,0,06296003,2.7795400125488237
144,44,current_complete,0,06296120,1.6916126460445189
144,44,current_complete,0,06330000,3.7339743117943662
144,44,current_complete,0,06339100,6.6046830845969655
144,44,current_complete,0,06438000,52.78004060576505
144,44,current_complete,0,06611300,1.3280635040946367
144,44,current_complete,0,06698500,2.467729480341787
144,44,current_complete,0,06714000,1.764980630497606
144,44,current_complete,0,06805500,1.1708775556267412
144,44,current_complete,0,06856600,2.207304971317478
144,44,current_complete,0,06880800,1.9406264679402827
144,44,current_complete,0,06884025,1.2280197922205005
144,44,current_complete,0,06890100,1.144807757278492
144,44,current_complete,0,06892350,0.7052176284558059
144,44,current_complete,0,06893150,0.9573860614005808
144,44,current_complete,0,06893350,1.483948298563701
144,44,current_complete,0,06893500,1.3881827295182296
144,44,current_complete,0,06893564,2.666639330652677
144,44,current_complete,0,06923150,1.2456005274179742
144,44,current_complete,0,07053250,2.020170162417257
144,44,current_complete,0,07055646,0.785972024302689
144,44,current_complete,0,07055814,1.4930780783299422
144,44,current_complete,0,07083000,1.1636064321177055
144,44,current_complete,0,07196500,1.2828282581490158
144,44,matched_nonupstream,0,03040000,0.40054203616084133
144,44,matched_nonupstream,0,03049652,0.45221927501965753
144,44,matched_nonupstream,0,03085000,0.4937156783608989
144,44,matched_nonupstream,0,03198350,0.2102729596193068
144,44,matched_nonupstream,0,03201700,1.096619691813764
144,44,matched_nonupstream,0,03201722,1.0844780730046713
144,44,matched_nonupstream,0,03212500,1.1998488523478792
144,44,matched_nonupstream,0,03281000,0.432125399277248
144,44,matched_nonupstream,0,03289500,2.284659008320628
144,44,matched_nonupstream,0,03290500,0.8891408181646376
144,44,matched_nonupstream,0,03374100,1.0772908519461628
144,44,matched_nonupstream,0,03474000,0.5223209241854085
144,44,matched_nonupstream,0,03568000,0.6091494142165796
144,44,matched_nonupstream,0,03575100,2.5776072829758028
144,44,matched_nonupstream,0,03612500,0.5444403478749692
144,44,matched_nonupstream,0,05320500,2.1507056661465054
144,44,matched_nonupstream,0,05322000,1.496430059897615
144,44,matched_nonupstream,0,05330000,1.2143645546573576
144,44,matched_nonupstream,0,05331833,1.0865251087477785
144,44,matched_nonupstream,0,05357239,3.6022522364850653
144,44,matched_nonupstream,0,05451080,1.3260703055021703
144,44,matched_nonupstream,0,05451210,1.217195627400727
144,44,matched_nonupstream,0,05464420,1.83626106541194
144,44,matched_nonupstream,0,05526000,1.1127951120427126
144,44,matched_nonupstream,0,05550000,2.21640152178764
144,44,matched_nonupstream,0,05572000,0.8408735354471568
144,44,matched_nonupstream,0,05586300,0.8710741888002769
144,44,matched_nonupstream,0,05587455,0.7309816379941075
144,44,matched_nonupstream,0,06054500,1.21404434596132
144,44,matched_nonupstream,0,06214500,0.867992724702033
144,44,matched_nonupstream,0,06296003,2.7795400125488237
144,44,matched_nonupstream,0,06296120,1.6916126460445189
144,44,matched_nonupstream,0,06330000,3.7339743117943662
144,44,matched_nonupstream,0,06339100,6.6046830845969655
144,44,matched_nonupstream,0,06438000,52.78004060576505
144,44,matched_nonupstream,0,06611300,1.3280635040946367
144,44,matched_nonupstream,0,06698500,2.467729480341787
144,44,matched_nonupstream,0,06714000,1.764980630497606
144,44,matched_nonupstream,0,06805500,1.1708775556267412
144,44,matched_nonupstream,0,06856600,2.207304971317478
144,44,matched_nonupstream,0,06880800,1.9406264679402827
144,44,matched_nonupstream,0,06884025,1.2280197922205005
144,44,matched_nonupstream,0,06890100,1.144807757278492
144,44,matched_nonupstream,0,06892350,0.7052176284558059
144,44,matched_nonupstream,0,06893150,0.9573860614005808
144,44,matched_nonupstream,0,06893350,1.483948298563701
144,44,matched_nonupstream,0,06893500,1.3881827295182296
144,44,matched_nonupstream,0,06893564,2.666639330652677
144,44,matched_nonupstream,0,06923150,1.2456005274179742
144,44,matched_nonupstream,0,07053250,2.020170162417257
144,44,matched_nonupstream,0,07055646,0.785972024302689
144,44,matched_nonupstream,0,07055814,1.4930780783299422
144,44,matched_nonupstream,0,07083000,1.1636064321177055
144,44,matched_nonupstream,0,07196500,1.2828282581490158
144,44,simple_upstream,0,03040000,0.40054203616084133
144,44,simple_upstream,0,03049652,0.45221927501965753
144,44,simple_upstream,0,03085000,0.4937156783608989
144,44,simple_upstream,0,03198350,0.2102729596193068
144,44,simple_upstream,0,03201700,1.096619691813764
144,44,simple_upstream,0,03201722,1.0844780730046713
144,44,simple_upstream,0,03212500,1.1998488523478792
144,44,simple_upstream,0,03281000,0.432125399277248
144,44,simple_upstream,0,03289500,2.284659008320628
144,44,simple_upstream,0,03290500,0.8891408181646376
144,44,simple_upstream,0,03374100,1.0772908519461628
144,44,simple_upstream,0,03474000,0.5223209241854085
144,44,simple_upstream,0,03568000,0.6091494142165796
144,44,simple_upstream,0,03575100,2.5776072829758028
144,44,simple_upstream,0,03612500,0.5444403478749692
144,44,simple_upstream,0,05320500,2.1507056661465054
144,44,simple_upstream,0,05322000,1.496430059897615
144,44,simple_upstream,0,05330000,1.2143645546573576
144,44,simple_upstream,0,05331833,1.0865251087477785
144,44,simple_upstream,0,05357239,3.6022522364850653
144,44,simple_upstream,0,05451080,1.3260703055021703
144,44,simple_upstream,0,05451210,1.217195627400727
144,44,simple_upstream,0,05464420,1.83626106541194
144,44,simple_upstream,0,05526000,1.1127951120427126
144,44,simple_upstream,0,05550000,2.21640152178764
144,44,simple_upstream,0,05572000,0.8408735354471568
144,44,simple_upstream,0,05586300,0.8710741888002769
144,44,simple_upstream,0,05587455,0.7309816379941075
144,44,simple_upstream,0,06054500,1.21404434596132
144,44,simple_upstream,0,06214500,0.867992724702033
144,44,simple_upstream,0,06296003,2.7795400125488237
144,44,simple_upstream,0,06296120,1.6916126460445189
144,44,simple_upstream,0,06330000,3.7339743117943662
144,44,simple_upstream,0,06339100,6.6046830845969655
144,44,simple_upstream,0,06438000,52.78004060576505
144,44,simple_upstream,0,06611300,1.3280635040946367
144,44,simple_upstream,0,06698500,2.467729480341787
144,44,simple_upstream,0,06714000,1.764980630497606
144,44,simple_upstream,0,06805500,1.1708775556267412
144,44,simple_upstream,0,06856600,2.207304971317478
144,44,simple_upstream,0,06880800,1.9406264679402827
144,44,simple_upstream,0,06884025,1.2280197922205005
144,44,simple_upstream,0,06890100,1.144807757278492
144,44,simple_upstream,0,06892350,0.7052176284558059
144,44,simple_upstream,0,06893150,0.9573860614005808
144,44,simple_upstream,0,06893350,1.483948298563701
144,44,simple_upstream,0,06893500,1.3881827295182296
144,44,simple_upstream,0,06893564,2.666639330652677
144,44,simple_upstream,0,06923150,1.2456005274179742
144,44,simple_upstream,0,07053250,2.020170162417257
144,44,simple_upstream,0,07055646,0.785972024302689
144,44,simple_upstream,0,07055814,1.4930780783299422
144,44,simple_upstream,0,07083000,1.1636064321177055
144,44,simple_upstream,0,07196500,1.2828282581490158
144,44,structure_upstream,0,03040000,0.40054203616084133
144,44,structure_upstream,0,03049652,0.45221927501965753
144,44,structure_upstream,0,03085000,0.4937156783608989
144,44,structure_upstream,0,03198350,0.2102729596193068
144,44,structure_upstream,0,03201700,1.096619691813764
144,44,structure_upstream,0,03201722,1.0844780730046713
144,44,structure_upstream,0,03212500,1.1998488523478792
144,44,structure_upstream,0,03281000,0.432125399277248
144,44,structure_upstream,0,03289500,2.284659008320628
144,44,structure_upstream,0,03290500,0.8891408181646376
144,44,structure_upstream,0,03374100,1.0772908519461628
144,44,structure_upstream,0,03474000,0.5223209241854085
144,44,structure_upstream,0,03568000,0.6091494142165796
144,44,structure_upstream,0,03575100,2.5776072829758028
144,44,structure_upstream,0,03612500,0.5444403478749692
144,44,structure_upstream,0,05320500,2.1507056661465054
144,44,structure_upstream,0,05322000,1.496430059897615
144,44,structure_upstream,0,05330000,1.2143645546573576
144,44,structure_upstream,0,05331833,1.0865251087477785
144,44,structure_upstream,0,05357239,3.6022522364850653
144,44,structure_upstream,0,05451080,1.3260703055021703
144,44,structure_upstream,0,05451210,1.217195627400727
144,44,structure_upstream,0,05464420,1.83626106541194
144,44,structure_upstream,0,05526000,1.1127951120427126
144,44,structure_upstream,0,05550000,2.21640152178764
144,44,structure_upstream,0,05572000,0.8408735354471568
144,44,structure_upstream,0,05586300,0.8710741888002769
144,44,structure_upstream,0,05587455,0.7309816379941075
144,44,structure_upstream,0,06054500,1.21404434596132
144,44,structure_upstream,0,06214500,0.867992724702033
144,44,structure_upstream,0,06296003,2.7795400125488237
144,44,structure_upstream,0,06296120,1.6916126460445189
144,44,structure_upstream,0,06330000,3.7339743117943662
144,44,structure_upstream,0,06339100,6.6046830845969655
144,44,structure_upstream,0,06438000,52.78004060576505
144,44,structure_upstream,0,06611300,1.3280635040946367
144,44,structure_upstream,0,06698500,2.467729480341787
144,44,structure_upstream,0,06714000,1.764980630497606
144,44,structure_upstream,0,06805500,1.1708775556267412
144,44,structure_upstream,0,06856600,2.207304971317478
144,44,structure_upstream,0,06880800,1.9406264679402827
144,44,structure_upstream,0,06884025,1.2280197922205005
144,44,structure_upstream,0,06890100,1.144807757278492
144,44,structure_upstream,0,06892350,0.7052176284558059
144,44,structure_upstream,0,06893150,0.9573860614005808
144,44,structure_upstream,0,06893350,1.483948298563701
144,44,structure_upstream,0,06893500,1.3881827295182296
144,44,structure_upstream,0,06893564,2.666639330652677
144,44,structure_upstream,0,06923150,1.2456005274179742
144,44,structure_upstream,0,07053250,2.020170162417257
144,44,structure_upstream,0,07055646,0.785972024302689
144,44,structure_upstream,0,07055814,1.4930780783299422
144,44,structure_upstream,0,07083000,1.1636064321177055
144,44,structure_upstream,0,07196500,1.2828282581490158
