split_seed,seed,model_name,k,station,error
708,42,attention_fixed_integrated,0,05420500,1.6422052781503702
708,42,attention_fixed_integrated,0,05420680,2.0797100999932296
708,42,attention_fixed_integrated,0,05422000,2.0892804887629826
708,42,attention_fixed_integrated,0,05449500,1.470056795327773
708,42,attention_fixed_integrated,0,05451070,1.2309065694565235
708,42,attention_fixed_integrated,0,05451080,1.039146372390464
708,42,attention_fixed_integrated,0,05451210,1.9981656958117626
708,42,attention_fixed_integrated,0,05453100,1.9228990544718527
708,42,attention_fixed_integrated,0,05455100,1.6631620900925503
708,42,attention_fixed_integrated,0,05457750,1.564407119998543
708,42,attention_fixed_integrated,0,05461390,3.401136384092349
708,42,attention_fixed_integrated,0,05463050,2.165924359148893
708,42,attention_fixed_integrated,0,05464020,2.042335267857454
708,42,attention_fixed_integrated,0,05464220,2.1864647205953065
708,42,attention_fixed_integrated,0,05464420,2.897217201153845
708,42,attention_fixed_integrated,0,05464480,1.3637970648470916
708,42,attention_fixed_integrated,0,05464760,1.1888426568604125
708,42,attention_fixed_integrated,0,05464935,1.2303094044085299
708,42,attention_fixed_integrated,0,05465500,1.7564831338851958
708,42,attention_fixed_integrated,0,05474000,1.475761650414952
708,42,attention_fixed_native,0,05420500,1.6422052781503702
708,42,attention_fixed_native,0,05420680,2.0797100999932296
708,42,attention_fixed_native,0,05422000,2.0892804887629826
708,42,attention_fixed_native,0,05449500,1.470056795327773
708,42,attention_fixed_native,0,05451070,1.2309065694565235
708,42,attention_fixed_native,0,05451080,1.039146372390464
708,42,attention_fixed_native,0,05451210,1.9981656958117626
708,42,attention_fixed_native,0,05453100,1.9228990544718527
708,42,attention_fixed_native,0,05455100,1.6631620900925503
708,42,attention_fixed_native,0,05457750,1.564407119998543
708,42,attention_fixed_native,0,05461390,3.401136384092349
708,42,attention_fixed_native,0,05463050,2.165924359148893
708,42,attention_fixed_native,0,05464020,2.042335267857454
708,42,attention_fixed_native,0,05464220,2.1864647205953065
708,42,attention_fixed_native,0,05464420,2.897217201153845
708,42,attention_fixed_native,0,05464480,1.3637970648470916
708,42,attention_fixed_native,0,05464760,1.1888426568604125
708,42,attention_fixed_native,0,05464935,1.2303094044085299
708,42,attention_fixed_native,0,05465500,1.7564831338851958
708,42,attention_fixed_native,0,05474000,1.475761650414952
708,42,attention_historical_integrated,0,05420500,1.6507316447518354
708,42,attention_historical_integrated,0,05420680,2.0081382251702795
708,42,attention_historical_integrated,0,05422000,2.0070260840048637
708,42,attention_historical_integrated,0,05449500,1.4038247662787984
708,42,attention_historical_integrated,0,05451070,1.1375994748538854
708,42,attention_historical_integrated,0,05451080,1.038623476213524
708,42,attention_historical_integrated,0,05451210,1.9204326754294934
708,42,attention_historical_integrated,0,05453100,1.8086661700476012
708,42,attention_historical_integrated,0,05455100,1.565583767867438
708,42,attention_historical_integrated,0,05457750,1.4693338977378845
708,42,attention_historical_integrated,0,05461390,3.2535213211128355
708,42,attention_historical_integrated,0,05463050,2.059885223598196
708,42,attention_historical_integrated,0,05464020,1.886652804754321
708,42,attention_historical_integrated,0,05464220,2.126523263079511
708,42,attention_historical_integrated,0,05464420,2.823621138521236
708,42,attention_historical_integrated,0,05464480,1.2850037560006593
708,42,attention_historical_integrated,0,05464760,1.1435552968608578
708,42,attention_historical_integrated,0,05464935,1.1249739215684653
708,42,attention_historical_integrated,0,05465500,1.7146404017391639
708,42,attention_historical_integrated,0,05474000,1.5194672989862275
708,42,attention_historical_native,0,05420500,1.6555829106094606
708,42,attention_historical_native,0,05420680,2.046203818716837
708,42,attention_historical_native,0,05422000,2.0419622021311055
708,42,attention_historical_native,0,05449500,1.4299883604770611
708,42,attention_historical_native,0,05451070,1.1613609908258824
708,42,attention_historical_native,0,05451080,1.0069243245107753
708,42,attention_historical_native,0,05451210,1.9586802980777336
708,42,attention_historical_native,0,05453100,1.866460633456225
708,42,attention_historical_native,0,05455100,1.5933064500867327
708,42,attention_historical_native,0,05457750,1.5095407063636843
708,42,attention_historical_native,0,05461390,3.3190726167994216
708,42,attention_historical_native,0,05463050,2.1298099272312254
708,42,attention_historical_native,0,05464020,1.9990489154691335
708,42,attention_historical_native,0,05464220,2.1243745882325293
708,42,attention_historical_native,0,05464420,2.878470985670315
708,42,attention_historical_native,0,05464480,1.3047273842198241
708,42,attention_historical_native,0,05464760,1.158493490448506
708,42,attention_historical_native,0,05464935,1.2220067800679466
708,42,attention_historical_native,0,05465500,1.7496874759735899
708,42,attention_historical_native,0,05474000,1.502929908055204
708,42,attention_real_integrated,0,05420500,1.5885964608483085
708,42,attention_real_integrated,0,05420680,2.033510678197372
708,42,attention_real_integrated,0,05422000,1.993923394681284
708,42,attention_real_integrated,0,05449500,1.449936075924527
708,42,attention_real_integrated,0,05451070,1.169145761348149
708,42,attention_real_integrated,0,05451080,1.1183764966799894
708,42,attention_real_integrated,0,05451210,2.0224230524420577
708,42,attention_real_integrated,0,05453100,1.8627571121923616
708,42,attention_real_integrated,0,05455100,1.6789754266725208
708,42,attention_real_integrated,0,05457750,1.5825945373041568
708,42,attention_real_integrated,0,05461390,3.4053103476783977
708,42,attention_real_integrated,0,05463050,2.122461508656784
708,42,attention_real_integrated,0,05464020,1.970316503905737
708,42,attention_real_integrated,0,05464220,2.246686296954339
708,42,attention_real_integrated,0,05464420,2.8437212267649206
708,42,attention_real_integrated,0,05464480,1.3929754336259854
708,42,attention_real_integrated,0,05464760,1.2086447791836872
708,42,attention_real_integrated,0,05464935,1.1418090337061806
708,42,attention_real_integrated,0,05465500,1.6924594879784838
708,42,attention_real_integrated,0,05474000,1.471611192353438
708,42,attention_real_native,0,05420500,1.5885964608483085
708,42,attention_real_native,0,05420680,2.033510678197372
708,42,attention_real_native,0,05422000,1.993923394681284
708,42,attention_real_native,0,05449500,1.449936075924527
708,42,attention_real_native,0,05451070,1.169145761348149
708,42,attention_real_native,0,05451080,1.1183764966799894
708,42,attention_real_native,0,05451210,2.0224230524420577
708,42,attention_real_native,0,05453100,1.8627571121923616
708,42,attention_real_native,0,05455100,1.6789754266725208
708,42,attention_real_native,0,05457750,1.5825945373041568
708,42,attention_real_native,0,05461390,3.4053103476783977
708,42,attention_real_native,0,05463050,2.122461508656784
708,42,attention_real_native,0,05464020,1.970316503905737
708,42,attention_real_native,0,05464220,2.246686296954339
708,42,attention_real_native,0,05464420,2.8437212267649206
708,42,attention_real_native,0,05464480,1.3929754336259854
708,42,attention_real_native,0,05464760,1.2086447791836872
708,42,attention_real_native,0,05464935,1.1418090337061806
708,42,attention_real_native,0,05465500,1.6924594879784838
708,42,attention_real_native,0,05474000,1.471611192353438
708,42,current_model,0,05420500,1.7235115511959953
708,42,current_model,0,05420680,2.2222435323821617
708,42,current_model,0,05422000,1.9769868396429051
708,42,current_model,0,05449500,1.9316756454254176
708,42,current_model,0,05451070,1.3176245311512678
708,42,current_model,0,05451080,1.2086223734898252
708,42,current_model,0,05451210,2.080617081659132
708,42,current_model,0,05453100,1.693568457517963
708,42,current_model,0,05455100,1.7801237342996774
708,42,current_model,0,05457750,1.3849238053390587
708,42,current_model,0,05461390,2.9874870585321833
708,42,current_model,0,05463050,1.6659307561090115
708,42,current_model,0,05464020,1.717230296166725
708,42,current_model,0,05464220,2.3399459623645265
708,42,current_model,0,05464420,2.7248889574421558
708,42,current_model,0,05464480,1.7465161972221783
708,42,current_model,0,05464760,1.118670718352313
708,42,current_model,0,05464935,1.3198398309149266
708,42,current_model,0,05465500,1.8680603494676895
708,42,current_model,0,05474000,1.5411537373309867
708,42,innovation_real_integrated,0,05420500,1.6420576540328717
708,42,innovation_real_integrated,0,05420680,2.07378506038011
708,42,innovation_real_integrated,0,05422000,2.083119944013012
708,42,innovation_real_integrated,0,05449500,1.4659856866635201
708,42,innovation_real_integrated,0,05451070,1.227520888775429
708,42,innovation_real_integrated,0,05451080,1.0381021684710565
708,42,innovation_real_integrated,0,05451210,1.9946879154598933
708,42,innovation_real_integrated,0,05453100,1.916615651553558
708,42,innovation_real_integrated,0,05455100,1.6591164655888047
708,42,innovation_real_integrated,0,05457750,1.5630069998343243
708,42,innovation_real_integrated,0,05461390,3.3934211727373116
708,42,innovation_real_integrated,0,05463050,2.16148118238085
708,42,innovation_real_integrated,0,05464020,2.036766166516145
708,42,innovation_real_integrated,0,05464220,2.184944811353184
708,42,innovation_real_integrated,0,05464420,2.892496417133532
708,42,innovation_real_integrated,0,05464480,1.368107922005437
708,42,innovation_real_integrated,0,05464760,1.1896187784395231
708,42,innovation_real_integrated,0,05464935,1.2256680372114932
708,42,innovation_real_integrated,0,05465500,1.7516377637115113
708,42,innovation_real_integrated,0,05474000,1.4764029501370473
708,42,innovation_real_native,0,05420500,1.6420576540328717
708,42,innovation_real_native,0,05420680,2.07378506038011
708,42,innovation_real_native,0,05422000,2.083119944013012
708,42,innovation_real_native,0,05449500,1.4659856866635201
708,42,innovation_real_native,0,05451070,1.227520888775429
708,42,innovation_real_native,0,05451080,1.0381021684710565
708,42,innovation_real_native,0,05451210,1.9946879154598933
708,42,innovation_real_native,0,05453100,1.916615651553558
708,42,innovation_real_native,0,05455100,1.6591164655888047
708,42,innovation_real_native,0,05457750,1.5630069998343243
708,42,innovation_real_native,0,05461390,3.3934211727373116
708,42,innovation_real_native,0,05463050,2.16148118238085
708,42,innovation_real_native,0,05464020,2.036766166516145
708,42,innovation_real_native,0,05464220,2.184944811353184
708,42,innovation_real_native,0,05464420,2.892496417133532
708,42,innovation_real_native,0,05464480,1.368107922005437
708,42,innovation_real_native,0,05464760,1.1896187784395231
708,42,innovation_real_native,0,05464935,1.2256680372114932
708,42,innovation_real_native,0,05465500,1.7516377637115113
708,42,innovation_real_native,0,05474000,1.4764029501370473
708,42,innovation_real_trees,0,05420500,1.6320965695078065
708,42,innovation_real_trees,0,05420680,2.1024814125431996
708,42,innovation_real_trees,0,05422000,1.9542233602722023
708,42,innovation_real_trees,0,05449500,1.4847102764237687
708,42,innovation_real_trees,0,05451070,0.9438946803151819
708,42,innovation_real_trees,0,05451080,1.30144853620325
708,42,innovation_real_trees,0,05451210,1.9049943132552243
708,42,innovation_real_trees,0,05453100,1.6446279066572023
708,42,innovation_real_trees,0,05455100,1.6141643402926826
708,42,innovation_real_trees,0,05457750,1.4099142362144168
708,42,innovation_real_trees,0,05461390,3.255878621152598
708,42,innovation_real_trees,0,05463050,2.0279504244355566
708,42,innovation_real_trees,0,05464020,1.6971553275120004
708,42,innovation_real_trees,0,05464220,2.349666932719178
708,42,innovation_real_trees,0,05464420,2.672838064059657
708,42,innovation_real_trees,0,05464480,1.3176742717088032
708,42,innovation_real_trees,0,05464760,1.0676165813415428
708,42,innovation_real_trees,0,05464935,1.1271625983553961
708,42,innovation_real_trees,0,05465500,1.7209733830367522
708,42,innovation_real_trees,0,05474000,1.5437924086357366
708,42,level_fixed_integrated,0,05420500,1.6555785609981797
708,42,level_fixed_integrated,0,05420680,2.102273599948281
708,42,level_fixed_integrated,0,05422000,1.7861276306915648
708,42,level_fixed_integrated,0,05449500,1.4550868865221103
708,42,level_fixed_integrated,0,05451070,0.9041358020281081
708,42,level_fixed_integrated,0,05451080,1.0626837463290413
708,42,level_fixed_integrated,0,05451210,1.854446335463235
708,42,level_fixed_integrated,0,05453100,1.8285945236972214
708,42,level_fixed_integrated,0,05455100,1.6219578079435226
708,42,level_fixed_integrated,0,05457750,1.5685672304941354
708,42,level_fixed_integrated,0,05461390,3.3810431813061292
708,42,level_fixed_integrated,0,05463050,2.244958162682317
708,42,level_fixed_integrated,0,05464020,2.0551599435866517
708,42,level_fixed_integrated,0,05464220,2.184704395927622
708,42,level_fixed_integrated,0,05464420,2.824372917250867
708,42,level_fixed_integrated,0,05464480,1.3256744843678059
708,42,level_fixed_integrated,0,05464760,1.191870214162679
708,42,level_fixed_integrated,0,05464935,1.2335882114911003
708,42,level_fixed_integrated,0,05465500,1.6046396979778033
708,42,level_fixed_integrated,0,05474000,1.4616322977087068
708,42,level_fixed_native,0,05420500,1.6555785609981797
708,42,level_fixed_native,0,05420680,2.102273599948281
708,42,level_fixed_native,0,05422000,1.7861276306915648
708,42,level_fixed_native,0,05449500,1.4550868865221103
708,42,level_fixed_native,0,05451070,0.9041358020281081
708,42,level_fixed_native,0,05451080,1.0626837463290413
708,42,level_fixed_native,0,05451210,1.854446335463235
708,42,level_fixed_native,0,05453100,1.8285945236972214
708,42,level_fixed_native,0,05455100,1.6219578079435226
708,42,level_fixed_native,0,05457750,1.5685672304941354
708,42,level_fixed_native,0,05461390,3.3810431813061292
708,42,level_fixed_native,0,05463050,2.244958162682317
708,42,level_fixed_native,0,05464020,2.0551599435866517
708,42,level_fixed_native,0,05464220,2.184704395927622
708,42,level_fixed_native,0,05464420,2.824372917250867
708,42,level_fixed_native,0,05464480,1.3256744843678059
708,42,level_fixed_native,0,05464760,1.191870214162679
708,42,level_fixed_native,0,05464935,1.2335882114911003
708,42,level_fixed_native,0,05465500,1.6046396979778033
708,42,level_fixed_native,0,05474000,1.4616322977087068
708,42,level_historical_integrated,0,05420500,1.6919695017107725
708,42,level_historical_integrated,0,05420680,1.9982587668835028
708,42,level_historical_integrated,0,05422000,1.6780303908924286
708,42,level_historical_integrated,0,05449500,1.3895197809356248
708,42,level_historical_integrated,0,05451070,1.0124965175238976
708,42,level_historical_integrated,0,05451080,1.1634873250212343
708,42,level_historical_integrated,0,05451210,1.866533955493416
708,42,level_historical_integrated,0,05453100,1.6850612679158272
708,42,level_historical_integrated,0,05455100,1.5410010626663917
708,42,level_historical_integrated,0,05457750,1.4722831055139636
708,42,level_historical_integrated,0,05461390,3.239364755051275
708,42,level_historical_integrated,0,05463050,2.0822047504331174
708,42,level_historical_integrated,0,05464020,1.8068341732770274
708,42,level_historical_integrated,0,05464220,2.149676559660458
708,42,level_historical_integrated,0,05464420,2.798207694092036
708,42,level_historical_integrated,0,05464480,1.285064656473337
708,42,level_historical_integrated,0,05464760,1.1549855963557092
708,42,level_historical_integrated,0,05464935,1.0677463555166196
708,42,level_historical_integrated,0,05465500,1.5853029060383335
708,42,level_historical_integrated,0,05474000,1.5356931726358254
708,42,level_historical_native,0,05420500,1.709961256127723
708,42,level_historical_native,0,05420680,2.0330312076678014
708,42,level_historical_native,0,05422000,1.6065562105552267
708,42,level_historical_native,0,05449500,1.4190466939191098
708,42,level_historical_native,0,05451070,1.0213200277506513
708,42,level_historical_native,0,05451080,1.183944980591788
708,42,level_historical_native,0,05451210,1.8942405674918903
708,42,level_historical_native,0,05453100,1.7016540972805263
708,42,level_historical_native,0,05455100,1.5721729663098336
708,42,level_historical_native,0,05457750,1.5134729833984564
708,42,level_historical_native,0,05461390,3.300197195384008
708,42,level_historical_native,0,05463050,2.159569296344454
708,42,level_historical_native,0,05464020,1.8850435461245876
708,42,level_historical_native,0,05464220,2.155245650340459
708,42,level_historical_native,0,05464420,2.844586393098048
708,42,level_historical_native,0,05464480,1.3053725859532188
708,42,level_historical_native,0,05464760,1.1765966716467453
708,42,level_historical_native,0,05464935,1.1271788968611118
708,42,level_historical_native,0,05465500,1.5886624138635368
708,42,level_historical_native,0,05474000,1.5270959691019514
708,42,level_real_integrated,0,05420500,1.6233346411430358
708,42,level_real_integrated,0,05420680,2.0152894531530228
708,42,level_real_integrated,0,05422000,1.6667766799109707
708,42,level_real_integrated,0,05449500,1.4337957164357977
708,42,level_real_integrated,0,05451070,0.8657687913750891
708,42,level_real_integrated,0,05451080,1.0547890460339946
708,42,level_real_integrated,0,05451210,1.8469705513932748
708,42,level_real_integrated,0,05453100,1.7437271254814533
708,42,level_real_integrated,0,05455100,1.589811940879408
708,42,level_real_integrated,0,05457750,1.559191348551264
708,42,level_real_integrated,0,05461390,3.315972227845659
708,42,level_real_integrated,0,05463050,2.1701106947613202
708,42,level_real_integrated,0,05464020,1.904808678081215
708,42,level_real_integrated,0,05464220,2.2447548007626597
708,42,level_real_integrated,0,05464420,2.743660744077148
708,42,level_real_integrated,0,05464480,1.3408896422931076
708,42,level_real_integrated,0,05464760,1.2062795686710341
708,42,level_real_integrated,0,05464935,1.124575515186629
708,42,level_real_integrated,0,05465500,1.5495634999244574
708,42,level_real_integrated,0,05474000,1.435568587101238
708,42,level_real_native,0,05420500,1.6233346411430358
708,42,level_real_native,0,05420680,2.0152894531530228
708,42,level_real_native,0,05422000,1.6667766799109707
708,42,level_real_native,0,05449500,1.4337957164357977
708,42,level_real_native,0,05451070,0.8657687913750891
708,42,level_real_native,0,05451080,1.0547890460339946
708,42,level_real_native,0,05451210,1.8469705513932748
708,42,level_real_native,0,05453100,1.7437271254814533
708,42,level_real_native,0,05455100,1.589811940879408
708,42,level_real_native,0,05457750,1.559191348551264
708,42,level_real_native,0,05461390,3.315972227845659
708,42,level_real_native,0,05463050,2.1701106947613202
708,42,level_real_native,0,05464020,1.904808678081215
708,42,level_real_native,0,05464220,2.2447548007626597
708,42,level_real_native,0,05464420,2.743660744077148
708,42,level_real_native,0,05464480,1.3408896422931076
708,42,level_real_native,0,05464760,1.2062795686710341
708,42,level_real_native,0,05464935,1.124575515186629
708,42,level_real_native,0,05465500,1.5495634999244574
708,42,level_real_native,0,05474000,1.435568587101238
708,42,level_seasonal_integrated,0,05420500,1.7020231425673862
708,42,level_seasonal_integrated,0,05420680,2.141297451242624
708,42,level_seasonal_integrated,0,05422000,1.3273186607346854
708,42,level_seasonal_integrated,0,05449500,1.4831869593935498
708,42,level_seasonal_integrated,0,05451070,1.0300353630679455
708,42,level_seasonal_integrated,0,05451080,1.4476511730918293
708,42,level_seasonal_integrated,0,05451210,1.7950893968735755
708,42,level_seasonal_integrated,0,05453100,1.6355431498046487
708,42,level_seasonal_integrated,0,05455100,1.6439253556879942
708,42,level_seasonal_integrated,0,05457750,1.5647698399377454
708,42,level_seasonal_integrated,0,05461390,3.334296141422762
708,42,level_seasonal_integrated,0,05463050,2.326734955035167
708,42,level_seasonal_integrated,0,05464020,2.056623481562317
708,42,level_seasonal_integrated,0,05464220,2.192301142014696
708,42,level_seasonal_integrated,0,05464420,2.824279163781433
708,42,level_seasonal_integrated,0,05464480,1.2397030688596298
708,42,level_seasonal_integrated,0,05464760,1.1911950389563752
708,42,level_seasonal_integrated,0,05464935,1.240337048334445
708,42,level_seasonal_integrated,0,05465500,1.5740600490540086
708,42,level_seasonal_integrated,0,05474000,1.4696452328830667
708,42,level_seasonal_native,0,05420500,1.7020231425673862
708,42,level_seasonal_native,0,05420680,2.141297451242624
708,42,level_seasonal_native,0,05422000,1.3273186607346854
708,42,level_seasonal_native,0,05449500,1.4831869593935498
708,42,level_seasonal_native,0,05451070,1.0300353630679455
708,42,level_seasonal_native,0,05451080,1.4476511730918293
708,42,level_seasonal_native,0,05451210,1.7950893968735755
708,42,level_seasonal_native,0,05453100,1.6355431498046487
708,42,level_seasonal_native,0,05455100,1.6439253556879942
708,42,level_seasonal_native,0,05457750,1.5647698399377454
708,42,level_seasonal_native,0,05461390,3.334296141422762
708,42,level_seasonal_native,0,05463050,2.326734955035167
708,42,level_seasonal_native,0,05464020,2.056623481562317
708,42,level_seasonal_native,0,05464220,2.192301142014696
708,42,level_seasonal_native,0,05464420,2.824279163781433
708,42,level_seasonal_native,0,05464480,1.2397030688596298
708,42,level_seasonal_native,0,05464760,1.1911950389563752
708,42,level_seasonal_native,0,05464935,1.240337048334445
708,42,level_seasonal_native,0,05465500,1.5740600490540086
708,42,level_seasonal_native,0,05474000,1.4696452328830667
708,42,matched_daily_trees,0,05420500,1.6994144145089016
708,42,matched_daily_trees,0,05420680,2.300043918687138
708,42,matched_daily_trees,0,05422000,2.0701781163073636
708,42,matched_daily_trees,0,05449500,1.8300884000442188
708,42,matched_daily_trees,0,05451070,1.3721009141367904
708,42,matched_daily_trees,0,05451080,1.273496905815344
708,42,matched_daily_trees,0,05451210,2.301959556361479
708,42,matched_daily_trees,0,05453100,1.8038407853770775
708,42,matched_daily_trees,0,05455100,1.869306429777512
708,42,matched_daily_trees,0,05457750,1.3258137500360807
708,42,matched_daily_trees,0,05461390,3.300896527707732
708,42,matched_daily_trees,0,05463050,1.6582507628181467
708,42,matched_daily_trees,0,05464020,1.5883415587355545
708,42,matched_daily_trees,0,05464220,2.421933486512992
708,42,matched_daily_trees,0,05464420,2.8543916951099026
708,42,matched_daily_trees,0,05464480,1.742703226159328
708,42,matched_daily_trees,0,05464760,1.1418744767977693
708,42,matched_daily_trees,0,05464935,1.3079872556295344
708,42,matched_daily_trees,0,05465500,1.8067423997703398
708,42,matched_daily_trees,0,05474000,1.646524359946159
708,42,relative_fixed_integrated,0,05420500,1.6275643151433037
708,42,relative_fixed_integrated,0,05420680,2.0796267214884496
708,42,relative_fixed_integrated,0,05422000,2.090593331085496
708,42,relative_fixed_integrated,0,05449500,1.473912862784925
708,42,relative_fixed_integrated,0,05451070,1.2225857325939744
708,42,relative_fixed_integrated,0,05451080,1.0591269529364258
708,42,relative_fixed_integrated,0,05451210,1.9734162400076565
708,42,relative_fixed_integrated,0,05453100,1.9365645386878392
708,42,relative_fixed_integrated,0,05455100,1.6667323347926877
708,42,relative_fixed_integrated,0,05457750,1.5680462924670735
708,42,relative_fixed_integrated,0,05461390,3.3975027742246042
708,42,relative_fixed_integrated,0,05463050,2.172210473603162
708,42,relative_fixed_integrated,0,05464020,2.052453414194302
708,42,relative_fixed_integrated,0,05464220,2.1902024025040667
708,42,relative_fixed_integrated,0,05464420,2.8772406929941794
708,42,relative_fixed_integrated,0,05464480,1.3865601389720401
708,42,relative_fixed_integrated,0,05464760,1.1899293653911962
708,42,relative_fixed_integrated,0,05464935,1.2426221424098765
708,42,relative_fixed_integrated,0,05465500,1.7459467754670799
708,42,relative_fixed_integrated,0,05474000,1.4662509258227068
708,42,relative_fixed_native,0,05420500,1.6275643151433037
708,42,relative_fixed_native,0,05420680,2.0796267214884496
708,42,relative_fixed_native,0,05422000,2.090593331085496
708,42,relative_fixed_native,0,05449500,1.473912862784925
708,42,relative_fixed_native,0,05451070,1.2225857325939744
708,42,relative_fixed_native,0,05451080,1.0591269529364258
708,42,relative_fixed_native,0,05451210,1.9734162400076565
708,42,relative_fixed_native,0,05453100,1.9365645386878392
708,42,relative_fixed_native,0,05455100,1.6667323347926877
708,42,relative_fixed_native,0,05457750,1.5680462924670735
708,42,relative_fixed_native,0,05461390,3.3975027742246042
708,42,relative_fixed_native,0,05463050,2.172210473603162
708,42,relative_fixed_native,0,05464020,2.052453414194302
708,42,relative_fixed_native,0,05464220,2.1902024025040667
708,42,relative_fixed_native,0,05464420,2.8772406929941794
708,42,relative_fixed_native,0,05464480,1.3865601389720401
708,42,relative_fixed_native,0,05464760,1.1899293653911962
708,42,relative_fixed_native,0,05464935,1.2426221424098765
708,42,relative_fixed_native,0,05465500,1.7459467754670799
708,42,relative_fixed_native,0,05474000,1.4662509258227068
708,42,relative_historical_integrated,0,05420500,1.6497267391373325
708,42,relative_historical_integrated,0,05420680,2.012631208551294
708,42,relative_historical_integrated,0,05422000,2.0091042174165694
708,42,relative_historical_integrated,0,05449500,1.4028273353553036
708,42,relative_historical_integrated,0,05451070,1.115185667846634
708,42,relative_historical_integrated,0,05451080,1.0333480534082902
708,42,relative_historical_integrated,0,05451210,1.9309904092211505
708,42,relative_historical_integrated,0,05453100,1.8149816212139027
708,42,relative_historical_integrated,0,05455100,1.560065411904828
708,42,relative_historical_integrated,0,05457750,1.4809138457741786
708,42,relative_historical_integrated,0,05461390,3.2572698507936297
708,42,relative_historical_integrated,0,05463050,2.0702724793237315
708,42,relative_historical_integrated,0,05464020,1.8986571329240227
708,42,relative_historical_integrated,0,05464220,2.134897634599959
708,42,relative_historical_integrated,0,05464420,2.837619292502335
708,42,relative_historical_integrated,0,05464480,1.2843079849654937
708,42,relative_historical_integrated,0,05464760,1.147636043932016
708,42,relative_historical_integrated,0,05464935,1.1289977972371101
708,42,relative_historical_integrated,0,05465500,1.72420365551038
708,42,relative_historical_integrated,0,05474000,1.5200854624824833
708,42,relative_historical_native,0,05420500,1.6547801001060694
708,42,relative_historical_native,0,05420680,2.052194463224856
708,42,relative_historical_native,0,05422000,2.044733046680046
708,42,relative_historical_native,0,05449500,1.4328980213319702
708,42,relative_historical_native,0,05451070,1.1314759148162141
708,42,relative_historical_native,0,05451080,0.9968490282844745
708,42,relative_historical_native,0,05451210,1.973656936796796
708,42,relative_historical_native,0,05453100,1.8748812350112936
708,42,relative_historical_native,0,05455100,1.586127536825592
708,42,relative_historical_native,0,05457750,1.5249806370787433
708,42,relative_historical_native,0,05461390,3.3240706563738143
708,42,relative_historical_native,0,05463050,2.14365960153194
708,42,relative_historical_native,0,05464020,2.015367320335937
708,42,relative_historical_native,0,05464220,2.1355404169264602
708,42,relative_historical_native,0,05464420,2.8971351909784464
708,42,relative_historical_native,0,05464480,1.3040091617429685
708,42,relative_historical_native,0,05464760,1.1667972684151544
708,42,relative_historical_native,0,05464935,1.2310475336113236
708,42,relative_historical_native,0,05465500,1.7624384810018783
708,42,relative_historical_native,0,05474000,1.50483700381158
708,42,relative_real_integrated,0,05420500,1.5702502558832627
708,42,relative_real_integrated,0,05420680,2.0814584075217946
708,42,relative_real_integrated,0,05422000,2.0765256507831507
708,42,relative_real_integrated,0,05449500,1.4784608955680156
708,42,relative_real_integrated,0,05451070,1.204123291477403
708,42,relative_real_integrated,0,05451080,1.0994664326494894
708,42,relative_real_integrated,0,05451210,1.988519756084425
708,42,relative_real_integrated,0,05453100,1.9226294905935095
708,42,relative_real_integrated,0,05455100,1.6783257382087262
708,42,relative_real_integrated,0,05457750,1.5662865472864667
708,42,relative_real_integrated,0,05461390,3.4325457532580876
708,42,relative_real_integrated,0,05463050,2.1569625739028675
708,42,relative_real_integrated,0,05464020,2.0206119854241287
708,42,relative_real_integrated,0,05464220,2.236103495681746
708,42,relative_real_integrated,0,05464420,2.8614182704025666
708,42,relative_real_integrated,0,05464480,1.3670028552704094
708,42,relative_real_integrated,0,05464760,1.1885572019278121
708,42,relative_real_integrated,0,05464935,1.1995261334919853
708,42,relative_real_integrated,0,05465500,1.7155536905638675
708,42,relative_real_integrated,0,05474000,1.4435271954766193
708,42,relative_real_native,0,05420500,1.5702502558832627
708,42,relative_real_native,0,05420680,2.0814584075217946
708,42,relative_real_native,0,05422000,2.0765256507831507
708,42,relative_real_native,0,05449500,1.4784608955680156
708,42,relative_real_native,0,05451070,1.204123291477403
708,42,relative_real_native,0,05451080,1.0994664326494894
708,42,relative_real_native,0,05451210,1.988519756084425
708,42,relative_real_native,0,05453100,1.9226294905935095
708,42,relative_real_native,0,05455100,1.6783257382087262
708,42,relative_real_native,0,05457750,1.5662865472864667
708,42,relative_real_native,0,05461390,3.4325457532580876
708,42,relative_real_native,0,05463050,2.1569625739028675
708,42,relative_real_native,0,05464020,2.0206119854241287
708,42,relative_real_native,0,05464220,2.236103495681746
708,42,relative_real_native,0,05464420,2.8614182704025666
708,42,relative_real_native,0,05464480,1.3670028552704094
708,42,relative_real_native,0,05464760,1.1885572019278121
708,42,relative_real_native,0,05464935,1.1995261334919853
708,42,relative_real_native,0,05465500,1.7155536905638675
708,42,relative_real_native,0,05474000,1.4435271954766193
708,42,station_hidden_trees,0,05420500,1.6803345632667603
708,42,station_hidden_trees,0,05420680,2.0176202678083923
708,42,station_hidden_trees,0,05422000,2.0664952661705707
708,42,station_hidden_trees,0,05449500,1.4624314373090053
708,42,station_hidden_trees,0,05451070,1.245871657722671
708,42,station_hidden_trees,0,05451080,1.1992162008035048
708,42,station_hidden_trees,0,05451210,1.996882005425463
708,42,station_hidden_trees,0,05453100,1.8377741200207414
708,42,station_hidden_trees,0,05455100,1.6690046669448697
708,42,station_hidden_trees,0,05457750,1.4701116399550627
708,42,station_hidden_trees,0,05461390,3.3353699957672682
708,42,station_hidden_trees,0,05463050,1.9410695356083354
708,42,station_hidden_trees,0,05464020,1.7852613630476253
708,42,station_hidden_trees,0,05464220,2.324463526521829
708,42,station_hidden_trees,0,05464420,2.8746210776146963
708,42,station_hidden_trees,0,05464480,1.4805376981861906
708,42,station_hidden_trees,0,05464760,1.1701697278476968
708,42,station_hidden_trees,0,05464935,1.1087740055191873
708,42,station_hidden_trees,0,05465500,1.78795259969242
708,42,station_hidden_trees,0,05474000,1.6175891895639818
708,42,unmonitored_integrated,0,05420500,1.6617305886070475
708,42,unmonitored_integrated,0,05420680,2.061918856257529
708,42,unmonitored_integrated,0,05422000,2.0856191083310573
708,42,unmonitored_integrated,0,05449500,1.4499614070649502
708,42,unmonitored_integrated,0,05451070,1.2118430466501324
708,42,unmonitored_integrated,0,05451080,1.0139846621264157
708,42,unmonitored_integrated,0,05451210,1.9728244929878886
708,42,unmonitored_integrated,0,05453100,1.8845389370319736
708,42,unmonitored_integrated,0,05455100,1.6221380470236428
708,42,unmonitored_integrated,0,05457750,1.4957841862978623
708,42,unmonitored_integrated,0,05461390,3.326866947116588
708,42,unmonitored_integrated,0,05463050,2.1102266566001724
708,42,unmonitored_integrated,0,05464020,1.986417711129368
708,42,unmonitored_integrated,0,05464220,2.129979118213009
708,42,unmonitored_integrated,0,05464420,2.897025206577705
708,42,unmonitored_integrated,0,05464480,1.3158490815138484
708,42,unmonitored_integrated,0,05464760,1.1528145293505603
708,42,unmonitored_integrated,0,05464935,1.2432338579097053
708,42,unmonitored_integrated,0,05465500,1.7715761380869728
708,42,unmonitored_integrated,0,05474000,1.5156949536256654
708,42,unmonitored_residual,0,05420500,1.6617305886070475
708,42,unmonitored_residual,0,05420680,2.061918856257529
708,42,unmonitored_residual,0,05422000,2.0856191083310573
708,42,unmonitored_residual,0,05449500,1.4499614070649502
708,42,unmonitored_residual,0,05451070,1.2118430466501324
708,42,unmonitored_residual,0,05451080,1.0139846621264157
708,42,unmonitored_residual,0,05451210,1.9728244929878886
708,42,unmonitored_residual,0,05453100,1.8845389370319736
708,42,unmonitored_residual,0,05455100,1.6221380470236428
708,42,unmonitored_residual,0,05457750,1.4957841862978623
708,42,unmonitored_residual,0,05461390,3.326866947116588
708,42,unmonitored_residual,0,05463050,2.1102266566001724
708,42,unmonitored_residual,0,05464020,1.986417711129368
708,42,unmonitored_residual,0,05464220,2.129979118213009
708,42,unmonitored_residual,0,05464420,2.897025206577705
708,42,unmonitored_residual,0,05464480,1.3158490815138484
708,42,unmonitored_residual,0,05464760,1.1528145293505603
708,42,unmonitored_residual,0,05464935,1.2432338579097053
708,42,unmonitored_residual,0,05465500,1.7715761380869728
708,42,unmonitored_residual,0,05474000,1.5156949536256654
708,43,attention_fixed_integrated,0,05420500,1.5906836782946827
708,43,attention_fixed_integrated,0,05420680,2.4243570381300965
708,43,attention_fixed_integrated,0,05422000,2.0097367262583394
708,43,attention_fixed_integrated,0,05449500,1.3906351163859245
708,43,attention_fixed_integrated,0,05451070,1.0772356283436992
708,43,attention_fixed_integrated,0,05451080,1.1627028694446018
708,43,attention_fixed_integrated,0,05451210,1.7571540968933572
708,43,attention_fixed_integrated,0,05453100,1.7239985980343533
708,43,attention_fixed_integrated,0,05455100,1.5312445990596142
708,43,attention_fixed_integrated,0,05457750,1.076958851004964
708,43,attention_fixed_integrated,0,05461390,2.842336470736881
708,43,attention_fixed_integrated,0,05463050,1.6519325272583585
708,43,attention_fixed_integrated,0,05464020,1.5616278444358742
708,43,attention_fixed_integrated,0,05464220,2.01012370084735
708,43,attention_fixed_integrated,0,05464420,2.4990565465522354
708,43,attention_fixed_integrated,0,05464480,1.3753805013991176
708,43,attention_fixed_integrated,0,05464760,1.1461640132583493
708,43,attention_fixed_integrated,0,05464935,1.266579743616104
708,43,attention_fixed_integrated,0,05465500,1.643589568637705
708,43,attention_fixed_integrated,0,05474000,1.4926002898929922
708,43,attention_fixed_native,0,05420500,1.5868006461069717
708,43,attention_fixed_native,0,05420680,2.4205279969957094
708,43,attention_fixed_native,0,05422000,2.0071782920595513
708,43,attention_fixed_native,0,05449500,1.3933179599573342
708,43,attention_fixed_native,0,05451070,1.06424561440596
708,43,attention_fixed_native,0,05451080,1.1512284977868477
708,43,attention_fixed_native,0,05451210,1.7556535417915478
708,43,attention_fixed_native,0,05453100,1.7622871882286104
708,43,attention_fixed_native,0,05455100,1.5367309331284988
708,43,attention_fixed_native,0,05457750,1.0898732062786087
708,43,attention_fixed_native,0,05461390,2.8440404490109095
708,43,attention_fixed_native,0,05463050,1.6741697239081192
708,43,attention_fixed_native,0,05464020,1.5891553409549384
708,43,attention_fixed_native,0,05464220,2.0095980602341252
708,43,attention_fixed_native,0,05464420,2.51167407788804
708,43,attention_fixed_native,0,05464480,1.4051143321318336
708,43,attention_fixed_native,0,05464760,1.1527421382290446
708,43,attention_fixed_native,0,05464935,1.3068547275922315
708,43,attention_fixed_native,0,05465500,1.6577961532762124
708,43,attention_fixed_native,0,05474000,1.4768875488933593
708,43,attention_historical_integrated,0,05420500,1.603963082020341
708,43,attention_historical_integrated,0,05420680,2.4461385667845397
708,43,attention_historical_integrated,0,05422000,2.022044573327258
708,43,attention_historical_integrated,0,05449500,1.4011157078185563
708,43,attention_historical_integrated,0,05451070,1.1106813864455034
708,43,attention_historical_integrated,0,05451080,1.1654203446214384
708,43,attention_historical_integrated,0,05451210,1.777022433383825
708,43,attention_historical_integrated,0,05453100,1.6923328031938025
708,43,attention_historical_integrated,0,05455100,1.5324145291230677
708,43,attention_historical_integrated,0,05457750,1.067785792327752
708,43,attention_historical_integrated,0,05461390,2.8516891419314505
708,43,attention_historical_integrated,0,05463050,1.636661215585194
708,43,attention_historical_integrated,0,05464020,1.5407063619816521
708,43,attention_historical_integrated,0,05464220,2.0142752693283517
708,43,attention_historical_integrated,0,05464420,2.5086230229580995
708,43,attention_historical_integrated,0,05464480,1.3400546759216756
708,43,attention_historical_integrated,0,05464760,1.1402266539583403
708,43,attention_historical_integrated,0,05464935,1.2453467522149062
708,43,attention_historical_integrated,0,05465500,1.6502727853378731
708,43,attention_historical_integrated,0,05474000,1.5183323803684001
708,43,attention_historical_native,0,05420500,1.6036439841218428
708,43,attention_historical_native,0,05420680,2.456432972035821
708,43,attention_historical_native,0,05422000,2.024619824702517
708,43,attention_historical_native,0,05449500,1.415023761666491
708,43,attention_historical_native,0,05451070,1.1093168523493895
708,43,attention_historical_native,0,05451080,1.1337147048250118
708,43,attention_historical_native,0,05451210,1.7903449975003292
708,43,attention_historical_native,0,05453100,1.779398890303761
708,43,attention_historical_native,0,05455100,1.5298074162244393
708,43,attention_historical_native,0,05457750,1.0973557994714747
708,43,attention_historical_native,0,05461390,2.866153747948107
708,43,attention_historical_native,0,05463050,1.6807419146001221
708,43,attention_historical_native,0,05464020,1.6035461120218886
708,43,attention_historical_native,0,05464220,2.016849915969679
708,43,attention_historical_native,0,05464420,2.556042093371379
708,43,attention_historical_native,0,05464480,1.4010364430269904
708,43,attention_historical_native,0,05464760,1.1540236695704187
708,43,attention_historical_native,0,05464935,1.344938712742092
708,43,attention_historical_native,0,05465500,1.6939598822630422
708,43,attention_historical_native,0,05474000,1.4933991777077158
708,43,attention_real_integrated,0,05420500,1.5638612441023638
708,43,attention_real_integrated,0,05420680,2.4107955768710507
708,43,attention_real_integrated,0,05422000,2.003380736052891
708,43,attention_real_integrated,0,05449500,1.3913748532574897
708,43,attention_real_integrated,0,05451070,1.0445674617739917
708,43,attention_real_integrated,0,05451080,1.167973966486466
708,43,attention_real_integrated,0,05451210,1.7510796497210137
708,43,attention_real_integrated,0,05453100,1.7674363248912244
708,43,attention_real_integrated,0,05455100,1.5690449512044842
708,43,attention_real_integrated,0,05457750,1.0958413019643072
708,43,attention_real_integrated,0,05461390,2.847625685578553
708,43,attention_real_integrated,0,05463050,1.6800359954351272
708,43,attention_real_integrated,0,05464020,1.5887995084584006
708,43,attention_real_integrated,0,05464220,2.0426644308267368
708,43,attention_real_integrated,0,05464420,2.4980119542317043
708,43,attention_real_integrated,0,05464480,1.4149982602116842
708,43,attention_real_integrated,0,05464760,1.1545382238027775
708,43,attention_real_integrated,0,05464935,1.3035928590110557
708,43,attention_real_integrated,0,05465500,1.6514981996149436
708,43,attention_real_integrated,0,05474000,1.4446568938187017
708,43,attention_real_native,0,05420500,1.5638612441023638
708,43,attention_real_native,0,05420680,2.4107955768710507
708,43,attention_real_native,0,05422000,2.003380736052891
708,43,attention_real_native,0,05449500,1.3913748532574897
708,43,attention_real_native,0,05451070,1.0445674617739917
708,43,attention_real_native,0,05451080,1.167973966486466
708,43,attention_real_native,0,05451210,1.7510796497210137
708,43,attention_real_native,0,05453100,1.7674363248912244
708,43,attention_real_native,0,05455100,1.5690449512044842
708,43,attention_real_native,0,05457750,1.0958413019643072
708,43,attention_real_native,0,05461390,2.847625685578553
708,43,attention_real_native,0,05463050,1.6800359954351272
708,43,attention_real_native,0,05464020,1.5887995084584006
708,43,attention_real_native,0,05464220,2.0426644308267368
708,43,attention_real_native,0,05464420,2.4980119542317043
708,43,attention_real_native,0,05464480,1.4149982602116842
708,43,attention_real_native,0,05464760,1.1545382238027775
708,43,attention_real_native,0,05464935,1.3035928590110557
708,43,attention_real_native,0,05465500,1.6514981996149436
708,43,attention_real_native,0,05474000,1.4446568938187017
708,43,current_model,0,05420500,1.6909060753249818
708,43,current_model,0,05420680,2.3101871867294075
708,43,current_model,0,05422000,1.9127422980151694
708,43,current_model,0,05449500,1.7138654312704173
708,43,current_model,0,05451070,1.3614847735567168
708,43,current_model,0,05451080,1.298291803009269
708,43,current_model,0,05451210,1.9420542770334377
708,43,current_model,0,05453100,1.6764690416825185
708,43,current_model,0,05455100,1.6940643868225338
708,43,current_model,0,05457750,1.3905769548369666
708,43,current_model,0,05461390,2.9359510658675187
708,43,current_model,0,05463050,1.5560642014072947
708,43,current_model,0,05464020,1.6094924422629506
708,43,current_model,0,05464220,2.4031871929399973
708,43,current_model,0,05464420,2.7343683615725682
708,43,current_model,0,05464480,1.755319609526623
708,43,current_model,0,05464760,1.103274476362758
708,43,current_model,0,05464935,1.1432885333147091
708,43,current_model,0,05465500,1.8769481264323933
708,43,current_model,0,05474000,1.5566837202371318
708,43,innovation_real_integrated,0,05420500,1.5916046989357375
708,43,innovation_real_integrated,0,05420680,2.4247119639082686
708,43,innovation_real_integrated,0,05422000,2.0107368516851385
708,43,innovation_real_integrated,0,05449500,1.3908792429049215
708,43,innovation_real_integrated,0,05451070,1.0807740380107889
708,43,innovation_real_integrated,0,05451080,1.1618403197727967
708,43,innovation_real_integrated,0,05451210,1.7587824051499992
708,43,innovation_real_integrated,0,05453100,1.7241964434363524
708,43,innovation_real_integrated,0,05455100,1.5302902412425663
708,43,innovation_real_integrated,0,05457750,1.0766331884798872
708,43,innovation_real_integrated,0,05461390,2.8415376525622515
708,43,innovation_real_integrated,0,05463050,1.651592994822299
708,43,innovation_real_integrated,0,05464020,1.5617548081650332
708,43,innovation_real_integrated,0,05464220,2.0093539882769766
708,43,innovation_real_integrated,0,05464420,2.5012090642130933
708,43,innovation_real_integrated,0,05464480,1.3746795490907755
708,43,innovation_real_integrated,0,05464760,1.1460459626737796
708,43,innovation_real_integrated,0,05464935,1.2681211095040736
708,43,innovation_real_integrated,0,05465500,1.6454064186258748
708,43,innovation_real_integrated,0,05474000,1.4938026230448296
708,43,innovation_real_native,0,05420500,1.5880819350250794
708,43,innovation_real_native,0,05420680,2.4210012313666054
708,43,innovation_real_native,0,05422000,2.008511792628617
708,43,innovation_real_native,0,05449500,1.393600888034672
708,43,innovation_real_native,0,05451070,1.0689634939620793
708,43,innovation_real_native,0,05451080,1.150078431557774
708,43,innovation_real_native,0,05451210,1.7579887117428463
708,43,innovation_real_native,0,05453100,1.7629168779379716
708,43,innovation_real_native,0,05455100,1.5351549754241656
708,43,innovation_real_native,0,05457750,1.0894389895785066
708,43,innovation_real_native,0,05461390,2.8429753581114037
708,43,innovation_real_native,0,05463050,1.6735457176948694
708,43,innovation_real_native,0,05464020,1.5892965350952983
708,43,innovation_real_native,0,05464220,2.008571776806961
708,43,innovation_real_native,0,05464420,2.5145441014358507
708,43,innovation_real_native,0,05464480,1.4042434514818831
708,43,innovation_real_native,0,05464760,1.1525847374496185
708,43,innovation_real_native,0,05464935,1.3089098821095246
708,43,innovation_real_native,0,05465500,1.6600918050541575
708,43,innovation_real_native,0,05474000,1.4785921094919872
708,43,innovation_real_trees,0,05420500,1.5806511956092455
708,43,innovation_real_trees,0,05420680,2.143208812422647
708,43,innovation_real_trees,0,05422000,1.893829762235608
708,43,innovation_real_trees,0,05449500,1.603055238476318
708,43,innovation_real_trees,0,05451070,1.0846125084387057
708,43,innovation_real_trees,0,05451080,1.2153045960409816
708,43,innovation_real_trees,0,05451210,1.800421074036448
708,43,innovation_real_trees,0,05453100,1.613854790441417
708,43,innovation_real_trees,0,05455100,1.6293264402477288
708,43,innovation_real_trees,0,05457750,1.2263796386608758
708,43,innovation_real_trees,0,05461390,2.9958219537093465
708,43,innovation_real_trees,0,05463050,1.7054654708867625
708,43,innovation_real_trees,0,05464020,1.6368133813609769
708,43,innovation_real_trees,0,05464220,2.099986215557484
708,43,innovation_real_trees,0,05464420,2.4966249645845386
708,43,innovation_real_trees,0,05464480,1.3940411069571843
708,43,innovation_real_trees,0,05464760,1.1862112237646967
708,43,innovation_real_trees,0,05464935,1.1034573415824693
708,43,innovation_real_trees,0,05465500,1.664645229598561
708,43,innovation_real_trees,0,05474000,1.532191300762342
708,43,level_fixed_integrated,0,05420500,1.6042067444120411
708,43,level_fixed_integrated,0,05420680,2.435036478484321
708,43,level_fixed_integrated,0,05422000,1.9419734116601595
708,43,level_fixed_integrated,0,05449500,1.390379858129765
708,43,level_fixed_integrated,0,05451070,1.0746153837185557
708,43,level_fixed_integrated,0,05451080,1.1614206111177279
708,43,level_fixed_integrated,0,05451210,1.7523030215878355
708,43,level_fixed_integrated,0,05453100,1.7219564999980264
708,43,level_fixed_integrated,0,05455100,1.5281877032774351
708,43,level_fixed_integrated,0,05457750,1.082155031591716
708,43,level_fixed_integrated,0,05461390,2.8600118304101985
708,43,level_fixed_integrated,0,05463050,1.6747394738741976
708,43,level_fixed_integrated,0,05464020,1.5644882212800568
708,43,level_fixed_integrated,0,05464220,2.025644938615992
708,43,level_fixed_integrated,0,05464420,2.513042796818985
708,43,level_fixed_integrated,0,05464480,1.370815605690341
708,43,level_fixed_integrated,0,05464760,1.147178639354352
708,43,level_fixed_integrated,0,05464935,1.2599830853699778
708,43,level_fixed_integrated,0,05465500,1.6242678537349375
708,43,level_fixed_integrated,0,05474000,1.4870420105680797
708,43,level_fixed_native,0,05420500,1.6042773146592588
708,43,level_fixed_native,0,05420680,2.434767250801342
708,43,level_fixed_native,0,05422000,1.9174220255495429
708,43,level_fixed_native,0,05449500,1.393906355681548
708,43,level_fixed_native,0,05451070,1.0776387285644493
708,43,level_fixed_native,0,05451080,1.1589385853392018
708,43,level_fixed_native,0,05451210,1.7491734238416918
708,43,level_fixed_native,0,05453100,1.7592818499939142
708,43,level_fixed_native,0,05455100,1.537727774657064
708,43,level_fixed_native,0,05457750,1.0968014470609448
708,43,level_fixed_native,0,05461390,2.8676075952419997
708,43,level_fixed_native,0,05463050,1.707430948767122
708,43,level_fixed_native,0,05464020,1.593857654637904
708,43,level_fixed_native,0,05464220,2.0302930439256475
708,43,level_fixed_native,0,05464420,2.5336525461662722
708,43,level_fixed_native,0,05464480,1.398680864153435
708,43,level_fixed_native,0,05464760,1.154094973023715
708,43,level_fixed_native,0,05464935,1.2980591832640636
708,43,level_fixed_native,0,05465500,1.6325327206986509
708,43,level_fixed_native,0,05474000,1.4684795589789608
708,43,level_historical_integrated,0,05420500,1.6271504254726612
708,43,level_historical_integrated,0,05420680,2.442967165095574
708,43,level_historical_integrated,0,05422000,2.0006460705951628
708,43,level_historical_integrated,0,05449500,1.397356725789239
708,43,level_historical_integrated,0,05451070,1.11549731694613
708,43,level_historical_integrated,0,05451080,1.176058319086018
708,43,level_historical_integrated,0,05451210,1.7699060734187424
708,43,level_historical_integrated,0,05453100,1.6863138957314783
708,43,level_historical_integrated,0,05455100,1.536063230630005
708,43,level_historical_integrated,0,05457750,1.0673381563967401
708,43,level_historical_integrated,0,05461390,2.8532235199973885
708,43,level_historical_integrated,0,05463050,1.6413871515599452
708,43,level_historical_integrated,0,05464020,1.5392706294375826
708,43,level_historical_integrated,0,05464220,2.0167377982242107
708,43,level_historical_integrated,0,05464420,2.508149858876685
708,43,level_historical_integrated,0,05464480,1.344032133758352
708,43,level_historical_integrated,0,05464760,1.1394464820107866
708,43,level_historical_integrated,0,05464935,1.2460881227056548
708,43,level_historical_integrated,0,05465500,1.6424333299799927
708,43,level_historical_integrated,0,05474000,1.5220233949070834
708,43,level_historical_native,0,05420500,1.6475021340568339
708,43,level_historical_native,0,05420680,2.45009016865789
708,43,level_historical_native,0,05422000,1.9823195655046117
708,43,level_historical_native,0,05449500,1.4101065657034488
708,43,level_historical_native,0,05451070,1.114788963735342
708,43,level_historical_native,0,05451080,1.154990653754171
708,43,level_historical_native,0,05451210,1.7777907184116801
708,43,level_historical_native,0,05453100,1.7658912583665638
708,43,level_historical_native,0,05455100,1.540048161970159
708,43,level_historical_native,0,05457750,1.096460527609451
708,43,level_historical_native,0,05461390,2.8692225040799832
708,43,level_historical_native,0,05463050,1.689495131044552
708,43,level_historical_native,0,05464020,1.600224653015731
708,43,level_historical_native,0,05464220,2.0217749737613975
708,43,level_historical_native,0,05464420,2.555095765208549
708,43,level_historical_native,0,05464480,1.4016661187675945
708,43,level_historical_native,0,05464760,1.1524633256753112
708,43,level_historical_native,0,05464935,1.3410145005843657
708,43,level_historical_native,0,05465500,1.6774122071121442
708,43,level_historical_native,0,05474000,1.501189294992047
708,43,level_real_integrated,0,05420500,1.630617355127357
708,43,level_real_integrated,0,05420680,2.407999521971343
708,43,level_real_integrated,0,05422000,1.913581552789996
708,43,level_real_integrated,0,05449500,1.3815901062930676
708,43,level_real_integrated,0,05451070,1.0752501706009936
708,43,level_real_integrated,0,05451080,1.17855997399089
708,43,level_real_integrated,0,05451210,1.756524833801522
708,43,level_real_integrated,0,05453100,1.6996864557734568
708,43,level_real_integrated,0,05455100,1.5427951019880994
708,43,level_real_integrated,0,05457750,1.0883306604672454
708,43,level_real_integrated,0,05461390,2.8326010213393653
708,43,level_real_integrated,0,05463050,1.6821151933900067
708,43,level_real_integrated,0,05464020,1.5516901152676115
708,43,level_real_integrated,0,05464220,2.0689637362230573
708,43,level_real_integrated,0,05464420,2.553707149921006
708,43,level_real_integrated,0,05464480,1.3854218298215384
708,43,level_real_integrated,0,05464760,1.1471245409447515
708,43,level_real_integrated,0,05464935,1.2386024795768855
708,43,level_real_integrated,0,05465500,1.6357751045994757
708,43,level_real_integrated,0,05474000,1.4634754115519804
708,43,level_real_native,0,05420500,1.6482890542973605
708,43,level_real_native,0,05420680,2.3984849763963676
708,43,level_real_native,0,05422000,1.879566213722658
708,43,level_real_native,0,05449500,1.3865667157102812
708,43,level_real_native,0,05451070,1.0812786231222484
708,43,level_real_native,0,05451080,1.1932229134007009
708,43,level_real_native,0,05451210,1.7562034546371794
708,43,level_real_native,0,05453100,1.7295884576944882
708,43,level_real_native,0,05455100,1.5572043062712828
708,43,level_real_native,0,05457750,1.105035618894984
708,43,level_real_native,0,05461390,2.831059849814222
708,43,level_real_native,0,05463050,1.7190115973451479
708,43,level_real_native,0,05464020,1.5774368920725566
708,43,level_real_native,0,05464220,2.0880514407350685
708,43,level_real_native,0,05464420,2.5898338865257404
708,43,level_real_native,0,05464480,1.418155829661698
708,43,level_real_native,0,05464760,1.1540228418109142
708,43,level_real_native,0,05464935,1.2695517088732737
708,43,level_real_native,0,05465500,1.6480853374759885
708,43,level_real_native,0,05474000,1.4390258863631304
708,43,level_seasonal_integrated,0,05420500,1.6263336670924817
708,43,level_seasonal_integrated,0,05420680,2.4181795759867275
708,43,level_seasonal_integrated,0,05422000,1.9595269759584169
708,43,level_seasonal_integrated,0,05449500,1.388460732158855
708,43,level_seasonal_integrated,0,05451070,1.099961923392847
708,43,level_seasonal_integrated,0,05451080,1.162274637864517
708,43,level_seasonal_integrated,0,05451210,1.789848478512647
708,43,level_seasonal_integrated,0,05453100,1.714908501119038
708,43,level_seasonal_integrated,0,05455100,1.5344241281105202
708,43,level_seasonal_integrated,0,05457750,1.0703557956899696
708,43,level_seasonal_integrated,0,05461390,2.841655810043125
708,43,level_seasonal_integrated,0,05463050,1.664035232033013
708,43,level_seasonal_integrated,0,05464020,1.547134367314428
708,43,level_seasonal_integrated,0,05464220,2.0223797561056096
708,43,level_seasonal_integrated,0,05464420,2.551305892203251
708,43,level_seasonal_integrated,0,05464480,1.3559835371690983
708,43,level_seasonal_integrated,0,05464760,1.144952949927356
708,43,level_seasonal_integrated,0,05464935,1.2471417063733492
708,43,level_seasonal_integrated,0,05465500,1.659700992660277
708,43,level_seasonal_integrated,0,05474000,1.4978495262919214
708,43,level_seasonal_native,0,05420500,1.632572454526595
708,43,level_seasonal_native,0,05420680,2.4122913808045507
708,43,level_seasonal_native,0,05422000,1.9395555193707248
708,43,level_seasonal_native,0,05449500,1.3887958085064083
708,43,level_seasonal_native,0,05451070,1.10435077270447
708,43,level_seasonal_native,0,05451080,1.1506575223467344
708,43,level_seasonal_native,0,05451210,1.7992483426450554
708,43,level_seasonal_native,0,05453100,1.7498845181552631
708,43,level_seasonal_native,0,05455100,1.543204926439468
708,43,level_seasonal_native,0,05457750,1.0810691325252832
708,43,level_seasonal_native,0,05461390,2.843149942514029
708,43,level_seasonal_native,0,05463050,1.6878412798653153
708,43,level_seasonal_native,0,05464020,1.569802613961158
708,43,level_seasonal_native,0,05464220,2.0259394672451387
708,43,level_seasonal_native,0,05464420,2.583853206185751
708,43,level_seasonal_native,0,05464480,1.3789047727917778
708,43,level_seasonal_native,0,05464760,1.151127387121054
708,43,level_seasonal_native,0,05464935,1.277203732986822
708,43,level_seasonal_native,0,05465500,1.6778688124358425
708,43,level_seasonal_native,0,05474000,1.4825033700432515
708,43,matched_daily_trees,0,05420500,1.7163010867330197
708,43,matched_daily_trees,0,05420680,2.1896477009135205
708,43,matched_daily_trees,0,05422000,1.931372035696173
708,43,matched_daily_trees,0,05449500,1.8863913255460318
708,43,matched_daily_trees,0,05451070,1.4104751966153946
708,43,matched_daily_trees,0,05451080,1.3261786526953732
708,43,matched_daily_trees,0,05451210,2.1897811337554036
708,43,matched_daily_trees,0,05453100,1.6684910794712664
708,43,matched_daily_trees,0,05455100,1.8599969827210638
708,43,matched_daily_trees,0,05457750,1.3073407027014319
708,43,matched_daily_trees,0,05461390,3.439899036991167
708,43,matched_daily_trees,0,05463050,1.6341829518573576
708,43,matched_daily_trees,0,05464020,1.5579823601858676
708,43,matched_daily_trees,0,05464220,2.459389300180356
708,43,matched_daily_trees,0,05464420,2.7775079799869875
708,43,matched_daily_trees,0,05464480,1.6591862585244668
708,43,matched_daily_trees,0,05464760,1.1278037174124842
708,43,matched_daily_trees,0,05464935,1.2217362602657666
708,43,matched_daily_trees,0,05465500,1.8150096525552106
708,43,matched_daily_trees,0,05474000,1.5860650656428317
708,43,relative_fixed_integrated,0,05420500,1.580073962379374
708,43,relative_fixed_integrated,0,05420680,2.424764927204672
708,43,relative_fixed_integrated,0,05422000,2.0141843921712215
708,43,relative_fixed_integrated,0,05449500,1.3968992534458875
708,43,relative_fixed_integrated,0,05451070,1.0444784021921047
708,43,relative_fixed_integrated,0,05451080,1.1445599291490374
708,43,relative_fixed_integrated,0,05451210,1.7531770880620856
708,43,relative_fixed_integrated,0,05453100,1.7770895268970417
708,43,relative_fixed_integrated,0,05455100,1.5449094985994214
708,43,relative_fixed_integrated,0,05457750,1.0934213283387508
708,43,relative_fixed_integrated,0,05461390,2.855659219549709
708,43,relative_fixed_integrated,0,05463050,1.678940700398069
708,43,relative_fixed_integrated,0,05464020,1.5929462826001193
708,43,relative_fixed_integrated,0,05464220,2.0176988063086805
708,43,relative_fixed_integrated,0,05464420,2.508650040892694
708,43,relative_fixed_integrated,0,05464480,1.417727145090181
708,43,relative_fixed_integrated,0,05464760,1.1536832964548045
708,43,relative_fixed_integrated,0,05464935,1.3077587308249492
708,43,relative_fixed_integrated,0,05465500,1.6561368292571852
708,43,relative_fixed_integrated,0,05474000,1.4739217487566676
708,43,relative_fixed_native,0,05420500,1.580073962379374
708,43,relative_fixed_native,0,05420680,2.424764927204672
708,43,relative_fixed_native,0,05422000,2.0141843921712215
708,43,relative_fixed_native,0,05449500,1.3968992534458875
708,43,relative_fixed_native,0,05451070,1.0444784021921047
708,43,relative_fixed_native,0,05451080,1.1445599291490374
708,43,relative_fixed_native,0,05451210,1.7531770880620856
708,43,relative_fixed_native,0,05453100,1.7770895268970417
708,43,relative_fixed_native,0,05455100,1.5449094985994214
708,43,relative_fixed_native,0,05457750,1.0934213283387508
708,43,relative_fixed_native,0,05461390,2.855659219549709
708,43,relative_fixed_native,0,05463050,1.678940700398069
708,43,relative_fixed_native,0,05464020,1.5929462826001193
708,43,relative_fixed_native,0,05464220,2.0176988063086805
708,43,relative_fixed_native,0,05464420,2.508650040892694
708,43,relative_fixed_native,0,05464480,1.417727145090181
708,43,relative_fixed_native,0,05464760,1.1536832964548045
708,43,relative_fixed_native,0,05464935,1.3077587308249492
708,43,relative_fixed_native,0,05465500,1.6561368292571852
708,43,relative_fixed_native,0,05474000,1.4739217487566676
708,43,relative_historical_integrated,0,05420500,1.601533786012542
708,43,relative_historical_integrated,0,05420680,2.445762803032882
708,43,relative_historical_integrated,0,05422000,2.018070913269537
708,43,relative_historical_integrated,0,05449500,1.4019296906255896
708,43,relative_historical_integrated,0,05451070,1.1103025819941155
708,43,relative_historical_integrated,0,05451080,1.1647172637210328
708,43,relative_historical_integrated,0,05451210,1.7770618803086613
708,43,relative_historical_integrated,0,05453100,1.6923031249313427
708,43,relative_historical_integrated,0,05455100,1.529059053781891
708,43,relative_historical_integrated,0,05457750,1.0689368464940094
708,43,relative_historical_integrated,0,05461390,2.8506163211146607
708,43,relative_historical_integrated,0,05463050,1.6379222643237852
708,43,relative_historical_integrated,0,05464020,1.5418507332174554
708,43,relative_historical_integrated,0,05464220,2.016260911319753
708,43,relative_historical_integrated,0,05464420,2.5100200499977228
708,43,relative_historical_integrated,0,05464480,1.3357378452961568
708,43,relative_historical_integrated,0,05464760,1.1405985127618956
708,43,relative_historical_integrated,0,05464935,1.2482763932977892
708,43,relative_historical_integrated,0,05465500,1.6513821551515073
708,43,relative_historical_integrated,0,05474000,1.5193113481854026
708,43,relative_historical_native,0,05420500,1.6003068844175452
708,43,relative_historical_native,0,05420680,2.4556814445325066
708,43,relative_historical_native,0,05422000,2.016672504587075
708,43,relative_historical_native,0,05449500,1.4156695630083171
708,43,relative_historical_native,0,05451070,1.1093364259559402
708,43,relative_historical_native,0,05451080,1.1323085430242006
708,43,relative_historical_native,0,05451210,1.7907708456916833
708,43,relative_historical_native,0,05453100,1.7790123818892392
708,43,relative_historical_native,0,05455100,1.5181975248549813
708,43,relative_historical_native,0,05457750,1.0996579078039894
708,43,relative_historical_native,0,05461390,2.8640081063145275
708,43,relative_historical_native,0,05463050,1.6846228167936088
708,43,relative_historical_native,0,05464020,1.6063087316081295
708,43,relative_historical_native,0,05464220,2.020821199952482
708,43,relative_historical_native,0,05464420,2.5588361474506254
708,43,relative_historical_native,0,05464480,1.3924592117092318
708,43,relative_historical_native,0,05464760,1.1547673871775292
708,43,relative_historical_native,0,05464935,1.3507979949078577
708,43,relative_historical_native,0,05465500,1.6963021639357105
708,43,relative_historical_native,0,05474000,1.49546399641235
708,43,relative_real_integrated,0,05420500,1.5408245405573273
708,43,relative_real_integrated,0,05420680,2.4250545121690035
708,43,relative_real_integrated,0,05422000,2.037086043366443
708,43,relative_real_integrated,0,05449500,1.404773028517485
708,43,relative_real_integrated,0,05451070,1.0260699248857388
708,43,relative_real_integrated,0,05451080,1.1522104068626975
708,43,relative_real_integrated,0,05451210,1.7556222956038368
708,43,relative_real_integrated,0,05453100,1.7861519340860905
708,43,relative_real_integrated,0,05455100,1.5813589070584368
708,43,relative_real_integrated,0,05457750,1.1021863006608321
708,43,relative_real_integrated,0,05461390,2.873770908626017
708,43,relative_real_integrated,0,05463050,1.6872925747453371
708,43,relative_real_integrated,0,05464020,1.596491051083888
708,43,relative_real_integrated,0,05464220,2.0734404237306863
708,43,relative_real_integrated,0,05464420,2.5257308400737877
708,43,relative_real_integrated,0,05464480,1.4353644950488202
708,43,relative_real_integrated,0,05464760,1.1560894370113635
708,43,relative_real_integrated,0,05464935,1.3120328239611405
708,43,relative_real_integrated,0,05465500,1.6583847657773556
708,43,relative_real_integrated,0,05474000,1.447738377897679
708,43,relative_real_native,0,05420500,1.5408245405573273
708,43,relative_real_native,0,05420680,2.4250545121690035
708,43,relative_real_native,0,05422000,2.037086043366443
708,43,relative_real_native,0,05449500,1.404773028517485
708,43,relative_real_native,0,05451070,1.0260699248857388
708,43,relative_real_native,0,05451080,1.1522104068626975
708,43,relative_real_native,0,05451210,1.7556222956038368
708,43,relative_real_native,0,05453100,1.7861519340860905
708,43,relative_real_native,0,05455100,1.5813589070584368
708,43,relative_real_native,0,05457750,1.1021863006608321
708,43,relative_real_native,0,05461390,2.873770908626017
708,43,relative_real_native,0,05463050,1.6872925747453371
708,43,relative_real_native,0,05464020,1.596491051083888
708,43,relative_real_native,0,05464220,2.0734404237306863
708,43,relative_real_native,0,05464420,2.5257308400737877
708,43,relative_real_native,0,05464480,1.4353644950488202
708,43,relative_real_native,0,05464760,1.1560894370113635
708,43,relative_real_native,0,05464935,1.3120328239611405
708,43,relative_real_native,0,05465500,1.6583847657773556
708,43,relative_real_native,0,05474000,1.447738377897679
708,43,station_hidden_trees,0,05420500,1.6230443607161287
708,43,station_hidden_trees,0,05420680,2.3837640468369563
708,43,station_hidden_trees,0,05422000,2.0411897089565696
708,43,station_hidden_trees,0,05449500,1.4283944426844664
708,43,station_hidden_trees,0,05451070,1.0971619438213684
708,43,station_hidden_trees,0,05451080,1.2405678059138048
708,43,station_hidden_trees,0,05451210,1.8328354095735515
708,43,station_hidden_trees,0,05453100,1.6995239884717328
708,43,station_hidden_trees,0,05455100,1.614635392728194
708,43,station_hidden_trees,0,05457750,1.0892831136290233
708,43,station_hidden_trees,0,05461390,2.983542705759086
708,43,station_hidden_trees,0,05463050,1.6148067267261998
708,43,station_hidden_trees,0,05464020,1.550780451182795
708,43,station_hidden_trees,0,05464220,2.095649469230613
708,43,station_hidden_trees,0,05464420,2.57370078807026
708,43,station_hidden_trees,0,05464480,1.4246921994645076
708,43,station_hidden_trees,0,05464760,1.130958042483511
708,43,station_hidden_trees,0,05464935,1.2671308869383353
708,43,station_hidden_trees,0,05465500,1.6806731456919495
708,43,station_hidden_trees,0,05474000,1.578988826441679
708,43,unmonitored_integrated,0,05420500,1.6052862241892787
708,43,unmonitored_integrated,0,05420680,2.4450056915352048
708,43,unmonitored_integrated,0,05422000,2.024834411985904
708,43,unmonitored_integrated,0,05449500,1.4002464867562234
708,43,unmonitored_integrated,0,05451070,1.1088232170230186
708,43,unmonitored_integrated,0,05451080,1.1708470416622974
708,43,unmonitored_integrated,0,05451210,1.7735430256005402
708,43,unmonitored_integrated,0,05453100,1.6908396240417813
708,43,unmonitored_integrated,0,05455100,1.5382503756819454
708,43,unmonitored_integrated,0,05457750,1.0653780963767137
708,43,unmonitored_integrated,0,05461390,2.850459754613997
708,43,unmonitored_integrated,0,05463050,1.6354104652634687
708,43,unmonitored_integrated,0,05464020,1.5391254486407988
708,43,unmonitored_integrated,0,05464220,2.0103433092146417
708,43,unmonitored_integrated,0,05464420,2.5034514192268436
708,43,unmonitored_integrated,0,05464480,1.3472469462914223
708,43,unmonitored_integrated,0,05464760,1.1396759137694212
708,43,unmonitored_integrated,0,05464935,1.2446464752207562
708,43,unmonitored_integrated,0,05465500,1.6478898705299443
708,43,unmonitored_integrated,0,05474000,1.5222790576733978
708,43,unmonitored_residual,0,05420500,1.6045492697025194
708,43,unmonitored_residual,0,05420680,2.4541672215371513
708,43,unmonitored_residual,0,05422000,2.0306777658834068
708,43,unmonitored_residual,0,05449500,1.4141851624672939
708,43,unmonitored_residual,0,05451070,1.101552677141104
708,43,unmonitored_residual,0,05451080,1.1445680989067297
708,43,unmonitored_residual,0,05451210,1.7846447591546335
708,43,unmonitored_residual,0,05453100,1.7758249699006194
708,43,unmonitored_residual,0,05455100,1.5446173550931275
708,43,unmonitored_residual,0,05457750,1.092540407569398
708,43,unmonitored_residual,0,05461390,2.8636949733132
708,43,unmonitored_residual,0,05463050,1.675769838683634
708,43,unmonitored_residual,0,05464020,1.5995544564971886
708,43,unmonitored_residual,0,05464220,2.008985995742259
708,43,unmonitored_residual,0,05464420,2.545698885908867
708,43,unmonitored_residual,0,05464480,1.4093687194680409
708,43,unmonitored_residual,0,05464760,1.1529221891925805
708,43,unmonitored_residual,0,05464935,1.3396740944943446
708,43,unmonitored_residual,0,05465500,1.6878814690918496
708,43,unmonitored_residual,0,05474000,1.5024005514954497
708,44,attention_fixed_integrated,0,05420500,1.608903828757874
708,44,attention_fixed_integrated,0,05420680,1.8794092224291579
708,44,attention_fixed_integrated,0,05422000,1.9849679131622153
708,44,attention_fixed_integrated,0,05449500,1.2568602376266718
708,44,attention_fixed_integrated,0,05451070,1.0741267714753369
708,44,attention_fixed_integrated,0,05451080,1.0574537691036947
708,44,attention_fixed_integrated,0,05451210,1.852029178499845
708,44,attention_fixed_integrated,0,05453100,1.8026504965130616
708,44,attention_fixed_integrated,0,05455100,1.4685744930914437
708,44,attention_fixed_integrated,0,05457750,1.3821124048775477
708,44,attention_fixed_integrated,0,05461390,2.7188856615919748
708,44,attention_fixed_integrated,0,05463050,2.2019299631384905
708,44,attention_fixed_integrated,0,05464020,2.0722457357278996
708,44,attention_fixed_integrated,0,05464220,1.8368650612163029
708,44,attention_fixed_integrated,0,05464420,2.575495538400491
708,44,attention_fixed_integrated,0,05464480,1.1844369671019421
708,44,attention_fixed_integrated,0,05464760,1.163554619301393
708,44,attention_fixed_integrated,0,05464935,1.4027600409744079
708,44,attention_fixed_integrated,0,05465500,1.70720291265946
708,44,attention_fixed_integrated,0,05474000,1.5064400892868235
708,44,attention_fixed_native,0,05420500,1.608903828757874
708,44,attention_fixed_native,0,05420680,1.8794092224291579
708,44,attention_fixed_native,0,05422000,1.9849679131622153
708,44,attention_fixed_native,0,05449500,1.2568602376266718
708,44,attention_fixed_native,0,05451070,1.0741267714753369
708,44,attention_fixed_native,0,05451080,1.0574537691036947
708,44,attention_fixed_native,0,05451210,1.852029178499845
708,44,attention_fixed_native,0,05453100,1.8026504965130616
708,44,attention_fixed_native,0,05455100,1.4685744930914437
708,44,attention_fixed_native,0,05457750,1.3821124048775477
708,44,attention_fixed_native,0,05461390,2.7188856615919748
708,44,attention_fixed_native,0,05463050,2.2019299631384905
708,44,attention_fixed_native,0,05464020,2.0722457357278996
708,44,attention_fixed_native,0,05464220,1.8368650612163029
708,44,attention_fixed_native,0,05464420,2.575495538400491
708,44,attention_fixed_native,0,05464480,1.1844369671019421
708,44,attention_fixed_native,0,05464760,1.163554619301393
708,44,attention_fixed_native,0,05464935,1.4027600409744079
708,44,attention_fixed_native,0,05465500,1.70720291265946
708,44,attention_fixed_native,0,05474000,1.5064400892868235
708,44,attention_historical_integrated,0,05420500,1.6287343871917874
708,44,attention_historical_integrated,0,05420680,1.9565401261706177
708,44,attention_historical_integrated,0,05422000,2.056109537912587
708,44,attention_historical_integrated,0,05449500,1.293807477798728
708,44,attention_historical_integrated,0,05451070,1.0614165019020754
708,44,attention_historical_integrated,0,05451080,1.0324819718845182
708,44,attention_historical_integrated,0,05451210,1.8998089852318256
708,44,attention_historical_integrated,0,05453100,1.80639468270042
708,44,attention_historical_integrated,0,05455100,1.4677001899139017
708,44,attention_historical_integrated,0,05457750,1.338774279403724
708,44,attention_historical_integrated,0,05461390,2.7480219043655283
708,44,attention_historical_integrated,0,05463050,2.128398141257105
708,44,attention_historical_integrated,0,05464020,1.9891741144718935
708,44,attention_historical_integrated,0,05464220,1.8784833850145777
708,44,attention_historical_integrated,0,05464420,2.6424387962821045
708,44,attention_historical_integrated,0,05464480,1.1603033627235497
708,44,attention_historical_integrated,0,05464760,1.143580906486872
708,44,attention_historical_integrated,0,05464935,1.350320947113084
708,44,attention_historical_integrated,0,05465500,1.753163451519571
708,44,attention_historical_integrated,0,05474000,1.5266201915977475
708,44,attention_historical_native,0,05420500,1.6328219146779315
708,44,attention_historical_native,0,05420680,1.900852666348611
708,44,attention_historical_native,0,05422000,2.0568983673042966
708,44,attention_historical_native,0,05449500,1.2667495131279662
708,44,attention_historical_native,0,05451070,1.0594897750179293
708,44,attention_historical_native,0,05451080,0.9993626430568829
708,44,attention_historical_native,0,05451210,1.9119179407899956
708,44,attention_historical_native,0,05453100,1.8452977803035313
708,44,attention_historical_native,0,05455100,1.4557930233675935
708,44,attention_historical_native,0,05457750,1.3568203312559861
708,44,attention_historical_native,0,05461390,2.690984092090448
708,44,attention_historical_native,0,05463050,2.214051224320647
708,44,attention_historical_native,0,05464020,2.092091621943948
708,44,attention_historical_native,0,05464220,1.8114019467993598
708,44,attention_historical_native,0,05464420,2.6484338884099654
708,44,attention_historical_native,0,05464480,1.1424534404289104
708,44,attention_historical_native,0,05464760,1.1554257080446029
708,44,attention_historical_native,0,05464935,1.4293939229009445
708,44,attention_historical_native,0,05465500,1.7645534217769439
708,44,attention_historical_native,0,05474000,1.5353487283592264
708,44,attention_real_integrated,0,05420500,1.536551682845481
708,44,attention_real_integrated,0,05420680,1.9404720824379305
708,44,attention_real_integrated,0,05422000,2.04032557730433
708,44,attention_real_integrated,0,05449500,1.3413113182436531
708,44,attention_real_integrated,0,05451070,1.1660387609856762
708,44,attention_real_integrated,0,05451080,1.1599600098354863
708,44,attention_real_integrated,0,05451210,1.9589154476502701
708,44,attention_real_integrated,0,05453100,1.8728163866656278
708,44,attention_real_integrated,0,05455100,1.5681924106088265
708,44,attention_real_integrated,0,05457750,1.4069104498124165
708,44,attention_real_integrated,0,05461390,2.915801039304513
708,44,attention_real_integrated,0,05463050,2.216221298374433
708,44,attention_real_integrated,0,05464020,2.0949287633789404
708,44,attention_real_integrated,0,05464220,1.9479236523165977
708,44,attention_real_integrated,0,05464420,2.6105521054578245
708,44,attention_real_integrated,0,05464480,1.193287916601937
708,44,attention_real_integrated,0,05464760,1.160843359727695
708,44,attention_real_integrated,0,05464935,1.4420783140418822
708,44,attention_real_integrated,0,05465500,1.7233471861754448
708,44,attention_real_integrated,0,05474000,1.467521230923416
708,44,attention_real_native,0,05420500,1.536551682845481
708,44,attention_real_native,0,05420680,1.9404720824379305
708,44,attention_real_native,0,05422000,2.04032557730433
708,44,attention_real_native,0,05449500,1.3413113182436531
708,44,attention_real_native,0,05451070,1.1660387609856762
708,44,attention_real_native,0,05451080,1.1599600098354863
708,44,attention_real_native,0,05451210,1.9589154476502701
708,44,attention_real_native,0,05453100,1.8728163866656278
708,44,attention_real_native,0,05455100,1.5681924106088265
708,44,attention_real_native,0,05457750,1.4069104498124165
708,44,attention_real_native,0,05461390,2.915801039304513
708,44,attention_real_native,0,05463050,2.216221298374433
708,44,attention_real_native,0,05464020,2.0949287633789404
708,44,attention_real_native,0,05464220,1.9479236523165977
708,44,attention_real_native,0,05464420,2.6105521054578245
708,44,attention_real_native,0,05464480,1.193287916601937
708,44,attention_real_native,0,05464760,1.160843359727695
708,44,attention_real_native,0,05464935,1.4420783140418822
708,44,attention_real_native,0,05465500,1.7233471861754448
708,44,attention_real_native,0,05474000,1.467521230923416
708,44,current_model,0,05420500,1.7429110588574488
708,44,current_model,0,05420680,2.29510344576529
708,44,current_model,0,05422000,2.1161922546353553
708,44,current_model,0,05449500,1.914244914990579
708,44,current_model,0,05451070,1.2587193157467689
708,44,current_model,0,05451080,1.2341852950394157
708,44,current_model,0,05451210,2.0083445018455346
708,44,current_model,0,05453100,1.6878494999657176
708,44,current_model,0,05455100,1.715739153567114
708,44,current_model,0,05457750,1.39698800916546
708,44,current_model,0,05461390,2.9926858899439326
708,44,current_model,0,05463050,1.728489648924057
708,44,current_model,0,05464020,1.6880134178148076
708,44,current_model,0,05464220,2.329336314685545
708,44,current_model,0,05464420,2.7037929605842863
708,44,current_model,0,05464480,1.7714408960631023
708,44,current_model,0,05464760,1.1990349832066298
708,44,current_model,0,05464935,1.278263798795694
708,44,current_model,0,05465500,1.8600097559047524
708,44,current_model,0,05474000,1.53002169301351
708,44,innovation_real_integrated,0,05420500,1.6104379768259611
708,44,innovation_real_integrated,0,05420680,1.8887821795708188
708,44,innovation_real_integrated,0,05422000,1.9924093557477656
708,44,innovation_real_integrated,0,05449500,1.2639618938970183
708,44,innovation_real_integrated,0,05451070,1.082329169299422
708,44,innovation_real_integrated,0,05451080,1.0605617760547508
708,44,innovation_real_integrated,0,05451210,1.8618330529874423
708,44,innovation_real_integrated,0,05453100,1.8092379095308466
708,44,innovation_real_integrated,0,05455100,1.4712401519634173
708,44,innovation_real_integrated,0,05457750,1.3866126292796241
708,44,innovation_real_integrated,0,05461390,2.730868501146523
708,44,innovation_real_integrated,0,05463050,2.204588897216924
708,44,innovation_real_integrated,0,05464020,2.075898307518541
708,44,innovation_real_integrated,0,05464220,1.8446526186259704
708,44,innovation_real_integrated,0,05464420,2.582259574468748
708,44,innovation_real_integrated,0,05464480,1.1909474286810429
708,44,innovation_real_integrated,0,05464760,1.164217343975141
708,44,innovation_real_integrated,0,05464935,1.4073469474075133
708,44,innovation_real_integrated,0,05465500,1.711640460040563
708,44,innovation_real_integrated,0,05474000,1.5006812058201253
708,44,innovation_real_native,0,05420500,1.6104379768259611
708,44,innovation_real_native,0,05420680,1.8887821795708188
708,44,innovation_real_native,0,05422000,1.9924093557477656
708,44,innovation_real_native,0,05449500,1.2639618938970183
708,44,innovation_real_native,0,05451070,1.082329169299422
708,44,innovation_real_native,0,05451080,1.0605617760547508
708,44,innovation_real_native,0,05451210,1.8618330529874423
708,44,innovation_real_native,0,05453100,1.8092379095308466
708,44,innovation_real_native,0,05455100,1.4712401519634173
708,44,innovation_real_native,0,05457750,1.3866126292796241
708,44,innovation_real_native,0,05461390,2.730868501146523
708,44,innovation_real_native,0,05463050,2.204588897216924
708,44,innovation_real_native,0,05464020,2.075898307518541
708,44,innovation_real_native,0,05464220,1.8446526186259704
708,44,innovation_real_native,0,05464420,2.582259574468748
708,44,innovation_real_native,0,05464480,1.1909474286810429
708,44,innovation_real_native,0,05464760,1.164217343975141
708,44,innovation_real_native,0,05464935,1.4073469474075133
708,44,innovation_real_native,0,05465500,1.711640460040563
708,44,innovation_real_native,0,05474000,1.5006812058201253
708,44,innovation_real_trees,0,05420500,1.6052072293459692
708,44,innovation_real_trees,0,05420680,2.0043505212317148
708,44,innovation_real_trees,0,05422000,1.912416521641807
708,44,innovation_real_trees,0,05449500,1.4381778269694523
708,44,innovation_real_trees,0,05451070,1.0447438457087266
708,44,innovation_real_trees,0,05451080,1.2893665219888872
708,44,innovation_real_trees,0,05451210,1.9668182189379662
708,44,innovation_real_trees,0,05453100,1.6395563207788533
708,44,innovation_real_trees,0,05455100,1.7160283491782677
708,44,innovation_real_trees,0,05457750,1.249112479801931
708,44,innovation_real_trees,0,05461390,3.224412305925383
708,44,innovation_real_trees,0,05463050,1.795160318959779
708,44,innovation_real_trees,0,05464020,1.5841808026306514
708,44,innovation_real_trees,0,05464220,2.2787250624134265
708,44,innovation_real_trees,0,05464420,2.6656267469554247
708,44,innovation_real_trees,0,05464480,1.2271847997977883
708,44,innovation_real_trees,0,05464760,1.0459318709055103
708,44,innovation_real_trees,0,05464935,1.1281802171820712
708,44,innovation_real_trees,0,05465500,1.763048952461893
708,44,innovation_real_trees,0,05474000,1.5630777953811659
708,44,level_fixed_integrated,0,05420500,1.5898119622017859
708,44,level_fixed_integrated,0,05420680,2.005171929278791
708,44,level_fixed_integrated,0,05422000,1.6809051141382023
708,44,level_fixed_integrated,0,05449500,1.3380155977402615
708,44,level_fixed_integrated,0,05451070,0.9046628086928242
708,44,level_fixed_integrated,0,05451080,1.0546746961379219
708,44,level_fixed_integrated,0,05451210,1.849142490390833
708,44,level_fixed_integrated,0,05453100,1.6623894513798323
708,44,level_fixed_integrated,0,05455100,1.4825467420936695
708,44,level_fixed_integrated,0,05457750,1.3515995968621628
708,44,level_fixed_integrated,0,05461390,2.992038174180303
708,44,level_fixed_integrated,0,05463050,2.144348901302497
708,44,level_fixed_integrated,0,05464020,1.9151961550404224
708,44,level_fixed_integrated,0,05464220,1.9599994116053392
708,44,level_fixed_integrated,0,05464420,2.545465342026407
708,44,level_fixed_integrated,0,05464480,1.1731411503542795
708,44,level_fixed_integrated,0,05464760,1.139907053161695
708,44,level_fixed_integrated,0,05464935,1.2739839406965072
708,44,level_fixed_integrated,0,05465500,1.5186076603558074
708,44,level_fixed_integrated,0,05474000,1.4624500585180644
708,44,level_fixed_native,0,05420500,1.5898119622017859
708,44,level_fixed_native,0,05420680,2.005171929278791
708,44,level_fixed_native,0,05422000,1.6809051141382023
708,44,level_fixed_native,0,05449500,1.3380155977402615
708,44,level_fixed_native,0,05451070,0.9046628086928242
708,44,level_fixed_native,0,05451080,1.0546746961379219
708,44,level_fixed_native,0,05451210,1.849142490390833
708,44,level_fixed_native,0,05453100,1.6623894513798323
708,44,level_fixed_native,0,05455100,1.4825467420936695
708,44,level_fixed_native,0,05457750,1.3515995968621628
708,44,level_fixed_native,0,05461390,2.992038174180303
708,44,level_fixed_native,0,05463050,2.144348901302497
708,44,level_fixed_native,0,05464020,1.9151961550404224
708,44,level_fixed_native,0,05464220,1.9599994116053392
708,44,level_fixed_native,0,05464420,2.545465342026407
708,44,level_fixed_native,0,05464480,1.1731411503542795
708,44,level_fixed_native,0,05464760,1.139907053161695
708,44,level_fixed_native,0,05464935,1.2739839406965072
708,44,level_fixed_native,0,05465500,1.5186076603558074
708,44,level_fixed_native,0,05474000,1.4624500585180644
708,44,level_historical_integrated,0,05420500,1.6232623605003205
708,44,level_historical_integrated,0,05420680,2.1079481511660463
708,44,level_historical_integrated,0,05422000,1.7741449941923062
708,44,level_historical_integrated,0,05449500,1.3990221337044875
708,44,level_historical_integrated,0,05451070,1.0494488040310497
708,44,level_historical_integrated,0,05451080,1.1737896949622304
708,44,level_historical_integrated,0,05451210,1.9113154205958969
708,44,level_historical_integrated,0,05453100,1.6773243448386437
708,44,level_historical_integrated,0,05455100,1.5281105401881112
708,44,level_historical_integrated,0,05457750,1.344093466723297
708,44,level_historical_integrated,0,05461390,3.0494746638953627
708,44,level_historical_integrated,0,05463050,2.0520547112869454
708,44,level_historical_integrated,0,05464020,1.8380919946217984
708,44,level_historical_integrated,0,05464220,2.0577958269669225
708,44,level_historical_integrated,0,05464420,2.6463531299638983
708,44,level_historical_integrated,0,05464480,1.2380875127996493
708,44,level_historical_integrated,0,05464760,1.1301005170892808
708,44,level_historical_integrated,0,05464935,1.2605126136391214
708,44,level_historical_integrated,0,05465500,1.6307997284286582
708,44,level_historical_integrated,0,05474000,1.490403274934549
708,44,level_historical_native,0,05420500,1.6244108951087521
708,44,level_historical_native,0,05420680,2.1016257070884867
708,44,level_historical_native,0,05422000,1.6855773982634437
708,44,level_historical_native,0,05449500,1.4092659998420538
708,44,level_historical_native,0,05451070,1.0581438220911064
708,44,level_historical_native,0,05451080,1.1672931765665104
708,44,level_historical_native,0,05451210,1.9281538074717401
708,44,level_historical_native,0,05453100,1.6732039964878294
708,44,level_historical_native,0,05455100,1.5381963534398735
708,44,level_historical_native,0,05457750,1.3705633221709086
708,44,level_historical_native,0,05461390,3.088933321497631
708,44,level_historical_native,0,05463050,2.106501009894902
708,44,level_historical_native,0,05464020,1.8862525925808613
708,44,level_historical_native,0,05464220,2.0428874776470995
708,44,level_historical_native,0,05464420,2.653652999985691
708,44,level_historical_native,0,05464480,1.245325802834652
708,44,level_historical_native,0,05464760,1.137451855514481
708,44,level_historical_native,0,05464935,1.3103999998113114
708,44,level_historical_native,0,05465500,1.6056936074864616
708,44,level_historical_native,0,05474000,1.478606190889402
708,44,level_real_integrated,0,05420500,1.5493766373355762
708,44,level_real_integrated,0,05420680,2.0990366863126284
708,44,level_real_integrated,0,05422000,1.6877844987233266
708,44,level_real_integrated,0,05449500,1.4121171501343135
708,44,level_real_integrated,0,05451070,0.9069979792898222
708,44,level_real_integrated,0,05451080,1.0707567611217979
708,44,level_real_integrated,0,05451210,1.8979840220974513
708,44,level_real_integrated,0,05453100,1.6815313366183766
708,44,level_real_integrated,0,05455100,1.5567504855839398
708,44,level_real_integrated,0,05457750,1.4364695084158983
708,44,level_real_integrated,0,05461390,3.1086102268633518
708,44,level_real_integrated,0,05463050,2.1568190425250284
708,44,level_real_integrated,0,05464020,1.90277190776114
708,44,level_real_integrated,0,05464220,2.1518528809338853
708,44,level_real_integrated,0,05464420,2.60572733646818
708,44,level_real_integrated,0,05464480,1.2886073247611625
708,44,level_real_integrated,0,05464760,1.1447700164767944
708,44,level_real_integrated,0,05464935,1.2828658609000738
708,44,level_real_integrated,0,05465500,1.5595979878262234
708,44,level_real_integrated,0,05474000,1.4048440303566965
708,44,level_real_native,0,05420500,1.5493766373355762
708,44,level_real_native,0,05420680,2.0990366863126284
708,44,level_real_native,0,05422000,1.6877844987233266
708,44,level_real_native,0,05449500,1.4121171501343135
708,44,level_real_native,0,05451070,0.9069979792898222
708,44,level_real_native,0,05451080,1.0707567611217979
708,44,level_real_native,0,05451210,1.8979840220974513
708,44,level_real_native,0,05453100,1.6815313366183766
708,44,level_real_native,0,05455100,1.5567504855839398
708,44,level_real_native,0,05457750,1.4364695084158983
708,44,level_real_native,0,05461390,3.1086102268633518
708,44,level_real_native,0,05463050,2.1568190425250284
708,44,level_real_native,0,05464020,1.90277190776114
708,44,level_real_native,0,05464220,2.1518528809338853
708,44,level_real_native,0,05464420,2.60572733646818
708,44,level_real_native,0,05464480,1.2886073247611625
708,44,level_real_native,0,05464760,1.1447700164767944
708,44,level_real_native,0,05464935,1.2828658609000738
708,44,level_real_native,0,05465500,1.5595979878262234
708,44,level_real_native,0,05474000,1.4048440303566965
708,44,level_seasonal_integrated,0,05420500,1.6108602048433485
708,44,level_seasonal_integrated,0,05420680,2.1087786428056505
708,44,level_seasonal_integrated,0,05422000,1.6195986368735922
708,44,level_seasonal_integrated,0,05449500,1.3959879432682876
708,44,level_seasonal_integrated,0,05451070,0.8899794127665797
708,44,level_seasonal_integrated,0,05451080,1.0955842507313165
708,44,level_seasonal_integrated,0,05451210,1.8993580712463856
708,44,level_seasonal_integrated,0,05453100,1.6502413377107807
708,44,level_seasonal_integrated,0,05455100,1.5324855551084164
708,44,level_seasonal_integrated,0,05457750,1.4093527202323142
708,44,level_seasonal_integrated,0,05461390,3.113498339970764
708,44,level_seasonal_integrated,0,05463050,2.135059814760151
708,44,level_seasonal_integrated,0,05464020,1.8895742587311852
708,44,level_seasonal_integrated,0,05464220,2.1156966694766473
708,44,level_seasonal_integrated,0,05464420,2.6207003579966854
708,44,level_seasonal_integrated,0,05464480,1.2532501356113517
708,44,level_seasonal_integrated,0,05464760,1.1399218404221378
708,44,level_seasonal_integrated,0,05464935,1.293162254064341
708,44,level_seasonal_integrated,0,05465500,1.5683970598399277
708,44,level_seasonal_integrated,0,05474000,1.4494432090092602
708,44,level_seasonal_native,0,05420500,1.6108602048433485
708,44,level_seasonal_native,0,05420680,2.1087786428056505
708,44,level_seasonal_native,0,05422000,1.6195986368735922
708,44,level_seasonal_native,0,05449500,1.3959879432682876
708,44,level_seasonal_native,0,05451070,0.8899794127665797
708,44,level_seasonal_native,0,05451080,1.0955842507313165
708,44,level_seasonal_native,0,05451210,1.8993580712463856
708,44,level_seasonal_native,0,05453100,1.6502413377107807
708,44,level_seasonal_native,0,05455100,1.5324855551084164
708,44,level_seasonal_native,0,05457750,1.4093527202323142
708,44,level_seasonal_native,0,05461390,3.113498339970764
708,44,level_seasonal_native,0,05463050,2.135059814760151
708,44,level_seasonal_native,0,05464020,1.8895742587311852
708,44,level_seasonal_native,0,05464220,2.1156966694766473
708,44,level_seasonal_native,0,05464420,2.6207003579966854
708,44,level_seasonal_native,0,05464480,1.2532501356113517
708,44,level_seasonal_native,0,05464760,1.1399218404221378
708,44,level_seasonal_native,0,05464935,1.293162254064341
708,44,level_seasonal_native,0,05465500,1.5683970598399277
708,44,level_seasonal_native,0,05474000,1.4494432090092602
708,44,matched_daily_trees,0,05420500,1.7818706876469788
708,44,matched_daily_trees,0,05420680,2.3330316954970614
708,44,matched_daily_trees,0,05422000,2.2118228676402443
708,44,matched_daily_trees,0,05449500,1.9164134188107196
708,44,matched_daily_trees,0,05451070,1.4729299310220951
708,44,matched_daily_trees,0,05451080,1.3890817404955973
708,44,matched_daily_trees,0,05451210,2.1721143831190646
708,44,matched_daily_trees,0,05453100,1.7649357939821313
708,44,matched_daily_trees,0,05455100,1.8761230053916966
708,44,matched_daily_trees,0,05457750,1.314561889559849
708,44,matched_daily_trees,0,05461390,3.298208843600619
708,44,matched_daily_trees,0,05463050,1.6358772644382933
708,44,matched_daily_trees,0,05464020,1.6206698888424422
708,44,matched_daily_trees,0,05464220,2.5100330878865007
708,44,matched_daily_trees,0,05464420,2.7409554989789124
708,44,matched_daily_trees,0,05464480,1.755297872264423
708,44,matched_daily_trees,0,05464760,1.2113319266590008
708,44,matched_daily_trees,0,05464935,1.199857400689197
708,44,matched_daily_trees,0,05465500,1.8122063071165777
708,44,matched_daily_trees,0,05474000,1.5958772512373038
708,44,relative_fixed_integrated,0,05420500,1.595709311069431
708,44,relative_fixed_integrated,0,05420680,1.9007303129126052
708,44,relative_fixed_integrated,0,05422000,2.0245536482786797
708,44,relative_fixed_integrated,0,05449500,1.281023819656291
708,44,relative_fixed_integrated,0,05451070,1.1087758966745276
708,44,relative_fixed_integrated,0,05451080,1.120326265005022
708,44,relative_fixed_integrated,0,05451210,1.8640017610051978
708,44,relative_fixed_integrated,0,05453100,1.8583553747293606
708,44,relative_fixed_integrated,0,05455100,1.4884632625661653
708,44,relative_fixed_integrated,0,05457750,1.4105630479330808
708,44,relative_fixed_integrated,0,05461390,2.7707162319857277
708,44,relative_fixed_integrated,0,05463050,2.2484335740474757
708,44,relative_fixed_integrated,0,05464020,2.1233260254753454
708,44,relative_fixed_integrated,0,05464220,1.8673224980124656
708,44,relative_fixed_integrated,0,05464420,2.5851236318650685
708,44,relative_fixed_integrated,0,05464480,1.229984012719999
708,44,relative_fixed_integrated,0,05464760,1.1699756253997826
708,44,relative_fixed_integrated,0,05464935,1.4330773078558738
708,44,relative_fixed_integrated,0,05465500,1.722293212069433
708,44,relative_fixed_integrated,0,05474000,1.4650905206570708
708,44,relative_fixed_native,0,05420500,1.595709311069431
708,44,relative_fixed_native,0,05420680,1.9007303129126052
708,44,relative_fixed_native,0,05422000,2.0245536482786797
708,44,relative_fixed_native,0,05449500,1.281023819656291
708,44,relative_fixed_native,0,05451070,1.1087758966745276
708,44,relative_fixed_native,0,05451080,1.120326265005022
708,44,relative_fixed_native,0,05451210,1.8640017610051978
708,44,relative_fixed_native,0,05453100,1.8583553747293606
708,44,relative_fixed_native,0,05455100,1.4884632625661653
708,44,relative_fixed_native,0,05457750,1.4105630479330808
708,44,relative_fixed_native,0,05461390,2.7707162319857277
708,44,relative_fixed_native,0,05463050,2.2484335740474757
708,44,relative_fixed_native,0,05464020,2.1233260254753454
708,44,relative_fixed_native,0,05464220,1.8673224980124656
708,44,relative_fixed_native,0,05464420,2.5851236318650685
708,44,relative_fixed_native,0,05464480,1.229984012719999
708,44,relative_fixed_native,0,05464760,1.1699756253997826
708,44,relative_fixed_native,0,05464935,1.4330773078558738
708,44,relative_fixed_native,0,05465500,1.722293212069433
708,44,relative_fixed_native,0,05474000,1.4650905206570708
708,44,relative_historical_integrated,0,05420500,1.6199018125522677
708,44,relative_historical_integrated,0,05420680,1.9356719669306421
708,44,relative_historical_integrated,0,05422000,2.0339098469908894
708,44,relative_historical_integrated,0,05449500,1.2802527641404835
708,44,relative_historical_integrated,0,05451070,1.047680760338934
708,44,relative_historical_integrated,0,05451080,1.037689829491745
708,44,relative_historical_integrated,0,05451210,1.8803413496834613
708,44,relative_historical_integrated,0,05453100,1.7892236607165435
708,44,relative_historical_integrated,0,05455100,1.4575297136603802
708,44,relative_historical_integrated,0,05457750,1.3341147244336167
708,44,relative_historical_integrated,0,05461390,2.7196124560634476
708,44,relative_historical_integrated,0,05463050,2.1252203739339444
708,44,relative_historical_integrated,0,05464020,1.9810320388202978
708,44,relative_historical_integrated,0,05464220,1.86301979448349
708,44,relative_historical_integrated,0,05464420,2.6207764347733935
708,44,relative_historical_integrated,0,05464480,1.1441792695171122
708,44,relative_historical_integrated,0,05464760,1.1432493206325802
708,44,relative_historical_integrated,0,05464935,1.3431894877726307
708,44,relative_historical_integrated,0,05465500,1.7364230977431507
708,44,relative_historical_integrated,0,05474000,1.5385444583620937
708,44,relative_historical_native,0,05420500,1.6203601366231648
708,44,relative_historical_native,0,05420680,1.8739009555414967
708,44,relative_historical_native,0,05422000,2.0272987794086994
708,44,relative_historical_native,0,05449500,1.2505003762229325
708,44,relative_historical_native,0,05451070,1.0482279449502636
708,44,relative_historical_native,0,05451080,1.0053995580656445
708,44,relative_historical_native,0,05451210,1.8853482159293506
708,44,relative_historical_native,0,05453100,1.822108559279794
708,44,relative_historical_native,0,05455100,1.4364522406619193
708,44,relative_historical_native,0,05457750,1.3506075912958426
708,44,relative_historical_native,0,05461390,2.653104827687674
708,44,relative_historical_native,0,05463050,2.2098142012230997
708,44,relative_historical_native,0,05464020,2.0812355210751536
708,44,relative_historical_native,0,05464220,1.7948660813384056
708,44,relative_historical_native,0,05464420,2.619550739731684
708,44,relative_historical_native,0,05464480,1.1213066930975126
708,44,relative_historical_native,0,05464760,1.1549835935722137
708,44,relative_historical_native,0,05464935,1.4191687351825593
708,44,relative_historical_native,0,05465500,1.7421261778469759
708,44,relative_historical_native,0,05474000,1.5557584818149623
708,44,relative_real_integrated,0,05420500,1.5268617725361207
708,44,relative_real_integrated,0,05420680,1.9155861653560422
708,44,relative_real_integrated,0,05422000,2.016325616128785
708,44,relative_real_integrated,0,05449500,1.3322347862521653
708,44,relative_real_integrated,0,05451070,1.180009597786943
708,44,relative_real_integrated,0,05451080,1.1650399366673276
708,44,relative_real_integrated,0,05451210,1.8748327315117825
708,44,relative_real_integrated,0,05453100,1.8997704885686815
708,44,relative_real_integrated,0,05455100,1.5881686994591857
708,44,relative_real_integrated,0,05457750,1.4228443390735257
708,44,relative_real_integrated,0,05461390,2.86821049756105
708,44,relative_real_integrated,0,05463050,2.2468232550020186
708,44,relative_real_integrated,0,05464020,2.121355041914337
708,44,relative_real_integrated,0,05464220,1.8905310525740109
708,44,relative_real_integrated,0,05464420,2.5548909780110103
708,44,relative_real_integrated,0,05464480,1.2417972549408827
708,44,relative_real_integrated,0,05464760,1.1697100125740314
708,44,relative_real_integrated,0,05464935,1.4423245172856147
708,44,relative_real_integrated,0,05465500,1.7097905633454062
708,44,relative_real_integrated,0,05474000,1.446803395944643
708,44,relative_real_native,0,05420500,1.5268617725361207
708,44,relative_real_native,0,05420680,1.9155861653560422
708,44,relative_real_native,0,05422000,2.016325616128785
708,44,relative_real_native,0,05449500,1.3322347862521653
708,44,relative_real_native,0,05451070,1.180009597786943
708,44,relative_real_native,0,05451080,1.1650399366673276
708,44,relative_real_native,0,05451210,1.8748327315117825
708,44,relative_real_native,0,05453100,1.8997704885686815
708,44,relative_real_native,0,05455100,1.5881686994591857
708,44,relative_real_native,0,05457750,1.4228443390735257
708,44,relative_real_native,0,05461390,2.86821049756105
708,44,relative_real_native,0,05463050,2.2468232550020186
708,44,relative_real_native,0,05464020,2.121355041914337
708,44,relative_real_native,0,05464220,1.8905310525740109
708,44,relative_real_native,0,05464420,2.5548909780110103
708,44,relative_real_native,0,05464480,1.2417972549408827
708,44,relative_real_native,0,05464760,1.1697100125740314
708,44,relative_real_native,0,05464935,1.4423245172856147
708,44,relative_real_native,0,05465500,1.7097905633454062
708,44,relative_real_native,0,05474000,1.446803395944643
708,44,station_hidden_trees,0,05420500,1.6507820029129425
708,44,station_hidden_trees,0,05420680,2.1383971590065767
708,44,station_hidden_trees,0,05422000,2.107533812964121
708,44,station_hidden_trees,0,05449500,1.473408028923451
708,44,station_hidden_trees,0,05451070,1.2839999775503061
708,44,station_hidden_trees,0,05451080,1.286515161178954
708,44,station_hidden_trees,0,05451210,1.9933764026850462
708,44,station_hidden_trees,0,05453100,1.8068310527872278
708,44,station_hidden_trees,0,05455100,1.690384081136339
708,44,station_hidden_trees,0,05457750,1.3566604731406635
708,44,station_hidden_trees,0,05461390,3.1849134312046328
708,44,station_hidden_trees,0,05463050,1.918921088763379
708,44,station_hidden_trees,0,05464020,1.8103670236717464
708,44,station_hidden_trees,0,05464220,2.2812226371407553
708,44,station_hidden_trees,0,05464420,2.7633299127296858
708,44,station_hidden_trees,0,05464480,1.4151228180992537
708,44,station_hidden_trees,0,05464760,1.113923276264503
708,44,station_hidden_trees,0,05464935,1.2922509709360954
708,44,station_hidden_trees,0,05465500,1.8276953941950036
708,44,station_hidden_trees,0,05474000,1.5561839920990443
708,44,unmonitored_integrated,0,05420500,1.6292084427537543
708,44,unmonitored_integrated,0,05420680,1.9356830608224358
708,44,unmonitored_integrated,0,05422000,2.0562286168705284
708,44,unmonitored_integrated,0,05449500,1.2858092262402592
708,44,unmonitored_integrated,0,05451070,1.0794840336554068
708,44,unmonitored_integrated,0,05451080,1.027966090822572
708,44,unmonitored_integrated,0,05451210,1.8907903722262953
708,44,unmonitored_integrated,0,05453100,1.7983310888792856
708,44,unmonitored_integrated,0,05455100,1.4654996046947342
708,44,unmonitored_integrated,0,05457750,1.303807314352032
708,44,unmonitored_integrated,0,05461390,2.7227007368323326
708,44,unmonitored_integrated,0,05463050,2.098650056852515
708,44,unmonitored_integrated,0,05464020,1.9599015758320482
708,44,unmonitored_integrated,0,05464220,1.8599063715772368
708,44,unmonitored_integrated,0,05464420,2.6306863235672466
708,44,unmonitored_integrated,0,05464480,1.125479592554381
708,44,unmonitored_integrated,0,05464760,1.1372650934957946
708,44,unmonitored_integrated,0,05464935,1.3513030652130118
708,44,unmonitored_integrated,0,05465500,1.7496724283026177
708,44,unmonitored_integrated,0,05474000,1.5300291108800643
708,44,unmonitored_residual,0,05420500,1.6329984660275474
708,44,unmonitored_residual,0,05420680,1.8773528681372282
708,44,unmonitored_residual,0,05422000,2.057057139248218
708,44,unmonitored_residual,0,05449500,1.2592703140804382
708,44,unmonitored_residual,0,05451070,1.0847666054378273
708,44,unmonitored_residual,0,05451080,1.002734231746599
708,44,unmonitored_residual,0,05451210,1.8998013610800093
708,44,unmonitored_residual,0,05453100,1.834546321875352
708,44,unmonitored_residual,0,05455100,1.4521257226203068
708,44,unmonitored_residual,0,05457750,1.3119722311294153
708,44,unmonitored_residual,0,05461390,2.6572225353795202
708,44,unmonitored_residual,0,05463050,2.174387111781193
708,44,unmonitored_residual,0,05464020,2.0530615704241537
708,44,unmonitored_residual,0,05464220,1.7965564836271741
708,44,unmonitored_residual,0,05464420,2.632763924790155
708,44,unmonitored_residual,0,05464480,1.0964194018421314
708,44,unmonitored_residual,0,05464760,1.1494975383710448
708,44,unmonitored_residual,0,05464935,1.4299868384364007
708,44,unmonitored_residual,0,05465500,1.7600573021369956
708,44,unmonitored_residual,0,05474000,1.545107517550138
708,45,attention_fixed_integrated,0,05420500,1.6450284800769415
708,45,attention_fixed_integrated,0,05420680,1.8553641913451995
708,45,attention_fixed_integrated,0,05422000,1.9776484830109966
708,45,attention_fixed_integrated,0,05449500,1.299708766578627
708,45,attention_fixed_integrated,0,05451070,1.1866919091427315
708,45,attention_fixed_integrated,0,05451080,1.0504281533312645
708,45,attention_fixed_integrated,0,05451210,2.1549080089492265
708,45,attention_fixed_integrated,0,05453100,1.434580659974074
708,45,attention_fixed_integrated,0,05455100,1.4098766912835352
708,45,attention_fixed_integrated,0,05457750,1.0635915454289233
708,45,attention_fixed_integrated,0,05461390,2.973151976025792
708,45,attention_fixed_integrated,0,05463050,1.9259444453610792
708,45,attention_fixed_integrated,0,05464020,1.7131271044801042
708,45,attention_fixed_integrated,0,05464220,1.9426974726093837
708,45,attention_fixed_integrated,0,05464420,2.584374907618357
708,45,attention_fixed_integrated,0,05464480,1.1019457115399793
708,45,attention_fixed_integrated,0,05464760,1.0502944620934767
708,45,attention_fixed_integrated,0,05464935,1.0932829384748972
708,45,attention_fixed_integrated,0,05465500,1.740075033551634
708,45,attention_fixed_integrated,0,05474000,1.4895819620359843
708,45,attention_fixed_native,0,05420500,1.6459097329497774
708,45,attention_fixed_native,0,05420680,1.808639407650066
708,45,attention_fixed_native,0,05422000,1.9684192552792834
708,45,attention_fixed_native,0,05449500,1.2835053333289945
708,45,attention_fixed_native,0,05451070,1.193124275204927
708,45,attention_fixed_native,0,05451080,1.0387501384992246
708,45,attention_fixed_native,0,05451210,2.1763517701134982
708,45,attention_fixed_native,0,05453100,1.4371583238809695
708,45,attention_fixed_native,0,05455100,1.4137991113420803
708,45,attention_fixed_native,0,05457750,1.0545066848680789
708,45,attention_fixed_native,0,05461390,2.949921762293403
708,45,attention_fixed_native,0,05463050,1.9553143653342624
708,45,attention_fixed_native,0,05464020,1.7415903363549818
708,45,attention_fixed_native,0,05464220,1.8895705964994565
708,45,attention_fixed_native,0,05464420,2.577170544516208
708,45,attention_fixed_native,0,05464480,1.0727528599024008
708,45,attention_fixed_native,0,05464760,1.0645681812943735
708,45,attention_fixed_native,0,05464935,1.1104886795548374
708,45,attention_fixed_native,0,05465500,1.7359937434434187
708,45,attention_fixed_native,0,05474000,1.480105052155667
708,45,attention_historical_integrated,0,05420500,1.6605277840510282
708,45,attention_historical_integrated,0,05420680,1.8528002476704797
708,45,attention_historical_integrated,0,05422000,1.9764045317834806
708,45,attention_historical_integrated,0,05449500,1.2982854140226565
708,45,attention_historical_integrated,0,05451070,1.1923191349012394
708,45,attention_historical_integrated,0,05451080,1.0040874317439519
708,45,attention_historical_integrated,0,05451210,2.145599270056114
708,45,attention_historical_integrated,0,05453100,1.4235704205639763
708,45,attention_historical_integrated,0,05455100,1.388280101940033
708,45,attention_historical_integrated,0,05457750,1.0497523098595973
708,45,attention_historical_integrated,0,05461390,2.9228660543533733
708,45,attention_historical_integrated,0,05463050,1.9187924221121122
708,45,attention_historical_integrated,0,05464020,1.708677861495018
708,45,attention_historical_integrated,0,05464220,1.9098403332984708
708,45,attention_historical_integrated,0,05464420,2.602252106261398
708,45,attention_historical_integrated,0,05464480,1.0841425958118978
708,45,attention_historical_integrated,0,05464760,1.0597391961751026
708,45,attention_historical_integrated,0,05464935,1.105673761373494
708,45,attention_historical_integrated,0,05465500,1.7546545951471444
708,45,attention_historical_integrated,0,05474000,1.513779523228288
708,45,attention_historical_native,0,05420500,1.6665814585029544
708,45,attention_historical_native,0,05420680,1.805220816083773
708,45,attention_historical_native,0,05422000,1.9667606536425957
708,45,attention_historical_native,0,05449500,1.278149227227249
708,45,attention_historical_native,0,05451070,1.2006272428829372
708,45,attention_historical_native,0,05451080,0.9656663304051749
708,45,attention_historical_native,0,05451210,2.164596755633182
708,45,attention_historical_native,0,05453100,1.4217283411805346
708,45,attention_historical_native,0,05455100,1.373252901009577
708,45,attention_historical_native,0,05457750,1.0360437679575032
708,45,attention_historical_native,0,05461390,2.8828738667301774
708,45,attention_historical_native,0,05463050,1.9457783343356396
708,45,attention_historical_native,0,05464020,1.7356580123748668
708,45,attention_historical_native,0,05464220,1.847838896473751
708,45,attention_historical_native,0,05464420,2.601006809373596
708,45,attention_historical_native,0,05464480,1.048550560671542
708,45,attention_historical_native,0,05464760,1.0783916379014504
708,45,attention_historical_native,0,05464935,1.127009776752966
708,45,attention_historical_native,0,05465500,1.7543464399460065
708,45,attention_historical_native,0,05474000,1.5174269632638473
708,45,attention_real_integrated,0,05420500,1.6096713494033654
708,45,attention_real_integrated,0,05420680,1.8469958492070995
708,45,attention_real_integrated,0,05422000,1.940155502775488
708,45,attention_real_integrated,0,05449500,1.288876933968119
708,45,attention_real_integrated,0,05451070,1.1455503755239387
708,45,attention_real_integrated,0,05451080,1.104062038085811
708,45,attention_real_integrated,0,05451210,2.145772975974719
708,45,attention_real_integrated,0,05453100,1.4192106704575995
708,45,attention_real_integrated,0,05455100,1.4356538631947717
708,45,attention_real_integrated,0,05457750,1.0774825378745987
708,45,attention_real_integrated,0,05461390,2.9662216922142477
708,45,attention_real_integrated,0,05463050,1.9382793710022157
708,45,attention_real_integrated,0,05464020,1.713709902939341
708,45,attention_real_integrated,0,05464220,1.9858959197005508
708,45,attention_real_integrated,0,05464420,2.5740059667768316
708,45,attention_real_integrated,0,05464480,1.1107803040298787
708,45,attention_real_integrated,0,05464760,1.044012634842981
708,45,attention_real_integrated,0,05464935,1.0631654165369608
708,45,attention_real_integrated,0,05465500,1.7245807771560904
708,45,attention_real_integrated,0,05474000,1.4683351922670729
708,45,attention_real_native,0,05420500,1.6002516475404083
708,45,attention_real_native,0,05420680,1.7974816181325994
708,45,attention_real_native,0,05422000,1.919348823241071
708,45,attention_real_native,0,05449500,1.2726267420961945
708,45,attention_real_native,0,05451070,1.1382688970465362
708,45,attention_real_native,0,05451080,1.1069901757913285
708,45,attention_real_native,0,05451210,2.168626570152149
708,45,attention_real_native,0,05453100,1.4184040867567855
708,45,attention_real_native,0,05455100,1.4388642579990876
708,45,attention_real_native,0,05457750,1.0730280081289791
708,45,attention_real_native,0,05461390,2.940681383878011
708,45,attention_real_native,0,05463050,1.9717609328557777
708,45,attention_real_native,0,05464020,1.7423674009672974
708,45,attention_real_native,0,05464220,1.9435021380586293
708,45,attention_real_native,0,05464420,2.5633452900608407
708,45,attention_real_native,0,05464480,1.0909991143851678
708,45,attention_real_native,0,05464760,1.056192411627046
708,45,attention_real_native,0,05464935,1.0748765354917764
708,45,attention_real_native,0,05465500,1.7157846376436503
708,45,attention_real_native,0,05474000,1.4615298889814088
708,45,current_model,0,05420500,1.7155783065536845
708,45,current_model,0,05420680,2.006552668092939
708,45,current_model,0,05422000,2.022405700795445
708,45,current_model,0,05449500,1.7258872092212063
708,45,current_model,0,05451070,1.1386578428503515
708,45,current_model,0,05451080,1.2478898366972004
708,45,current_model,0,05451210,1.8917595987337337
708,45,current_model,0,05453100,1.5823901375665235
708,45,current_model,0,05455100,1.708113199534933
708,45,current_model,0,05457750,1.3727466976563685
708,45,current_model,0,05461390,2.806747453138569
708,45,current_model,0,05463050,1.6396246458848411
708,45,current_model,0,05464020,1.5737272960494264
708,45,current_model,0,05464220,2.1202830067509284
708,45,current_model,0,05464420,2.7096453895440913
708,45,current_model,0,05464480,1.7527765619459597
708,45,current_model,0,05464760,1.1341398200074735
708,45,current_model,0,05464935,1.203867390411409
708,45,current_model,0,05465500,1.71099389304643
708,45,current_model,0,05474000,1.5474288711110387
708,45,innovation_real_integrated,0,05420500,1.6451747669033208
708,45,innovation_real_integrated,0,05420680,1.857479098229566
708,45,innovation_real_integrated,0,05422000,1.9768916246542338
708,45,innovation_real_integrated,0,05449500,1.299854115265618
708,45,innovation_real_integrated,0,05451070,1.188165434309243
708,45,innovation_real_integrated,0,05451080,1.04945608019821
708,45,innovation_real_integrated,0,05451210,2.1560688497451146
708,45,innovation_real_integrated,0,05453100,1.4335328245797996
708,45,innovation_real_integrated,0,05455100,1.410852015732875
708,45,innovation_real_integrated,0,05457750,1.064535475090528
708,45,innovation_real_integrated,0,05461390,2.97603273537149
708,45,innovation_real_integrated,0,05463050,1.9249576875723144
708,45,innovation_real_integrated,0,05464020,1.7118816155416794
708,45,innovation_real_integrated,0,05464220,1.9447122853274612
708,45,innovation_real_integrated,0,05464420,2.5848754766368525
708,45,innovation_real_integrated,0,05464480,1.1029287705880588
708,45,innovation_real_integrated,0,05464760,1.049900115761299
708,45,innovation_real_integrated,0,05464935,1.093157382818047
708,45,innovation_real_integrated,0,05465500,1.739885662068392
708,45,innovation_real_integrated,0,05474000,1.490900525398304
708,45,innovation_real_native,0,05420500,1.6462006014131938
708,45,innovation_real_native,0,05420680,1.8114592834958878
708,45,innovation_real_native,0,05422000,1.9674101108036
708,45,innovation_real_native,0,05449500,1.283489932047578
708,45,innovation_real_native,0,05451070,1.1950889754269423
708,45,innovation_real_native,0,05451080,1.036690957229378
708,45,innovation_real_native,0,05451210,2.177880588537929
708,45,innovation_real_native,0,05453100,1.435647339073384
708,45,innovation_real_native,0,05455100,1.4144013448060386
708,45,innovation_real_native,0,05457750,1.0557652577502183
708,45,innovation_real_native,0,05461390,2.953762774754334
708,45,innovation_real_native,0,05463050,1.953998688282576
708,45,innovation_real_native,0,05464020,1.739929684437082
708,45,innovation_real_native,0,05464220,1.892257013456893
708,45,innovation_real_native,0,05464420,2.577837969874202
708,45,innovation_real_native,0,05464480,1.0739096556723307
708,45,innovation_real_native,0,05464760,1.0640423861848034
708,45,innovation_real_native,0,05464935,1.1103212720123703
708,45,innovation_real_native,0,05465500,1.7353598883560153
708,45,innovation_real_native,0,05474000,1.4816126351860084
708,45,innovation_real_trees,0,05420500,1.597430685317611
708,45,innovation_real_trees,0,05420680,2.0612631246758206
708,45,innovation_real_trees,0,05422000,1.9064554605032376
708,45,innovation_real_trees,0,05449500,1.4611553572648133
708,45,innovation_real_trees,0,05451070,0.9947842725368992
708,45,innovation_real_trees,0,05451080,1.2481822649861225
708,45,innovation_real_trees,0,05451210,1.8332272310180369
708,45,innovation_real_trees,0,05453100,1.6675876871607966
708,45,innovation_real_trees,0,05455100,1.629072266378326
708,45,innovation_real_trees,0,05457750,1.1562554525023823
708,45,innovation_real_trees,0,05461390,3.2276137480444382
708,45,innovation_real_trees,0,05463050,1.8600806036179334
708,45,innovation_real_trees,0,05464020,1.6809178600577892
708,45,innovation_real_trees,0,05464220,2.3582867764496886
708,45,innovation_real_trees,0,05464420,2.791893472047158
708,45,innovation_real_trees,0,05464480,1.328352513209389
708,45,innovation_real_trees,0,05464760,1.0130306245576723
708,45,innovation_real_trees,0,05464935,1.1686251911130479
708,45,innovation_real_trees,0,05465500,1.7303218149783193
708,45,innovation_real_trees,0,05474000,1.5237174455109437
708,45,level_fixed_integrated,0,05420500,1.6323294876475372
708,45,level_fixed_integrated,0,05420680,1.8909083056347775
708,45,level_fixed_integrated,0,05422000,1.8640376483022203
708,45,level_fixed_integrated,0,05449500,1.3019372988735978
708,45,level_fixed_integrated,0,05451070,1.1196797976260622
708,45,level_fixed_integrated,0,05451080,1.028034018962321
708,45,level_fixed_integrated,0,05451210,2.108343962257287
708,45,level_fixed_integrated,0,05453100,1.4239056171499247
708,45,level_fixed_integrated,0,05455100,1.4199276687024425
708,45,level_fixed_integrated,0,05457750,1.0896264307785088
708,45,level_fixed_integrated,0,05461390,3.050391554345205
708,45,level_fixed_integrated,0,05463050,1.9436913211856555
708,45,level_fixed_integrated,0,05464020,1.7128991045578257
708,45,level_fixed_integrated,0,05464220,2.007700176668298
708,45,level_fixed_integrated,0,05464420,2.56114434163404
708,45,level_fixed_integrated,0,05464480,1.1273131097848095
708,45,level_fixed_integrated,0,05464760,1.0230456817339626
708,45,level_fixed_integrated,0,05464935,1.1006027503554858
708,45,level_fixed_integrated,0,05465500,1.6756235399726993
708,45,level_fixed_integrated,0,05474000,1.4784880101990983
708,45,level_fixed_native,0,05420500,1.6294169249658614
708,45,level_fixed_native,0,05420680,1.8564429008029308
708,45,level_fixed_native,0,05422000,1.8167655407724157
708,45,level_fixed_native,0,05449500,1.2951537925030154
708,45,level_fixed_native,0,05451070,1.1062957676728886
708,45,level_fixed_native,0,05451080,1.007262796428131
708,45,level_fixed_native,0,05451210,2.1145636547924958
708,45,level_fixed_native,0,05453100,1.4233696220891876
708,45,level_fixed_native,0,05455100,1.4220576619153773
708,45,level_fixed_native,0,05457750,1.089219865334193
708,45,level_fixed_native,0,05461390,3.052907866719287
708,45,level_fixed_native,0,05463050,1.9789768664336973
708,45,level_fixed_native,0,05464020,1.7412863364586102
708,45,level_fixed_native,0,05464220,1.963230500836231
708,45,level_fixed_native,0,05464420,2.546196456537118
708,45,level_fixed_native,0,05464480,1.1057878022334302
708,45,level_fixed_native,0,05464760,1.0282364741483547
708,45,level_fixed_native,0,05464935,1.1202484287289556
708,45,level_fixed_native,0,05465500,1.6507947930588047
708,45,level_fixed_native,0,05474000,1.4636193541969618
708,45,level_historical_integrated,0,05420500,1.6800606808738836
708,45,level_historical_integrated,0,05420680,1.8837838216064737
708,45,level_historical_integrated,0,05422000,1.7977322327766656
708,45,level_historical_integrated,0,05449500,1.2866101191265344
708,45,level_historical_integrated,0,05451070,1.147011088657861
708,45,level_historical_integrated,0,05451080,1.0716233798823314
708,45,level_historical_integrated,0,05451210,2.060599822677704
708,45,level_historical_integrated,0,05453100,1.377648222929622
708,45,level_historical_integrated,0,05455100,1.399665092985236
708,45,level_historical_integrated,0,05457750,1.0642019020920563
708,45,level_historical_integrated,0,05461390,2.930330183650856
708,45,level_historical_integrated,0,05463050,1.954860429504413
708,45,level_historical_integrated,0,05464020,1.714560830775092
708,45,level_historical_integrated,0,05464220,1.931858646081701
708,45,level_historical_integrated,0,05464420,2.5859567543547284
708,45,level_historical_integrated,0,05464480,1.1009302901460547
708,45,level_historical_integrated,0,05464760,1.0379724489202242
708,45,level_historical_integrated,0,05464935,1.1235020994265712
708,45,level_historical_integrated,0,05465500,1.67744909788337
708,45,level_historical_integrated,0,05474000,1.5287356241088867
708,45,level_historical_native,0,05420500,1.6930070985669885
708,45,level_historical_native,0,05420680,1.8465322479984319
708,45,level_historical_native,0,05422000,1.7323224927248744
708,45,level_historical_native,0,05449500,1.269468332429142
708,45,level_historical_native,0,05451070,1.1852847046786077
708,45,level_historical_native,0,05451080,1.0592383495800934
708,45,level_historical_native,0,05451210,2.0532555895814992
708,45,level_historical_native,0,05453100,1.3625962335244426
708,45,level_historical_native,0,05455100,1.4011748107163042
708,45,level_historical_native,0,05457750,1.0553098909341154
708,45,level_historical_native,0,05461390,2.8928260391268217
708,45,level_historical_native,0,05463050,1.9938690108587074
708,45,level_historical_native,0,05464020,1.7435019714149653
708,45,level_historical_native,0,05464220,1.8751188277958795
708,45,level_historical_native,0,05464420,2.5809404368905757
708,45,level_historical_native,0,05464480,1.0788152283895078
708,45,level_historical_native,0,05464760,1.0481388303967036
708,45,level_historical_native,0,05464935,1.1507808941570694
708,45,level_historical_native,0,05465500,1.652992256059262
708,45,level_historical_native,0,05474000,1.5422735011953865
708,45,level_real_integrated,0,05420500,1.6184601787130102
708,45,level_real_integrated,0,05420680,1.9042819365681958
708,45,level_real_integrated,0,05422000,1.801073488604926
708,45,level_real_integrated,0,05449500,1.3098853404900654
708,45,level_real_integrated,0,05451070,1.076915284324174
708,45,level_real_integrated,0,05451080,1.0221361208927326
708,45,level_real_integrated,0,05451210,2.0470519540776864
708,45,level_real_integrated,0,05453100,1.407059434076199
708,45,level_real_integrated,0,05455100,1.4423851191405694
708,45,level_real_integrated,0,05457750,1.1011079120948122
708,45,level_real_integrated,0,05461390,3.038259174367752
708,45,level_real_integrated,0,05463050,1.9598655373794798
708,45,level_real_integrated,0,05464020,1.7030783858002276
708,45,level_real_integrated,0,05464220,2.078237393175378
708,45,level_real_integrated,0,05464420,2.516314251574874
708,45,level_real_integrated,0,05464480,1.135845455437963
708,45,level_real_integrated,0,05464760,1.013622757100959
708,45,level_real_integrated,0,05464935,1.0924321123828329
708,45,level_real_integrated,0,05465500,1.6426837286854046
708,45,level_real_integrated,0,05474000,1.448343623436892
708,45,level_real_native,0,05420500,1.6131635757146108
708,45,level_real_native,0,05420680,1.8784991171257899
708,45,level_real_native,0,05422000,1.7333607015926418
708,45,level_real_native,0,05449500,1.307563643237884
708,45,level_real_native,0,05451070,1.0715362081665623
708,45,level_real_native,0,05451080,1.0073094585748874
708,45,level_real_native,0,05451210,2.0362617931013816
708,45,level_real_native,0,05453100,1.40303246674201
708,45,level_real_native,0,05455100,1.436860978335349
708,45,level_real_native,0,05457750,1.1045285070892639
708,45,level_real_native,0,05461390,3.036731360082683
708,45,level_real_native,0,05463050,2.000542488025463
708,45,level_real_native,0,05464020,1.728192044781813
708,45,level_real_native,0,05464220,2.0553614712605865
708,45,level_real_native,0,05464420,2.486535731169721
708,45,level_real_native,0,05464480,1.1171642631043015
708,45,level_real_native,0,05464760,1.0144849612432472
708,45,level_real_native,0,05464935,1.1093542447654183
708,45,level_real_native,0,05465500,1.6075751766020285
708,45,level_real_native,0,05474000,1.4244099193083362
708,45,level_seasonal_integrated,0,05420500,1.633881569932255
708,45,level_seasonal_integrated,0,05420680,1.9951563498648575
708,45,level_seasonal_integrated,0,05422000,1.974503224708457
708,45,level_seasonal_integrated,0,05449500,1.3818237505133217
708,45,level_seasonal_integrated,0,05451070,1.15834825921869
708,45,level_seasonal_integrated,0,05451080,1.0941380895421797
708,45,level_seasonal_integrated,0,05451210,2.1542776413087568
708,45,level_seasonal_integrated,0,05453100,1.4705544628087501
708,45,level_seasonal_integrated,0,05455100,1.4711806779290548
708,45,level_seasonal_integrated,0,05457750,1.1140007971298311
708,45,level_seasonal_integrated,0,05461390,3.1478811868013987
708,45,level_seasonal_integrated,0,05463050,1.8802458936358095
708,45,level_seasonal_integrated,0,05464020,1.6730425182321151
708,45,level_seasonal_integrated,0,05464220,2.166578852211507
708,45,level_seasonal_integrated,0,05464420,2.620355727629562
708,45,level_seasonal_integrated,0,05464480,1.20947550049104
708,45,level_seasonal_integrated,0,05464760,1.010939214494631
708,45,level_seasonal_integrated,0,05464935,1.0806661442720047
708,45,level_seasonal_integrated,0,05465500,1.7513710577193968
708,45,level_seasonal_integrated,0,05474000,1.5000022026435158
708,45,level_seasonal_native,0,05420500,1.6276555776994412
708,45,level_seasonal_native,0,05420680,2.0010354217882287
708,45,level_seasonal_native,0,05422000,1.942895928257074
708,45,level_seasonal_native,0,05449500,1.4025247641476486
708,45,level_seasonal_native,0,05451070,1.1493017074812353
708,45,level_seasonal_native,0,05451080,1.0798964332155954
708,45,level_seasonal_native,0,05451210,2.2137389657706312
708,45,level_seasonal_native,0,05453100,1.5120122669031983
708,45,level_seasonal_native,0,05455100,1.502037736845265
708,45,level_seasonal_native,0,05457750,1.1371554671482056
708,45,level_seasonal_native,0,05461390,3.2529197563798378
708,45,level_seasonal_native,0,05463050,1.9226571018300904
708,45,level_seasonal_native,0,05464020,1.7183476276087581
708,45,level_seasonal_native,0,05464220,2.186292545503262
708,45,level_seasonal_native,0,05464420,2.63472345833432
708,45,level_seasonal_native,0,05464480,1.2243660786643171
708,45,level_seasonal_native,0,05464760,1.011965943050839
708,45,level_seasonal_native,0,05464935,1.1196665733089324
708,45,level_seasonal_native,0,05465500,1.7476840017426478
708,45,level_seasonal_native,0,05474000,1.4591419112996487
708,45,matched_daily_trees,0,05420500,1.6704529923482334
708,45,matched_daily_trees,0,05420680,2.4722926482832523
708,45,matched_daily_trees,0,05422000,2.2750202031345057
708,45,matched_daily_trees,0,05449500,1.9067138514158393
708,45,matched_daily_trees,0,05451070,1.4992410356704917
708,45,matched_daily_trees,0,05451080,1.500881189424753
708,45,matched_daily_trees,0,05451210,2.5264054518296084
708,45,matched_daily_trees,0,05453100,1.9260486675237407
708,45,matched_daily_trees,0,05455100,1.8990741019319193
708,45,matched_daily_trees,0,05457750,1.418206357911486
708,45,matched_daily_trees,0,05461390,3.4643175550919367
708,45,matched_daily_trees,0,05463050,1.6680264611827567
708,45,matched_daily_trees,0,05464020,1.6939254280280944
708,45,matched_daily_trees,0,05464220,2.6776897034278453
708,45,matched_daily_trees,0,05464420,3.125879904070506
708,45,matched_daily_trees,0,05464480,1.8616863626009252
708,45,matched_daily_trees,0,05464760,1.1937107239694909
708,45,matched_daily_trees,0,05464935,1.4071155290506838
708,45,matched_daily_trees,0,05465500,2.0390039912961035
708,45,matched_daily_trees,0,05474000,1.7085677383633942
708,45,relative_fixed_integrated,0,05420500,1.6355622954014422
708,45,relative_fixed_integrated,0,05420680,1.8488368619362952
708,45,relative_fixed_integrated,0,05422000,1.9712834409615587
708,45,relative_fixed_integrated,0,05449500,1.2938442283769922
708,45,relative_fixed_integrated,0,05451070,1.1704454929558177
708,45,relative_fixed_integrated,0,05451080,1.0657604716344888
708,45,relative_fixed_integrated,0,05451210,2.1373819151123454
708,45,relative_fixed_integrated,0,05453100,1.4396821916415352
708,45,relative_fixed_integrated,0,05455100,1.407932201712598
708,45,relative_fixed_integrated,0,05457750,1.0645031036474197
708,45,relative_fixed_integrated,0,05461390,2.97152407938378
708,45,relative_fixed_integrated,0,05463050,1.9264167479519996
708,45,relative_fixed_integrated,0,05464020,1.714031040170004
708,45,relative_fixed_integrated,0,05464220,1.939129137513827
708,45,relative_fixed_integrated,0,05464420,2.5691147397278313
708,45,relative_fixed_integrated,0,05464480,1.1076188890802816
708,45,relative_fixed_integrated,0,05464760,1.047865253282104
708,45,relative_fixed_integrated,0,05464935,1.0921380966772474
708,45,relative_fixed_integrated,0,05465500,1.7276491516611772
708,45,relative_fixed_integrated,0,05474000,1.484151131027322
708,45,relative_fixed_native,0,05420500,1.6333641096991172
708,45,relative_fixed_native,0,05420680,1.8014095075248229
708,45,relative_fixed_native,0,05422000,1.9599325325466999
708,45,relative_fixed_native,0,05449500,1.280594025792945
708,45,relative_fixed_native,0,05451070,1.1714623869557084
708,45,relative_fixed_native,0,05451080,1.0756945841139767
708,45,relative_fixed_native,0,05451210,2.1532097903159975
708,45,relative_fixed_native,0,05453100,1.4444050547446683
708,45,relative_fixed_native,0,05455100,1.4083861026139155
708,45,relative_fixed_native,0,05457750,1.0557220958260742
708,45,relative_fixed_native,0,05461390,2.947751233437387
708,45,relative_fixed_native,0,05463050,1.955944102122156
708,45,relative_fixed_native,0,05464020,1.7427955839415148
708,45,relative_fixed_native,0,05464220,1.8848128163720475
708,45,relative_fixed_native,0,05464420,2.556823653995507
708,45,relative_fixed_native,0,05464480,1.0801093836057067
708,45,relative_fixed_native,0,05464760,1.0613292362125435
708,45,relative_fixed_native,0,05464935,1.1089622238246377
708,45,relative_fixed_native,0,05465500,1.71997345373396
708,45,relative_fixed_native,0,05474000,1.4732239544250079
708,45,relative_historical_integrated,0,05420500,1.6579218069343455
708,45,relative_historical_integrated,0,05420680,1.8436368306262931
708,45,relative_historical_integrated,0,05422000,1.9616354830926848
708,45,relative_historical_integrated,0,05449500,1.2916350147972253
708,45,relative_historical_integrated,0,05451070,1.1805863883802283
708,45,relative_historical_integrated,0,05451080,0.9895907511584121
708,45,relative_historical_integrated,0,05451210,2.136895519034786
708,45,relative_historical_integrated,0,05453100,1.4151812409982654
708,45,relative_historical_integrated,0,05455100,1.3829992660405386
708,45,relative_historical_integrated,0,05457750,1.0526884305254256
708,45,relative_historical_integrated,0,05461390,2.9134184852056593
708,45,relative_historical_integrated,0,05463050,1.9207444159011227
708,45,relative_historical_integrated,0,05464020,1.710379806483359
708,45,relative_historical_integrated,0,05464220,1.907904144433563
708,45,relative_historical_integrated,0,05464420,2.595461982608127
708,45,relative_historical_integrated,0,05464480,1.0831731021935194
708,45,relative_historical_integrated,0,05464760,1.057070532595132
708,45,relative_historical_integrated,0,05464935,1.1048555330895968
708,45,relative_historical_integrated,0,05465500,1.747455622238333
708,45,relative_historical_integrated,0,05474000,1.5151810341549143
708,45,relative_historical_native,0,05420500,1.6631722474070285
708,45,relative_historical_native,0,05420680,1.7936440734103332
708,45,relative_historical_native,0,05422000,1.9470685887215344
708,45,relative_historical_native,0,05449500,1.269282028260007
708,45,relative_historical_native,0,05451070,1.1867914901040746
708,45,relative_historical_native,0,05451080,0.9543617932214634
708,45,relative_historical_native,0,05451210,2.1533989381492065
708,45,relative_historical_native,0,05453100,1.4111651648207584
708,45,relative_historical_native,0,05455100,1.3651279074117186
708,45,relative_historical_native,0,05457750,1.039958595511941
708,45,relative_historical_native,0,05461390,2.870277107866559
708,45,relative_historical_native,0,05463050,1.948380992720987
708,45,relative_historical_native,0,05464020,1.7379272723593215
708,45,relative_historical_native,0,05464220,1.8449847174734053
708,45,relative_historical_native,0,05464420,2.5919533111692346
708,45,relative_historical_native,0,05464480,1.0478541381623978
708,45,relative_historical_native,0,05464760,1.07380307304361
708,45,relative_historical_native,0,05464935,1.12591880570777
708,45,relative_historical_native,0,05465500,1.7448004023632417
708,45,relative_historical_native,0,05474000,1.520434609662056
708,45,relative_real_integrated,0,05420500,1.5904188782621294
708,45,relative_real_integrated,0,05420680,1.8539310112566132
708,45,relative_real_integrated,0,05422000,1.9684141072945571
708,45,relative_real_integrated,0,05449500,1.2898318712494057
708,45,relative_real_integrated,0,05451070,1.1539047473566222
708,45,relative_real_integrated,0,05451080,1.1239189613139162
708,45,relative_real_integrated,0,05451210,2.1186907973560687
708,45,relative_real_integrated,0,05453100,1.4356434999378498
708,45,relative_real_integrated,0,05455100,1.4363219359341906
708,45,relative_real_integrated,0,05457750,1.0751197309118936
708,45,relative_real_integrated,0,05461390,2.967097718892958
708,45,relative_real_integrated,0,05463050,1.9420044266920546
708,45,relative_real_integrated,0,05464020,1.7171675876551302
708,45,relative_real_integrated,0,05464220,1.9843357682598461
708,45,relative_real_integrated,0,05464420,2.5863835846575336
708,45,relative_real_integrated,0,05464480,1.1143901484160776
708,45,relative_real_integrated,0,05464760,1.043273023530234
708,45,relative_real_integrated,0,05464935,1.0682279858608879
708,45,relative_real_integrated,0,05465500,1.7231387094638324
708,45,relative_real_integrated,0,05474000,1.4658412329830066
708,45,relative_real_native,0,05420500,1.5790418285656365
708,45,relative_real_native,0,05420680,1.8152515941617544
708,45,relative_real_native,0,05422000,1.9570269625998298
708,45,relative_real_native,0,05449500,1.2782904031964468
708,45,relative_real_native,0,05451070,1.1494080594901146
708,45,relative_real_native,0,05451080,1.1474419198663508
708,45,relative_real_native,0,05451210,2.1350171748818485
708,45,relative_real_native,0,05453100,1.4411445545575443
708,45,relative_real_native,0,05455100,1.43313797352133
708,45,relative_real_native,0,05457750,1.0698775988453726
708,45,relative_real_native,0,05461390,2.9418494194496243
708,45,relative_real_native,0,05463050,1.9767276737755628
708,45,relative_real_native,0,05464020,1.7469776472550163
708,45,relative_real_native,0,05464220,1.9427671431892226
708,45,relative_real_native,0,05464420,2.5798487805684434
708,45,relative_real_native,0,05464480,1.0934605851442356
708,45,relative_real_native,0,05464760,1.05520626321005
708,45,relative_real_native,0,05464935,1.0831153546345087
708,45,relative_real_native,0,05465500,1.7154681198397264
708,45,relative_real_native,0,05474000,1.4556467348931301
708,45,station_hidden_trees,0,05420500,1.6698703554403818
708,45,station_hidden_trees,0,05420680,2.036362019110083
708,45,station_hidden_trees,0,05422000,2.07165345133182
708,45,station_hidden_trees,0,05449500,1.4369886297735341
708,45,station_hidden_trees,0,05451070,1.2091108341094985
708,45,station_hidden_trees,0,05451080,1.2430843156572036
708,45,station_hidden_trees,0,05451210,2.1740771577817615
708,45,station_hidden_trees,0,05453100,1.558265855587962
708,45,station_hidden_trees,0,05455100,1.6113121246177255
708,45,station_hidden_trees,0,05457750,1.1731142936736865
708,45,station_hidden_trees,0,05461390,3.2487573014622915
708,45,station_hidden_trees,0,05463050,1.8335650962778745
708,45,station_hidden_trees,0,05464020,1.7123805422388656
708,45,station_hidden_trees,0,05464220,2.295111770772473
708,45,station_hidden_trees,0,05464420,2.7206724351611147
708,45,station_hidden_trees,0,05464480,1.3902936959549246
708,45,station_hidden_trees,0,05464760,1.0210866175752953
708,45,station_hidden_trees,0,05464935,1.1963568709758694
708,45,station_hidden_trees,0,05465500,1.8373555565845732
708,45,station_hidden_trees,0,05474000,1.5800269704150205
708,45,unmonitored_integrated,0,05420500,1.6627410497752206
708,45,unmonitored_integrated,0,05420680,1.8504208527362396
708,45,unmonitored_integrated,0,05422000,1.9831035738237532
708,45,unmonitored_integrated,0,05449500,1.2981853250932318
708,45,unmonitored_integrated,0,05451070,1.2001428988752503
708,45,unmonitored_integrated,0,05451080,1.0155496989697808
708,45,unmonitored_integrated,0,05451210,2.1403836164331445
708,45,unmonitored_integrated,0,05453100,1.4237313682097579
708,45,unmonitored_integrated,0,05455100,1.3932190527614348
708,45,unmonitored_integrated,0,05457750,1.0395772054656793
708,45,unmonitored_integrated,0,05461390,2.916108405751726
708,45,unmonitored_integrated,0,05463050,1.9077704063198793
708,45,unmonitored_integrated,0,05464020,1.6989771271323884
708,45,unmonitored_integrated,0,05464220,1.9066583965112565
708,45,unmonitored_integrated,0,05464420,2.595814256461821
708,45,unmonitored_integrated,0,05464480,1.0791753250346952
708,45,unmonitored_integrated,0,05464760,1.06836139118797
708,45,unmonitored_integrated,0,05464935,1.1071047814584951
708,45,unmonitored_integrated,0,05465500,1.754916790995341
708,45,unmonitored_integrated,0,05474000,1.517216323286677
708,45,unmonitored_residual,0,05420500,1.669386500925246
708,45,unmonitored_residual,0,05420680,1.8020482895047862
708,45,unmonitored_residual,0,05422000,1.9756927096962924
708,45,unmonitored_residual,0,05449500,1.278015775321349
708,45,unmonitored_residual,0,05451070,1.2110589281816186
708,45,unmonitored_residual,0,05451080,0.9789300613071767
708,45,unmonitored_residual,0,05451210,2.1578023488516807
708,45,unmonitored_residual,0,05453100,1.4219429380415767
708,45,unmonitored_residual,0,05455100,1.3858808428963212
708,45,unmonitored_residual,0,05457750,1.0224769620989462
708,45,unmonitored_residual,0,05461390,2.8738636685946477
708,45,unmonitored_residual,0,05463050,1.9310823132793289
708,45,unmonitored_residual,0,05464020,1.7227236998913606
708,45,unmonitored_residual,0,05464220,1.846977217948396
708,45,unmonitored_residual,0,05464420,2.5924230096408265
708,45,unmonitored_residual,0,05464480,1.0412494135477026
708,45,unmonitored_residual,0,05464760,1.0938805713096995
708,45,unmonitored_residual,0,05464935,1.128917803532968
708,45,unmonitored_residual,0,05465500,1.7545374535676779
708,45,unmonitored_residual,0,05474000,1.5237016195898723
708,46,attention_fixed_integrated,0,05420500,1.5853895003115015
708,46,attention_fixed_integrated,0,05420680,2.1303381172262346
708,46,attention_fixed_integrated,0,05422000,1.7926810303292215
708,46,attention_fixed_integrated,0,05449500,1.4928459496279258
708,46,attention_fixed_integrated,0,05451070,1.1010195407858903
708,46,attention_fixed_integrated,0,05451080,1.111734723139072
708,46,attention_fixed_integrated,0,05451210,2.141366638068818
708,46,attention_fixed_integrated,0,05453100,1.5592565502226317
708,46,attention_fixed_integrated,0,05455100,1.4022190699916717
708,46,attention_fixed_integrated,0,05457750,1.247608206597617
708,46,attention_fixed_integrated,0,05461390,2.844320782593725
708,46,attention_fixed_integrated,0,05463050,1.763179136272128
708,46,attention_fixed_integrated,0,05464020,1.7164827652148458
708,46,attention_fixed_integrated,0,05464220,2.0803651056356167
708,46,attention_fixed_integrated,0,05464420,2.492884720561781
708,46,attention_fixed_integrated,0,05464480,1.4209121528712574
708,46,attention_fixed_integrated,0,05464760,1.1409110726067984
708,46,attention_fixed_integrated,0,05464935,1.1423636229507126
708,46,attention_fixed_integrated,0,05465500,1.6156116881403015
708,46,attention_fixed_integrated,0,05474000,1.4026534793335532
708,46,attention_fixed_native,0,05420500,1.5853895003115015
708,46,attention_fixed_native,0,05420680,2.1303381172262346
708,46,attention_fixed_native,0,05422000,1.7926810303292215
708,46,attention_fixed_native,0,05449500,1.4928459496279258
708,46,attention_fixed_native,0,05451070,1.1010195407858903
708,46,attention_fixed_native,0,05451080,1.111734723139072
708,46,attention_fixed_native,0,05451210,2.141366638068818
708,46,attention_fixed_native,0,05453100,1.5592565502226317
708,46,attention_fixed_native,0,05455100,1.4022190699916717
708,46,attention_fixed_native,0,05457750,1.247608206597617
708,46,attention_fixed_native,0,05461390,2.844320782593725
708,46,attention_fixed_native,0,05463050,1.763179136272128
708,46,attention_fixed_native,0,05464020,1.7164827652148458
708,46,attention_fixed_native,0,05464220,2.0803651056356167
708,46,attention_fixed_native,0,05464420,2.492884720561781
708,46,attention_fixed_native,0,05464480,1.4209121528712574
708,46,attention_fixed_native,0,05464760,1.1409110726067984
708,46,attention_fixed_native,0,05464935,1.1423636229507126
708,46,attention_fixed_native,0,05465500,1.6156116881403015
708,46,attention_fixed_native,0,05474000,1.4026534793335532
708,46,attention_historical_integrated,0,05420500,1.600761235791036
708,46,attention_historical_integrated,0,05420680,2.172771807489493
708,46,attention_historical_integrated,0,05422000,1.833757117372004
708,46,attention_historical_integrated,0,05449500,1.487135555458654
708,46,attention_historical_integrated,0,05451070,1.1206492024866783
708,46,attention_historical_integrated,0,05451080,1.1182462015864545
708,46,attention_historical_integrated,0,05451210,2.1037034073783945
708,46,attention_historical_integrated,0,05453100,1.5447067963541485
708,46,attention_historical_integrated,0,05455100,1.39974781911372
708,46,attention_historical_integrated,0,05457750,1.2147550933387457
708,46,attention_historical_integrated,0,05461390,2.8212729915841175
708,46,attention_historical_integrated,0,05463050,1.728592495008118
708,46,attention_historical_integrated,0,05464020,1.6695411496261163
708,46,attention_historical_integrated,0,05464220,2.0553629942175813
708,46,attention_historical_integrated,0,05464420,2.5344158512808304
708,46,attention_historical_integrated,0,05464480,1.3697828045982468
708,46,attention_historical_integrated,0,05464760,1.1306665599592136
708,46,attention_historical_integrated,0,05464935,1.1054387352714825
708,46,attention_historical_integrated,0,05465500,1.6530883023901142
708,46,attention_historical_integrated,0,05474000,1.4424852828791304
708,46,attention_historical_native,0,05420500,1.597451389299665
708,46,attention_historical_native,0,05420680,2.1467947997678922
708,46,attention_historical_native,0,05422000,1.7848309521634376
708,46,attention_historical_native,0,05449500,1.5010299776190503
708,46,attention_historical_native,0,05451070,1.1183570101385094
708,46,attention_historical_native,0,05451080,1.0924793017506467
708,46,attention_historical_native,0,05451210,2.1218747187094897
708,46,attention_historical_native,0,05453100,1.5390523284801712
708,46,attention_historical_native,0,05455100,1.3948166232998835
708,46,attention_historical_native,0,05457750,1.2495139829618558
708,46,attention_historical_native,0,05461390,2.82469968021403
708,46,attention_historical_native,0,05463050,1.7598920064906651
708,46,attention_historical_native,0,05464020,1.7105774094974597
708,46,attention_historical_native,0,05464220,2.056666024655211
708,46,attention_historical_native,0,05464420,2.4987253777621223
708,46,attention_historical_native,0,05464480,1.4007914764487397
708,46,attention_historical_native,0,05464760,1.1413184629032576
708,46,attention_historical_native,0,05464935,1.151813046166996
708,46,attention_historical_native,0,05465500,1.6336076940104356
708,46,attention_historical_native,0,05474000,1.422657336753583
708,46,attention_real_integrated,0,05420500,1.5412829614378998
708,46,attention_real_integrated,0,05420680,2.128778281884689
708,46,attention_real_integrated,0,05422000,1.7762536819008732
708,46,attention_real_integrated,0,05449500,1.501540514274171
708,46,attention_real_integrated,0,05451070,1.0800652802764292
708,46,attention_real_integrated,0,05451080,1.1731447147657488
708,46,attention_real_integrated,0,05451210,2.1226327863554624
708,46,attention_real_integrated,0,05453100,1.573207027780587
708,46,attention_real_integrated,0,05455100,1.4718122485268004
708,46,attention_real_integrated,0,05457750,1.2653860134317878
708,46,attention_real_integrated,0,05461390,2.8785433962562803
708,46,attention_real_integrated,0,05463050,1.7707581943422026
708,46,attention_real_integrated,0,05464020,1.716266183266023
708,46,attention_real_integrated,0,05464220,2.1466478694856517
708,46,attention_real_integrated,0,05464420,2.4568527360952763
708,46,attention_real_integrated,0,05464480,1.4483524706851614
708,46,attention_real_integrated,0,05464760,1.1468137274888384
708,46,attention_real_integrated,0,05464935,1.1292255116289274
708,46,attention_real_integrated,0,05465500,1.598557763450795
708,46,attention_real_integrated,0,05474000,1.3644872739365193
708,46,attention_real_native,0,05420500,1.5412829614378998
708,46,attention_real_native,0,05420680,2.128778281884689
708,46,attention_real_native,0,05422000,1.7762536819008732
708,46,attention_real_native,0,05449500,1.501540514274171
708,46,attention_real_native,0,05451070,1.0800652802764292
708,46,attention_real_native,0,05451080,1.1731447147657488
708,46,attention_real_native,0,05451210,2.1226327863554624
708,46,attention_real_native,0,05453100,1.573207027780587
708,46,attention_real_native,0,05455100,1.4718122485268004
708,46,attention_real_native,0,05457750,1.2653860134317878
708,46,attention_real_native,0,05461390,2.8785433962562803
708,46,attention_real_native,0,05463050,1.7707581943422026
708,46,attention_real_native,0,05464020,1.716266183266023
708,46,attention_real_native,0,05464220,2.1466478694856517
708,46,attention_real_native,0,05464420,2.4568527360952763
708,46,attention_real_native,0,05464480,1.4483524706851614
708,46,attention_real_native,0,05464760,1.1468137274888384
708,46,attention_real_native,0,05464935,1.1292255116289274
708,46,attention_real_native,0,05465500,1.598557763450795
708,46,attention_real_native,0,05474000,1.3644872739365193
708,46,current_model,0,05420500,1.7269483100341012
708,46,current_model,0,05420680,2.154840166123284
708,46,current_model,0,05422000,2.1177547880431096
708,46,current_model,0,05449500,1.9129514064175572
708,46,current_model,0,05451070,1.2781318182847674
708,46,current_model,0,05451080,1.280219495807667
708,46,current_model,0,05451210,1.9629318482895204
708,46,current_model,0,05453100,1.7215557603382106
708,46,current_model,0,05455100,1.7410277865425872
708,46,current_model,0,05457750,1.2466012022716875
708,46,current_model,0,05461390,2.9216072089537035
708,46,current_model,0,05463050,1.6003811328066724
708,46,current_model,0,05464020,1.6406903789845788
708,46,current_model,0,05464220,2.436250580386563
708,46,current_model,0,05464420,2.7231049492984885
708,46,current_model,0,05464480,1.843234217883501
708,46,current_model,0,05464760,1.1595709431454584
708,46,current_model,0,05464935,1.216553904283584
708,46,current_model,0,05465500,1.838585233207598
708,46,current_model,0,05474000,1.5267459933546903
708,46,innovation_real_integrated,0,05420500,1.5861502074328981
708,46,innovation_real_integrated,0,05420680,2.1317510733611735
708,46,innovation_real_integrated,0,05422000,1.8022450305902378
708,46,innovation_real_integrated,0,05449500,1.494491736016304
708,46,innovation_real_integrated,0,05451070,1.1025035300134536
708,46,innovation_real_integrated,0,05451080,1.1118362827874604
708,46,innovation_real_integrated,0,05451210,2.152347095253701
708,46,innovation_real_integrated,0,05453100,1.5639889822314303
708,46,innovation_real_integrated,0,05455100,1.4019260674076237
708,46,innovation_real_integrated,0,05457750,1.2472813845269182
708,46,innovation_real_integrated,0,05461390,2.8496720961938613
708,46,innovation_real_integrated,0,05463050,1.762991200456512
708,46,innovation_real_integrated,0,05464020,1.71894369481002
708,46,innovation_real_integrated,0,05464220,2.081497637499504
708,46,innovation_real_integrated,0,05464420,2.502806435106394
708,46,innovation_real_integrated,0,05464480,1.4232838505130947
708,46,innovation_real_integrated,0,05464760,1.1407821973065102
708,46,innovation_real_integrated,0,05464935,1.1467418254710235
708,46,innovation_real_integrated,0,05465500,1.619233797894012
708,46,innovation_real_integrated,0,05474000,1.404354602162834
708,46,innovation_real_native,0,05420500,1.5861502074328981
708,46,innovation_real_native,0,05420680,2.1317510733611735
708,46,innovation_real_native,0,05422000,1.8022450305902378
708,46,innovation_real_native,0,05449500,1.494491736016304
708,46,innovation_real_native,0,05451070,1.1025035300134536
708,46,innovation_real_native,0,05451080,1.1118362827874604
708,46,innovation_real_native,0,05451210,2.152347095253701
708,46,innovation_real_native,0,05453100,1.5639889822314303
708,46,innovation_real_native,0,05455100,1.4019260674076237
708,46,innovation_real_native,0,05457750,1.2472813845269182
708,46,innovation_real_native,0,05461390,2.8496720961938613
708,46,innovation_real_native,0,05463050,1.762991200456512
708,46,innovation_real_native,0,05464020,1.71894369481002
708,46,innovation_real_native,0,05464220,2.081497637499504
708,46,innovation_real_native,0,05464420,2.502806435106394
708,46,innovation_real_native,0,05464480,1.4232838505130947
708,46,innovation_real_native,0,05464760,1.1407821973065102
708,46,innovation_real_native,0,05464935,1.1467418254710235
708,46,innovation_real_native,0,05465500,1.619233797894012
708,46,innovation_real_native,0,05474000,1.404354602162834
708,46,innovation_real_trees,0,05420500,1.5905819494878337
708,46,innovation_real_trees,0,05420680,2.152001673799023
708,46,innovation_real_trees,0,05422000,1.8676400306391936
708,46,innovation_real_trees,0,05449500,1.4115610852364358
708,46,innovation_real_trees,0,05451070,1.0687964546179725
708,46,innovation_real_trees,0,05451080,1.2213402090623802
708,46,innovation_real_trees,0,05451210,1.6718374023935867
708,46,innovation_real_trees,0,05453100,1.4710138275222295
708,46,innovation_real_trees,0,05455100,1.6187415747994165
708,46,innovation_real_trees,0,05457750,1.184567563414055
708,46,innovation_real_trees,0,05461390,2.9500322730858626
708,46,innovation_real_trees,0,05463050,1.805800134556567
708,46,innovation_real_trees,0,05464020,1.6196283513345093
708,46,innovation_real_trees,0,05464220,2.0841108789419867
708,46,innovation_real_trees,0,05464420,2.4975896735985468
708,46,innovation_real_trees,0,05464480,1.362272672095982
708,46,innovation_real_trees,0,05464760,1.143029248886354
708,46,innovation_real_trees,0,05464935,1.023745795279168
708,46,innovation_real_trees,0,05465500,1.5776305029070121
708,46,innovation_real_trees,0,05474000,1.5137687203125354
708,46,level_fixed_integrated,0,05420500,1.5856209385548
708,46,level_fixed_integrated,0,05420680,2.167469263995983
708,46,level_fixed_integrated,0,05422000,1.7359461658936903
708,46,level_fixed_integrated,0,05449500,1.4881175989983249
708,46,level_fixed_integrated,0,05451070,1.018004807457877
708,46,level_fixed_integrated,0,05451080,1.1312150870782036
708,46,level_fixed_integrated,0,05451210,2.0453316772337438
708,46,level_fixed_integrated,0,05453100,1.5374342216750405
708,46,level_fixed_integrated,0,05455100,1.4026742902472251
708,46,level_fixed_integrated,0,05457750,1.2423895732775068
708,46,level_fixed_integrated,0,05461390,2.8538309549523935
708,46,level_fixed_integrated,0,05463050,1.761766220948405
708,46,level_fixed_integrated,0,05464020,1.6816162577716303
708,46,level_fixed_integrated,0,05464220,2.1037194339825334
708,46,level_fixed_integrated,0,05464420,2.5168458035239594
708,46,level_fixed_integrated,0,05464480,1.429824617462811
708,46,level_fixed_integrated,0,05464760,1.138408304775517
708,46,level_fixed_integrated,0,05464935,1.1170332633118596
708,46,level_fixed_integrated,0,05465500,1.602404303701812
708,46,level_fixed_integrated,0,05474000,1.4149269332734833
708,46,level_fixed_native,0,05420500,1.5773015379090574
708,46,level_fixed_native,0,05420680,2.1397247417765453
708,46,level_fixed_native,0,05422000,1.6544163501923526
708,46,level_fixed_native,0,05449500,1.506728879308664
708,46,level_fixed_native,0,05451070,0.9957804197170962
708,46,level_fixed_native,0,05451080,1.111749017862219
708,46,level_fixed_native,0,05451210,2.043114698689154
708,46,level_fixed_native,0,05453100,1.531725414518374
708,46,level_fixed_native,0,05455100,1.4125023835491666
708,46,level_fixed_native,0,05457750,1.2863599562135373
708,46,level_fixed_native,0,05461390,2.8695676925063545
708,46,level_fixed_native,0,05463050,1.8041236410777146
708,46,level_fixed_native,0,05464020,1.7266775536914782
708,46,level_fixed_native,0,05464220,2.1211412776751475
708,46,level_fixed_native,0,05464420,2.4749980379302934
708,46,level_fixed_native,0,05464480,1.4806627924211915
708,46,level_fixed_native,0,05464760,1.158087539246403
708,46,level_fixed_native,0,05464935,1.1605982137483988
708,46,level_fixed_native,0,05465500,1.5671218910067413
708,46,level_fixed_native,0,05474000,1.3905906222907594
708,46,level_historical_integrated,0,05420500,1.6065537143642268
708,46,level_historical_integrated,0,05420680,2.218779046859163
708,46,level_historical_integrated,0,05422000,1.938098827501357
708,46,level_historical_integrated,0,05449500,1.4922576131617995
708,46,level_historical_integrated,0,05451070,1.134809584599832
708,46,level_historical_integrated,0,05451080,1.145114683450067
708,46,level_historical_integrated,0,05451210,2.142485173064179
708,46,level_historical_integrated,0,05453100,1.5855762438687238
708,46,level_historical_integrated,0,05455100,1.4196300521886867
708,46,level_historical_integrated,0,05457750,1.1645272446072479
708,46,level_historical_integrated,0,05461390,2.8799968546814263
708,46,level_historical_integrated,0,05463050,1.6693471007265712
708,46,level_historical_integrated,0,05464020,1.6053914344514641
708,46,level_historical_integrated,0,05464220,2.079523926025956
708,46,level_historical_integrated,0,05464420,2.661033575704186
708,46,level_historical_integrated,0,05464480,1.3437210786830391
708,46,level_historical_integrated,0,05464760,1.121834347075111
708,46,level_historical_integrated,0,05464935,1.0476537049868597
708,46,level_historical_integrated,0,05465500,1.7045960417723758
708,46,level_historical_integrated,0,05474000,1.4810308600813238
708,46,level_historical_native,0,05420500,1.6066757505258211
708,46,level_historical_native,0,05420680,2.1827891844442013
708,46,level_historical_native,0,05422000,1.8933308359243886
708,46,level_historical_native,0,05449500,1.5348163955670455
708,46,level_historical_native,0,05451070,1.1264589430292227
708,46,level_historical_native,0,05451080,1.0970726224506648
708,46,level_historical_native,0,05451210,2.2320651107587226
708,46,level_historical_native,0,05453100,1.6017410376852634
708,46,level_historical_native,0,05455100,1.4069009544380988
708,46,level_historical_native,0,05457750,1.2185760647450814
708,46,level_historical_native,0,05461390,2.9490007836684735
708,46,level_historical_native,0,05463050,1.7030798524461834
708,46,level_historical_native,0,05464020,1.6577699602244156
708,46,level_historical_native,0,05464220,2.1075939491472213
708,46,level_historical_native,0,05464420,2.6796780511034144
708,46,level_historical_native,0,05464480,1.4114670792234771
708,46,level_historical_native,0,05464760,1.1313281300688351
708,46,level_historical_native,0,05464935,1.1113425199463185
708,46,level_historical_native,0,05465500,1.6980003332667977
708,46,level_historical_native,0,05474000,1.4592862515632734
708,46,level_real_integrated,0,05420500,1.551265580655975
708,46,level_real_integrated,0,05420680,2.1645271524509946
708,46,level_real_integrated,0,05422000,1.7957342956161415
708,46,level_real_integrated,0,05449500,1.5436928531440122
708,46,level_real_integrated,0,05451070,1.0223189493366707
708,46,level_real_integrated,0,05451080,1.1095355870262065
708,46,level_real_integrated,0,05451210,2.212530690585966
708,46,level_real_integrated,0,05453100,1.6041333665656046
708,46,level_real_integrated,0,05455100,1.4632126723182683
708,46,level_real_integrated,0,05457750,1.2694984931498958
708,46,level_real_integrated,0,05461390,2.960907118498381
708,46,level_real_integrated,0,05463050,1.7795541547251843
708,46,level_real_integrated,0,05464020,1.7110432089810204
708,46,level_real_integrated,0,05464220,2.160577768177265
708,46,level_real_integrated,0,05464420,2.6479337540247823
708,46,level_real_integrated,0,05464480,1.4912219656742935
708,46,level_real_integrated,0,05464760,1.1468784693089353
708,46,level_real_integrated,0,05464935,1.1519164929551515
708,46,level_real_integrated,0,05465500,1.6349157146012705
708,46,level_real_integrated,0,05474000,1.4087224410228933
708,46,level_real_native,0,05420500,1.551265580655975
708,46,level_real_native,0,05420680,2.1645271524509946
708,46,level_real_native,0,05422000,1.7957342956161415
708,46,level_real_native,0,05449500,1.5436928531440122
708,46,level_real_native,0,05451070,1.0223189493366707
708,46,level_real_native,0,05451080,1.1095355870262065
708,46,level_real_native,0,05451210,2.212530690585966
708,46,level_real_native,0,05453100,1.6041333665656046
708,46,level_real_native,0,05455100,1.4632126723182683
708,46,level_real_native,0,05457750,1.2694984931498958
708,46,level_real_native,0,05461390,2.960907118498381
708,46,level_real_native,0,05463050,1.7795541547251843
708,46,level_real_native,0,05464020,1.7110432089810204
708,46,level_real_native,0,05464220,2.160577768177265
708,46,level_real_native,0,05464420,2.6479337540247823
708,46,level_real_native,0,05464480,1.4912219656742935
708,46,level_real_native,0,05464760,1.1468784693089353
708,46,level_real_native,0,05464935,1.1519164929551515
708,46,level_real_native,0,05465500,1.6349157146012705
708,46,level_real_native,0,05474000,1.4087224410228933
708,46,level_seasonal_integrated,0,05420500,1.5942072359720887
708,46,level_seasonal_integrated,0,05420680,2.170673871885716
708,46,level_seasonal_integrated,0,05422000,1.690443332869832
708,46,level_seasonal_integrated,0,05449500,1.5096089761879175
708,46,level_seasonal_integrated,0,05451070,0.9992104343597866
708,46,level_seasonal_integrated,0,05451080,1.0925871780208718
708,46,level_seasonal_integrated,0,05451210,2.1493117265700095
708,46,level_seasonal_integrated,0,05453100,1.5560082171908098
708,46,level_seasonal_integrated,0,05455100,1.4099588162598988
708,46,level_seasonal_integrated,0,05457750,1.2750874693260572
708,46,level_seasonal_integrated,0,05461390,2.918398068720358
708,46,level_seasonal_integrated,0,05463050,1.7997932701638624
708,46,level_seasonal_integrated,0,05464020,1.7320720795174556
708,46,level_seasonal_integrated,0,05464220,2.1301122350835566
708,46,level_seasonal_integrated,0,05464420,2.5805475274547467
708,46,level_seasonal_integrated,0,05464480,1.459585816436165
708,46,level_seasonal_integrated,0,05464760,1.1451105612722265
708,46,level_seasonal_integrated,0,05464935,1.1503198535007868
708,46,level_seasonal_integrated,0,05465500,1.5989752214079709
708,46,level_seasonal_integrated,0,05474000,1.4211807284446019
708,46,level_seasonal_native,0,05420500,1.5942072359720887
708,46,level_seasonal_native,0,05420680,2.170673871885716
708,46,level_seasonal_native,0,05422000,1.690443332869832
708,46,level_seasonal_native,0,05449500,1.5096089761879175
708,46,level_seasonal_native,0,05451070,0.9992104343597866
708,46,level_seasonal_native,0,05451080,1.0925871780208718
708,46,level_seasonal_native,0,05451210,2.1493117265700095
708,46,level_seasonal_native,0,05453100,1.5560082171908098
708,46,level_seasonal_native,0,05455100,1.4099588162598988
708,46,level_seasonal_native,0,05457750,1.2750874693260572
708,46,level_seasonal_native,0,05461390,2.918398068720358
708,46,level_seasonal_native,0,05463050,1.7997932701638624
708,46,level_seasonal_native,0,05464020,1.7320720795174556
708,46,level_seasonal_native,0,05464220,2.1301122350835566
708,46,level_seasonal_native,0,05464420,2.5805475274547467
708,46,level_seasonal_native,0,05464480,1.459585816436165
708,46,level_seasonal_native,0,05464760,1.1451105612722265
708,46,level_seasonal_native,0,05464935,1.1503198535007868
708,46,level_seasonal_native,0,05465500,1.5989752214079709
708,46,level_seasonal_native,0,05474000,1.4211807284446019
708,46,matched_daily_trees,0,05420500,1.6518566634005032
708,46,matched_daily_trees,0,05420680,2.1750056429950817
708,46,matched_daily_trees,0,05422000,2.146217383702596
708,46,matched_daily_trees,0,05449500,1.833832505852748
708,46,matched_daily_trees,0,05451070,1.4469895429526514
708,46,matched_daily_trees,0,05451080,1.4876305131889305
708,46,matched_daily_trees,0,05451210,2.325429665733388
708,46,matched_daily_trees,0,05453100,1.8976147133956995
708,46,matched_daily_trees,0,05455100,1.9257669468943281
708,46,matched_daily_trees,0,05457750,1.4682715408505285
708,46,matched_daily_trees,0,05461390,3.5602096004562487
708,46,matched_daily_trees,0,05463050,1.5612566054215777
708,46,matched_daily_trees,0,05464020,1.5376373284646179
708,46,matched_daily_trees,0,05464220,2.6381589712471287
708,46,matched_daily_trees,0,05464420,2.9324700711088587
708,46,matched_daily_trees,0,05464480,1.6497912452950294
708,46,matched_daily_trees,0,05464760,1.0623291690285346
708,46,matched_daily_trees,0,05464935,1.3028337939125954
708,46,matched_daily_trees,0,05465500,1.9863846057263772
708,46,matched_daily_trees,0,05474000,1.7456783399972287
708,46,relative_fixed_integrated,0,05420500,1.564068395788564
708,46,relative_fixed_integrated,0,05420680,2.115811714194173
708,46,relative_fixed_integrated,0,05422000,1.7424342740242924
708,46,relative_fixed_integrated,0,05449500,1.4945027514389484
708,46,relative_fixed_integrated,0,05451070,1.0818356314399469
708,46,relative_fixed_integrated,0,05451080,1.1282640955911931
708,46,relative_fixed_integrated,0,05451210,2.051287722789696
708,46,relative_fixed_integrated,0,05453100,1.5502579132611052
708,46,relative_fixed_integrated,0,05455100,1.4188036957160401
708,46,relative_fixed_integrated,0,05457750,1.25962561076803
708,46,relative_fixed_integrated,0,05461390,2.8316472069252336
708,46,relative_fixed_integrated,0,05463050,1.7690385549596235
708,46,relative_fixed_integrated,0,05464020,1.7113993146479887
708,46,relative_fixed_integrated,0,05464220,2.080154666712479
708,46,relative_fixed_integrated,0,05464420,2.411386538044364
708,46,relative_fixed_integrated,0,05464480,1.443145847266045
708,46,relative_fixed_integrated,0,05464760,1.145558394047078
708,46,relative_fixed_integrated,0,05464935,1.1283991301839964
708,46,relative_fixed_integrated,0,05465500,1.5696284350100922
708,46,relative_fixed_integrated,0,05474000,1.385542019368883
708,46,relative_fixed_native,0,05420500,1.564068395788564
708,46,relative_fixed_native,0,05420680,2.115811714194173
708,46,relative_fixed_native,0,05422000,1.7424342740242924
708,46,relative_fixed_native,0,05449500,1.4945027514389484
708,46,relative_fixed_native,0,05451070,1.0818356314399469
708,46,relative_fixed_native,0,05451080,1.1282640955911931
708,46,relative_fixed_native,0,05451210,2.051287722789696
708,46,relative_fixed_native,0,05453100,1.5502579132611052
708,46,relative_fixed_native,0,05455100,1.4188036957160401
708,46,relative_fixed_native,0,05457750,1.25962561076803
708,46,relative_fixed_native,0,05461390,2.8316472069252336
708,46,relative_fixed_native,0,05463050,1.7690385549596235
708,46,relative_fixed_native,0,05464020,1.7113993146479887
708,46,relative_fixed_native,0,05464220,2.080154666712479
708,46,relative_fixed_native,0,05464420,2.411386538044364
708,46,relative_fixed_native,0,05464480,1.443145847266045
708,46,relative_fixed_native,0,05464760,1.145558394047078
708,46,relative_fixed_native,0,05464935,1.1283991301839964
708,46,relative_fixed_native,0,05465500,1.5696284350100922
708,46,relative_fixed_native,0,05474000,1.385542019368883
708,46,relative_historical_integrated,0,05420500,1.6016959968085969
708,46,relative_historical_integrated,0,05420680,2.181937162763606
708,46,relative_historical_integrated,0,05422000,1.8387496251729294
708,46,relative_historical_integrated,0,05449500,1.4914695441971
708,46,relative_historical_integrated,0,05451070,1.1157377663927073
708,46,relative_historical_integrated,0,05451080,1.1163043267425794
708,46,relative_historical_integrated,0,05451210,2.108663493847353
708,46,relative_historical_integrated,0,05453100,1.5538408759748563
708,46,relative_historical_integrated,0,05455100,1.3967261550672798
708,46,relative_historical_integrated,0,05457750,1.2214065374542744
708,46,relative_historical_integrated,0,05461390,2.8294905940416077
708,46,relative_historical_integrated,0,05463050,1.7342139212389223
708,46,relative_historical_integrated,0,05464020,1.6768537015780536
708,46,relative_historical_integrated,0,05464220,2.0622936821366586
708,46,relative_historical_integrated,0,05464420,2.544794003715049
708,46,relative_historical_integrated,0,05464480,1.375903459479077
708,46,relative_historical_integrated,0,05464760,1.1327305144876347
708,46,relative_historical_integrated,0,05464935,1.1111254808405924
708,46,relative_historical_integrated,0,05465500,1.659954272385996
708,46,relative_historical_integrated,0,05474000,1.4434937561405048
708,46,relative_historical_native,0,05420500,1.5988327998372043
708,46,relative_historical_native,0,05420680,2.1590152734667094
708,46,relative_historical_native,0,05422000,1.7914876292313382
708,46,relative_historical_native,0,05449500,1.5080347521605115
708,46,relative_historical_native,0,05451070,1.1118084286798813
708,46,relative_historical_native,0,05451080,1.0898901352921466
708,46,relative_historical_native,0,05451210,2.1281726686556075
708,46,relative_historical_native,0,05453100,1.5494738644893091
708,46,relative_historical_native,0,05455100,1.39276988668168
708,46,relative_historical_native,0,05457750,1.2583825751158944
708,46,relative_historical_native,0,05461390,2.835656483490684
708,46,relative_historical_native,0,05463050,1.767387241465071
708,46,relative_historical_native,0,05464020,1.7203274787667093
708,46,relative_historical_native,0,05464220,2.0659069418806477
708,46,relative_historical_native,0,05464420,2.5125629143410806
708,46,relative_historical_native,0,05464480,1.4089523496231802
708,46,relative_historical_native,0,05464760,1.1440704022744859
708,46,relative_historical_native,0,05464935,1.1601660491324461
708,46,relative_historical_native,0,05465500,1.6425970656054787
708,46,relative_historical_native,0,05474000,1.4242726833855437
708,46,relative_real_integrated,0,05420500,1.5357045342803675
708,46,relative_real_integrated,0,05420680,2.1577415214983366
708,46,relative_real_integrated,0,05422000,1.9151884081658879
708,46,relative_real_integrated,0,05449500,1.5305956349999899
708,46,relative_real_integrated,0,05451070,1.099534898503237
708,46,relative_real_integrated,0,05451080,1.1371509045157056
708,46,relative_real_integrated,0,05451210,2.197902227702515
708,46,relative_real_integrated,0,05453100,1.632178983376746
708,46,relative_real_integrated,0,05455100,1.4542755048929072
708,46,relative_real_integrated,0,05457750,1.2470064632006572
708,46,relative_real_integrated,0,05461390,2.9261535349464856
708,46,relative_real_integrated,0,05463050,1.7509255327974678
708,46,relative_real_integrated,0,05464020,1.7125381686988173
708,46,relative_real_integrated,0,05464220,2.15051154800388
708,46,relative_real_integrated,0,05464420,2.572647310025626
708,46,relative_real_integrated,0,05464480,1.4531740826833344
708,46,relative_real_integrated,0,05464760,1.1418693256775105
708,46,relative_real_integrated,0,05464935,1.1408376986545954
708,46,relative_real_integrated,0,05465500,1.6302591487891358
708,46,relative_real_integrated,0,05474000,1.3802980534510143
708,46,relative_real_native,0,05420500,1.5357045342803675
708,46,relative_real_native,0,05420680,2.1577415214983366
708,46,relative_real_native,0,05422000,1.9151884081658879
708,46,relative_real_native,0,05449500,1.5305956349999899
708,46,relative_real_native,0,05451070,1.099534898503237
708,46,relative_real_native,0,05451080,1.1371509045157056
708,46,relative_real_native,0,05451210,2.197902227702515
708,46,relative_real_native,0,05453100,1.632178983376746
708,46,relative_real_native,0,05455100,1.4542755048929072
708,46,relative_real_native,0,05457750,1.2470064632006572
708,46,relative_real_native,0,05461390,2.9261535349464856
708,46,relative_real_native,0,05463050,1.7509255327974678
708,46,relative_real_native,0,05464020,1.7125381686988173
708,46,relative_real_native,0,05464220,2.15051154800388
708,46,relative_real_native,0,05464420,2.572647310025626
708,46,relative_real_native,0,05464480,1.4531740826833344
708,46,relative_real_native,0,05464760,1.1418693256775105
708,46,relative_real_native,0,05464935,1.1408376986545954
708,46,relative_real_native,0,05465500,1.6302591487891358
708,46,relative_real_native,0,05474000,1.3802980534510143
708,46,station_hidden_trees,0,05420500,1.6322758703177827
708,46,station_hidden_trees,0,05420680,2.1459304843366085
708,46,station_hidden_trees,0,05422000,1.9427282313250236
708,46,station_hidden_trees,0,05449500,1.490783879267184
708,46,station_hidden_trees,0,05451070,1.1440695197780706
708,46,station_hidden_trees,0,05451080,1.225826917873295
708,46,station_hidden_trees,0,05451210,2.093527551135419
708,46,station_hidden_trees,0,05453100,1.5877943833713986
708,46,station_hidden_trees,0,05455100,1.5172477912914755
708,46,station_hidden_trees,0,05457750,1.1579327126671017
708,46,station_hidden_trees,0,05461390,2.9368248486183015
708,46,station_hidden_trees,0,05463050,1.6053640544525798
708,46,station_hidden_trees,0,05464020,1.5618403644347219
708,46,station_hidden_trees,0,05464220,2.1537517898774348
708,46,station_hidden_trees,0,05464420,2.6567506004340737
708,46,station_hidden_trees,0,05464480,1.3898272991983551
708,46,station_hidden_trees,0,05464760,1.1032776174249626
708,46,station_hidden_trees,0,05464935,1.056376171783868
708,46,station_hidden_trees,0,05465500,1.7228589852528788
708,46,station_hidden_trees,0,05474000,1.5432987998019125
708,46,unmonitored_integrated,0,05420500,1.6025190808771415
708,46,unmonitored_integrated,0,05420680,2.22714262912116
708,46,unmonitored_integrated,0,05422000,1.96836523686868
708,46,unmonitored_integrated,0,05449500,1.5012383988344364
708,46,unmonitored_integrated,0,05451070,1.141142803673545
708,46,unmonitored_integrated,0,05451080,1.146917175748645
708,46,unmonitored_integrated,0,05451210,2.1518119275366243
708,46,unmonitored_integrated,0,05453100,1.6011950451020824
708,46,unmonitored_integrated,0,05455100,1.4273374371143828
708,46,unmonitored_integrated,0,05457750,1.1663913296056878
708,46,unmonitored_integrated,0,05461390,2.8906224700368948
708,46,unmonitored_integrated,0,05463050,1.6687085402711093
708,46,unmonitored_integrated,0,05464020,1.6107621583462315
708,46,unmonitored_integrated,0,05464220,2.0843066108661272
708,46,unmonitored_integrated,0,05464420,2.65769600842836
708,46,unmonitored_integrated,0,05464480,1.3513041670005066
708,46,unmonitored_integrated,0,05464760,1.122641622232533
708,46,unmonitored_integrated,0,05464935,1.0513045170465007
708,46,unmonitored_integrated,0,05465500,1.7133205752592768
708,46,unmonitored_integrated,0,05474000,1.484735082723142
708,46,unmonitored_residual,0,05420500,1.5991968207198706
708,46,unmonitored_residual,0,05420680,2.1992710879113555
708,46,unmonitored_residual,0,05422000,1.9538532742054744
708,46,unmonitored_residual,0,05449500,1.549590004201427
708,46,unmonitored_residual,0,05451070,1.1449023467947819
708,46,unmonitored_residual,0,05451080,1.1089192879725573
708,46,unmonitored_residual,0,05451210,2.251833360546144
708,46,unmonitored_residual,0,05453100,1.6329786401519808
708,46,unmonitored_residual,0,05455100,1.4228120194801177
708,46,unmonitored_residual,0,05457750,1.222304234741961
708,46,unmonitored_residual,0,05461390,2.970252014379411
708,46,unmonitored_residual,0,05463050,1.7026663899688705
708,46,unmonitored_residual,0,05464020,1.6691772606337056
708,46,unmonitored_residual,0,05464220,2.1171593188275635
708,46,unmonitored_residual,0,05464420,2.6730029165517624
708,46,unmonitored_residual,0,05464480,1.4258515449542453
708,46,unmonitored_residual,0,05464760,1.1339721472213233
708,46,unmonitored_residual,0,05464935,1.1243284497953452
708,46,unmonitored_residual,0,05465500,1.7148151468351154
708,46,unmonitored_residual,0,05474000,1.4698738891688525
1013,42,attention_fixed_integrated,0,06338490,1.302296203539822
1013,42,attention_fixed_integrated,0,06339100,7.755968908920059
1013,42,attention_fixed_integrated,0,06339300,6.075174990385087
1013,42,attention_fixed_integrated,0,06339550,6.3178064505611635
1013,42,attention_fixed_integrated,0,06339560,4.466727569151828
1013,42,attention_fixed_integrated,0,06339800,6.575262645827802
1013,42,attention_fixed_integrated,0,06339900,5.581531171471078
1013,42,attention_fixed_integrated,0,06340000,4.5670830949025625
1013,42,attention_fixed_integrated,0,06340500,4.163857623216832
1013,42,attention_fixed_integrated,0,06340520,4.561218305632824
1013,42,attention_fixed_integrated,0,06340580,7.7357028501047544
1013,42,attention_fixed_integrated,0,06340780,8.95307475461467
1013,42,attention_fixed_integrated,0,06340930,7.610450656543956
1013,42,attention_fixed_integrated,0,06342040,6.510729492873237
1013,42,attention_fixed_integrated,0,06342200,5.114746219659011
1013,42,attention_fixed_integrated,0,06342230,5.994817370493683
1013,42,attention_fixed_integrated,0,06342500,2.0146735340632054
1013,42,attention_fixed_integrated,0,06343000,6.18281645768788
1013,42,attention_fixed_integrated,0,06344600,4.475058063154522
1013,42,attention_fixed_integrated,0,06349000,4.69142986928717
1013,42,attention_fixed_integrated,0,06349700,2.3041892048452848
1013,42,attention_fixed_integrated,0,06349900,6.92735732592429
1013,42,attention_fixed_integrated,0,06349930,4.508713551527465
1013,42,attention_fixed_integrated,0,06350000,3.996931990047306
1013,42,attention_fixed_integrated,0,06352400,4.357579898593468
1013,42,attention_fixed_integrated,0,06354000,3.9371817896500536
1013,42,attention_fixed_integrated,0,06355310,18.063438478401583
1013,42,attention_fixed_native,0,06338490,1.302296203539822
1013,42,attention_fixed_native,0,06339100,7.755968908920059
1013,42,attention_fixed_native,0,06339300,6.075174990385087
1013,42,attention_fixed_native,0,06339550,6.3178064505611635
1013,42,attention_fixed_native,0,06339560,4.466727569151828
1013,42,attention_fixed_native,0,06339800,6.575262645827802
1013,42,attention_fixed_native,0,06339900,5.581531171471078
1013,42,attention_fixed_native,0,06340000,4.5670830949025625
1013,42,attention_fixed_native,0,06340500,4.163857623216832
1013,42,attention_fixed_native,0,06340520,4.561218305632824
1013,42,attention_fixed_native,0,06340580,7.7357028501047544
1013,42,attention_fixed_native,0,06340780,8.95307475461467
1013,42,attention_fixed_native,0,06340930,7.610450656543956
1013,42,attention_fixed_native,0,06342040,6.510729492873237
1013,42,attention_fixed_native,0,06342200,5.114746219659011
1013,42,attention_fixed_native,0,06342230,5.994817370493683
1013,42,attention_fixed_native,0,06342500,2.0146735340632054
1013,42,attention_fixed_native,0,06343000,6.18281645768788
1013,42,attention_fixed_native,0,06344600,4.475058063154522
1013,42,attention_fixed_native,0,06349000,4.69142986928717
1013,42,attention_fixed_native,0,06349700,2.3041892048452848
1013,42,attention_fixed_native,0,06349900,6.92735732592429
1013,42,attention_fixed_native,0,06349930,4.508713551527465
1013,42,attention_fixed_native,0,06350000,3.996931990047306
1013,42,attention_fixed_native,0,06352400,4.357579898593468
1013,42,attention_fixed_native,0,06354000,3.9371817896500536
1013,42,attention_fixed_native,0,06355310,18.063438478401583
1013,42,attention_historical_integrated,0,06338490,1.2781004329880556
1013,42,attention_historical_integrated,0,06339100,7.814313863588149
1013,42,attention_historical_integrated,0,06339300,6.0936147868756345
1013,42,attention_historical_integrated,0,06339550,6.436469092053165
1013,42,attention_historical_integrated,0,06339560,4.506005082973748
1013,42,attention_historical_integrated,0,06339800,6.5012786498132416
1013,42,attention_historical_integrated,0,06339900,5.606203130660347
1013,42,attention_historical_integrated,0,06340000,4.638113426191312
1013,42,attention_historical_integrated,0,06340500,4.260140444569462
1013,42,attention_historical_integrated,0,06340520,4.594276007220501
1013,42,attention_historical_integrated,0,06340580,7.70714387142787
1013,42,attention_historical_integrated,0,06340780,8.928813441158594
1013,42,attention_historical_integrated,0,06340930,7.616910357605205
1013,42,attention_historical_integrated,0,06342040,6.5359989450928895
1013,42,attention_historical_integrated,0,06342200,5.186394095497821
1013,42,attention_historical_integrated,0,06342230,5.97974677795873
1013,42,attention_historical_integrated,0,06342500,2.049445773698584
1013,42,attention_historical_integrated,0,06343000,6.1197394543330645
1013,42,attention_historical_integrated,0,06344600,4.606354671337642
1013,42,attention_historical_integrated,0,06349000,4.814971821762428
1013,42,attention_historical_integrated,0,06349700,2.3554759448572318
1013,42,attention_historical_integrated,0,06349900,6.96043349283283
1013,42,attention_historical_integrated,0,06349930,4.475703639654017
1013,42,attention_historical_integrated,0,06350000,4.015196022838127
1013,42,attention_historical_integrated,0,06352400,4.371525060475843
1013,42,attention_historical_integrated,0,06354000,4.061080331308306
1013,42,attention_historical_integrated,0,06355310,17.982120286631535
1013,42,attention_historical_native,0,06338490,1.2781004329880556
1013,42,attention_historical_native,0,06339100,7.814313863588149
1013,42,attention_historical_native,0,06339300,6.0936147868756345
1013,42,attention_historical_native,0,06339550,6.436469092053165
1013,42,attention_historical_native,0,06339560,4.506005082973748
1013,42,attention_historical_native,0,06339800,6.5012786498132416
1013,42,attention_historical_native,0,06339900,5.606203130660347
1013,42,attention_historical_native,0,06340000,4.638113426191312
1013,42,attention_historical_native,0,06340500,4.260140444569462
1013,42,attention_historical_native,0,06340520,4.594276007220501
1013,42,attention_historical_native,0,06340580,7.70714387142787
1013,42,attention_historical_native,0,06340780,8.928813441158594
1013,42,attention_historical_native,0,06340930,7.616910357605205
1013,42,attention_historical_native,0,06342040,6.5359989450928895
1013,42,attention_historical_native,0,06342200,5.186394095497821
1013,42,attention_historical_native,0,06342230,5.97974677795873
1013,42,attention_historical_native,0,06342500,2.049445773698584
1013,42,attention_historical_native,0,06343000,6.1197394543330645
1013,42,attention_historical_native,0,06344600,4.606354671337642
1013,42,attention_historical_native,0,06349000,4.814971821762428
1013,42,attention_historical_native,0,06349700,2.3554759448572318
1013,42,attention_historical_native,0,06349900,6.96043349283283
1013,42,attention_historical_native,0,06349930,4.475703639654017
1013,42,attention_historical_native,0,06350000,4.015196022838127
1013,42,attention_historical_native,0,06352400,4.371525060475843
1013,42,attention_historical_native,0,06354000,4.061080331308306
1013,42,attention_historical_native,0,06355310,17.982120286631535
1013,42,attention_real_integrated,0,06338490,1.334535005105273
1013,42,attention_real_integrated,0,06339100,7.673851115423861
1013,42,attention_real_integrated,0,06339300,6.035679671257051
1013,42,attention_real_integrated,0,06339550,6.176319174422902
1013,42,attention_real_integrated,0,06339560,4.430558291487417
1013,42,attention_real_integrated,0,06339800,6.635390927878631
1013,42,attention_real_integrated,0,06339900,5.535780089261638
1013,42,attention_real_integrated,0,06340000,4.50512300726653
1013,42,attention_real_integrated,0,06340500,4.113785726540833
1013,42,attention_real_integrated,0,06340520,4.560797679230923
1013,42,attention_real_integrated,0,06340580,7.776895531943823
1013,42,attention_real_integrated,0,06340780,8.961256973395894
1013,42,attention_real_integrated,0,06340930,7.503056475352035
1013,42,attention_real_integrated,0,06342040,6.462897388309524
1013,42,attention_real_integrated,0,06342200,5.031194896669336
1013,42,attention_real_integrated,0,06342230,5.961373524942093
1013,42,attention_real_integrated,0,06342500,1.9987416911278129
1013,42,attention_real_integrated,0,06343000,6.2339470461031175
1013,42,attention_real_integrated,0,06344600,4.36859479409301
1013,42,attention_real_integrated,0,06349000,4.622761971575541
1013,42,attention_real_integrated,0,06349700,2.293422798929833
1013,42,attention_real_integrated,0,06349900,6.944795904309184
1013,42,attention_real_integrated,0,06349930,4.534009472925427
1013,42,attention_real_integrated,0,06350000,4.03232000056345
1013,42,attention_real_integrated,0,06352400,4.333905542152766
1013,42,attention_real_integrated,0,06354000,3.902074493981206
1013,42,attention_real_integrated,0,06355310,18.163251397675555
1013,42,attention_real_native,0,06338490,1.334535005105273
1013,42,attention_real_native,0,06339100,7.673851115423861
1013,42,attention_real_native,0,06339300,6.035679671257051
1013,42,attention_real_native,0,06339550,6.176319174422902
1013,42,attention_real_native,0,06339560,4.430558291487417
1013,42,attention_real_native,0,06339800,6.635390927878631
1013,42,attention_real_native,0,06339900,5.535780089261638
1013,42,attention_real_native,0,06340000,4.50512300726653
1013,42,attention_real_native,0,06340500,4.113785726540833
1013,42,attention_real_native,0,06340520,4.560797679230923
1013,42,attention_real_native,0,06340580,7.776895531943823
1013,42,attention_real_native,0,06340780,8.961256973395894
1013,42,attention_real_native,0,06340930,7.503056475352035
1013,42,attention_real_native,0,06342040,6.462897388309524
1013,42,attention_real_native,0,06342200,5.031194896669336
1013,42,attention_real_native,0,06342230,5.961373524942093
1013,42,attention_real_native,0,06342500,1.9987416911278129
1013,42,attention_real_native,0,06343000,6.2339470461031175
1013,42,attention_real_native,0,06344600,4.36859479409301
1013,42,attention_real_native,0,06349000,4.622761971575541
1013,42,attention_real_native,0,06349700,2.293422798929833
1013,42,attention_real_native,0,06349900,6.944795904309184
1013,42,attention_real_native,0,06349930,4.534009472925427
1013,42,attention_real_native,0,06350000,4.03232000056345
1013,42,attention_real_native,0,06352400,4.333905542152766
1013,42,attention_real_native,0,06354000,3.902074493981206
1013,42,attention_real_native,0,06355310,18.163251397675555
1013,42,current_model,0,06338490,2.66444426030858
1013,42,current_model,0,06339100,8.145440654963524
1013,42,current_model,0,06339300,6.510809536697443
1013,42,current_model,0,06339550,6.436386339030231
1013,42,current_model,0,06339560,5.1622599864582694
1013,42,current_model,0,06339800,7.39975019924325
1013,42,current_model,0,06339900,5.925133847479714
1013,42,current_model,0,06340000,5.269197026309168
1013,42,current_model,0,06340500,4.729433173669208
1013,42,current_model,0,06340520,4.992012641421882
1013,42,current_model,0,06340580,7.94917029559167
1013,42,current_model,0,06340780,9.155360336614557
1013,42,current_model,0,06340930,7.685003569831877
1013,42,current_model,0,06342040,6.726253989465889
1013,42,current_model,0,06342200,5.972858272381296
1013,42,current_model,0,06342230,6.113277597187881
1013,42,current_model,0,06342500,2.6621255805684365
1013,42,current_model,0,06343000,6.809451957378886
1013,42,current_model,0,06344600,4.07249413314795
1013,42,current_model,0,06349000,4.922828641478139
1013,42,current_model,0,06349700,2.8880415800083945
1013,42,current_model,0,06349900,7.320351900589389
1013,42,current_model,0,06349930,5.033300437556758
1013,42,current_model,0,06350000,3.968548362048257
1013,42,current_model,0,06352400,4.619041476211866
1013,42,current_model,0,06354000,3.7686066705249512
1013,42,current_model,0,06355310,18.93278026609603
1013,42,innovation_real_integrated,0,06338490,1.2780513002378584
1013,42,innovation_real_integrated,0,06339100,7.782550025391191
1013,42,innovation_real_integrated,0,06339300,6.078348452858516
1013,42,innovation_real_integrated,0,06339550,6.364310239764276
1013,42,innovation_real_integrated,0,06339560,4.452903149906301
1013,42,innovation_real_integrated,0,06339800,6.532640496837171
1013,42,innovation_real_integrated,0,06339900,5.601249092902327
1013,42,innovation_real_integrated,0,06340000,4.597153098326705
1013,42,innovation_real_integrated,0,06340500,4.208120693445247
1013,42,innovation_real_integrated,0,06340520,4.570693721577877
1013,42,innovation_real_integrated,0,06340580,7.730870775571759
1013,42,innovation_real_integrated,0,06340780,8.934521327642528
1013,42,innovation_real_integrated,0,06340930,7.627480618487582
1013,42,innovation_real_integrated,0,06342040,6.542423434227989
1013,42,innovation_real_integrated,0,06342200,5.129933736798658
1013,42,innovation_real_integrated,0,06342230,5.983617488175449
1013,42,innovation_real_integrated,0,06342500,2.0465513795186583
1013,42,innovation_real_integrated,0,06343000,6.131651363286906
1013,42,innovation_real_integrated,0,06344600,4.544541718183396
1013,42,innovation_real_integrated,0,06349000,4.748285352834671
1013,42,innovation_real_integrated,0,06349700,2.3357873206616504
1013,42,innovation_real_integrated,0,06349900,6.934778457213448
1013,42,innovation_real_integrated,0,06349930,4.486950070883736
1013,42,innovation_real_integrated,0,06350000,4.032973369022221
1013,42,innovation_real_integrated,0,06352400,4.3739528402348125
1013,42,innovation_real_integrated,0,06354000,4.005955376338425
1013,42,innovation_real_integrated,0,06355310,18.048986497810763
1013,42,innovation_real_native,0,06338490,1.2780513002378584
1013,42,innovation_real_native,0,06339100,7.782550025391191
1013,42,innovation_real_native,0,06339300,6.078348452858516
1013,42,innovation_real_native,0,06339550,6.364310239764276
1013,42,innovation_real_native,0,06339560,4.452903149906301
1013,42,innovation_real_native,0,06339800,6.532640496837171
1013,42,innovation_real_native,0,06339900,5.601249092902327
1013,42,innovation_real_native,0,06340000,4.597153098326705
1013,42,innovation_real_native,0,06340500,4.208120693445247
1013,42,innovation_real_native,0,06340520,4.570693721577877
1013,42,innovation_real_native,0,06340580,7.730870775571759
1013,42,innovation_real_native,0,06340780,8.934521327642528
1013,42,innovation_real_native,0,06340930,7.627480618487582
1013,42,innovation_real_native,0,06342040,6.542423434227989
1013,42,innovation_real_native,0,06342200,5.129933736798658
1013,42,innovation_real_native,0,06342230,5.983617488175449
1013,42,innovation_real_native,0,06342500,2.0465513795186583
1013,42,innovation_real_native,0,06343000,6.131651363286906
1013,42,innovation_real_native,0,06344600,4.544541718183396
1013,42,innovation_real_native,0,06349000,4.748285352834671
1013,42,innovation_real_native,0,06349700,2.3357873206616504
1013,42,innovation_real_native,0,06349900,6.934778457213448
1013,42,innovation_real_native,0,06349930,4.486950070883736
1013,42,innovation_real_native,0,06350000,4.032973369022221
1013,42,innovation_real_native,0,06352400,4.3739528402348125
1013,42,innovation_real_native,0,06354000,4.005955376338425
1013,42,innovation_real_native,0,06355310,18.048986497810763
1013,42,innovation_real_trees,0,06338490,1.8108956955094857
1013,42,innovation_real_trees,0,06339100,6.987127258847205
1013,42,innovation_real_trees,0,06339300,6.013477118224499
1013,42,innovation_real_trees,0,06339550,5.454912128284484
1013,42,innovation_real_trees,0,06339560,3.94803439690479
1013,42,innovation_real_trees,0,06339800,6.3303032138008
1013,42,innovation_real_trees,0,06339900,5.236720290909297
1013,42,innovation_real_trees,0,06340000,4.241920810209019
1013,42,innovation_real_trees,0,06340500,4.0573340367382595
1013,42,innovation_real_trees,0,06340520,4.014501123956779
1013,42,innovation_real_trees,0,06340580,7.851774933776144
1013,42,innovation_real_trees,0,06340780,9.407354904497204
1013,42,innovation_real_trees,0,06340930,7.550845648866348
1013,42,innovation_real_trees,0,06342040,5.981494684535879
1013,42,innovation_real_trees,0,06342200,4.916024313315294
1013,42,innovation_real_trees,0,06342230,6.254850610971909
1013,42,innovation_real_trees,0,06342500,2.2279057313800914
1013,42,innovation_real_trees,0,06343000,6.259668432842735
1013,42,innovation_real_trees,0,06344600,4.4010650763307275
1013,42,innovation_real_trees,0,06349000,4.352444223644149
1013,42,innovation_real_trees,0,06349700,2.1606855352169516
1013,42,innovation_real_trees,0,06349900,7.143055735894007
1013,42,innovation_real_trees,0,06349930,4.9319522517140895
1013,42,innovation_real_trees,0,06350000,4.027518745892386
1013,42,innovation_real_trees,0,06352400,4.472773324714723
1013,42,innovation_real_trees,0,06354000,3.643389921255973
1013,42,innovation_real_trees,0,06355310,18.50459006399099
1013,42,level_fixed_integrated,0,06338490,1.298620044820888
1013,42,level_fixed_integrated,0,06339100,7.768248699739733
1013,42,level_fixed_integrated,0,06339300,6.063189320548106
1013,42,level_fixed_integrated,0,06339550,6.36706710567598
1013,42,level_fixed_integrated,0,06339560,4.429690587857228
1013,42,level_fixed_integrated,0,06339800,6.568883910069416
1013,42,level_fixed_integrated,0,06339900,5.591349553841245
1013,42,level_fixed_integrated,0,06340000,4.584775401661147
1013,42,level_fixed_integrated,0,06340500,4.206874763228641
1013,42,level_fixed_integrated,0,06340520,4.52477699737286
1013,42,level_fixed_integrated,0,06340580,7.748641615292812
1013,42,level_fixed_integrated,0,06340780,8.885141338689609
1013,42,level_fixed_integrated,0,06340930,7.5926749974982695
1013,42,level_fixed_integrated,0,06342040,6.494745640129135
1013,42,level_fixed_integrated,0,06342200,5.089472785669063
1013,42,level_fixed_integrated,0,06342230,6.0172251925476905
1013,42,level_fixed_integrated,0,06342500,2.095650414688256
1013,42,level_fixed_integrated,0,06343000,6.151915605061685
1013,42,level_fixed_integrated,0,06344600,4.484702017193142
1013,42,level_fixed_integrated,0,06349000,4.699116295097445
1013,42,level_fixed_integrated,0,06349700,2.3377226155559354
1013,42,level_fixed_integrated,0,06349900,6.895700028028723
1013,42,level_fixed_integrated,0,06349930,4.510993193844322
1013,42,level_fixed_integrated,0,06350000,4.022006554923006
1013,42,level_fixed_integrated,0,06352400,4.371644374901364
1013,42,level_fixed_integrated,0,06354000,3.993709253176615
1013,42,level_fixed_integrated,0,06355310,18.083954236117947
1013,42,level_fixed_native,0,06338490,1.298620044820888
1013,42,level_fixed_native,0,06339100,7.768248699739733
1013,42,level_fixed_native,0,06339300,6.063189320548106
1013,42,level_fixed_native,0,06339550,6.36706710567598
1013,42,level_fixed_native,0,06339560,4.429690587857228
1013,42,level_fixed_native,0,06339800,6.568883910069416
1013,42,level_fixed_native,0,06339900,5.591349553841245
1013,42,level_fixed_native,0,06340000,4.584775401661147
1013,42,level_fixed_native,0,06340500,4.206874763228641
1013,42,level_fixed_native,0,06340520,4.52477699737286
1013,42,level_fixed_native,0,06340580,7.748641615292812
1013,42,level_fixed_native,0,06340780,8.885141338689609
1013,42,level_fixed_native,0,06340930,7.5926749974982695
1013,42,level_fixed_native,0,06342040,6.494745640129135
1013,42,level_fixed_native,0,06342200,5.089472785669063
1013,42,level_fixed_native,0,06342230,6.0172251925476905
1013,42,level_fixed_native,0,06342500,2.095650414688256
1013,42,level_fixed_native,0,06343000,6.151915605061685
1013,42,level_fixed_native,0,06344600,4.484702017193142
1013,42,level_fixed_native,0,06349000,4.699116295097445
1013,42,level_fixed_native,0,06349700,2.3377226155559354
1013,42,level_fixed_native,0,06349900,6.895700028028723
1013,42,level_fixed_native,0,06349930,4.510993193844322
1013,42,level_fixed_native,0,06350000,4.022006554923006
1013,42,level_fixed_native,0,06352400,4.371644374901364
1013,42,level_fixed_native,0,06354000,3.993709253176615
1013,42,level_fixed_native,0,06355310,18.083954236117947
1013,42,level_historical_integrated,0,06338490,1.3315168452573025
1013,42,level_historical_integrated,0,06339100,7.718455216577167
1013,42,level_historical_integrated,0,06339300,6.102754813559625
1013,42,level_historical_integrated,0,06339550,6.146034480308506
1013,42,level_historical_integrated,0,06339560,4.354195401218431
1013,42,level_historical_integrated,0,06339800,6.698013606722336
1013,42,level_historical_integrated,0,06339900,5.577081160141305
1013,42,level_historical_integrated,0,06340000,4.525530672345401
1013,42,level_historical_integrated,0,06340500,4.131432516353038
1013,42,level_historical_integrated,0,06340520,4.602836189225668
1013,42,level_historical_integrated,0,06340580,7.976614265572414
1013,42,level_historical_integrated,0,06340780,9.080661593990342
1013,42,level_historical_integrated,0,06340930,7.779713588288214
1013,42,level_historical_integrated,0,06342040,6.42381284874706
1013,42,level_historical_integrated,0,06342200,5.102081579709213
1013,42,level_historical_integrated,0,06342230,6.136212427563527
1013,42,level_historical_integrated,0,06342500,2.0410856320288358
1013,42,level_historical_integrated,0,06343000,6.3336332253243155
1013,42,level_historical_integrated,0,06344600,4.28537975602277
1013,42,level_historical_integrated,0,06349000,4.582900566550182
1013,42,level_historical_integrated,0,06349700,2.31994003630903
1013,42,level_historical_integrated,0,06349900,6.995209334754763
1013,42,level_historical_integrated,0,06349930,4.605334844291339
1013,42,level_historical_integrated,0,06350000,3.907964815755695
1013,42,level_historical_integrated,0,06352400,4.317522293900616
1013,42,level_historical_integrated,0,06354000,3.836081995788912
1013,42,level_historical_integrated,0,06355310,18.309437972555177
1013,42,level_historical_native,0,06338490,1.3315168452573025
1013,42,level_historical_native,0,06339100,7.718455216577167
1013,42,level_historical_native,0,06339300,6.102754813559625
1013,42,level_historical_native,0,06339550,6.146034480308506
1013,42,level_historical_native,0,06339560,4.354195401218431
1013,42,level_historical_native,0,06339800,6.698013606722336
1013,42,level_historical_native,0,06339900,5.577081160141305
1013,42,level_historical_native,0,06340000,4.525530672345401
1013,42,level_historical_native,0,06340500,4.131432516353038
1013,42,level_historical_native,0,06340520,4.602836189225668
1013,42,level_historical_native,0,06340580,7.976614265572414
1013,42,level_historical_native,0,06340780,9.080661593990342
1013,42,level_historical_native,0,06340930,7.779713588288214
1013,42,level_historical_native,0,06342040,6.42381284874706
1013,42,level_historical_native,0,06342200,5.102081579709213
1013,42,level_historical_native,0,06342230,6.136212427563527
1013,42,level_historical_native,0,06342500,2.0410856320288358
1013,42,level_historical_native,0,06343000,6.3336332253243155
1013,42,level_historical_native,0,06344600,4.28537975602277
1013,42,level_historical_native,0,06349000,4.582900566550182
1013,42,level_historical_native,0,06349700,2.31994003630903
1013,42,level_historical_native,0,06349900,6.995209334754763
1013,42,level_historical_native,0,06349930,4.605334844291339
1013,42,level_historical_native,0,06350000,3.907964815755695
1013,42,level_historical_native,0,06352400,4.317522293900616
1013,42,level_historical_native,0,06354000,3.836081995788912
1013,42,level_historical_native,0,06355310,18.309437972555177
1013,42,level_real_integrated,0,06338490,1.3010330856521157
1013,42,level_real_integrated,0,06339100,7.695301938349025
1013,42,level_real_integrated,0,06339300,6.043662000083155
1013,42,level_real_integrated,0,06339550,6.122128935528484
1013,42,level_real_integrated,0,06339560,4.334838589156245
1013,42,level_real_integrated,0,06339800,6.718620016984082
1013,42,level_real_integrated,0,06339900,5.563792645213894
1013,42,level_real_integrated,0,06340000,4.485970682821185
1013,42,level_real_integrated,0,06340500,4.10141088324981
1013,42,level_real_integrated,0,06340520,4.568992204472774
1013,42,level_real_integrated,0,06340580,7.94526217585443
1013,42,level_real_integrated,0,06340780,8.949797642678172
1013,42,level_real_integrated,0,06340930,7.71767599686948
1013,42,level_real_integrated,0,06342040,6.427723705441044
1013,42,level_real_integrated,0,06342200,5.00996458230388
1013,42,level_real_integrated,0,06342230,6.140874580585569
1013,42,level_real_integrated,0,06342500,2.01735775319509
1013,42,level_real_integrated,0,06343000,6.284450684220356
1013,42,level_real_integrated,0,06344600,4.25991257350714
1013,42,level_real_integrated,0,06349000,4.5118371957418715
1013,42,level_real_integrated,0,06349700,2.260392274729701
1013,42,level_real_integrated,0,06349900,6.899882405659978
1013,42,level_real_integrated,0,06349930,4.5926025630153005
1013,42,level_real_integrated,0,06350000,3.9457305928285407
1013,42,level_real_integrated,0,06352400,4.3241271177018685
1013,42,level_real_integrated,0,06354000,3.8028888635589917
1013,42,level_real_integrated,0,06355310,18.309348410781507
1013,42,level_real_native,0,06338490,1.3010330856521157
1013,42,level_real_native,0,06339100,7.695301938349025
1013,42,level_real_native,0,06339300,6.043662000083155
1013,42,level_real_native,0,06339550,6.122128935528484
1013,42,level_real_native,0,06339560,4.334838589156245
1013,42,level_real_native,0,06339800,6.718620016984082
1013,42,level_real_native,0,06339900,5.563792645213894
1013,42,level_real_native,0,06340000,4.485970682821185
1013,42,level_real_native,0,06340500,4.10141088324981
1013,42,level_real_native,0,06340520,4.568992204472774
1013,42,level_real_native,0,06340580,7.94526217585443
1013,42,level_real_native,0,06340780,8.949797642678172
1013,42,level_real_native,0,06340930,7.71767599686948
1013,42,level_real_native,0,06342040,6.427723705441044
1013,42,level_real_native,0,06342200,5.00996458230388
1013,42,level_real_native,0,06342230,6.140874580585569
1013,42,level_real_native,0,06342500,2.01735775319509
1013,42,level_real_native,0,06343000,6.284450684220356
1013,42,level_real_native,0,06344600,4.25991257350714
1013,42,level_real_native,0,06349000,4.5118371957418715
1013,42,level_real_native,0,06349700,2.260392274729701
1013,42,level_real_native,0,06349900,6.899882405659978
1013,42,level_real_native,0,06349930,4.5926025630153005
1013,42,level_real_native,0,06350000,3.9457305928285407
1013,42,level_real_native,0,06352400,4.3241271177018685
1013,42,level_real_native,0,06354000,3.8028888635589917
1013,42,level_real_native,0,06355310,18.309348410781507
1013,42,level_seasonal_integrated,0,06338490,1.3115730066194946
1013,42,level_seasonal_integrated,0,06339100,7.729492649466351
1013,42,level_seasonal_integrated,0,06339300,6.0783448368434
1013,42,level_seasonal_integrated,0,06339550,6.131426504659227
1013,42,level_seasonal_integrated,0,06339560,4.287854462320539
1013,42,level_seasonal_integrated,0,06339800,6.683577638838787
1013,42,level_seasonal_integrated,0,06339900,5.60581811751407
1013,42,level_seasonal_integrated,0,06340000,4.522971264644676
1013,42,level_seasonal_integrated,0,06340500,4.129803104570949
1013,42,level_seasonal_integrated,0,06340520,4.637445189759487
1013,42,level_seasonal_integrated,0,06340580,8.031924572022145
1013,42,level_seasonal_integrated,0,06340780,9.060774340900155
1013,42,level_seasonal_integrated,0,06340930,7.910739551037228
1013,42,level_seasonal_integrated,0,06342040,6.42385529097943
1013,42,level_seasonal_integrated,0,06342200,5.059971022916884
1013,42,level_seasonal_integrated,0,06342230,6.166308891165691
1013,42,level_seasonal_integrated,0,06342500,2.056146691270162
1013,42,level_seasonal_integrated,0,06343000,6.31524957795929
1013,42,level_seasonal_integrated,0,06344600,4.279916324081632
1013,42,level_seasonal_integrated,0,06349000,4.515409528536123
1013,42,level_seasonal_integrated,0,06349700,2.3489300966657543
1013,42,level_seasonal_integrated,0,06349900,6.952708879684337
1013,42,level_seasonal_integrated,0,06349930,4.600895274413797
1013,42,level_seasonal_integrated,0,06350000,3.8971264420243514
1013,42,level_seasonal_integrated,0,06352400,4.348512473321789
1013,42,level_seasonal_integrated,0,06354000,3.8023076283516315
1013,42,level_seasonal_integrated,0,06355310,18.337362554917352
1013,42,level_seasonal_native,0,06338490,1.3115730066194946
1013,42,level_seasonal_native,0,06339100,7.729492649466351
1013,42,level_seasonal_native,0,06339300,6.0783448368434
1013,42,level_seasonal_native,0,06339550,6.131426504659227
1013,42,level_seasonal_native,0,06339560,4.287854462320539
1013,42,level_seasonal_native,0,06339800,6.683577638838787
1013,42,level_seasonal_native,0,06339900,5.60581811751407
1013,42,level_seasonal_native,0,06340000,4.522971264644676
1013,42,level_seasonal_native,0,06340500,4.129803104570949
1013,42,level_seasonal_native,0,06340520,4.637445189759487
1013,42,level_seasonal_native,0,06340580,8.031924572022145
1013,42,level_seasonal_native,0,06340780,9.060774340900155
1013,42,level_seasonal_native,0,06340930,7.910739551037228
1013,42,level_seasonal_native,0,06342040,6.42385529097943
1013,42,level_seasonal_native,0,06342200,5.059971022916884
1013,42,level_seasonal_native,0,06342230,6.166308891165691
1013,42,level_seasonal_native,0,06342500,2.056146691270162
1013,42,level_seasonal_native,0,06343000,6.31524957795929
1013,42,level_seasonal_native,0,06344600,4.279916324081632
1013,42,level_seasonal_native,0,06349000,4.515409528536123
1013,42,level_seasonal_native,0,06349700,2.3489300966657543
1013,42,level_seasonal_native,0,06349900,6.952708879684337
1013,42,level_seasonal_native,0,06349930,4.600895274413797
1013,42,level_seasonal_native,0,06350000,3.8971264420243514
1013,42,level_seasonal_native,0,06352400,4.348512473321789
1013,42,level_seasonal_native,0,06354000,3.8023076283516315
1013,42,level_seasonal_native,0,06355310,18.337362554917352
1013,42,matched_daily_trees,0,06338490,2.2970425501890874
1013,42,matched_daily_trees,0,06339100,8.078547816708646
1013,42,matched_daily_trees,0,06339300,6.441620680515141
1013,42,matched_daily_trees,0,06339550,5.454792547935192
1013,42,matched_daily_trees,0,06339560,4.79648074627988
1013,42,matched_daily_trees,0,06339800,7.323039898888604
1013,42,matched_daily_trees,0,06339900,5.710092834310082
1013,42,matched_daily_trees,0,06340000,4.887421044925294
1013,42,matched_daily_trees,0,06340500,4.2905982544618855
1013,42,matched_daily_trees,0,06340520,4.888211481583068
1013,42,matched_daily_trees,0,06340580,8.119366326672713
1013,42,matched_daily_trees,0,06340780,9.59902307868202
1013,42,matched_daily_trees,0,06340930,8.02066567835228
1013,42,matched_daily_trees,0,06342040,6.1055699483654635
1013,42,matched_daily_trees,0,06342200,5.430826535436351
1013,42,matched_daily_trees,0,06342230,6.205779464811304
1013,42,matched_daily_trees,0,06342500,2.2131901657873896
1013,42,matched_daily_trees,0,06343000,7.473005527293766
1013,42,matched_daily_trees,0,06344600,3.623601884310278
1013,42,matched_daily_trees,0,06349000,4.374735869734537
1013,42,matched_daily_trees,0,06349700,2.714998159740961
1013,42,matched_daily_trees,0,06349900,7.563132253805752
1013,42,matched_daily_trees,0,06349930,5.253131398084258
1013,42,matched_daily_trees,0,06350000,3.5004118380856575
1013,42,matched_daily_trees,0,06352400,4.718475525497244
1013,42,matched_daily_trees,0,06354000,3.052454172221176
1013,42,matched_daily_trees,0,06355310,19.334329754824342
1013,42,relative_fixed_integrated,0,06338490,1.3300460202118853
1013,42,relative_fixed_integrated,0,06339100,7.715706682821143
1013,42,relative_fixed_integrated,0,06339300,6.052576118376091
1013,42,relative_fixed_integrated,0,06339550,6.252930090305545
1013,42,relative_fixed_integrated,0,06339560,4.441968000617698
1013,42,relative_fixed_integrated,0,06339800,6.641312730689352
1013,42,relative_fixed_integrated,0,06339900,5.578910754132927
1013,42,relative_fixed_integrated,0,06340000,4.5360506828665175
1013,42,relative_fixed_integrated,0,06340500,4.127597276137452
1013,42,relative_fixed_integrated,0,06340520,4.509070591733211
1013,42,relative_fixed_integrated,0,06340580,7.744245321980501
1013,42,relative_fixed_integrated,0,06340780,8.954404041949395
1013,42,relative_fixed_integrated,0,06340930,7.555954907666431
1013,42,relative_fixed_integrated,0,06342040,6.487847374052093
1013,42,relative_fixed_integrated,0,06342200,5.071096695208709
1013,42,relative_fixed_integrated,0,06342230,6.005530283891767
1013,42,relative_fixed_integrated,0,06342500,2.0009236843508056
1013,42,relative_fixed_integrated,0,06343000,6.215408741954281
1013,42,relative_fixed_integrated,0,06344600,4.400878500890504
1013,42,relative_fixed_integrated,0,06349000,4.650899191564322
1013,42,relative_fixed_integrated,0,06349700,2.2661162053651256
1013,42,relative_fixed_integrated,0,06349900,6.880819395116053
1013,42,relative_fixed_integrated,0,06349930,4.525842453091239
1013,42,relative_fixed_integrated,0,06350000,4.023046819505029
1013,42,relative_fixed_integrated,0,06352400,4.362269359420713
1013,42,relative_fixed_integrated,0,06354000,3.9171329466942844
1013,42,relative_fixed_integrated,0,06355310,18.132962462347034
1013,42,relative_fixed_native,0,06338490,1.3300460202118853
1013,42,relative_fixed_native,0,06339100,7.715706682821143
1013,42,relative_fixed_native,0,06339300,6.052576118376091
1013,42,relative_fixed_native,0,06339550,6.252930090305545
1013,42,relative_fixed_native,0,06339560,4.441968000617698
1013,42,relative_fixed_native,0,06339800,6.641312730689352
1013,42,relative_fixed_native,0,06339900,5.578910754132927
1013,42,relative_fixed_native,0,06340000,4.5360506828665175
1013,42,relative_fixed_native,0,06340500,4.127597276137452
1013,42,relative_fixed_native,0,06340520,4.509070591733211
1013,42,relative_fixed_native,0,06340580,7.744245321980501
1013,42,relative_fixed_native,0,06340780,8.954404041949395
1013,42,relative_fixed_native,0,06340930,7.555954907666431
1013,42,relative_fixed_native,0,06342040,6.487847374052093
1013,42,relative_fixed_native,0,06342200,5.071096695208709
1013,42,relative_fixed_native,0,06342230,6.005530283891767
1013,42,relative_fixed_native,0,06342500,2.0009236843508056
1013,42,relative_fixed_native,0,06343000,6.215408741954281
1013,42,relative_fixed_native,0,06344600,4.400878500890504
1013,42,relative_fixed_native,0,06349000,4.650899191564322
1013,42,relative_fixed_native,0,06349700,2.2661162053651256
1013,42,relative_fixed_native,0,06349900,6.880819395116053
1013,42,relative_fixed_native,0,06349930,4.525842453091239
1013,42,relative_fixed_native,0,06350000,4.023046819505029
1013,42,relative_fixed_native,0,06352400,4.362269359420713
1013,42,relative_fixed_native,0,06354000,3.9171329466942844
1013,42,relative_fixed_native,0,06355310,18.132962462347034
1013,42,relative_historical_integrated,0,06338490,1.306097390659634
1013,42,relative_historical_integrated,0,06339100,7.743406624284116
1013,42,relative_historical_integrated,0,06339300,6.080080675785439
1013,42,relative_historical_integrated,0,06339550,6.271432308391211
1013,42,relative_historical_integrated,0,06339560,4.466426006547378
1013,42,relative_historical_integrated,0,06339800,6.614151908436159
1013,42,relative_historical_integrated,0,06339900,5.563627172212768
1013,42,relative_historical_integrated,0,06340000,4.560181862393478
1013,42,relative_historical_integrated,0,06340500,4.165531213847233
1013,42,relative_historical_integrated,0,06340520,4.552019042775387
1013,42,relative_historical_integrated,0,06340580,7.742069666764523
1013,42,relative_historical_integrated,0,06340780,8.979124839885516
1013,42,relative_historical_integrated,0,06340930,7.593794676741745
1013,42,relative_historical_integrated,0,06342040,6.4755013850036125
1013,42,relative_historical_integrated,0,06342200,5.130464381718795
1013,42,relative_historical_integrated,0,06342230,6.021721320428544
1013,42,relative_historical_integrated,0,06342500,1.9738508676711373
1013,42,relative_historical_integrated,0,06343000,6.242673631353591
1013,42,relative_historical_integrated,0,06344600,4.439675996984148
1013,42,relative_historical_integrated,0,06349000,4.71545005004121
1013,42,relative_historical_integrated,0,06349700,2.2374560395693726
1013,42,relative_historical_integrated,0,06349900,6.945712421752312
1013,42,relative_historical_integrated,0,06349930,4.529134230579251
1013,42,relative_historical_integrated,0,06350000,3.9837398985140626
1013,42,relative_historical_integrated,0,06352400,4.3491374892569015
1013,42,relative_historical_integrated,0,06354000,3.944150424979449
1013,42,relative_historical_integrated,0,06355310,18.102723079381335
1013,42,relative_historical_native,0,06338490,1.306097390659634
1013,42,relative_historical_native,0,06339100,7.743406624284116
1013,42,relative_historical_native,0,06339300,6.080080675785439
1013,42,relative_historical_native,0,06339550,6.271432308391211
1013,42,relative_historical_native,0,06339560,4.466426006547378
1013,42,relative_historical_native,0,06339800,6.614151908436159
1013,42,relative_historical_native,0,06339900,5.563627172212768
1013,42,relative_historical_native,0,06340000,4.560181862393478
1013,42,relative_historical_native,0,06340500,4.165531213847233
1013,42,relative_historical_native,0,06340520,4.552019042775387
1013,42,relative_historical_native,0,06340580,7.742069666764523
1013,42,relative_historical_native,0,06340780,8.979124839885516
1013,42,relative_historical_native,0,06340930,7.593794676741745
1013,42,relative_historical_native,0,06342040,6.4755013850036125
1013,42,relative_historical_native,0,06342200,5.130464381718795
1013,42,relative_historical_native,0,06342230,6.021721320428544
1013,42,relative_historical_native,0,06342500,1.9738508676711373
1013,42,relative_historical_native,0,06343000,6.242673631353591
1013,42,relative_historical_native,0,06344600,4.439675996984148
1013,42,relative_historical_native,0,06349000,4.71545005004121
1013,42,relative_historical_native,0,06349700,2.2374560395693726
1013,42,relative_historical_native,0,06349900,6.945712421752312
1013,42,relative_historical_native,0,06349930,4.529134230579251
1013,42,relative_historical_native,0,06350000,3.9837398985140626
1013,42,relative_historical_native,0,06352400,4.3491374892569015
1013,42,relative_historical_native,0,06354000,3.944150424979449
1013,42,relative_historical_native,0,06355310,18.102723079381335
1013,42,relative_real_integrated,0,06338490,1.328081479199029
1013,42,relative_real_integrated,0,06339100,7.640774363360021
1013,42,relative_real_integrated,0,06339300,6.000749050620375
1013,42,relative_real_integrated,0,06339550,6.144580791290545
1013,42,relative_real_integrated,0,06339560,4.41720159231155
1013,42,relative_real_integrated,0,06339800,6.635636872752338
1013,42,relative_real_integrated,0,06339900,5.507916537470741
1013,42,relative_real_integrated,0,06340000,4.470959248604428
1013,42,relative_real_integrated,0,06340500,4.097682018147746
1013,42,relative_real_integrated,0,06340520,4.5313891873810235
1013,42,relative_real_integrated,0,06340580,7.745878918897495
1013,42,relative_real_integrated,0,06340780,8.857212657404316
1013,42,relative_real_integrated,0,06340930,7.401838384264552
1013,42,relative_real_integrated,0,06342040,6.473856764704273
1013,42,relative_real_integrated,0,06342200,4.989376814239593
1013,42,relative_real_integrated,0,06342230,5.938835593656038
1013,42,relative_real_integrated,0,06342500,2.015967764395985
1013,42,relative_real_integrated,0,06343000,6.1873733872132055
1013,42,relative_real_integrated,0,06344600,4.361763298185749
1013,42,relative_real_integrated,0,06349000,4.591337558018902
1013,42,relative_real_integrated,0,06349700,2.276986183252586
1013,42,relative_real_integrated,0,06349900,6.914675059200895
1013,42,relative_real_integrated,0,06349930,4.52102979144692
1013,42,relative_real_integrated,0,06350000,4.0463935031223786
1013,42,relative_real_integrated,0,06352400,4.296592898757236
1013,42,relative_real_integrated,0,06354000,3.9181149850465036
1013,42,relative_real_integrated,0,06355310,18.164044211266386
1013,42,relative_real_native,0,06338490,1.328081479199029
1013,42,relative_real_native,0,06339100,7.640774363360021
1013,42,relative_real_native,0,06339300,6.000749050620375
1013,42,relative_real_native,0,06339550,6.144580791290545
1013,42,relative_real_native,0,06339560,4.41720159231155
1013,42,relative_real_native,0,06339800,6.635636872752338
1013,42,relative_real_native,0,06339900,5.507916537470741
1013,42,relative_real_native,0,06340000,4.470959248604428
1013,42,relative_real_native,0,06340500,4.097682018147746
1013,42,relative_real_native,0,06340520,4.5313891873810235
1013,42,relative_real_native,0,06340580,7.745878918897495
1013,42,relative_real_native,0,06340780,8.857212657404316
1013,42,relative_real_native,0,06340930,7.401838384264552
1013,42,relative_real_native,0,06342040,6.473856764704273
1013,42,relative_real_native,0,06342200,4.989376814239593
1013,42,relative_real_native,0,06342230,5.938835593656038
1013,42,relative_real_native,0,06342500,2.015967764395985
1013,42,relative_real_native,0,06343000,6.1873733872132055
1013,42,relative_real_native,0,06344600,4.361763298185749
1013,42,relative_real_native,0,06349000,4.591337558018902
1013,42,relative_real_native,0,06349700,2.276986183252586
1013,42,relative_real_native,0,06349900,6.914675059200895
1013,42,relative_real_native,0,06349930,4.52102979144692
1013,42,relative_real_native,0,06350000,4.0463935031223786
1013,42,relative_real_native,0,06352400,4.296592898757236
1013,42,relative_real_native,0,06354000,3.9181149850465036
1013,42,relative_real_native,0,06355310,18.164044211266386
1013,42,station_hidden_trees,0,06338490,1.7199140737847347
1013,42,station_hidden_trees,0,06339100,7.603381517679473
1013,42,station_hidden_trees,0,06339300,6.078739715596073
1013,42,station_hidden_trees,0,06339550,5.752900625476915
1013,42,station_hidden_trees,0,06339560,4.16805135983672
1013,42,station_hidden_trees,0,06339800,6.857428514617625
1013,42,station_hidden_trees,0,06339900,5.464194506714298
1013,42,station_hidden_trees,0,06340000,4.350591968491276
1013,42,station_hidden_trees,0,06340500,3.955143862154865
1013,42,station_hidden_trees,0,06340520,4.534104176918828
1013,42,station_hidden_trees,0,06340580,8.237872253041848
1013,42,station_hidden_trees,0,06340780,9.383315229865532
1013,42,station_hidden_trees,0,06340930,7.863446955432172
1013,42,station_hidden_trees,0,06342040,6.324323905676887
1013,42,station_hidden_trees,0,06342200,4.905310667203252
1013,42,station_hidden_trees,0,06342230,6.284329966747373
1013,42,station_hidden_trees,0,06342500,1.986489578858132
1013,42,station_hidden_trees,0,06343000,6.524443793647589
1013,42,station_hidden_trees,0,06344600,4.024043322875569
1013,42,station_hidden_trees,0,06349000,4.261816114486042
1013,42,station_hidden_trees,0,06349700,2.175465285156188
1013,42,station_hidden_trees,0,06349900,6.930811812143946
1013,42,station_hidden_trees,0,06349930,4.735383200101306
1013,42,station_hidden_trees,0,06350000,3.862806642501832
1013,42,station_hidden_trees,0,06352400,4.285208217171477
1013,42,station_hidden_trees,0,06354000,3.5362385046374967
1013,42,station_hidden_trees,0,06355310,18.77671963303415
1013,42,unmonitored_integrated,0,06338490,1.2985790641165036
1013,42,unmonitored_integrated,0,06339100,7.766738572775147
1013,42,unmonitored_integrated,0,06339300,6.0811124146107725
1013,42,unmonitored_integrated,0,06339550,6.349019277362064
1013,42,unmonitored_integrated,0,06339560,4.480154012270252
1013,42,unmonitored_integrated,0,06339800,6.547569385467394
1013,42,unmonitored_integrated,0,06339900,5.580730569141996
1013,42,unmonitored_integrated,0,06340000,4.592082397152174
1013,42,unmonitored_integrated,0,06340500,4.190006931043549
1013,42,unmonitored_integrated,0,06340520,4.568165378377193
1013,42,unmonitored_integrated,0,06340580,7.729519635619109
1013,42,unmonitored_integrated,0,06340780,8.951715903376137
1013,42,unmonitored_integrated,0,06340930,7.619237894645121
1013,42,unmonitored_integrated,0,06342040,6.494892985791251
1013,42,unmonitored_integrated,0,06342200,5.14783785085959
1013,42,unmonitored_integrated,0,06342230,5.992805861716459
1013,42,unmonitored_integrated,0,06342500,2.025944476991832
1013,42,unmonitored_integrated,0,06343000,6.176644894800628
1013,42,unmonitored_integrated,0,06344600,4.49493308559236
1013,42,unmonitored_integrated,0,06349000,4.723002864265702
1013,42,unmonitored_integrated,0,06349700,2.3251830363910924
1013,42,unmonitored_integrated,0,06349900,6.937083632830743
1013,42,unmonitored_integrated,0,06349930,4.50441093152933
1013,42,unmonitored_integrated,0,06350000,3.981768020894293
1013,42,unmonitored_integrated,0,06352400,4.351817478852306
1013,42,unmonitored_integrated,0,06354000,3.959797769107777
1013,42,unmonitored_integrated,0,06355310,18.05065241327678
1013,42,unmonitored_residual,0,06338490,1.2985790641165036
1013,42,unmonitored_residual,0,06339100,7.766738572775147
1013,42,unmonitored_residual,0,06339300,6.0811124146107725
1013,42,unmonitored_residual,0,06339550,6.349019277362064
1013,42,unmonitored_residual,0,06339560,4.480154012270252
1013,42,unmonitored_residual,0,06339800,6.547569385467394
1013,42,unmonitored_residual,0,06339900,5.580730569141996
1013,42,unmonitored_residual,0,06340000,4.592082397152174
1013,42,unmonitored_residual,0,06340500,4.190006931043549
1013,42,unmonitored_residual,0,06340520,4.568165378377193
1013,42,unmonitored_residual,0,06340580,7.729519635619109
1013,42,unmonitored_residual,0,06340780,8.951715903376137
1013,42,unmonitored_residual,0,06340930,7.619237894645121
1013,42,unmonitored_residual,0,06342040,6.494892985791251
1013,42,unmonitored_residual,0,06342200,5.14783785085959
1013,42,unmonitored_residual,0,06342230,5.992805861716459
1013,42,unmonitored_residual,0,06342500,2.025944476991832
1013,42,unmonitored_residual,0,06343000,6.176644894800628
1013,42,unmonitored_residual,0,06344600,4.49493308559236
1013,42,unmonitored_residual,0,06349000,4.723002864265702
1013,42,unmonitored_residual,0,06349700,2.3251830363910924
1013,42,unmonitored_residual,0,06349900,6.937083632830743
1013,42,unmonitored_residual,0,06349930,4.50441093152933
1013,42,unmonitored_residual,0,06350000,3.981768020894293
1013,42,unmonitored_residual,0,06352400,4.351817478852306
1013,42,unmonitored_residual,0,06354000,3.959797769107777
1013,42,unmonitored_residual,0,06355310,18.05065241327678
1013,43,attention_fixed_integrated,0,06338490,1.1369798663995576
1013,43,attention_fixed_integrated,0,06339100,7.765076591195718
1013,43,attention_fixed_integrated,0,06339300,6.44156354461128
1013,43,attention_fixed_integrated,0,06339550,4.841947057446019
1013,43,attention_fixed_integrated,0,06339560,3.6335853513809786
1013,43,attention_fixed_integrated,0,06339800,7.9220860446068375
1013,43,attention_fixed_integrated,0,06339900,5.972794876788001
1013,43,attention_fixed_integrated,0,06340000,4.088658051116432
1013,43,attention_fixed_integrated,0,06340500,3.5872382484952268
1013,43,attention_fixed_integrated,0,06340520,4.855768459159269
1013,43,attention_fixed_integrated,0,06340580,9.673548754246616
1013,43,attention_fixed_integrated,0,06340780,10.683020251913032
1013,43,attention_fixed_integrated,0,06340930,9.469610294411602
1013,43,attention_fixed_integrated,0,06342040,6.103339306408115
1013,43,attention_fixed_integrated,0,06342200,4.678426571396593
1013,43,attention_fixed_integrated,0,06342230,7.147225437992807
1013,43,attention_fixed_integrated,0,06342500,1.4712140785391579
1013,43,attention_fixed_integrated,0,06343000,7.437780039560142
1013,43,attention_fixed_integrated,0,06344600,3.7251572580522305
1013,43,attention_fixed_integrated,0,06349000,2.975247264251769
1013,43,attention_fixed_integrated,0,06349700,1.7166031693488908
1013,43,attention_fixed_integrated,0,06349900,7.237161092372646
1013,43,attention_fixed_integrated,0,06349930,5.434601047961207
1013,43,attention_fixed_integrated,0,06350000,3.71379575378253
1013,43,attention_fixed_integrated,0,06352400,6.01235236147114
1013,43,attention_fixed_integrated,0,06354000,2.6927925534127914
1013,43,attention_fixed_integrated,0,06355310,19.832537007846938
1013,43,attention_fixed_native,0,06338490,1.1369798663995576
1013,43,attention_fixed_native,0,06339100,7.765076591195718
1013,43,attention_fixed_native,0,06339300,6.44156354461128
1013,43,attention_fixed_native,0,06339550,4.841947057446019
1013,43,attention_fixed_native,0,06339560,3.6335853513809786
1013,43,attention_fixed_native,0,06339800,7.9220860446068375
1013,43,attention_fixed_native,0,06339900,5.972794876788001
1013,43,attention_fixed_native,0,06340000,4.088658051116432
1013,43,attention_fixed_native,0,06340500,3.5872382484952268
1013,43,attention_fixed_native,0,06340520,4.855768459159269
1013,43,attention_fixed_native,0,06340580,9.673548754246616
1013,43,attention_fixed_native,0,06340780,10.683020251913032
1013,43,attention_fixed_native,0,06340930,9.469610294411602
1013,43,attention_fixed_native,0,06342040,6.103339306408115
1013,43,attention_fixed_native,0,06342200,4.678426571396593
1013,43,attention_fixed_native,0,06342230,7.147225437992807
1013,43,attention_fixed_native,0,06342500,1.4712140785391579
1013,43,attention_fixed_native,0,06343000,7.437780039560142
1013,43,attention_fixed_native,0,06344600,3.7251572580522305
1013,43,attention_fixed_native,0,06349000,2.975247264251769
1013,43,attention_fixed_native,0,06349700,1.7166031693488908
1013,43,attention_fixed_native,0,06349900,7.237161092372646
1013,43,attention_fixed_native,0,06349930,5.434601047961207
1013,43,attention_fixed_native,0,06350000,3.71379575378253
1013,43,attention_fixed_native,0,06352400,6.01235236147114
1013,43,attention_fixed_native,0,06354000,2.6927925534127914
1013,43,attention_fixed_native,0,06355310,19.832537007846938
1013,43,attention_historical_integrated,0,06338490,1.1401271393559713
1013,43,attention_historical_integrated,0,06339100,7.797422663795241
1013,43,attention_historical_integrated,0,06339300,6.441352907098018
1013,43,attention_historical_integrated,0,06339550,4.895384840027481
1013,43,attention_historical_integrated,0,06339560,3.653357582266857
1013,43,attention_historical_integrated,0,06339800,7.904389083450418
1013,43,attention_historical_integrated,0,06339900,5.984116140677282
1013,43,attention_historical_integrated,0,06340000,4.112485895296247
1013,43,attention_historical_integrated,0,06340500,3.603374641037764
1013,43,attention_historical_integrated,0,06340520,4.862943454700842
1013,43,attention_historical_integrated,0,06340580,9.678292534566506
1013,43,attention_historical_integrated,0,06340780,10.679550729560459
1013,43,attention_historical_integrated,0,06340930,9.46042629699908
1013,43,attention_historical_integrated,0,06342040,6.106506776952692
1013,43,attention_historical_integrated,0,06342200,4.75036509719574
1013,43,attention_historical_integrated,0,06342230,7.164441148254579
1013,43,attention_historical_integrated,0,06342500,1.483115554810257
1013,43,attention_historical_integrated,0,06343000,7.421072570544462
1013,43,attention_historical_integrated,0,06344600,3.752683426825802
1013,43,attention_historical_integrated,0,06349000,2.996068790611811
1013,43,attention_historical_integrated,0,06349700,1.7477723118336206
1013,43,attention_historical_integrated,0,06349900,7.2096410072740795
1013,43,attention_historical_integrated,0,06349930,5.424281721888276
1013,43,attention_historical_integrated,0,06350000,3.6874615853692103
1013,43,attention_historical_integrated,0,06352400,6.005928353896008
1013,43,attention_historical_integrated,0,06354000,2.725529542154326
1013,43,attention_historical_integrated,0,06355310,19.80724263089581
1013,43,attention_historical_native,0,06338490,1.1401271393559713
1013,43,attention_historical_native,0,06339100,7.797422663795241
1013,43,attention_historical_native,0,06339300,6.441352907098018
1013,43,attention_historical_native,0,06339550,4.895384840027481
1013,43,attention_historical_native,0,06339560,3.653357582266857
1013,43,attention_historical_native,0,06339800,7.904389083450418
1013,43,attention_historical_native,0,06339900,5.984116140677282
1013,43,attention_historical_native,0,06340000,4.112485895296247
1013,43,attention_historical_native,0,06340500,3.603374641037764
1013,43,attention_historical_native,0,06340520,4.862943454700842
1013,43,attention_historical_native,0,06340580,9.678292534566506
1013,43,attention_historical_native,0,06340780,10.679550729560459
1013,43,attention_historical_native,0,06340930,9.46042629699908
1013,43,attention_historical_native,0,06342040,6.106506776952692
1013,43,attention_historical_native,0,06342200,4.75036509719574
1013,43,attention_historical_native,0,06342230,7.164441148254579
1013,43,attention_historical_native,0,06342500,1.483115554810257
1013,43,attention_historical_native,0,06343000,7.421072570544462
1013,43,attention_historical_native,0,06344600,3.752683426825802
1013,43,attention_historical_native,0,06349000,2.996068790611811
1013,43,attention_historical_native,0,06349700,1.7477723118336206
1013,43,attention_historical_native,0,06349900,7.2096410072740795
1013,43,attention_historical_native,0,06349930,5.424281721888276
1013,43,attention_historical_native,0,06350000,3.6874615853692103
1013,43,attention_historical_native,0,06352400,6.005928353896008
1013,43,attention_historical_native,0,06354000,2.725529542154326
1013,43,attention_historical_native,0,06355310,19.80724263089581
1013,43,attention_real_integrated,0,06338490,1.1381722596856412
1013,43,attention_real_integrated,0,06339100,7.704822081285206
1013,43,attention_real_integrated,0,06339300,6.384942823073183
1013,43,attention_real_integrated,0,06339550,4.761064085382999
1013,43,attention_real_integrated,0,06339560,3.6138183278243083
1013,43,attention_real_integrated,0,06339800,7.8915373468162535
1013,43,attention_real_integrated,0,06339900,5.953074924451028
1013,43,attention_real_integrated,0,06340000,4.044404806785076
1013,43,attention_real_integrated,0,06340500,3.566247546233528
1013,43,attention_real_integrated,0,06340520,4.821620716768637
1013,43,attention_real_integrated,0,06340580,9.624984843598389
1013,43,attention_real_integrated,0,06340780,10.62077488516309
1013,43,attention_real_integrated,0,06340930,9.395252069046121
1013,43,attention_real_integrated,0,06342040,6.077499147189462
1013,43,attention_real_integrated,0,06342200,4.59018344048683
1013,43,attention_real_integrated,0,06342230,7.095982483734546
1013,43,attention_real_integrated,0,06342500,1.4805189362553333
1013,43,attention_real_integrated,0,06343000,7.407241618068282
1013,43,attention_real_integrated,0,06344600,3.6985701685699497
1013,43,attention_real_integrated,0,06349000,3.004820387991882
1013,43,attention_real_integrated,0,06349700,1.7356167050486113
1013,43,attention_real_integrated,0,06349900,7.23534897319776
1013,43,attention_real_integrated,0,06349930,5.389218858855512
1013,43,attention_real_integrated,0,06350000,3.7417197609614434
1013,43,attention_real_integrated,0,06352400,5.96712924263529
1013,43,attention_real_integrated,0,06354000,2.6911961768399597
1013,43,attention_real_integrated,0,06355310,19.820577187895946
1013,43,attention_real_native,0,06338490,1.1381722596856412
1013,43,attention_real_native,0,06339100,7.704822081285206
1013,43,attention_real_native,0,06339300,6.384942823073183
1013,43,attention_real_native,0,06339550,4.761064085382999
1013,43,attention_real_native,0,06339560,3.6138183278243083
1013,43,attention_real_native,0,06339800,7.8915373468162535
1013,43,attention_real_native,0,06339900,5.953074924451028
1013,43,attention_real_native,0,06340000,4.044404806785076
1013,43,attention_real_native,0,06340500,3.566247546233528
1013,43,attention_real_native,0,06340520,4.821620716768637
1013,43,attention_real_native,0,06340580,9.624984843598389
1013,43,attention_real_native,0,06340780,10.62077488516309
1013,43,attention_real_native,0,06340930,9.395252069046121
1013,43,attention_real_native,0,06342040,6.077499147189462
1013,43,attention_real_native,0,06342200,4.59018344048683
1013,43,attention_real_native,0,06342230,7.095982483734546
1013,43,attention_real_native,0,06342500,1.4805189362553333
1013,43,attention_real_native,0,06343000,7.407241618068282
1013,43,attention_real_native,0,06344600,3.6985701685699497
1013,43,attention_real_native,0,06349000,3.004820387991882
1013,43,attention_real_native,0,06349700,1.7356167050486113
1013,43,attention_real_native,0,06349900,7.23534897319776
1013,43,attention_real_native,0,06349930,5.389218858855512
1013,43,attention_real_native,0,06350000,3.7417197609614434
1013,43,attention_real_native,0,06352400,5.96712924263529
1013,43,attention_real_native,0,06354000,2.6911961768399597
1013,43,attention_real_native,0,06355310,19.820577187895946
1013,43,current_model,0,06338490,2.5546815930531817
1013,43,current_model,0,06339100,8.16173569488662
1013,43,current_model,0,06339300,6.310645940208091
1013,43,current_model,0,06339550,6.378875443148291
1013,43,current_model,0,06339560,5.261089440738162
1013,43,current_model,0,06339800,7.13247985096553
1013,43,current_model,0,06339900,5.9644797337487985
1013,43,current_model,0,06340000,4.843526326309711
1013,43,current_model,0,06340500,4.464063969990335
1013,43,current_model,0,06340520,5.015753477167772
1013,43,current_model,0,06340580,7.792533769943223
1013,43,current_model,0,06340780,8.617583177119378
1013,43,current_model,0,06340930,7.56853030774626
1013,43,current_model,0,06342040,7.031734862190208
1013,43,current_model,0,06342200,5.888997697149995
1013,43,current_model,0,06342230,6.030364435037186
1013,43,current_model,0,06342500,2.5504767304956792
1013,43,current_model,0,06343000,6.895429074819578
1013,43,current_model,0,06344600,3.8840537868133174
1013,43,current_model,0,06349000,4.538227050017148
1013,43,current_model,0,06349700,2.6921045830192027
1013,43,current_model,0,06349900,7.620398996226531
1013,43,current_model,0,06349930,5.319319812984715
1013,43,current_model,0,06350000,3.7208856382501803
1013,43,current_model,0,06352400,4.705394868732004
1013,43,current_model,0,06354000,3.4110821848390027
1013,43,current_model,0,06355310,19.083209715862818
1013,43,innovation_real_integrated,0,06338490,1.163917792857974
1013,43,innovation_real_integrated,0,06339100,7.785300022895059
1013,43,innovation_real_integrated,0,06339300,6.4212445114359555
1013,43,innovation_real_integrated,0,06339550,4.986546794222481
1013,43,innovation_real_integrated,0,06339560,3.6464438481190364
1013,43,innovation_real_integrated,0,06339800,7.823483863054608
1013,43,innovation_real_integrated,0,06339900,5.938982994726095
1013,43,innovation_real_integrated,0,06340000,4.116632278947222
1013,43,innovation_real_integrated,0,06340500,3.5889866131590566
1013,43,innovation_real_integrated,0,06340520,4.794064627366073
1013,43,innovation_real_integrated,0,06340580,9.525937357859396
1013,43,innovation_real_integrated,0,06340780,10.499561534751379
1013,43,innovation_real_integrated,0,06340930,9.304776016086361
1013,43,innovation_real_integrated,0,06342040,6.070028733605095
1013,43,innovation_real_integrated,0,06342200,4.7394080534846434
1013,43,innovation_real_integrated,0,06342230,7.038703383028708
1013,43,innovation_real_integrated,0,06342500,1.5205185054768207
1013,43,innovation_real_integrated,0,06343000,7.296877666273618
1013,43,innovation_real_integrated,0,06344600,3.7950976801136473
1013,43,innovation_real_integrated,0,06349000,3.0565441372472386
1013,43,innovation_real_integrated,0,06349700,1.7610100201684533
1013,43,innovation_real_integrated,0,06349900,7.169192533339105
1013,43,innovation_real_integrated,0,06349930,5.332115278574595
1013,43,innovation_real_integrated,0,06350000,3.658691191486213
1013,43,innovation_real_integrated,0,06352400,5.90462464515643
1013,43,innovation_real_integrated,0,06354000,2.743220675184342
1013,43,innovation_real_integrated,0,06355310,19.59878767656138
1013,43,innovation_real_native,0,06338490,1.163917792857974
1013,43,innovation_real_native,0,06339100,7.785300022895059
1013,43,innovation_real_native,0,06339300,6.4212445114359555
1013,43,innovation_real_native,0,06339550,4.986546794222481
1013,43,innovation_real_native,0,06339560,3.6464438481190364
1013,43,innovation_real_native,0,06339800,7.823483863054608
1013,43,innovation_real_native,0,06339900,5.938982994726095
1013,43,innovation_real_native,0,06340000,4.116632278947222
1013,43,innovation_real_native,0,06340500,3.5889866131590566
1013,43,innovation_real_native,0,06340520,4.794064627366073
1013,43,innovation_real_native,0,06340580,9.525937357859396
1013,43,innovation_real_native,0,06340780,10.499561534751379
1013,43,innovation_real_native,0,06340930,9.304776016086361
1013,43,innovation_real_native,0,06342040,6.070028733605095
1013,43,innovation_real_native,0,06342200,4.7394080534846434
1013,43,innovation_real_native,0,06342230,7.038703383028708
1013,43,innovation_real_native,0,06342500,1.5205185054768207
1013,43,innovation_real_native,0,06343000,7.296877666273618
1013,43,innovation_real_native,0,06344600,3.7950976801136473
1013,43,innovation_real_native,0,06349000,3.0565441372472386
1013,43,innovation_real_native,0,06349700,1.7610100201684533
1013,43,innovation_real_native,0,06349900,7.169192533339105
1013,43,innovation_real_native,0,06349930,5.332115278574595
1013,43,innovation_real_native,0,06350000,3.658691191486213
1013,43,innovation_real_native,0,06352400,5.90462464515643
1013,43,innovation_real_native,0,06354000,2.743220675184342
1013,43,innovation_real_native,0,06355310,19.59878767656138
1013,43,innovation_real_trees,0,06338490,1.3171024977052432
1013,43,innovation_real_trees,0,06339100,7.502470025131529
1013,43,innovation_real_trees,0,06339300,6.145784614129597
1013,43,innovation_real_trees,0,06339550,4.714110010797642
1013,43,innovation_real_trees,0,06339560,3.590130950479765
1013,43,innovation_real_trees,0,06339800,7.350460333221796
1013,43,innovation_real_trees,0,06339900,5.6623930900141675
1013,43,innovation_real_trees,0,06340000,4.04295584692301
1013,43,innovation_real_trees,0,06340500,3.568771829086683
1013,43,innovation_real_trees,0,06340520,4.868189734260449
1013,43,innovation_real_trees,0,06340580,9.515168165666367
1013,43,innovation_real_trees,0,06340780,10.592840191056565
1013,43,innovation_real_trees,0,06340930,9.819214282672185
1013,43,innovation_real_trees,0,06342040,5.8818056136384635
1013,43,innovation_real_trees,0,06342200,4.619625247238565
1013,43,innovation_real_trees,0,06342230,6.826433876233876
1013,43,innovation_real_trees,0,06342500,1.678859117891077
1013,43,innovation_real_trees,0,06343000,6.974520111490363
1013,43,innovation_real_trees,0,06344600,3.7771259014772416
1013,43,innovation_real_trees,0,06349000,3.145547452956117
1013,43,innovation_real_trees,0,06349700,1.86511373977092
1013,43,innovation_real_trees,0,06349900,7.273598698813636
1013,43,innovation_real_trees,0,06349930,5.520707609762955
1013,43,innovation_real_trees,0,06350000,3.8873033151773826
1013,43,innovation_real_trees,0,06352400,5.664189795497881
1013,43,innovation_real_trees,0,06354000,2.5021737106410256
1013,43,innovation_real_trees,0,06355310,19.80940352538442
1013,43,level_fixed_integrated,0,06338490,1.1312814109649245
1013,43,level_fixed_integrated,0,06339100,7.699396008354134
1013,43,level_fixed_integrated,0,06339300,6.377755399323188
1013,43,level_fixed_integrated,0,06339550,4.845187699258964
1013,43,level_fixed_integrated,0,06339560,3.608248625205934
1013,43,level_fixed_integrated,0,06339800,7.8399363871608525
1013,43,level_fixed_integrated,0,06339900,5.905455550724018
1013,43,level_fixed_integrated,0,06340000,4.0741913974752695
1013,43,level_fixed_integrated,0,06340500,3.5847037625427802
1013,43,level_fixed_integrated,0,06340520,4.7991337362111945
1013,43,level_fixed_integrated,0,06340580,9.653456764858548
1013,43,level_fixed_integrated,0,06340780,10.641457893166569
1013,43,level_fixed_integrated,0,06340930,9.508418172901676
1013,43,level_fixed_integrated,0,06342040,6.047107980543323
1013,43,level_fixed_integrated,0,06342200,4.646895533012951
1013,43,level_fixed_integrated,0,06342230,7.144181499693102
1013,43,level_fixed_integrated,0,06342500,1.4799069640861207
1013,43,level_fixed_integrated,0,06343000,7.393655661261449
1013,43,level_fixed_integrated,0,06344600,3.6970304782740944
1013,43,level_fixed_integrated,0,06349000,3.0156577969893243
1013,43,level_fixed_integrated,0,06349700,1.7329940567817956
1013,43,level_fixed_integrated,0,06349900,7.221284758074106
1013,43,level_fixed_integrated,0,06349930,5.44081850175679
1013,43,level_fixed_integrated,0,06350000,3.7072328214994936
1013,43,level_fixed_integrated,0,06352400,6.005884879821404
1013,43,level_fixed_integrated,0,06354000,2.705397985914047
1013,43,level_fixed_integrated,0,06355310,19.854989202401047
1013,43,level_fixed_native,0,06338490,1.1312814109649245
1013,43,level_fixed_native,0,06339100,7.699396008354134
1013,43,level_fixed_native,0,06339300,6.377755399323188
1013,43,level_fixed_native,0,06339550,4.845187699258964
1013,43,level_fixed_native,0,06339560,3.608248625205934
1013,43,level_fixed_native,0,06339800,7.8399363871608525
1013,43,level_fixed_native,0,06339900,5.905455550724018
1013,43,level_fixed_native,0,06340000,4.0741913974752695
1013,43,level_fixed_native,0,06340500,3.5847037625427802
1013,43,level_fixed_native,0,06340520,4.7991337362111945
1013,43,level_fixed_native,0,06340580,9.653456764858548
1013,43,level_fixed_native,0,06340780,10.641457893166569
1013,43,level_fixed_native,0,06340930,9.508418172901676
1013,43,level_fixed_native,0,06342040,6.047107980543323
1013,43,level_fixed_native,0,06342200,4.646895533012951
1013,43,level_fixed_native,0,06342230,7.144181499693102
1013,43,level_fixed_native,0,06342500,1.4799069640861207
1013,43,level_fixed_native,0,06343000,7.393655661261449
1013,43,level_fixed_native,0,06344600,3.6970304782740944
1013,43,level_fixed_native,0,06349000,3.0156577969893243
1013,43,level_fixed_native,0,06349700,1.7329940567817956
1013,43,level_fixed_native,0,06349900,7.221284758074106
1013,43,level_fixed_native,0,06349930,5.44081850175679
1013,43,level_fixed_native,0,06350000,3.7072328214994936
1013,43,level_fixed_native,0,06352400,6.005884879821404
1013,43,level_fixed_native,0,06354000,2.705397985914047
1013,43,level_fixed_native,0,06355310,19.854989202401047
1013,43,level_historical_integrated,0,06338490,1.1299774924766746
1013,43,level_historical_integrated,0,06339100,7.779353410730376
1013,43,level_historical_integrated,0,06339300,6.422095175075752
1013,43,level_historical_integrated,0,06339550,4.865031186111389
1013,43,level_historical_integrated,0,06339560,3.656745091590957
1013,43,level_historical_integrated,0,06339800,7.891575160727821
1013,43,level_historical_integrated,0,06339900,5.981586312465081
1013,43,level_historical_integrated,0,06340000,4.111638661578891
1013,43,level_historical_integrated,0,06340500,3.599030646649434
1013,43,level_historical_integrated,0,06340520,4.875446641761198
1013,43,level_historical_integrated,0,06340580,9.738019342165773
1013,43,level_historical_integrated,0,06340780,10.721407625554717
1013,43,level_historical_integrated,0,06340930,9.516566835150922
1013,43,level_historical_integrated,0,06342040,6.12022533431048
1013,43,level_historical_integrated,0,06342200,4.753635344053412
1013,43,level_historical_integrated,0,06342230,7.195384240341799
1013,43,level_historical_integrated,0,06342500,1.5097125609363022
1013,43,level_historical_integrated,0,06343000,7.4497547581403625
1013,43,level_historical_integrated,0,06344600,3.748090115410024
1013,43,level_historical_integrated,0,06349000,3.02786034618557
1013,43,level_historical_integrated,0,06349700,1.7244947517146016
1013,43,level_historical_integrated,0,06349900,7.24880765199243
1013,43,level_historical_integrated,0,06349930,5.463885869770546
1013,43,level_historical_integrated,0,06350000,3.7097907751599575
1013,43,level_historical_integrated,0,06352400,6.024358955059676
1013,43,level_historical_integrated,0,06354000,2.74132605060169
1013,43,level_historical_integrated,0,06355310,19.862775473770338
1013,43,level_historical_native,0,06338490,1.1299774924766746
1013,43,level_historical_native,0,06339100,7.779353410730376
1013,43,level_historical_native,0,06339300,6.422095175075752
1013,43,level_historical_native,0,06339550,4.865031186111389
1013,43,level_historical_native,0,06339560,3.656745091590957
1013,43,level_historical_native,0,06339800,7.891575160727821
1013,43,level_historical_native,0,06339900,5.981586312465081
1013,43,level_historical_native,0,06340000,4.111638661578891
1013,43,level_historical_native,0,06340500,3.599030646649434
1013,43,level_historical_native,0,06340520,4.875446641761198
1013,43,level_historical_native,0,06340580,9.738019342165773
1013,43,level_historical_native,0,06340780,10.721407625554717
1013,43,level_historical_native,0,06340930,9.516566835150922
1013,43,level_historical_native,0,06342040,6.12022533431048
1013,43,level_historical_native,0,06342200,4.753635344053412
1013,43,level_historical_native,0,06342230,7.195384240341799
1013,43,level_historical_native,0,06342500,1.5097125609363022
1013,43,level_historical_native,0,06343000,7.4497547581403625
1013,43,level_historical_native,0,06344600,3.748090115410024
1013,43,level_historical_native,0,06349000,3.02786034618557
1013,43,level_historical_native,0,06349700,1.7244947517146016
1013,43,level_historical_native,0,06349900,7.24880765199243
1013,43,level_historical_native,0,06349930,5.463885869770546
1013,43,level_historical_native,0,06350000,3.7097907751599575
1013,43,level_historical_native,0,06352400,6.024358955059676
1013,43,level_historical_native,0,06354000,2.74132605060169
1013,43,level_historical_native,0,06355310,19.862775473770338
1013,43,level_real_integrated,0,06338490,1.1465461271284425
1013,43,level_real_integrated,0,06339100,7.708977321142851
1013,43,level_real_integrated,0,06339300,6.31548068824797
1013,43,level_real_integrated,0,06339550,4.971879453733161
1013,43,level_real_integrated,0,06339560,3.605034429176257
1013,43,level_real_integrated,0,06339800,7.748385594165516
1013,43,level_real_integrated,0,06339900,5.848318103154798
1013,43,level_real_integrated,0,06340000,4.087723393395017
1013,43,level_real_integrated,0,06340500,3.586045228668894
1013,43,level_real_integrated,0,06340520,4.726816846804627
1013,43,level_real_integrated,0,06340580,9.523442517287119
1013,43,level_real_integrated,0,06340780,10.393693218474313
1013,43,level_real_integrated,0,06340930,9.425443085338479
1013,43,level_real_integrated,0,06342040,5.9783759796559295
1013,43,level_real_integrated,0,06342200,4.662738312859504
1013,43,level_real_integrated,0,06342230,7.06723167257699
1013,43,level_real_integrated,0,06342500,1.5744089218824835
1013,43,level_real_integrated,0,06343000,7.234290536330704
1013,43,level_real_integrated,0,06344600,3.6953019817457964
1013,43,level_real_integrated,0,06349000,3.085173653701085
1013,43,level_real_integrated,0,06349700,1.7796186365518964
1013,43,level_real_integrated,0,06349900,7.1846796408524325
1013,43,level_real_integrated,0,06349930,5.345936927592214
1013,43,level_real_integrated,0,06350000,3.670366035970926
1013,43,level_real_integrated,0,06352400,5.939750378071183
1013,43,level_real_integrated,0,06354000,2.7283620571268488
1013,43,level_real_integrated,0,06355310,19.683872599793975
1013,43,level_real_native,0,06338490,1.1465461271284425
1013,43,level_real_native,0,06339100,7.708977321142851
1013,43,level_real_native,0,06339300,6.31548068824797
1013,43,level_real_native,0,06339550,4.971879453733161
1013,43,level_real_native,0,06339560,3.605034429176257
1013,43,level_real_native,0,06339800,7.748385594165516
1013,43,level_real_native,0,06339900,5.848318103154798
1013,43,level_real_native,0,06340000,4.087723393395017
1013,43,level_real_native,0,06340500,3.586045228668894
1013,43,level_real_native,0,06340520,4.726816846804627
1013,43,level_real_native,0,06340580,9.523442517287119
1013,43,level_real_native,0,06340780,10.393693218474313
1013,43,level_real_native,0,06340930,9.425443085338479
1013,43,level_real_native,0,06342040,5.9783759796559295
1013,43,level_real_native,0,06342200,4.662738312859504
1013,43,level_real_native,0,06342230,7.06723167257699
1013,43,level_real_native,0,06342500,1.5744089218824835
1013,43,level_real_native,0,06343000,7.234290536330704
1013,43,level_real_native,0,06344600,3.6953019817457964
1013,43,level_real_native,0,06349000,3.085173653701085
1013,43,level_real_native,0,06349700,1.7796186365518964
1013,43,level_real_native,0,06349900,7.1846796408524325
1013,43,level_real_native,0,06349930,5.345936927592214
1013,43,level_real_native,0,06350000,3.670366035970926
1013,43,level_real_native,0,06352400,5.939750378071183
1013,43,level_real_native,0,06354000,2.7283620571268488
1013,43,level_real_native,0,06355310,19.683872599793975
1013,43,level_seasonal_integrated,0,06338490,1.130890863695769
1013,43,level_seasonal_integrated,0,06339100,7.707479610551083
1013,43,level_seasonal_integrated,0,06339300,6.383060263357819
1013,43,level_seasonal_integrated,0,06339550,4.847650468474495
1013,43,level_seasonal_integrated,0,06339560,3.607932322530499
1013,43,level_seasonal_integrated,0,06339800,7.849634448685063
1013,43,level_seasonal_integrated,0,06339900,5.928331921556904
1013,43,level_seasonal_integrated,0,06340000,4.090309753687613
1013,43,level_seasonal_integrated,0,06340500,3.596265423263796
1013,43,level_seasonal_integrated,0,06340520,4.8455390132236555
1013,43,level_seasonal_integrated,0,06340580,9.73779942586182
1013,43,level_seasonal_integrated,0,06340780,10.693718203176243
1013,43,level_seasonal_integrated,0,06340930,9.641582711841469
1013,43,level_seasonal_integrated,0,06342040,6.078945161545225
1013,43,level_seasonal_integrated,0,06342200,4.682926233112088
1013,43,level_seasonal_integrated,0,06342230,7.193519414998535
1013,43,level_seasonal_integrated,0,06342500,1.511717625828749
1013,43,level_seasonal_integrated,0,06343000,7.425826869593643
1013,43,level_seasonal_integrated,0,06344600,3.6718788876022903
1013,43,level_seasonal_integrated,0,06349000,3.0017006489764166
1013,43,level_seasonal_integrated,0,06349700,1.7465469473091828
1013,43,level_seasonal_integrated,0,06349900,7.299240216801254
1013,43,level_seasonal_integrated,0,06349930,5.489528135391841
1013,43,level_seasonal_integrated,0,06350000,3.719882770334556
1013,43,level_seasonal_integrated,0,06352400,6.063611436017333
1013,43,level_seasonal_integrated,0,06354000,2.699943735108935
1013,43,level_seasonal_integrated,0,06355310,19.90284999689477
1013,43,level_seasonal_native,0,06338490,1.130890863695769
1013,43,level_seasonal_native,0,06339100,7.707479610551083
1013,43,level_seasonal_native,0,06339300,6.383060263357819
1013,43,level_seasonal_native,0,06339550,4.847650468474495
1013,43,level_seasonal_native,0,06339560,3.607932322530499
1013,43,level_seasonal_native,0,06339800,7.849634448685063
1013,43,level_seasonal_native,0,06339900,5.928331921556904
1013,43,level_seasonal_native,0,06340000,4.090309753687613
1013,43,level_seasonal_native,0,06340500,3.596265423263796
1013,43,level_seasonal_native,0,06340520,4.8455390132236555
1013,43,level_seasonal_native,0,06340580,9.73779942586182
1013,43,level_seasonal_native,0,06340780,10.693718203176243
1013,43,level_seasonal_native,0,06340930,9.641582711841469
1013,43,level_seasonal_native,0,06342040,6.078945161545225
1013,43,level_seasonal_native,0,06342200,4.682926233112088
1013,43,level_seasonal_native,0,06342230,7.193519414998535
1013,43,level_seasonal_native,0,06342500,1.511717625828749
1013,43,level_seasonal_native,0,06343000,7.425826869593643
1013,43,level_seasonal_native,0,06344600,3.6718788876022903
1013,43,level_seasonal_native,0,06349000,3.0017006489764166
1013,43,level_seasonal_native,0,06349700,1.7465469473091828
1013,43,level_seasonal_native,0,06349900,7.299240216801254
1013,43,level_seasonal_native,0,06349930,5.489528135391841
1013,43,level_seasonal_native,0,06350000,3.719882770334556
1013,43,level_seasonal_native,0,06352400,6.063611436017333
1013,43,level_seasonal_native,0,06354000,2.699943735108935
1013,43,level_seasonal_native,0,06355310,19.90284999689477
1013,43,matched_daily_trees,0,06338490,2.465090531473509
1013,43,matched_daily_trees,0,06339100,8.105302787623287
1013,43,matched_daily_trees,0,06339300,6.563916727387317
1013,43,matched_daily_trees,0,06339550,6.077987814554203
1013,43,matched_daily_trees,0,06339560,5.031924153435019
1013,43,matched_daily_trees,0,06339800,7.071031543484084
1013,43,matched_daily_trees,0,06339900,5.991198205770023
1013,43,matched_daily_trees,0,06340000,4.993155797978044
1013,43,matched_daily_trees,0,06340500,4.452885141378966
1013,43,matched_daily_trees,0,06340520,4.967342790730154
1013,43,matched_daily_trees,0,06340580,7.788603643993589
1013,43,matched_daily_trees,0,06340780,9.200693047691551
1013,43,matched_daily_trees,0,06340930,8.281924254278938
1013,43,matched_daily_trees,0,06342040,6.5872809509786325
1013,43,matched_daily_trees,0,06342200,5.861367278200107
1013,43,matched_daily_trees,0,06342230,6.1821578452692885
1013,43,matched_daily_trees,0,06342500,2.397379428078934
1013,43,matched_daily_trees,0,06343000,7.07591461236281
1013,43,matched_daily_trees,0,06344600,3.826325613673098
1013,43,matched_daily_trees,0,06349000,4.387316963746681
1013,43,matched_daily_trees,0,06349700,2.83313631699654
1013,43,matched_daily_trees,0,06349900,7.645793632626127
1013,43,matched_daily_trees,0,06349930,5.183453336674486
1013,43,matched_daily_trees,0,06350000,3.628630032207849
1013,43,matched_daily_trees,0,06352400,4.3199986140968525
1013,43,matched_daily_trees,0,06354000,3.270449341863686
1013,43,matched_daily_trees,0,06355310,18.870177693714083
1013,43,relative_fixed_integrated,0,06338490,1.1581169479904383
1013,43,relative_fixed_integrated,0,06339100,7.76175694574223
1013,43,relative_fixed_integrated,0,06339300,6.4033272851045995
1013,43,relative_fixed_integrated,0,06339550,4.977610297554397
1013,43,relative_fixed_integrated,0,06339560,3.6324254285448774
1013,43,relative_fixed_integrated,0,06339800,7.818145468493279
1013,43,relative_fixed_integrated,0,06339900,5.9148008766804985
1013,43,relative_fixed_integrated,0,06340000,4.100462815889446
1013,43,relative_fixed_integrated,0,06340500,3.572934121065435
1013,43,relative_fixed_integrated,0,06340520,4.753757640795715
1013,43,relative_fixed_integrated,0,06340580,9.481530063417141
1013,43,relative_fixed_integrated,0,06340780,10.473279537741819
1013,43,relative_fixed_integrated,0,06340930,9.27187912981711
1013,43,relative_fixed_integrated,0,06342040,6.0294222110449756
1013,43,relative_fixed_integrated,0,06342200,4.702128372502825
1013,43,relative_fixed_integrated,0,06342230,7.017321399559436
1013,43,relative_fixed_integrated,0,06342500,1.5087964583234548
1013,43,relative_fixed_integrated,0,06343000,7.2713390648168135
1013,43,relative_fixed_integrated,0,06344600,3.7857525201856435
1013,43,relative_fixed_integrated,0,06349000,3.073613556364316
1013,43,relative_fixed_integrated,0,06349700,1.7455417234002661
1013,43,relative_fixed_integrated,0,06349900,7.138376323250198
1013,43,relative_fixed_integrated,0,06349930,5.315977837093368
1013,43,relative_fixed_integrated,0,06350000,3.663266083613224
1013,43,relative_fixed_integrated,0,06352400,5.879150450926125
1013,43,relative_fixed_integrated,0,06354000,2.740918788313913
1013,43,relative_fixed_integrated,0,06355310,19.59156549558226
1013,43,relative_fixed_native,0,06338490,1.1581169479904383
1013,43,relative_fixed_native,0,06339100,7.76175694574223
1013,43,relative_fixed_native,0,06339300,6.4033272851045995
1013,43,relative_fixed_native,0,06339550,4.977610297554397
1013,43,relative_fixed_native,0,06339560,3.6324254285448774
1013,43,relative_fixed_native,0,06339800,7.818145468493279
1013,43,relative_fixed_native,0,06339900,5.9148008766804985
1013,43,relative_fixed_native,0,06340000,4.100462815889446
1013,43,relative_fixed_native,0,06340500,3.572934121065435
1013,43,relative_fixed_native,0,06340520,4.753757640795715
1013,43,relative_fixed_native,0,06340580,9.481530063417141
1013,43,relative_fixed_native,0,06340780,10.473279537741819
1013,43,relative_fixed_native,0,06340930,9.27187912981711
1013,43,relative_fixed_native,0,06342040,6.0294222110449756
1013,43,relative_fixed_native,0,06342200,4.702128372502825
1013,43,relative_fixed_native,0,06342230,7.017321399559436
1013,43,relative_fixed_native,0,06342500,1.5087964583234548
1013,43,relative_fixed_native,0,06343000,7.2713390648168135
1013,43,relative_fixed_native,0,06344600,3.7857525201856435
1013,43,relative_fixed_native,0,06349000,3.073613556364316
1013,43,relative_fixed_native,0,06349700,1.7455417234002661
1013,43,relative_fixed_native,0,06349900,7.138376323250198
1013,43,relative_fixed_native,0,06349930,5.315977837093368
1013,43,relative_fixed_native,0,06350000,3.663266083613224
1013,43,relative_fixed_native,0,06352400,5.879150450926125
1013,43,relative_fixed_native,0,06354000,2.740918788313913
1013,43,relative_fixed_native,0,06355310,19.59156549558226
1013,43,relative_historical_integrated,0,06338490,1.1362683178905308
1013,43,relative_historical_integrated,0,06339100,7.803996501305616
1013,43,relative_historical_integrated,0,06339300,6.425870243753904
1013,43,relative_historical_integrated,0,06339550,4.8953639316190944
1013,43,relative_historical_integrated,0,06339560,3.6475762629478714
1013,43,relative_historical_integrated,0,06339800,7.893393782611342
1013,43,relative_historical_integrated,0,06339900,5.980692674449524
1013,43,relative_historical_integrated,0,06340000,4.103150131014113
1013,43,relative_historical_integrated,0,06340500,3.600564522807998
1013,43,relative_historical_integrated,0,06340520,4.846184654908188
1013,43,relative_historical_integrated,0,06340580,9.651938430286034
1013,43,relative_historical_integrated,0,06340780,10.655863408743048
1013,43,relative_historical_integrated,0,06340930,9.440868233849626
1013,43,relative_historical_integrated,0,06342040,6.091234571629711
1013,43,relative_historical_integrated,0,06342200,4.7403789993748084
1013,43,relative_historical_integrated,0,06342230,7.156170224307113
1013,43,relative_historical_integrated,0,06342500,1.467750171714499
1013,43,relative_historical_integrated,0,06343000,7.411400142954873
1013,43,relative_historical_integrated,0,06344600,3.7545589154514345
1013,43,relative_historical_integrated,0,06349000,2.993646734491436
1013,43,relative_historical_integrated,0,06349700,1.7105660508263754
1013,43,relative_historical_integrated,0,06349900,7.1891107229951565
1013,43,relative_historical_integrated,0,06349930,5.410554662272639
1013,43,relative_historical_integrated,0,06350000,3.67680108782588
1013,43,relative_historical_integrated,0,06352400,5.9901418923638925
1013,43,relative_historical_integrated,0,06354000,2.7295171730638277
1013,43,relative_historical_integrated,0,06355310,19.796620431167554
1013,43,relative_historical_native,0,06338490,1.1362683178905308
1013,43,relative_historical_native,0,06339100,7.803996501305616
1013,43,relative_historical_native,0,06339300,6.425870243753904
1013,43,relative_historical_native,0,06339550,4.8953639316190944
1013,43,relative_historical_native,0,06339560,3.6475762629478714
1013,43,relative_historical_native,0,06339800,7.893393782611342
1013,43,relative_historical_native,0,06339900,5.980692674449524
1013,43,relative_historical_native,0,06340000,4.103150131014113
1013,43,relative_historical_native,0,06340500,3.600564522807998
1013,43,relative_historical_native,0,06340520,4.846184654908188
1013,43,relative_historical_native,0,06340580,9.651938430286034
1013,43,relative_historical_native,0,06340780,10.655863408743048
1013,43,relative_historical_native,0,06340930,9.440868233849626
1013,43,relative_historical_native,0,06342040,6.091234571629711
1013,43,relative_historical_native,0,06342200,4.7403789993748084
1013,43,relative_historical_native,0,06342230,7.156170224307113
1013,43,relative_historical_native,0,06342500,1.467750171714499
1013,43,relative_historical_native,0,06343000,7.411400142954873
1013,43,relative_historical_native,0,06344600,3.7545589154514345
1013,43,relative_historical_native,0,06349000,2.993646734491436
1013,43,relative_historical_native,0,06349700,1.7105660508263754
1013,43,relative_historical_native,0,06349900,7.1891107229951565
1013,43,relative_historical_native,0,06349930,5.410554662272639
1013,43,relative_historical_native,0,06350000,3.67680108782588
1013,43,relative_historical_native,0,06352400,5.9901418923638925
1013,43,relative_historical_native,0,06354000,2.7295171730638277
1013,43,relative_historical_native,0,06355310,19.796620431167554
1013,43,relative_real_integrated,0,06338490,1.15434177568809
1013,43,relative_real_integrated,0,06339100,7.7602431825196465
1013,43,relative_real_integrated,0,06339300,6.384245884528572
1013,43,relative_real_integrated,0,06339550,4.937920848870637
1013,43,relative_real_integrated,0,06339560,3.6311517485288842
1013,43,relative_real_integrated,0,06339800,7.831340525666311
1013,43,relative_real_integrated,0,06339900,5.905793068329396
1013,43,relative_real_integrated,0,06340000,4.071122703880233
1013,43,relative_real_integrated,0,06340500,3.5741052160973124
1013,43,relative_real_integrated,0,06340520,4.742764515088128
1013,43,relative_real_integrated,0,06340580,9.472931379394316
1013,43,relative_real_integrated,0,06340780,10.426236733006142
1013,43,relative_real_integrated,0,06340930,9.231153075108947
1013,43,relative_real_integrated,0,06342040,6.01664090990419
1013,43,relative_real_integrated,0,06342200,4.656148812087875
1013,43,relative_real_integrated,0,06342230,7.026822072664412
1013,43,relative_real_integrated,0,06342500,1.514310588495476
1013,43,relative_real_integrated,0,06343000,7.276412708245028
1013,43,relative_real_integrated,0,06344600,3.7423737372510306
1013,43,relative_real_integrated,0,06349000,3.0517157091265217
1013,43,relative_real_integrated,0,06349700,1.7298986287123055
1013,43,relative_real_integrated,0,06349900,7.144001401773799
1013,43,relative_real_integrated,0,06349930,5.279847450035359
1013,43,relative_real_integrated,0,06350000,3.6736348828786025
1013,43,relative_real_integrated,0,06352400,5.878358425441153
1013,43,relative_real_integrated,0,06354000,2.7115192923566864
1013,43,relative_real_integrated,0,06355310,19.628620776055758
1013,43,relative_real_native,0,06338490,1.15434177568809
1013,43,relative_real_native,0,06339100,7.7602431825196465
1013,43,relative_real_native,0,06339300,6.384245884528572
1013,43,relative_real_native,0,06339550,4.937920848870637
1013,43,relative_real_native,0,06339560,3.6311517485288842
1013,43,relative_real_native,0,06339800,7.831340525666311
1013,43,relative_real_native,0,06339900,5.905793068329396
1013,43,relative_real_native,0,06340000,4.071122703880233
1013,43,relative_real_native,0,06340500,3.5741052160973124
1013,43,relative_real_native,0,06340520,4.742764515088128
1013,43,relative_real_native,0,06340580,9.472931379394316
1013,43,relative_real_native,0,06340780,10.426236733006142
1013,43,relative_real_native,0,06340930,9.231153075108947
1013,43,relative_real_native,0,06342040,6.01664090990419
1013,43,relative_real_native,0,06342200,4.656148812087875
1013,43,relative_real_native,0,06342230,7.026822072664412
1013,43,relative_real_native,0,06342500,1.514310588495476
1013,43,relative_real_native,0,06343000,7.276412708245028
1013,43,relative_real_native,0,06344600,3.7423737372510306
1013,43,relative_real_native,0,06349000,3.0517157091265217
1013,43,relative_real_native,0,06349700,1.7298986287123055
1013,43,relative_real_native,0,06349900,7.144001401773799
1013,43,relative_real_native,0,06349930,5.279847450035359
1013,43,relative_real_native,0,06350000,3.6736348828786025
1013,43,relative_real_native,0,06352400,5.878358425441153
1013,43,relative_real_native,0,06354000,2.7115192923566864
1013,43,relative_real_native,0,06355310,19.628620776055758
1013,43,station_hidden_trees,0,06338490,1.3253431156150797
1013,43,station_hidden_trees,0,06339100,7.848541764180268
1013,43,station_hidden_trees,0,06339300,6.5104626143366495
1013,43,station_hidden_trees,0,06339550,4.675246800719266
1013,43,station_hidden_trees,0,06339560,3.6518417883090653
1013,43,station_hidden_trees,0,06339800,8.063397515932158
1013,43,station_hidden_trees,0,06339900,6.0468882474705135
1013,43,station_hidden_trees,0,06340000,4.13560380435056
1013,43,station_hidden_trees,0,06340500,3.6551949271125985
1013,43,station_hidden_trees,0,06340520,5.122052631231983
1013,43,station_hidden_trees,0,06340580,10.07084643276193
1013,43,station_hidden_trees,0,06340780,11.306093906372572
1013,43,station_hidden_trees,0,06340930,9.812537103201752
1013,43,station_hidden_trees,0,06342040,6.232226940387436
1013,43,station_hidden_trees,0,06342200,4.7090477636431185
1013,43,station_hidden_trees,0,06342230,7.429540689635067
1013,43,station_hidden_trees,0,06342500,1.6077826535786008
1013,43,station_hidden_trees,0,06343000,7.810480310012504
1013,43,station_hidden_trees,0,06344600,3.581205847712709
1013,43,station_hidden_trees,0,06349000,2.7913422659043836
1013,43,station_hidden_trees,0,06349700,1.7967821099715682
1013,43,station_hidden_trees,0,06349900,7.368546950459713
1013,43,station_hidden_trees,0,06349930,5.646625114362062
1013,43,station_hidden_trees,0,06350000,3.766724072736229
1013,43,station_hidden_trees,0,06352400,6.157261676985832
1013,43,station_hidden_trees,0,06354000,2.5659709874079395
1013,43,station_hidden_trees,0,06355310,20.30296187555171
1013,43,unmonitored_integrated,0,06338490,1.1409149072705391
1013,43,unmonitored_integrated,0,06339100,7.791672243313582
1013,43,unmonitored_integrated,0,06339300,6.466080710800747
1013,43,unmonitored_integrated,0,06339550,4.892846828856384
1013,43,unmonitored_integrated,0,06339560,3.6573305319321188
1013,43,unmonitored_integrated,0,06339800,7.926557714134162
1013,43,unmonitored_integrated,0,06339900,5.9896033005270235
1013,43,unmonitored_integrated,0,06340000,4.114885281511834
1013,43,unmonitored_integrated,0,06340500,3.610286444123709
1013,43,unmonitored_integrated,0,06340520,4.881550130564108
1013,43,unmonitored_integrated,0,06340580,9.701809730322742
1013,43,unmonitored_integrated,0,06340780,10.694553723082326
1013,43,unmonitored_integrated,0,06340930,9.463944963822785
1013,43,unmonitored_integrated,0,06342040,6.099280626469799
1013,43,unmonitored_integrated,0,06342200,4.7405460402569215
1013,43,unmonitored_integrated,0,06342230,7.1677318133015016
1013,43,unmonitored_integrated,0,06342500,1.48205301515593
1013,43,unmonitored_integrated,0,06343000,7.438165119013742
1013,43,unmonitored_integrated,0,06344600,3.727960055624711
1013,43,unmonitored_integrated,0,06349000,2.9527984275038395
1013,43,unmonitored_integrated,0,06349700,1.7479278311595132
1013,43,unmonitored_integrated,0,06349900,7.220624976689298
1013,43,unmonitored_integrated,0,06349930,5.43646449311653
1013,43,unmonitored_integrated,0,06350000,3.7010436163168254
1013,43,unmonitored_integrated,0,06352400,6.0352645023324225
1013,43,unmonitored_integrated,0,06354000,2.7019174875635805
1013,43,unmonitored_integrated,0,06355310,19.827740682514346
1013,43,unmonitored_residual,0,06338490,1.1409149072705391
1013,43,unmonitored_residual,0,06339100,7.791672243313582
1013,43,unmonitored_residual,0,06339300,6.466080710800747
1013,43,unmonitored_residual,0,06339550,4.892846828856384
1013,43,unmonitored_residual,0,06339560,3.6573305319321188
1013,43,unmonitored_residual,0,06339800,7.926557714134162
1013,43,unmonitored_residual,0,06339900,5.9896033005270235
1013,43,unmonitored_residual,0,06340000,4.114885281511834
1013,43,unmonitored_residual,0,06340500,3.610286444123709
1013,43,unmonitored_residual,0,06340520,4.881550130564108
1013,43,unmonitored_residual,0,06340580,9.701809730322742
1013,43,unmonitored_residual,0,06340780,10.694553723082326
1013,43,unmonitored_residual,0,06340930,9.463944963822785
1013,43,unmonitored_residual,0,06342040,6.099280626469799
1013,43,unmonitored_residual,0,06342200,4.7405460402569215
1013,43,unmonitored_residual,0,06342230,7.1677318133015016
1013,43,unmonitored_residual,0,06342500,1.48205301515593
1013,43,unmonitored_residual,0,06343000,7.438165119013742
1013,43,unmonitored_residual,0,06344600,3.727960055624711
1013,43,unmonitored_residual,0,06349000,2.9527984275038395
1013,43,unmonitored_residual,0,06349700,1.7479278311595132
1013,43,unmonitored_residual,0,06349900,7.220624976689298
1013,43,unmonitored_residual,0,06349930,5.43646449311653
1013,43,unmonitored_residual,0,06350000,3.7010436163168254
1013,43,unmonitored_residual,0,06352400,6.0352645023324225
1013,43,unmonitored_residual,0,06354000,2.7019174875635805
1013,43,unmonitored_residual,0,06355310,19.827740682514346
1013,44,attention_fixed_integrated,0,06338490,1.4786810925287144
1013,44,attention_fixed_integrated,0,06339100,7.635480995522801
1013,44,attention_fixed_integrated,0,06339300,6.318768568365485
1013,44,attention_fixed_integrated,0,06339550,5.989668220554301
1013,44,attention_fixed_integrated,0,06339560,4.545619661947169
1013,44,attention_fixed_integrated,0,06339800,6.189300679165725
1013,44,attention_fixed_integrated,0,06339900,5.659766927079746
1013,44,attention_fixed_integrated,0,06340000,4.700535714318897
1013,44,attention_fixed_integrated,0,06340500,4.2622220794199634
1013,44,attention_fixed_integrated,0,06340520,4.287540117112873
1013,44,attention_fixed_integrated,0,06340580,7.6987110508673275
1013,44,attention_fixed_integrated,0,06340780,9.252935782869084
1013,44,attention_fixed_integrated,0,06340930,7.473046443631522
1013,44,attention_fixed_integrated,0,06342040,6.28905652661353
1013,44,attention_fixed_integrated,0,06342200,5.3933121211511015
1013,44,attention_fixed_integrated,0,06342230,5.87890038878553
1013,44,attention_fixed_integrated,0,06342500,1.850148078979409
1013,44,attention_fixed_integrated,0,06343000,6.100216415964338
1013,44,attention_fixed_integrated,0,06344600,4.510107008285593
1013,44,attention_fixed_integrated,0,06349000,4.96588071899481
1013,44,attention_fixed_integrated,0,06349700,2.184087970990695
1013,44,attention_fixed_integrated,0,06349900,7.258432606069396
1013,44,attention_fixed_integrated,0,06349930,4.707474790456382
1013,44,attention_fixed_integrated,0,06350000,4.255979306699301
1013,44,attention_fixed_integrated,0,06352400,4.700816048431325
1013,44,attention_fixed_integrated,0,06354000,4.294795159607927
1013,44,attention_fixed_integrated,0,06355310,18.065480468907268
1013,44,attention_fixed_native,0,06338490,1.530263605007684
1013,44,attention_fixed_native,0,06339100,7.5917017590576785
1013,44,attention_fixed_native,0,06339300,6.246338783335337
1013,44,attention_fixed_native,0,06339550,5.795164060625861
1013,44,attention_fixed_native,0,06339560,4.4236511110087
1013,44,attention_fixed_native,0,06339800,6.358491586647406
1013,44,attention_fixed_native,0,06339900,5.608016024275965
1013,44,attention_fixed_native,0,06340000,4.598786921833155
1013,44,attention_fixed_native,0,06340500,4.172255048326546
1013,44,attention_fixed_native,0,06340520,4.301325214340081
1013,44,attention_fixed_native,0,06340580,7.867647526785785
1013,44,attention_fixed_native,0,06340780,9.376312142758591
1013,44,attention_fixed_native,0,06340930,7.59250764004505
1013,44,attention_fixed_native,0,06342040,6.204846041466077
1013,44,attention_fixed_native,0,06342200,5.25831316883557
1013,44,attention_fixed_native,0,06342230,5.943871463219874
1013,44,attention_fixed_native,0,06342500,1.9115573145450893
1013,44,attention_fixed_native,0,06343000,6.202546332702448
1013,44,attention_fixed_native,0,06344600,4.366123132273598
1013,44,attention_fixed_native,0,06349000,4.800884144874186
1013,44,attention_fixed_native,0,06349700,2.237729416039455
1013,44,attention_fixed_native,0,06349900,7.242316931854981
1013,44,attention_fixed_native,0,06349930,4.748296249836804
1013,44,attention_fixed_native,0,06350000,4.135202612461441
1013,44,attention_fixed_native,0,06352400,4.652927608089965
1013,44,attention_fixed_native,0,06354000,4.12577012409788
1013,44,attention_fixed_native,0,06355310,18.19462410614522
1013,44,attention_historical_integrated,0,06338490,1.4826389052507765
1013,44,attention_historical_integrated,0,06339100,7.647868181335144
1013,44,attention_historical_integrated,0,06339300,6.325461022823149
1013,44,attention_historical_integrated,0,06339550,5.9988258540065225
1013,44,attention_historical_integrated,0,06339560,4.550366216189174
1013,44,attention_historical_integrated,0,06339800,6.193746271448961
1013,44,attention_historical_integrated,0,06339900,5.656159793127084
1013,44,attention_historical_integrated,0,06340000,4.707962090295182
1013,44,attention_historical_integrated,0,06340500,4.26810886265513
1013,44,attention_historical_integrated,0,06340520,4.303143242953299
1013,44,attention_historical_integrated,0,06340580,7.715367907191541
1013,44,attention_historical_integrated,0,06340780,9.267877358771564
1013,44,attention_historical_integrated,0,06340930,7.483022268012436
1013,44,attention_historical_integrated,0,06342040,6.263307252642807
1013,44,attention_historical_integrated,0,06342200,5.406516554009463
1013,44,attention_historical_integrated,0,06342230,5.892705255621518
1013,44,attention_historical_integrated,0,06342500,1.8538023499153002
1013,44,attention_historical_integrated,0,06343000,6.113029713609626
1013,44,attention_historical_integrated,0,06344600,4.494879200868909
1013,44,attention_historical_integrated,0,06349000,4.9620426060525835
1013,44,attention_historical_integrated,0,06349700,2.2035864039080963
1013,44,attention_historical_integrated,0,06349900,7.24882338227755
1013,44,attention_historical_integrated,0,06349930,4.712867892554249
1013,44,attention_historical_integrated,0,06350000,4.2305550987565015
1013,44,attention_historical_integrated,0,06352400,4.6832413209219474
1013,44,attention_historical_integrated,0,06354000,4.288085645229453
1013,44,attention_historical_integrated,0,06355310,18.0701272116237
1013,44,attention_historical_native,0,06338490,1.53831516429703
1013,44,attention_historical_native,0,06339100,7.613137295415231
1013,44,attention_historical_native,0,06339300,6.254147539813455
1013,44,attention_historical_native,0,06339550,5.813479327530303
1013,44,attention_historical_native,0,06339560,4.433144219492706
1013,44,attention_historical_native,0,06339800,6.367245286426514
1013,44,attention_historical_native,0,06339900,5.600801756370641
1013,44,attention_historical_native,0,06340000,4.616407402981114
1013,44,attention_historical_native,0,06340500,4.184028614796881
1013,44,attention_historical_native,0,06340520,4.332531466020932
1013,44,attention_historical_native,0,06340580,7.900961239434211
1013,44,attention_historical_native,0,06340780,9.40619529456355
1013,44,attention_historical_native,0,06340930,7.612459288806878
1013,44,attention_historical_native,0,06342040,6.153347493524629
1013,44,attention_historical_native,0,06342200,5.290299157055149
1013,44,attention_historical_native,0,06342230,5.971481196891851
1013,44,attention_historical_native,0,06342500,1.9201161344216962
1013,44,attention_historical_native,0,06343000,6.227301806109631
1013,44,attention_historical_native,0,06344600,4.336606231653072
1013,44,attention_historical_native,0,06349000,4.793207918989733
1013,44,attention_historical_native,0,06349700,2.2767262818742577
1013,44,attention_historical_native,0,06349900,7.2244268852628695
1013,44,attention_historical_native,0,06349930,4.757191103464309
1013,44,attention_historical_native,0,06350000,4.084354196575843
1013,44,attention_historical_native,0,06352400,4.616022419278361
1013,44,attention_historical_native,0,06354000,4.112351095340932
1013,44,attention_historical_native,0,06355310,18.203917591578083
1013,44,attention_real_integrated,0,06338490,1.4797827203407912
1013,44,attention_real_integrated,0,06339100,7.6345153298867805
1013,44,attention_real_integrated,0,06339300,6.318715772643932
1013,44,attention_real_integrated,0,06339550,5.989727447818506
1013,44,attention_real_integrated,0,06339560,4.546927257911868
1013,44,attention_real_integrated,0,06339800,6.188011290648454
1013,44,attention_real_integrated,0,06339900,5.659517146198073
1013,44,attention_real_integrated,0,06340000,4.699824266356866
1013,44,attention_real_integrated,0,06340500,4.2616778931305905
1013,44,attention_real_integrated,0,06340520,4.2867093000392895
1013,44,attention_real_integrated,0,06340580,7.694460723548111
1013,44,attention_real_integrated,0,06340780,9.247642664688032
1013,44,attention_real_integrated,0,06340930,7.4655891964413446
1013,44,attention_real_integrated,0,06342040,6.291537330788669
1013,44,attention_real_integrated,0,06342200,5.391736704493442
1013,44,attention_real_integrated,0,06342230,5.874863101699281
1013,44,attention_real_integrated,0,06342500,1.8520347454660284
1013,44,attention_real_integrated,0,06343000,6.096928731286654
1013,44,attention_real_integrated,0,06344600,4.512705124646198
1013,44,attention_real_integrated,0,06349000,4.96651704024435
1013,44,attention_real_integrated,0,06349700,2.1869213722118706
1013,44,attention_real_integrated,0,06349900,7.260086938504086
1013,44,attention_real_integrated,0,06349930,4.705694138724215
1013,44,attention_real_integrated,0,06350000,4.26224941833329
1013,44,attention_real_integrated,0,06352400,4.7022588559767975
1013,44,attention_real_integrated,0,06354000,4.297110007726741
1013,44,attention_real_integrated,0,06355310,18.061369072396285
1013,44,attention_real_native,0,06338490,1.5325500168404063
1013,44,attention_real_native,0,06339100,7.589953001664124
1013,44,attention_real_native,0,06339300,6.247990818242341
1013,44,attention_real_native,0,06339550,5.795282515154271
1013,44,attention_real_native,0,06339560,4.426364228473996
1013,44,attention_real_native,0,06339800,6.355912809612866
1013,44,attention_real_native,0,06339900,5.607516462512621
1013,44,attention_real_native,0,06340000,4.59696821723812
1013,44,attention_real_native,0,06340500,4.1711666757478
1013,44,attention_real_native,0,06340520,4.299663580192914
1013,44,attention_real_native,0,06340580,7.85914687214735
1013,44,attention_real_native,0,06340780,9.365725906396488
1013,44,attention_real_native,0,06340930,7.577593145664695
1013,44,attention_real_native,0,06342040,6.209807649816353
1013,44,attention_real_native,0,06342200,5.25305079726901
1013,44,attention_real_native,0,06342230,5.935796889047377
1013,44,attention_real_native,0,06342500,1.915328569930958
1013,44,attention_real_native,0,06343000,6.195780234824718
1013,44,attention_real_native,0,06344600,4.370916951520619
1013,44,attention_real_native,0,06349000,4.8021567873732645
1013,44,attention_real_native,0,06349700,2.243396218481806
1013,44,attention_real_native,0,06349900,7.244166271922951
1013,44,attention_real_native,0,06349930,4.745278684851515
1013,44,attention_real_native,0,06350000,4.147742835729421
1013,44,attention_real_native,0,06352400,4.655052325186867
1013,44,attention_real_native,0,06354000,4.1303998203355095
1013,44,attention_real_native,0,06355310,18.186401313123255
1013,44,current_model,0,06338490,2.412987106067668
1013,44,current_model,0,06339100,8.298486320340764
1013,44,current_model,0,06339300,6.421961006147146
1013,44,current_model,0,06339550,5.865203942095169
1013,44,current_model,0,06339560,5.06855954590525
1013,44,current_model,0,06339800,7.301009939917205
1013,44,current_model,0,06339900,5.840186864786653
1013,44,current_model,0,06340000,4.947434088657135
1013,44,current_model,0,06340500,4.3630735826887665
1013,44,current_model,0,06340520,4.818662864964424
1013,44,current_model,0,06340580,7.912817024571976
1013,44,current_model,0,06340780,9.234287036231663
1013,44,current_model,0,06340930,7.690623386010892
1013,44,current_model,0,06342040,6.746604562945177
1013,44,current_model,0,06342200,5.836754301186924
1013,44,current_model,0,06342230,6.266028114620052
1013,44,current_model,0,06342500,2.692886031172153
1013,44,current_model,0,06343000,7.0457725564993074
1013,44,current_model,0,06344600,3.8238359668741895
1013,44,current_model,0,06349000,5.073708629552842
1013,44,current_model,0,06349700,2.8806159794500616
1013,44,current_model,0,06349900,7.732182657534246
1013,44,current_model,0,06349930,5.0328808379025745
1013,44,current_model,0,06350000,3.7949803357384817
1013,44,current_model,0,06352400,4.721389859451992
1013,44,current_model,0,06354000,3.6543241862572087
1013,44,current_model,0,06355310,18.72550943128861
1013,44,innovation_real_integrated,0,06338490,1.4792300828882878
1013,44,innovation_real_integrated,0,06339100,7.635453761311584
1013,44,innovation_real_integrated,0,06339300,6.318802601638568
1013,44,innovation_real_integrated,0,06339550,5.989451859397398
1013,44,innovation_real_integrated,0,06339560,4.545503889038351
1013,44,innovation_real_integrated,0,06339800,6.189392592095398
1013,44,innovation_real_integrated,0,06339900,5.659646553774286
1013,44,innovation_real_integrated,0,06340000,4.700580644818649
1013,44,innovation_real_integrated,0,06340500,4.2622472307174135
1013,44,innovation_real_integrated,0,06340520,4.287620518265245
1013,44,innovation_real_integrated,0,06340580,7.698967427324728
1013,44,innovation_real_integrated,0,06340780,9.25318711771952
1013,44,innovation_real_integrated,0,06340930,7.473266357079419
1013,44,innovation_real_integrated,0,06342040,6.289026276883778
1013,44,innovation_real_integrated,0,06342200,5.393429968991921
1013,44,innovation_real_integrated,0,06342230,5.879106135155673
1013,44,innovation_real_integrated,0,06342500,1.8505268170138551
1013,44,innovation_real_integrated,0,06343000,6.100229554543067
1013,44,innovation_real_integrated,0,06344600,4.509934483753704
1013,44,innovation_real_integrated,0,06349000,4.9657972178275385
1013,44,innovation_real_integrated,0,06349700,2.1843768111100212
1013,44,innovation_real_integrated,0,06349900,7.258471424422148
1013,44,innovation_real_integrated,0,06349930,4.707515424532924
1013,44,innovation_real_integrated,0,06350000,4.255557983405194
1013,44,innovation_real_integrated,0,06352400,4.700827895811667
1013,44,innovation_real_integrated,0,06354000,4.294718992804203
1013,44,innovation_real_integrated,0,06355310,18.065599020049262
1013,44,innovation_real_native,0,06338490,1.5313901619064734
1013,44,innovation_real_native,0,06339100,7.591644474662316
1013,44,innovation_real_native,0,06339300,6.246261042019222
1013,44,innovation_real_native,0,06339550,5.794731338312055
1013,44,innovation_real_native,0,06339560,4.42341956519106
1013,44,innovation_real_native,0,06339800,6.358675412506753
1013,44,innovation_real_native,0,06339900,5.607775277665048
1013,44,innovation_real_native,0,06340000,4.598922029604522
1013,44,innovation_real_native,0,06340500,4.172305350921446
1013,44,innovation_real_native,0,06340520,4.3014860166448265
1013,44,innovation_real_native,0,06340580,7.868160279700586
1013,44,innovation_real_native,0,06340780,9.376814812459461
1013,44,innovation_real_native,0,06340930,7.592947466940843
1013,44,innovation_real_native,0,06342040,6.204785542006571
1013,44,innovation_real_native,0,06342200,5.258645670407609
1013,44,innovation_real_native,0,06342230,5.944282955960159
1013,44,innovation_real_native,0,06342500,1.9123064662770886
1013,44,innovation_real_native,0,06343000,6.202596399722275
1013,44,innovation_real_native,0,06344600,4.365834353968131
1013,44,innovation_real_native,0,06349000,4.800717142539643
1013,44,innovation_real_native,0,06349700,2.238307096278108
1013,44,innovation_real_native,0,06349900,7.242393163436175
1013,44,innovation_real_native,0,06349930,4.748390492230775
1013,44,innovation_real_native,0,06350000,4.1343599658732275
1013,44,innovation_real_native,0,06352400,4.653010312276819
1013,44,innovation_real_native,0,06354000,4.125617790490431
1013,44,innovation_real_native,0,06355310,18.194861208429213
1013,44,innovation_real_trees,0,06338490,1.657559471097841
1013,44,innovation_real_trees,0,06339100,7.256436790413329
1013,44,innovation_real_trees,0,06339300,6.0995139855205975
1013,44,innovation_real_trees,0,06339550,4.990635375261173
1013,44,innovation_real_trees,0,06339560,3.9378499203183206
1013,44,innovation_real_trees,0,06339800,6.390491023118752
1013,44,innovation_real_trees,0,06339900,5.060495207193033
1013,44,innovation_real_trees,0,06340000,4.213217023834873
1013,44,innovation_real_trees,0,06340500,3.741280861108167
1013,44,innovation_real_trees,0,06340520,4.147997499002475
1013,44,innovation_real_trees,0,06340580,8.414773874311207
1013,44,innovation_real_trees,0,06340780,9.582289618412618
1013,44,innovation_real_trees,0,06340930,8.303971600972421
1013,44,innovation_real_trees,0,06342040,5.790793376802609
1013,44,innovation_real_trees,0,06342200,4.626134485873333
1013,44,innovation_real_trees,0,06342230,6.39283928579448
1013,44,innovation_real_trees,0,06342500,2.0176619921048253
1013,44,innovation_real_trees,0,06343000,5.914348808814806
1013,44,innovation_real_trees,0,06344600,4.450643531067196
1013,44,innovation_real_trees,0,06349000,3.981692782960342
1013,44,innovation_real_trees,0,06349700,2.088441925938058
1013,44,innovation_real_trees,0,06349900,7.448710664919996
1013,44,innovation_real_trees,0,06349930,4.796922170522185
1013,44,innovation_real_trees,0,06350000,4.099306095568539
1013,44,innovation_real_trees,0,06352400,4.5852103986893376
1013,44,innovation_real_trees,0,06354000,3.0910002999897053
1013,44,innovation_real_trees,0,06355310,18.661817188540496
1013,44,level_fixed_integrated,0,06338490,1.4728850304681522
1013,44,level_fixed_integrated,0,06339100,7.628148815307625
1013,44,level_fixed_integrated,0,06339300,6.319437547687019
1013,44,level_fixed_integrated,0,06339550,5.992373369733582
1013,44,level_fixed_integrated,0,06339560,4.53495358509933
1013,44,level_fixed_integrated,0,06339800,6.189649808313149
1013,44,level_fixed_integrated,0,06339900,5.664444800494997
1013,44,level_fixed_integrated,0,06340000,4.697032221612769
1013,44,level_fixed_integrated,0,06340500,4.263043955775917
1013,44,level_fixed_integrated,0,06340520,4.281250860599754
1013,44,level_fixed_integrated,0,06340580,7.699538762680169
1013,44,level_fixed_integrated,0,06340780,9.241213149184961
1013,44,level_fixed_integrated,0,06340930,7.475530747468543
1013,44,level_fixed_integrated,0,06342040,6.292015745234784
1013,44,level_fixed_integrated,0,06342200,5.38637359830394
1013,44,level_fixed_integrated,0,06342230,5.884955426051751
1013,44,level_fixed_integrated,0,06342500,1.854850681090581
1013,44,level_fixed_integrated,0,06343000,6.096621800675704
1013,44,level_fixed_integrated,0,06344600,4.508360612703467
1013,44,level_fixed_integrated,0,06349000,4.96060054601608
1013,44,level_fixed_integrated,0,06349700,2.185434935164548
1013,44,level_fixed_integrated,0,06349900,7.254976780091541
1013,44,level_fixed_integrated,0,06349930,4.70410391165541
1013,44,level_fixed_integrated,0,06350000,4.254143906580068
1013,44,level_fixed_integrated,0,06352400,4.701001359918684
1013,44,level_fixed_integrated,0,06354000,4.296470108574635
1013,44,level_fixed_integrated,0,06355310,18.071798760918668
1013,44,level_fixed_native,0,06338490,1.5188095657609175
1013,44,level_fixed_native,0,06339100,7.585960006027023
1013,44,level_fixed_native,0,06339300,6.249269762460347
1013,44,level_fixed_native,0,06339550,5.800574358984424
1013,44,level_fixed_native,0,06339560,4.404028433675321
1013,44,level_fixed_native,0,06339800,6.359189844942256
1013,44,level_fixed_native,0,06339900,5.617371771106469
1013,44,level_fixed_native,0,06340000,4.591472511128471
1013,44,level_fixed_native,0,06340500,4.173898801038453
1013,44,level_fixed_native,0,06340520,4.288746701313844
1013,44,level_fixed_native,0,06340580,7.869302950411467
1013,44,level_fixed_native,0,06340780,9.352866875390346
1013,44,level_fixed_native,0,06340930,7.597476247719092
1013,44,level_fixed_native,0,06342040,6.210764478708585
1013,44,level_fixed_native,0,06342200,5.2446874149990705
1013,44,level_fixed_native,0,06342230,5.955981537752317
1013,44,level_fixed_native,0,06342500,1.923248645499135
1013,44,level_fixed_native,0,06343000,6.196532439146127
1013,44,level_fixed_native,0,06344600,4.362518356565015
1013,44,level_fixed_native,0,06349000,4.7903237989167256
1013,44,level_fixed_native,0,06349700,2.240423344387161
1013,44,level_fixed_native,0,06349900,7.240694762748887
1013,44,level_fixed_native,0,06349930,4.745843327665732
1013,44,level_fixed_native,0,06350000,4.131531812222975
1013,44,level_fixed_native,0,06352400,4.658044490151344
1013,44,level_fixed_native,0,06354000,4.129120022031296
1013,44,level_fixed_native,0,06355310,18.207260690168027
1013,44,level_historical_integrated,0,06338490,1.4813947090857063
1013,44,level_historical_integrated,0,06339100,7.64333030631706
1013,44,level_historical_integrated,0,06339300,6.318595595638586
1013,44,level_historical_integrated,0,06339550,5.995407520697881
1013,44,level_historical_integrated,0,06339560,4.537204120535127
1013,44,level_historical_integrated,0,06339800,6.2029382037421295
1013,44,level_historical_integrated,0,06339900,5.660256476862732
1013,44,level_historical_integrated,0,06340000,4.70571415661927
1013,44,level_historical_integrated,0,06340500,4.269288588567187
1013,44,level_historical_integrated,0,06340520,4.313161543963431
1013,44,level_historical_integrated,0,06340580,7.757014387441402
1013,44,level_historical_integrated,0,06340780,9.28011339154451
1013,44,level_historical_integrated,0,06340930,7.515980332737438
1013,44,level_historical_integrated,0,06342040,6.260541049135027
1013,44,level_historical_integrated,0,06342200,5.407463941771352
1013,44,level_historical_integrated,0,06342230,5.916108331113078
1013,44,level_historical_integrated,0,06342500,1.8673106749164725
1013,44,level_historical_integrated,0,06343000,6.125546867548977
1013,44,level_historical_integrated,0,06344600,4.461032824612099
1013,44,level_historical_integrated,0,06349000,4.945008487462436
1013,44,level_historical_integrated,0,06349700,2.21480469266444
1013,44,level_historical_integrated,0,06349900,7.239322611620399
1013,44,level_historical_integrated,0,06349930,4.714431024113278
1013,44,level_historical_integrated,0,06350000,4.206186675361069
1013,44,level_historical_integrated,0,06352400,4.667564019708803
1013,44,level_historical_integrated,0,06354000,4.2746745907775345
1013,44,level_historical_integrated,0,06355310,18.08879856528174
1013,44,level_historical_native,0,06338490,1.5328616149652268
1013,44,level_historical_native,0,06339100,7.609486673028046
1013,44,level_historical_native,0,06339300,6.241101074367498
1013,44,level_historical_native,0,06339550,5.806642660913021
1013,44,level_historical_native,0,06339560,4.408874259690782
1013,44,level_historical_native,0,06339800,6.385766635800215
1013,44,level_historical_native,0,06339900,5.608995123841939
1013,44,level_historical_native,0,06340000,4.611666282652743
1013,44,level_historical_native,0,06340500,4.186388066620994
1013,44,level_historical_native,0,06340520,4.358010893267044
1013,44,level_historical_native,0,06340580,7.984254199933935
1013,44,level_historical_native,0,06340780,9.430667360109446
1013,44,level_historical_native,0,06340930,7.6783754182568815
1013,44,level_historical_native,0,06342040,6.147815086509068
1013,44,level_historical_native,0,06342200,5.297629370542297
1013,44,level_historical_native,0,06342230,6.018287347874971
1013,44,level_historical_native,0,06342500,1.9431884241805377
1013,44,level_historical_native,0,06343000,6.250708738361623
1013,44,level_historical_native,0,06344600,4.287104358487114
1013,44,level_historical_native,0,06349000,4.759139681809438
1013,44,level_historical_native,0,06349700,2.2991628593869455
1013,44,level_historical_native,0,06349900,7.219623147154482
1013,44,level_historical_native,0,06349930,4.763736055199504
1013,44,level_historical_native,0,06350000,4.035617349784979
1013,44,level_historical_native,0,06352400,4.600053498744374
1013,44,level_historical_native,0,06354000,4.0855289864370965
1013,44,level_historical_native,0,06355310,18.241260298894165
1013,44,level_real_integrated,0,06338490,1.4672184736021134
1013,44,level_real_integrated,0,06339100,7.637643109123211
1013,44,level_real_integrated,0,06339300,6.326984391074779
1013,44,level_real_integrated,0,06339550,6.010792116798955
1013,44,level_real_integrated,0,06339560,4.533943121858907
1013,44,level_real_integrated,0,06339800,6.1950415488301855
1013,44,level_real_integrated,0,06339900,5.676599746168848
1013,44,level_real_integrated,0,06340000,4.694944944856609
1013,44,level_real_integrated,0,06340500,4.268437027072101
1013,44,level_real_integrated,0,06340520,4.281916588900565
1013,44,level_real_integrated,0,06340580,7.700452395248141
1013,44,level_real_integrated,0,06340780,9.19999654146199
1013,44,level_real_integrated,0,06340930,7.469803128039114
1013,44,level_real_integrated,0,06342040,6.2889840469929545
1013,44,level_real_integrated,0,06342200,5.389651956791559
1013,44,level_real_integrated,0,06342230,5.894918144600196
1013,44,level_real_integrated,0,06342500,1.8623722004442331
1013,44,level_real_integrated,0,06343000,6.091316627086827
1013,44,level_real_integrated,0,06344600,4.498526032777234
1013,44,level_real_integrated,0,06349000,4.959505589903135
1013,44,level_real_integrated,0,06349700,2.1879818340227795
1013,44,level_real_integrated,0,06349900,7.2595792769142165
1013,44,level_real_integrated,0,06349930,4.692078202055216
1013,44,level_real_integrated,0,06350000,4.251921607195302
1013,44,level_real_integrated,0,06352400,4.704067174700205
1013,44,level_real_integrated,0,06354000,4.306950741644364
1013,44,level_real_integrated,0,06355310,18.06919317217417
1013,44,level_real_native,0,06338490,1.5079069272618504
1013,44,level_real_native,0,06339100,7.606141366659897
1013,44,level_real_native,0,06339300,6.261975440341802
1013,44,level_real_native,0,06339550,5.837411853115168
1013,44,level_real_native,0,06339560,4.4039223424190235
1013,44,level_real_native,0,06339800,6.369973325976329
1013,44,level_real_native,0,06339900,5.64168166245417
1013,44,level_real_native,0,06340000,4.588762989472073
1013,44,level_real_native,0,06340500,4.18468494363082
1013,44,level_real_native,0,06340520,4.290078157915463
1013,44,level_real_native,0,06340580,7.871130215547411
1013,44,level_real_native,0,06340780,9.270433659944404
1013,44,level_real_native,0,06340930,7.586021008860233
1013,44,level_real_native,0,06342040,6.204701082224925
1013,44,level_real_native,0,06342200,5.249018779316144
1013,44,level_real_native,0,06342230,5.975906974849209
1013,44,level_real_native,0,06342500,1.9388561680141527
1013,44,level_real_native,0,06343000,6.185167167437695
1013,44,level_real_native,0,06344600,4.342402683188562
1013,44,level_real_native,0,06349000,4.7881338866908365
1013,44,level_real_native,0,06349700,2.2455171421036244
1013,44,level_real_native,0,06349900,7.248795227137062
1013,44,level_real_native,0,06349930,4.732204532687569
1013,44,level_real_native,0,06350000,4.127087213453445
1013,44,level_real_native,0,06352400,4.669852312256301
1013,44,level_real_native,0,06354000,4.150081288170755
1013,44,level_real_native,0,06355310,18.202049512679032
1013,44,level_seasonal_integrated,0,06338490,1.4684586535653317
1013,44,level_seasonal_integrated,0,06339100,7.634143926965472
1013,44,level_seasonal_integrated,0,06339300,6.321592478683226
1013,44,level_seasonal_integrated,0,06339550,5.9997547365159924
1013,44,level_seasonal_integrated,0,06339560,4.533435747875245
1013,44,level_seasonal_integrated,0,06339800,6.190606379495838
1013,44,level_seasonal_integrated,0,06339900,5.664261394997098
1013,44,level_seasonal_integrated,0,06340000,4.700120702707759
1013,44,level_seasonal_integrated,0,06340500,4.270984143139949
1013,44,level_seasonal_integrated,0,06340520,4.297544494776009
1013,44,level_seasonal_integrated,0,06340580,7.7221035553753135
1013,44,level_seasonal_integrated,0,06340780,9.235290093244757
1013,44,level_seasonal_integrated,0,06340930,7.511630384023261
1013,44,level_seasonal_integrated,0,06342040,6.2912039962831106
1013,44,level_seasonal_integrated,0,06342200,5.397238834105661
1013,44,level_seasonal_integrated,0,06342230,5.903427307285163
1013,44,level_seasonal_integrated,0,06342500,1.8614502359507195
1013,44,level_seasonal_integrated,0,06343000,6.108093346237218
1013,44,level_seasonal_integrated,0,06344600,4.495423328132038
1013,44,level_seasonal_integrated,0,06349000,4.963463116843664
1013,44,level_seasonal_integrated,0,06349700,2.190710077706093
1013,44,level_seasonal_integrated,0,06349900,7.259528046170136
1013,44,level_seasonal_integrated,0,06349930,4.707965406962987
1013,44,level_seasonal_integrated,0,06350000,4.230977521936599
1013,44,level_seasonal_integrated,0,06352400,4.691435851822102
1013,44,level_seasonal_integrated,0,06354000,4.295797819693341
1013,44,level_seasonal_integrated,0,06355310,18.07603691157034
1013,44,level_seasonal_native,0,06338490,1.5098502051487268
1013,44,level_seasonal_native,0,06339100,7.594300137431811
1013,44,level_seasonal_native,0,06339300,6.247647551272269
1013,44,level_seasonal_native,0,06339550,5.815337092549243
1013,44,level_seasonal_native,0,06339560,4.399751084669114
1013,44,level_seasonal_native,0,06339800,6.361102987307635
1013,44,level_seasonal_native,0,06339900,5.61700496011067
1013,44,level_seasonal_native,0,06340000,4.599340467400387
1013,44,level_seasonal_native,0,06340500,4.189779175766518
1013,44,level_seasonal_native,0,06340520,4.321505547266849
1013,44,level_seasonal_native,0,06340580,7.914432535801757
1013,44,level_seasonal_native,0,06340780,9.341020763509938
1013,44,level_seasonal_native,0,06340930,7.6696755208285285
1013,44,level_seasonal_native,0,06342040,6.209140980805237
1013,44,level_seasonal_native,0,06342200,5.2771791552109155
1013,44,level_seasonal_native,0,06342230,5.9929253002191425
1013,44,level_seasonal_native,0,06342500,1.9352209842291124
1013,44,level_seasonal_native,0,06343000,6.217247531947342
1013,44,level_seasonal_native,0,06344600,4.336241503753639
1013,44,level_seasonal_native,0,06349000,4.796048940571893
1013,44,level_seasonal_native,0,06349700,2.250973629470251
1013,44,level_seasonal_native,0,06349900,7.245800039651403
1013,44,level_seasonal_native,0,06349930,4.755133807456541
1013,44,level_seasonal_native,0,06350000,4.085199042936037
1013,44,level_seasonal_native,0,06352400,4.647466106356255
1013,44,level_seasonal_native,0,06354000,4.12777544426871
1013,44,level_seasonal_native,0,06355310,18.215736991471367
1013,44,matched_daily_trees,0,06338490,2.343463738489589
1013,44,matched_daily_trees,0,06339100,8.002964075800628
1013,44,matched_daily_trees,0,06339300,6.5234780811834305
1013,44,matched_daily_trees,0,06339550,6.148247095456927
1013,44,matched_daily_trees,0,06339560,4.638076459294571
1013,44,matched_daily_trees,0,06339800,7.43878707377442
1013,44,matched_daily_trees,0,06339900,5.792621777440602
1013,44,matched_daily_trees,0,06340000,4.876903248653832
1013,44,matched_daily_trees,0,06340500,4.192621487652284
1013,44,matched_daily_trees,0,06340520,4.827315922752362
1013,44,matched_daily_trees,0,06340580,8.170970665107012
1013,44,matched_daily_trees,0,06340780,9.426178255881245
1013,44,matched_daily_trees,0,06340930,8.086027286097853
1013,44,matched_daily_trees,0,06342040,6.162832527504307
1013,44,matched_daily_trees,0,06342200,5.334756210600005
1013,44,matched_daily_trees,0,06342230,6.318317042756966
1013,44,matched_daily_trees,0,06342500,2.615446535303073
1013,44,matched_daily_trees,0,06343000,7.415433403021966
1013,44,matched_daily_trees,0,06344600,3.645756437160678
1013,44,matched_daily_trees,0,06349000,4.481046557649316
1013,44,matched_daily_trees,0,06349700,2.512121840049928
1013,44,matched_daily_trees,0,06349900,7.645306955128668
1013,44,matched_daily_trees,0,06349930,5.3893045495620315
1013,44,matched_daily_trees,0,06350000,3.6910629516784375
1013,44,matched_daily_trees,0,06352400,4.5075684141909305
1013,44,matched_daily_trees,0,06354000,3.463353280283536
1013,44,matched_daily_trees,0,06355310,19.109431906696074
1013,44,relative_fixed_integrated,0,06338490,1.4772207186733792
1013,44,relative_fixed_integrated,0,06339100,7.634871552887817
1013,44,relative_fixed_integrated,0,06339300,6.320160346229736
1013,44,relative_fixed_integrated,0,06339550,5.993311708242715
1013,44,relative_fixed_integrated,0,06339560,4.545521806819886
1013,44,relative_fixed_integrated,0,06339800,6.191402303676101
1013,44,relative_fixed_integrated,0,06339900,5.663786229921117
1013,44,relative_fixed_integrated,0,06340000,4.699679458835712
1013,44,relative_fixed_integrated,0,06340500,4.261128250565371
1013,44,relative_fixed_integrated,0,06340520,4.282550182400225
1013,44,relative_fixed_integrated,0,06340580,7.6907164029146
1013,44,relative_fixed_integrated,0,06340780,9.245447193825115
1013,44,relative_fixed_integrated,0,06340930,7.463795838835609
1013,44,relative_fixed_integrated,0,06342040,6.291330628586111
1013,44,relative_fixed_integrated,0,06342200,5.390515471839122
1013,44,relative_fixed_integrated,0,06342230,5.875818696531295
1013,44,relative_fixed_integrated,0,06342500,1.8479308188581465
1013,44,relative_fixed_integrated,0,06343000,6.094031528758949
1013,44,relative_fixed_integrated,0,06344600,4.512951273451022
1013,44,relative_fixed_integrated,0,06349000,4.96401234576633
1013,44,relative_fixed_integrated,0,06349700,2.1802889351392305
1013,44,relative_fixed_integrated,0,06349900,7.255958655545375
1013,44,relative_fixed_integrated,0,06349930,4.70412363998661
1013,44,relative_fixed_integrated,0,06350000,4.2618972877513555
1013,44,relative_fixed_integrated,0,06352400,4.704803708778292
1013,44,relative_fixed_integrated,0,06354000,4.29755786161259
1013,44,relative_fixed_integrated,0,06355310,18.061928604479856
1013,44,relative_fixed_native,0,06338490,1.5277666603869486
1013,44,relative_fixed_native,0,06339100,7.592273150927794
1013,44,relative_fixed_native,0,06339300,6.251128029247234
1013,44,relative_fixed_native,0,06339550,5.802451036002688
1013,44,relative_fixed_native,0,06339560,4.423914465688277
1013,44,relative_fixed_native,0,06339800,6.36269483566816
1013,44,relative_fixed_native,0,06339900,5.616054629958708
1013,44,relative_fixed_native,0,06340000,4.59654449996118
1013,44,relative_fixed_native,0,06340500,4.170067390617362
1013,44,relative_fixed_native,0,06340520,4.2913453449147845
1013,44,relative_fixed_native,0,06340580,7.851658230880329
1013,44,relative_fixed_native,0,06340780,9.36133496467065
1013,44,relative_fixed_native,0,06340930,7.574006430453224
1013,44,relative_fixed_native,0,06342040,6.209394245411237
1013,44,relative_fixed_native,0,06342200,5.250767945251792
1013,44,relative_fixed_native,0,06342230,5.937708078711403
1013,44,relative_fixed_native,0,06342500,1.9077536537990227
1013,44,relative_fixed_native,0,06343000,6.19024877756201
1013,44,relative_fixed_native,0,06344600,4.371938133064287
1013,44,relative_fixed_native,0,06349000,4.797147398417226
1013,44,relative_fixed_native,0,06349700,2.230131344336526
1013,44,relative_fixed_native,0,06349900,7.239310343049376
1013,44,relative_fixed_native,0,06349930,4.742880223358867
1013,44,relative_fixed_native,0,06350000,4.14703857456555
1013,44,relative_fixed_native,0,06352400,4.659884966718891
1013,44,relative_fixed_native,0,06354000,4.131295528107205
1013,44,relative_fixed_native,0,06355310,18.187520377290397
1013,44,relative_historical_integrated,0,06338490,1.5083276476306393
1013,44,relative_historical_integrated,0,06339100,7.625465184753453
1013,44,relative_historical_integrated,0,06339300,6.289880800213837
1013,44,relative_historical_integrated,0,06339550,5.906985383659733
1013,44,relative_historical_integrated,0,06339560,4.492228528280122
1013,44,relative_historical_integrated,0,06339800,6.279909387529016
1013,44,relative_historical_integrated,0,06339900,5.628618058860381
1013,44,relative_historical_integrated,0,06340000,4.661458812055892
1013,44,relative_historical_integrated,0,06340500,4.226021489741759
1013,44,relative_historical_integrated,0,06340520,4.317562327927286
1013,44,relative_historical_integrated,0,06340580,7.8070256086449605
1013,44,relative_historical_integrated,0,06340780,9.336601057540268
1013,44,relative_historical_integrated,0,06340930,7.547142919235644
1013,44,relative_historical_integrated,0,06342040,6.208742734942623
1013,44,relative_historical_integrated,0,06342200,5.347724002003915
1013,44,relative_historical_integrated,0,06342230,5.9320936124022925
1013,44,relative_historical_integrated,0,06342500,1.885240038383418
1013,44,relative_historical_integrated,0,06343000,6.1691683752145945
1013,44,relative_historical_integrated,0,06344600,4.412489189218004
1013,44,relative_historical_integrated,0,06349000,4.8789669982223565
1013,44,relative_historical_integrated,0,06349700,2.2391981264333545
1013,44,relative_historical_integrated,0,06349900,7.23021668981566
1013,44,relative_historical_integrated,0,06349930,4.73335437737666
1013,44,relative_historical_integrated,0,06350000,4.1581212467063065
1013,44,relative_historical_integrated,0,06352400,4.649548278155928
1013,44,relative_historical_integrated,0,06354000,4.201096989700686
1013,44,relative_historical_integrated,0,06355310,18.135823656268233
1013,44,relative_historical_native,0,06338490,1.5370305203208992
1013,44,relative_historical_native,0,06339100,7.613536129239682
1013,44,relative_historical_native,0,06339300,6.254249565007501
1013,44,relative_historical_native,0,06339550,5.814589718052063
1013,44,relative_historical_native,0,06339560,4.433775300078283
1013,44,relative_historical_native,0,06339800,6.366509259477341
1013,44,relative_historical_native,0,06339900,5.600984801852666
1013,44,relative_historical_native,0,06340000,4.616532320019504
1013,44,relative_historical_native,0,06340500,4.1839656161512195
1013,44,relative_historical_native,0,06340520,4.33216476394116
1013,44,relative_historical_native,0,06340580,7.899442619876989
1013,44,relative_historical_native,0,06340780,9.405614935727165
1013,44,relative_historical_native,0,06340930,7.611662143241528
1013,44,relative_historical_native,0,06342040,6.1539013093365025
1013,44,relative_historical_native,0,06342200,5.291199165005084
1013,44,relative_historical_native,0,06342230,5.971481711752662
1013,44,relative_historical_native,0,06342500,1.9189759667442021
1013,44,relative_historical_native,0,06343000,6.2271225579412
1013,44,relative_historical_native,0,06344600,4.337575202011443
1013,44,relative_historical_native,0,06349000,4.794996899924664
1013,44,relative_historical_native,0,06349700,2.275448659930494
1013,44,relative_historical_native,0,06349900,7.2250508032288465
1013,44,relative_historical_native,0,06349930,4.75717276057969
1013,44,relative_historical_native,0,06350000,4.085242995296022
1013,44,relative_historical_native,0,06352400,4.615910963352724
1013,44,relative_historical_native,0,06354000,4.113522587894923
1013,44,relative_historical_native,0,06355310,18.202319264467874
1013,44,relative_real_integrated,0,06338490,1.4791147814441021
1013,44,relative_real_integrated,0,06339100,7.6360899131084405
1013,44,relative_real_integrated,0,06339300,6.323365187969592
1013,44,relative_real_integrated,0,06339550,5.996750796703033
1013,44,relative_real_integrated,0,06339560,4.546025027459654
1013,44,relative_real_integrated,0,06339800,6.193533129554097
1013,44,relative_real_integrated,0,06339900,5.667331894076447
1013,44,relative_real_integrated,0,06340000,4.696446605549946
1013,44,relative_real_integrated,0,06340500,4.26041570170896
1013,44,relative_real_integrated,0,06340520,4.276957675723312
1013,44,relative_real_integrated,0,06340580,7.682722481121844
1013,44,relative_real_integrated,0,06340780,9.226157922402004
1013,44,relative_real_integrated,0,06340930,7.438734926179322
1013,44,relative_real_integrated,0,06342040,6.284587928769287
1013,44,relative_real_integrated,0,06342200,5.388120776797214
1013,44,relative_real_integrated,0,06342230,5.871173091184528
1013,44,relative_real_integrated,0,06342500,1.8525142228926668
1013,44,relative_real_integrated,0,06343000,6.086259689762588
1013,44,relative_real_integrated,0,06344600,4.511142824404542
1013,44,relative_real_integrated,0,06349000,4.960416816318251
1013,44,relative_real_integrated,0,06349700,2.1858472732800394
1013,44,relative_real_integrated,0,06349900,7.257399579482317
1013,44,relative_real_integrated,0,06349930,4.6926330234397025
1013,44,relative_real_integrated,0,06350000,4.26999595261205
1013,44,relative_real_integrated,0,06352400,4.707617055772712
1013,44,relative_real_integrated,0,06354000,4.302281896973279
1013,44,relative_real_integrated,0,06355310,18.060990910210105
1013,44,relative_real_native,0,06338490,1.5327568607338684
1013,44,relative_real_native,0,06339100,7.601324607368814
1013,44,relative_real_native,0,06339300,6.258117856196977
1013,44,relative_real_native,0,06339550,5.809329212923324
1013,44,relative_real_native,0,06339560,4.426279605311761
1013,44,relative_real_native,0,06339800,6.36695648742415
1013,44,relative_real_native,0,06339900,5.623145958269369
1013,44,relative_real_native,0,06340000,4.590090653505754
1013,44,relative_real_native,0,06340500,4.16864229290454
1013,44,relative_real_native,0,06340520,4.28016033156096
1013,44,relative_real_native,0,06340580,7.835670387294818
1013,44,relative_real_native,0,06340780,9.32275642182443
1013,44,relative_real_native,0,06340930,7.523884605140649
1013,44,relative_real_native,0,06342040,6.19590884577759
1013,44,relative_real_native,0,06342200,5.245027385662689
1013,44,relative_real_native,0,06342230,5.928416868017871
1013,44,relative_real_native,0,06342500,1.9200373666627286
1013,44,relative_real_native,0,06343000,6.177618196687097
1013,44,relative_real_native,0,06344600,4.36884921490157
1013,44,relative_real_native,0,06349000,4.789956339521068
1013,44,relative_real_native,0,06349700,2.2412480206181438
1013,44,relative_real_native,0,06349900,7.241373183367615
1013,44,relative_real_native,0,06349930,4.726422269195099
1013,44,relative_real_native,0,06350000,4.16323590428694
1013,44,relative_real_native,0,06352400,4.66477388897989
1013,44,relative_real_native,0,06354000,4.140743598828585
1013,44,relative_real_native,0,06355310,18.185644988750898
1013,44,station_hidden_trees,0,06338490,1.6366094444684758
1013,44,station_hidden_trees,0,06339100,7.575871175743923
1013,44,station_hidden_trees,0,06339300,6.2255034076709235
1013,44,station_hidden_trees,0,06339550,5.638882398213277
1013,44,station_hidden_trees,0,06339560,4.279960169668462
1013,44,station_hidden_trees,0,06339800,6.474020221673639
1013,44,station_hidden_trees,0,06339900,5.577970832876785
1013,44,station_hidden_trees,0,06340000,4.544112321959699
1013,44,station_hidden_trees,0,06340500,4.137385121110009
1013,44,station_hidden_trees,0,06340520,4.356441663306602
1013,44,station_hidden_trees,0,06340580,8.137841942953
1013,44,station_hidden_trees,0,06340780,9.557163904148252
1013,44,station_hidden_trees,0,06340930,7.798134827386502
1013,44,station_hidden_trees,0,06342040,6.107263065691073
1013,44,station_hidden_trees,0,06342200,5.193672325960725
1013,44,station_hidden_trees,0,06342230,6.090736755061973
1013,44,station_hidden_trees,0,06342500,1.9352749768260715
1013,44,station_hidden_trees,0,06343000,6.3459420384313034
1013,44,station_hidden_trees,0,06344600,4.2193978865628194
1013,44,station_hidden_trees,0,06349000,4.602831563393522
1013,44,station_hidden_trees,0,06349700,2.2166467463506985
1013,44,station_hidden_trees,0,06349900,7.19018544502361
1013,44,station_hidden_trees,0,06349930,4.795346123365835
1013,44,station_hidden_trees,0,06350000,3.9184516876277486
1013,44,station_hidden_trees,0,06352400,4.586209824324719
1013,44,station_hidden_trees,0,06354000,3.9580069327904663
1013,44,station_hidden_trees,0,06355310,18.528852624897354
1013,44,unmonitored_integrated,0,06338490,1.4781904566036634
1013,44,unmonitored_integrated,0,06339100,7.648510477500199
1013,44,unmonitored_integrated,0,06339300,6.326376379567708
1013,44,unmonitored_integrated,0,06339550,6.001946836376234
1013,44,unmonitored_integrated,0,06339560,4.553585746397299
1013,44,unmonitored_integrated,0,06339800,6.190724096871506
1013,44,unmonitored_integrated,0,06339900,5.657453227052746
1013,44,unmonitored_integrated,0,06340000,4.708932398158626
1013,44,unmonitored_integrated,0,06340500,4.2694516703391585
1013,44,unmonitored_integrated,0,06340520,4.3022655755858406
1013,44,unmonitored_integrated,0,06340580,7.709795473297661
1013,44,unmonitored_integrated,0,06340780,9.265449675111286
1013,44,unmonitored_integrated,0,06340930,7.481592172528577
1013,44,unmonitored_integrated,0,06342040,6.2682559249225225
1013,44,unmonitored_integrated,0,06342200,5.410133279248952
1013,44,unmonitored_integrated,0,06342230,5.891320582944823
1013,44,unmonitored_integrated,0,06342500,1.850469221223087
1013,44,unmonitored_integrated,0,06343000,6.112219044151967
1013,44,unmonitored_integrated,0,06344600,4.502638915906123
1013,44,unmonitored_integrated,0,06349000,4.970569095515125
1013,44,unmonitored_integrated,0,06349700,2.198221508635053
1013,44,unmonitored_integrated,0,06349900,7.2540653646404385
1013,44,unmonitored_integrated,0,06349930,4.713008454040162
1013,44,unmonitored_integrated,0,06350000,4.234895008606142
1013,44,unmonitored_integrated,0,06352400,4.686432040134043
1013,44,unmonitored_integrated,0,06354000,4.294189123344633
1013,44,unmonitored_integrated,0,06355310,18.064782627867302
1013,44,unmonitored_residual,0,06338490,1.5272400104576815
1013,44,unmonitored_residual,0,06339100,7.614058948825607
1013,44,unmonitored_residual,0,06339300,6.255978253302572
1013,44,unmonitored_residual,0,06339550,5.819721292269726
1013,44,unmonitored_residual,0,06339560,4.439583279908956
1013,44,unmonitored_residual,0,06339800,6.360016472159691
1013,44,unmonitored_residual,0,06339900,5.6033886242219655
1013,44,unmonitored_residual,0,06340000,4.618315159633898
1013,44,unmonitored_residual,0,06340500,4.186714230164937
1013,44,unmonitored_residual,0,06340520,4.330776131286016
1013,44,unmonitored_residual,0,06340580,7.889816371646453
1013,44,unmonitored_residual,0,06340780,9.401339927242995
1013,44,unmonitored_residual,0,06340930,7.60959909783916
1013,44,unmonitored_residual,0,06342040,6.1632448380840605
1013,44,unmonitored_residual,0,06342200,5.297322289895941
1013,44,unmonitored_residual,0,06342230,5.968711851538462
1013,44,unmonitored_residual,0,06342500,1.909505516793767
1013,44,unmonitored_residual,0,06343000,6.2254746155785705
1013,44,unmonitored_residual,0,06344600,4.349790106703881
1013,44,unmonitored_residual,0,06349000,4.810260897914816
1013,44,unmonitored_residual,0,06349700,2.2659964913281714
1013,44,unmonitored_residual,0,06349900,7.23258496085159
1013,44,unmonitored_residual,0,06349930,4.757448896110624
1013,44,unmonitored_residual,0,06350000,4.093034016275124
1013,44,unmonitored_residual,0,06352400,4.622403857702551
1013,44,unmonitored_residual,0,06354000,4.1245580515712925
1013,44,unmonitored_residual,0,06355310,18.193228424065296
1013,45,attention_fixed_integrated,0,06338490,1.1552501297387578
1013,45,attention_fixed_integrated,0,06339100,7.773658792024358
1013,45,attention_fixed_integrated,0,06339300,6.354437974678993
1013,45,attention_fixed_integrated,0,06339550,5.054070000774032
1013,45,attention_fixed_integrated,0,06339560,3.943766456875317
1013,45,attention_fixed_integrated,0,06339800,7.734480867654963
1013,45,attention_fixed_integrated,0,06339900,5.636307992007555
1013,45,attention_fixed_integrated,0,06340000,4.192729727718823
1013,45,attention_fixed_integrated,0,06340500,3.5632306237213904
1013,45,attention_fixed_integrated,0,06340520,4.580189743397028
1013,45,attention_fixed_integrated,0,06340580,8.449847599862805
1013,45,attention_fixed_integrated,0,06340780,10.396469365115578
1013,45,attention_fixed_integrated,0,06340930,8.805677907887286
1013,45,attention_fixed_integrated,0,06342040,6.181637011804521
1013,45,attention_fixed_integrated,0,06342200,4.849982310721046
1013,45,attention_fixed_integrated,0,06342230,6.333028905376457
1013,45,attention_fixed_integrated,0,06342500,1.582337240322678
1013,45,attention_fixed_integrated,0,06343000,6.988453476401617
1013,45,attention_fixed_integrated,0,06344600,3.645308219822451
1013,45,attention_fixed_integrated,0,06349000,3.2882688791627506
1013,45,attention_fixed_integrated,0,06349700,1.5705855007756222
1013,45,attention_fixed_integrated,0,06349900,7.097484716898479
1013,45,attention_fixed_integrated,0,06349930,5.063478677803965
1013,45,attention_fixed_integrated,0,06350000,3.5943710772984026
1013,45,attention_fixed_integrated,0,06352400,5.652671011326692
1013,45,attention_fixed_integrated,0,06354000,2.6203847596691308
1013,45,attention_fixed_integrated,0,06355310,18.86065866520731
1013,45,attention_fixed_native,0,06338490,1.155326185510144
1013,45,attention_fixed_native,0,06339100,7.771011018808204
1013,45,attention_fixed_native,0,06339300,6.367412272372237
1013,45,attention_fixed_native,0,06339550,4.951234390071874
1013,45,attention_fixed_native,0,06339560,3.898111674657714
1013,45,attention_fixed_native,0,06339800,7.834701995547208
1013,45,attention_fixed_native,0,06339900,5.660858964916332
1013,45,attention_fixed_native,0,06340000,4.158919133909186
1013,45,attention_fixed_native,0,06340500,3.5488642753995587
1013,45,attention_fixed_native,0,06340520,4.619528462125819
1013,45,attention_fixed_native,0,06340580,8.558473083891853
1013,45,attention_fixed_native,0,06340780,10.45640430610231
1013,45,attention_fixed_native,0,06340930,8.892856692445957
1013,45,attention_fixed_native,0,06342040,6.141217045425458
1013,45,attention_fixed_native,0,06342200,4.808520184568573
1013,45,attention_fixed_native,0,06342230,6.399272349512868
1013,45,attention_fixed_native,0,06342500,1.585115285104772
1013,45,attention_fixed_native,0,06343000,7.083070659944072
1013,45,attention_fixed_native,0,06344600,3.592779579885733
1013,45,attention_fixed_native,0,06349000,3.217531847309459
1013,45,attention_fixed_native,0,06349700,1.5962872955646246
1013,45,attention_fixed_native,0,06349900,7.13210579950739
1013,45,attention_fixed_native,0,06349930,5.130534013863086
1013,45,attention_fixed_native,0,06350000,3.5985146138719792
1013,45,attention_fixed_native,0,06352400,5.720865532434597
1013,45,attention_fixed_native,0,06354000,2.581256190427294
1013,45,attention_fixed_native,0,06355310,18.958279059932195
1013,45,attention_historical_integrated,0,06338490,1.1602789549310784
1013,45,attention_historical_integrated,0,06339100,7.797945247564128
1013,45,attention_historical_integrated,0,06339300,6.358326513359391
1013,45,attention_historical_integrated,0,06339550,5.09923104140379
1013,45,attention_historical_integrated,0,06339560,3.9651011975744526
1013,45,attention_historical_integrated,0,06339800,7.716852251542754
1013,45,attention_historical_integrated,0,06339900,5.634179769766703
1013,45,attention_historical_integrated,0,06340000,4.211182432540008
1013,45,attention_historical_integrated,0,06340500,3.5816944197678575
1013,45,attention_historical_integrated,0,06340520,4.589776739386113
1013,45,attention_historical_integrated,0,06340580,8.443920533544114
1013,45,attention_historical_integrated,0,06340780,10.396407728117984
1013,45,attention_historical_integrated,0,06340930,8.803803598109074
1013,45,attention_historical_integrated,0,06342040,6.169551831819952
1013,45,attention_historical_integrated,0,06342200,4.884949295081214
1013,45,attention_historical_integrated,0,06342230,6.334395211472772
1013,45,attention_historical_integrated,0,06342500,1.5830219076090886
1013,45,attention_historical_integrated,0,06343000,6.976794175057119
1013,45,attention_historical_integrated,0,06344600,3.6649616080594107
1013,45,attention_historical_integrated,0,06349000,3.3254056342032876
1013,45,attention_historical_integrated,0,06349700,1.5778232826761016
1013,45,attention_historical_integrated,0,06349900,7.108599818995871
1013,45,attention_historical_integrated,0,06349930,5.056264921195091
1013,45,attention_historical_integrated,0,06350000,3.5731771866093185
1013,45,attention_historical_integrated,0,06352400,5.644154483536737
1013,45,attention_historical_integrated,0,06354000,2.6506594287629492
1013,45,attention_historical_integrated,0,06355310,18.837984281689334
1013,45,attention_historical_native,0,06338490,1.1627958470657522
1013,45,attention_historical_native,0,06339100,7.801034213225163
1013,45,attention_historical_native,0,06339300,6.372596990612767
1013,45,attention_historical_native,0,06339550,5.011449110911551
1013,45,attention_historical_native,0,06339560,3.9261135470070485
1013,45,attention_historical_native,0,06339800,7.811197174064263
1013,45,attention_historical_native,0,06339900,5.658021335261863
1013,45,attention_historical_native,0,06340000,4.183522740337432
1013,45,attention_historical_native,0,06340500,3.5711635168702216
1013,45,attention_historical_native,0,06340520,4.634714666440051
1013,45,attention_historical_native,0,06340580,8.553727398085977
1013,45,attention_historical_native,0,06340780,10.456322123438852
1013,45,attention_historical_native,0,06340930,8.890357612741672
1013,45,attention_historical_native,0,06342040,6.1251034721126985
1013,45,attention_historical_native,0,06342200,4.855142830382131
1013,45,attention_historical_native,0,06342230,6.401094090974622
1013,45,attention_historical_native,0,06342500,1.588135560736762
1013,45,attention_historical_native,0,06343000,7.056036228428063
1013,45,attention_historical_native,0,06344600,3.6189840975350123
1013,45,attention_historical_native,0,06349000,3.263033291636254
1013,45,attention_historical_native,0,06349700,1.6059376714319304
1013,45,attention_historical_native,0,06349900,7.146925935637246
1013,45,attention_historical_native,0,06349930,5.12091567171792
1013,45,attention_historical_native,0,06350000,3.5702560929532003
1013,45,attention_historical_native,0,06352400,5.709510162047989
1013,45,attention_historical_native,0,06354000,2.621622415885719
1013,45,attention_historical_native,0,06355310,18.928046548574894
1013,45,attention_real_integrated,0,06338490,1.1558729053010743
1013,45,attention_real_integrated,0,06339100,7.736703919844149
1013,45,attention_real_integrated,0,06339300,6.327811275862942
1013,45,attention_real_integrated,0,06339550,5.017298049270846
1013,45,attention_real_integrated,0,06339560,3.935463977491648
1013,45,attention_real_integrated,0,06339800,7.718293982874372
1013,45,attention_real_integrated,0,06339900,5.628918075757215
1013,45,attention_real_integrated,0,06340000,4.177933564234772
1013,45,attention_real_integrated,0,06340500,3.546283425160243
1013,45,attention_real_integrated,0,06340520,4.557931343374045
1013,45,attention_real_integrated,0,06340580,8.413399432225814
1013,45,attention_real_integrated,0,06340780,10.358181873681428
1013,45,attention_real_integrated,0,06340930,8.747590654689258
1013,45,attention_real_integrated,0,06342040,6.203943607547223
1013,45,attention_real_integrated,0,06342200,4.812731485703356
1013,45,attention_real_integrated,0,06342230,6.293713396633672
1013,45,attention_real_integrated,0,06342500,1.586319007505426
1013,45,attention_real_integrated,0,06343000,6.964174877238038
1013,45,attention_real_integrated,0,06344600,3.642574197793707
1013,45,attention_real_integrated,0,06349000,3.289939340715697
1013,45,attention_real_integrated,0,06349700,1.5743193346970892
1013,45,attention_real_integrated,0,06349900,7.065424945993169
1013,45,attention_real_integrated,0,06349930,5.039578343122372
1013,45,attention_real_integrated,0,06350000,3.6150615154704613
1013,45,attention_real_integrated,0,06352400,5.620839840945929
1013,45,attention_real_integrated,0,06354000,2.6040009581785486
1013,45,attention_real_integrated,0,06355310,18.839547107869542
1013,45,attention_real_native,0,06338490,1.156156552926566
1013,45,attention_real_native,0,06339100,7.729171560797026
1013,45,attention_real_native,0,06339300,6.331910007284167
1013,45,attention_real_native,0,06339550,4.90220512140096
1013,45,attention_real_native,0,06339560,3.886610581040916
1013,45,attention_real_native,0,06339800,7.813119482506421
1013,45,attention_real_native,0,06339900,5.651005743249213
1013,45,attention_real_native,0,06340000,4.139190915930451
1013,45,attention_real_native,0,06340500,3.5234730160545125
1013,45,attention_real_native,0,06340520,4.574976226085027
1013,45,attention_real_native,0,06340580,8.504650298308436
1013,45,attention_real_native,0,06340780,10.405354317523445
1013,45,attention_real_native,0,06340930,8.815407021515254
1013,45,attention_real_native,0,06342040,6.1709591730823945
1013,45,attention_real_native,0,06342200,4.758852417878319
1013,45,attention_real_native,0,06342230,6.346851671189155
1013,45,attention_real_native,0,06342500,1.5904243080151028
1013,45,attention_real_native,0,06343000,7.057311951177559
1013,45,attention_real_native,0,06344600,3.589134217180741
1013,45,attention_real_native,0,06349000,3.2197591293800545
1013,45,attention_real_native,0,06349700,1.601265740793247
1013,45,attention_real_native,0,06349900,7.090828565865142
1013,45,attention_real_native,0,06349930,5.098682605887033
1013,45,attention_real_native,0,06350000,3.622414827249187
1013,45,attention_real_native,0,06352400,5.676807303328572
1013,45,attention_real_native,0,06354000,2.5594111217731847
1013,45,attention_real_native,0,06355310,18.930130316815173
1013,45,current_model,0,06338490,2.182642444434678
1013,45,current_model,0,06339100,8.232214296061365
1013,45,current_model,0,06339300,6.6325590561983105
1013,45,current_model,0,06339550,6.089981486497162
1013,45,current_model,0,06339560,5.1200559214154095
1013,45,current_model,0,06339800,7.2442244130810405
1013,45,current_model,0,06339900,5.846781078160332
1013,45,current_model,0,06340000,4.985619862171319
1013,45,current_model,0,06340500,4.573923658177598
1013,45,current_model,0,06340520,4.991495981503136
1013,45,current_model,0,06340580,8.024364159420129
1013,45,current_model,0,06340780,8.958860162541937
1013,45,current_model,0,06340930,7.946761446153594
1013,45,current_model,0,06342040,6.592110010336448
1013,45,current_model,0,06342200,5.6409826947619806
1013,45,current_model,0,06342230,6.3024411247343215
1013,45,current_model,0,06342500,2.5945348879858487
1013,45,current_model,0,06343000,6.980968845241113
1013,45,current_model,0,06344600,3.9922244248203924
1013,45,current_model,0,06349000,4.875648925867922
1013,45,current_model,0,06349700,2.5525505301660787
1013,45,current_model,0,06349900,7.409664526404021
1013,45,current_model,0,06349930,5.092805269063086
1013,45,current_model,0,06350000,3.6348171122290185
1013,45,current_model,0,06352400,4.693558143562942
1013,45,current_model,0,06354000,3.5290184218301963
1013,45,current_model,0,06355310,18.94229215563807
1013,45,innovation_real_integrated,0,06338490,1.1537563743240937
1013,45,innovation_real_integrated,0,06339100,7.766796304559085
1013,45,innovation_real_integrated,0,06339300,6.350303811794644
1013,45,innovation_real_integrated,0,06339550,5.0484171635840775
1013,45,innovation_real_integrated,0,06339560,3.9416075121807252
1013,45,innovation_real_integrated,0,06339800,7.732124063376912
1013,45,innovation_real_integrated,0,06339900,5.636301079928416
1013,45,innovation_real_integrated,0,06340000,4.190537553458142
1013,45,innovation_real_integrated,0,06340500,3.5598658265299905
1013,45,innovation_real_integrated,0,06340520,4.575357568619044
1013,45,innovation_real_integrated,0,06340580,8.44375670403704
1013,45,innovation_real_integrated,0,06340780,10.390591833878505
1013,45,innovation_real_integrated,0,06340930,8.801070988151617
1013,45,innovation_real_integrated,0,06342040,6.187943689861238
1013,45,innovation_real_integrated,0,06342200,4.8451721754061845
1013,45,innovation_real_integrated,0,06342230,6.326239173037404
1013,45,innovation_real_integrated,0,06342500,1.5804023337099127
1013,45,innovation_real_integrated,0,06343000,6.985207674802057
1013,45,innovation_real_integrated,0,06344600,3.6472161123942133
1013,45,innovation_real_integrated,0,06349000,3.2896197021528626
1013,45,innovation_real_integrated,0,06349700,1.5658923633642043
1013,45,innovation_real_integrated,0,06349900,7.093713774900704
1013,45,innovation_real_integrated,0,06349930,5.060631065065801
1013,45,innovation_real_integrated,0,06350000,3.598423808936747
1013,45,innovation_real_integrated,0,06352400,5.647130622942635
1013,45,innovation_real_integrated,0,06354000,2.6179312747514287
1013,45,innovation_real_integrated,0,06355310,18.857812646834894
1013,45,innovation_real_native,0,06338490,1.1533886150757184
1013,45,innovation_real_native,0,06339100,7.762251509707561
1013,45,innovation_real_native,0,06339300,6.361900055193105
1013,45,innovation_real_native,0,06339550,4.943697273818601
1013,45,innovation_real_native,0,06339560,3.895203396489756
1013,45,innovation_real_native,0,06339800,7.831559589843142
1013,45,innovation_real_native,0,06339900,5.660849748810814
1013,45,innovation_real_native,0,06340000,4.155996234894945
1013,45,innovation_real_native,0,06340500,3.5441987222219007
1013,45,innovation_real_native,0,06340520,4.611110932066005
1013,45,innovation_real_native,0,06340580,8.548823671068943
1013,45,innovation_real_native,0,06340780,10.448567597786214
1013,45,innovation_real_native,0,06340930,8.886714132798398
1013,45,innovation_real_native,0,06342040,6.149625949501081
1013,45,innovation_real_native,0,06342200,4.802106670815424
1013,45,innovation_real_native,0,06342230,6.390219373060797
1013,45,innovation_real_native,0,06342500,1.5826414500622157
1013,45,innovation_real_native,0,06343000,7.079253374851296
1013,45,innovation_real_native,0,06344600,3.595323436648082
1013,45,innovation_real_native,0,06349000,3.219332944629609
1013,45,innovation_real_native,0,06349700,1.5900297790160671
1013,45,innovation_real_native,0,06349900,7.127077876843691
1013,45,innovation_real_native,0,06349930,5.126737196878866
1013,45,innovation_real_native,0,06350000,3.6039182560564385
1013,45,innovation_real_native,0,06352400,5.7134783479225195
1013,45,innovation_real_native,0,06354000,2.5779848772036917
1013,45,innovation_real_native,0,06355310,18.954484368768973
1013,45,innovation_real_trees,0,06338490,1.480998575428539
1013,45,innovation_real_trees,0,06339100,7.33055736098539
1013,45,innovation_real_trees,0,06339300,6.033468267889059
1013,45,innovation_real_trees,0,06339550,4.515169945320957
1013,45,innovation_real_trees,0,06339560,3.498204458990571
1013,45,innovation_real_trees,0,06339800,7.187281839821425
1013,45,innovation_real_trees,0,06339900,5.422091517761224
1013,45,innovation_real_trees,0,06340000,4.105205722357543
1013,45,innovation_real_trees,0,06340500,3.6236609595111005
1013,45,innovation_real_trees,0,06340520,4.756115661913357
1013,45,innovation_real_trees,0,06340580,9.420872184797062
1013,45,innovation_real_trees,0,06340780,10.739165865279837
1013,45,innovation_real_trees,0,06340930,9.358605777552532
1013,45,innovation_real_trees,0,06342040,5.838876731204246
1013,45,innovation_real_trees,0,06342200,4.474613893810878
1013,45,innovation_real_trees,0,06342230,6.716485691141492
1013,45,innovation_real_trees,0,06342500,1.93735200774186
1013,45,innovation_real_trees,0,06343000,6.785770414209559
1013,45,innovation_real_trees,0,06344600,3.784685911545134
1013,45,innovation_real_trees,0,06349000,3.5213062195328653
1013,45,innovation_real_trees,0,06349700,1.9206988029837817
1013,45,innovation_real_trees,0,06349900,6.857056624115257
1013,45,innovation_real_trees,0,06349930,5.25505991445883
1013,45,innovation_real_trees,0,06350000,3.6492690148657108
1013,45,innovation_real_trees,0,06352400,5.51664797760846
1013,45,innovation_real_trees,0,06354000,2.6277148140328386
1013,45,innovation_real_trees,0,06355310,19.818094043563335
1013,45,level_fixed_integrated,0,06338490,1.1799865935392138
1013,45,level_fixed_integrated,0,06339100,7.705723939091189
1013,45,level_fixed_integrated,0,06339300,6.3074461770690675
1013,45,level_fixed_integrated,0,06339550,4.93145690895992
1013,45,level_fixed_integrated,0,06339560,3.8752579292752567
1013,45,level_fixed_integrated,0,06339800,7.764853461368697
1013,45,level_fixed_integrated,0,06339900,5.6407841159678815
1013,45,level_fixed_integrated,0,06340000,4.144560871001997
1013,45,level_fixed_integrated,0,06340500,3.5103071736960603
1013,45,level_fixed_integrated,0,06340520,4.5642752673818805
1013,45,level_fixed_integrated,0,06340580,8.507531892023946
1013,45,level_fixed_integrated,0,06340780,10.395705888837174
1013,45,level_fixed_integrated,0,06340930,8.874420352382161
1013,45,level_fixed_integrated,0,06342040,6.204539592417695
1013,45,level_fixed_integrated,0,06342200,4.765941024239181
1013,45,level_fixed_integrated,0,06342230,6.370319690352005
1013,45,level_fixed_integrated,0,06342500,1.6832503877974976
1013,45,level_fixed_integrated,0,06343000,7.017350674594625
1013,45,level_fixed_integrated,0,06344600,3.5795956889831864
1013,45,level_fixed_integrated,0,06349000,3.2731043797521817
1013,45,level_fixed_integrated,0,06349700,1.59014504336461
1013,45,level_fixed_integrated,0,06349900,7.1138862160499645
1013,45,level_fixed_integrated,0,06349930,5.108514044111014
1013,45,level_fixed_integrated,0,06350000,3.6479316558918256
1013,45,level_fixed_integrated,0,06352400,5.6691041627994325
1013,45,level_fixed_integrated,0,06354000,2.6100225937017965
1013,45,level_fixed_integrated,0,06355310,18.869516841554084
1013,45,level_fixed_native,0,06338490,1.1688339429676102
1013,45,level_fixed_native,0,06339100,7.680652553715123
1013,45,level_fixed_native,0,06339300,6.2777563685116915
1013,45,level_fixed_native,0,06339550,4.916939106120835
1013,45,level_fixed_native,0,06339560,3.88050828420787
1013,45,level_fixed_native,0,06339800,7.757865624407308
1013,45,level_fixed_native,0,06339900,5.634762321561683
1013,45,level_fixed_native,0,06340000,4.136671756478519
1013,45,level_fixed_native,0,06340500,3.493000862521878
1013,45,level_fixed_native,0,06340520,4.538997679942448
1013,45,level_fixed_native,0,06340580,8.441140685343349
1013,45,level_fixed_native,0,06340780,10.3275286310775
1013,45,level_fixed_native,0,06340930,8.810624451734308
1013,45,level_fixed_native,0,06342040,6.224222803055329
1013,45,level_fixed_native,0,06342200,4.742603521739783
1013,45,level_fixed_native,0,06342230,6.326543464110928
1013,45,level_fixed_native,0,06342500,1.6728555790604802
1013,45,level_fixed_native,0,06343000,6.99074579516241
1013,45,level_fixed_native,0,06344600,3.582990592123339
1013,45,level_fixed_native,0,06349000,3.312078506875597
1013,45,level_fixed_native,0,06349700,1.5661365515711054
1013,45,level_fixed_native,0,06349900,7.117767946089247
1013,45,level_fixed_native,0,06349930,5.086375684035754
1013,45,level_fixed_native,0,06350000,3.67768615765813
1013,45,level_fixed_native,0,06352400,5.639922368997592
1013,45,level_fixed_native,0,06354000,2.6235321931508895
1013,45,level_fixed_native,0,06355310,18.7666889866207
1013,45,level_historical_integrated,0,06338490,1.1591740195520854
1013,45,level_historical_integrated,0,06339100,7.7531097429156866
1013,45,level_historical_integrated,0,06339300,6.346850861189668
1013,45,level_historical_integrated,0,06339550,5.078019278859416
1013,45,level_historical_integrated,0,06339560,3.941808783344012
1013,45,level_historical_integrated,0,06339800,7.728055968970535
1013,45,level_historical_integrated,0,06339900,5.638869588444697
1013,45,level_historical_integrated,0,06340000,4.208555155649021
1013,45,level_historical_integrated,0,06340500,3.5879407777842136
1013,45,level_historical_integrated,0,06340520,4.613118821610171
1013,45,level_historical_integrated,0,06340580,8.532202497586807
1013,45,level_historical_integrated,0,06340780,10.423562566991265
1013,45,level_historical_integrated,0,06340930,8.88620545302648
1013,45,level_historical_integrated,0,06342040,6.144102929309845
1013,45,level_historical_integrated,0,06342200,4.8895183850216535
1013,45,level_historical_integrated,0,06342230,6.387174736605815
1013,45,level_historical_integrated,0,06342500,1.6253536369868054
1013,45,level_historical_integrated,0,06343000,6.991717088438988
1013,45,level_historical_integrated,0,06344600,3.623405542467738
1013,45,level_historical_integrated,0,06349000,3.3091824367576352
1013,45,level_historical_integrated,0,06349700,1.5961443957035173
1013,45,level_historical_integrated,0,06349900,7.164594577792231
1013,45,level_historical_integrated,0,06349930,5.106008776594963
1013,45,level_historical_integrated,0,06350000,3.588381354892341
1013,45,level_historical_integrated,0,06352400,5.68583261571562
1013,45,level_historical_integrated,0,06354000,2.626822387332003
1013,45,level_historical_integrated,0,06355310,18.881000309969394
1013,45,level_historical_native,0,06338490,1.1656595675777235
1013,45,level_historical_native,0,06339100,7.753263425414351
1013,45,level_historical_native,0,06339300,6.357296121053136
1013,45,level_historical_native,0,06339550,4.983777958428236
1013,45,level_historical_native,0,06339560,3.894018137373209
1013,45,level_historical_native,0,06339800,7.826135463967971
1013,45,level_historical_native,0,06339900,5.664274426832522
1013,45,level_historical_native,0,06340000,4.180019704482784
1013,45,level_historical_native,0,06340500,3.5818589075349165
1013,45,level_historical_native,0,06340520,4.666107985212367
1013,45,level_historical_native,0,06340580,8.681042092932646
1013,45,level_historical_native,0,06340780,10.492528575269894
1013,45,level_historical_native,0,06340930,9.00022675263155
1013,45,level_historical_native,0,06342040,6.091171602099223
1013,45,level_historical_native,0,06342200,4.861234950302716
1013,45,level_historical_native,0,06342230,6.471466791152012
1013,45,level_historical_native,0,06342500,1.6481396053320465
1013,45,level_historical_native,0,06343000,7.0914181711179225
1013,45,level_historical_native,0,06344600,3.5635760100794482
1013,45,level_historical_native,0,06349000,3.245416590769306
1013,45,level_historical_native,0,06349700,1.6303658221351511
1013,45,level_historical_native,0,06349900,7.221585614032394
1013,45,level_historical_native,0,06349930,5.190214243776269
1013,45,level_historical_native,0,06350000,3.5951731526840365
1013,45,level_historical_native,0,06352400,5.765081004953166
1013,45,level_historical_native,0,06354000,2.589839693977791
1013,45,level_historical_native,0,06355310,18.985401252948307
1013,45,level_real_integrated,0,06338490,1.1574364954436993
1013,45,level_real_integrated,0,06339100,7.697153549491111
1013,45,level_real_integrated,0,06339300,6.2604462687533164
1013,45,level_real_integrated,0,06339550,4.993407453003803
1013,45,level_real_integrated,0,06339560,3.8471754837701417
1013,45,level_real_integrated,0,06339800,7.792766903054525
1013,45,level_real_integrated,0,06339900,5.6344396395346745
1013,45,level_real_integrated,0,06340000,4.142721779591861
1013,45,level_real_integrated,0,06340500,3.5320162279813103
1013,45,level_real_integrated,0,06340520,4.444855108850796
1013,45,level_real_integrated,0,06340580,8.402297687829638
1013,45,level_real_integrated,0,06340780,10.240587719028234
1013,45,level_real_integrated,0,06340930,8.874784999003984
1013,45,level_real_integrated,0,06342040,6.1004337444296315
1013,45,level_real_integrated,0,06342200,4.759226582724527
1013,45,level_real_integrated,0,06342230,6.395079627224697
1013,45,level_real_integrated,0,06342500,1.7081524597551723
1013,45,level_real_integrated,0,06343000,6.992620864223935
1013,45,level_real_integrated,0,06344600,3.5193468076102583
1013,45,level_real_integrated,0,06349000,3.2752114483231196
1013,45,level_real_integrated,0,06349700,1.640085403023709
1013,45,level_real_integrated,0,06349900,7.046692723799815
1013,45,level_real_integrated,0,06349930,5.0725234788542135
1013,45,level_real_integrated,0,06350000,3.6292743137419676
1013,45,level_real_integrated,0,06352400,5.716907720936999
1013,45,level_real_integrated,0,06354000,2.5663722934255886
1013,45,level_real_integrated,0,06355310,18.895027925820543
1013,45,level_real_native,0,06338490,1.1574364954436993
1013,45,level_real_native,0,06339100,7.697153549491111
1013,45,level_real_native,0,06339300,6.2604462687533164
1013,45,level_real_native,0,06339550,4.993407453003803
1013,45,level_real_native,0,06339560,3.8471754837701417
1013,45,level_real_native,0,06339800,7.792766903054525
1013,45,level_real_native,0,06339900,5.6344396395346745
1013,45,level_real_native,0,06340000,4.142721779591861
1013,45,level_real_native,0,06340500,3.5320162279813103
1013,45,level_real_native,0,06340520,4.444855108850796
1013,45,level_real_native,0,06340580,8.402297687829638
1013,45,level_real_native,0,06340780,10.240587719028234
1013,45,level_real_native,0,06340930,8.874784999003984
1013,45,level_real_native,0,06342040,6.1004337444296315
1013,45,level_real_native,0,06342200,4.759226582724527
1013,45,level_real_native,0,06342230,6.395079627224697
1013,45,level_real_native,0,06342500,1.7081524597551723
1013,45,level_real_native,0,06343000,6.992620864223935
1013,45,level_real_native,0,06344600,3.5193468076102583
1013,45,level_real_native,0,06349000,3.2752114483231196
1013,45,level_real_native,0,06349700,1.640085403023709
1013,45,level_real_native,0,06349900,7.046692723799815
1013,45,level_real_native,0,06349930,5.0725234788542135
1013,45,level_real_native,0,06350000,3.6292743137419676
1013,45,level_real_native,0,06352400,5.716907720936999
1013,45,level_real_native,0,06354000,2.5663722934255886
1013,45,level_real_native,0,06355310,18.895027925820543
1013,45,level_seasonal_integrated,0,06338490,1.1531826177509998
1013,45,level_seasonal_integrated,0,06339100,7.719803892450923
1013,45,level_seasonal_integrated,0,06339300,6.3102530417639295
1013,45,level_seasonal_integrated,0,06339550,5.071938172241715
1013,45,level_seasonal_integrated,0,06339560,3.9085129638265337
1013,45,level_seasonal_integrated,0,06339800,7.713446579057292
1013,45,level_seasonal_integrated,0,06339900,5.627340581234516
1013,45,level_seasonal_integrated,0,06340000,4.195621650780621
1013,45,level_seasonal_integrated,0,06340500,3.5660327672810346
1013,45,level_seasonal_integrated,0,06340520,4.54896788634773
1013,45,level_seasonal_integrated,0,06340580,8.45014955419927
1013,45,level_seasonal_integrated,0,06340780,10.348683569718348
1013,45,level_seasonal_integrated,0,06340930,8.910420811522192
1013,45,level_seasonal_integrated,0,06342040,6.145242663063944
1013,45,level_seasonal_integrated,0,06342200,4.86949789761381
1013,45,level_seasonal_integrated,0,06342230,6.3684251595161845
1013,45,level_seasonal_integrated,0,06342500,1.6574489645925066
1013,45,level_seasonal_integrated,0,06343000,6.964597897802374
1013,45,level_seasonal_integrated,0,06344600,3.605185475195154
1013,45,level_seasonal_integrated,0,06349000,3.3208483712924597
1013,45,level_seasonal_integrated,0,06349700,1.6322358904023744
1013,45,level_seasonal_integrated,0,06349900,7.134586770047357
1013,45,level_seasonal_integrated,0,06349930,5.088762505736878
1013,45,level_seasonal_integrated,0,06350000,3.57320356460188
1013,45,level_seasonal_integrated,0,06352400,5.651911574282311
1013,45,level_seasonal_integrated,0,06354000,2.6304829706225634
1013,45,level_seasonal_integrated,0,06355310,18.84693810105116
1013,45,level_seasonal_native,0,06338490,1.1592708647038337
1013,45,level_seasonal_native,0,06339100,7.7088556247946665
1013,45,level_seasonal_native,0,06339300,6.3084990284854845
1013,45,level_seasonal_native,0,06339550,4.975058618695452
1013,45,level_seasonal_native,0,06339560,3.8526164182540503
1013,45,level_seasonal_native,0,06339800,7.80665627741698
1013,45,level_seasonal_native,0,06339900,5.648902417218947
1013,45,level_seasonal_native,0,06340000,4.162775031324918
1013,45,level_seasonal_native,0,06340500,3.5488831104927088
1013,45,level_seasonal_native,0,06340520,4.580573404862445
1013,45,level_seasonal_native,0,06340580,8.56746871994772
1013,45,level_seasonal_native,0,06340780,10.392689912239339
1013,45,level_seasonal_native,0,06340930,9.032513897292498
1013,45,level_seasonal_native,0,06342040,6.092691247104687
1013,45,level_seasonal_native,0,06342200,4.834540967092258
1013,45,level_seasonal_native,0,06342230,6.446467355032505
1013,45,level_seasonal_native,0,06342500,1.695208854688702
1013,45,level_seasonal_native,0,06343000,7.053431055424069
1013,45,level_seasonal_native,0,06344600,3.5392825870493367
1013,45,level_seasonal_native,0,06349000,3.260971170149072
1013,45,level_seasonal_native,0,06349700,1.6784878150669607
1013,45,level_seasonal_native,0,06349900,7.181575203705896
1013,45,level_seasonal_native,0,06349930,5.164245784440302
1013,45,level_seasonal_native,0,06350000,3.577050931125981
1013,45,level_seasonal_native,0,06352400,5.729997411143634
1013,45,level_seasonal_native,0,06354000,2.594720471698538
1013,45,level_seasonal_native,0,06355310,18.93998497439066
1013,45,matched_daily_trees,0,06338490,2.3137687417030004
1013,45,matched_daily_trees,0,06339100,8.144995576505083
1013,45,matched_daily_trees,0,06339300,6.464935580331756
1013,45,matched_daily_trees,0,06339550,5.638494386545937
1013,45,matched_daily_trees,0,06339560,4.696970918094849
1013,45,matched_daily_trees,0,06339800,7.353944033590309
1013,45,matched_daily_trees,0,06339900,5.578548609444878
1013,45,matched_daily_trees,0,06340000,4.61758708613402
1013,45,matched_daily_trees,0,06340500,3.995711190878451
1013,45,matched_daily_trees,0,06340520,4.815334855427719
1013,45,matched_daily_trees,0,06340580,8.295430147054619
1013,45,matched_daily_trees,0,06340780,9.258922899159256
1013,45,matched_daily_trees,0,06340930,8.202288553040562
1013,45,matched_daily_trees,0,06342040,6.134738411590557
1013,45,matched_daily_trees,0,06342200,5.310953589894456
1013,45,matched_daily_trees,0,06342230,6.419108980145857
1013,45,matched_daily_trees,0,06342500,2.477295556906594
1013,45,matched_daily_trees,0,06343000,7.443634666666014
1013,45,matched_daily_trees,0,06344600,3.7785122878918904
1013,45,matched_daily_trees,0,06349000,4.49543437255071
1013,45,matched_daily_trees,0,06349700,2.6610782706843445
1013,45,matched_daily_trees,0,06349900,7.691258942431962
1013,45,matched_daily_trees,0,06349930,4.9489791223566515
1013,45,matched_daily_trees,0,06350000,3.6315268862903545
1013,45,matched_daily_trees,0,06352400,4.527468623590298
1013,45,matched_daily_trees,0,06354000,2.9660678705594936
1013,45,matched_daily_trees,0,06355310,19.18429874735464
1013,45,relative_fixed_integrated,0,06338490,1.1505619455613418
1013,45,relative_fixed_integrated,0,06339100,7.751730734906494
1013,45,relative_fixed_integrated,0,06339300,6.335652344254558
1013,45,relative_fixed_integrated,0,06339550,5.053200910083516
1013,45,relative_fixed_integrated,0,06339560,3.941347709237896
1013,45,relative_fixed_integrated,0,06339800,7.721981561001965
1013,45,relative_fixed_integrated,0,06339900,5.634040319255596
1013,45,relative_fixed_integrated,0,06340000,4.187970814409736
1013,45,relative_fixed_integrated,0,06340500,3.554946605101326
1013,45,relative_fixed_integrated,0,06340520,4.550913203564675
1013,45,relative_fixed_integrated,0,06340580,8.404252239408633
1013,45,relative_fixed_integrated,0,06340780,10.360098693657863
1013,45,relative_fixed_integrated,0,06340930,8.762026832971163
1013,45,relative_fixed_integrated,0,06342040,6.196375605055033
1013,45,relative_fixed_integrated,0,06342200,4.833234944456584
1013,45,relative_fixed_integrated,0,06342230,6.300240118339323
1013,45,relative_fixed_integrated,0,06342500,1.575434907180161
1013,45,relative_fixed_integrated,0,06343000,6.959162260465278
1013,45,relative_fixed_integrated,0,06344600,3.6501845103946375
1013,45,relative_fixed_integrated,0,06349000,3.301987539597701
1013,45,relative_fixed_integrated,0,06349700,1.5612676675871775
1013,45,relative_fixed_integrated,0,06349900,7.056981835060263
1013,45,relative_fixed_integrated,0,06349930,5.041988987148318
1013,45,relative_fixed_integrated,0,06350000,3.602140919643957
1013,45,relative_fixed_integrated,0,06352400,5.623260809011588
1013,45,relative_fixed_integrated,0,06354000,2.6187586344213027
1013,45,relative_fixed_integrated,0,06355310,18.835195927512306
1013,45,relative_fixed_native,0,06338490,1.150657182253039
1013,45,relative_fixed_native,0,06339100,7.746339130389967
1013,45,relative_fixed_native,0,06339300,6.3423647651396555
1013,45,relative_fixed_native,0,06339550,4.950075602484519
1013,45,relative_fixed_native,0,06339560,3.894442229224973
1013,45,relative_fixed_native,0,06339800,7.818036253343212
1013,45,relative_fixed_native,0,06339900,5.657835401247054
1013,45,relative_fixed_native,0,06340000,4.152573916163737
1013,45,relative_fixed_native,0,06340500,3.536103593858216
1013,45,relative_fixed_native,0,06340520,4.565953330828708
1013,45,relative_fixed_native,0,06340580,8.492454041218862
1013,45,relative_fixed_native,0,06340780,10.407910077492025
1013,45,relative_fixed_native,0,06340930,8.834655259224458
1013,45,relative_fixed_native,0,06342040,6.160868503092809
1013,45,relative_fixed_native,0,06342200,4.786190362882623
1013,45,relative_fixed_native,0,06342230,6.355553966796689
1013,45,relative_fixed_native,0,06342500,1.5786635875742072
1013,45,relative_fixed_native,0,06343000,7.045283461915694
1013,45,relative_fixed_native,0,06344600,3.5992813006486486
1013,45,relative_fixed_native,0,06349000,3.2358233945560606
1013,45,relative_fixed_native,0,06349700,1.5838635179800316
1013,45,relative_fixed_native,0,06349900,7.078101957056437
1013,45,relative_fixed_native,0,06349930,5.101881092988888
1013,45,relative_fixed_native,0,06350000,3.6088744036660514
1013,45,relative_fixed_native,0,06352400,5.680640787703243
1013,45,relative_fixed_native,0,06354000,2.5790880234301907
1013,45,relative_fixed_native,0,06355310,18.92432874300552
1013,45,relative_historical_integrated,0,06338490,1.1584950253399329
1013,45,relative_historical_integrated,0,06339100,7.801585251911185
1013,45,relative_historical_integrated,0,06339300,6.3486672588657695
1013,45,relative_historical_integrated,0,06339550,5.1125602849511385
1013,45,relative_historical_integrated,0,06339560,3.963533661440978
1013,45,relative_historical_integrated,0,06339800,7.700413799607342
1013,45,relative_historical_integrated,0,06339900,5.632389437087138
1013,45,relative_historical_integrated,0,06340000,4.214264959589095
1013,45,relative_historical_integrated,0,06340500,3.5799889626545665
1013,45,relative_historical_integrated,0,06340520,4.57894879927972
1013,45,relative_historical_integrated,0,06340580,8.412840519006094
1013,45,relative_historical_integrated,0,06340780,10.374935665616341
1013,45,relative_historical_integrated,0,06340930,8.789910686361974
1013,45,relative_historical_integrated,0,06342040,6.175353832133949
1013,45,relative_historical_integrated,0,06342200,4.892863196790988
1013,45,relative_historical_integrated,0,06342230,6.320434851533559
1013,45,relative_historical_integrated,0,06342500,1.5720726522728017
1013,45,relative_historical_integrated,0,06343000,6.968797445838698
1013,45,relative_historical_integrated,0,06344600,3.676694796974167
1013,45,relative_historical_integrated,0,06349000,3.3486179948263777
1013,45,relative_historical_integrated,0,06349700,1.5542545281964228
1013,45,relative_historical_integrated,0,06349900,7.095745495169968
1013,45,relative_historical_integrated,0,06349930,5.044464544302111
1013,45,relative_historical_integrated,0,06350000,3.5677883108022237
1013,45,relative_historical_integrated,0,06352400,5.618641671498475
1013,45,relative_historical_integrated,0,06354000,2.667154993779671
1013,45,relative_historical_integrated,0,06355310,18.819326406597256
1013,45,relative_historical_native,0,06338490,1.1598976353127102
1013,45,relative_historical_native,0,06339100,7.805887552354572
1013,45,relative_historical_native,0,06339300,6.359717984621271
1013,45,relative_historical_native,0,06339550,5.0292214356413485
1013,45,relative_historical_native,0,06339560,3.9240234988290825
1013,45,relative_historical_native,0,06339800,7.789279238150382
1013,45,relative_historical_native,0,06339900,5.655634225022443
1013,45,relative_historical_native,0,06340000,4.187632776402882
1013,45,relative_historical_native,0,06340500,3.566935532264352
1013,45,relative_historical_native,0,06340520,4.610245798661273
1013,45,relative_historical_native,0,06340580,8.510385896159594
1013,45,relative_historical_native,0,06340780,10.427692706769996
1013,45,relative_historical_native,0,06340930,8.87183373041221
1013,45,relative_historical_native,0,06342040,6.132839472531361
1013,45,relative_historical_native,0,06342200,4.8610848479257776
1013,45,relative_historical_native,0,06342230,6.382480277722338
1013,45,relative_historical_native,0,06342500,1.5718231370782354
1013,45,relative_historical_native,0,06343000,7.043718960891022
1013,45,relative_historical_native,0,06344600,3.634628349421354
1013,45,relative_historical_native,0,06349000,3.2916585635267284
1013,45,relative_historical_native,0,06349700,1.5745126654590251
1013,45,relative_historical_native,0,06349900,7.12978683720271
1013,45,relative_historical_native,0,06349930,5.1051818358606145
1013,45,relative_historical_native,0,06350000,3.558219714526675
1013,45,relative_historical_native,0,06352400,5.675493079330305
1013,45,relative_historical_native,0,06354000,2.6436165025746816
1013,45,relative_historical_native,0,06355310,18.903169381785453
1013,45,relative_real_integrated,0,06338490,1.1478162090317263
1013,45,relative_real_integrated,0,06339100,7.752028104964163
1013,45,relative_real_integrated,0,06339300,6.320750209040578
1013,45,relative_real_integrated,0,06339550,5.065023151766854
1013,45,relative_real_integrated,0,06339560,3.9399230897090316
1013,45,relative_real_integrated,0,06339800,7.722174733362962
1013,45,relative_real_integrated,0,06339900,5.629906831132362
1013,45,relative_real_integrated,0,06340000,4.178744720309012
1013,45,relative_real_integrated,0,06340500,3.5517635923149093
1013,45,relative_real_integrated,0,06340520,4.511179658380539
1013,45,relative_real_integrated,0,06340580,8.360007938368907
1013,45,relative_real_integrated,0,06340780,10.301694157774861
1013,45,relative_real_integrated,0,06340930,8.690742412927932
1013,45,relative_real_integrated,0,06342040,6.176421280913889
1013,45,relative_real_integrated,0,06342200,4.805682934710152
1013,45,relative_real_integrated,0,06342230,6.280671028225192
1013,45,relative_real_integrated,0,06342500,1.5840881960805915
1013,45,relative_real_integrated,0,06343000,6.932845089639848
1013,45,relative_real_integrated,0,06344600,3.641600995008851
1013,45,relative_real_integrated,0,06349000,3.301552016151862
1013,45,relative_real_integrated,0,06349700,1.557018174580474
1013,45,relative_real_integrated,0,06349900,7.021437228513702
1013,45,relative_real_integrated,0,06349930,5.001207156530132
1013,45,relative_real_integrated,0,06350000,3.6180624736053435
1013,45,relative_real_integrated,0,06352400,5.61692438171787
1013,45,relative_real_integrated,0,06354000,2.6004187458753294
1013,45,relative_real_integrated,0,06355310,18.83306729197915
1013,45,relative_real_native,0,06338490,1.1509752146782384
1013,45,relative_real_native,0,06339100,7.761678016572636
1013,45,relative_real_native,0,06339300,6.322797251983284
1013,45,relative_real_native,0,06339550,4.965838591395638
1013,45,relative_real_native,0,06339560,3.892542736519821
1013,45,relative_real_native,0,06339800,7.818293816491209
1013,45,relative_real_native,0,06339900,5.652324083749409
1013,45,relative_real_native,0,06340000,4.14027245736277
1013,45,relative_real_native,0,06340500,3.5313499295915713
1013,45,relative_real_native,0,06340520,4.512640646093685
1013,45,relative_real_native,0,06340580,8.43346163983256
1013,45,relative_real_native,0,06340780,10.330037362981354
1013,45,relative_real_native,0,06340930,8.739609365833484
1013,45,relative_real_native,0,06342040,6.134262737571282
1013,45,relative_real_native,0,06342200,4.7494543498873805
1013,45,relative_real_native,0,06342230,6.326954171200336
1013,45,relative_real_native,0,06342500,1.593395004010339
1013,45,relative_real_native,0,06343000,7.016635065001384
1013,45,relative_real_native,0,06344600,3.5878366134675987
1013,45,relative_real_native,0,06349000,3.2352426966282746
1013,45,relative_real_native,0,06349700,1.5781975273044269
1013,45,relative_real_native,0,06349900,7.035748413093051
1013,45,relative_real_native,0,06349930,5.047505318831307
1013,45,relative_real_native,0,06350000,3.6321614767666497
1013,45,relative_real_native,0,06352400,5.671586691024494
1013,45,relative_real_native,0,06354000,2.554634838702226
1013,45,relative_real_native,0,06355310,18.92149056229465
1013,45,station_hidden_trees,0,06338490,1.3912257425471817
1013,45,station_hidden_trees,0,06339100,7.817011941211011
1013,45,station_hidden_trees,0,06339300,6.446607400776418
1013,45,station_hidden_trees,0,06339550,4.813109528321652
1013,45,station_hidden_trees,0,06339560,3.7984386500810694
1013,45,station_hidden_trees,0,06339800,7.9701188426825125
1013,45,station_hidden_trees,0,06339900,5.710295678615291
1013,45,station_hidden_trees,0,06340000,4.1381875222416555
1013,45,station_hidden_trees,0,06340500,3.5749883500433985
1013,45,station_hidden_trees,0,06340520,4.735939304067653
1013,45,station_hidden_trees,0,06340580,8.973045718936508
1013,45,station_hidden_trees,0,06340780,10.828609344940999
1013,45,station_hidden_trees,0,06340930,9.23976031757661
1013,45,station_hidden_trees,0,06342040,6.095012564834453
1013,45,station_hidden_trees,0,06342200,4.781202051645882
1013,45,station_hidden_trees,0,06342230,6.65986325579993
1013,45,station_hidden_trees,0,06342500,1.7782126132293954
1013,45,station_hidden_trees,0,06343000,7.330914433901622
1013,45,station_hidden_trees,0,06344600,3.5030685426903414
1013,45,station_hidden_trees,0,06349000,2.998544979422937
1013,45,station_hidden_trees,0,06349700,1.7438601586535887
1013,45,station_hidden_trees,0,06349900,7.189434557923743
1013,45,station_hidden_trees,0,06349930,5.3096562928009785
1013,45,station_hidden_trees,0,06350000,3.631653455695781
1013,45,station_hidden_trees,0,06352400,5.951471445441431
1013,45,station_hidden_trees,0,06354000,2.497331359760962
1013,45,station_hidden_trees,0,06355310,19.424159253472812
1013,45,unmonitored_integrated,0,06338490,1.1614508703313293
1013,45,unmonitored_integrated,0,06339100,7.798397337207364
1013,45,unmonitored_integrated,0,06339300,6.370497398547466
1013,45,unmonitored_integrated,0,06339550,5.085608712461538
1013,45,unmonitored_integrated,0,06339560,3.958201831319401
1013,45,unmonitored_integrated,0,06339800,7.735856730178071
1013,45,unmonitored_integrated,0,06339900,5.6338415068167045
1013,45,unmonitored_integrated,0,06340000,4.206256545452194
1013,45,unmonitored_integrated,0,06340500,3.580976465702155
1013,45,unmonitored_integrated,0,06340520,4.6052542714070865
1013,45,unmonitored_integrated,0,06340580,8.468122573940745
1013,45,unmonitored_integrated,0,06340780,10.412603506335564
1013,45,unmonitored_integrated,0,06340930,8.8152467332514
1013,45,unmonitored_integrated,0,06342040,6.151649189704001
1013,45,unmonitored_integrated,0,06342200,4.874743542709715
1013,45,unmonitored_integrated,0,06342230,6.347800218879327
1013,45,unmonitored_integrated,0,06342500,1.5889633726492303
1013,45,unmonitored_integrated,0,06343000,6.989804238259429
1013,45,unmonitored_integrated,0,06344600,3.642377615218068
1013,45,unmonitored_integrated,0,06349000,3.289640010124568
1013,45,unmonitored_integrated,0,06349700,1.5885372375275228
1013,45,unmonitored_integrated,0,06349900,7.111155422571246
1013,45,unmonitored_integrated,0,06349930,5.068214800715511
1013,45,unmonitored_integrated,0,06350000,3.577097875691235
1013,45,unmonitored_integrated,0,06352400,5.670284726430831
1013,45,unmonitored_integrated,0,06354000,2.6308147134400355
1013,45,unmonitored_integrated,0,06355310,18.863868007533657
1013,45,unmonitored_residual,0,06338490,1.163593839633573
1013,45,unmonitored_residual,0,06339100,7.801636999416144
1013,45,unmonitored_residual,0,06339300,6.3888248375302
1013,45,unmonitored_residual,0,06339550,4.993286005655215
1013,45,unmonitored_residual,0,06339560,3.917133314346807
1013,45,unmonitored_residual,0,06339800,7.836536478911352
1013,45,unmonitored_residual,0,06339900,5.657570317995199
1013,45,unmonitored_residual,0,06340000,4.176954890887015
1013,45,unmonitored_residual,0,06340500,3.5733689867608662
1013,45,unmonitored_residual,0,06340520,4.655621918274921
1013,45,unmonitored_residual,0,06340580,8.589999741334106
1013,45,unmonitored_residual,0,06340780,10.477916494395627
1013,45,unmonitored_residual,0,06340930,8.905615126264774
1013,45,unmonitored_residual,0,06342040,6.101233282624764
1013,45,unmonitored_residual,0,06342200,4.843495248363779
1013,45,unmonitored_residual,0,06342230,6.4189674341833625
1013,45,unmonitored_residual,0,06342500,1.5939501282068416
1013,45,unmonitored_residual,0,06343000,7.081472172151965
1013,45,unmonitored_residual,0,06344600,3.5888721070798884
1013,45,unmonitored_residual,0,06349000,3.2165097458890357
1013,45,unmonitored_residual,0,06349700,1.6202229445671585
1013,45,unmonitored_residual,0,06349900,7.150333407071081
1013,45,unmonitored_residual,0,06349930,5.136848844411813
1013,45,unmonitored_residual,0,06350000,3.5754836783957558
1013,45,unmonitored_residual,0,06352400,5.74435048590678
1013,45,unmonitored_residual,0,06354000,2.5951627954551673
1013,45,unmonitored_residual,0,06355310,18.96255818303399
1013,46,attention_fixed_integrated,0,06338490,1.2368998363526187
1013,46,attention_fixed_integrated,0,06339100,7.926558930630233
1013,46,attention_fixed_integrated,0,06339300,6.444331061043101
1013,46,attention_fixed_integrated,0,06339550,5.645923855191386
1013,46,attention_fixed_integrated,0,06339560,4.372927222355314
1013,46,attention_fixed_integrated,0,06339800,7.639607804434097
1013,46,attention_fixed_integrated,0,06339900,5.648613128539723
1013,46,attention_fixed_integrated,0,06340000,4.558168136320083
1013,46,attention_fixed_integrated,0,06340500,3.976772187698743
1013,46,attention_fixed_integrated,0,06340520,4.660628086136701
1013,46,attention_fixed_integrated,0,06340580,8.154334639351719
1013,46,attention_fixed_integrated,0,06340780,9.62300310511826
1013,46,attention_fixed_integrated,0,06340930,8.232266573810698
1013,46,attention_fixed_integrated,0,06342040,6.243296524910531
1013,46,attention_fixed_integrated,0,06342200,5.1666650588997545
1013,46,attention_fixed_integrated,0,06342230,6.372415422734431
1013,46,attention_fixed_integrated,0,06342500,1.7991749276365956
1013,46,attention_fixed_integrated,0,06343000,6.713962953240969
1013,46,attention_fixed_integrated,0,06344600,3.99506434465645
1013,46,attention_fixed_integrated,0,06349000,4.146196157039765
1013,46,attention_fixed_integrated,0,06349700,2.0795408985091175
1013,46,attention_fixed_integrated,0,06349900,7.0997908729602885
1013,46,attention_fixed_integrated,0,06349930,4.846771118907249
1013,46,attention_fixed_integrated,0,06350000,3.563789392205816
1013,46,attention_fixed_integrated,0,06352400,5.008850786071103
1013,46,attention_fixed_integrated,0,06354000,3.2684528927617813
1013,46,attention_fixed_integrated,0,06355310,17.927522966800336
1013,46,attention_fixed_native,0,06338490,1.2368998363526187
1013,46,attention_fixed_native,0,06339100,7.926558930630233
1013,46,attention_fixed_native,0,06339300,6.444331061043101
1013,46,attention_fixed_native,0,06339550,5.645923855191386
1013,46,attention_fixed_native,0,06339560,4.372927222355314
1013,46,attention_fixed_native,0,06339800,7.639607804434097
1013,46,attention_fixed_native,0,06339900,5.648613128539723
1013,46,attention_fixed_native,0,06340000,4.558168136320083
1013,46,attention_fixed_native,0,06340500,3.976772187698743
1013,46,attention_fixed_native,0,06340520,4.660628086136701
1013,46,attention_fixed_native,0,06340580,8.154334639351719
1013,46,attention_fixed_native,0,06340780,9.62300310511826
1013,46,attention_fixed_native,0,06340930,8.232266573810698
1013,46,attention_fixed_native,0,06342040,6.243296524910531
1013,46,attention_fixed_native,0,06342200,5.1666650588997545
1013,46,attention_fixed_native,0,06342230,6.372415422734431
1013,46,attention_fixed_native,0,06342500,1.7991749276365956
1013,46,attention_fixed_native,0,06343000,6.713962953240969
1013,46,attention_fixed_native,0,06344600,3.99506434465645
1013,46,attention_fixed_native,0,06349000,4.146196157039765
1013,46,attention_fixed_native,0,06349700,2.0795408985091175
1013,46,attention_fixed_native,0,06349900,7.0997908729602885
1013,46,attention_fixed_native,0,06349930,4.846771118907249
1013,46,attention_fixed_native,0,06350000,3.563789392205816
1013,46,attention_fixed_native,0,06352400,5.008850786071103
1013,46,attention_fixed_native,0,06354000,3.2684528927617813
1013,46,attention_fixed_native,0,06355310,17.927522966800336
1013,46,attention_historical_integrated,0,06338490,1.1742088651183662
1013,46,attention_historical_integrated,0,06339100,7.878232262649565
1013,46,attention_historical_integrated,0,06339300,6.425242425105726
1013,46,attention_historical_integrated,0,06339550,5.394220562009257
1013,46,attention_historical_integrated,0,06339560,4.188821952732248
1013,46,attention_historical_integrated,0,06339800,7.707992910071638
1013,46,attention_historical_integrated,0,06339900,5.6500983043114985
1013,46,attention_historical_integrated,0,06340000,4.453846883492897
1013,46,attention_historical_integrated,0,06340500,3.8715937684231685
1013,46,attention_historical_integrated,0,06340520,4.6482614993312925
1013,46,attention_historical_integrated,0,06340580,8.333026187489379
1013,46,attention_historical_integrated,0,06340780,9.824816507009597
1013,46,attention_historical_integrated,0,06340930,8.498251787714688
1013,46,attention_historical_integrated,0,06342040,6.213053187270464
1013,46,attention_historical_integrated,0,06342200,5.077696950177659
1013,46,attention_historical_integrated,0,06342230,6.485357018909417
1013,46,attention_historical_integrated,0,06342500,1.7020260358224533
1013,46,attention_historical_integrated,0,06343000,6.825955436994169
1013,46,attention_historical_integrated,0,06344600,3.9088961169732817
1013,46,attention_historical_integrated,0,06349000,4.0010571635416765
1013,46,attention_historical_integrated,0,06349700,1.9874139550197132
1013,46,attention_historical_integrated,0,06349900,7.136816584077751
1013,46,attention_historical_integrated,0,06349930,4.943687016221101
1013,46,attention_historical_integrated,0,06350000,3.498792679941147
1013,46,attention_historical_integrated,0,06352400,5.088373320960671
1013,46,attention_historical_integrated,0,06354000,3.159617823679711
1013,46,attention_historical_integrated,0,06355310,18.316792293530693
1013,46,attention_historical_native,0,06338490,1.1800557111873058
1013,46,attention_historical_native,0,06339100,7.900259621681013
1013,46,attention_historical_native,0,06339300,6.4197826114656715
1013,46,attention_historical_native,0,06339550,5.641137169735709
1013,46,attention_historical_native,0,06339560,4.36431482613217
1013,46,attention_historical_native,0,06339800,7.596799212114608
1013,46,attention_historical_native,0,06339900,5.643751630049365
1013,46,attention_historical_native,0,06340000,4.554121730427969
1013,46,attention_historical_native,0,06340500,3.9583000735456677
1013,46,attention_historical_native,0,06340520,4.64300512175453
1013,46,attention_historical_native,0,06340580,8.085087401013725
1013,46,attention_historical_native,0,06340780,9.578714297673159
1013,46,attention_historical_native,0,06340930,8.225473126475135
1013,46,attention_historical_native,0,06342040,6.295328789977631
1013,46,attention_historical_native,0,06342200,5.172375106383199
1013,46,attention_historical_native,0,06342230,6.352598664430624
1013,46,attention_historical_native,0,06342500,1.734646187961386
1013,46,attention_historical_native,0,06343000,6.706419011479384
1013,46,attention_historical_native,0,06344600,4.060531909463437
1013,46,attention_historical_native,0,06349000,4.180009071245399
1013,46,attention_historical_native,0,06349700,2.0256692961693172
1013,46,attention_historical_native,0,06349900,7.12764853972649
1013,46,attention_historical_native,0,06349930,4.835084426420301
1013,46,attention_historical_native,0,06350000,3.577363436211076
1013,46,attention_historical_native,0,06352400,4.976460130328352
1013,46,attention_historical_native,0,06354000,3.2933229287389802
1013,46,attention_historical_native,0,06355310,17.876350981035035
1013,46,attention_real_integrated,0,06338490,1.1896335155519093
1013,46,attention_real_integrated,0,06339100,7.8383919808714495
1013,46,attention_real_integrated,0,06339300,6.405074578013391
1013,46,attention_real_integrated,0,06339550,5.257618994047808
1013,46,attention_real_integrated,0,06339560,4.158709073647558
1013,46,attention_real_integrated,0,06339800,7.742409339166003
1013,46,attention_real_integrated,0,06339900,5.630502282402519
1013,46,attention_real_integrated,0,06340000,4.402729035879486
1013,46,attention_real_integrated,0,06340500,3.8197481847274988
1013,46,attention_real_integrated,0,06340520,4.608101611659822
1013,46,attention_real_integrated,0,06340580,8.33893781154846
1013,46,attention_real_integrated,0,06340780,9.805840249193103
1013,46,attention_real_integrated,0,06340930,8.443696711438218
1013,46,attention_real_integrated,0,06342040,6.211236077834668
1013,46,attention_real_integrated,0,06342200,4.926045651187544
1013,46,attention_real_integrated,0,06342230,6.465439418795646
1013,46,attention_real_integrated,0,06342500,1.6887504368955466
1013,46,attention_real_integrated,0,06343000,6.796329896339885
1013,46,attention_real_integrated,0,06344600,3.828449594593048
1013,46,attention_real_integrated,0,06349000,3.8939534225022756
1013,46,attention_real_integrated,0,06349700,1.9368894613518035
1013,46,attention_real_integrated,0,06349900,7.046682783802955
1013,46,attention_real_integrated,0,06349930,4.910967701900337
1013,46,attention_real_integrated,0,06350000,3.54143325552334
1013,46,attention_real_integrated,0,06352400,5.090843277835519
1013,46,attention_real_integrated,0,06354000,3.0394818792146
1013,46,attention_real_integrated,0,06355310,18.3710523146063
1013,46,attention_real_native,0,06338490,1.2052393171920064
1013,46,attention_real_native,0,06339100,7.820082272525313
1013,46,attention_real_native,0,06339300,6.392892148675892
1013,46,attention_real_native,0,06339550,5.45900174578711
1013,46,attention_real_native,0,06339560,4.3243342961029185
1013,46,attention_real_native,0,06339800,7.64268778424043
1013,46,attention_real_native,0,06339900,5.617623600837391
1013,46,attention_real_native,0,06340000,4.470299917893936
1013,46,attention_real_native,0,06340500,3.8853451025291688
1013,46,attention_real_native,0,06340520,4.589458604859235
1013,46,attention_real_native,0,06340580,8.092969566425834
1013,46,attention_real_native,0,06340780,9.549219778086242
1013,46,attention_real_native,0,06340930,8.145721926991264
1013,46,attention_real_native,0,06342040,6.292905977396569
1013,46,attention_real_native,0,06342200,4.990891680658206
1013,46,attention_real_native,0,06342230,6.306850804427168
1013,46,attention_real_native,0,06342500,1.7227826088080782
1013,46,attention_real_native,0,06343000,6.637615384896653
1013,46,attention_real_native,0,06344600,3.949834870703778
1013,46,attention_real_native,0,06349000,4.033763289692632
1013,46,attention_real_native,0,06349700,1.966555997661607
1013,46,attention_real_native,0,06349900,7.008940656275167
1013,46,attention_real_native,0,06349930,4.793338306235139
1013,46,attention_real_native,0,06350000,3.6307385238240384
1013,46,attention_real_native,0,06352400,4.979753406161482
1013,46,attention_real_native,0,06354000,3.133855548116643
1013,46,attention_real_native,0,06355310,17.94869767580251
1013,46,current_model,0,06338490,2.143233692215697
1013,46,current_model,0,06339100,7.9806531213116445
1013,46,current_model,0,06339300,6.475795571909628
1013,46,current_model,0,06339550,6.2530704666565295
1013,46,current_model,0,06339560,5.142767901138099
1013,46,current_model,0,06339800,7.143737956841882
1013,46,current_model,0,06339900,5.8168131634145155
1013,46,current_model,0,06340000,5.220055533226895
1013,46,current_model,0,06340500,4.48166842581227
1013,46,current_model,0,06340520,4.8125218130206875
1013,46,current_model,0,06340580,7.862164523494066
1013,46,current_model,0,06340780,9.145596600714141
1013,46,current_model,0,06340930,7.600576969717439
1013,46,current_model,0,06342040,6.217356277910346
1013,46,current_model,0,06342200,5.692748358468853
1013,46,current_model,0,06342230,5.947306472042053
1013,46,current_model,0,06342500,2.5626403737002215
1013,46,current_model,0,06343000,7.111017187070792
1013,46,current_model,0,06344600,3.7751387912938785
1013,46,current_model,0,06349000,4.6045259039988515
1013,46,current_model,0,06349700,2.838074477545227
1013,46,current_model,0,06349900,7.46550448050046
1013,46,current_model,0,06349930,4.9046585904278475
1013,46,current_model,0,06350000,3.697455446663078
1013,46,current_model,0,06352400,4.707926512925049
1013,46,current_model,0,06354000,3.5431476784090785
1013,46,current_model,0,06355310,18.682378603115186
1013,46,innovation_real_integrated,0,06338490,1.2186775332568596
1013,46,innovation_real_integrated,0,06339100,7.893062916746723
1013,46,innovation_real_integrated,0,06339300,6.439830214879667
1013,46,innovation_real_integrated,0,06339550,5.376897433996533
1013,46,innovation_real_integrated,0,06339560,4.187787209712734
1013,46,innovation_real_integrated,0,06339800,7.7441918241226935
1013,46,innovation_real_integrated,0,06339900,5.655190978461415
1013,46,innovation_real_integrated,0,06340000,4.45203838099275
1013,46,innovation_real_integrated,0,06340500,3.873542818347718
1013,46,innovation_real_integrated,0,06340520,4.653281730935869
1013,46,innovation_real_integrated,0,06340580,8.386450048531044
1013,46,innovation_real_integrated,0,06340780,9.856940009767412
1013,46,innovation_real_integrated,0,06340930,8.508787620954243
1013,46,innovation_real_integrated,0,06342040,6.178832699646057
1013,46,innovation_real_integrated,0,06342200,5.052284690181721
1013,46,innovation_real_integrated,0,06342230,6.505754029971611
1013,46,innovation_real_integrated,0,06342500,1.7399892827798698
1013,46,innovation_real_integrated,0,06343000,6.839239861829232
1013,46,innovation_real_integrated,0,06344600,3.860632077417096
1013,46,innovation_real_integrated,0,06349000,3.964234252999603
1013,46,innovation_real_integrated,0,06349700,2.0098497259095875
1013,46,innovation_real_integrated,0,06349900,7.110436355578179
1013,46,innovation_real_integrated,0,06349930,4.952000277527208
1013,46,innovation_real_integrated,0,06350000,3.4927114934458725
1013,46,innovation_real_integrated,0,06352400,5.117290149295003
1013,46,innovation_real_integrated,0,06354000,3.1291922797507428
1013,46,innovation_real_integrated,0,06355310,18.36860449588993
1013,46,innovation_real_native,0,06338490,1.2284264924505868
1013,46,innovation_real_native,0,06339100,7.909742921657184
1013,46,innovation_real_native,0,06339300,6.439232997830927
1013,46,innovation_real_native,0,06339550,5.618039665718744
1013,46,innovation_real_native,0,06339560,4.3569323428938445
1013,46,innovation_real_native,0,06339800,7.64506443084935
1013,46,innovation_real_native,0,06339900,5.650541862249254
1013,46,innovation_real_native,0,06340000,4.544351093402265
1013,46,innovation_real_native,0,06340500,3.9608988067784
1013,46,innovation_real_native,0,06340520,4.649698763893965
1013,46,innovation_real_native,0,06340580,8.156319215735946
1013,46,innovation_real_native,0,06340780,9.621545634683578
1013,46,innovation_real_native,0,06340930,8.239520904127877
1013,46,innovation_real_native,0,06342040,6.249701473145089
1013,46,innovation_real_native,0,06342200,5.141302730211451
1013,46,innovation_real_native,0,06342230,6.367509372644299
1013,46,innovation_real_native,0,06342500,1.7792907150087292
1013,46,innovation_real_native,0,06343000,6.711304754752449
1013,46,innovation_real_native,0,06344600,3.990643233708523
1013,46,innovation_real_native,0,06349000,4.129324569949894
1013,46,innovation_real_native,0,06349700,2.0555836573558164
1013,46,innovation_real_native,0,06349900,7.092474901727062
1013,46,innovation_real_native,0,06349930,4.8457794301718
1013,46,innovation_real_native,0,06350000,3.5706785490119795
1013,46,innovation_real_native,0,06352400,5.015015901440794
1013,46,innovation_real_native,0,06354000,3.2538550513838653
1013,46,innovation_real_native,0,06355310,17.945433917514023
1013,46,innovation_real_trees,0,06338490,1.3943218334713836
1013,46,innovation_real_trees,0,06339100,7.6014162630605036
1013,46,innovation_real_trees,0,06339300,6.227531738028238
1013,46,innovation_real_trees,0,06339550,4.541868435428088
1013,46,innovation_real_trees,0,06339560,3.510378330677175
1013,46,innovation_real_trees,0,06339800,8.181763296931626
1013,46,innovation_real_trees,0,06339900,5.551331538831121
1013,46,innovation_real_trees,0,06340000,4.000493375403127
1013,46,innovation_real_trees,0,06340500,3.5568413988144933
1013,46,innovation_real_trees,0,06340520,4.687487262984433
1013,46,innovation_real_trees,0,06340580,9.386421905264838
1013,46,innovation_real_trees,0,06340780,10.884303811791892
1013,46,innovation_real_trees,0,06340930,9.426350938445795
1013,46,innovation_real_trees,0,06342040,5.769937307558591
1013,46,innovation_real_trees,0,06342200,4.538332636216787
1013,46,innovation_real_trees,0,06342230,6.881467124697266
1013,46,innovation_real_trees,0,06342500,1.725007531489368
1013,46,innovation_real_trees,0,06343000,7.106320342293476
1013,46,innovation_real_trees,0,06344600,3.591830902963995
1013,46,innovation_real_trees,0,06349000,3.259142288070143
1013,46,innovation_real_trees,0,06349700,1.8909822860709553
1013,46,innovation_real_trees,0,06349900,7.069359594980686
1013,46,innovation_real_trees,0,06349930,5.671352225365099
1013,46,innovation_real_trees,0,06350000,3.750966519323903
1013,46,innovation_real_trees,0,06352400,5.65613089784174
1013,46,innovation_real_trees,0,06354000,2.5303813083013766
1013,46,innovation_real_trees,0,06355310,20.120902784470776
1013,46,level_fixed_integrated,0,06338490,1.2484213767416474
1013,46,level_fixed_integrated,0,06339100,7.778664258045775
1013,46,level_fixed_integrated,0,06339300,6.3077155615710945
1013,46,level_fixed_integrated,0,06339550,5.5642215282470975
1013,46,level_fixed_integrated,0,06339560,4.184217853174647
1013,46,level_fixed_integrated,0,06339800,7.536079290332398
1013,46,level_fixed_integrated,0,06339900,5.611069195178718
1013,46,level_fixed_integrated,0,06340000,4.505296064542641
1013,46,level_fixed_integrated,0,06340500,3.9530596509538394
1013,46,level_fixed_integrated,0,06340520,4.544412966774824
1013,46,level_fixed_integrated,0,06340580,8.184688413978769
1013,46,level_fixed_integrated,0,06340780,9.589602207491737
1013,46,level_fixed_integrated,0,06340930,8.375465207004668
1013,46,level_fixed_integrated,0,06342040,6.227549633411965
1013,46,level_fixed_integrated,0,06342200,5.059236550141836
1013,46,level_fixed_integrated,0,06342230,6.442325135098364
1013,46,level_fixed_integrated,0,06342500,1.8496404720675808
1013,46,level_fixed_integrated,0,06343000,6.623165966994349
1013,46,level_fixed_integrated,0,06344600,3.9409157050517636
1013,46,level_fixed_integrated,0,06349000,4.16465829272117
1013,46,level_fixed_integrated,0,06349700,2.126800390312458
1013,46,level_fixed_integrated,0,06349900,7.029332807379849
1013,46,level_fixed_integrated,0,06349930,4.849748999876225
1013,46,level_fixed_integrated,0,06350000,3.5660160827072978
1013,46,level_fixed_integrated,0,06352400,5.009088063883531
1013,46,level_fixed_integrated,0,06354000,3.2631130873396232
1013,46,level_fixed_integrated,0,06355310,18.116061541310486
1013,46,level_fixed_native,0,06338490,1.2484213767416474
1013,46,level_fixed_native,0,06339100,7.778664258045775
1013,46,level_fixed_native,0,06339300,6.3077155615710945
1013,46,level_fixed_native,0,06339550,5.5642215282470975
1013,46,level_fixed_native,0,06339560,4.184217853174647
1013,46,level_fixed_native,0,06339800,7.536079290332398
1013,46,level_fixed_native,0,06339900,5.611069195178718
1013,46,level_fixed_native,0,06340000,4.505296064542641
1013,46,level_fixed_native,0,06340500,3.9530596509538394
1013,46,level_fixed_native,0,06340520,4.544412966774824
1013,46,level_fixed_native,0,06340580,8.184688413978769
1013,46,level_fixed_native,0,06340780,9.589602207491737
1013,46,level_fixed_native,0,06340930,8.375465207004668
1013,46,level_fixed_native,0,06342040,6.227549633411965
1013,46,level_fixed_native,0,06342200,5.059236550141836
1013,46,level_fixed_native,0,06342230,6.442325135098364
1013,46,level_fixed_native,0,06342500,1.8496404720675808
1013,46,level_fixed_native,0,06343000,6.623165966994349
1013,46,level_fixed_native,0,06344600,3.9409157050517636
1013,46,level_fixed_native,0,06349000,4.16465829272117
1013,46,level_fixed_native,0,06349700,2.126800390312458
1013,46,level_fixed_native,0,06349900,7.029332807379849
1013,46,level_fixed_native,0,06349930,4.849748999876225
1013,46,level_fixed_native,0,06350000,3.5660160827072978
1013,46,level_fixed_native,0,06352400,5.009088063883531
1013,46,level_fixed_native,0,06354000,3.2631130873396232
1013,46,level_fixed_native,0,06355310,18.116061541310486
1013,46,level_historical_integrated,0,06338490,1.16528549415233
1013,46,level_historical_integrated,0,06339100,7.855503698287312
1013,46,level_historical_integrated,0,06339300,6.417788081105768
1013,46,level_historical_integrated,0,06339550,5.549555615821882
1013,46,level_historical_integrated,0,06339560,4.272741208960436
1013,46,level_historical_integrated,0,06339800,7.676322519360739
1013,46,level_historical_integrated,0,06339900,5.67842752621712
1013,46,level_historical_integrated,0,06340000,4.487213728373455
1013,46,level_historical_integrated,0,06340500,3.904479113975553
1013,46,level_historical_integrated,0,06340520,4.6229551134575635
1013,46,level_historical_integrated,0,06340580,8.23807380332664
1013,46,level_historical_integrated,0,06340780,9.661300436009904
1013,46,level_historical_integrated,0,06340930,8.380019834343711
1013,46,level_historical_integrated,0,06342040,6.259563139109216
1013,46,level_historical_integrated,0,06342200,5.124497348111814
1013,46,level_historical_integrated,0,06342230,6.417749837923582
1013,46,level_historical_integrated,0,06342500,1.7578500065984906
1013,46,level_historical_integrated,0,06343000,6.767644613446729
1013,46,level_historical_integrated,0,06344600,3.964639872960232
1013,46,level_historical_integrated,0,06349000,4.112890224335009
1013,46,level_historical_integrated,0,06349700,1.999842439762002
1013,46,level_historical_integrated,0,06349900,7.167042237350343
1013,46,level_historical_integrated,0,06349930,4.9054657465226255
1013,46,level_historical_integrated,0,06350000,3.53658464681199
1013,46,level_historical_integrated,0,06352400,5.04682971833257
1013,46,level_historical_integrated,0,06354000,3.22694944535876
1013,46,level_historical_integrated,0,06355310,18.031501531142197
1013,46,level_historical_native,0,06338490,1.16528549415233
1013,46,level_historical_native,0,06339100,7.855503698287312
1013,46,level_historical_native,0,06339300,6.417788081105768
1013,46,level_historical_native,0,06339550,5.549555615821882
1013,46,level_historical_native,0,06339560,4.272741208960436
1013,46,level_historical_native,0,06339800,7.676322519360739
1013,46,level_historical_native,0,06339900,5.67842752621712
1013,46,level_historical_native,0,06340000,4.487213728373455
1013,46,level_historical_native,0,06340500,3.904479113975553
1013,46,level_historical_native,0,06340520,4.6229551134575635
1013,46,level_historical_native,0,06340580,8.23807380332664
1013,46,level_historical_native,0,06340780,9.661300436009904
1013,46,level_historical_native,0,06340930,8.380019834343711
1013,46,level_historical_native,0,06342040,6.259563139109216
1013,46,level_historical_native,0,06342200,5.124497348111814
1013,46,level_historical_native,0,06342230,6.417749837923582
1013,46,level_historical_native,0,06342500,1.7578500065984906
1013,46,level_historical_native,0,06343000,6.767644613446729
1013,46,level_historical_native,0,06344600,3.964639872960232
1013,46,level_historical_native,0,06349000,4.112890224335009
1013,46,level_historical_native,0,06349700,1.999842439762002
1013,46,level_historical_native,0,06349900,7.167042237350343
1013,46,level_historical_native,0,06349930,4.9054657465226255
1013,46,level_historical_native,0,06350000,3.53658464681199
1013,46,level_historical_native,0,06352400,5.04682971833257
1013,46,level_historical_native,0,06354000,3.22694944535876
1013,46,level_historical_native,0,06355310,18.031501531142197
1013,46,level_real_integrated,0,06338490,1.2076569504690537
1013,46,level_real_integrated,0,06339100,7.761495651691008
1013,46,level_real_integrated,0,06339300,6.315544867788435
1013,46,level_real_integrated,0,06339550,5.498025275438663
1013,46,level_real_integrated,0,06339560,4.267071349720424
1013,46,level_real_integrated,0,06339800,7.692218174387047
1013,46,level_real_integrated,0,06339900,5.680761744758085
1013,46,level_real_integrated,0,06340000,4.474046244914073
1013,46,level_real_integrated,0,06340500,3.8530088899652357
1013,46,level_real_integrated,0,06340520,4.540011049317244
1013,46,level_real_integrated,0,06340580,8.148599982103859
1013,46,level_real_integrated,0,06340780,9.556582036437897
1013,46,level_real_integrated,0,06340930,8.32629028100487
1013,46,level_real_integrated,0,06342040,6.1563091785350315
1013,46,level_real_integrated,0,06342200,4.9120902721843445
1013,46,level_real_integrated,0,06342230,6.404574492223219
1013,46,level_real_integrated,0,06342500,1.7987242675671316
1013,46,level_real_integrated,0,06343000,6.644822598460775
1013,46,level_real_integrated,0,06344600,3.8812874450349226
1013,46,level_real_integrated,0,06349000,3.942368260137436
1013,46,level_real_integrated,0,06349700,1.99523529449899
1013,46,level_real_integrated,0,06349900,7.027797917529309
1013,46,level_real_integrated,0,06349930,4.814618954338539
1013,46,level_real_integrated,0,06350000,3.5010281166120216
1013,46,level_real_integrated,0,06352400,5.006080262840868
1013,46,level_real_integrated,0,06354000,3.1072186922411653
1013,46,level_real_integrated,0,06355310,18.114234998363457
1013,46,level_real_native,0,06338490,1.2076569504690537
1013,46,level_real_native,0,06339100,7.761495651691008
1013,46,level_real_native,0,06339300,6.315544867788435
1013,46,level_real_native,0,06339550,5.498025275438663
1013,46,level_real_native,0,06339560,4.267071349720424
1013,46,level_real_native,0,06339800,7.692218174387047
1013,46,level_real_native,0,06339900,5.680761744758085
1013,46,level_real_native,0,06340000,4.474046244914073
1013,46,level_real_native,0,06340500,3.8530088899652357
1013,46,level_real_native,0,06340520,4.540011049317244
1013,46,level_real_native,0,06340580,8.148599982103859
1013,46,level_real_native,0,06340780,9.556582036437897
1013,46,level_real_native,0,06340930,8.32629028100487
1013,46,level_real_native,0,06342040,6.1563091785350315
1013,46,level_real_native,0,06342200,4.9120902721843445
1013,46,level_real_native,0,06342230,6.404574492223219
1013,46,level_real_native,0,06342500,1.7987242675671316
1013,46,level_real_native,0,06343000,6.644822598460775
1013,46,level_real_native,0,06344600,3.8812874450349226
1013,46,level_real_native,0,06349000,3.942368260137436
1013,46,level_real_native,0,06349700,1.99523529449899
1013,46,level_real_native,0,06349900,7.027797917529309
1013,46,level_real_native,0,06349930,4.814618954338539
1013,46,level_real_native,0,06350000,3.5010281166120216
1013,46,level_real_native,0,06352400,5.006080262840868
1013,46,level_real_native,0,06354000,3.1072186922411653
1013,46,level_real_native,0,06355310,18.114234998363457
1013,46,level_seasonal_integrated,0,06338490,1.2103329726861607
1013,46,level_seasonal_integrated,0,06339100,7.792071706200058
1013,46,level_seasonal_integrated,0,06339300,6.339280958784761
1013,46,level_seasonal_integrated,0,06339550,5.562181994857123
1013,46,level_seasonal_integrated,0,06339560,4.219627625036391
1013,46,level_seasonal_integrated,0,06339800,7.71012045360938
1013,46,level_seasonal_integrated,0,06339900,5.693501218404405
1013,46,level_seasonal_integrated,0,06340000,4.456393847835016
1013,46,level_seasonal_integrated,0,06340500,3.873014821941471
1013,46,level_seasonal_integrated,0,06340520,4.570330420540694
1013,46,level_seasonal_integrated,0,06340580,8.256084956070934
1013,46,level_seasonal_integrated,0,06340780,9.673530296639244
1013,46,level_seasonal_integrated,0,06340930,8.531626878881575
1013,46,level_seasonal_integrated,0,06342040,6.115463298783385
1013,46,level_seasonal_integrated,0,06342200,5.0522188294948815
1013,46,level_seasonal_integrated,0,06342230,6.4550699438387
1013,46,level_seasonal_integrated,0,06342500,1.8014083749591716
1013,46,level_seasonal_integrated,0,06343000,6.763039441675453
1013,46,level_seasonal_integrated,0,06344600,3.8444679962118293
1013,46,level_seasonal_integrated,0,06349000,4.06241874485692
1013,46,level_seasonal_integrated,0,06349700,2.0345297980415626
1013,46,level_seasonal_integrated,0,06349900,7.172016655566625
1013,46,level_seasonal_integrated,0,06349930,4.932563104265447
1013,46,level_seasonal_integrated,0,06350000,3.476112065238101
1013,46,level_seasonal_integrated,0,06352400,5.083223284596617
1013,46,level_seasonal_integrated,0,06354000,3.210953072453489
1013,46,level_seasonal_integrated,0,06355310,18.11408131689317
1013,46,level_seasonal_native,0,06338490,1.2103329726861607
1013,46,level_seasonal_native,0,06339100,7.792071706200058
1013,46,level_seasonal_native,0,06339300,6.339280958784761
1013,46,level_seasonal_native,0,06339550,5.562181994857123
1013,46,level_seasonal_native,0,06339560,4.219627625036391
1013,46,level_seasonal_native,0,06339800,7.71012045360938
1013,46,level_seasonal_native,0,06339900,5.693501218404405
1013,46,level_seasonal_native,0,06340000,4.456393847835016
1013,46,level_seasonal_native,0,06340500,3.873014821941471
1013,46,level_seasonal_native,0,06340520,4.570330420540694
1013,46,level_seasonal_native,0,06340580,8.256084956070934
1013,46,level_seasonal_native,0,06340780,9.673530296639244
1013,46,level_seasonal_native,0,06340930,8.531626878881575
1013,46,level_seasonal_native,0,06342040,6.115463298783385
1013,46,level_seasonal_native,0,06342200,5.0522188294948815
1013,46,level_seasonal_native,0,06342230,6.4550699438387
1013,46,level_seasonal_native,0,06342500,1.8014083749591716
1013,46,level_seasonal_native,0,06343000,6.763039441675453
1013,46,level_seasonal_native,0,06344600,3.8444679962118293
1013,46,level_seasonal_native,0,06349000,4.06241874485692
1013,46,level_seasonal_native,0,06349700,2.0345297980415626
1013,46,level_seasonal_native,0,06349900,7.172016655566625
1013,46,level_seasonal_native,0,06349930,4.932563104265447
1013,46,level_seasonal_native,0,06350000,3.476112065238101
1013,46,level_seasonal_native,0,06352400,5.083223284596617
1013,46,level_seasonal_native,0,06354000,3.210953072453489
1013,46,level_seasonal_native,0,06355310,18.11408131689317
1013,46,matched_daily_trees,0,06338490,2.3667625495553395
1013,46,matched_daily_trees,0,06339100,8.080104530685173
1013,46,matched_daily_trees,0,06339300,6.4290054823667635
1013,46,matched_daily_trees,0,06339550,5.936912431322054
1013,46,matched_daily_trees,0,06339560,4.645106229957965
1013,46,matched_daily_trees,0,06339800,7.391994842136527
1013,46,matched_daily_trees,0,06339900,5.689182040213976
1013,46,matched_daily_trees,0,06340000,4.838773602260038
1013,46,matched_daily_trees,0,06340500,4.135361209817
1013,46,matched_daily_trees,0,06340520,4.721442303597272
1013,46,matched_daily_trees,0,06340580,8.259502989921183
1013,46,matched_daily_trees,0,06340780,9.628665028551731
1013,46,matched_daily_trees,0,06340930,8.07687159692102
1013,46,matched_daily_trees,0,06342040,6.105681963907687
1013,46,matched_daily_trees,0,06342200,5.494424251030872
1013,46,matched_daily_trees,0,06342230,6.428542120042882
1013,46,matched_daily_trees,0,06342500,2.6049554258727845
1013,46,matched_daily_trees,0,06343000,7.227805541888639
1013,46,matched_daily_trees,0,06344600,3.6965241993585094
1013,46,matched_daily_trees,0,06349000,4.196573066930825
1013,46,matched_daily_trees,0,06349700,2.867371322470395
1013,46,matched_daily_trees,0,06349900,7.590286114296869
1013,46,matched_daily_trees,0,06349930,5.32894645555373
1013,46,matched_daily_trees,0,06350000,3.5614375379296135
1013,46,matched_daily_trees,0,06352400,4.516400447478012
1013,46,matched_daily_trees,0,06354000,2.956485141784864
1013,46,matched_daily_trees,0,06355310,19.31055029570838
1013,46,relative_fixed_integrated,0,06338490,1.1863394013937953
1013,46,relative_fixed_integrated,0,06339100,7.838890493847841
1013,46,relative_fixed_integrated,0,06339300,6.392162195713307
1013,46,relative_fixed_integrated,0,06339550,5.286573173182288
1013,46,relative_fixed_integrated,0,06339560,4.133413938481594
1013,46,relative_fixed_integrated,0,06339800,7.7288960741394215
1013,46,relative_fixed_integrated,0,06339900,5.650302081702676
1013,46,relative_fixed_integrated,0,06340000,4.408705334962648
1013,46,relative_fixed_integrated,0,06340500,3.824887388002559
1013,46,relative_fixed_integrated,0,06340520,4.575790640042124
1013,46,relative_fixed_integrated,0,06340580,8.305610302830685
1013,46,relative_fixed_integrated,0,06340780,9.813765120414825
1013,46,relative_fixed_integrated,0,06340930,8.44273896761469
1013,46,relative_fixed_integrated,0,06342040,6.221204011429848
1013,46,relative_fixed_integrated,0,06342200,4.946931665092752
1013,46,relative_fixed_integrated,0,06342230,6.462347059943391
1013,46,relative_fixed_integrated,0,06342500,1.683087637421012
1013,46,relative_fixed_integrated,0,06343000,6.781385541086088
1013,46,relative_fixed_integrated,0,06344600,3.834754847105344
1013,46,relative_fixed_integrated,0,06349000,3.9285031492424496
1013,46,relative_fixed_integrated,0,06349700,1.9350477639857462
1013,46,relative_fixed_integrated,0,06349900,7.030752844784599
1013,46,relative_fixed_integrated,0,06349930,4.918774183165647
1013,46,relative_fixed_integrated,0,06350000,3.554384544182179
1013,46,relative_fixed_integrated,0,06352400,5.095945310010185
1013,46,relative_fixed_integrated,0,06354000,3.079857158413033
1013,46,relative_fixed_integrated,0,06355310,18.361576576796164
1013,46,relative_fixed_native,0,06338490,1.2060595934235867
1013,46,relative_fixed_native,0,06339100,7.820355572990076
1013,46,relative_fixed_native,0,06339300,6.375675638942448
1013,46,relative_fixed_native,0,06339550,5.509483922919314
1013,46,relative_fixed_native,0,06339560,4.29361418281413
1013,46,relative_fixed_native,0,06339800,7.624670097538321
1013,46,relative_fixed_native,0,06339900,5.644023333237601
1013,46,relative_fixed_native,0,06340000,4.486676687477292
1013,46,relative_fixed_native,0,06340500,3.8960248996515214
1013,46,relative_fixed_native,0,06340520,4.546377309368971
1013,46,relative_fixed_native,0,06340580,8.048532888135467
1013,46,relative_fixed_native,0,06340780,9.563979115546795
1013,46,relative_fixed_native,0,06340930,8.148611995283883
1013,46,relative_fixed_native,0,06342040,6.306196555523476
1013,46,relative_fixed_native,0,06342200,5.019578247463396
1013,46,relative_fixed_native,0,06342230,6.302727659290828
1013,46,relative_fixed_native,0,06342500,1.7082355238491003
1013,46,relative_fixed_native,0,06343000,6.627888540414945
1013,46,relative_fixed_native,0,06344600,3.954877573899411
1013,46,relative_fixed_native,0,06349000,4.079829592012864
1013,46,relative_fixed_native,0,06349700,1.95781756449912
1013,46,relative_fixed_native,0,06349900,6.99818250837081
1013,46,relative_fixed_native,0,06349930,4.805855706877078
1013,46,relative_fixed_native,0,06350000,3.6524445926404505
1013,46,relative_fixed_native,0,06352400,4.986556115727704
1013,46,relative_fixed_native,0,06354000,3.1871305259404266
1013,46,relative_fixed_native,0,06355310,17.936063358722333
1013,46,relative_historical_integrated,0,06338490,1.175785634339403
1013,46,relative_historical_integrated,0,06339100,7.8826961144479775
1013,46,relative_historical_integrated,0,06339300,6.4376691820012315
1013,46,relative_historical_integrated,0,06339550,5.376038032396227
1013,46,relative_historical_integrated,0,06339560,4.1803280279526955
1013,46,relative_historical_integrated,0,06339800,7.7246754201093175
1013,46,relative_historical_integrated,0,06339900,5.655179870218867
1013,46,relative_historical_integrated,0,06340000,4.44654136578555
1013,46,relative_historical_integrated,0,06340500,3.8666384358929964
1013,46,relative_historical_integrated,0,06340520,4.648919248507318
1013,46,relative_historical_integrated,0,06340580,8.346075793723214
1013,46,relative_historical_integrated,0,06340780,9.83095880539013
1013,46,relative_historical_integrated,0,06340930,8.508330991260735
1013,46,relative_historical_integrated,0,06342040,6.203789695639911
1013,46,relative_historical_integrated,0,06342200,5.065976319651115
1013,46,relative_historical_integrated,0,06342230,6.489015679950183
1013,46,relative_historical_integrated,0,06342500,1.6802454820521842
1013,46,relative_historical_integrated,0,06343000,6.835042979898353
1013,46,relative_historical_integrated,0,06344600,3.8903033729010033
1013,46,relative_historical_integrated,0,06349000,3.962115951219275
1013,46,relative_historical_integrated,0,06349700,1.9429475208377205
1013,46,relative_historical_integrated,0,06349900,7.133976923598788
1013,46,relative_historical_integrated,0,06349930,4.9499279054287415
1013,46,relative_historical_integrated,0,06350000,3.4954182118520256
1013,46,relative_historical_integrated,0,06352400,5.096965880606245
1013,46,relative_historical_integrated,0,06354000,3.138162181715325
1013,46,relative_historical_integrated,0,06355310,18.33584358147481
1013,46,relative_historical_native,0,06338490,1.1840165841703088
1013,46,relative_historical_native,0,06339100,7.88867085849498
1013,46,relative_historical_native,0,06339300,6.436351620659679
1013,46,relative_historical_native,0,06339550,5.616893796918337
1013,46,relative_historical_native,0,06339560,4.351280929447523
1013,46,relative_historical_native,0,06339800,7.619042558831515
1013,46,relative_historical_native,0,06339900,5.650527051259189
1013,46,relative_historical_native,0,06340000,4.541093877573756
1013,46,relative_historical_native,0,06340500,3.951692963505438
1013,46,relative_historical_native,0,06340520,4.643882120655897
1013,46,relative_historical_native,0,06340580,8.102486875992172
1013,46,relative_historical_native,0,06340780,9.586904028847202
1013,46,relative_historical_native,0,06340930,8.238912064536532
1013,46,relative_historical_native,0,06342040,6.282977467803559
1013,46,relative_historical_native,0,06342200,5.156626858547828
1013,46,relative_historical_native,0,06342230,6.353420614537409
1013,46,relative_historical_native,0,06342500,1.6996323140384817
1013,46,relative_historical_native,0,06343000,6.71621468990219
1013,46,relative_historical_native,0,06344600,4.032485278974936
1013,46,relative_historical_native,0,06349000,4.1265780423402765
1013,46,relative_historical_native,0,06349700,1.9663807172599936
1013,46,relative_historical_native,0,06349900,7.12386232575454
1013,46,relative_historical_native,0,06349930,4.842374535300301
1013,46,relative_historical_native,0,06350000,3.5677263049747423
1013,46,relative_historical_native,0,06352400,4.9879168765224495
1013,46,relative_historical_native,0,06354000,3.2640499079288863
1013,46,relative_historical_native,0,06355310,17.901752698293862
1013,46,relative_real_integrated,0,06338490,1.2404090424066825
1013,46,relative_real_integrated,0,06339100,7.786461220643093
1013,46,relative_real_integrated,0,06339300,6.357926156606645
1013,46,relative_real_integrated,0,06339550,5.216311162417506
1013,46,relative_real_integrated,0,06339560,4.127392198806091
1013,46,relative_real_integrated,0,06339800,7.750584694700847
1013,46,relative_real_integrated,0,06339900,5.5947784335541355
1013,46,relative_real_integrated,0,06340000,4.40340373921412
1013,46,relative_real_integrated,0,06340500,3.823026865657511
1013,46,relative_real_integrated,0,06340520,4.56628775185828
1013,46,relative_real_integrated,0,06340580,8.313184406603325
1013,46,relative_real_integrated,0,06340780,9.74652082919981
1013,46,relative_real_integrated,0,06340930,8.384798778074304
1013,46,relative_real_integrated,0,06342040,6.192980498363079
1013,46,relative_real_integrated,0,06342200,4.896544539377429
1013,46,relative_real_integrated,0,06342230,6.518557479170728
1013,46,relative_real_integrated,0,06342500,1.7604286047096347
1013,46,relative_real_integrated,0,06343000,6.742837965644595
1013,46,relative_real_integrated,0,06344600,3.793463330086822
1013,46,relative_real_integrated,0,06349000,3.8919556247928315
1013,46,relative_real_integrated,0,06349700,1.9904357010921985
1013,46,relative_real_integrated,0,06349900,6.933522690177568
1013,46,relative_real_integrated,0,06349930,4.854788913789884
1013,46,relative_real_integrated,0,06350000,3.5738118287754768
1013,46,relative_real_integrated,0,06352400,5.085620855145184
1013,46,relative_real_integrated,0,06354000,3.0410916586890164
1013,46,relative_real_integrated,0,06355310,18.439326467381903
1013,46,relative_real_native,0,06338490,1.2549690850539599
1013,46,relative_real_native,0,06339100,7.774055629350737
1013,46,relative_real_native,0,06339300,6.355505374098152
1013,46,relative_real_native,0,06339550,5.426075462349434
1013,46,relative_real_native,0,06339560,4.287853233127949
1013,46,relative_real_native,0,06339800,7.652099636342452
1013,46,relative_real_native,0,06339900,5.588558339004742
1013,46,relative_real_native,0,06340000,4.470311266181592
1013,46,relative_real_native,0,06340500,3.883880198651676
1013,46,relative_real_native,0,06340520,4.519664274262312
1013,46,relative_real_native,0,06340580,8.058631693165653
1013,46,relative_real_native,0,06340780,9.448655046594304
1013,46,relative_real_native,0,06340930,8.086880413082405
1013,46,relative_real_native,0,06342040,6.268565204767785
1013,46,relative_real_native,0,06342200,4.97060066712799
1013,46,relative_real_native,0,06342230,6.397789372821221
1013,46,relative_real_native,0,06342500,1.816381540243281
1013,46,relative_real_native,0,06343000,6.5662928106362655
1013,46,relative_real_native,0,06344600,3.924644203391017
1013,46,relative_real_native,0,06349000,4.031099559413374
1013,46,relative_real_native,0,06349700,2.0296982909326307
1013,46,relative_real_native,0,06349900,6.892478573895583
1013,46,relative_real_native,0,06349930,4.716113328364653
1013,46,relative_real_native,0,06350000,3.6748849642455164
1013,46,relative_real_native,0,06352400,4.962466179974623
1013,46,relative_real_native,0,06354000,3.1524228746993925
1013,46,relative_real_native,0,06355310,18.03972987950332
1013,46,station_hidden_trees,0,06338490,1.3923166523294235
1013,46,station_hidden_trees,0,06339100,8.05968170175234
1013,46,station_hidden_trees,0,06339300,6.525387058483803
1013,46,station_hidden_trees,0,06339550,4.656615843284171
1013,46,station_hidden_trees,0,06339560,3.6955178784314855
1013,46,station_hidden_trees,0,06339800,8.289585565324803
1013,46,station_hidden_trees,0,06339900,5.8413226927162905
1013,46,station_hidden_trees,0,06340000,4.197172375781979
1013,46,station_hidden_trees,0,06340500,3.666158763752752
1013,46,station_hidden_trees,0,06340520,4.864334233781704
1013,46,station_hidden_trees,0,06340580,9.342065233983595
1013,46,station_hidden_trees,0,06340780,11.008206038554604
1013,46,station_hidden_trees,0,06340930,9.532379966767275
1013,46,station_hidden_trees,0,06342040,6.057433301869438
1013,46,station_hidden_trees,0,06342200,4.744318938561441
1013,46,station_hidden_trees,0,06342230,7.079334120388283
1013,46,station_hidden_trees,0,06342500,1.6957645460700708
1013,46,station_hidden_trees,0,06343000,7.641709270494741
1013,46,station_hidden_trees,0,06344600,3.4400465480507787
1013,46,station_hidden_trees,0,06349000,3.2929997161497475
1013,46,station_hidden_trees,0,06349700,1.927216942709166
1013,46,station_hidden_trees,0,06349900,7.269519741788407
1013,46,station_hidden_trees,0,06349930,5.589545204394784
1013,46,station_hidden_trees,0,06350000,3.637595743025481
1013,46,station_hidden_trees,0,06352400,5.670998997325183
1013,46,station_hidden_trees,0,06354000,2.6583430933748016
1013,46,station_hidden_trees,0,06355310,19.92090267001347
1013,46,unmonitored_integrated,0,06338490,1.2036378554553966
1013,46,unmonitored_integrated,0,06339100,7.879489329805957
1013,46,unmonitored_integrated,0,06339300,6.438750297925626
1013,46,unmonitored_integrated,0,06339550,5.3687062941044426
1013,46,unmonitored_integrated,0,06339560,4.181553233357114
1013,46,unmonitored_integrated,0,06339800,7.734972851845696
1013,46,unmonitored_integrated,0,06339900,5.647508163840407
1013,46,unmonitored_integrated,0,06340000,4.445003887936247
1013,46,unmonitored_integrated,0,06340500,3.8681748118830357
1013,46,unmonitored_integrated,0,06340520,4.650267299936113
1013,46,unmonitored_integrated,0,06340580,8.379368979478825
1013,46,unmonitored_integrated,0,06340780,9.844842667620643
1013,46,unmonitored_integrated,0,06340930,8.49872432439777
1013,46,unmonitored_integrated,0,06342040,6.178325940956177
1013,46,unmonitored_integrated,0,06342200,5.048246073166836
1013,46,unmonitored_integrated,0,06342230,6.50156659454605
1013,46,unmonitored_integrated,0,06342500,1.7214476463237405
1013,46,unmonitored_integrated,0,06343000,6.832468787815725
1013,46,unmonitored_integrated,0,06344600,3.862043895936012
1013,46,unmonitored_integrated,0,06349000,3.938420743410947
1013,46,unmonitored_integrated,0,06349700,2.016441850247351
1013,46,unmonitored_integrated,0,06349900,7.109185865031953
1013,46,unmonitored_integrated,0,06349930,4.949770394372382
1013,46,unmonitored_integrated,0,06350000,3.491455392459161
1013,46,unmonitored_integrated,0,06352400,5.102957838687967
1013,46,unmonitored_integrated,0,06354000,3.119430604329209
1013,46,unmonitored_integrated,0,06355310,18.36727437105476
1013,46,unmonitored_residual,0,06338490,1.2178896665326204
1013,46,unmonitored_residual,0,06339100,7.890158848080367
1013,46,unmonitored_residual,0,06339300,6.437793108558872
1013,46,unmonitored_residual,0,06339550,5.607118145862623
1013,46,unmonitored_residual,0,06339560,4.349621138772678
1013,46,unmonitored_residual,0,06339800,7.6327724678133535
1013,46,unmonitored_residual,0,06339900,5.640298109421242
1013,46,unmonitored_residual,0,06340000,4.533009178464963
1013,46,unmonitored_residual,0,06340500,3.9537414648254905
1013,46,unmonitored_residual,0,06340520,4.645679522560957
1013,46,unmonitored_residual,0,06340580,8.146877790332987
1013,46,unmonitored_residual,0,06340780,9.605415845154553
1013,46,unmonitored_residual,0,06340930,8.226103175385912
1013,46,unmonitored_residual,0,06342040,6.2490257948919155
1013,46,unmonitored_residual,0,06342200,5.13679019633482
1013,46,unmonitored_residual,0,06342230,6.3598828781873165
1013,46,unmonitored_residual,0,06342500,1.7545685330672236
1013,46,unmonitored_residual,0,06343000,6.701480287286217
1013,46,unmonitored_residual,0,06344600,3.992902896875568
1013,46,unmonitored_residual,0,06349000,4.098421588191776
1013,46,unmonitored_residual,0,06349700,2.064373156472834
1013,46,unmonitored_residual,0,06349900,7.09080758099876
1013,46,unmonitored_residual,0,06349930,4.842805946602213
1013,46,unmonitored_residual,0,06350000,3.560596849750681
1013,46,unmonitored_residual,0,06352400,4.995906153964746
1013,46,unmonitored_residual,0,06354000,3.2391739310128687
1013,46,unmonitored_residual,0,06355310,17.943660417733792
1019,42,attention_fixed_integrated,0,06697100,1.1311091490061815
1019,42,attention_fixed_integrated,0,06698500,2.690714808376086
1019,42,attention_fixed_integrated,0,06710200,6.243632019695285
1019,42,attention_fixed_integrated,0,06710247,4.235914630502384
1019,42,attention_fixed_integrated,0,06713500,1.5267720081761327
1019,42,attention_fixed_integrated,0,06714000,3.7818883849679423
1019,42,attention_fixed_integrated,0,06719505,0.363780158852467
1019,42,attention_fixed_integrated,0,06720500,5.96552961630474
1019,42,attention_fixed_integrated,0,06721500,2.292624525956424
1019,42,attention_fixed_integrated,0,06731000,2.4638099386415933
1019,42,attention_fixed_integrated,0,06734900,1.9426455571608467
1019,42,attention_fixed_integrated,0,06752000,1.1691380413314147
1019,42,attention_fixed_integrated,0,06753400,1.5100478105375332
1019,42,attention_fixed_integrated,0,06753990,3.8545126247323718
1019,42,attention_fixed_integrated,0,06754000,1.92607748356866
1019,42,attention_fixed_integrated,0,06759910,0.8271959226462222
1019,42,attention_fixed_integrated,0,06765500,1.4812421497578565
1019,42,attention_fixed_integrated,0,401707105395000,0.3917512804770894
1019,42,attention_fixed_integrated,0,401723105400000,0.29335039943139346
1019,42,attention_fixed_integrated,0,401733105392404,0.6979265302245451
1019,42,attention_fixed_integrated,0,402114105350101,2.152516700261151
1019,42,attention_fixed_native,0,06697100,1.1295574834919173
1019,42,attention_fixed_native,0,06698500,2.626721717225967
1019,42,attention_fixed_native,0,06710200,6.104948887480094
1019,42,attention_fixed_native,0,06710247,4.154024087488654
1019,42,attention_fixed_native,0,06713500,1.5075195559992691
1019,42,attention_fixed_native,0,06714000,3.8253617416271126
1019,42,attention_fixed_native,0,06719505,0.7032122673352138
1019,42,attention_fixed_native,0,06720500,6.073477809660913
1019,42,attention_fixed_native,0,06721500,2.5920672106697142
1019,42,attention_fixed_native,0,06731000,2.5266820899937352
1019,42,attention_fixed_native,0,06734900,2.0108838441204773
1019,42,attention_fixed_native,0,06752000,1.3227733527603474
1019,42,attention_fixed_native,0,06753400,1.5877637209982682
1019,42,attention_fixed_native,0,06753990,3.9061755907862206
1019,42,attention_fixed_native,0,06754000,1.9975890966695764
1019,42,attention_fixed_native,0,06759910,0.9583223697153683
1019,42,attention_fixed_native,0,06765500,1.5237676913884408
1019,42,attention_fixed_native,0,401707105395000,0.6364039257732984
1019,42,attention_fixed_native,0,401723105400000,0.6272319297576533
1019,42,attention_fixed_native,0,401733105392404,1.2614122897063609
1019,42,attention_fixed_native,0,402114105350101,2.6701538128556837
1019,42,attention_historical_integrated,0,06697100,1.1327596255501031
1019,42,attention_historical_integrated,0,06698500,2.75743867752195
1019,42,attention_historical_integrated,0,06710200,6.291187029253199
1019,42,attention_historical_integrated,0,06710247,4.376863651477915
1019,42,attention_historical_integrated,0,06713500,1.5209885772381382
1019,42,attention_historical_integrated,0,06714000,3.711965601866579
1019,42,attention_historical_integrated,0,06719505,0.2724532852731241
1019,42,attention_historical_integrated,0,06720500,5.8228385387206885
1019,42,attention_historical_integrated,0,06721500,1.8617851012344027
1019,42,attention_historical_integrated,0,06731000,2.4399011639499153
1019,42,attention_historical_integrated,0,06734900,1.857156561607869
1019,42,attention_historical_integrated,0,06752000,0.9835284078521603
1019,42,attention_historical_integrated,0,06753400,1.4700311576830738
1019,42,attention_historical_integrated,0,06753990,3.8058079758647874
1019,42,attention_historical_integrated,0,06754000,1.8413845714434238
1019,42,attention_historical_integrated,0,06759910,0.6827787361767385
1019,42,attention_historical_integrated,0,06765500,1.4827247753107178
1019,42,attention_historical_integrated,0,401707105395000,1.008912546865754
1019,42,attention_historical_integrated,0,401723105400000,1.1306719376070415
1019,42,attention_historical_integrated,0,401733105392404,0.5240863247793112
1019,42,attention_historical_integrated,0,402114105350101,1.5014998830638986
1019,42,attention_historical_native,0,06697100,1.1303200789410925
1019,42,attention_historical_native,0,06698500,2.6216818990193977
1019,42,attention_historical_native,0,06710200,6.127943978709771
1019,42,attention_historical_native,0,06710247,4.091801064485421
1019,42,attention_historical_native,0,06713500,1.5141514149296331
1019,42,attention_historical_native,0,06714000,3.783283977912227
1019,42,attention_historical_native,0,06719505,0.6667092318885206
1019,42,attention_historical_native,0,06720500,6.040011305572443
1019,42,attention_historical_native,0,06721500,2.5799947331800044
1019,42,attention_historical_native,0,06731000,2.4927832572205664
1019,42,attention_historical_native,0,06734900,2.0028805645537124
1019,42,attention_historical_native,0,06752000,1.2853831730851464
1019,42,attention_historical_native,0,06753400,1.5338530337339298
1019,42,attention_historical_native,0,06753990,3.9531476211183225
1019,42,attention_historical_native,0,06754000,1.9821501795897127
1019,42,attention_historical_native,0,06759910,0.963619226392528
1019,42,attention_historical_native,0,06765500,1.4906541532806874
1019,42,attention_historical_native,0,401707105395000,0.6062461860506537
1019,42,attention_historical_native,0,401723105400000,0.6081561158368468
1019,42,attention_historical_native,0,401733105392404,1.2403360573817834
1019,42,attention_historical_native,0,402114105350101,2.632666496435775
1019,42,attention_real_integrated,0,06697100,1.1296709097340976
1019,42,attention_real_integrated,0,06698500,2.664012158554529
1019,42,attention_real_integrated,0,06710200,6.178099511695125
1019,42,attention_real_integrated,0,06710247,4.230490225774863
1019,42,attention_real_integrated,0,06713500,1.5017225791714577
1019,42,attention_real_integrated,0,06714000,3.829574527452378
1019,42,attention_real_integrated,0,06719505,0.5484223395295753
1019,42,attention_real_integrated,0,06720500,6.051777298358757
1019,42,attention_real_integrated,0,06721500,2.4561875972206093
1019,42,attention_real_integrated,0,06731000,2.5105948424359585
1019,42,attention_real_integrated,0,06734900,1.99649751818247
1019,42,attention_real_integrated,0,06752000,1.2732984833518182
1019,42,attention_real_integrated,0,06753400,1.5087553154978166
1019,42,attention_real_integrated,0,06753990,3.881339087836675
1019,42,attention_real_integrated,0,06754000,1.9774053971065109
1019,42,attention_real_integrated,0,06759910,0.8707326296925518
1019,42,attention_real_integrated,0,06765500,1.4755731779218615
1019,42,attention_real_integrated,0,401707105395000,0.3848207831217082
1019,42,attention_real_integrated,0,401723105400000,0.27996246693186627
1019,42,attention_real_integrated,0,401733105392404,0.9782909774853126
1019,42,attention_real_integrated,0,402114105350101,2.4303104394501185
1019,42,attention_real_native,0,06697100,1.1329367143317828
1019,42,attention_real_native,0,06698500,2.6425434793095977
1019,42,attention_real_native,0,06710200,6.110027631623342
1019,42,attention_real_native,0,06710247,4.201385243194447
1019,42,attention_real_native,0,06713500,1.4964621842045092
1019,42,attention_real_native,0,06714000,3.8599610271669125
1019,42,attention_real_native,0,06719505,0.7372381090810507
1019,42,attention_real_native,0,06720500,6.11650925682882
1019,42,attention_real_native,0,06721500,2.610522849213101
1019,42,attention_real_native,0,06731000,2.5471471941514614
1019,42,attention_real_native,0,06734900,2.0371942675095545
1019,42,attention_real_native,0,06752000,1.3592304011682637
1019,42,attention_real_native,0,06753400,1.5377253663985662
1019,42,attention_real_native,0,06753990,3.9002177735727557
1019,42,attention_real_native,0,06754000,2.0183519059861
1019,42,attention_real_native,0,06759910,0.933430543949997
1019,42,attention_real_native,0,06765500,1.4929923098151254
1019,42,attention_real_native,0,401707105395000,0.6435047507302039
1019,42,attention_real_native,0,401723105400000,0.6333954641693309
1019,42,attention_real_native,0,401733105392404,1.270117219836331
1019,42,attention_real_native,0,402114105350101,2.6954540567112852
1019,42,current_model,0,06697100,1.0837634636262785
1019,42,current_model,0,06698500,2.9679236516388654
1019,42,current_model,0,06710200,6.500610910137224
1019,42,current_model,0,06710247,4.828218620978755
1019,42,current_model,0,06713500,1.3047211761670496
1019,42,current_model,0,06714000,4.000937477625675
1019,42,current_model,0,06719505,0.35064788538212244
1019,42,current_model,0,06720500,6.220469257998496
1019,42,current_model,0,06721500,1.9934132634918325
1019,42,current_model,0,06731000,2.474707719422238
1019,42,current_model,0,06734900,2.00133639941845
1019,42,current_model,0,06752000,1.174350671278312
1019,42,current_model,0,06753400,1.659294425731929
1019,42,current_model,0,06753990,3.4451991274611413
1019,42,current_model,0,06754000,2.148139915686089
1019,42,current_model,0,06759910,0.5540271014742755
1019,42,current_model,0,06765500,1.4587143744079094
1019,42,current_model,0,401707105395000,1.0293465483658784
1019,42,current_model,0,401723105400000,0.7886821340709713
1019,42,current_model,0,401733105392404,0.49861167872720125
1019,42,current_model,0,402114105350101,1.7770766002948357
1019,42,innovation_real_integrated,0,06697100,1.1310187619683594
1019,42,innovation_real_integrated,0,06698500,2.692364710711321
1019,42,innovation_real_integrated,0,06710200,6.244733541470412
1019,42,innovation_real_integrated,0,06710247,4.239748935833495
1019,42,innovation_real_integrated,0,06713500,1.525264231155925
1019,42,innovation_real_integrated,0,06714000,3.7834591472348995
1019,42,innovation_real_integrated,0,06719505,0.3649758362479917
1019,42,innovation_real_integrated,0,06720500,5.96814085534634
1019,42,innovation_real_integrated,0,06721500,2.290162375427397
1019,42,innovation_real_integrated,0,06731000,2.465433416020919
1019,42,innovation_real_integrated,0,06734900,1.941842387366466
1019,42,innovation_real_integrated,0,06752000,1.169784856035356
1019,42,innovation_real_integrated,0,06753400,1.5070845640464403
1019,42,innovation_real_integrated,0,06753990,3.8546363001497634
1019,42,innovation_real_integrated,0,06754000,1.926818984586694
1019,42,innovation_real_integrated,0,06759910,0.8262212401605374
1019,42,innovation_real_integrated,0,06765500,1.4789968990538969
1019,42,innovation_real_integrated,0,401707105395000,0.39172179329879897
1019,42,innovation_real_integrated,0,401723105400000,0.29245294084133155
1019,42,innovation_real_integrated,0,401733105392404,0.6991881203020333
1019,42,innovation_real_integrated,0,402114105350101,2.1526100456458206
1019,42,innovation_real_native,0,06697100,1.1291497519588667
1019,42,innovation_real_native,0,06698500,2.6289736835945514
1019,42,innovation_real_native,0,06710200,6.107151931030347
1019,42,innovation_real_native,0,06710247,4.161692698150876
1019,42,innovation_real_native,0,06713500,1.5044357250929838
1019,42,innovation_real_native,0,06714000,3.8285032661610265
1019,42,innovation_real_native,0,06719505,0.7027646652276067
1019,42,innovation_real_native,0,06720500,6.078700287744114
1019,42,innovation_real_native,0,06721500,2.5871429096116603
1019,42,innovation_real_native,0,06731000,2.529929044752387
1019,42,innovation_real_native,0,06734900,2.009277504531716
1019,42,innovation_real_native,0,06752000,1.32406698216823
1019,42,innovation_real_native,0,06753400,1.5820077226756744
1019,42,innovation_real_native,0,06753990,3.899568247580009
1019,42,innovation_real_native,0,06754000,1.9990720987056445
1019,42,innovation_real_native,0,06759910,0.954773816098318
1019,42,innovation_real_native,0,06765500,1.5191314257940571
1019,42,innovation_real_native,0,401707105395000,0.6350605092096804
1019,42,innovation_real_native,0,401723105400000,0.6300786511242531
1019,42,innovation_real_native,0,401733105392404,1.2642415019675084
1019,42,innovation_real_native,0,402114105350101,2.670340503625022
1019,42,innovation_real_trees,0,06697100,1.215300273486535
1019,42,innovation_real_trees,0,06698500,2.7009332674403645
1019,42,innovation_real_trees,0,06710200,6.514299590955341
1019,42,innovation_real_trees,0,06710247,3.7501101599054545
1019,42,innovation_real_trees,0,06713500,1.4775926517983888
1019,42,innovation_real_trees,0,06714000,3.124775195630639
1019,42,innovation_real_trees,0,06719505,0.8798178767748579
1019,42,innovation_real_trees,0,06720500,5.344503864552654
1019,42,innovation_real_trees,0,06721500,1.2434930549010916
1019,42,innovation_real_trees,0,06731000,1.9588777918871645
1019,42,innovation_real_trees,0,06734900,1.1786748231942796
1019,42,innovation_real_trees,0,06752000,0.880586031327243
1019,42,innovation_real_trees,0,06753400,1.5727928071041477
1019,42,innovation_real_trees,0,06753990,3.76372453307306
1019,42,innovation_real_trees,0,06754000,1.3301018950980794
1019,42,innovation_real_trees,0,06759910,0.8816236246214236
1019,42,innovation_real_trees,0,06765500,1.6798132329105215
1019,42,innovation_real_trees,0,401707105395000,1.4807211470058705
1019,42,innovation_real_trees,0,401723105400000,1.7409479504987475
1019,42,innovation_real_trees,0,401733105392404,0.844390341145498
1019,42,innovation_real_trees,0,402114105350101,1.23098944661745
1019,42,level_fixed_integrated,0,06697100,1.1351314814958078
1019,42,level_fixed_integrated,0,06698500,2.6262081773546777
1019,42,level_fixed_integrated,0,06710200,6.124379114312722
1019,42,level_fixed_integrated,0,06710247,4.219568916261199
1019,42,level_fixed_integrated,0,06713500,1.4883470142976283
1019,42,level_fixed_integrated,0,06714000,3.8166461047307636
1019,42,level_fixed_integrated,0,06719505,0.605000462538503
1019,42,level_fixed_integrated,0,06720500,6.042366801040225
1019,42,level_fixed_integrated,0,06721500,2.476435354645449
1019,42,level_fixed_integrated,0,06731000,2.4770007946634096
1019,42,level_fixed_integrated,0,06734900,1.9494423108529793
1019,42,level_fixed_integrated,0,06752000,1.2440526094741486
1019,42,level_fixed_integrated,0,06753400,1.6461262634349414
1019,42,level_fixed_integrated,0,06753990,3.9064869976920273
1019,42,level_fixed_integrated,0,06754000,1.9825087475748127
1019,42,level_fixed_integrated,0,06759910,0.9693879162489349
1019,42,level_fixed_integrated,0,06765500,1.494785882295079
1019,42,level_fixed_integrated,0,401707105395000,0.5672505604037218
1019,42,level_fixed_integrated,0,401723105400000,0.6077423801522008
1019,42,level_fixed_integrated,0,401733105392404,1.2314807053993706
1019,42,level_fixed_integrated,0,402114105350101,2.6072255045921175
1019,42,level_fixed_native,0,06697100,1.1351314814958078
1019,42,level_fixed_native,0,06698500,2.6262081773546777
1019,42,level_fixed_native,0,06710200,6.124379114312722
1019,42,level_fixed_native,0,06710247,4.219568916261199
1019,42,level_fixed_native,0,06713500,1.4883470142976283
1019,42,level_fixed_native,0,06714000,3.8166461047307636
1019,42,level_fixed_native,0,06719505,0.605000462538503
1019,42,level_fixed_native,0,06720500,6.042366801040225
1019,42,level_fixed_native,0,06721500,2.476435354645449
1019,42,level_fixed_native,0,06731000,2.4770007946634096
1019,42,level_fixed_native,0,06734900,1.9494423108529793
1019,42,level_fixed_native,0,06752000,1.2440526094741486
1019,42,level_fixed_native,0,06753400,1.6461262634349414
1019,42,level_fixed_native,0,06753990,3.9064869976920273
1019,42,level_fixed_native,0,06754000,1.9825087475748127
1019,42,level_fixed_native,0,06759910,0.9693879162489349
1019,42,level_fixed_native,0,06765500,1.494785882295079
1019,42,level_fixed_native,0,401707105395000,0.5672505604037218
1019,42,level_fixed_native,0,401723105400000,0.6077423801522008
1019,42,level_fixed_native,0,401733105392404,1.2314807053993706
1019,42,level_fixed_native,0,402114105350101,2.6072255045921175
1019,42,level_historical_integrated,0,06697100,1.134481751809548
1019,42,level_historical_integrated,0,06698500,2.6896055548385553
1019,42,level_historical_integrated,0,06710200,6.263228712242487
1019,42,level_historical_integrated,0,06710247,4.199805178033907
1019,42,level_historical_integrated,0,06713500,1.5217305504435825
1019,42,level_historical_integrated,0,06714000,3.7494192428219955
1019,42,level_historical_integrated,0,06719505,0.33068922323148836
1019,42,level_historical_integrated,0,06720500,5.923884996127803
1019,42,level_historical_integrated,0,06721500,2.2424834894459567
1019,42,level_historical_integrated,0,06731000,2.4268029416349584
1019,42,level_historical_integrated,0,06734900,1.927952039922945
1019,42,level_historical_integrated,0,06752000,1.1036178339016605
1019,42,level_historical_integrated,0,06753400,1.4615563282728128
1019,42,level_historical_integrated,0,06753990,3.9111305669865697
1019,42,level_historical_integrated,0,06754000,1.914170410529423
1019,42,level_historical_integrated,0,06759910,0.8279756281041224
1019,42,level_historical_integrated,0,06765500,1.4618945397113288
1019,42,level_historical_integrated,0,401707105395000,0.43489209076479957
1019,42,level_historical_integrated,0,401723105400000,0.32851036696423613
1019,42,level_historical_integrated,0,401733105392404,0.6618596682179808
1019,42,level_historical_integrated,0,402114105350101,2.0897848035245388
1019,42,level_historical_native,0,06697100,1.1350659674762502
1019,42,level_historical_native,0,06698500,2.638760856893227
1019,42,level_historical_native,0,06710200,6.1441422725744985
1019,42,level_historical_native,0,06710247,4.081805182551702
1019,42,level_historical_native,0,06713500,1.500457982761219
1019,42,level_historical_native,0,06714000,3.7604234573352184
1019,42,level_historical_native,0,06719505,0.5884950393777474
1019,42,level_historical_native,0,06720500,5.990188569307039
1019,42,level_historical_native,0,06721500,2.491785137648779
1019,42,level_historical_native,0,06731000,2.4526680959804654
1019,42,level_historical_native,0,06734900,1.981496809644674
1019,42,level_historical_native,0,06752000,1.1917329379008386
1019,42,level_historical_native,0,06753400,1.500484003073768
1019,42,level_historical_native,0,06753990,3.997558103344706
1019,42,level_historical_native,0,06754000,1.974765626633158
1019,42,level_historical_native,0,06759910,0.9709663172608073
1019,42,level_historical_native,0,06765500,1.4728215616648133
1019,42,level_historical_native,0,401707105395000,0.5193549117980562
1019,42,level_historical_native,0,401723105400000,0.5355636171747096
1019,42,level_historical_native,0,401733105392404,1.1690942191611386
1019,42,level_historical_native,0,402114105350101,2.544690019382458
1019,42,level_real_integrated,0,06697100,1.1388052107630342
1019,42,level_real_integrated,0,06698500,2.569246565414742
1019,42,level_real_integrated,0,06710200,6.15388343235574
1019,42,level_real_integrated,0,06710247,4.117727955246306
1019,42,level_real_integrated,0,06713500,1.481086475054418
1019,42,level_real_integrated,0,06714000,3.733652729733294
1019,42,level_real_integrated,0,06719505,0.40071746964228133
1019,42,level_real_integrated,0,06720500,5.912154411959683
1019,42,level_real_integrated,0,06721500,2.273270179668587
1019,42,level_real_integrated,0,06731000,2.3788097482567454
1019,42,level_real_integrated,0,06734900,1.9044414267732934
1019,42,level_real_integrated,0,06752000,1.1058065879803483
1019,42,level_real_integrated,0,06753400,1.6420136816312612
1019,42,level_real_integrated,0,06753990,3.9138029514995445
1019,42,level_real_integrated,0,06754000,1.9114675056508421
1019,42,level_real_integrated,0,06759910,0.928895665915337
1019,42,level_real_integrated,0,06765500,1.463835446330598
1019,42,level_real_integrated,0,401707105395000,0.36653656474799357
1019,42,level_real_integrated,0,401723105400000,0.263038111474655
1019,42,level_real_integrated,0,401733105392404,0.893906490070982
1019,42,level_real_integrated,0,402114105350101,2.275853323961849
1019,42,level_real_native,0,06697100,1.142383384443915
1019,42,level_real_native,0,06698500,2.5380453299424905
1019,42,level_real_native,0,06710200,6.0777395258374955
1019,42,level_real_native,0,06710247,4.051035549156371
1019,42,level_real_native,0,06713500,1.4850255429113406
1019,42,level_real_native,0,06714000,3.732065296874801
1019,42,level_real_native,0,06719505,0.5185984384978435
1019,42,level_real_native,0,06720500,5.930345408296723
1019,42,level_real_native,0,06721500,2.3666329591437374
1019,42,level_real_native,0,06731000,2.371433735245844
1019,42,level_real_native,0,06734900,1.914452812297319
1019,42,level_real_native,0,06752000,1.1359078740063038
1019,42,level_real_native,0,06753400,1.7154031879098257
1019,42,level_real_native,0,06753990,3.96346728180032
1019,42,level_real_native,0,06754000,1.9304347173785417
1019,42,level_real_native,0,06759910,1.0116642478450113
1019,42,level_real_native,0,06765500,1.472462123546335
1019,42,level_real_native,0,401707105395000,0.4811701760768453
1019,42,level_real_native,0,401723105400000,0.5282986657504682
1019,42,level_real_native,0,401733105392404,1.1523641982259798
1019,42,level_real_native,0,402114105350101,2.489511236060259
1019,42,level_seasonal_integrated,0,06697100,1.1385273557107636
1019,42,level_seasonal_integrated,0,06698500,2.620052340297976
1019,42,level_seasonal_integrated,0,06710200,6.182422244680145
1019,42,level_seasonal_integrated,0,06710247,4.142723099050174
1019,42,level_seasonal_integrated,0,06713500,1.508367896772448
1019,42,level_seasonal_integrated,0,06714000,3.755622725137006
1019,42,level_seasonal_integrated,0,06719505,0.41568193979778245
1019,42,level_seasonal_integrated,0,06720500,5.931153603027264
1019,42,level_seasonal_integrated,0,06721500,2.3194230554683632
1019,42,level_seasonal_integrated,0,06731000,2.456034869181159
1019,42,level_seasonal_integrated,0,06734900,1.918830507234408
1019,42,level_seasonal_integrated,0,06752000,1.1497294261893525
1019,42,level_seasonal_integrated,0,06753400,1.6242019968336716
1019,42,level_seasonal_integrated,0,06753990,3.8849035440196324
1019,42,level_seasonal_integrated,0,06754000,1.9322551311896379
1019,42,level_seasonal_integrated,0,06759910,0.9115240562130963
1019,42,level_seasonal_integrated,0,06765500,1.5003819015996167
1019,42,level_seasonal_integrated,0,401707105395000,0.36308365769098677
1019,42,level_seasonal_integrated,0,401723105400000,0.2692134127132432
1019,42,level_seasonal_integrated,0,401733105392404,0.9337406569231272
1019,42,level_seasonal_integrated,0,402114105350101,2.3070998159188862
1019,42,level_seasonal_native,0,06697100,1.1400706289000697
1019,42,level_seasonal_native,0,06698500,2.5974039745964896
1019,42,level_seasonal_native,0,06710200,6.115791275603368
1019,42,level_seasonal_native,0,06710247,4.084362407561527
1019,42,level_seasonal_native,0,06713500,1.5002653060094855
1019,42,level_seasonal_native,0,06714000,3.76135862407975
1019,42,level_seasonal_native,0,06719505,0.5401346361406408
1019,42,level_seasonal_native,0,06720500,5.955677663053497
1019,42,level_seasonal_native,0,06721500,2.428170126876773
1019,42,level_seasonal_native,0,06731000,2.4744005631450614
1019,42,level_seasonal_native,0,06734900,1.9336382529121385
1019,42,level_seasonal_native,0,06752000,1.194471658284976
1019,42,level_seasonal_native,0,06753400,1.6916542748463728
1019,42,level_seasonal_native,0,06753990,3.9249347384937705
1019,42,level_seasonal_native,0,06754000,1.9586276171689365
1019,42,level_seasonal_native,0,06759910,0.9885021015753571
1019,42,level_seasonal_native,0,06765500,1.5189736324084844
1019,42,level_seasonal_native,0,401707105395000,0.5231373643461085
1019,42,level_seasonal_native,0,401723105400000,0.5932539977564859
1019,42,level_seasonal_native,0,401733105392404,1.2090847796931545
1019,42,level_seasonal_native,0,402114105350101,2.5311732253363086
1019,42,matched_daily_trees,0,06697100,1.2305096009117593
1019,42,matched_daily_trees,0,06698500,2.813634562039928
1019,42,matched_daily_trees,0,06710200,6.612593209806761
1019,42,matched_daily_trees,0,06710247,3.8430755246898753
1019,42,matched_daily_trees,0,06713500,1.3111445330562643
1019,42,matched_daily_trees,0,06714000,3.1753335776187432
1019,42,matched_daily_trees,0,06719505,0.8975771339560129
1019,42,matched_daily_trees,0,06720500,5.322066996615319
1019,42,matched_daily_trees,0,06721500,1.1907963684900056
1019,42,matched_daily_trees,0,06731000,1.7296223495028533
1019,42,matched_daily_trees,0,06734900,1.116482636656362
1019,42,matched_daily_trees,0,06752000,0.9032273100190654
1019,42,matched_daily_trees,0,06753400,1.944286193692934
1019,42,matched_daily_trees,0,06753990,3.4843768196694382
1019,42,matched_daily_trees,0,06754000,1.2350636284486338
1019,42,matched_daily_trees,0,06759910,1.0842137631353075
1019,42,matched_daily_trees,0,06765500,1.6659561719863523
1019,42,matched_daily_trees,0,401707105395000,1.611213113307042
1019,42,matched_daily_trees,0,401723105400000,1.7677834190344845
1019,42,matched_daily_trees,0,401733105392404,0.9698014029399323
1019,42,matched_daily_trees,0,402114105350101,1.3063274434807968
1019,42,relative_fixed_integrated,0,06697100,1.1309730171707895
1019,42,relative_fixed_integrated,0,06698500,2.6327133567066716
1019,42,relative_fixed_integrated,0,06710200,6.1224382481255075
1019,42,relative_fixed_integrated,0,06710247,4.206705950530515
1019,42,relative_fixed_integrated,0,06713500,1.4929492890399276
1019,42,relative_fixed_integrated,0,06714000,3.8580293051794623
1019,42,relative_fixed_integrated,0,06719505,0.7354680361111537
1019,42,relative_fixed_integrated,0,06720500,6.109094274041619
1019,42,relative_fixed_integrated,0,06721500,2.58456070601483
1019,42,relative_fixed_integrated,0,06731000,2.5560868033313553
1019,42,relative_fixed_integrated,0,06734900,2.011451131327127
1019,42,relative_fixed_integrated,0,06752000,1.3558693440256586
1019,42,relative_fixed_integrated,0,06753400,1.5558189575097738
1019,42,relative_fixed_integrated,0,06753990,3.9040237428805193
1019,42,relative_fixed_integrated,0,06754000,2.006572810085843
1019,42,relative_fixed_integrated,0,06759910,0.9323457197193279
1019,42,relative_fixed_integrated,0,06765500,1.518453828457571
1019,42,relative_fixed_integrated,0,401707105395000,0.6359317792134488
1019,42,relative_fixed_integrated,0,401723105400000,0.6343661951274925
1019,42,relative_fixed_integrated,0,401733105392404,1.2698843036099117
1019,42,relative_fixed_integrated,0,402114105350101,2.6947726764185065
1019,42,relative_fixed_native,0,06697100,1.1309730171707895
1019,42,relative_fixed_native,0,06698500,2.6327133567066716
1019,42,relative_fixed_native,0,06710200,6.1224382481255075
1019,42,relative_fixed_native,0,06710247,4.206705950530515
1019,42,relative_fixed_native,0,06713500,1.4929492890399276
1019,42,relative_fixed_native,0,06714000,3.8580293051794623
1019,42,relative_fixed_native,0,06719505,0.7354680361111537
1019,42,relative_fixed_native,0,06720500,6.109094274041619
1019,42,relative_fixed_native,0,06721500,2.58456070601483
1019,42,relative_fixed_native,0,06731000,2.5560868033313553
1019,42,relative_fixed_native,0,06734900,2.011451131327127
1019,42,relative_fixed_native,0,06752000,1.3558693440256586
1019,42,relative_fixed_native,0,06753400,1.5558189575097738
1019,42,relative_fixed_native,0,06753990,3.9040237428805193
1019,42,relative_fixed_native,0,06754000,2.006572810085843
1019,42,relative_fixed_native,0,06759910,0.9323457197193279
1019,42,relative_fixed_native,0,06765500,1.518453828457571
1019,42,relative_fixed_native,0,401707105395000,0.6359317792134488
1019,42,relative_fixed_native,0,401723105400000,0.6343661951274925
1019,42,relative_fixed_native,0,401733105392404,1.2698843036099117
1019,42,relative_fixed_native,0,402114105350101,2.6947726764185065
1019,42,relative_historical_integrated,0,06697100,1.1327596255501031
1019,42,relative_historical_integrated,0,06698500,2.75743867752195
1019,42,relative_historical_integrated,0,06710200,6.291187029253199
1019,42,relative_historical_integrated,0,06710247,4.376863651477915
1019,42,relative_historical_integrated,0,06713500,1.5209885772381382
1019,42,relative_historical_integrated,0,06714000,3.711965601866579
1019,42,relative_historical_integrated,0,06719505,0.2724532852731241
1019,42,relative_historical_integrated,0,06720500,5.8228385387206885
1019,42,relative_historical_integrated,0,06721500,1.8617851012344027
1019,42,relative_historical_integrated,0,06731000,2.4399011639499153
1019,42,relative_historical_integrated,0,06734900,1.857156561607869
1019,42,relative_historical_integrated,0,06752000,0.9835284078521603
1019,42,relative_historical_integrated,0,06753400,1.4700311576830738
1019,42,relative_historical_integrated,0,06753990,3.8058079758647874
1019,42,relative_historical_integrated,0,06754000,1.8413845714434238
1019,42,relative_historical_integrated,0,06759910,0.6827787361767385
1019,42,relative_historical_integrated,0,06765500,1.4827247753107178
1019,42,relative_historical_integrated,0,401707105395000,1.008912546865754
1019,42,relative_historical_integrated,0,401723105400000,1.1306719376070415
1019,42,relative_historical_integrated,0,401733105392404,0.5240863247793112
1019,42,relative_historical_integrated,0,402114105350101,1.5014998830638986
1019,42,relative_historical_native,0,06697100,1.1327026843575265
1019,42,relative_historical_native,0,06698500,2.6319565822734083
1019,42,relative_historical_native,0,06710200,6.241639156145647
1019,42,relative_historical_native,0,06710247,4.186007238323138
1019,42,relative_historical_native,0,06713500,1.5488856031741591
1019,42,relative_historical_native,0,06714000,3.815898856365212
1019,42,relative_historical_native,0,06719505,0.507374507329801
1019,42,relative_historical_native,0,06720500,6.030664796220116
1019,42,relative_historical_native,0,06721500,2.398562165246824
1019,42,relative_historical_native,0,06731000,2.5906530430956485
1019,42,relative_historical_native,0,06734900,2.00229589514253
1019,42,relative_historical_native,0,06752000,1.29056735797346
1019,42,relative_historical_native,0,06753400,1.6208458791030027
1019,42,relative_historical_native,0,06753990,3.9411350991306895
1019,42,relative_historical_native,0,06754000,1.9793016957193503
1019,42,relative_historical_native,0,06759910,0.8876441126113589
1019,42,relative_historical_native,0,06765500,1.5009620263982002
1019,42,relative_historical_native,0,401707105395000,0.42968355241574646
1019,42,relative_historical_native,0,401723105400000,0.44832482033349125
1019,42,relative_historical_native,0,401733105392404,0.9069549047756837
1019,42,relative_historical_native,0,402114105350101,2.2608355975131134
1019,42,relative_real_integrated,0,06697100,1.124984467944894
1019,42,relative_real_integrated,0,06698500,2.595625056509876
1019,42,relative_real_integrated,0,06710200,6.173489842136421
1019,42,relative_real_integrated,0,06710247,4.222501025743212
1019,42,relative_real_integrated,0,06713500,1.5073431539871314
1019,42,relative_real_integrated,0,06714000,3.8347294252985935
1019,42,relative_real_integrated,0,06719505,0.5156456889880625
1019,42,relative_real_integrated,0,06720500,6.037963067576643
1019,42,relative_real_integrated,0,06721500,2.4290580847126795
1019,42,relative_real_integrated,0,06731000,2.5218285266702796
1019,42,relative_real_integrated,0,06734900,1.9715855631835
1019,42,relative_real_integrated,0,06752000,1.2460057996312295
1019,42,relative_real_integrated,0,06753400,1.5934858333474635
1019,42,relative_real_integrated,0,06753990,3.915464555359168
1019,42,relative_real_integrated,0,06754000,1.9753203194706017
1019,42,relative_real_integrated,0,06759910,0.9067534831403575
1019,42,relative_real_integrated,0,06765500,1.507187894250265
1019,42,relative_real_integrated,0,401707105395000,0.3820243731861228
1019,42,relative_real_integrated,0,401723105400000,0.2759875877038632
1019,42,relative_real_integrated,0,401733105392404,0.9718386875302616
1019,42,relative_real_integrated,0,402114105350101,2.4108998440322407
1019,42,relative_real_native,0,06697100,1.1262535179914945
1019,42,relative_real_native,0,06698500,2.5513606765833936
1019,42,relative_real_native,0,06710200,6.10388140554507
1019,42,relative_real_native,0,06710247,4.190732976485579
1019,42,relative_real_native,0,06713500,1.511984256801898
1019,42,relative_real_native,0,06714000,3.8668342242952
1019,42,relative_real_native,0,06719505,0.6906622771251739
1019,42,relative_real_native,0,06720500,6.098090282452669
1019,42,relative_real_native,0,06721500,2.5743501658691943
1019,42,relative_real_native,0,06731000,2.5621254397972226
1019,42,relative_real_native,0,06734900,2.0039783275109277
1019,42,relative_real_native,0,06752000,1.3228401562074787
1019,42,relative_real_native,0,06753400,1.647203811104352
1019,42,relative_real_native,0,06753990,3.966341644943685
1019,42,relative_real_native,0,06754000,2.015573268915865
1019,42,relative_real_native,0,06759910,0.9878548883602345
1019,42,relative_real_native,0,06765500,1.5419858895207097
1019,42,relative_real_native,0,401707105395000,0.6264479636287967
1019,42,relative_real_native,0,401723105400000,0.6277974312017377
1019,42,relative_real_native,0,401733105392404,1.2614503326222468
1019,42,relative_real_native,0,402114105350101,2.6695732628207813
1019,42,station_hidden_trees,0,06697100,1.2703418185582644
1019,42,station_hidden_trees,0,06698500,2.7543570638377113
1019,42,station_hidden_trees,0,06710200,6.332326452855599
1019,42,station_hidden_trees,0,06710247,3.7775629810031
1019,42,station_hidden_trees,0,06713500,1.5034118161024135
1019,42,station_hidden_trees,0,06714000,3.173205983502879
1019,42,station_hidden_trees,0,06719505,0.8069633572999264
1019,42,station_hidden_trees,0,06720500,5.303730398094792
1019,42,station_hidden_trees,0,06721500,1.2742181872693739
1019,42,station_hidden_trees,0,06731000,1.9347294959966141
1019,42,station_hidden_trees,0,06734900,1.2268492945814296
1019,42,station_hidden_trees,0,06752000,0.8630390157187344
1019,42,station_hidden_trees,0,06753400,1.9993447705478053
1019,42,station_hidden_trees,0,06753990,3.664893994932173
1019,42,station_hidden_trees,0,06754000,1.3450969082516586
1019,42,station_hidden_trees,0,06759910,0.9004269308515821
1019,42,station_hidden_trees,0,06765500,1.669632526784471
1019,42,station_hidden_trees,0,401707105395000,1.5531226397765379
1019,42,station_hidden_trees,0,401723105400000,1.7422764115269573
1019,42,station_hidden_trees,0,401733105392404,0.8632696099666948
1019,42,station_hidden_trees,0,402114105350101,1.2067793723161417
1019,42,unmonitored_integrated,0,06697100,1.1327596255501031
1019,42,unmonitored_integrated,0,06698500,2.75743867752195
1019,42,unmonitored_integrated,0,06710200,6.291187029253199
1019,42,unmonitored_integrated,0,06710247,4.376863651477915
1019,42,unmonitored_integrated,0,06713500,1.5209885772381382
1019,42,unmonitored_integrated,0,06714000,3.711965601866579
1019,42,unmonitored_integrated,0,06719505,0.2724532852731241
1019,42,unmonitored_integrated,0,06720500,5.8228385387206885
1019,42,unmonitored_integrated,0,06721500,1.8617851012344027
1019,42,unmonitored_integrated,0,06731000,2.4399011639499153
1019,42,unmonitored_integrated,0,06734900,1.857156561607869
1019,42,unmonitored_integrated,0,06752000,0.9835284078521603
1019,42,unmonitored_integrated,0,06753400,1.4700311576830738
1019,42,unmonitored_integrated,0,06753990,3.8058079758647874
1019,42,unmonitored_integrated,0,06754000,1.8413845714434238
1019,42,unmonitored_integrated,0,06759910,0.6827787361767385
1019,42,unmonitored_integrated,0,06765500,1.4827247753107178
1019,42,unmonitored_integrated,0,401707105395000,1.008912546865754
1019,42,unmonitored_integrated,0,401723105400000,1.1306719376070415
1019,42,unmonitored_integrated,0,401733105392404,0.5240863247793112
1019,42,unmonitored_integrated,0,402114105350101,1.5014998830638986
1019,42,unmonitored_residual,0,06697100,1.1331260271985388
1019,42,unmonitored_residual,0,06698500,2.6388272446123513
1019,42,unmonitored_residual,0,06710200,6.241063533229425
1019,42,unmonitored_residual,0,06710247,4.236022702349087
1019,42,unmonitored_residual,0,06713500,1.5431234543196386
1019,42,unmonitored_residual,0,06714000,3.857377003221813
1019,42,unmonitored_residual,0,06719505,0.5528748351306834
1019,42,unmonitored_residual,0,06720500,6.075303718658142
1019,42,unmonitored_residual,0,06721500,2.410072420737685
1019,42,unmonitored_residual,0,06731000,2.628710598416011
1019,42,unmonitored_residual,0,06734900,2.0159427008014665
1019,42,unmonitored_residual,0,06752000,1.345749293916866
1019,42,unmonitored_residual,0,06753400,1.606299830490454
1019,42,unmonitored_residual,0,06753990,3.928175235908855
1019,42,unmonitored_residual,0,06754000,1.999784822568696
1019,42,unmonitored_residual,0,06759910,0.8517243426755675
1019,42,unmonitored_residual,0,06765500,1.463736862098577
1019,42,unmonitored_residual,0,401707105395000,0.42168143575016087
1019,42,unmonitored_residual,0,401723105400000,0.45017291224106437
1019,42,unmonitored_residual,0,401733105392404,0.9268429951472613
1019,42,unmonitored_residual,0,402114105350101,2.2998294773598893
1019,43,attention_fixed_integrated,0,06697100,1.1355916264167867
1019,43,attention_fixed_integrated,0,06698500,2.7899369424160083
1019,43,attention_fixed_integrated,0,06710200,6.69625363013899
1019,43,attention_fixed_integrated,0,06710247,4.1448878438850505
1019,43,attention_fixed_integrated,0,06713500,1.6278010990711096
1019,43,attention_fixed_integrated,0,06714000,3.546332102562331
1019,43,attention_fixed_integrated,0,06719505,0.44917744763521134
1019,43,attention_fixed_integrated,0,06720500,5.742802013064282
1019,43,attention_fixed_integrated,0,06721500,1.6064742393236429
1019,43,attention_fixed_integrated,0,06731000,2.301876587041991
1019,43,attention_fixed_integrated,0,06734900,1.5406350343111035
1019,43,attention_fixed_integrated,0,06752000,0.8709385717642706
1019,43,attention_fixed_integrated,0,06753400,1.7199562434890996
1019,43,attention_fixed_integrated,0,06753990,3.8430141313339323
1019,43,attention_fixed_integrated,0,06754000,1.7115086692373975
1019,43,attention_fixed_integrated,0,06759910,0.7152448164307585
1019,43,attention_fixed_integrated,0,06765500,1.5332925212202224
1019,43,attention_fixed_integrated,0,401707105395000,1.2291960206373767
1019,43,attention_fixed_integrated,0,401723105400000,1.3411988976751865
1019,43,attention_fixed_integrated,0,401733105392404,0.511945685817164
1019,43,attention_fixed_integrated,0,402114105350101,1.2908521539464566
1019,43,attention_fixed_native,0,06697100,1.1427493538544198
1019,43,attention_fixed_native,0,06698500,2.7721424931785257
1019,43,attention_fixed_native,0,06710200,6.696146131166938
1019,43,attention_fixed_native,0,06710247,4.036179752808559
1019,43,attention_fixed_native,0,06713500,1.5944223468040521
1019,43,attention_fixed_native,0,06714000,3.4383323929344143
1019,43,attention_fixed_native,0,06719505,0.5332265134700381
1019,43,attention_fixed_native,0,06720500,5.631531216524858
1019,43,attention_fixed_native,0,06721500,1.4827066157862032
1019,43,attention_fixed_native,0,06731000,2.207394058329388
1019,43,attention_fixed_native,0,06734900,1.4249772695647556
1019,43,attention_fixed_native,0,06752000,0.8160852817668212
1019,43,attention_fixed_native,0,06753400,1.8519481343955324
1019,43,attention_fixed_native,0,06753990,3.7974950149821614
1019,43,attention_fixed_native,0,06754000,1.6015355186492304
1019,43,attention_fixed_native,0,06759910,0.7546161594993015
1019,43,attention_fixed_native,0,06765500,1.578235638213815
1019,43,attention_fixed_native,0,401707105395000,1.3153806544944335
1019,43,attention_fixed_native,0,401723105400000,1.4297325393981504
1019,43,attention_fixed_native,0,401733105392404,0.545898728442316
1019,43,attention_fixed_native,0,402114105350101,1.2138879818547732
1019,43,attention_historical_integrated,0,06697100,1.135152760823285
1019,43,attention_historical_integrated,0,06698500,2.789466110910137
1019,43,attention_historical_integrated,0,06710200,6.7006224311814275
1019,43,attention_historical_integrated,0,06710247,4.137775094851876
1019,43,attention_historical_integrated,0,06713500,1.6278693490538703
1019,43,attention_historical_integrated,0,06714000,3.549262956920918
1019,43,attention_historical_integrated,0,06719505,0.4378121644188294
1019,43,attention_historical_integrated,0,06720500,5.746792862097363
1019,43,attention_historical_integrated,0,06721500,1.6155588135033667
1019,43,attention_historical_integrated,0,06731000,2.305148383549752
1019,43,attention_historical_integrated,0,06734900,1.5502870717174437
1019,43,attention_historical_integrated,0,06752000,0.8719000846953562
1019,43,attention_historical_integrated,0,06753400,1.688062817580961
1019,43,attention_historical_integrated,0,06753990,3.878101126863253
1019,43,attention_historical_integrated,0,06754000,1.720211052386297
1019,43,attention_historical_integrated,0,06759910,0.7098449324980194
1019,43,attention_historical_integrated,0,06765500,1.5144073006586605
1019,43,attention_historical_integrated,0,401707105395000,1.2209496421800596
1019,43,attention_historical_integrated,0,401723105400000,1.33066341732863
1019,43,attention_historical_integrated,0,401733105392404,0.5116637366129789
1019,43,attention_historical_integrated,0,402114105350101,1.295719232919814
1019,43,attention_historical_native,0,06697100,1.141582301721677
1019,43,attention_historical_native,0,06698500,2.771514717837364
1019,43,attention_historical_native,0,06710200,6.701971199223522
1019,43,attention_historical_native,0,06710247,4.0266960874309925
1019,43,attention_historical_native,0,06713500,1.595215976522507
1019,43,attention_historical_native,0,06714000,3.4422401987458633
1019,43,attention_historical_native,0,06719505,0.5180728025148623
1019,43,attention_historical_native,0,06720500,5.636852348568967
1019,43,attention_historical_native,0,06721500,1.4936341560363258
1019,43,attention_historical_native,0,06731000,2.211756453673069
1019,43,attention_historical_native,0,06734900,1.4378466527732092
1019,43,attention_historical_native,0,06752000,0.8142069526523236
1019,43,attention_historical_native,0,06753400,1.8080845259931557
1019,43,attention_historical_native,0,06753990,3.8424427848941525
1019,43,attention_historical_native,0,06754000,1.613406197622371
1019,43,attention_historical_native,0,06759910,0.7466573742740568
1019,43,attention_historical_native,0,06765500,1.5508213702668812
1019,43,attention_historical_native,0,401707105395000,1.304274941360805
1019,43,attention_historical_native,0,401723105400000,1.4156852322694082
1019,43,attention_historical_native,0,401733105392404,0.5449411963920359
1019,43,attention_historical_native,0,402114105350101,1.2180731277424905
1019,43,attention_real_integrated,0,06697100,1.1355924451291572
1019,43,attention_real_integrated,0,06698500,2.7903292482387188
1019,43,attention_real_integrated,0,06710200,6.696710659556148
1019,43,attention_real_integrated,0,06710247,4.145894190846002
1019,43,attention_real_integrated,0,06713500,1.6272108222887176
1019,43,attention_real_integrated,0,06714000,3.546975930020268
1019,43,attention_real_integrated,0,06719505,0.44880847553502234
1019,43,attention_real_integrated,0,06720500,5.743533225126312
1019,43,attention_real_integrated,0,06721500,1.6065428151659489
1019,43,attention_real_integrated,0,06731000,2.302545396372082
1019,43,attention_real_integrated,0,06734900,1.540748719460803
1019,43,attention_real_integrated,0,06752000,0.8715198926854224
1019,43,attention_real_integrated,0,06753400,1.7185455529050946
1019,43,attention_real_integrated,0,06753990,3.8438263478627563
1019,43,attention_real_integrated,0,06754000,1.7118716919910804
1019,43,attention_real_integrated,0,06759910,0.71491161268289
1019,43,attention_real_integrated,0,06765500,1.5327388878448078
1019,43,attention_real_integrated,0,401707105395000,1.2288919104897444
1019,43,attention_real_integrated,0,401723105400000,1.3404856748003406
1019,43,attention_real_integrated,0,401733105392404,0.5117510402231028
1019,43,attention_real_integrated,0,402114105350101,1.2913003840856716
1019,43,attention_real_native,0,06697100,1.1427311693287938
1019,43,attention_real_native,0,06698500,2.772665567608806
1019,43,attention_real_native,0,06710200,6.696755503723148
1019,43,attention_real_native,0,06710247,4.0375215487564935
1019,43,attention_real_native,0,06713500,1.593669563132565
1019,43,attention_real_native,0,06714000,3.439190829544997
1019,43,attention_real_native,0,06719505,0.5327345506697861
1019,43,attention_real_native,0,06720500,5.632506165940898
1019,43,attention_real_native,0,06721500,1.482756071808883
1019,43,attention_real_native,0,06731000,2.2082858041028426
1019,43,attention_real_native,0,06734900,1.4251288497643548
1019,43,attention_real_native,0,06752000,0.8166676496437282
1019,43,attention_real_native,0,06753400,1.850067213616859
1019,43,attention_real_native,0,06753990,3.7984329166559703
1019,43,attention_real_native,0,06754000,1.6020179760184254
1019,43,attention_real_native,0,06759910,0.7537440427150468
1019,43,attention_real_native,0,06765500,1.5774624580661178
1019,43,attention_real_native,0,401707105395000,1.3149691867817743
1019,43,attention_real_native,0,401723105400000,1.4287815755650224
1019,43,attention_real_native,0,401733105392404,0.5455148019319873
1019,43,attention_real_native,0,402114105350101,1.21439521579536
1019,43,current_model,0,06697100,1.1581865721561373
1019,43,current_model,0,06698500,2.9745654778123423
1019,43,current_model,0,06710200,6.6459468239491
1019,43,current_model,0,06710247,4.862797225719413
1019,43,current_model,0,06713500,1.273658431199651
1019,43,current_model,0,06714000,4.100056291017625
1019,43,current_model,0,06719505,0.37387125691408396
1019,43,current_model,0,06720500,6.303958969875837
1019,43,current_model,0,06721500,2.112082458651777
1019,43,current_model,0,06731000,2.406643141937774
1019,43,current_model,0,06734900,1.954891836410957
1019,43,current_model,0,06752000,1.3486304926086703
1019,43,current_model,0,06753400,1.2463199762141186
1019,43,current_model,0,06753990,3.7460359655535607
1019,43,current_model,0,06754000,1.851608524253833
1019,43,current_model,0,06759910,0.5789620584916974
1019,43,current_model,0,06765500,1.4995937535148658
1019,43,current_model,0,401707105395000,0.7663704549318594
1019,43,current_model,0,401723105400000,0.6768144509195199
1019,43,current_model,0,401733105392404,0.5262261776448667
1019,43,current_model,0,402114105350101,1.894269307526041
1019,43,innovation_real_integrated,0,06697100,1.1354801863798085
1019,43,innovation_real_integrated,0,06698500,2.7919538955442156
1019,43,innovation_real_integrated,0,06710200,6.697765329845306
1019,43,innovation_real_integrated,0,06710247,4.152693125902267
1019,43,innovation_real_integrated,0,06713500,1.6256768048929133
1019,43,innovation_real_integrated,0,06714000,3.5511471342532253
1019,43,innovation_real_integrated,0,06719505,0.4467019000309485
1019,43,innovation_real_integrated,0,06720500,5.74803905381242
1019,43,innovation_real_integrated,0,06721500,1.6088965101543635
1019,43,innovation_real_integrated,0,06731000,2.3073033710414195
1019,43,innovation_real_integrated,0,06734900,1.543205497888389
1019,43,innovation_real_integrated,0,06752000,0.8751646601797487
1019,43,innovation_real_integrated,0,06753400,1.7163771683632656
1019,43,innovation_real_integrated,0,06753990,3.843630455645498
1019,43,innovation_real_integrated,0,06754000,1.715016162735468
1019,43,innovation_real_integrated,0,06759910,0.7157566277318708
1019,43,innovation_real_integrated,0,06765500,1.5325791915864602
1019,43,innovation_real_integrated,0,401707105395000,1.2266807503343016
1019,43,innovation_real_integrated,0,401723105400000,1.3352053030333377
1019,43,innovation_real_integrated,0,401733105392404,0.5102591601145767
1019,43,innovation_real_integrated,0,402114105350101,1.294182906375202
1019,43,innovation_real_native,0,06697100,1.142420127599003
1019,43,innovation_real_native,0,06698500,2.774831764016135
1019,43,innovation_real_native,0,06710200,6.698161730775359
1019,43,innovation_real_native,0,06710247,4.046586795498181
1019,43,innovation_real_native,0,06713500,1.5916933281538095
1019,43,innovation_real_native,0,06714000,3.4447524351889394
1019,43,innovation_real_native,0,06719505,0.529925783331021
1019,43,innovation_real_native,0,06720500,5.638513937522376
1019,43,innovation_real_native,0,06721500,1.485732097263583
1019,43,innovation_real_native,0,06731000,2.2146297703286257
1019,43,innovation_real_native,0,06734900,1.4284045543344694
1019,43,innovation_real_native,0,06752000,0.8213753806773072
1019,43,innovation_real_native,0,06753400,1.8471760342277537
1019,43,innovation_real_native,0,06753990,3.7972096270560027
1019,43,innovation_real_native,0,06754000,1.606132673325109
1019,43,innovation_real_native,0,06759910,0.7533720832468601
1019,43,innovation_real_native,0,06765500,1.577041501290058
1019,43,innovation_real_native,0,401707105395000,1.3119424491651621
1019,43,innovation_real_native,0,401723105400000,1.421741079875685
1019,43,innovation_real_native,0,401733105392404,0.542620315213182
1019,43,innovation_real_native,0,402114105350101,1.217924575233635
1019,43,innovation_real_trees,0,06697100,1.2762344443997027
1019,43,innovation_real_trees,0,06698500,2.790795127044572
1019,43,innovation_real_trees,0,06710200,6.672887508760053
1019,43,innovation_real_trees,0,06710247,3.778862750080294
1019,43,innovation_real_trees,0,06713500,1.5498909556933722
1019,43,innovation_real_trees,0,06714000,3.123709669101802
1019,43,innovation_real_trees,0,06719505,0.88688220998541
1019,43,innovation_real_trees,0,06720500,5.362931182870158
1019,43,innovation_real_trees,0,06721500,1.2557936793124302
1019,43,innovation_real_trees,0,06731000,1.8975277652886475
1019,43,innovation_real_trees,0,06734900,1.1645676681123431
1019,43,innovation_real_trees,0,06752000,0.8831563598609868
1019,43,innovation_real_trees,0,06753400,1.7573723106464902
1019,43,innovation_real_trees,0,06753990,3.722467450509323
1019,43,innovation_real_trees,0,06754000,1.267757996592295
1019,43,innovation_real_trees,0,06759910,0.8605237645472136
1019,43,innovation_real_trees,0,06765500,1.6381242888895138
1019,43,innovation_real_trees,0,401707105395000,1.7179335422780093
1019,43,innovation_real_trees,0,401723105400000,1.8801588756393546
1019,43,innovation_real_trees,0,401733105392404,0.9082514072468916
1019,43,innovation_real_trees,0,402114105350101,1.23514911773735
1019,43,level_fixed_integrated,0,06697100,1.1362134416554668
1019,43,level_fixed_integrated,0,06698500,2.7893320281246625
1019,43,level_fixed_integrated,0,06710200,6.692608370065746
1019,43,level_fixed_integrated,0,06710247,4.149840257609354
1019,43,level_fixed_integrated,0,06713500,1.62750041120723
1019,43,level_fixed_integrated,0,06714000,3.545484615354664
1019,43,level_fixed_integrated,0,06719505,0.45663573150623826
1019,43,level_fixed_integrated,0,06720500,5.740601435396351
1019,43,level_fixed_integrated,0,06721500,1.600308597963658
1019,43,level_fixed_integrated,0,06731000,2.2960226659601206
1019,43,level_fixed_integrated,0,06734900,1.5361924684695032
1019,43,level_fixed_integrated,0,06752000,0.8698587458590548
1019,43,level_fixed_integrated,0,06753400,1.729436907888194
1019,43,level_fixed_integrated,0,06753990,3.8418590893331075
1019,43,level_fixed_integrated,0,06754000,1.709312045930796
1019,43,level_fixed_integrated,0,06759910,0.7175663430252186
1019,43,level_fixed_integrated,0,06765500,1.5322705090224564
1019,43,level_fixed_integrated,0,401707105395000,1.2354642312605033
1019,43,level_fixed_integrated,0,401723105400000,1.3487654622447727
1019,43,level_fixed_integrated,0,401733105392404,0.5137164912601743
1019,43,level_fixed_integrated,0,402114105350101,1.2870198375099384
1019,43,level_fixed_native,0,06697100,1.144080189333066
1019,43,level_fixed_native,0,06698500,2.771335940790064
1019,43,level_fixed_native,0,06710200,6.691285784402612
1019,43,level_fixed_native,0,06710247,4.04278297110763
1019,43,level_fixed_native,0,06713500,1.5938096689742522
1019,43,level_fixed_native,0,06714000,3.4372024099908582
1019,43,level_fixed_native,0,06719505,0.5431708919647407
1019,43,level_fixed_native,0,06720500,5.6285971129676176
1019,43,level_fixed_native,0,06721500,1.4741235953673208
1019,43,level_fixed_native,0,06731000,2.199588830220227
1019,43,level_fixed_native,0,06734900,1.4190538484426218
1019,43,level_fixed_native,0,06752000,0.8144173822536537
1019,43,level_fixed_native,0,06753400,1.8645890202609914
1019,43,level_fixed_native,0,06753990,3.7951913932061143
1019,43,level_fixed_native,0,06754000,1.598504374877695
1019,43,level_fixed_native,0,06759910,0.7601057925722531
1019,43,level_fixed_native,0,06765500,1.5783160865001018
1019,43,level_fixed_native,0,401707105395000,1.323877854942213
1019,43,level_fixed_native,0,401723105400000,1.4398212921575984
1019,43,level_fixed_native,0,401733105392404,0.5486070163329364
1019,43,level_fixed_native,0,402114105350101,1.210250780227827
1019,43,level_historical_integrated,0,06697100,1.1362086219813154
1019,43,level_historical_integrated,0,06698500,2.7889965581746052
1019,43,level_historical_integrated,0,06710200,6.702469982571957
1019,43,level_historical_integrated,0,06710247,4.1618588352831924
1019,43,level_historical_integrated,0,06713500,1.6212762213771765
1019,43,level_historical_integrated,0,06714000,3.5638584194298875
1019,43,level_historical_integrated,0,06719505,0.43565843536233956
1019,43,level_historical_integrated,0,06720500,5.758874094154399
1019,43,level_historical_integrated,0,06721500,1.6204874577842474
1019,43,level_historical_integrated,0,06731000,2.306931988655927
1019,43,level_historical_integrated,0,06734900,1.5577285435139265
1019,43,level_historical_integrated,0,06752000,0.8776667916620549
1019,43,level_historical_integrated,0,06753400,1.6968610300033613
1019,43,level_historical_integrated,0,06753990,3.878604294345021
1019,43,level_historical_integrated,0,06754000,1.7317579654770172
1019,43,level_historical_integrated,0,06759910,0.7102167710670344
1019,43,level_historical_integrated,0,06765500,1.515203145947969
1019,43,level_historical_integrated,0,401707105395000,1.2140916490415354
1019,43,level_historical_integrated,0,401723105400000,1.322109597379797
1019,43,level_historical_integrated,0,401733105392404,0.5089209685284564
1019,43,level_historical_integrated,0,402114105350101,1.2987855841976814
1019,43,level_historical_native,0,06697100,1.1428282729585872
1019,43,level_historical_native,0,06698500,2.7708886475233214
1019,43,level_historical_native,0,06710200,6.70443460107756
1019,43,level_historical_native,0,06710247,4.058807741339414
1019,43,level_historical_native,0,06713500,1.5873367234664535
1019,43,level_historical_native,0,06714000,3.4617008154244893
1019,43,level_historical_native,0,06719505,0.5152011637728758
1019,43,level_historical_native,0,06720500,5.6529606579783485
1019,43,level_historical_native,0,06721500,1.4970958979353073
1019,43,level_historical_native,0,06731000,2.2141345938146357
1019,43,level_historical_native,0,06734900,1.4477686151685196
1019,43,level_historical_native,0,06752000,0.8194571941885457
1019,43,level_historical_native,0,06753400,1.8228509468039973
1019,43,level_historical_native,0,06753990,3.846599285621198
1019,43,level_historical_native,0,06754000,1.6284322676059901
1019,43,level_historical_native,0,06759910,0.7525384360867565
1019,43,level_historical_native,0,06765500,1.5562317516991184
1019,43,level_historical_native,0,401707105395000,1.2950664651612513
1019,43,level_historical_native,0,401723105400000,1.4042801390042974
1019,43,level_historical_native,0,401733105392404,0.540390084041316
1019,43,level_historical_native,0,402114105350101,1.2201491424224078
1019,43,level_real_integrated,0,06697100,1.1475951050377933
1019,43,level_real_integrated,0,06698500,2.759111729665361
1019,43,level_real_integrated,0,06710200,6.685727666923526
1019,43,level_real_integrated,0,06710247,4.048701337409967
1019,43,level_real_integrated,0,06713500,1.5832477324920582
1019,43,level_real_integrated,0,06714000,3.44278787550927
1019,43,level_real_integrated,0,06719505,0.5463191352455748
1019,43,level_real_integrated,0,06720500,5.628019882096361
1019,43,level_real_integrated,0,06721500,1.4703009008347476
1019,43,level_real_integrated,0,06731000,2.19207558831575
1019,43,level_real_integrated,0,06734900,1.4204466795371848
1019,43,level_real_integrated,0,06752000,0.8124093148257441
1019,43,level_real_integrated,0,06753400,1.8887005671235753
1019,43,level_real_integrated,0,06753990,3.7985896114639313
1019,43,level_real_integrated,0,06754000,1.6035493483137424
1019,43,level_real_integrated,0,06759910,0.7749620066485338
1019,43,level_real_integrated,0,06765500,1.5797137655782696
1019,43,level_real_integrated,0,401707105395000,1.3176841852287524
1019,43,level_real_integrated,0,401723105400000,1.4377977672191367
1019,43,level_real_integrated,0,401733105392404,0.5478633167785688
1019,43,level_real_integrated,0,402114105350101,1.2079543099861407
1019,43,level_real_native,0,06697100,1.1475951050377933
1019,43,level_real_native,0,06698500,2.759111729665361
1019,43,level_real_native,0,06710200,6.685727666923526
1019,43,level_real_native,0,06710247,4.048701337409967
1019,43,level_real_native,0,06713500,1.5832477324920582
1019,43,level_real_native,0,06714000,3.44278787550927
1019,43,level_real_native,0,06719505,0.5463191352455748
1019,43,level_real_native,0,06720500,5.628019882096361
1019,43,level_real_native,0,06721500,1.4703009008347476
1019,43,level_real_native,0,06731000,2.19207558831575
1019,43,level_real_native,0,06734900,1.4204466795371848
1019,43,level_real_native,0,06752000,0.8124093148257441
1019,43,level_real_native,0,06753400,1.8887005671235753
1019,43,level_real_native,0,06753990,3.7985896114639313
1019,43,level_real_native,0,06754000,1.6035493483137424
1019,43,level_real_native,0,06759910,0.7749620066485338
1019,43,level_real_native,0,06765500,1.5797137655782696
1019,43,level_real_native,0,401707105395000,1.3176841852287524
1019,43,level_real_native,0,401723105400000,1.4377977672191367
1019,43,level_real_native,0,401733105392404,0.5478633167785688
1019,43,level_real_native,0,402114105350101,1.2079543099861407
1019,43,level_seasonal_integrated,0,06697100,1.14732647371575
1019,43,level_seasonal_integrated,0,06698500,2.7659176301496844
1019,43,level_seasonal_integrated,0,06710200,6.690551671990875
1019,43,level_seasonal_integrated,0,06710247,4.059052084576966
1019,43,level_seasonal_integrated,0,06713500,1.5824460117719235
1019,43,level_seasonal_integrated,0,06714000,3.450081987398521
1019,43,level_seasonal_integrated,0,06719505,0.5384055307384163
1019,43,level_seasonal_integrated,0,06720500,5.637127789889647
1019,43,level_seasonal_integrated,0,06721500,1.4728112073167923
1019,43,level_seasonal_integrated,0,06731000,2.199578322293882
1019,43,level_seasonal_integrated,0,06734900,1.424161337857135
1019,43,level_seasonal_integrated,0,06752000,0.8165728258198552
1019,43,level_seasonal_integrated,0,06753400,1.8643906826533327
1019,43,level_seasonal_integrated,0,06753990,3.8107472962658457
1019,43,level_seasonal_integrated,0,06754000,1.6094387523127023
1019,43,level_seasonal_integrated,0,06759910,0.7625707518459888
1019,43,level_seasonal_integrated,0,06765500,1.5772597002780022
1019,43,level_seasonal_integrated,0,401707105395000,1.3135228619656576
1019,43,level_seasonal_integrated,0,401723105400000,1.427217092845661
1019,43,level_seasonal_integrated,0,401733105392404,0.5445329067189089
1019,43,level_seasonal_integrated,0,402114105350101,1.2123509837373598
1019,43,level_seasonal_native,0,06697100,1.14732647371575
1019,43,level_seasonal_native,0,06698500,2.7659176301496844
1019,43,level_seasonal_native,0,06710200,6.690551671990875
1019,43,level_seasonal_native,0,06710247,4.059052084576966
1019,43,level_seasonal_native,0,06713500,1.5824460117719235
1019,43,level_seasonal_native,0,06714000,3.450081987398521
1019,43,level_seasonal_native,0,06719505,0.5384055307384163
1019,43,level_seasonal_native,0,06720500,5.637127789889647
1019,43,level_seasonal_native,0,06721500,1.4728112073167923
1019,43,level_seasonal_native,0,06731000,2.199578322293882
1019,43,level_seasonal_native,0,06734900,1.424161337857135
1019,43,level_seasonal_native,0,06752000,0.8165728258198552
1019,43,level_seasonal_native,0,06753400,1.8643906826533327
1019,43,level_seasonal_native,0,06753990,3.8107472962658457
1019,43,level_seasonal_native,0,06754000,1.6094387523127023
1019,43,level_seasonal_native,0,06759910,0.7625707518459888
1019,43,level_seasonal_native,0,06765500,1.5772597002780022
1019,43,level_seasonal_native,0,401707105395000,1.3135228619656576
1019,43,level_seasonal_native,0,401723105400000,1.427217092845661
1019,43,level_seasonal_native,0,401733105392404,0.5445329067189089
1019,43,level_seasonal_native,0,402114105350101,1.2123509837373598
1019,43,matched_daily_trees,0,06697100,1.2240398663536576
1019,43,matched_daily_trees,0,06698500,2.8149108552376143
1019,43,matched_daily_trees,0,06710200,6.378899566563453
1019,43,matched_daily_trees,0,06710247,3.904247410440661
1019,43,matched_daily_trees,0,06713500,1.495350146746867
1019,43,matched_daily_trees,0,06714000,3.2462637763671345
1019,43,matched_daily_trees,0,06719505,0.8809250336138221
1019,43,matched_daily_trees,0,06720500,5.385776486741806
1019,43,matched_daily_trees,0,06721500,1.209237233490658
1019,43,matched_daily_trees,0,06731000,1.9218982595709477
1019,43,matched_daily_trees,0,06734900,0.9443064800893665
1019,43,matched_daily_trees,0,06752000,0.9014612336838571
1019,43,matched_daily_trees,0,06753400,1.8228035845531945
1019,43,matched_daily_trees,0,06753990,3.656944341279018
1019,43,matched_daily_trees,0,06754000,1.3749308014393267
1019,43,matched_daily_trees,0,06759910,1.0341614720829182
1019,43,matched_daily_trees,0,06765500,1.547357398191557
1019,43,matched_daily_trees,0,401707105395000,1.618315687724417
1019,43,matched_daily_trees,0,401723105400000,1.8025130235594502
1019,43,matched_daily_trees,0,401733105392404,0.9585710041213363
1019,43,matched_daily_trees,0,402114105350101,1.3102357650912169
1019,43,relative_fixed_integrated,0,06697100,1.13566045253873
1019,43,relative_fixed_integrated,0,06698500,2.7893913405877684
1019,43,relative_fixed_integrated,0,06710200,6.695871347740349
1019,43,relative_fixed_integrated,0,06710247,4.143003580907401
1019,43,relative_fixed_integrated,0,06713500,1.6282240783515278
1019,43,relative_fixed_integrated,0,06714000,3.544983894846276
1019,43,relative_fixed_integrated,0,06719505,0.4503224028429014
1019,43,relative_fixed_integrated,0,06720500,5.740807969778116
1019,43,relative_fixed_integrated,0,06721500,1.6047942733302534
1019,43,relative_fixed_integrated,0,06731000,2.3005465351216143
1019,43,relative_fixed_integrated,0,06734900,1.5388649467933055
1019,43,relative_fixed_integrated,0,06752000,0.8695091729511784
1019,43,relative_fixed_integrated,0,06753400,1.7222589455039357
1019,43,relative_fixed_integrated,0,06753990,3.8424510697595466
1019,43,relative_fixed_integrated,0,06754000,1.7099207799494966
1019,43,relative_fixed_integrated,0,06759910,0.7139030208819619
1019,43,relative_fixed_integrated,0,06765500,1.5316891953270833
1019,43,relative_fixed_integrated,0,401707105395000,1.2306312650073419
1019,43,relative_fixed_integrated,0,401723105400000,1.3435915139229708
1019,43,relative_fixed_integrated,0,401733105392404,0.5127438986317978
1019,43,relative_fixed_integrated,0,402114105350101,1.289763831879251
1019,43,relative_fixed_native,0,06697100,1.1429536947551133
1019,43,relative_fixed_native,0,06698500,2.7714150240742055
1019,43,relative_fixed_native,0,06710200,6.695636421302083
1019,43,relative_fixed_native,0,06710247,4.033667402171692
1019,43,relative_fixed_native,0,06713500,1.5949767814158962
1019,43,relative_fixed_native,0,06714000,3.4365347826463406
1019,43,relative_fixed_native,0,06719505,0.534753120413625
1019,43,relative_fixed_native,0,06720500,5.628872492143303
1019,43,relative_fixed_native,0,06721500,1.4807602438061918
1019,43,relative_fixed_native,0,06731000,2.2056206557688856
1019,43,relative_fixed_native,0,06734900,1.4226171528743583
1019,43,relative_fixed_native,0,06752000,0.8148694391019371
1019,43,relative_fixed_native,0,06753400,1.855018403748647
1019,43,relative_fixed_native,0,06753990,3.7963211511738475
1019,43,relative_fixed_native,0,06754000,1.5993938929254328
1019,43,relative_fixed_native,0,06759910,0.7541763088505995
1019,43,relative_fixed_native,0,06765500,1.57590680458447
1019,43,relative_fixed_native,0,401707105395000,1.3173387837628596
1019,43,relative_fixed_native,0,401723105400000,1.4329226943951958
1019,43,relative_fixed_native,0,401733105392404,0.5472780498171886
1019,43,relative_fixed_native,0,402114105350101,1.2126753259459506
1019,43,relative_historical_integrated,0,06697100,1.1351993935814937
1019,43,relative_historical_integrated,0,06698500,2.7890589001926274
1019,43,relative_historical_integrated,0,06710200,6.698406760014651
1019,43,relative_historical_integrated,0,06710247,4.134015489187349
1019,43,relative_historical_integrated,0,06713500,1.6298988584159573
1019,43,relative_historical_integrated,0,06714000,3.5465216785110836
1019,43,relative_historical_integrated,0,06719505,0.4397858052327873
1019,43,relative_historical_integrated,0,06720500,5.74418781518673
1019,43,relative_historical_integrated,0,06721500,1.6151086012277573
1019,43,relative_historical_integrated,0,06731000,2.302970014739188
1019,43,relative_historical_integrated,0,06734900,1.5495730662806955
1019,43,relative_historical_integrated,0,06752000,0.8706361772511746
1019,43,relative_historical_integrated,0,06753400,1.6898844852627515
1019,43,relative_historical_integrated,0,06753990,3.876774356696342
1019,43,relative_historical_integrated,0,06754000,1.7180099396512403
1019,43,relative_historical_integrated,0,06759910,0.7101669735997731
1019,43,relative_historical_integrated,0,06765500,1.5130299882563873
1019,43,relative_historical_integrated,0,401707105395000,1.222406599203937
1019,43,relative_historical_integrated,0,401723105400000,1.33306327201143
1019,43,relative_historical_integrated,0,401733105392404,0.5122788096147177
1019,43,relative_historical_integrated,0,402114105350101,1.2943935060047067
1019,43,relative_historical_native,0,06697100,1.141723926615138
1019,43,relative_historical_native,0,06698500,2.7709717702140173
1019,43,relative_historical_native,0,06710200,6.699016971001152
1019,43,relative_historical_native,0,06710247,4.02168327987829
1019,43,relative_historical_native,0,06713500,1.5976825991426393
1019,43,relative_historical_native,0,06714000,3.4385851608660842
1019,43,relative_historical_native,0,06719505,0.5207043236001395
1019,43,relative_historical_native,0,06720500,5.6333789526881235
1019,43,relative_historical_native,0,06721500,1.493142739023217
1019,43,relative_historical_native,0,06731000,2.2088519619256504
1019,43,relative_historical_native,0,06734900,1.4368946455242115
1019,43,relative_historical_native,0,06752000,0.8132318025832944
1019,43,relative_historical_native,0,06753400,1.8127257733690956
1019,43,relative_historical_native,0,06753990,3.8403752392583197
1019,43,relative_historical_native,0,06754000,1.6105286466085607
1019,43,relative_historical_native,0,06759910,0.7466312825891591
1019,43,relative_historical_native,0,06765500,1.5489883511952693
1019,43,relative_historical_native,0,401707105395000,1.3062278902978544
1019,43,relative_historical_native,0,401723105400000,1.4188850385131413
1019,43,relative_historical_native,0,401733105392404,0.5458656708393297
1019,43,relative_historical_native,0,402114105350101,1.2169267718409387
1019,43,relative_real_integrated,0,06697100,1.1357115677790994
1019,43,relative_real_integrated,0,06698500,2.787860570379514
1019,43,relative_real_integrated,0,06710200,6.693578274726924
1019,43,relative_real_integrated,0,06710247,4.139220701460551
1019,43,relative_real_integrated,0,06713500,1.6298725538466352
1019,43,relative_real_integrated,0,06714000,3.5415571430042707
1019,43,relative_real_integrated,0,06719505,0.45456317121039025
1019,43,relative_real_integrated,0,06720500,5.737030982038983
1019,43,relative_real_integrated,0,06721500,1.6019328578285694
1019,43,relative_real_integrated,0,06731000,2.2973379629136645
1019,43,relative_real_integrated,0,06734900,1.5359713091603544
1019,43,relative_real_integrated,0,06752000,0.8669335315134236
1019,43,relative_real_integrated,0,06753400,1.732232766268507
1019,43,relative_real_integrated,0,06753990,3.836492466774091
1019,43,relative_real_integrated,0,06754000,1.7068784236280186
1019,43,relative_real_integrated,0,06759910,0.7165787538521997
1019,43,relative_real_integrated,0,06765500,1.5346610258801052
1019,43,relative_real_integrated,0,401707105395000,1.233908229714212
1019,43,relative_real_integrated,0,401723105400000,1.3491473920670405
1019,43,relative_real_integrated,0,401733105392404,0.5139212137090614
1019,43,relative_real_integrated,0,402114105350101,1.2868894890160214
1019,43,relative_real_native,0,06697100,1.1432261356654527
1019,43,relative_real_native,0,06698500,2.7693739971298665
1019,43,relative_real_native,0,06710200,6.692578990617517
1019,43,relative_real_native,0,06710247,4.028623562909226
1019,43,relative_real_native,0,06713500,1.5969449270639577
1019,43,relative_real_native,0,06714000,3.4319657801903336
1019,43,relative_real_native,0,06719505,0.5404074782369434
1019,43,relative_real_native,0,06720500,5.623836508491128
1019,43,relative_real_native,0,06721500,1.477501018989035
1019,43,relative_real_native,0,06731000,2.201342559491619
1019,43,relative_real_native,0,06734900,1.4187589693637568
1019,43,relative_real_native,0,06752000,0.8130176079084376
1019,43,relative_real_native,0,06753400,1.8683168314347423
1019,43,relative_real_native,0,06753990,3.7879409713740206
1019,43,relative_real_native,0,06754000,1.5952595451406586
1019,43,relative_real_native,0,06759910,0.761658156057351
1019,43,relative_real_native,0,06765500,1.580046180682182
1019,43,relative_real_native,0,401707105395000,1.321766072235512
1019,43,relative_real_native,0,401723105400000,1.440330531920622
1019,43,relative_real_native,0,401733105392404,0.5494262900890942
1019,43,relative_real_native,0,402114105350101,1.2097437085939773
1019,43,station_hidden_trees,0,06697100,1.2030336734135705
1019,43,station_hidden_trees,0,06698500,2.8083171944641405
1019,43,station_hidden_trees,0,06710200,6.574869230994705
1019,43,station_hidden_trees,0,06710247,3.8159546121067125
1019,43,station_hidden_trees,0,06713500,1.6568358272726282
1019,43,station_hidden_trees,0,06714000,3.150711716004892
1019,43,station_hidden_trees,0,06719505,0.9163467131996946
1019,43,station_hidden_trees,0,06720500,5.356094239475589
1019,43,station_hidden_trees,0,06721500,1.2196957114629274
1019,43,station_hidden_trees,0,06731000,1.8979176561137288
1019,43,station_hidden_trees,0,06734900,1.1256113344629672
1019,43,station_hidden_trees,0,06752000,0.8857954626199507
1019,43,station_hidden_trees,0,06753400,2.04096390134628
1019,43,station_hidden_trees,0,06753990,3.656382653828563
1019,43,station_hidden_trees,0,06754000,1.3122586648505707
1019,43,station_hidden_trees,0,06759910,0.8635751445104916
1019,43,station_hidden_trees,0,06765500,1.6963030042021525
1019,43,station_hidden_trees,0,401707105395000,1.7111818355537665
1019,43,station_hidden_trees,0,401723105400000,1.8826225147304736
1019,43,station_hidden_trees,0,401733105392404,0.8509979414273181
1019,43,station_hidden_trees,0,402114105350101,1.2353726244635372
1019,43,unmonitored_integrated,0,06697100,1.1354331940778677
1019,43,unmonitored_integrated,0,06698500,2.789425057944956
1019,43,unmonitored_integrated,0,06710200,6.700575473524687
1019,43,unmonitored_integrated,0,06710247,4.148109832577581
1019,43,unmonitored_integrated,0,06713500,1.626173136072554
1019,43,unmonitored_integrated,0,06714000,3.5555460321935266
1019,43,unmonitored_integrated,0,06719505,0.43315001417469723
1019,43,unmonitored_integrated,0,06720500,5.753602221459679
1019,43,unmonitored_integrated,0,06721500,1.6195873007554382
1019,43,unmonitored_integrated,0,06731000,2.3104791897752905
1019,43,unmonitored_integrated,0,06734900,1.5539636307950195
1019,43,unmonitored_integrated,0,06752000,0.8758028272683039
1019,43,unmonitored_integrated,0,06753400,1.6933813722347848
1019,43,unmonitored_integrated,0,06753990,3.867498604211124
1019,43,unmonitored_integrated,0,06754000,1.7224517027044348
1019,43,unmonitored_integrated,0,06759910,0.7041473850616328
1019,43,unmonitored_integrated,0,06765500,1.5106957342011997
1019,43,unmonitored_integrated,0,401707105395000,1.2146069733487113
1019,43,unmonitored_integrated,0,401723105400000,1.3240252701750748
1019,43,unmonitored_integrated,0,401733105392404,0.5074486745509091
1019,43,unmonitored_integrated,0,402114105350101,1.298239906405812
1019,43,unmonitored_residual,0,06697100,1.1417485177885824
1019,43,unmonitored_residual,0,06698500,2.7714599805504556
1019,43,unmonitored_residual,0,06710200,6.701908589014534
1019,43,unmonitored_residual,0,06710247,4.040475737731933
1019,43,unmonitored_residual,0,06713500,1.5932913116189378
1019,43,unmonitored_residual,0,06714000,3.4506176324426745
1019,43,unmonitored_residual,0,06719505,0.5118566021893527
1019,43,unmonitored_residual,0,06720500,5.645931494385388
1019,43,unmonitored_residual,0,06721500,1.4982047547503794
1019,43,unmonitored_residual,0,06731000,2.21886419530712
1019,43,unmonitored_residual,0,06734900,1.4427487315433103
1019,43,unmonitored_residual,0,06752000,0.8165344924508628
1019,43,unmonitored_residual,0,06753400,1.8165149727231127
1019,43,unmonitored_residual,0,06753990,3.8327210860138368
1019,43,unmonitored_residual,0,06754000,1.6162906267212471
1019,43,unmonitored_residual,0,06759910,0.7435649329739635
1019,43,unmonitored_residual,0,06765500,1.5492901418437626
1019,43,unmonitored_residual,0,401707105395000,1.295677504584277
1019,43,unmonitored_residual,0,401723105400000,1.4068343693980012
1019,43,unmonitored_residual,0,401733105392404,0.5399129600977515
1019,43,unmonitored_residual,0,402114105350101,1.2192464047255611
1019,44,attention_fixed_integrated,0,06697100,1.0977713894159824
1019,44,attention_fixed_integrated,0,06698500,2.6246688260545064
1019,44,attention_fixed_integrated,0,06710200,6.6281706526441555
1019,44,attention_fixed_integrated,0,06710247,3.8303685167754513
1019,44,attention_fixed_integrated,0,06713500,1.4720663981133795
1019,44,attention_fixed_integrated,0,06714000,3.4603098224571034
1019,44,attention_fixed_integrated,0,06719505,0.36875471439838076
1019,44,attention_fixed_integrated,0,06720500,5.715370562727118
1019,44,attention_fixed_integrated,0,06721500,1.740062723791891
1019,44,attention_fixed_integrated,0,06731000,2.3630304879459056
1019,44,attention_fixed_integrated,0,06734900,1.7358670199530912
1019,44,attention_fixed_integrated,0,06752000,1.001678341231551
1019,44,attention_fixed_integrated,0,06753400,1.402355035211791
1019,44,attention_fixed_integrated,0,06753990,3.8498379184313167
1019,44,attention_fixed_integrated,0,06754000,1.7617664913757842
1019,44,attention_fixed_integrated,0,06759910,0.8584746914016498
1019,44,attention_fixed_integrated,0,06765500,1.5883097593290303
1019,44,attention_fixed_integrated,0,401707105395000,1.0543748795077121
1019,44,attention_fixed_integrated,0,401723105400000,1.0218118670394776
1019,44,attention_fixed_integrated,0,401733105392404,0.507182397926728
1019,44,attention_fixed_integrated,0,402114105350101,1.4036836270147641
1019,44,attention_fixed_native,0,06697100,1.0977713894159824
1019,44,attention_fixed_native,0,06698500,2.6246688260545064
1019,44,attention_fixed_native,0,06710200,6.6281706526441555
1019,44,attention_fixed_native,0,06710247,3.8303685167754513
1019,44,attention_fixed_native,0,06713500,1.4720663981133795
1019,44,attention_fixed_native,0,06714000,3.4603098224571034
1019,44,attention_fixed_native,0,06719505,0.36875471439838076
1019,44,attention_fixed_native,0,06720500,5.715370562727118
1019,44,attention_fixed_native,0,06721500,1.740062723791891
1019,44,attention_fixed_native,0,06731000,2.3630304879459056
1019,44,attention_fixed_native,0,06734900,1.7358670199530912
1019,44,attention_fixed_native,0,06752000,1.001678341231551
1019,44,attention_fixed_native,0,06753400,1.402355035211791
1019,44,attention_fixed_native,0,06753990,3.8498379184313167
1019,44,attention_fixed_native,0,06754000,1.7617664913757842
1019,44,attention_fixed_native,0,06759910,0.8584746914016498
1019,44,attention_fixed_native,0,06765500,1.5883097593290303
1019,44,attention_fixed_native,0,401707105395000,1.0543748795077121
1019,44,attention_fixed_native,0,401723105400000,1.0218118670394776
1019,44,attention_fixed_native,0,401733105392404,0.507182397926728
1019,44,attention_fixed_native,0,402114105350101,1.4036836270147641
1019,44,attention_historical_integrated,0,06697100,1.0974330087386228
1019,44,attention_historical_integrated,0,06698500,2.6145252689345693
1019,44,attention_historical_integrated,0,06710200,6.629179116877173
1019,44,attention_historical_integrated,0,06710247,3.7891026022927217
1019,44,attention_historical_integrated,0,06713500,1.472254890951261
1019,44,attention_historical_integrated,0,06714000,3.4371041130617255
1019,44,attention_historical_integrated,0,06719505,0.37632092124639116
1019,44,attention_historical_integrated,0,06720500,5.692454188930357
1019,44,attention_historical_integrated,0,06721500,1.7236616042616901
1019,44,attention_historical_integrated,0,06731000,2.340420128555329
1019,44,attention_historical_integrated,0,06734900,1.7210707359256936
1019,44,attention_historical_integrated,0,06752000,0.9856097926251635
1019,44,attention_historical_integrated,0,06753400,1.3413251847064986
1019,44,attention_historical_integrated,0,06753990,3.9111503059245227
1019,44,attention_historical_integrated,0,06754000,1.7464080834056837
1019,44,attention_historical_integrated,0,06759910,0.8335282789012853
1019,44,attention_historical_integrated,0,06765500,1.536900506475438
1019,44,attention_historical_integrated,0,401707105395000,1.0583482132745394
1019,44,attention_historical_integrated,0,401723105400000,1.03879693947147
1019,44,attention_historical_integrated,0,401733105392404,0.5201719679415499
1019,44,attention_historical_integrated,0,402114105350101,1.3952978929286157
1019,44,attention_historical_native,0,06697100,1.0974330087386228
1019,44,attention_historical_native,0,06698500,2.6145252689345693
1019,44,attention_historical_native,0,06710200,6.629179116877173
1019,44,attention_historical_native,0,06710247,3.7891026022927217
1019,44,attention_historical_native,0,06713500,1.472254890951261
1019,44,attention_historical_native,0,06714000,3.4371041130617255
1019,44,attention_historical_native,0,06719505,0.37632092124639116
1019,44,attention_historical_native,0,06720500,5.692454188930357
1019,44,attention_historical_native,0,06721500,1.7236616042616901
1019,44,attention_historical_native,0,06731000,2.340420128555329
1019,44,attention_historical_native,0,06734900,1.7210707359256936
1019,44,attention_historical_native,0,06752000,0.9856097926251635
1019,44,attention_historical_native,0,06753400,1.3413251847064986
1019,44,attention_historical_native,0,06753990,3.9111503059245227
1019,44,attention_historical_native,0,06754000,1.7464080834056837
1019,44,attention_historical_native,0,06759910,0.8335282789012853
1019,44,attention_historical_native,0,06765500,1.536900506475438
1019,44,attention_historical_native,0,401707105395000,1.0583482132745394
1019,44,attention_historical_native,0,401723105400000,1.03879693947147
1019,44,attention_historical_native,0,401733105392404,0.5201719679415499
1019,44,attention_historical_native,0,402114105350101,1.3952978929286157
1019,44,attention_real_integrated,0,06697100,1.0977678395336385
1019,44,attention_real_integrated,0,06698500,2.624976921842469
1019,44,attention_real_integrated,0,06710200,6.62854682011847
1019,44,attention_real_integrated,0,06710247,3.830504443970447
1019,44,attention_real_integrated,0,06713500,1.4716514882040275
1019,44,attention_real_integrated,0,06714000,3.4598537680011647
1019,44,attention_real_integrated,0,06719505,0.36890289257295866
1019,44,attention_real_integrated,0,06720500,5.715354623673439
1019,44,attention_real_integrated,0,06721500,1.7389728659006891
1019,44,attention_real_integrated,0,06731000,2.3628355428837056
1019,44,attention_real_integrated,0,06734900,1.734850519547124
1019,44,attention_real_integrated,0,06752000,1.0017391482458848
1019,44,attention_real_integrated,0,06753400,1.3990884261528609
1019,44,attention_real_integrated,0,06753990,3.851108920502609
1019,44,attention_real_integrated,0,06754000,1.7610844940129586
1019,44,attention_real_integrated,0,06759910,0.8569403597496243
1019,44,attention_real_integrated,0,06765500,1.5852135606016855
1019,44,attention_real_integrated,0,401707105395000,1.0550399749562063
1019,44,attention_real_integrated,0,401723105400000,1.0222608349094575
1019,44,attention_real_integrated,0,401733105392404,0.5071036886042881
1019,44,attention_real_integrated,0,402114105350101,1.4032324593818948
1019,44,attention_real_native,0,06697100,1.0977678395336385
1019,44,attention_real_native,0,06698500,2.624976921842469
1019,44,attention_real_native,0,06710200,6.62854682011847
1019,44,attention_real_native,0,06710247,3.830504443970447
1019,44,attention_real_native,0,06713500,1.4716514882040275
1019,44,attention_real_native,0,06714000,3.4598537680011647
1019,44,attention_real_native,0,06719505,0.36890289257295866
1019,44,attention_real_native,0,06720500,5.715354623673439
1019,44,attention_real_native,0,06721500,1.7389728659006891
1019,44,attention_real_native,0,06731000,2.3628355428837056
1019,44,attention_real_native,0,06734900,1.734850519547124
1019,44,attention_real_native,0,06752000,1.0017391482458848
1019,44,attention_real_native,0,06753400,1.3990884261528609
1019,44,attention_real_native,0,06753990,3.851108920502609
1019,44,attention_real_native,0,06754000,1.7610844940129586
1019,44,attention_real_native,0,06759910,0.8569403597496243
1019,44,attention_real_native,0,06765500,1.5852135606016855
1019,44,attention_real_native,0,401707105395000,1.0550399749562063
1019,44,attention_real_native,0,401723105400000,1.0222608349094575
1019,44,attention_real_native,0,401733105392404,0.5071036886042881
1019,44,attention_real_native,0,402114105350101,1.4032324593818948
1019,44,current_model,0,06697100,1.10555430638755
1019,44,current_model,0,06698500,2.6981049342746948
1019,44,current_model,0,06710200,6.810441343950535
1019,44,current_model,0,06710247,4.265192844315285
1019,44,current_model,0,06713500,1.3190654888716185
1019,44,current_model,0,06714000,3.714128135752206
1019,44,current_model,0,06719505,0.5672016270308852
1019,44,current_model,0,06720500,6.205974173560571
1019,44,current_model,0,06721500,1.834527887190256
1019,44,current_model,0,06731000,2.274340463172407
1019,44,current_model,0,06734900,1.546840168337634
1019,44,current_model,0,06752000,1.2754235542284242
1019,44,current_model,0,06753400,1.6500963551169021
1019,44,current_model,0,06753990,3.7334031475304594
1019,44,current_model,0,06754000,1.5971223028222943
1019,44,current_model,0,06759910,1.10252708612076
1019,44,current_model,0,06765500,1.4440243353233233
1019,44,current_model,0,401707105395000,0.7374988541171343
1019,44,current_model,0,401723105400000,0.4606761481491622
1019,44,current_model,0,401733105392404,0.7065375670413696
1019,44,current_model,0,402114105350101,1.6402734800821164
1019,44,innovation_real_integrated,0,06697100,1.0977771625515764
1019,44,innovation_real_integrated,0,06698500,2.6230519307669873
1019,44,innovation_real_integrated,0,06710200,6.629392840274056
1019,44,innovation_real_integrated,0,06710247,3.8230775845586367
1019,44,innovation_real_integrated,0,06713500,1.4736972273784819
1019,44,innovation_real_integrated,0,06714000,3.4571743376242616
1019,44,innovation_real_integrated,0,06719505,0.3700346402434241
1019,44,innovation_real_integrated,0,06720500,5.712231319066357
1019,44,innovation_real_integrated,0,06721500,1.7412245319399176
1019,44,innovation_real_integrated,0,06731000,2.360582344632577
1019,44,innovation_real_integrated,0,06734900,1.7372669644894791
1019,44,innovation_real_integrated,0,06752000,0.9989469511910547
1019,44,innovation_real_integrated,0,06753400,1.40079223380715
1019,44,innovation_real_integrated,0,06753990,3.854233365928103
1019,44,innovation_real_integrated,0,06754000,1.7612243815552098
1019,44,innovation_real_integrated,0,06759910,0.8581299717259697
1019,44,innovation_real_integrated,0,06765500,1.5835046461079931
1019,44,innovation_real_integrated,0,401707105395000,1.05396107747084
1019,44,innovation_real_integrated,0,401723105400000,1.0246988315176626
1019,44,innovation_real_integrated,0,401733105392404,0.5089166314290358
1019,44,innovation_real_integrated,0,402114105350101,1.402314858751581
1019,44,innovation_real_native,0,06697100,1.0977771625515764
1019,44,innovation_real_native,0,06698500,2.6230519307669873
1019,44,innovation_real_native,0,06710200,6.629392840274056
1019,44,innovation_real_native,0,06710247,3.8230775845586367
1019,44,innovation_real_native,0,06713500,1.4736972273784819
1019,44,innovation_real_native,0,06714000,3.4571743376242616
1019,44,innovation_real_native,0,06719505,0.3700346402434241
1019,44,innovation_real_native,0,06720500,5.712231319066357
1019,44,innovation_real_native,0,06721500,1.7412245319399176
1019,44,innovation_real_native,0,06731000,2.360582344632577
1019,44,innovation_real_native,0,06734900,1.7372669644894791
1019,44,innovation_real_native,0,06752000,0.9989469511910547
1019,44,innovation_real_native,0,06753400,1.40079223380715
1019,44,innovation_real_native,0,06753990,3.854233365928103
1019,44,innovation_real_native,0,06754000,1.7612243815552098
1019,44,innovation_real_native,0,06759910,0.8581299717259697
1019,44,innovation_real_native,0,06765500,1.5835046461079931
1019,44,innovation_real_native,0,401707105395000,1.05396107747084
1019,44,innovation_real_native,0,401723105400000,1.0246988315176626
1019,44,innovation_real_native,0,401733105392404,0.5089166314290358
1019,44,innovation_real_native,0,402114105350101,1.402314858751581
1019,44,innovation_real_trees,0,06697100,1.2323964141014572
1019,44,innovation_real_trees,0,06698500,2.6543871912631642
1019,44,innovation_real_trees,0,06710200,6.086540640509339
1019,44,innovation_real_trees,0,06710247,3.5902895895669795
1019,44,innovation_real_trees,0,06713500,1.6141996850830271
1019,44,innovation_real_trees,0,06714000,2.983101822840335
1019,44,innovation_real_trees,0,06719505,1.016414882483215
1019,44,innovation_real_trees,0,06720500,5.192782310527626
1019,44,innovation_real_trees,0,06721500,1.2155402794705725
1019,44,innovation_real_trees,0,06731000,1.7897067391961676
1019,44,innovation_real_trees,0,06734900,1.1704707977171345
1019,44,innovation_real_trees,0,06752000,0.8704909399625604
1019,44,innovation_real_trees,0,06753400,1.6251715974372374
1019,44,innovation_real_trees,0,06753990,3.6436664297331376
1019,44,innovation_real_trees,0,06754000,1.22177262589331
1019,44,innovation_real_trees,0,06759910,0.9788899880859395
1019,44,innovation_real_trees,0,06765500,1.6769782115990544
1019,44,innovation_real_trees,0,401707105395000,1.6888058656129235
1019,44,innovation_real_trees,0,401723105400000,1.8371909208128712
1019,44,innovation_real_trees,0,401733105392404,0.8342206551218915
1019,44,innovation_real_trees,0,402114105350101,1.216467178680943
1019,44,level_fixed_integrated,0,06697100,1.0981845296447987
1019,44,level_fixed_integrated,0,06698500,2.624937895701302
1019,44,level_fixed_integrated,0,06710200,6.621663366563996
1019,44,level_fixed_integrated,0,06710247,3.8361746563127177
1019,44,level_fixed_integrated,0,06713500,1.470604397064348
1019,44,level_fixed_integrated,0,06714000,3.4571501073471453
1019,44,level_fixed_integrated,0,06719505,0.3753154099808035
1019,44,level_fixed_integrated,0,06720500,5.710350703715434
1019,44,level_fixed_integrated,0,06721500,1.7266488232824144
1019,44,level_fixed_integrated,0,06731000,2.350640923680098
1019,44,level_fixed_integrated,0,06734900,1.7244785169380499
1019,44,level_fixed_integrated,0,06752000,0.9925731197668348
1019,44,level_fixed_integrated,0,06753400,1.4134587850601201
1019,44,level_fixed_integrated,0,06753990,3.8471808365407925
1019,44,level_fixed_integrated,0,06754000,1.7552597800848282
1019,44,level_fixed_integrated,0,06759910,0.863004736853867
1019,44,level_fixed_integrated,0,06765500,1.5771947105150708
1019,44,level_fixed_integrated,0,401707105395000,1.06608892830598
1019,44,level_fixed_integrated,0,401723105400000,1.0334857042816772
1019,44,level_fixed_integrated,0,401733105392404,0.5086565460674938
1019,44,level_fixed_integrated,0,402114105350101,1.3945409069635932
1019,44,level_fixed_native,0,06697100,1.0981845296447987
1019,44,level_fixed_native,0,06698500,2.624937895701302
1019,44,level_fixed_native,0,06710200,6.621663366563996
1019,44,level_fixed_native,0,06710247,3.8361746563127177
1019,44,level_fixed_native,0,06713500,1.470604397064348
1019,44,level_fixed_native,0,06714000,3.4571501073471453
1019,44,level_fixed_native,0,06719505,0.3753154099808035
1019,44,level_fixed_native,0,06720500,5.710350703715434
1019,44,level_fixed_native,0,06721500,1.7266488232824144
1019,44,level_fixed_native,0,06731000,2.350640923680098
1019,44,level_fixed_native,0,06734900,1.7244785169380499
1019,44,level_fixed_native,0,06752000,0.9925731197668348
1019,44,level_fixed_native,0,06753400,1.4134587850601201
1019,44,level_fixed_native,0,06753990,3.8471808365407925
1019,44,level_fixed_native,0,06754000,1.7552597800848282
1019,44,level_fixed_native,0,06759910,0.863004736853867
1019,44,level_fixed_native,0,06765500,1.5771947105150708
1019,44,level_fixed_native,0,401707105395000,1.06608892830598
1019,44,level_fixed_native,0,401723105400000,1.0334857042816772
1019,44,level_fixed_native,0,401733105392404,0.5086565460674938
1019,44,level_fixed_native,0,402114105350101,1.3945409069635932
1019,44,level_historical_integrated,0,06697100,1.0988433602193795
1019,44,level_historical_integrated,0,06698500,2.613343902583457
1019,44,level_historical_integrated,0,06710200,6.630119424572593
1019,44,level_historical_integrated,0,06710247,3.812583080900372
1019,44,level_historical_integrated,0,06713500,1.4702645976861954
1019,44,level_historical_integrated,0,06714000,3.450030608002404
1019,44,level_historical_integrated,0,06719505,0.37556580695822556
1019,44,level_historical_integrated,0,06720500,5.70390215868791
1019,44,level_historical_integrated,0,06721500,1.7250842255714474
1019,44,level_historical_integrated,0,06731000,2.338173605403534
1019,44,level_historical_integrated,0,06734900,1.7255352365094019
1019,44,level_historical_integrated,0,06752000,0.9896010696786018
1019,44,level_historical_integrated,0,06753400,1.3567328168115511
1019,44,level_historical_integrated,0,06753990,3.9066004384361968
1019,44,level_historical_integrated,0,06754000,1.7548425707158293
1019,44,level_historical_integrated,0,06759910,0.8367302291418551
1019,44,level_historical_integrated,0,06765500,1.5359182563563603
1019,44,level_historical_integrated,0,401707105395000,1.0545404337010622
1019,44,level_historical_integrated,0,401723105400000,1.0347171873681285
1019,44,level_historical_integrated,0,401733105392404,0.5208788451419062
1019,44,level_historical_integrated,0,402114105350101,1.4001368266905536
1019,44,level_historical_native,0,06697100,1.0988433602193795
1019,44,level_historical_native,0,06698500,2.613343902583457
1019,44,level_historical_native,0,06710200,6.630119424572593
1019,44,level_historical_native,0,06710247,3.812583080900372
1019,44,level_historical_native,0,06713500,1.4702645976861954
1019,44,level_historical_native,0,06714000,3.450030608002404
1019,44,level_historical_native,0,06719505,0.37556580695822556
1019,44,level_historical_native,0,06720500,5.70390215868791
1019,44,level_historical_native,0,06721500,1.7250842255714474
1019,44,level_historical_native,0,06731000,2.338173605403534
1019,44,level_historical_native,0,06734900,1.7255352365094019
1019,44,level_historical_native,0,06752000,0.9896010696786018
1019,44,level_historical_native,0,06753400,1.3567328168115511
1019,44,level_historical_native,0,06753990,3.9066004384361968
1019,44,level_historical_native,0,06754000,1.7548425707158293
1019,44,level_historical_native,0,06759910,0.8367302291418551
1019,44,level_historical_native,0,06765500,1.5359182563563603
1019,44,level_historical_native,0,401707105395000,1.0545404337010622
1019,44,level_historical_native,0,401723105400000,1.0347171873681285
1019,44,level_historical_native,0,401733105392404,0.5208788451419062
1019,44,level_historical_native,0,402114105350101,1.4001368266905536
1019,44,level_real_integrated,0,06697100,1.1047992462087048
1019,44,level_real_integrated,0,06698500,2.621026861733448
1019,44,level_real_integrated,0,06710200,6.623259941049298
1019,44,level_real_integrated,0,06710247,3.863305119606338
1019,44,level_real_integrated,0,06713500,1.4621878719682813
1019,44,level_real_integrated,0,06714000,3.478258787875495
1019,44,level_real_integrated,0,06719505,0.37028500302067785
1019,44,level_real_integrated,0,06720500,5.72015102773235
1019,44,level_real_integrated,0,06721500,1.731193666270667
1019,44,level_real_integrated,0,06731000,2.3475078348330967
1019,44,level_real_integrated,0,06734900,1.7335899465027047
1019,44,level_real_integrated,0,06752000,0.9987006709648405
1019,44,level_real_integrated,0,06753400,1.4585842231038246
1019,44,level_real_integrated,0,06753990,3.857102275596571
1019,44,level_real_integrated,0,06754000,1.7716858167679366
1019,44,level_real_integrated,0,06759910,0.8853051580520762
1019,44,level_real_integrated,0,06765500,1.586456666503889
1019,44,level_real_integrated,0,401707105395000,1.0531492482248326
1019,44,level_real_integrated,0,401723105400000,1.0197923586988502
1019,44,level_real_integrated,0,401733105392404,0.505083392179042
1019,44,level_real_integrated,0,402114105350101,1.4055442299027725
1019,44,level_real_native,0,06697100,1.1047992462087048
1019,44,level_real_native,0,06698500,2.621026861733448
1019,44,level_real_native,0,06710200,6.623259941049298
1019,44,level_real_native,0,06710247,3.863305119606338
1019,44,level_real_native,0,06713500,1.4621878719682813
1019,44,level_real_native,0,06714000,3.478258787875495
1019,44,level_real_native,0,06719505,0.37028500302067785
1019,44,level_real_native,0,06720500,5.72015102773235
1019,44,level_real_native,0,06721500,1.731193666270667
1019,44,level_real_native,0,06731000,2.3475078348330967
1019,44,level_real_native,0,06734900,1.7335899465027047
1019,44,level_real_native,0,06752000,0.9987006709648405
1019,44,level_real_native,0,06753400,1.4585842231038246
1019,44,level_real_native,0,06753990,3.857102275596571
1019,44,level_real_native,0,06754000,1.7716858167679366
1019,44,level_real_native,0,06759910,0.8853051580520762
1019,44,level_real_native,0,06765500,1.586456666503889
1019,44,level_real_native,0,401707105395000,1.0531492482248326
1019,44,level_real_native,0,401723105400000,1.0197923586988502
1019,44,level_real_native,0,401733105392404,0.505083392179042
1019,44,level_real_native,0,402114105350101,1.4055442299027725
1019,44,level_seasonal_integrated,0,06697100,1.1030751903735259
1019,44,level_seasonal_integrated,0,06698500,2.6223909142952246
1019,44,level_seasonal_integrated,0,06710200,6.622856998749455
1019,44,level_seasonal_integrated,0,06710247,3.850444299775912
1019,44,level_seasonal_integrated,0,06713500,1.4667426641982129
1019,44,level_seasonal_integrated,0,06714000,3.469980139465272
1019,44,level_seasonal_integrated,0,06719505,0.3707475391748
1019,44,level_seasonal_integrated,0,06720500,5.717503437241494
1019,44,level_seasonal_integrated,0,06721500,1.7348498412582216
1019,44,level_seasonal_integrated,0,06731000,2.3471186813227645
1019,44,level_seasonal_integrated,0,06734900,1.7354608962553335
1019,44,level_seasonal_integrated,0,06752000,0.9976252973234646
1019,44,level_seasonal_integrated,0,06753400,1.4302709542680967
1019,44,level_seasonal_integrated,0,06753990,3.848316332202122
1019,44,level_seasonal_integrated,0,06754000,1.7680856702508099
1019,44,level_seasonal_integrated,0,06759910,0.8767857053038769
1019,44,level_seasonal_integrated,0,06765500,1.5800318973495293
1019,44,level_seasonal_integrated,0,401707105395000,1.0539419342929273
1019,44,level_seasonal_integrated,0,401723105400000,1.0225868308916783
1019,44,level_seasonal_integrated,0,401733105392404,0.5062319080616736
1019,44,level_seasonal_integrated,0,402114105350101,1.403170276509131
1019,44,level_seasonal_native,0,06697100,1.1030751903735259
1019,44,level_seasonal_native,0,06698500,2.6223909142952246
1019,44,level_seasonal_native,0,06710200,6.622856998749455
1019,44,level_seasonal_native,0,06710247,3.850444299775912
1019,44,level_seasonal_native,0,06713500,1.4667426641982129
1019,44,level_seasonal_native,0,06714000,3.469980139465272
1019,44,level_seasonal_native,0,06719505,0.3707475391748
1019,44,level_seasonal_native,0,06720500,5.717503437241494
1019,44,level_seasonal_native,0,06721500,1.7348498412582216
1019,44,level_seasonal_native,0,06731000,2.3471186813227645
1019,44,level_seasonal_native,0,06734900,1.7354608962553335
1019,44,level_seasonal_native,0,06752000,0.9976252973234646
1019,44,level_seasonal_native,0,06753400,1.4302709542680967
1019,44,level_seasonal_native,0,06753990,3.848316332202122
1019,44,level_seasonal_native,0,06754000,1.7680856702508099
1019,44,level_seasonal_native,0,06759910,0.8767857053038769
1019,44,level_seasonal_native,0,06765500,1.5800318973495293
1019,44,level_seasonal_native,0,401707105395000,1.0539419342929273
1019,44,level_seasonal_native,0,401723105400000,1.0225868308916783
1019,44,level_seasonal_native,0,401733105392404,0.5062319080616736
1019,44,level_seasonal_native,0,402114105350101,1.403170276509131
1019,44,matched_daily_trees,0,06697100,1.2095935037780439
1019,44,matched_daily_trees,0,06698500,2.8066009707660293
1019,44,matched_daily_trees,0,06710200,6.199089631236189
1019,44,matched_daily_trees,0,06710247,3.772327461478239
1019,44,matched_daily_trees,0,06713500,1.5924468810047245
1019,44,matched_daily_trees,0,06714000,3.1331284361551743
1019,44,matched_daily_trees,0,06719505,0.8926234978399422
1019,44,matched_daily_trees,0,06720500,5.269772795651757
1019,44,matched_daily_trees,0,06721500,1.1540873293521703
1019,44,matched_daily_trees,0,06731000,1.8442107490016704
1019,44,matched_daily_trees,0,06734900,1.054968064781146
1019,44,matched_daily_trees,0,06752000,0.9155656281744892
1019,44,matched_daily_trees,0,06753400,2.082617891472116
1019,44,matched_daily_trees,0,06753990,3.493949066544883
1019,44,matched_daily_trees,0,06754000,1.2581015493120586
1019,44,matched_daily_trees,0,06759910,1.048839778845936
1019,44,matched_daily_trees,0,06765500,1.8009953843288409
1019,44,matched_daily_trees,0,401707105395000,1.789686896895689
1019,44,matched_daily_trees,0,401723105400000,1.8408041376609443
1019,44,matched_daily_trees,0,401733105392404,0.9900529303646509
1019,44,matched_daily_trees,0,402114105350101,1.3074794940549168
1019,44,relative_fixed_integrated,0,06697100,1.0977282841883758
1019,44,relative_fixed_integrated,0,06698500,2.625327500397508
1019,44,relative_fixed_integrated,0,06710200,6.628684707664331
1019,44,relative_fixed_integrated,0,06710247,3.8296105026882854
1019,44,relative_fixed_integrated,0,06713500,1.470428889391827
1019,44,relative_fixed_integrated,0,06714000,3.457234471787734
1019,44,relative_fixed_integrated,0,06719505,0.37121348101500473
1019,44,relative_fixed_integrated,0,06720500,5.711882423078596
1019,44,relative_fixed_integrated,0,06721500,1.7332665109249887
1019,44,relative_fixed_integrated,0,06731000,2.3591325783741786
1019,44,relative_fixed_integrated,0,06734900,1.7290626617389513
1019,44,relative_fixed_integrated,0,06752000,0.9981098337575067
1019,44,relative_fixed_integrated,0,06753400,1.3984130384723303
1019,44,relative_fixed_integrated,0,06753990,3.8514622727728014
1019,44,relative_fixed_integrated,0,06754000,1.7569380332842233
1019,44,relative_fixed_integrated,0,06759910,0.852652314122249
1019,44,relative_fixed_integrated,0,06765500,1.5793623966553365
1019,44,relative_fixed_integrated,0,401707105395000,1.059236251299992
1019,44,relative_fixed_integrated,0,401723105400000,1.0264470152046388
1019,44,relative_fixed_integrated,0,401733105392404,0.50788889138358
1019,44,relative_fixed_integrated,0,402114105350101,1.3996541796561799
1019,44,relative_fixed_native,0,06697100,1.0977282841883758
1019,44,relative_fixed_native,0,06698500,2.625327500397508
1019,44,relative_fixed_native,0,06710200,6.628684707664331
1019,44,relative_fixed_native,0,06710247,3.8296105026882854
1019,44,relative_fixed_native,0,06713500,1.470428889391827
1019,44,relative_fixed_native,0,06714000,3.457234471787734
1019,44,relative_fixed_native,0,06719505,0.37121348101500473
1019,44,relative_fixed_native,0,06720500,5.711882423078596
1019,44,relative_fixed_native,0,06721500,1.7332665109249887
1019,44,relative_fixed_native,0,06731000,2.3591325783741786
1019,44,relative_fixed_native,0,06734900,1.7290626617389513
1019,44,relative_fixed_native,0,06752000,0.9981098337575067
1019,44,relative_fixed_native,0,06753400,1.3984130384723303
1019,44,relative_fixed_native,0,06753990,3.8514622727728014
1019,44,relative_fixed_native,0,06754000,1.7569380332842233
1019,44,relative_fixed_native,0,06759910,0.852652314122249
1019,44,relative_fixed_native,0,06765500,1.5793623966553365
1019,44,relative_fixed_native,0,401707105395000,1.059236251299992
1019,44,relative_fixed_native,0,401723105400000,1.0264470152046388
1019,44,relative_fixed_native,0,401733105392404,0.50788889138358
1019,44,relative_fixed_native,0,402114105350101,1.3996541796561799
1019,44,relative_historical_integrated,0,06697100,1.0943062658778775
1019,44,relative_historical_integrated,0,06698500,2.6331586856970084
1019,44,relative_historical_integrated,0,06710200,6.616398535554512
1019,44,relative_historical_integrated,0,06710247,3.8235206089625247
1019,44,relative_historical_integrated,0,06713500,1.4547819214598499
1019,44,relative_historical_integrated,0,06714000,3.4578939961468227
1019,44,relative_historical_integrated,0,06719505,0.38058683792582076
1019,44,relative_historical_integrated,0,06720500,5.697285851111834
1019,44,relative_historical_integrated,0,06721500,1.7444230195491515
1019,44,relative_historical_integrated,0,06731000,2.3423498699709215
1019,44,relative_historical_integrated,0,06734900,1.7509662044116072
1019,44,relative_historical_integrated,0,06752000,0.9912556947761796
1019,44,relative_historical_integrated,0,06753400,1.330907180124657
1019,44,relative_historical_integrated,0,06753990,3.8998690272704613
1019,44,relative_historical_integrated,0,06754000,1.747862506643707
1019,44,relative_historical_integrated,0,06759910,0.8043594000748922
1019,44,relative_historical_integrated,0,06765500,1.5350063219711
1019,44,relative_historical_integrated,0,401707105395000,1.0420331807047851
1019,44,relative_historical_integrated,0,401723105400000,1.0264542727075576
1019,44,relative_historical_integrated,0,401733105392404,0.5081527454922485
1019,44,relative_historical_integrated,0,402114105350101,1.4225749485488037
1019,44,relative_historical_native,0,06697100,1.0973196151594125
1019,44,relative_historical_native,0,06698500,2.6136063572532806
1019,44,relative_historical_native,0,06710200,6.625074223548552
1019,44,relative_historical_native,0,06710247,3.779220230420058
1019,44,relative_historical_native,0,06713500,1.4751569391280404
1019,44,relative_historical_native,0,06714000,3.4302791705819335
1019,44,relative_historical_native,0,06719505,0.37927237060773195
1019,44,relative_historical_native,0,06720500,5.685219793382188
1019,44,relative_historical_native,0,06721500,1.7218380523088512
1019,44,relative_historical_native,0,06731000,2.3344897691421025
1019,44,relative_historical_native,0,06734900,1.7193921527134968
1019,44,relative_historical_native,0,06752000,0.978998917639337
1019,44,relative_historical_native,0,06753400,1.3490895478306055
1019,44,relative_historical_native,0,06753990,3.9096154290230434
1019,44,relative_historical_native,0,06754000,1.741737899307778
1019,44,relative_historical_native,0,06759910,0.8380870205363073
1019,44,relative_historical_native,0,06765500,1.537712179919331
1019,44,relative_historical_native,0,401707105395000,1.062305332858623
1019,44,relative_historical_native,0,401723105400000,1.04562378632104
1019,44,relative_historical_native,0,401733105392404,0.5219027932931214
1019,44,relative_historical_native,0,402114105350101,1.3901942145896657
1019,44,relative_real_integrated,0,06697100,1.0975943176402734
1019,44,relative_real_integrated,0,06698500,2.6241700780692288
1019,44,relative_real_integrated,0,06710200,6.624388472855469
1019,44,relative_real_integrated,0,06710247,3.824200679755974
1019,44,relative_real_integrated,0,06713500,1.4742469313790985
1019,44,relative_real_integrated,0,06714000,3.454987065667413
1019,44,relative_real_integrated,0,06719505,0.3746781294508605
1019,44,relative_real_integrated,0,06720500,5.706885533907538
1019,44,relative_real_integrated,0,06721500,1.7328663011255798
1019,44,relative_real_integrated,0,06731000,2.356462077201636
1019,44,relative_real_integrated,0,06734900,1.728408889124055
1019,44,relative_real_integrated,0,06752000,0.9910055263444055
1019,44,relative_real_integrated,0,06753400,1.4278018232614522
1019,44,relative_real_integrated,0,06753990,3.854153145298468
1019,44,relative_real_integrated,0,06754000,1.7556790905450894
1019,44,relative_real_integrated,0,06759910,0.8669318173112762
1019,44,relative_real_integrated,0,06765500,1.5932719720616333
1019,44,relative_real_integrated,0,401707105395000,1.0621304655541512
1019,44,relative_real_integrated,0,401723105400000,1.031863276543854
1019,44,relative_real_integrated,0,401733105392404,0.5089225084100281
1019,44,relative_real_integrated,0,402114105350101,1.3955829832525004
1019,44,relative_real_native,0,06697100,1.0975943176402734
1019,44,relative_real_native,0,06698500,2.6241700780692288
1019,44,relative_real_native,0,06710200,6.624388472855469
1019,44,relative_real_native,0,06710247,3.824200679755974
1019,44,relative_real_native,0,06713500,1.4742469313790985
1019,44,relative_real_native,0,06714000,3.454987065667413
1019,44,relative_real_native,0,06719505,0.3746781294508605
1019,44,relative_real_native,0,06720500,5.706885533907538
1019,44,relative_real_native,0,06721500,1.7328663011255798
1019,44,relative_real_native,0,06731000,2.356462077201636
1019,44,relative_real_native,0,06734900,1.728408889124055
1019,44,relative_real_native,0,06752000,0.9910055263444055
1019,44,relative_real_native,0,06753400,1.4278018232614522
1019,44,relative_real_native,0,06753990,3.854153145298468
1019,44,relative_real_native,0,06754000,1.7556790905450894
1019,44,relative_real_native,0,06759910,0.8669318173112762
1019,44,relative_real_native,0,06765500,1.5932719720616333
1019,44,relative_real_native,0,401707105395000,1.0621304655541512
1019,44,relative_real_native,0,401723105400000,1.031863276543854
1019,44,relative_real_native,0,401733105392404,0.5089225084100281
1019,44,relative_real_native,0,402114105350101,1.3955829832525004
1019,44,station_hidden_trees,0,06697100,1.1922578913270494
1019,44,station_hidden_trees,0,06698500,2.6772540043087725
1019,44,station_hidden_trees,0,06710200,6.60925029658564
1019,44,station_hidden_trees,0,06710247,3.5020212345573696
1019,44,station_hidden_trees,0,06713500,1.453193173845929
1019,44,station_hidden_trees,0,06714000,3.044870085916078
1019,44,station_hidden_trees,0,06719505,0.9412014078682001
1019,44,station_hidden_trees,0,06720500,5.237581564713489
1019,44,station_hidden_trees,0,06721500,1.2510192997190073
1019,44,station_hidden_trees,0,06731000,1.9083075040591073
1019,44,station_hidden_trees,0,06734900,1.2617295021546606
1019,44,station_hidden_trees,0,06752000,0.8541409916854984
1019,44,station_hidden_trees,0,06753400,1.5852638562031238
1019,44,station_hidden_trees,0,06753990,3.73287891557932
1019,44,station_hidden_trees,0,06754000,1.3463231416233064
1019,44,station_hidden_trees,0,06759910,0.9146323474418233
1019,44,station_hidden_trees,0,06765500,1.6750257368228358
1019,44,station_hidden_trees,0,401707105395000,1.556198931968667
1019,44,station_hidden_trees,0,401723105400000,1.6345606886715494
1019,44,station_hidden_trees,0,401733105392404,0.82423616484849
1019,44,station_hidden_trees,0,402114105350101,1.1708298068472482
1019,44,unmonitored_integrated,0,06697100,1.0915811833913653
1019,44,unmonitored_integrated,0,06698500,2.6573318341808805
1019,44,unmonitored_integrated,0,06710200,6.613585265144758
1019,44,unmonitored_integrated,0,06710247,3.878144065859945
1019,44,unmonitored_integrated,0,06713500,1.4346947488904263
1019,44,unmonitored_integrated,0,06714000,3.4927061898476355
1019,44,unmonitored_integrated,0,06719505,0.3791342282069369
1019,44,unmonitored_integrated,0,06720500,5.718193390799331
1019,44,unmonitored_integrated,0,06721500,1.7770292095447646
1019,44,unmonitored_integrated,0,06731000,2.3578774837430876
1019,44,unmonitored_integrated,0,06734900,1.7927543422660561
1019,44,unmonitored_integrated,0,06752000,1.0102634063170541
1019,44,unmonitored_integrated,0,06753400,1.3129868092377015
1019,44,unmonitored_integrated,0,06753990,3.8906289249124186
1019,44,unmonitored_integrated,0,06754000,1.7612092614429506
1019,44,unmonitored_integrated,0,06759910,0.7713353810046697
1019,44,unmonitored_integrated,0,06765500,1.528516704137048
1019,44,unmonitored_integrated,0,401707105395000,1.0151114394255265
1019,44,unmonitored_integrated,0,401723105400000,0.9998231565203795
1019,44,unmonitored_integrated,0,401733105392404,0.49593417633382714
1019,44,unmonitored_integrated,0,402114105350101,1.460918413837753
1019,44,unmonitored_residual,0,06697100,1.0978961487494567
1019,44,unmonitored_residual,0,06698500,2.6164801091646597
1019,44,unmonitored_residual,0,06710200,6.636799058717122
1019,44,unmonitored_residual,0,06710247,3.7998663871299656
1019,44,unmonitored_residual,0,06713500,1.4745021581977542
1019,44,unmonitored_residual,0,06714000,3.4446739068537795
1019,44,unmonitored_residual,0,06719505,0.3737382165337865
1019,44,unmonitored_residual,0,06720500,5.70290275729789
1019,44,unmonitored_residual,0,06721500,1.741880497819477
1019,44,unmonitored_residual,0,06731000,2.349824795028797
1019,44,unmonitored_residual,0,06734900,1.7398203250261737
1019,44,unmonitored_residual,0,06752000,0.992500786447401
1019,44,unmonitored_residual,0,06753400,1.3496135414685915
1019,44,unmonitored_residual,0,06753990,3.902184124275539
1019,44,unmonitored_residual,0,06754000,1.7561821942344071
1019,44,unmonitored_residual,0,06759910,0.8350099209708908
1019,44,unmonitored_residual,0,06765500,1.5301446601476891
1019,44,unmonitored_residual,0,401707105395000,1.0478529635767442
1019,44,unmonitored_residual,0,401723105400000,1.0302887283032856
1019,44,unmonitored_residual,0,401733105392404,0.5154757176401297
1019,44,unmonitored_residual,0,402114105350101,1.4005717427762032
1019,45,attention_fixed_integrated,0,06697100,1.1145679994497093
1019,45,attention_fixed_integrated,0,06698500,2.6968976734630608
1019,45,attention_fixed_integrated,0,06710200,6.665728332456173
1019,45,attention_fixed_integrated,0,06710247,4.227989186721714
1019,45,attention_fixed_integrated,0,06713500,1.542541868224578
1019,45,attention_fixed_integrated,0,06714000,3.599159250977872
1019,45,attention_fixed_integrated,0,06719505,0.344308151435131
1019,45,attention_fixed_integrated,0,06720500,6.101422162353314
1019,45,attention_fixed_integrated,0,06721500,2.0846611265442188
1019,45,attention_fixed_integrated,0,06731000,2.392411411568833
1019,45,attention_fixed_integrated,0,06734900,2.02529372556732
1019,45,attention_fixed_integrated,0,06752000,1.3562791292819991
1019,45,attention_fixed_integrated,0,06753400,1.2796092184565988
1019,45,attention_fixed_integrated,0,06753990,3.888115280295246
1019,45,attention_fixed_integrated,0,06754000,1.6582421917287316
1019,45,attention_fixed_integrated,0,06759910,0.8804408961969662
1019,45,attention_fixed_integrated,0,06765500,1.5503256094811175
1019,45,attention_fixed_integrated,0,401707105395000,0.6069140194278377
1019,45,attention_fixed_integrated,0,401723105400000,0.5789271021401432
1019,45,attention_fixed_integrated,0,401733105392404,0.6003409631515952
1019,45,attention_fixed_integrated,0,402114105350101,1.913644065350761
1019,45,attention_fixed_native,0,06697100,1.1145679994497093
1019,45,attention_fixed_native,0,06698500,2.6968976734630608
1019,45,attention_fixed_native,0,06710200,6.665728332456173
1019,45,attention_fixed_native,0,06710247,4.227989186721714
1019,45,attention_fixed_native,0,06713500,1.542541868224578
1019,45,attention_fixed_native,0,06714000,3.599159250977872
1019,45,attention_fixed_native,0,06719505,0.344308151435131
1019,45,attention_fixed_native,0,06720500,6.101422162353314
1019,45,attention_fixed_native,0,06721500,2.0846611265442188
1019,45,attention_fixed_native,0,06731000,2.392411411568833
1019,45,attention_fixed_native,0,06734900,2.02529372556732
1019,45,attention_fixed_native,0,06752000,1.3562791292819991
1019,45,attention_fixed_native,0,06753400,1.2796092184565988
1019,45,attention_fixed_native,0,06753990,3.888115280295246
1019,45,attention_fixed_native,0,06754000,1.6582421917287316
1019,45,attention_fixed_native,0,06759910,0.8804408961969662
1019,45,attention_fixed_native,0,06765500,1.5503256094811175
1019,45,attention_fixed_native,0,401707105395000,0.6069140194278377
1019,45,attention_fixed_native,0,401723105400000,0.5789271021401432
1019,45,attention_fixed_native,0,401733105392404,0.6003409631515952
1019,45,attention_fixed_native,0,402114105350101,1.913644065350761
1019,45,attention_historical_integrated,0,06697100,1.11337227407685
1019,45,attention_historical_integrated,0,06698500,2.701856215621134
1019,45,attention_historical_integrated,0,06710200,6.675294967535855
1019,45,attention_historical_integrated,0,06710247,4.223250245199132
1019,45,attention_historical_integrated,0,06713500,1.5406088181390203
1019,45,attention_historical_integrated,0,06714000,3.5955412779192475
1019,45,attention_historical_integrated,0,06719505,0.3470252613687083
1019,45,attention_historical_integrated,0,06720500,6.108519848329002
1019,45,attention_historical_integrated,0,06721500,2.084919659828287
1019,45,attention_historical_integrated,0,06731000,2.393786163891666
1019,45,attention_historical_integrated,0,06734900,2.0222004754714757
1019,45,attention_historical_integrated,0,06752000,1.3718488541953002
1019,45,attention_historical_integrated,0,06753400,1.2229221016661178
1019,45,attention_historical_integrated,0,06753990,3.9291752791839536
1019,45,attention_historical_integrated,0,06754000,1.6574576255008129
1019,45,attention_historical_integrated,0,06759910,0.8669104653162806
1019,45,attention_historical_integrated,0,06765500,1.5073795358389805
1019,45,attention_historical_integrated,0,401707105395000,0.6078806806793461
1019,45,attention_historical_integrated,0,401723105400000,0.5843241396913642
1019,45,attention_historical_integrated,0,401733105392404,0.60237713651849
1019,45,attention_historical_integrated,0,402114105350101,1.9203154422271438
1019,45,attention_historical_native,0,06697100,1.11337227407685
1019,45,attention_historical_native,0,06698500,2.701856215621134
1019,45,attention_historical_native,0,06710200,6.675294967535855
1019,45,attention_historical_native,0,06710247,4.223250245199132
1019,45,attention_historical_native,0,06713500,1.5406088181390203
1019,45,attention_historical_native,0,06714000,3.5955412779192475
1019,45,attention_historical_native,0,06719505,0.3470252613687083
1019,45,attention_historical_native,0,06720500,6.108519848329002
1019,45,attention_historical_native,0,06721500,2.084919659828287
1019,45,attention_historical_native,0,06731000,2.393786163891666
1019,45,attention_historical_native,0,06734900,2.0222004754714757
1019,45,attention_historical_native,0,06752000,1.3718488541953002
1019,45,attention_historical_native,0,06753400,1.2229221016661178
1019,45,attention_historical_native,0,06753990,3.9291752791839536
1019,45,attention_historical_native,0,06754000,1.6574576255008129
1019,45,attention_historical_native,0,06759910,0.8669104653162806
1019,45,attention_historical_native,0,06765500,1.5073795358389805
1019,45,attention_historical_native,0,401707105395000,0.6078806806793461
1019,45,attention_historical_native,0,401723105400000,0.5843241396913642
1019,45,attention_historical_native,0,401733105392404,0.60237713651849
1019,45,attention_historical_native,0,402114105350101,1.9203154422271438
1019,45,attention_real_integrated,0,06697100,1.1140986418229306
1019,45,attention_real_integrated,0,06698500,2.6944394615027454
1019,45,attention_real_integrated,0,06710200,6.650496445763828
1019,45,attention_real_integrated,0,06710247,4.22318623433421
1019,45,attention_real_integrated,0,06713500,1.5510293226659857
1019,45,attention_real_integrated,0,06714000,3.5996837139285764
1019,45,attention_real_integrated,0,06719505,0.34951321747477543
1019,45,attention_real_integrated,0,06720500,6.1037406654223405
1019,45,attention_real_integrated,0,06721500,2.0931643717340047
1019,45,attention_real_integrated,0,06731000,2.3950692432774234
1019,45,attention_real_integrated,0,06734900,2.031305776002267
1019,45,attention_real_integrated,0,06752000,1.3613993090584868
1019,45,attention_real_integrated,0,06753400,1.278131749626137
1019,45,attention_real_integrated,0,06753990,3.8925622375824105
1019,45,attention_real_integrated,0,06754000,1.6590778634675418
1019,45,attention_real_integrated,0,06759910,0.8842157648318061
1019,45,attention_real_integrated,0,06765500,1.5321414475755328
1019,45,attention_real_integrated,0,401707105395000,0.6008976468751233
1019,45,attention_real_integrated,0,401723105400000,0.5746368711665136
1019,45,attention_real_integrated,0,401733105392404,0.6046246933082521
1019,45,attention_real_integrated,0,402114105350101,1.9179737014437148
1019,45,attention_real_native,0,06697100,1.1140986418229306
1019,45,attention_real_native,0,06698500,2.6944394615027454
1019,45,attention_real_native,0,06710200,6.650496445763828
1019,45,attention_real_native,0,06710247,4.22318623433421
1019,45,attention_real_native,0,06713500,1.5510293226659857
1019,45,attention_real_native,0,06714000,3.5996837139285764
1019,45,attention_real_native,0,06719505,0.34951321747477543
1019,45,attention_real_native,0,06720500,6.1037406654223405
1019,45,attention_real_native,0,06721500,2.0931643717340047
1019,45,attention_real_native,0,06731000,2.3950692432774234
1019,45,attention_real_native,0,06734900,2.031305776002267
1019,45,attention_real_native,0,06752000,1.3613993090584868
1019,45,attention_real_native,0,06753400,1.278131749626137
1019,45,attention_real_native,0,06753990,3.8925622375824105
1019,45,attention_real_native,0,06754000,1.6590778634675418
1019,45,attention_real_native,0,06759910,0.8842157648318061
1019,45,attention_real_native,0,06765500,1.5321414475755328
1019,45,attention_real_native,0,401707105395000,0.6008976468751233
1019,45,attention_real_native,0,401723105400000,0.5746368711665136
1019,45,attention_real_native,0,401733105392404,0.6046246933082521
1019,45,attention_real_native,0,402114105350101,1.9179737014437148
1019,45,current_model,0,06697100,1.1627721645403442
1019,45,current_model,0,06698500,3.051307769046911
1019,45,current_model,0,06710200,6.344888957238565
1019,45,current_model,0,06710247,5.171078241248716
1019,45,current_model,0,06713500,1.3258409100670108
1019,45,current_model,0,06714000,4.208455472098973
1019,45,current_model,0,06719505,0.46216114020810317
1019,45,current_model,0,06720500,6.269233512811224
1019,45,current_model,0,06721500,2.2912026913079133
1019,45,current_model,0,06731000,2.4493752494753105
1019,45,current_model,0,06734900,2.0246576068711737
1019,45,current_model,0,06752000,1.455002658788534
1019,45,current_model,0,06753400,1.7044023585036447
1019,45,current_model,0,06753990,3.5841024603555964
1019,45,current_model,0,06754000,2.028393289836455
1019,45,current_model,0,06759910,0.5902348347362528
1019,45,current_model,0,06765500,1.5073394766490018
1019,45,current_model,0,401707105395000,0.8606126105497782
1019,45,current_model,0,401723105400000,0.6289530375048844
1019,45,current_model,0,401733105392404,0.5874735879380584
1019,45,current_model,0,402114105350101,2.0744559097994766
1019,45,innovation_real_integrated,0,06697100,1.1149345850449766
1019,45,innovation_real_integrated,0,06698500,2.695567110002673
1019,45,innovation_real_integrated,0,06710200,6.667007608041139
1019,45,innovation_real_integrated,0,06710247,4.223497838902147
1019,45,innovation_real_integrated,0,06713500,1.5436065623051751
1019,45,innovation_real_integrated,0,06714000,3.5968914982038123
1019,45,innovation_real_integrated,0,06719505,0.3440199958629632
1019,45,innovation_real_integrated,0,06720500,6.099407987295903
1019,45,innovation_real_integrated,0,06721500,2.088342737813931
1019,45,innovation_real_integrated,0,06731000,2.3901015478027987
1019,45,innovation_real_integrated,0,06734900,2.0279304357491523
1019,45,innovation_real_integrated,0,06752000,1.3534527910977083
1019,45,innovation_real_integrated,0,06753400,1.280239749056963
1019,45,innovation_real_integrated,0,06753990,3.890019131247269
1019,45,innovation_real_integrated,0,06754000,1.6584491322076589
1019,45,innovation_real_integrated,0,06759910,0.8817148467278032
1019,45,innovation_real_integrated,0,06765500,1.5475602160184432
1019,45,innovation_real_integrated,0,401707105395000,0.605563524896353
1019,45,innovation_real_integrated,0,401723105400000,0.581959922943015
1019,45,innovation_real_integrated,0,401733105392404,0.6001163335702431
1019,45,innovation_real_integrated,0,402114105350101,1.9117597196471185
1019,45,innovation_real_native,0,06697100,1.1149345850449766
1019,45,innovation_real_native,0,06698500,2.695567110002673
1019,45,innovation_real_native,0,06710200,6.667007608041139
1019,45,innovation_real_native,0,06710247,4.223497838902147
1019,45,innovation_real_native,0,06713500,1.5436065623051751
1019,45,innovation_real_native,0,06714000,3.5968914982038123
1019,45,innovation_real_native,0,06719505,0.3440199958629632
1019,45,innovation_real_native,0,06720500,6.099407987295903
1019,45,innovation_real_native,0,06721500,2.088342737813931
1019,45,innovation_real_native,0,06731000,2.3901015478027987
1019,45,innovation_real_native,0,06734900,2.0279304357491523
1019,45,innovation_real_native,0,06752000,1.3534527910977083
1019,45,innovation_real_native,0,06753400,1.280239749056963
1019,45,innovation_real_native,0,06753990,3.890019131247269
1019,45,innovation_real_native,0,06754000,1.6584491322076589
1019,45,innovation_real_native,0,06759910,0.8817148467278032
1019,45,innovation_real_native,0,06765500,1.5475602160184432
1019,45,innovation_real_native,0,401707105395000,0.605563524896353
1019,45,innovation_real_native,0,401723105400000,0.581959922943015
1019,45,innovation_real_native,0,401733105392404,0.6001163335702431
1019,45,innovation_real_native,0,402114105350101,1.9117597196471185
1019,45,innovation_real_trees,0,06697100,1.2176168231643334
1019,45,innovation_real_trees,0,06698500,2.802664424276277
1019,45,innovation_real_trees,0,06710200,6.862891853326815
1019,45,innovation_real_trees,0,06710247,3.8836961731063875
1019,45,innovation_real_trees,0,06713500,1.4646417359473984
1019,45,innovation_real_trees,0,06714000,3.1525009500886907
1019,45,innovation_real_trees,0,06719505,0.8732589649585326
1019,45,innovation_real_trees,0,06720500,5.366431249014752
1019,45,innovation_real_trees,0,06721500,1.275813636295306
1019,45,innovation_real_trees,0,06731000,1.9602454910539586
1019,45,innovation_real_trees,0,06734900,1.1913233951279436
1019,45,innovation_real_trees,0,06752000,0.8541854272977322
1019,45,innovation_real_trees,0,06753400,1.7392796896742562
1019,45,innovation_real_trees,0,06753990,3.764395608539867
1019,45,innovation_real_trees,0,06754000,1.319571210666267
1019,45,innovation_real_trees,0,06759910,0.9038885078452893
1019,45,innovation_real_trees,0,06765500,1.6973336950248836
1019,45,innovation_real_trees,0,401707105395000,1.3971730055215161
1019,45,innovation_real_trees,0,401723105400000,1.6195382845118957
1019,45,innovation_real_trees,0,401733105392404,0.7941960329768402
1019,45,innovation_real_trees,0,402114105350101,1.2343069684839016
1019,45,level_fixed_integrated,0,06697100,1.1088087975480636
1019,45,level_fixed_integrated,0,06698500,2.670390728022116
1019,45,level_fixed_integrated,0,06710200,6.718595614079358
1019,45,level_fixed_integrated,0,06710247,4.144203896557107
1019,45,level_fixed_integrated,0,06713500,1.5262112758619109
1019,45,level_fixed_integrated,0,06714000,3.5422318316855517
1019,45,level_fixed_integrated,0,06719505,0.3456207793097027
1019,45,level_fixed_integrated,0,06720500,6.049148480167732
1019,45,level_fixed_integrated,0,06721500,1.9727033311528146
1019,45,level_fixed_integrated,0,06731000,2.375629721348795
1019,45,level_fixed_integrated,0,06734900,1.9562411261968402
1019,45,level_fixed_integrated,0,06752000,1.2238275148527884
1019,45,level_fixed_integrated,0,06753400,1.3267270460600489
1019,45,level_fixed_integrated,0,06753990,3.9117582207244075
1019,45,level_fixed_integrated,0,06754000,1.6314857412100794
1019,45,level_fixed_integrated,0,06759910,0.9438997213480919
1019,45,level_fixed_integrated,0,06765500,1.5210851924117152
1019,45,level_fixed_integrated,0,401707105395000,0.5674456942616383
1019,45,level_fixed_integrated,0,401723105400000,0.429986847244444
1019,45,level_fixed_integrated,0,401733105392404,0.6859167573112384
1019,45,level_fixed_integrated,0,402114105350101,1.8719335100108616
1019,45,level_fixed_native,0,06697100,1.1088087975480636
1019,45,level_fixed_native,0,06698500,2.670390728022116
1019,45,level_fixed_native,0,06710200,6.718595614079358
1019,45,level_fixed_native,0,06710247,4.144203896557107
1019,45,level_fixed_native,0,06713500,1.5262112758619109
1019,45,level_fixed_native,0,06714000,3.5422318316855517
1019,45,level_fixed_native,0,06719505,0.3456207793097027
1019,45,level_fixed_native,0,06720500,6.049148480167732
1019,45,level_fixed_native,0,06721500,1.9727033311528146
1019,45,level_fixed_native,0,06731000,2.375629721348795
1019,45,level_fixed_native,0,06734900,1.9562411261968402
1019,45,level_fixed_native,0,06752000,1.2238275148527884
1019,45,level_fixed_native,0,06753400,1.3267270460600489
1019,45,level_fixed_native,0,06753990,3.9117582207244075
1019,45,level_fixed_native,0,06754000,1.6314857412100794
1019,45,level_fixed_native,0,06759910,0.9438997213480919
1019,45,level_fixed_native,0,06765500,1.5210851924117152
1019,45,level_fixed_native,0,401707105395000,0.5674456942616383
1019,45,level_fixed_native,0,401723105400000,0.429986847244444
1019,45,level_fixed_native,0,401733105392404,0.6859167573112384
1019,45,level_fixed_native,0,402114105350101,1.8719335100108616
1019,45,level_historical_integrated,0,06697100,1.1129997688126447
1019,45,level_historical_integrated,0,06698500,2.7013477818810805
1019,45,level_historical_integrated,0,06710200,6.673777687717201
1019,45,level_historical_integrated,0,06710247,4.240541543069155
1019,45,level_historical_integrated,0,06713500,1.5347560950366306
1019,45,level_historical_integrated,0,06714000,3.6007454174438402
1019,45,level_historical_integrated,0,06719505,0.3269890887746506
1019,45,level_historical_integrated,0,06720500,6.091763568136694
1019,45,level_historical_integrated,0,06721500,2.058895916154128
1019,45,level_historical_integrated,0,06731000,2.371995489562862
1019,45,level_historical_integrated,0,06734900,2.0085736913852483
1019,45,level_historical_integrated,0,06752000,1.327487756136008
1019,45,level_historical_integrated,0,06753400,1.2667013501811186
1019,45,level_historical_integrated,0,06753990,3.926800103014916
1019,45,level_historical_integrated,0,06754000,1.6592662001017697
1019,45,level_historical_integrated,0,06759910,0.8936837799909759
1019,45,level_historical_integrated,0,06765500,1.5115204924874452
1019,45,level_historical_integrated,0,401707105395000,0.6200495227749412
1019,45,level_historical_integrated,0,401723105400000,0.5865933075079457
1019,45,level_historical_integrated,0,401733105392404,0.5868627295504498
1019,45,level_historical_integrated,0,402114105350101,1.8960711533536752
1019,45,level_historical_native,0,06697100,1.1129997688126447
1019,45,level_historical_native,0,06698500,2.7013477818810805
1019,45,level_historical_native,0,06710200,6.673777687717201
1019,45,level_historical_native,0,06710247,4.240541543069155
1019,45,level_historical_native,0,06713500,1.5347560950366306
1019,45,level_historical_native,0,06714000,3.6007454174438402
1019,45,level_historical_native,0,06719505,0.3269890887746506
1019,45,level_historical_native,0,06720500,6.091763568136694
1019,45,level_historical_native,0,06721500,2.058895916154128
1019,45,level_historical_native,0,06731000,2.371995489562862
1019,45,level_historical_native,0,06734900,2.0085736913852483
1019,45,level_historical_native,0,06752000,1.327487756136008
1019,45,level_historical_native,0,06753400,1.2667013501811186
1019,45,level_historical_native,0,06753990,3.926800103014916
1019,45,level_historical_native,0,06754000,1.6592662001017697
1019,45,level_historical_native,0,06759910,0.8936837799909759
1019,45,level_historical_native,0,06765500,1.5115204924874452
1019,45,level_historical_native,0,401707105395000,0.6200495227749412
1019,45,level_historical_native,0,401723105400000,0.5865933075079457
1019,45,level_historical_native,0,401733105392404,0.5868627295504498
1019,45,level_historical_native,0,402114105350101,1.8960711533536752
1019,45,level_real_integrated,0,06697100,1.1512107858709357
1019,45,level_real_integrated,0,06698500,2.618130242012186
1019,45,level_real_integrated,0,06710200,6.648572524618329
1019,45,level_real_integrated,0,06710247,4.1868973095528705
1019,45,level_real_integrated,0,06713500,1.4947276414940311
1019,45,level_real_integrated,0,06714000,3.564935475062796
1019,45,level_real_integrated,0,06719505,0.2928297788429792
1019,45,level_real_integrated,0,06720500,5.982276766852995
1019,45,level_real_integrated,0,06721500,1.9589309105676591
1019,45,level_real_integrated,0,06731000,2.274753273790392
1019,45,level_real_integrated,0,06734900,1.9746897937975911
1019,45,level_real_integrated,0,06752000,1.1816451977849516
1019,45,level_real_integrated,0,06753400,1.5448053085908893
1019,45,level_real_integrated,0,06753990,3.902942628869289
1019,45,level_real_integrated,0,06754000,1.615937632459955
1019,45,level_real_integrated,0,06759910,0.9749141585892188
1019,45,level_real_integrated,0,06765500,1.527099496366492
1019,45,level_real_integrated,0,401707105395000,0.6618133588896423
1019,45,level_real_integrated,0,401723105400000,0.6550820246688028
1019,45,level_real_integrated,0,401733105392404,0.5482110023585597
1019,45,level_real_integrated,0,402114105350101,1.7895263210385102
1019,45,level_real_native,0,06697100,1.1512107858709357
1019,45,level_real_native,0,06698500,2.618130242012186
1019,45,level_real_native,0,06710200,6.648572524618329
1019,45,level_real_native,0,06710247,4.1868973095528705
1019,45,level_real_native,0,06713500,1.4947276414940311
1019,45,level_real_native,0,06714000,3.564935475062796
1019,45,level_real_native,0,06719505,0.2928297788429792
1019,45,level_real_native,0,06720500,5.982276766852995
1019,45,level_real_native,0,06721500,1.9589309105676591
1019,45,level_real_native,0,06731000,2.274753273790392
1019,45,level_real_native,0,06734900,1.9746897937975911
1019,45,level_real_native,0,06752000,1.1816451977849516
1019,45,level_real_native,0,06753400,1.5448053085908893
1019,45,level_real_native,0,06753990,3.902942628869289
1019,45,level_real_native,0,06754000,1.615937632459955
1019,45,level_real_native,0,06759910,0.9749141585892188
1019,45,level_real_native,0,06765500,1.527099496366492
1019,45,level_real_native,0,401707105395000,0.6618133588896423
1019,45,level_real_native,0,401723105400000,0.6550820246688028
1019,45,level_real_native,0,401733105392404,0.5482110023585597
1019,45,level_real_native,0,402114105350101,1.7895263210385102
1019,45,level_seasonal_integrated,0,06697100,1.1320960608102917
1019,45,level_seasonal_integrated,0,06698500,2.6737212490859066
1019,45,level_seasonal_integrated,0,06710200,6.652600007019909
1019,45,level_seasonal_integrated,0,06710247,4.208990370378423
1019,45,level_seasonal_integrated,0,06713500,1.5130620577902676
1019,45,level_seasonal_integrated,0,06714000,3.5842617791730738
1019,45,level_seasonal_integrated,0,06719505,0.30502770935433005
1019,45,level_seasonal_integrated,0,06720500,6.033936974086253
1019,45,level_seasonal_integrated,0,06721500,2.0204113521030957
1019,45,level_seasonal_integrated,0,06731000,2.3199910171482094
1019,45,level_seasonal_integrated,0,06734900,1.9943961063645868
1019,45,level_seasonal_integrated,0,06752000,1.2536908035430923
1019,45,level_seasonal_integrated,0,06753400,1.4086676640454991
1019,45,level_seasonal_integrated,0,06753990,3.8681487757700146
1019,45,level_seasonal_integrated,0,06754000,1.645034676998762
1019,45,level_seasonal_integrated,0,06759910,0.93822628061603
1019,45,level_seasonal_integrated,0,06765500,1.5398297890451331
1019,45,level_seasonal_integrated,0,401707105395000,0.6376867466972306
1019,45,level_seasonal_integrated,0,401723105400000,0.6142726515022461
1019,45,level_seasonal_integrated,0,401733105392404,0.5666667697402498
1019,45,level_seasonal_integrated,0,402114105350101,1.8459332799897004
1019,45,level_seasonal_native,0,06697100,1.1320960608102917
1019,45,level_seasonal_native,0,06698500,2.6737212490859066
1019,45,level_seasonal_native,0,06710200,6.652600007019909
1019,45,level_seasonal_native,0,06710247,4.208990370378423
1019,45,level_seasonal_native,0,06713500,1.5130620577902676
1019,45,level_seasonal_native,0,06714000,3.5842617791730738
1019,45,level_seasonal_native,0,06719505,0.30502770935433005
1019,45,level_seasonal_native,0,06720500,6.033936974086253
1019,45,level_seasonal_native,0,06721500,2.0204113521030957
1019,45,level_seasonal_native,0,06731000,2.3199910171482094
1019,45,level_seasonal_native,0,06734900,1.9943961063645868
1019,45,level_seasonal_native,0,06752000,1.2536908035430923
1019,45,level_seasonal_native,0,06753400,1.4086676640454991
1019,45,level_seasonal_native,0,06753990,3.8681487757700146
1019,45,level_seasonal_native,0,06754000,1.645034676998762
1019,45,level_seasonal_native,0,06759910,0.93822628061603
1019,45,level_seasonal_native,0,06765500,1.5398297890451331
1019,45,level_seasonal_native,0,401707105395000,0.6376867466972306
1019,45,level_seasonal_native,0,401723105400000,0.6142726515022461
1019,45,level_seasonal_native,0,401733105392404,0.5666667697402498
1019,45,level_seasonal_native,0,402114105350101,1.8459332799897004
1019,45,matched_daily_trees,0,06697100,1.134449331544599
1019,45,matched_daily_trees,0,06698500,2.8894486295224424
1019,45,matched_daily_trees,0,06710200,6.4445188340982344
1019,45,matched_daily_trees,0,06710247,3.830593354068865
1019,45,matched_daily_trees,0,06713500,1.4811232190025811
1019,45,matched_daily_trees,0,06714000,3.109930828629837
1019,45,matched_daily_trees,0,06719505,0.8000662110316162
1019,45,matched_daily_trees,0,06720500,5.264804674405746
1019,45,matched_daily_trees,0,06721500,1.1769176221184712
1019,45,matched_daily_trees,0,06731000,1.6680847871450113
1019,45,matched_daily_trees,0,06734900,1.1683540562339307
1019,45,matched_daily_trees,0,06752000,0.9076882429612956
1019,45,matched_daily_trees,0,06753400,1.7653677979738904
1019,45,matched_daily_trees,0,06753990,3.5879909503752483
1019,45,matched_daily_trees,0,06754000,1.2015567130387088
1019,45,matched_daily_trees,0,06759910,1.1683623886057282
1019,45,matched_daily_trees,0,06765500,1.5736603887572966
1019,45,matched_daily_trees,0,401707105395000,1.648899342921871
1019,45,matched_daily_trees,0,401723105400000,1.6799993452565354
1019,45,matched_daily_trees,0,401733105392404,0.963189831371478
1019,45,matched_daily_trees,0,402114105350101,1.323333360331846
1019,45,relative_fixed_integrated,0,06697100,1.1148398562345299
1019,45,relative_fixed_integrated,0,06698500,2.6962521397988644
1019,45,relative_fixed_integrated,0,06710200,6.6647785392403325
1019,45,relative_fixed_integrated,0,06710247,4.236345548238598
1019,45,relative_fixed_integrated,0,06713500,1.5433699357260275
1019,45,relative_fixed_integrated,0,06714000,3.6066354270554215
1019,45,relative_fixed_integrated,0,06719505,0.34838651909591656
1019,45,relative_fixed_integrated,0,06720500,6.107657051937243
1019,45,relative_fixed_integrated,0,06721500,2.0903230890980775
1019,45,relative_fixed_integrated,0,06731000,2.4000301607105263
1019,45,relative_fixed_integrated,0,06734900,2.0282014636568815
1019,45,relative_fixed_integrated,0,06752000,1.3610100414001216
1019,45,relative_fixed_integrated,0,06753400,1.2851719273846336
1019,45,relative_fixed_integrated,0,06753990,3.886935717898721
1019,45,relative_fixed_integrated,0,06754000,1.6613455183522567
1019,45,relative_fixed_integrated,0,06759910,0.8697697488032826
1019,45,relative_fixed_integrated,0,06765500,1.5383181314988266
1019,45,relative_fixed_integrated,0,401707105395000,0.6019332853725493
1019,45,relative_fixed_integrated,0,401723105400000,0.5727197371343083
1019,45,relative_fixed_integrated,0,401733105392404,0.6031958964079484
1019,45,relative_fixed_integrated,0,402114105350101,1.9183467892537396
1019,45,relative_fixed_native,0,06697100,1.1148398562345299
1019,45,relative_fixed_native,0,06698500,2.6962521397988644
1019,45,relative_fixed_native,0,06710200,6.6647785392403325
1019,45,relative_fixed_native,0,06710247,4.236345548238598
1019,45,relative_fixed_native,0,06713500,1.5433699357260275
1019,45,relative_fixed_native,0,06714000,3.6066354270554215
1019,45,relative_fixed_native,0,06719505,0.34838651909591656
1019,45,relative_fixed_native,0,06720500,6.107657051937243
1019,45,relative_fixed_native,0,06721500,2.0903230890980775
1019,45,relative_fixed_native,0,06731000,2.4000301607105263
1019,45,relative_fixed_native,0,06734900,2.0282014636568815
1019,45,relative_fixed_native,0,06752000,1.3610100414001216
1019,45,relative_fixed_native,0,06753400,1.2851719273846336
1019,45,relative_fixed_native,0,06753990,3.886935717898721
1019,45,relative_fixed_native,0,06754000,1.6613455183522567
1019,45,relative_fixed_native,0,06759910,0.8697697488032826
1019,45,relative_fixed_native,0,06765500,1.5383181314988266
1019,45,relative_fixed_native,0,401707105395000,0.6019332853725493
1019,45,relative_fixed_native,0,401723105400000,0.5727197371343083
1019,45,relative_fixed_native,0,401733105392404,0.6031958964079484
1019,45,relative_fixed_native,0,402114105350101,1.9183467892537396
1019,45,relative_historical_integrated,0,06697100,1.117031800948677
1019,45,relative_historical_integrated,0,06698500,2.6973442319107486
1019,45,relative_historical_integrated,0,06710200,6.676869405042352
1019,45,relative_historical_integrated,0,06710247,4.2325054484845195
1019,45,relative_historical_integrated,0,06713500,1.5397282051967713
1019,45,relative_historical_integrated,0,06714000,3.6130947490469536
1019,45,relative_historical_integrated,0,06719505,0.36401848935143843
1019,45,relative_historical_integrated,0,06720500,6.12477993049724
1019,45,relative_historical_integrated,0,06721500,2.107482463528853
1019,45,relative_historical_integrated,0,06731000,2.4138153019202875
1019,45,relative_historical_integrated,0,06734900,2.0402577659361154
1019,45,relative_historical_integrated,0,06752000,1.392172821306822
1019,45,relative_historical_integrated,0,06753400,1.2184735016243662
1019,45,relative_historical_integrated,0,06753990,3.9508086128509428
1019,45,relative_historical_integrated,0,06754000,1.6757399137263893
1019,45,relative_historical_integrated,0,06759910,0.8661331528306935
1019,45,relative_historical_integrated,0,06765500,1.5208438643828737
1019,45,relative_historical_integrated,0,401707105395000,0.5877470408571089
1019,45,relative_historical_integrated,0,401723105400000,0.5661309211715734
1019,45,relative_historical_integrated,0,401733105392404,0.6214033285476981
1019,45,relative_historical_integrated,0,402114105350101,1.9472712087929915
1019,45,relative_historical_native,0,06697100,1.117031800948677
1019,45,relative_historical_native,0,06698500,2.6973442319107486
1019,45,relative_historical_native,0,06710200,6.676869405042352
1019,45,relative_historical_native,0,06710247,4.2325054484845195
1019,45,relative_historical_native,0,06713500,1.5397282051967713
1019,45,relative_historical_native,0,06714000,3.6130947490469536
1019,45,relative_historical_native,0,06719505,0.36401848935143843
1019,45,relative_historical_native,0,06720500,6.12477993049724
1019,45,relative_historical_native,0,06721500,2.107482463528853
1019,45,relative_historical_native,0,06731000,2.4138153019202875
1019,45,relative_historical_native,0,06734900,2.0402577659361154
1019,45,relative_historical_native,0,06752000,1.392172821306822
1019,45,relative_historical_native,0,06753400,1.2184735016243662
1019,45,relative_historical_native,0,06753990,3.9508086128509428
1019,45,relative_historical_native,0,06754000,1.6757399137263893
1019,45,relative_historical_native,0,06759910,0.8661331528306935
1019,45,relative_historical_native,0,06765500,1.5208438643828737
1019,45,relative_historical_native,0,401707105395000,0.5877470408571089
1019,45,relative_historical_native,0,401723105400000,0.5661309211715734
1019,45,relative_historical_native,0,401733105392404,0.6214033285476981
1019,45,relative_historical_native,0,402114105350101,1.9472712087929915
1019,45,relative_real_integrated,0,06697100,1.1154437322590585
1019,45,relative_real_integrated,0,06698500,2.643031582328635
1019,45,relative_real_integrated,0,06710200,6.646323661394389
1019,45,relative_real_integrated,0,06710247,4.225058302073067
1019,45,relative_real_integrated,0,06713500,1.5521063695667425
1019,45,relative_real_integrated,0,06714000,3.595257891723592
1019,45,relative_real_integrated,0,06719505,0.3233038287134318
1019,45,relative_real_integrated,0,06720500,6.0810889079095665
1019,45,relative_real_integrated,0,06721500,2.046522172575336
1019,45,relative_real_integrated,0,06731000,2.3862094285739586
1019,45,relative_real_integrated,0,06734900,1.9955200990907935
1019,45,relative_real_integrated,0,06752000,1.3063191213267111
1019,45,relative_real_integrated,0,06753400,1.3830433988676074
1019,45,relative_real_integrated,0,06753990,3.919829661671715
1019,45,relative_real_integrated,0,06754000,1.6403585173866544
1019,45,relative_real_integrated,0,06759910,0.9136355590205325
1019,45,relative_real_integrated,0,06765500,1.5396218429616562
1019,45,relative_real_integrated,0,401707105395000,0.6144970017788416
1019,45,relative_real_integrated,0,401723105400000,0.5759212246088807
1019,45,relative_real_integrated,0,401733105392404,0.586091333949976
1019,45,relative_real_integrated,0,402114105350101,1.878014070866877
1019,45,relative_real_native,0,06697100,1.1154437322590585
1019,45,relative_real_native,0,06698500,2.643031582328635
1019,45,relative_real_native,0,06710200,6.646323661394389
1019,45,relative_real_native,0,06710247,4.225058302073067
1019,45,relative_real_native,0,06713500,1.5521063695667425
1019,45,relative_real_native,0,06714000,3.595257891723592
1019,45,relative_real_native,0,06719505,0.3233038287134318
1019,45,relative_real_native,0,06720500,6.0810889079095665
1019,45,relative_real_native,0,06721500,2.046522172575336
1019,45,relative_real_native,0,06731000,2.3862094285739586
1019,45,relative_real_native,0,06734900,1.9955200990907935
1019,45,relative_real_native,0,06752000,1.3063191213267111
1019,45,relative_real_native,0,06753400,1.3830433988676074
1019,45,relative_real_native,0,06753990,3.919829661671715
1019,45,relative_real_native,0,06754000,1.6403585173866544
1019,45,relative_real_native,0,06759910,0.9136355590205325
1019,45,relative_real_native,0,06765500,1.5396218429616562
1019,45,relative_real_native,0,401707105395000,0.6144970017788416
1019,45,relative_real_native,0,401723105400000,0.5759212246088807
1019,45,relative_real_native,0,401733105392404,0.586091333949976
1019,45,relative_real_native,0,402114105350101,1.878014070866877
1019,45,station_hidden_trees,0,06697100,1.2142663132958564
1019,45,station_hidden_trees,0,06698500,2.7704655887329444
1019,45,station_hidden_trees,0,06710200,6.593332395497681
1019,45,station_hidden_trees,0,06710247,3.714587361208555
1019,45,station_hidden_trees,0,06713500,1.565003960386094
1019,45,station_hidden_trees,0,06714000,3.0640083675449974
1019,45,station_hidden_trees,0,06719505,0.961117974919268
1019,45,station_hidden_trees,0,06720500,5.303269380330361
1019,45,station_hidden_trees,0,06721500,1.261482701035638
1019,45,station_hidden_trees,0,06731000,1.731102503144188
1019,45,station_hidden_trees,0,06734900,1.3227028653117798
1019,45,station_hidden_trees,0,06752000,0.8612624547438681
1019,45,station_hidden_trees,0,06753400,1.7526029725784784
1019,45,station_hidden_trees,0,06753990,3.6604893027749053
1019,45,station_hidden_trees,0,06754000,1.1698562014559786
1019,45,station_hidden_trees,0,06759910,1.0168697227652788
1019,45,station_hidden_trees,0,06765500,1.6831004248073116
1019,45,station_hidden_trees,0,401707105395000,1.4377748156306007
1019,45,station_hidden_trees,0,401723105400000,1.6149486695716644
1019,45,station_hidden_trees,0,401733105392404,0.7813125724891018
1019,45,station_hidden_trees,0,402114105350101,1.2347272309315576
1019,45,unmonitored_integrated,0,06697100,1.1168180689104517
1019,45,unmonitored_integrated,0,06698500,2.6992269867313694
1019,45,unmonitored_integrated,0,06710200,6.666571215428384
1019,45,unmonitored_integrated,0,06710247,4.2398222278297935
1019,45,unmonitored_integrated,0,06713500,1.544450633227273
1019,45,unmonitored_integrated,0,06714000,3.6150479143987706
1019,45,unmonitored_integrated,0,06719505,0.36793494202235794
1019,45,unmonitored_integrated,0,06720500,6.1349957940827125
1019,45,unmonitored_integrated,0,06721500,2.109568575804573
1019,45,unmonitored_integrated,0,06731000,2.41584478742412
1019,45,unmonitored_integrated,0,06734900,2.04254863879309
1019,45,unmonitored_integrated,0,06752000,1.3999376252590063
1019,45,unmonitored_integrated,0,06753400,1.218366929475106
1019,45,unmonitored_integrated,0,06753990,3.9278809531246104
1019,45,unmonitored_integrated,0,06754000,1.675114261190938
1019,45,unmonitored_integrated,0,06759910,0.8658881596041768
1019,45,unmonitored_integrated,0,06765500,1.509135956262225
1019,45,unmonitored_integrated,0,401707105395000,0.5843123245774189
1019,45,unmonitored_integrated,0,401723105400000,0.5522481514494676
1019,45,unmonitored_integrated,0,401733105392404,0.6267910583815943
1019,45,unmonitored_integrated,0,402114105350101,1.9511269054535518
1019,45,unmonitored_residual,0,06697100,1.1168180689104517
1019,45,unmonitored_residual,0,06698500,2.6992269867313694
1019,45,unmonitored_residual,0,06710200,6.666571215428384
1019,45,unmonitored_residual,0,06710247,4.2398222278297935
1019,45,unmonitored_residual,0,06713500,1.544450633227273
1019,45,unmonitored_residual,0,06714000,3.6150479143987706
1019,45,unmonitored_residual,0,06719505,0.36793494202235794
1019,45,unmonitored_residual,0,06720500,6.1349957940827125
1019,45,unmonitored_residual,0,06721500,2.109568575804573
1019,45,unmonitored_residual,0,06731000,2.41584478742412
1019,45,unmonitored_residual,0,06734900,2.04254863879309
1019,45,unmonitored_residual,0,06752000,1.3999376252590063
1019,45,unmonitored_residual,0,06753400,1.218366929475106
1019,45,unmonitored_residual,0,06753990,3.9278809531246104
1019,45,unmonitored_residual,0,06754000,1.675114261190938
1019,45,unmonitored_residual,0,06759910,0.8658881596041768
1019,45,unmonitored_residual,0,06765500,1.509135956262225
1019,45,unmonitored_residual,0,401707105395000,0.5843123245774189
1019,45,unmonitored_residual,0,401723105400000,0.5522481514494676
1019,45,unmonitored_residual,0,401733105392404,0.6267910583815943
1019,45,unmonitored_residual,0,402114105350101,1.9511269054535518
1019,46,attention_fixed_integrated,0,06697100,1.1360808397995537
1019,46,attention_fixed_integrated,0,06698500,2.8097507717979644
1019,46,attention_fixed_integrated,0,06710200,6.591097600719914
1019,46,attention_fixed_integrated,0,06710247,4.41272115176072
1019,46,attention_fixed_integrated,0,06713500,1.4945906134822162
1019,46,attention_fixed_integrated,0,06714000,3.731394482811162
1019,46,attention_fixed_integrated,0,06719505,0.2493240032658724
1019,46,attention_fixed_integrated,0,06720500,5.828103595330936
1019,46,attention_fixed_integrated,0,06721500,1.9146603102980595
1019,46,attention_fixed_integrated,0,06731000,2.436588710530533
1019,46,attention_fixed_integrated,0,06734900,1.976841055458077
1019,46,attention_fixed_integrated,0,06752000,0.9981606378126743
1019,46,attention_fixed_integrated,0,06753400,1.3341085712531966
1019,46,attention_fixed_integrated,0,06753990,3.876963686167787
1019,46,attention_fixed_integrated,0,06754000,1.823722234178743
1019,46,attention_fixed_integrated,0,06759910,0.6756039922500805
1019,46,attention_fixed_integrated,0,06765500,1.45079674860963
1019,46,attention_fixed_integrated,0,401707105395000,1.0747283371394165
1019,46,attention_fixed_integrated,0,401723105400000,0.9928427311424823
1019,46,attention_fixed_integrated,0,401733105392404,0.4636304614008299
1019,46,attention_fixed_integrated,0,402114105350101,1.5373168680013733
1019,46,attention_fixed_native,0,06697100,1.1260189779834981
1019,46,attention_fixed_native,0,06698500,2.715296697495964
1019,46,attention_fixed_native,0,06710200,6.6001714508541625
1019,46,attention_fixed_native,0,06710247,3.8437702716906537
1019,46,attention_fixed_native,0,06713500,1.5575412231896553
1019,46,attention_fixed_native,0,06714000,3.3719162660376685
1019,46,attention_fixed_native,0,06719505,0.40578451733066084
1019,46,attention_fixed_native,0,06720500,5.46710742153171
1019,46,attention_fixed_native,0,06721500,1.6501539689034652
1019,46,attention_fixed_native,0,06731000,2.140037403166599
1019,46,attention_fixed_native,0,06734900,1.6399683304600128
1019,46,attention_fixed_native,0,06752000,0.7697370005087649
1019,46,attention_fixed_native,0,06753400,1.805999271330825
1019,46,attention_fixed_native,0,06753990,3.868692894316411
1019,46,attention_fixed_native,0,06754000,1.5311693726323148
1019,46,attention_fixed_native,0,06759910,0.8838841856714365
1019,46,attention_fixed_native,0,06765500,1.5657096575288454
1019,46,attention_fixed_native,0,401707105395000,1.2443156281151646
1019,46,attention_fixed_native,0,401723105400000,1.195244432970735
1019,46,attention_fixed_native,0,401733105392404,0.5208012657407025
1019,46,attention_fixed_native,0,402114105350101,1.303859063893392
1019,46,attention_historical_integrated,0,06697100,1.1360808397995537
1019,46,attention_historical_integrated,0,06698500,2.8097507717979644
1019,46,attention_historical_integrated,0,06710200,6.591097600719914
1019,46,attention_historical_integrated,0,06710247,4.41272115176072
1019,46,attention_historical_integrated,0,06713500,1.4945906134822162
1019,46,attention_historical_integrated,0,06714000,3.731394482811162
1019,46,attention_historical_integrated,0,06719505,0.2493240032658724
1019,46,attention_historical_integrated,0,06720500,5.828103595330936
1019,46,attention_historical_integrated,0,06721500,1.9146603102980595
1019,46,attention_historical_integrated,0,06731000,2.436588710530533
1019,46,attention_historical_integrated,0,06734900,1.976841055458077
1019,46,attention_historical_integrated,0,06752000,0.9981606378126743
1019,46,attention_historical_integrated,0,06753400,1.3341085712531966
1019,46,attention_historical_integrated,0,06753990,3.876963686167787
1019,46,attention_historical_integrated,0,06754000,1.823722234178743
1019,46,attention_historical_integrated,0,06759910,0.6756039922500805
1019,46,attention_historical_integrated,0,06765500,1.45079674860963
1019,46,attention_historical_integrated,0,401707105395000,1.0747283371394165
1019,46,attention_historical_integrated,0,401723105400000,0.9928427311424823
1019,46,attention_historical_integrated,0,401733105392404,0.4636304614008299
1019,46,attention_historical_integrated,0,402114105350101,1.5373168680013733
1019,46,attention_historical_native,0,06697100,1.125246959891479
1019,46,attention_historical_native,0,06698500,2.7236584959964287
1019,46,attention_historical_native,0,06710200,6.612231704269419
1019,46,attention_historical_native,0,06710247,3.873911306785511
1019,46,attention_historical_native,0,06713500,1.5459109536578524
1019,46,attention_historical_native,0,06714000,3.393961388004752
1019,46,attention_historical_native,0,06719505,0.38184381753967445
1019,46,attention_historical_native,0,06720500,5.497119551279485
1019,46,attention_historical_native,0,06721500,1.6569943693012428
1019,46,attention_historical_native,0,06731000,2.1605813154680598
1019,46,attention_historical_native,0,06734900,1.6465368750042924
1019,46,attention_historical_native,0,06752000,0.7752296186803498
1019,46,attention_historical_native,0,06753400,1.70586484301786
1019,46,attention_historical_native,0,06753990,3.9062270003280344
1019,46,attention_historical_native,0,06754000,1.5473301508544335
1019,46,attention_historical_native,0,06759910,0.8548572704297828
1019,46,attention_historical_native,0,06765500,1.5014839703777958
1019,46,attention_historical_native,0,401707105395000,1.227057622239357
1019,46,attention_historical_native,0,401723105400000,1.165094457128149
1019,46,attention_historical_native,0,401733105392404,0.5171694334520779
1019,46,attention_historical_native,0,402114105350101,1.3242529523522073
1019,46,attention_real_integrated,0,06697100,1.1360808397995537
1019,46,attention_real_integrated,0,06698500,2.8097507717979644
1019,46,attention_real_integrated,0,06710200,6.591097600719914
1019,46,attention_real_integrated,0,06710247,4.41272115176072
1019,46,attention_real_integrated,0,06713500,1.4945906134822162
1019,46,attention_real_integrated,0,06714000,3.731394482811162
1019,46,attention_real_integrated,0,06719505,0.2493240032658724
1019,46,attention_real_integrated,0,06720500,5.828103595330936
1019,46,attention_real_integrated,0,06721500,1.9146603102980595
1019,46,attention_real_integrated,0,06731000,2.436588710530533
1019,46,attention_real_integrated,0,06734900,1.976841055458077
1019,46,attention_real_integrated,0,06752000,0.9981606378126743
1019,46,attention_real_integrated,0,06753400,1.3341085712531966
1019,46,attention_real_integrated,0,06753990,3.876963686167787
1019,46,attention_real_integrated,0,06754000,1.823722234178743
1019,46,attention_real_integrated,0,06759910,0.6756039922500805
1019,46,attention_real_integrated,0,06765500,1.45079674860963
1019,46,attention_real_integrated,0,401707105395000,1.0747283371394165
1019,46,attention_real_integrated,0,401723105400000,0.9928427311424823
1019,46,attention_real_integrated,0,401733105392404,0.4636304614008299
1019,46,attention_real_integrated,0,402114105350101,1.5373168680013733
1019,46,attention_real_native,0,06697100,1.1258863048561876
1019,46,attention_real_native,0,06698500,2.7168574626371416
1019,46,attention_real_native,0,06710200,6.60147933096427
1019,46,attention_real_native,0,06710247,3.8483449102990974
1019,46,attention_real_native,0,06713500,1.556487250518417
1019,46,attention_real_native,0,06714000,3.374255457069331
1019,46,attention_real_native,0,06719505,0.4051674673911158
1019,46,attention_real_native,0,06720500,5.470272902611613
1019,46,attention_real_native,0,06721500,1.651677080850346
1019,46,attention_real_native,0,06731000,2.14247451738547
1019,46,attention_real_native,0,06734900,1.641640454018832
1019,46,attention_real_native,0,06752000,0.7717993527545027
1019,46,attention_real_native,0,06753400,1.801725638341775
1019,46,attention_real_native,0,06753990,3.866601694188509
1019,46,attention_real_native,0,06754000,1.5327024736437072
1019,46,attention_real_native,0,06759910,0.8823273363004155
1019,46,attention_real_native,0,06765500,1.5624277374082116
1019,46,attention_real_native,0,401707105395000,1.2430381960975632
1019,46,attention_real_native,0,401723105400000,1.192241627615661
1019,46,attention_real_native,0,401733105392404,0.5191527456637104
1019,46,attention_real_native,0,402114105350101,1.3053919057359886
1019,46,current_model,0,06697100,1.0649743647560665
1019,46,current_model,0,06698500,2.896748399049843
1019,46,current_model,0,06710200,6.3423008141555695
1019,46,current_model,0,06710247,4.891434592272689
1019,46,current_model,0,06713500,1.4715769372291179
1019,46,current_model,0,06714000,3.940568544694845
1019,46,current_model,0,06719505,0.40179548425812234
1019,46,current_model,0,06720500,6.18027236089021
1019,46,current_model,0,06721500,2.0927714129902357
1019,46,current_model,0,06731000,2.496097511163954
1019,46,current_model,0,06734900,2.0150793563266456
1019,46,current_model,0,06752000,1.3407325321457229
1019,46,current_model,0,06753400,1.652243922981007
1019,46,current_model,0,06753990,3.4875165479183194
1019,46,current_model,0,06754000,1.9025035416074554
1019,46,current_model,0,06759910,0.6025775253776353
1019,46,current_model,0,06765500,1.546996990867302
1019,46,current_model,0,401707105395000,1.0501374165267345
1019,46,current_model,0,401723105400000,0.7110188784341093
1019,46,current_model,0,401733105392404,0.503863794880377
1019,46,current_model,0,402114105350101,2.0817016665984136
1019,46,innovation_real_integrated,0,06697100,1.1360808397995537
1019,46,innovation_real_integrated,0,06698500,2.8097507717979644
1019,46,innovation_real_integrated,0,06710200,6.591097600719914
1019,46,innovation_real_integrated,0,06710247,4.41272115176072
1019,46,innovation_real_integrated,0,06713500,1.4945906134822162
1019,46,innovation_real_integrated,0,06714000,3.731394482811162
1019,46,innovation_real_integrated,0,06719505,0.2493240032658724
1019,46,innovation_real_integrated,0,06720500,5.828103595330936
1019,46,innovation_real_integrated,0,06721500,1.9146603102980595
1019,46,innovation_real_integrated,0,06731000,2.436588710530533
1019,46,innovation_real_integrated,0,06734900,1.976841055458077
1019,46,innovation_real_integrated,0,06752000,0.9981606378126743
1019,46,innovation_real_integrated,0,06753400,1.3341085712531966
1019,46,innovation_real_integrated,0,06753990,3.876963686167787
1019,46,innovation_real_integrated,0,06754000,1.823722234178743
1019,46,innovation_real_integrated,0,06759910,0.6756039922500805
1019,46,innovation_real_integrated,0,06765500,1.45079674860963
1019,46,innovation_real_integrated,0,401707105395000,1.0747283371394165
1019,46,innovation_real_integrated,0,401723105400000,0.9928427311424823
1019,46,innovation_real_integrated,0,401733105392404,0.4636304614008299
1019,46,innovation_real_integrated,0,402114105350101,1.5373168680013733
1019,46,innovation_real_native,0,06697100,1.1257411590312103
1019,46,innovation_real_native,0,06698500,2.7173613928560143
1019,46,innovation_real_native,0,06710200,6.604352882530423
1019,46,innovation_real_native,0,06710247,3.855053135717379
1019,46,innovation_real_native,0,06713500,1.5545997366604771
1019,46,innovation_real_native,0,06714000,3.3815304845091245
1019,46,innovation_real_native,0,06719505,0.3951469441393428
1019,46,innovation_real_native,0,06720500,5.477279632863957
1019,46,innovation_real_native,0,06721500,1.6540370150015187
1019,46,innovation_real_native,0,06731000,2.1497338195992577
1019,46,innovation_real_native,0,06734900,1.6434782999105462
1019,46,innovation_real_native,0,06752000,0.772405925973432
1019,46,innovation_real_native,0,06753400,1.7882472670628906
1019,46,innovation_real_native,0,06753990,3.869779468093229
1019,46,innovation_real_native,0,06754000,1.5377608735360921
1019,46,innovation_real_native,0,06759910,0.8747647962479569
1019,46,innovation_real_native,0,06765500,1.5541145839552972
1019,46,innovation_real_native,0,401707105395000,1.2364447492628339
1019,46,innovation_real_native,0,401723105400000,1.1826908566989704
1019,46,innovation_real_native,0,401733105392404,0.5190626308577603
1019,46,innovation_real_native,0,402114105350101,1.312467472173541
1019,46,innovation_real_trees,0,06697100,1.2294305145688667
1019,46,innovation_real_trees,0,06698500,2.7929146129740845
1019,46,innovation_real_trees,0,06710200,6.5938607667328615
1019,46,innovation_real_trees,0,06710247,3.7563091399493436
1019,46,innovation_real_trees,0,06713500,1.5239796875313367
1019,46,innovation_real_trees,0,06714000,3.0908765850863493
1019,46,innovation_real_trees,0,06719505,0.8400406439749599
1019,46,innovation_real_trees,0,06720500,5.355790520638317
1019,46,innovation_real_trees,0,06721500,1.2777369060130137
1019,46,innovation_real_trees,0,06731000,1.707018966633128
1019,46,innovation_real_trees,0,06734900,1.3068577188590618
1019,46,innovation_real_trees,0,06752000,0.8465247841983741
1019,46,innovation_real_trees,0,06753400,1.7305893960560943
1019,46,innovation_real_trees,0,06753990,3.717206874424043
1019,46,innovation_real_trees,0,06754000,1.245504275071125
1019,46,innovation_real_trees,0,06759910,0.8459713529261311
1019,46,innovation_real_trees,0,06765500,1.7437675456560056
1019,46,innovation_real_trees,0,401707105395000,1.6029712445186184
1019,46,innovation_real_trees,0,401723105400000,1.8098734180826206
1019,46,innovation_real_trees,0,401733105392404,0.8451927044623581
1019,46,innovation_real_trees,0,402114105350101,1.2275410804507656
1019,46,level_fixed_integrated,0,06697100,1.1360808397995537
1019,46,level_fixed_integrated,0,06698500,2.8097507717979644
1019,46,level_fixed_integrated,0,06710200,6.591097600719914
1019,46,level_fixed_integrated,0,06710247,4.41272115176072
1019,46,level_fixed_integrated,0,06713500,1.4945906134822162
1019,46,level_fixed_integrated,0,06714000,3.731394482811162
1019,46,level_fixed_integrated,0,06719505,0.2493240032658724
1019,46,level_fixed_integrated,0,06720500,5.828103595330936
1019,46,level_fixed_integrated,0,06721500,1.9146603102980595
1019,46,level_fixed_integrated,0,06731000,2.436588710530533
1019,46,level_fixed_integrated,0,06734900,1.976841055458077
1019,46,level_fixed_integrated,0,06752000,0.9981606378126743
1019,46,level_fixed_integrated,0,06753400,1.3341085712531966
1019,46,level_fixed_integrated,0,06753990,3.876963686167787
1019,46,level_fixed_integrated,0,06754000,1.823722234178743
1019,46,level_fixed_integrated,0,06759910,0.6756039922500805
1019,46,level_fixed_integrated,0,06765500,1.45079674860963
1019,46,level_fixed_integrated,0,401707105395000,1.0747283371394165
1019,46,level_fixed_integrated,0,401723105400000,0.9928427311424823
1019,46,level_fixed_integrated,0,401733105392404,0.4636304614008299
1019,46,level_fixed_integrated,0,402114105350101,1.5373168680013733
1019,46,level_fixed_native,0,06697100,1.1265964362970315
1019,46,level_fixed_native,0,06698500,2.7147162984205297
1019,46,level_fixed_native,0,06710200,6.606517605043831
1019,46,level_fixed_native,0,06710247,3.8663119414202183
1019,46,level_fixed_native,0,06713500,1.5529241795981548
1019,46,level_fixed_native,0,06714000,3.3845327204140543
1019,46,level_fixed_native,0,06719505,0.4030168595980056
1019,46,level_fixed_native,0,06720500,5.47856414322685
1019,46,level_fixed_native,0,06721500,1.6518524004623723
1019,46,level_fixed_native,0,06731000,2.1443103754622808
1019,46,level_fixed_native,0,06734900,1.6442738580055245
1019,46,level_fixed_native,0,06752000,0.7695385275110133
1019,46,level_fixed_native,0,06753400,1.8000475071075877
1019,46,level_fixed_native,0,06753990,3.8705219562495823
1019,46,level_fixed_native,0,06754000,1.5425710130420345
1019,46,level_fixed_native,0,06759910,0.8762617603201446
1019,46,level_fixed_native,0,06765500,1.5541120181294896
1019,46,level_fixed_native,0,401707105395000,1.2401751687702274
1019,46,level_fixed_native,0,401723105400000,1.1914774922283928
1019,46,level_fixed_native,0,401733105392404,0.5201534921500875
1019,46,level_fixed_native,0,402114105350101,1.306919985102681
1019,46,level_historical_integrated,0,06697100,1.1360808397995537
1019,46,level_historical_integrated,0,06698500,2.8097507717979644
1019,46,level_historical_integrated,0,06710200,6.591097600719914
1019,46,level_historical_integrated,0,06710247,4.41272115176072
1019,46,level_historical_integrated,0,06713500,1.4945906134822162
1019,46,level_historical_integrated,0,06714000,3.731394482811162
1019,46,level_historical_integrated,0,06719505,0.2493240032658724
1019,46,level_historical_integrated,0,06720500,5.828103595330936
1019,46,level_historical_integrated,0,06721500,1.9146603102980595
1019,46,level_historical_integrated,0,06731000,2.436588710530533
1019,46,level_historical_integrated,0,06734900,1.976841055458077
1019,46,level_historical_integrated,0,06752000,0.9981606378126743
1019,46,level_historical_integrated,0,06753400,1.3341085712531966
1019,46,level_historical_integrated,0,06753990,3.876963686167787
1019,46,level_historical_integrated,0,06754000,1.823722234178743
1019,46,level_historical_integrated,0,06759910,0.6756039922500805
1019,46,level_historical_integrated,0,06765500,1.45079674860963
1019,46,level_historical_integrated,0,401707105395000,1.0747283371394165
1019,46,level_historical_integrated,0,401723105400000,0.9928427311424823
1019,46,level_historical_integrated,0,401733105392404,0.4636304614008299
1019,46,level_historical_integrated,0,402114105350101,1.5373168680013733
1019,46,level_historical_native,0,06697100,1.125448227746987
1019,46,level_historical_native,0,06698500,2.7219333214321813
1019,46,level_historical_native,0,06710200,6.61072348875727
1019,46,level_historical_native,0,06710247,3.8714585497090175
1019,46,level_historical_native,0,06713500,1.547252447231523
1019,46,level_historical_native,0,06714000,3.39251462428157
1019,46,level_historical_native,0,06719505,0.3828714129640889
1019,46,level_historical_native,0,06720500,5.495200167007049
1019,46,level_historical_native,0,06721500,1.6549086072028112
1019,46,level_historical_native,0,06731000,2.1580689993106392
1019,46,level_historical_native,0,06734900,1.6451984070710548
1019,46,level_historical_native,0,06752000,0.7728532575404603
1019,46,level_historical_native,0,06753400,1.707511186851412
1019,46,level_historical_native,0,06753990,3.909202245275285
1019,46,level_historical_native,0,06754000,1.54729080748393
1019,46,level_historical_native,0,06759910,0.8586270349667745
1019,46,level_historical_native,0,06765500,1.5042081094618718
1019,46,level_historical_native,0,401707105395000,1.2295433867818082
1019,46,level_historical_native,0,401723105400000,1.1696335832522786
1019,46,level_historical_native,0,401733105392404,0.519066628195207
1019,46,level_historical_native,0,402114105350101,1.3224118917955328
1019,46,level_real_integrated,0,06697100,1.2122502929177728
1019,46,level_real_integrated,0,06698500,2.5562406910609097
1019,46,level_real_integrated,0,06710200,6.569147489618393
1019,46,level_real_integrated,0,06710247,4.798493231105843
1019,46,level_real_integrated,0,06713500,1.553675286551523
1019,46,level_real_integrated,0,06714000,4.084357004656965
1019,46,level_real_integrated,0,06719505,0.48104454817577863
1019,46,level_real_integrated,0,06720500,6.031722923520656
1019,46,level_real_integrated,0,06721500,2.2587746390413646
1019,46,level_real_integrated,0,06731000,2.8443558257423907
1019,46,level_real_integrated,0,06734900,2.2809933241925844
1019,46,level_real_integrated,0,06752000,0.9628793473988023
1019,46,level_real_integrated,0,06753400,1.3169231043618892
1019,46,level_real_integrated,0,06753990,4.391634613954468
1019,46,level_real_integrated,0,06754000,2.0277927347767384
1019,46,level_real_integrated,0,06759910,0.9915795177453579
1019,46,level_real_integrated,0,06765500,1.8669093690126923
1019,46,level_real_integrated,0,401707105395000,0.42108483005953906
1019,46,level_real_integrated,0,401723105400000,0.5154008138581795
1019,46,level_real_integrated,0,401733105392404,1.2096895717860072
1019,46,level_real_integrated,0,402114105350101,2.320330466754039
1019,46,level_real_native,0,06697100,1.2122502929177728
1019,46,level_real_native,0,06698500,2.5562406910609097
1019,46,level_real_native,0,06710200,6.569147489618393
1019,46,level_real_native,0,06710247,4.798493231105843
1019,46,level_real_native,0,06713500,1.553675286551523
1019,46,level_real_native,0,06714000,4.084357004656965
1019,46,level_real_native,0,06719505,0.48104454817577863
1019,46,level_real_native,0,06720500,6.031722923520656
1019,46,level_real_native,0,06721500,2.2587746390413646
1019,46,level_real_native,0,06731000,2.8443558257423907
1019,46,level_real_native,0,06734900,2.2809933241925844
1019,46,level_real_native,0,06752000,0.9628793473988023
1019,46,level_real_native,0,06753400,1.3169231043618892
1019,46,level_real_native,0,06753990,4.391634613954468
1019,46,level_real_native,0,06754000,2.0277927347767384
1019,46,level_real_native,0,06759910,0.9915795177453579
1019,46,level_real_native,0,06765500,1.8669093690126923
1019,46,level_real_native,0,401707105395000,0.42108483005953906
1019,46,level_real_native,0,401723105400000,0.5154008138581795
1019,46,level_real_native,0,401733105392404,1.2096895717860072
1019,46,level_real_native,0,402114105350101,2.320330466754039
1019,46,level_seasonal_integrated,0,06697100,1.1360808397995537
1019,46,level_seasonal_integrated,0,06698500,2.8097507717979644
1019,46,level_seasonal_integrated,0,06710200,6.591097600719914
1019,46,level_seasonal_integrated,0,06710247,4.41272115176072
1019,46,level_seasonal_integrated,0,06713500,1.4945906134822162
1019,46,level_seasonal_integrated,0,06714000,3.731394482811162
1019,46,level_seasonal_integrated,0,06719505,0.2493240032658724
1019,46,level_seasonal_integrated,0,06720500,5.828103595330936
1019,46,level_seasonal_integrated,0,06721500,1.9146603102980595
1019,46,level_seasonal_integrated,0,06731000,2.436588710530533
1019,46,level_seasonal_integrated,0,06734900,1.976841055458077
1019,46,level_seasonal_integrated,0,06752000,0.9981606378126743
1019,46,level_seasonal_integrated,0,06753400,1.3341085712531966
1019,46,level_seasonal_integrated,0,06753990,3.876963686167787
1019,46,level_seasonal_integrated,0,06754000,1.823722234178743
1019,46,level_seasonal_integrated,0,06759910,0.6756039922500805
1019,46,level_seasonal_integrated,0,06765500,1.45079674860963
1019,46,level_seasonal_integrated,0,401707105395000,1.0747283371394165
1019,46,level_seasonal_integrated,0,401723105400000,0.9928427311424823
1019,46,level_seasonal_integrated,0,401733105392404,0.4636304614008299
1019,46,level_seasonal_integrated,0,402114105350101,1.5373168680013733
1019,46,level_seasonal_native,0,06697100,1.128859897989024
1019,46,level_seasonal_native,0,06698500,2.7092419071602123
1019,46,level_seasonal_native,0,06710200,6.603286018155399
1019,46,level_seasonal_native,0,06710247,3.872885330305393
1019,46,level_seasonal_native,0,06713500,1.552680976013264
1019,46,level_seasonal_native,0,06714000,3.390701908489415
1019,46,level_seasonal_native,0,06719505,0.4010653635133032
1019,46,level_seasonal_native,0,06720500,5.483596644959116
1019,46,level_seasonal_native,0,06721500,1.6531124147132468
1019,46,level_seasonal_native,0,06731000,2.144195532585489
1019,46,level_seasonal_native,0,06734900,1.6478412993721374
1019,46,level_seasonal_native,0,06752000,0.769715044161579
1019,46,level_seasonal_native,0,06753400,1.8006142695856069
1019,46,level_seasonal_native,0,06753990,3.872792293931622
1019,46,level_seasonal_native,0,06754000,1.5478359631234933
1019,46,level_seasonal_native,0,06759910,0.8816859116724409
1019,46,level_seasonal_native,0,06765500,1.5517243572849169
1019,46,level_seasonal_native,0,401707105395000,1.235867339983946
1019,46,level_seasonal_native,0,401723105400000,1.1881531809565138
1019,46,level_seasonal_native,0,401733105392404,0.5201411788689946
1019,46,level_seasonal_native,0,402114105350101,1.309185127665524
1019,46,matched_daily_trees,0,06697100,1.2363302664395819
1019,46,matched_daily_trees,0,06698500,2.8521170121076316
1019,46,matched_daily_trees,0,06710200,6.819909354253198
1019,46,matched_daily_trees,0,06710247,3.856507167381117
1019,46,matched_daily_trees,0,06713500,1.2944727463098038
1019,46,matched_daily_trees,0,06714000,3.134651352523432
1019,46,matched_daily_trees,0,06719505,0.8034489161490848
1019,46,matched_daily_trees,0,06720500,5.308307547154513
1019,46,matched_daily_trees,0,06721500,1.188022096985787
1019,46,matched_daily_trees,0,06731000,1.8138388670572325
1019,46,matched_daily_trees,0,06734900,1.1201113269237004
1019,46,matched_daily_trees,0,06752000,0.9027631181366133
1019,46,matched_daily_trees,0,06753400,1.6384945527658201
1019,46,matched_daily_trees,0,06753990,3.596987473056655
1019,46,matched_daily_trees,0,06754000,1.2782083154378157
1019,46,matched_daily_trees,0,06759910,1.0376896901036343
1019,46,matched_daily_trees,0,06765500,1.603062089002999
1019,46,matched_daily_trees,0,401707105395000,1.6543771421929023
1019,46,matched_daily_trees,0,401723105400000,1.6602062210102302
1019,46,matched_daily_trees,0,401733105392404,0.8936533297677488
1019,46,matched_daily_trees,0,402114105350101,1.3243196358249263
1019,46,relative_fixed_integrated,0,06697100,1.1360808397995537
1019,46,relative_fixed_integrated,0,06698500,2.8097507717979644
1019,46,relative_fixed_integrated,0,06710200,6.591097600719914
1019,46,relative_fixed_integrated,0,06710247,4.41272115176072
1019,46,relative_fixed_integrated,0,06713500,1.4945906134822162
1019,46,relative_fixed_integrated,0,06714000,3.731394482811162
1019,46,relative_fixed_integrated,0,06719505,0.2493240032658724
1019,46,relative_fixed_integrated,0,06720500,5.828103595330936
1019,46,relative_fixed_integrated,0,06721500,1.9146603102980595
1019,46,relative_fixed_integrated,0,06731000,2.436588710530533
1019,46,relative_fixed_integrated,0,06734900,1.976841055458077
1019,46,relative_fixed_integrated,0,06752000,0.9981606378126743
1019,46,relative_fixed_integrated,0,06753400,1.3341085712531966
1019,46,relative_fixed_integrated,0,06753990,3.876963686167787
1019,46,relative_fixed_integrated,0,06754000,1.823722234178743
1019,46,relative_fixed_integrated,0,06759910,0.6756039922500805
1019,46,relative_fixed_integrated,0,06765500,1.45079674860963
1019,46,relative_fixed_integrated,0,401707105395000,1.0747283371394165
1019,46,relative_fixed_integrated,0,401723105400000,0.9928427311424823
1019,46,relative_fixed_integrated,0,401733105392404,0.4636304614008299
1019,46,relative_fixed_integrated,0,402114105350101,1.5373168680013733
1019,46,relative_fixed_native,0,06697100,1.125961755821524
1019,46,relative_fixed_native,0,06698500,2.7172036840216895
1019,46,relative_fixed_native,0,06710200,6.602987867154065
1019,46,relative_fixed_native,0,06710247,3.8518780943784177
1019,46,relative_fixed_native,0,06713500,1.5551531014985964
1019,46,relative_fixed_native,0,06714000,3.378019896462599
1019,46,relative_fixed_native,0,06719505,0.4003474464093405
1019,46,relative_fixed_native,0,06720500,5.4730587499177314
1019,46,relative_fixed_native,0,06721500,1.6516214566782546
1019,46,relative_fixed_native,0,06731000,2.14615764124722
1019,46,relative_fixed_native,0,06734900,1.6408067470885523
1019,46,relative_fixed_native,0,06752000,0.7721487839568322
1019,46,relative_fixed_native,0,06753400,1.7951830306655372
1019,46,relative_fixed_native,0,06753990,3.868051821038747
1019,46,relative_fixed_native,0,06754000,1.5345860893717573
1019,46,relative_fixed_native,0,06759910,0.8737381843330987
1019,46,relative_fixed_native,0,06765500,1.5545004465698713
1019,46,relative_fixed_native,0,401707105395000,1.2401568184487144
1019,46,relative_fixed_native,0,401723105400000,1.1873922445467096
1019,46,relative_fixed_native,0,401733105392404,0.5194532155977556
1019,46,relative_fixed_native,0,402114105350101,1.3089717504036362
1019,46,relative_historical_integrated,0,06697100,1.1360808397995537
1019,46,relative_historical_integrated,0,06698500,2.8097507717979644
1019,46,relative_historical_integrated,0,06710200,6.591097600719914
1019,46,relative_historical_integrated,0,06710247,4.41272115176072
1019,46,relative_historical_integrated,0,06713500,1.4945906134822162
1019,46,relative_historical_integrated,0,06714000,3.731394482811162
1019,46,relative_historical_integrated,0,06719505,0.2493240032658724
1019,46,relative_historical_integrated,0,06720500,5.828103595330936
1019,46,relative_historical_integrated,0,06721500,1.9146603102980595
1019,46,relative_historical_integrated,0,06731000,2.436588710530533
1019,46,relative_historical_integrated,0,06734900,1.976841055458077
1019,46,relative_historical_integrated,0,06752000,0.9981606378126743
1019,46,relative_historical_integrated,0,06753400,1.3341085712531966
1019,46,relative_historical_integrated,0,06753990,3.876963686167787
1019,46,relative_historical_integrated,0,06754000,1.823722234178743
1019,46,relative_historical_integrated,0,06759910,0.6756039922500805
1019,46,relative_historical_integrated,0,06765500,1.45079674860963
1019,46,relative_historical_integrated,0,401707105395000,1.0747283371394165
1019,46,relative_historical_integrated,0,401723105400000,0.9928427311424823
1019,46,relative_historical_integrated,0,401733105392404,0.4636304614008299
1019,46,relative_historical_integrated,0,402114105350101,1.5373168680013733
1019,46,relative_historical_native,0,06697100,1.1252975165511774
1019,46,relative_historical_native,0,06698500,2.722369787220282
1019,46,relative_historical_native,0,06710200,6.613152021684567
1019,46,relative_historical_native,0,06710247,3.8711698746354832
1019,46,relative_historical_native,0,06713500,1.5459961250410887
1019,46,relative_historical_native,0,06714000,3.3932323888679616
1019,46,relative_historical_native,0,06719505,0.38140420896971094
1019,46,relative_historical_native,0,06720500,5.495955992269964
1019,46,relative_historical_native,0,06721500,1.6562341884255838
1019,46,relative_historical_native,0,06731000,2.1599656378580203
1019,46,relative_historical_native,0,06734900,1.6460888529665478
1019,46,relative_historical_native,0,06752000,0.7738342925083802
1019,46,relative_historical_native,0,06753400,1.7032916841393135
1019,46,relative_historical_native,0,06753990,3.9103255908949146
1019,46,relative_historical_native,0,06754000,1.547580514275453
1019,46,relative_historical_native,0,06759910,0.8558720050326265
1019,46,relative_historical_native,0,06765500,1.5023328430291096
1019,46,relative_historical_native,0,401707105395000,1.22747536603455
1019,46,relative_historical_native,0,401723105400000,1.1669405613584107
1019,46,relative_historical_native,0,401733105392404,0.5183734280231748
1019,46,relative_historical_native,0,402114105350101,1.3236917278703477
1019,46,relative_real_integrated,0,06697100,1.1360808397995537
1019,46,relative_real_integrated,0,06698500,2.8097507717979644
1019,46,relative_real_integrated,0,06710200,6.591097600719914
1019,46,relative_real_integrated,0,06710247,4.41272115176072
1019,46,relative_real_integrated,0,06713500,1.4945906134822162
1019,46,relative_real_integrated,0,06714000,3.731394482811162
1019,46,relative_real_integrated,0,06719505,0.2493240032658724
1019,46,relative_real_integrated,0,06720500,5.828103595330936
1019,46,relative_real_integrated,0,06721500,1.9146603102980595
1019,46,relative_real_integrated,0,06731000,2.436588710530533
1019,46,relative_real_integrated,0,06734900,1.976841055458077
1019,46,relative_real_integrated,0,06752000,0.9981606378126743
1019,46,relative_real_integrated,0,06753400,1.3341085712531966
1019,46,relative_real_integrated,0,06753990,3.876963686167787
1019,46,relative_real_integrated,0,06754000,1.823722234178743
1019,46,relative_real_integrated,0,06759910,0.6756039922500805
1019,46,relative_real_integrated,0,06765500,1.45079674860963
1019,46,relative_real_integrated,0,401707105395000,1.0747283371394165
1019,46,relative_real_integrated,0,401723105400000,0.9928427311424823
1019,46,relative_real_integrated,0,401733105392404,0.4636304614008299
1019,46,relative_real_integrated,0,402114105350101,1.5373168680013733
1019,46,relative_real_native,0,06697100,1.125868925844761
1019,46,relative_real_native,0,06698500,2.7163667646494094
1019,46,relative_real_native,0,06710200,6.602832883948343
1019,46,relative_real_native,0,06710247,3.851627520675995
1019,46,relative_real_native,0,06713500,1.5554189603366884
1019,46,relative_real_native,0,06714000,3.3776037497955715
1019,46,relative_real_native,0,06719505,0.40251008992494175
1019,46,relative_real_native,0,06720500,5.472430054975909
1019,46,relative_real_native,0,06721500,1.6521431714773607
1019,46,relative_real_native,0,06731000,2.1456984923882354
1019,46,relative_real_native,0,06734900,1.6412277319006332
1019,46,relative_real_native,0,06752000,0.772333622584779
1019,46,relative_real_native,0,06753400,1.804302674137099
1019,46,relative_real_native,0,06753990,3.8708117315784567
1019,46,relative_real_native,0,06754000,1.534509881224054
1019,46,relative_real_native,0,06759910,0.8760502108008938
1019,46,relative_real_native,0,06765500,1.557412818920564
1019,46,relative_real_native,0,401707105395000,1.2405665626128328
1019,46,relative_real_native,0,401723105400000,1.1882968526441797
1019,46,relative_real_native,0,401733105392404,0.5187023483503705
1019,46,relative_real_native,0,402114105350101,1.307798566213252
1019,46,station_hidden_trees,0,06697100,1.2165414193058974
1019,46,station_hidden_trees,0,06698500,2.7960939898324306
1019,46,station_hidden_trees,0,06710200,6.622444411951932
1019,46,station_hidden_trees,0,06710247,3.7275347146783937
1019,46,station_hidden_trees,0,06713500,1.4767573322361474
1019,46,station_hidden_trees,0,06714000,3.1157246583570197
1019,46,station_hidden_trees,0,06719505,0.8443226684494367
1019,46,station_hidden_trees,0,06720500,5.231560694898049
1019,46,station_hidden_trees,0,06721500,1.2317127697830543
1019,46,station_hidden_trees,0,06731000,1.8607998462123738
1019,46,station_hidden_trees,0,06734900,1.2521342988115953
1019,46,station_hidden_trees,0,06752000,0.8835121954241629
1019,46,station_hidden_trees,0,06753400,1.8011779855373042
1019,46,station_hidden_trees,0,06753990,3.7430417399117015
1019,46,station_hidden_trees,0,06754000,1.2591056141694494
1019,46,station_hidden_trees,0,06759910,0.8856582443040819
1019,46,station_hidden_trees,0,06765500,1.6207125895301313
1019,46,station_hidden_trees,0,401707105395000,1.7141792041278734
1019,46,station_hidden_trees,0,401723105400000,1.7076613376182772
1019,46,station_hidden_trees,0,401733105392404,0.8286848803998349
1019,46,station_hidden_trees,0,402114105350101,1.2280098595445232
1019,46,unmonitored_integrated,0,06697100,1.1360808397995537
1019,46,unmonitored_integrated,0,06698500,2.8097507717979644
1019,46,unmonitored_integrated,0,06710200,6.591097600719914
1019,46,unmonitored_integrated,0,06710247,4.41272115176072
1019,46,unmonitored_integrated,0,06713500,1.4945906134822162
1019,46,unmonitored_integrated,0,06714000,3.731394482811162
1019,46,unmonitored_integrated,0,06719505,0.2493240032658724
1019,46,unmonitored_integrated,0,06720500,5.828103595330936
1019,46,unmonitored_integrated,0,06721500,1.9146603102980595
1019,46,unmonitored_integrated,0,06731000,2.436588710530533
1019,46,unmonitored_integrated,0,06734900,1.976841055458077
1019,46,unmonitored_integrated,0,06752000,0.9981606378126743
1019,46,unmonitored_integrated,0,06753400,1.3341085712531966
1019,46,unmonitored_integrated,0,06753990,3.876963686167787
1019,46,unmonitored_integrated,0,06754000,1.823722234178743
1019,46,unmonitored_integrated,0,06759910,0.6756039922500805
1019,46,unmonitored_integrated,0,06765500,1.45079674860963
1019,46,unmonitored_integrated,0,401707105395000,1.0747283371394165
1019,46,unmonitored_integrated,0,401723105400000,0.9928427311424823
1019,46,unmonitored_integrated,0,401733105392404,0.4636304614008299
1019,46,unmonitored_integrated,0,402114105350101,1.5373168680013733
1019,46,unmonitored_residual,0,06697100,1.125062769618194
1019,46,unmonitored_residual,0,06698500,2.72171034526791
1019,46,unmonitored_residual,0,06710200,6.609780814291793
1019,46,unmonitored_residual,0,06710247,3.8670808826694176
1019,46,unmonitored_residual,0,06713500,1.551830312581921
1019,46,unmonitored_residual,0,06714000,3.3893633978647215
1019,46,unmonitored_residual,0,06719505,0.3836613576567643
1019,46,unmonitored_residual,0,06720500,5.493285784512678
1019,46,unmonitored_residual,0,06721500,1.666667913506968
1019,46,unmonitored_residual,0,06731000,2.1566066360451845
1019,46,unmonitored_residual,0,06734900,1.6584501829467424
1019,46,unmonitored_residual,0,06752000,0.772426659911567
1019,46,unmonitored_residual,0,06753400,1.7319730947233392
1019,46,unmonitored_residual,0,06753990,3.8882495412379376
1019,46,unmonitored_residual,0,06754000,1.5445946604306402
1019,46,unmonitored_residual,0,06759910,0.854835460015358
1019,46,unmonitored_residual,0,06765500,1.4963756365824337
1019,46,unmonitored_residual,0,401707105395000,1.2231639263530385
1019,46,unmonitored_residual,0,401723105400000,1.16898004645257
1019,46,unmonitored_residual,0,401733105392404,0.5168524203291357
1019,46,unmonitored_residual,0,402114105350101,1.3208825142698695
1030,42,attention_fixed_integrated,0,06893150,1.0088671653479824
1030,42,attention_fixed_integrated,0,06893350,1.4323986361103676
1030,42,attention_fixed_integrated,0,06893390,2.0885207903832814
1030,42,attention_fixed_integrated,0,06893400,3.1506173401506143
1030,42,attention_fixed_integrated,0,06893500,1.9763435145169486
1030,42,attention_fixed_integrated,0,06893557,1.7623518912423566
1030,42,attention_fixed_integrated,0,06893562,2.2445178383533504
1030,42,attention_fixed_integrated,0,06893563,2.292194497976095
1030,42,attention_fixed_integrated,0,06893564,4.546679422404424
1030,42,attention_fixed_integrated,0,06893578,1.0035051209465342
1030,42,attention_fixed_integrated,0,06893620,1.3748025922193736
1030,42,attention_fixed_integrated,0,06893820,0.7881165427387993
1030,42,attention_fixed_integrated,0,06893830,0.868794500677203
1030,42,attention_fixed_integrated,0,06893890,0.6288174747243217
1030,42,attention_fixed_integrated,0,06893940,1.1417853115605212
1030,42,attention_fixed_integrated,0,06893970,0.9901915309875896
1030,42,attention_fixed_integrated,0,06893990,0.8989787935109628
1030,42,attention_fixed_integrated,0,06894000,0.8855642996413674
1030,42,attention_fixed_integrated,0,06934500,0.798378727417842
1030,42,attention_fixed_native,0,06893150,1.0088671653479824
1030,42,attention_fixed_native,0,06893350,1.4323986361103676
1030,42,attention_fixed_native,0,06893390,2.0885207903832814
1030,42,attention_fixed_native,0,06893400,3.1506173401506143
1030,42,attention_fixed_native,0,06893500,1.9763435145169486
1030,42,attention_fixed_native,0,06893557,1.7623518912423566
1030,42,attention_fixed_native,0,06893562,2.2445178383533504
1030,42,attention_fixed_native,0,06893563,2.292194497976095
1030,42,attention_fixed_native,0,06893564,4.546679422404424
1030,42,attention_fixed_native,0,06893578,1.0035051209465342
1030,42,attention_fixed_native,0,06893620,1.3748025922193736
1030,42,attention_fixed_native,0,06893820,0.7881165427387993
1030,42,attention_fixed_native,0,06893830,0.868794500677203
1030,42,attention_fixed_native,0,06893890,0.6288174747243217
1030,42,attention_fixed_native,0,06893940,1.1417853115605212
1030,42,attention_fixed_native,0,06893970,0.9901915309875896
1030,42,attention_fixed_native,0,06893990,0.8989787935109628
1030,42,attention_fixed_native,0,06894000,0.8855642996413674
1030,42,attention_fixed_native,0,06934500,0.798378727417842
1030,42,attention_historical_integrated,0,06893150,1.0111448808610688
1030,42,attention_historical_integrated,0,06893350,1.4146051678970013
1030,42,attention_historical_integrated,0,06893390,2.110112875106806
1030,42,attention_historical_integrated,0,06893400,3.192632259165055
1030,42,attention_historical_integrated,0,06893500,1.9977970626964114
1030,42,attention_historical_integrated,0,06893557,1.7756438641027463
1030,42,attention_historical_integrated,0,06893562,2.291316726709478
1030,42,attention_historical_integrated,0,06893563,2.306586420009845
1030,42,attention_historical_integrated,0,06893564,4.596812958974198
1030,42,attention_historical_integrated,0,06893578,1.0200329277947033
1030,42,attention_historical_integrated,0,06893620,1.3752934191706445
1030,42,attention_historical_integrated,0,06893820,0.7987907362194254
1030,42,attention_historical_integrated,0,06893830,0.8790224907962003
1030,42,attention_historical_integrated,0,06893890,0.6388208350311699
1030,42,attention_historical_integrated,0,06893940,1.133640151622252
1030,42,attention_historical_integrated,0,06893970,0.9997615333373118
1030,42,attention_historical_integrated,0,06893990,0.896484769983545
1030,42,attention_historical_integrated,0,06894000,0.8871240275711281
1030,42,attention_historical_integrated,0,06934500,0.8107238294081309
1030,42,attention_historical_native,0,06893150,1.0111448808610688
1030,42,attention_historical_native,0,06893350,1.4146051678970013
1030,42,attention_historical_native,0,06893390,2.110112875106806
1030,42,attention_historical_native,0,06893400,3.192632259165055
1030,42,attention_historical_native,0,06893500,1.9977970626964114
1030,42,attention_historical_native,0,06893557,1.7756438641027463
1030,42,attention_historical_native,0,06893562,2.291316726709478
1030,42,attention_historical_native,0,06893563,2.306586420009845
1030,42,attention_historical_native,0,06893564,4.596812958974198
1030,42,attention_historical_native,0,06893578,1.0200329277947033
1030,42,attention_historical_native,0,06893620,1.3752934191706445
1030,42,attention_historical_native,0,06893820,0.7987907362194254
1030,42,attention_historical_native,0,06893830,0.8790224907962003
1030,42,attention_historical_native,0,06893890,0.6388208350311699
1030,42,attention_historical_native,0,06893940,1.133640151622252
1030,42,attention_historical_native,0,06893970,0.9997615333373118
1030,42,attention_historical_native,0,06893990,0.896484769983545
1030,42,attention_historical_native,0,06894000,0.8871240275711281
1030,42,attention_historical_native,0,06934500,0.8107238294081309
1030,42,attention_real_integrated,0,06893150,1.0063662075831783
1030,42,attention_real_integrated,0,06893350,1.4036184964751506
1030,42,attention_real_integrated,0,06893390,2.0203612302644793
1030,42,attention_real_integrated,0,06893400,3.1099871374101835
1030,42,attention_real_integrated,0,06893500,1.924437070038082
1030,42,attention_real_integrated,0,06893557,1.7528938865362924
1030,42,attention_real_integrated,0,06893562,2.205699638370478
1030,42,attention_real_integrated,0,06893563,2.276553149109779
1030,42,attention_real_integrated,0,06893564,4.504079364385262
1030,42,attention_real_integrated,0,06893578,0.9730435079611683
1030,42,attention_real_integrated,0,06893620,1.4249517685236368
1030,42,attention_real_integrated,0,06893820,0.8192906142520676
1030,42,attention_real_integrated,0,06893830,0.9096769594735095
1030,42,attention_real_integrated,0,06893890,0.6421580041127971
1030,42,attention_real_integrated,0,06893940,1.1589005971806146
1030,42,attention_real_integrated,0,06893970,1.0325591402972507
1030,42,attention_real_integrated,0,06893990,0.9073024478305216
1030,42,attention_real_integrated,0,06894000,0.9171024656305661
1030,42,attention_real_integrated,0,06934500,0.8065068479126387
1030,42,attention_real_native,0,06893150,1.0063662075831783
1030,42,attention_real_native,0,06893350,1.4036184964751506
1030,42,attention_real_native,0,06893390,2.0203612302644793
1030,42,attention_real_native,0,06893400,3.1099871374101835
1030,42,attention_real_native,0,06893500,1.924437070038082
1030,42,attention_real_native,0,06893557,1.7528938865362924
1030,42,attention_real_native,0,06893562,2.205699638370478
1030,42,attention_real_native,0,06893563,2.276553149109779
1030,42,attention_real_native,0,06893564,4.504079364385262
1030,42,attention_real_native,0,06893578,0.9730435079611683
1030,42,attention_real_native,0,06893620,1.4249517685236368
1030,42,attention_real_native,0,06893820,0.8192906142520676
1030,42,attention_real_native,0,06893830,0.9096769594735095
1030,42,attention_real_native,0,06893890,0.6421580041127971
1030,42,attention_real_native,0,06893940,1.1589005971806146
1030,42,attention_real_native,0,06893970,1.0325591402972507
1030,42,attention_real_native,0,06893990,0.9073024478305216
1030,42,attention_real_native,0,06894000,0.9171024656305661
1030,42,attention_real_native,0,06934500,0.8065068479126387
1030,42,current_model,0,06893150,1.118392371119081
1030,42,current_model,0,06893350,1.2669534259968056
1030,42,current_model,0,06893390,1.67742089306794
1030,42,current_model,0,06893400,2.6923507372973847
1030,42,current_model,0,06893500,1.6997544652942373
1030,42,current_model,0,06893557,1.7205581917222907
1030,42,current_model,0,06893562,1.6996907789200384
1030,42,current_model,0,06893563,2.0952015850275605
1030,42,current_model,0,06893564,3.8245249877949083
1030,42,current_model,0,06893578,0.8424415092349269
1030,42,current_model,0,06893620,1.7923763599406035
1030,42,current_model,0,06893820,0.8478893632837866
1030,42,current_model,0,06893830,1.0743827181151482
1030,42,current_model,0,06893890,0.6416930732133346
1030,42,current_model,0,06893940,1.2270076701606905
1030,42,current_model,0,06893970,1.1984096172050818
1030,42,current_model,0,06893990,0.9630137943771767
1030,42,current_model,0,06894000,1.1320796790685492
1030,42,current_model,0,06934500,0.7490610945119078
1030,42,innovation_real_integrated,0,06893150,1.0198600720433728
1030,42,innovation_real_integrated,0,06893350,1.4030025952796064
1030,42,innovation_real_integrated,0,06893390,2.0116462802729256
1030,42,innovation_real_integrated,0,06893400,3.111046895809486
1030,42,innovation_real_integrated,0,06893500,1.9483641567857448
1030,42,innovation_real_integrated,0,06893557,1.7475087877325441
1030,42,innovation_real_integrated,0,06893562,2.198282111719542
1030,42,innovation_real_integrated,0,06893563,2.27952656693291
1030,42,innovation_real_integrated,0,06893564,4.495830075753452
1030,42,innovation_real_integrated,0,06893578,0.9793980564121417
1030,42,innovation_real_integrated,0,06893620,1.4060117516721178
1030,42,innovation_real_integrated,0,06893820,0.8099459252360036
1030,42,innovation_real_integrated,0,06893830,0.9023027883058974
1030,42,innovation_real_integrated,0,06893890,0.6576009220535171
1030,42,innovation_real_integrated,0,06893940,1.1548867223021286
1030,42,innovation_real_integrated,0,06893970,1.023742431933658
1030,42,innovation_real_integrated,0,06893990,0.9041072576137079
1030,42,innovation_real_integrated,0,06894000,0.9046807165203086
1030,42,innovation_real_integrated,0,06934500,0.8111383697903432
1030,42,innovation_real_native,0,06893150,1.0198600720433728
1030,42,innovation_real_native,0,06893350,1.4030025952796064
1030,42,innovation_real_native,0,06893390,2.0116462802729256
1030,42,innovation_real_native,0,06893400,3.111046895809486
1030,42,innovation_real_native,0,06893500,1.9483641567857448
1030,42,innovation_real_native,0,06893557,1.7475087877325441
1030,42,innovation_real_native,0,06893562,2.198282111719542
1030,42,innovation_real_native,0,06893563,2.27952656693291
1030,42,innovation_real_native,0,06893564,4.495830075753452
1030,42,innovation_real_native,0,06893578,0.9793980564121417
1030,42,innovation_real_native,0,06893620,1.4060117516721178
1030,42,innovation_real_native,0,06893820,0.8099459252360036
1030,42,innovation_real_native,0,06893830,0.9023027883058974
1030,42,innovation_real_native,0,06893890,0.6576009220535171
1030,42,innovation_real_native,0,06893940,1.1548867223021286
1030,42,innovation_real_native,0,06893970,1.023742431933658
1030,42,innovation_real_native,0,06893990,0.9041072576137079
1030,42,innovation_real_native,0,06894000,0.9046807165203086
1030,42,innovation_real_native,0,06934500,0.8111383697903432
1030,42,innovation_real_trees,0,06893150,1.1106271828391887
1030,42,innovation_real_trees,0,06893350,1.5107847180102638
1030,42,innovation_real_trees,0,06893390,2.016781660972617
1030,42,innovation_real_trees,0,06893400,2.999881669571997
1030,42,innovation_real_trees,0,06893500,1.930019187403687
1030,42,innovation_real_trees,0,06893557,1.81939362237903
1030,42,innovation_real_trees,0,06893562,1.9337518070173831
1030,42,innovation_real_trees,0,06893563,2.2049003788076957
1030,42,innovation_real_trees,0,06893564,4.225470737872573
1030,42,innovation_real_trees,0,06893578,1.0313907164386702
1030,42,innovation_real_trees,0,06893620,1.4856344354422666
1030,42,innovation_real_trees,0,06893820,0.8177193178400383
1030,42,innovation_real_trees,0,06893830,0.8417654416713192
1030,42,innovation_real_trees,0,06893890,0.5909089945887062
1030,42,innovation_real_trees,0,06893940,1.1584146187106703
1030,42,innovation_real_trees,0,06893970,1.0158670720382494
1030,42,innovation_real_trees,0,06893990,1.033547799161192
1030,42,innovation_real_trees,0,06894000,0.9700971231681136
1030,42,innovation_real_trees,0,06934500,0.8469792703692132
1030,42,level_fixed_integrated,0,06893150,0.9955440060864207
1030,42,level_fixed_integrated,0,06893350,1.42831063980867
1030,42,level_fixed_integrated,0,06893390,2.111398722178364
1030,42,level_fixed_integrated,0,06893400,3.218635852537029
1030,42,level_fixed_integrated,0,06893500,1.979270639623666
1030,42,level_fixed_integrated,0,06893557,1.765137567914499
1030,42,level_fixed_integrated,0,06893562,2.271367641491637
1030,42,level_fixed_integrated,0,06893563,2.2980468252999717
1030,42,level_fixed_integrated,0,06893564,4.612717676535469
1030,42,level_fixed_integrated,0,06893578,1.0144644532379852
1030,42,level_fixed_integrated,0,06893620,1.401020431330844
1030,42,level_fixed_integrated,0,06893820,0.8006689059228995
1030,42,level_fixed_integrated,0,06893830,0.8769550206420439
1030,42,level_fixed_integrated,0,06893890,0.6106270332295818
1030,42,level_fixed_integrated,0,06893940,1.1240606119093197
1030,42,level_fixed_integrated,0,06893970,0.995057217434018
1030,42,level_fixed_integrated,0,06893990,0.888277853489516
1030,42,level_fixed_integrated,0,06894000,0.8810495529313176
1030,42,level_fixed_integrated,0,06934500,0.803224307444472
1030,42,level_fixed_native,0,06893150,0.9955440060864207
1030,42,level_fixed_native,0,06893350,1.42831063980867
1030,42,level_fixed_native,0,06893390,2.111398722178364
1030,42,level_fixed_native,0,06893400,3.218635852537029
1030,42,level_fixed_native,0,06893500,1.979270639623666
1030,42,level_fixed_native,0,06893557,1.765137567914499
1030,42,level_fixed_native,0,06893562,2.271367641491637
1030,42,level_fixed_native,0,06893563,2.2980468252999717
1030,42,level_fixed_native,0,06893564,4.612717676535469
1030,42,level_fixed_native,0,06893578,1.0144644532379852
1030,42,level_fixed_native,0,06893620,1.401020431330844
1030,42,level_fixed_native,0,06893820,0.8006689059228995
1030,42,level_fixed_native,0,06893830,0.8769550206420439
1030,42,level_fixed_native,0,06893890,0.6106270332295818
1030,42,level_fixed_native,0,06893940,1.1240606119093197
1030,42,level_fixed_native,0,06893970,0.995057217434018
1030,42,level_fixed_native,0,06893990,0.888277853489516
1030,42,level_fixed_native,0,06894000,0.8810495529313176
1030,42,level_fixed_native,0,06934500,0.803224307444472
1030,42,level_historical_integrated,0,06893150,1.0104041608622982
1030,42,level_historical_integrated,0,06893350,1.4182518823865795
1030,42,level_historical_integrated,0,06893390,2.128946547790492
1030,42,level_historical_integrated,0,06893400,3.2109047555110255
1030,42,level_historical_integrated,0,06893500,2.0023524087074875
1030,42,level_historical_integrated,0,06893557,1.7799574542408325
1030,42,level_historical_integrated,0,06893562,2.299707971323856
1030,42,level_historical_integrated,0,06893563,2.3102620688091546
1030,42,level_historical_integrated,0,06893564,4.616239064414689
1030,42,level_historical_integrated,0,06893578,1.0290997495694967
1030,42,level_historical_integrated,0,06893620,1.3788613152468812
1030,42,level_historical_integrated,0,06893820,0.7935572558913846
1030,42,level_historical_integrated,0,06893830,0.8707964039735008
1030,42,level_historical_integrated,0,06893890,0.6302275448911795
1030,42,level_historical_integrated,0,06893940,1.1255324428551956
1030,42,level_historical_integrated,0,06893970,0.9869839623309364
1030,42,level_historical_integrated,0,06893990,0.8885490903860309
1030,42,level_historical_integrated,0,06894000,0.8836944448253735
1030,42,level_historical_integrated,0,06934500,0.8057905644230046
1030,42,level_historical_native,0,06893150,1.0104041608622982
1030,42,level_historical_native,0,06893350,1.4182518823865795
1030,42,level_historical_native,0,06893390,2.128946547790492
1030,42,level_historical_native,0,06893400,3.2109047555110255
1030,42,level_historical_native,0,06893500,2.0023524087074875
1030,42,level_historical_native,0,06893557,1.7799574542408325
1030,42,level_historical_native,0,06893562,2.299707971323856
1030,42,level_historical_native,0,06893563,2.3102620688091546
1030,42,level_historical_native,0,06893564,4.616239064414689
1030,42,level_historical_native,0,06893578,1.0290997495694967
1030,42,level_historical_native,0,06893620,1.3788613152468812
1030,42,level_historical_native,0,06893820,0.7935572558913846
1030,42,level_historical_native,0,06893830,0.8707964039735008
1030,42,level_historical_native,0,06893890,0.6302275448911795
1030,42,level_historical_native,0,06893940,1.1255324428551956
1030,42,level_historical_native,0,06893970,0.9869839623309364
1030,42,level_historical_native,0,06893990,0.8885490903860309
1030,42,level_historical_native,0,06894000,0.8836944448253735
1030,42,level_historical_native,0,06934500,0.8057905644230046
1030,42,level_real_integrated,0,06893150,0.9884315573072442
1030,42,level_real_integrated,0,06893350,1.3730941065472724
1030,42,level_real_integrated,0,06893390,2.0206991802184526
1030,42,level_real_integrated,0,06893400,3.1459697733171845
1030,42,level_real_integrated,0,06893500,1.9182383206587188
1030,42,level_real_integrated,0,06893557,1.724285292150444
1030,42,level_real_integrated,0,06893562,2.223277384817574
1030,42,level_real_integrated,0,06893563,2.284463207012115
1030,42,level_real_integrated,0,06893564,4.561448858782041
1030,42,level_real_integrated,0,06893578,0.9787582444261191
1030,42,level_real_integrated,0,06893620,1.500605944527109
1030,42,level_real_integrated,0,06893820,0.8191359663618704
1030,42,level_real_integrated,0,06893830,0.9568464188109922
1030,42,level_real_integrated,0,06893890,0.6413679066552189
1030,42,level_real_integrated,0,06893940,1.1340807595044604
1030,42,level_real_integrated,0,06893970,1.0723355211975443
1030,42,level_real_integrated,0,06893990,0.878879252382348
1030,42,level_real_integrated,0,06894000,0.8970272637411991
1030,42,level_real_integrated,0,06934500,0.8406635637815286
1030,42,level_real_native,0,06893150,0.9884315573072442
1030,42,level_real_native,0,06893350,1.3730941065472724
1030,42,level_real_native,0,06893390,2.0206991802184526
1030,42,level_real_native,0,06893400,3.1459697733171845
1030,42,level_real_native,0,06893500,1.9182383206587188
1030,42,level_real_native,0,06893557,1.724285292150444
1030,42,level_real_native,0,06893562,2.223277384817574
1030,42,level_real_native,0,06893563,2.284463207012115
1030,42,level_real_native,0,06893564,4.561448858782041
1030,42,level_real_native,0,06893578,0.9787582444261191
1030,42,level_real_native,0,06893620,1.500605944527109
1030,42,level_real_native,0,06893820,0.8191359663618704
1030,42,level_real_native,0,06893830,0.9568464188109922
1030,42,level_real_native,0,06893890,0.6413679066552189
1030,42,level_real_native,0,06893940,1.1340807595044604
1030,42,level_real_native,0,06893970,1.0723355211975443
1030,42,level_real_native,0,06893990,0.878879252382348
1030,42,level_real_native,0,06894000,0.8970272637411991
1030,42,level_real_native,0,06934500,0.8406635637815286
1030,42,level_seasonal_integrated,0,06893150,1.0153418918557904
1030,42,level_seasonal_integrated,0,06893350,1.3911727941679968
1030,42,level_seasonal_integrated,0,06893390,2.0416047464525944
1030,42,level_seasonal_integrated,0,06893400,3.197405976745625
1030,42,level_seasonal_integrated,0,06893500,1.9986315792275713
1030,42,level_seasonal_integrated,0,06893557,1.7708188121527977
1030,42,level_seasonal_integrated,0,06893562,2.2246846029238236
1030,42,level_seasonal_integrated,0,06893563,2.286014545698508
1030,42,level_seasonal_integrated,0,06893564,4.601634291249237
1030,42,level_seasonal_integrated,0,06893578,1.028903463402789
1030,42,level_seasonal_integrated,0,06893620,1.4366908431728571
1030,42,level_seasonal_integrated,0,06893820,0.7968181633341919
1030,42,level_seasonal_integrated,0,06893830,0.8892903561357399
1030,42,level_seasonal_integrated,0,06893890,0.5931477051330607
1030,42,level_seasonal_integrated,0,06893940,1.1292897876209913
1030,42,level_seasonal_integrated,0,06893970,1.0342095816987138
1030,42,level_seasonal_integrated,0,06893990,0.8886602294195528
1030,42,level_seasonal_integrated,0,06894000,0.8975646243708552
1030,42,level_seasonal_integrated,0,06934500,0.8164551075554706
1030,42,level_seasonal_native,0,06893150,1.0153418918557904
1030,42,level_seasonal_native,0,06893350,1.3911727941679968
1030,42,level_seasonal_native,0,06893390,2.0416047464525944
1030,42,level_seasonal_native,0,06893400,3.197405976745625
1030,42,level_seasonal_native,0,06893500,1.9986315792275713
1030,42,level_seasonal_native,0,06893557,1.7708188121527977
1030,42,level_seasonal_native,0,06893562,2.2246846029238236
1030,42,level_seasonal_native,0,06893563,2.286014545698508
1030,42,level_seasonal_native,0,06893564,4.601634291249237
1030,42,level_seasonal_native,0,06893578,1.028903463402789
1030,42,level_seasonal_native,0,06893620,1.4366908431728571
1030,42,level_seasonal_native,0,06893820,0.7968181633341919
1030,42,level_seasonal_native,0,06893830,0.8892903561357399
1030,42,level_seasonal_native,0,06893890,0.5931477051330607
1030,42,level_seasonal_native,0,06893940,1.1292897876209913
1030,42,level_seasonal_native,0,06893970,1.0342095816987138
1030,42,level_seasonal_native,0,06893990,0.8886602294195528
1030,42,level_seasonal_native,0,06894000,0.8975646243708552
1030,42,level_seasonal_native,0,06934500,0.8164551075554706
1030,42,matched_daily_trees,0,06893150,1.0778592081852951
1030,42,matched_daily_trees,0,06893350,1.4277319876899734
1030,42,matched_daily_trees,0,06893390,1.7471979222663234
1030,42,matched_daily_trees,0,06893400,2.6032446096200834
1030,42,matched_daily_trees,0,06893500,1.7767849611314341
1030,42,matched_daily_trees,0,06893557,1.7249423258933057
1030,42,matched_daily_trees,0,06893562,1.6386965459794767
1030,42,matched_daily_trees,0,06893563,2.040064886648523
1030,42,matched_daily_trees,0,06893564,3.7904032155566068
1030,42,matched_daily_trees,0,06893578,0.8975593103652366
1030,42,matched_daily_trees,0,06893620,1.6681742156716408
1030,42,matched_daily_trees,0,06893820,0.9375783758468137
1030,42,matched_daily_trees,0,06893830,1.110681863956872
1030,42,matched_daily_trees,0,06893890,0.7815776423380547
1030,42,matched_daily_trees,0,06893940,1.5802027510688081
1030,42,matched_daily_trees,0,06893970,1.1280346909080448
1030,42,matched_daily_trees,0,06893990,1.2408693663385597
1030,42,matched_daily_trees,0,06894000,1.125479258319354
1030,42,matched_daily_trees,0,06934500,0.8983795473110255
1030,42,relative_fixed_integrated,0,06893150,1.002470868562155
1030,42,relative_fixed_integrated,0,06893350,1.447596618667632
1030,42,relative_fixed_integrated,0,06893390,2.110904645121718
1030,42,relative_fixed_integrated,0,06893400,3.1291930865759383
1030,42,relative_fixed_integrated,0,06893500,1.978087152850005
1030,42,relative_fixed_integrated,0,06893557,1.7647273611465213
1030,42,relative_fixed_integrated,0,06893562,2.220522692832085
1030,42,relative_fixed_integrated,0,06893563,2.2872210990247113
1030,42,relative_fixed_integrated,0,06893564,4.519633247765622
1030,42,relative_fixed_integrated,0,06893578,1.0087977666503773
1030,42,relative_fixed_integrated,0,06893620,1.3711209204826806
1030,42,relative_fixed_integrated,0,06893820,0.7890849140039586
1030,42,relative_fixed_integrated,0,06893830,0.8619304720792682
1030,42,relative_fixed_integrated,0,06893890,0.6183803989153733
1030,42,relative_fixed_integrated,0,06893940,1.140874728297879
1030,42,relative_fixed_integrated,0,06893970,0.9811146708316794
1030,42,relative_fixed_integrated,0,06893990,0.900823341377642
1030,42,relative_fixed_integrated,0,06894000,0.8831388905060779
1030,42,relative_fixed_integrated,0,06934500,0.7907261771920562
1030,42,relative_fixed_native,0,06893150,1.002470868562155
1030,42,relative_fixed_native,0,06893350,1.447596618667632
1030,42,relative_fixed_native,0,06893390,2.110904645121718
1030,42,relative_fixed_native,0,06893400,3.1291930865759383
1030,42,relative_fixed_native,0,06893500,1.978087152850005
1030,42,relative_fixed_native,0,06893557,1.7647273611465213
1030,42,relative_fixed_native,0,06893562,2.220522692832085
1030,42,relative_fixed_native,0,06893563,2.2872210990247113
1030,42,relative_fixed_native,0,06893564,4.519633247765622
1030,42,relative_fixed_native,0,06893578,1.0087977666503773
1030,42,relative_fixed_native,0,06893620,1.3711209204826806
1030,42,relative_fixed_native,0,06893820,0.7890849140039586
1030,42,relative_fixed_native,0,06893830,0.8619304720792682
1030,42,relative_fixed_native,0,06893890,0.6183803989153733
1030,42,relative_fixed_native,0,06893940,1.140874728297879
1030,42,relative_fixed_native,0,06893970,0.9811146708316794
1030,42,relative_fixed_native,0,06893990,0.900823341377642
1030,42,relative_fixed_native,0,06894000,0.8831388905060779
1030,42,relative_fixed_native,0,06934500,0.7907261771920562
1030,42,relative_historical_integrated,0,06893150,1.0190612206332477
1030,42,relative_historical_integrated,0,06893350,1.3808571268118695
1030,42,relative_historical_integrated,0,06893390,2.0177654972980417
1030,42,relative_historical_integrated,0,06893400,3.12103796831582
1030,42,relative_historical_integrated,0,06893500,1.9563468026616675
1030,42,relative_historical_integrated,0,06893557,1.753461221662608
1030,42,relative_historical_integrated,0,06893562,2.21324773723899
1030,42,relative_historical_integrated,0,06893563,2.281666218937519
1030,42,relative_historical_integrated,0,06893564,4.507868877032785
1030,42,relative_historical_integrated,0,06893578,0.9863909142891882
1030,42,relative_historical_integrated,0,06893620,1.4096300739504561
1030,42,relative_historical_integrated,0,06893820,0.8289960308373086
1030,42,relative_historical_integrated,0,06893830,0.9134070707857324
1030,42,relative_historical_integrated,0,06893890,0.6755056337506916
1030,42,relative_historical_integrated,0,06893940,1.1565970507308243
1030,42,relative_historical_integrated,0,06893970,1.037926544892268
1030,42,relative_historical_integrated,0,06893990,0.9089550870833205
1030,42,relative_historical_integrated,0,06894000,0.9107395673021106
1030,42,relative_historical_integrated,0,06934500,0.8196055753382109
1030,42,relative_historical_native,0,06893150,1.0190612206332477
1030,42,relative_historical_native,0,06893350,1.3808571268118695
1030,42,relative_historical_native,0,06893390,2.0177654972980417
1030,42,relative_historical_native,0,06893400,3.12103796831582
1030,42,relative_historical_native,0,06893500,1.9563468026616675
1030,42,relative_historical_native,0,06893557,1.753461221662608
1030,42,relative_historical_native,0,06893562,2.21324773723899
1030,42,relative_historical_native,0,06893563,2.281666218937519
1030,42,relative_historical_native,0,06893564,4.507868877032785
1030,42,relative_historical_native,0,06893578,0.9863909142891882
1030,42,relative_historical_native,0,06893620,1.4096300739504561
1030,42,relative_historical_native,0,06893820,0.8289960308373086
1030,42,relative_historical_native,0,06893830,0.9134070707857324
1030,42,relative_historical_native,0,06893890,0.6755056337506916
1030,42,relative_historical_native,0,06893940,1.1565970507308243
1030,42,relative_historical_native,0,06893970,1.037926544892268
1030,42,relative_historical_native,0,06893990,0.9089550870833205
1030,42,relative_historical_native,0,06894000,0.9107395673021106
1030,42,relative_historical_native,0,06934500,0.8196055753382109
1030,42,relative_real_integrated,0,06893150,0.9906118313423111
1030,42,relative_real_integrated,0,06893350,1.407312008294289
1030,42,relative_real_integrated,0,06893390,2.02696101554955
1030,42,relative_real_integrated,0,06893400,3.1243731406262913
1030,42,relative_real_integrated,0,06893500,1.935181281345354
1030,42,relative_real_integrated,0,06893557,1.7532837832822212
1030,42,relative_real_integrated,0,06893562,2.220322656708803
1030,42,relative_real_integrated,0,06893563,2.283651884634837
1030,42,relative_real_integrated,0,06893564,4.520961769070283
1030,42,relative_real_integrated,0,06893578,0.9753752358698856
1030,42,relative_real_integrated,0,06893620,1.432355510752444
1030,42,relative_real_integrated,0,06893820,0.8222906132471988
1030,42,relative_real_integrated,0,06893830,0.9183224906437317
1030,42,relative_real_integrated,0,06893890,0.6456170671102769
1030,42,relative_real_integrated,0,06893940,1.1482925218905242
1030,42,relative_real_integrated,0,06893970,1.036002787063496
1030,42,relative_real_integrated,0,06893990,0.8956184298476241
1030,42,relative_real_integrated,0,06894000,0.9079972657158744
1030,42,relative_real_integrated,0,06934500,0.8101423963389103
1030,42,relative_real_native,0,06893150,0.9906118313423111
1030,42,relative_real_native,0,06893350,1.407312008294289
1030,42,relative_real_native,0,06893390,2.02696101554955
1030,42,relative_real_native,0,06893400,3.1243731406262913
1030,42,relative_real_native,0,06893500,1.935181281345354
1030,42,relative_real_native,0,06893557,1.7532837832822212
1030,42,relative_real_native,0,06893562,2.220322656708803
1030,42,relative_real_native,0,06893563,2.283651884634837
1030,42,relative_real_native,0,06893564,4.520961769070283
1030,42,relative_real_native,0,06893578,0.9753752358698856
1030,42,relative_real_native,0,06893620,1.432355510752444
1030,42,relative_real_native,0,06893820,0.8222906132471988
1030,42,relative_real_native,0,06893830,0.9183224906437317
1030,42,relative_real_native,0,06893890,0.6456170671102769
1030,42,relative_real_native,0,06893940,1.1482925218905242
1030,42,relative_real_native,0,06893970,1.036002787063496
1030,42,relative_real_native,0,06893990,0.8956184298476241
1030,42,relative_real_native,0,06894000,0.9079972657158744
1030,42,relative_real_native,0,06934500,0.8101423963389103
1030,42,station_hidden_trees,0,06893150,1.0860387753945995
1030,42,station_hidden_trees,0,06893350,1.6037017519889873
1030,42,station_hidden_trees,0,06893390,2.0563213390326744
1030,42,station_hidden_trees,0,06893400,2.9626075607432947
1030,42,station_hidden_trees,0,06893500,2.076040950148717
1030,42,station_hidden_trees,0,06893557,1.9091191925578759
1030,42,station_hidden_trees,0,06893562,1.976337615579323
1030,42,station_hidden_trees,0,06893563,2.1655090849456173
1030,42,station_hidden_trees,0,06893564,4.302461265834889
1030,42,station_hidden_trees,0,06893578,1.1154330172381621
1030,42,station_hidden_trees,0,06893620,1.454790730986816
1030,42,station_hidden_trees,0,06893820,0.7857464118958016
1030,42,station_hidden_trees,0,06893830,0.8644916680481016
1030,42,station_hidden_trees,0,06893890,0.6096111430873445
1030,42,station_hidden_trees,0,06893940,1.2448533825285528
1030,42,station_hidden_trees,0,06893970,0.9883961805688257
1030,42,station_hidden_trees,0,06893990,1.0053593775104324
1030,42,station_hidden_trees,0,06894000,0.9405159697622433
1030,42,station_hidden_trees,0,06934500,0.8850528954601754
1030,42,unmonitored_integrated,0,06893150,1.0263606065981181
1030,42,unmonitored_integrated,0,06893350,1.4401011314926992
1030,42,unmonitored_integrated,0,06893390,2.1437862184858565
1030,42,unmonitored_integrated,0,06893400,3.2124836659942795
1030,42,unmonitored_integrated,0,06893500,2.029949323639829
1030,42,unmonitored_integrated,0,06893557,1.7854191835245243
1030,42,unmonitored_integrated,0,06893562,2.3151847795928293
1030,42,unmonitored_integrated,0,06893563,2.3202663932178322
1030,42,unmonitored_integrated,0,06893564,4.615802198793546
1030,42,unmonitored_integrated,0,06893578,1.0465384946970453
1030,42,unmonitored_integrated,0,06893620,1.3487260127701584
1030,42,unmonitored_integrated,0,06893820,0.783316271127266
1030,42,unmonitored_integrated,0,06893830,0.8603404905879344
1030,42,unmonitored_integrated,0,06893890,0.641706834751321
1030,42,unmonitored_integrated,0,06893940,1.122136412546724
1030,42,unmonitored_integrated,0,06893970,0.9748110058083823
1030,42,unmonitored_integrated,0,06893990,0.8854964012509563
1030,42,unmonitored_integrated,0,06894000,0.8792744426609646
1030,42,unmonitored_integrated,0,06934500,0.8061708946281319
1030,42,unmonitored_residual,0,06893150,1.0263606065981181
1030,42,unmonitored_residual,0,06893350,1.4401011314926992
1030,42,unmonitored_residual,0,06893390,2.1437862184858565
1030,42,unmonitored_residual,0,06893400,3.2124836659942795
1030,42,unmonitored_residual,0,06893500,2.029949323639829
1030,42,unmonitored_residual,0,06893557,1.7854191835245243
1030,42,unmonitored_residual,0,06893562,2.3151847795928293
1030,42,unmonitored_residual,0,06893563,2.3202663932178322
1030,42,unmonitored_residual,0,06893564,4.615802198793546
1030,42,unmonitored_residual,0,06893578,1.0465384946970453
1030,42,unmonitored_residual,0,06893620,1.3487260127701584
1030,42,unmonitored_residual,0,06893820,0.783316271127266
1030,42,unmonitored_residual,0,06893830,0.8603404905879344
1030,42,unmonitored_residual,0,06893890,0.641706834751321
1030,42,unmonitored_residual,0,06893940,1.122136412546724
1030,42,unmonitored_residual,0,06893970,0.9748110058083823
1030,42,unmonitored_residual,0,06893990,0.8854964012509563
1030,42,unmonitored_residual,0,06894000,0.8792744426609646
1030,42,unmonitored_residual,0,06934500,0.8061708946281319
1030,43,attention_fixed_integrated,0,06893150,1.1133935947461313
1030,43,attention_fixed_integrated,0,06893350,1.3965558671231888
1030,43,attention_fixed_integrated,0,06893390,1.9431005054130321
1030,43,attention_fixed_integrated,0,06893400,3.067991038463876
1030,43,attention_fixed_integrated,0,06893500,1.9872996300695023
1030,43,attention_fixed_integrated,0,06893557,1.797057593337185
1030,43,attention_fixed_integrated,0,06893562,1.8854533416582826
1030,43,attention_fixed_integrated,0,06893563,2.2095717744095613
1030,43,attention_fixed_integrated,0,06893564,4.151093489361874
1030,43,attention_fixed_integrated,0,06893578,1.1215686941595842
1030,43,attention_fixed_integrated,0,06893620,1.4286284283340243
1030,43,attention_fixed_integrated,0,06893820,0.804099973959975
1030,43,attention_fixed_integrated,0,06893830,0.8121405010996025
1030,43,attention_fixed_integrated,0,06893890,0.6209741510975171
1030,43,attention_fixed_integrated,0,06893940,1.1707771198410817
1030,43,attention_fixed_integrated,0,06893970,1.02808480461703
1030,43,attention_fixed_integrated,0,06893990,1.1245321651063163
1030,43,attention_fixed_integrated,0,06894000,0.9720708333929602
1030,43,attention_fixed_integrated,0,06934500,0.7526352683363422
1030,43,attention_fixed_native,0,06893150,1.1133935947461313
1030,43,attention_fixed_native,0,06893350,1.3965558671231888
1030,43,attention_fixed_native,0,06893390,1.9431005054130321
1030,43,attention_fixed_native,0,06893400,3.067991038463876
1030,43,attention_fixed_native,0,06893500,1.9872996300695023
1030,43,attention_fixed_native,0,06893557,1.797057593337185
1030,43,attention_fixed_native,0,06893562,1.8854533416582826
1030,43,attention_fixed_native,0,06893563,2.2095717744095613
1030,43,attention_fixed_native,0,06893564,4.151093489361874
1030,43,attention_fixed_native,0,06893578,1.1215686941595842
1030,43,attention_fixed_native,0,06893620,1.4286284283340243
1030,43,attention_fixed_native,0,06893820,0.804099973959975
1030,43,attention_fixed_native,0,06893830,0.8121405010996025
1030,43,attention_fixed_native,0,06893890,0.6209741510975171
1030,43,attention_fixed_native,0,06893940,1.1707771198410817
1030,43,attention_fixed_native,0,06893970,1.02808480461703
1030,43,attention_fixed_native,0,06893990,1.1245321651063163
1030,43,attention_fixed_native,0,06894000,0.9720708333929602
1030,43,attention_fixed_native,0,06934500,0.7526352683363422
1030,43,attention_historical_integrated,0,06893150,1.1161586261190615
1030,43,attention_historical_integrated,0,06893350,1.3932675724414576
1030,43,attention_historical_integrated,0,06893390,1.9435067754774458
1030,43,attention_historical_integrated,0,06893400,3.076079315107803
1030,43,attention_historical_integrated,0,06893500,1.99438663143535
1030,43,attention_historical_integrated,0,06893557,1.805439114115278
1030,43,attention_historical_integrated,0,06893562,1.8970762480235757
1030,43,attention_historical_integrated,0,06893563,2.212005659011888
1030,43,attention_historical_integrated,0,06893564,4.15218201380611
1030,43,attention_historical_integrated,0,06893578,1.1276227637412846
1030,43,attention_historical_integrated,0,06893620,1.4229254900704094
1030,43,attention_historical_integrated,0,06893820,0.8081772364450517
1030,43,attention_historical_integrated,0,06893830,0.8112248165714098
1030,43,attention_historical_integrated,0,06893890,0.6253772994038437
1030,43,attention_historical_integrated,0,06893940,1.1699521952826806
1030,43,attention_historical_integrated,0,06893970,1.0276975398607477
1030,43,attention_historical_integrated,0,06893990,1.1290880145179742
1030,43,attention_historical_integrated,0,06894000,0.973415694043141
1030,43,attention_historical_integrated,0,06934500,0.7663679136799622
1030,43,attention_historical_native,0,06893150,1.1161586261190615
1030,43,attention_historical_native,0,06893350,1.3932675724414576
1030,43,attention_historical_native,0,06893390,1.9435067754774458
1030,43,attention_historical_native,0,06893400,3.076079315107803
1030,43,attention_historical_native,0,06893500,1.99438663143535
1030,43,attention_historical_native,0,06893557,1.805439114115278
1030,43,attention_historical_native,0,06893562,1.8970762480235757
1030,43,attention_historical_native,0,06893563,2.212005659011888
1030,43,attention_historical_native,0,06893564,4.15218201380611
1030,43,attention_historical_native,0,06893578,1.1276227637412846
1030,43,attention_historical_native,0,06893620,1.4229254900704094
1030,43,attention_historical_native,0,06893820,0.8081772364450517
1030,43,attention_historical_native,0,06893830,0.8112248165714098
1030,43,attention_historical_native,0,06893890,0.6253772994038437
1030,43,attention_historical_native,0,06893940,1.1699521952826806
1030,43,attention_historical_native,0,06893970,1.0276975398607477
1030,43,attention_historical_native,0,06893990,1.1290880145179742
1030,43,attention_historical_native,0,06894000,0.973415694043141
1030,43,attention_historical_native,0,06934500,0.7663679136799622
1030,43,attention_real_integrated,0,06893150,1.1098269958202331
1030,43,attention_real_integrated,0,06893350,1.3939496845996788
1030,43,attention_real_integrated,0,06893390,1.9384783661947689
1030,43,attention_real_integrated,0,06893400,3.0652165507227918
1030,43,attention_real_integrated,0,06893500,1.9824080556163297
1030,43,attention_real_integrated,0,06893557,1.7937872468178948
1030,43,attention_real_integrated,0,06893562,1.8832094953600673
1030,43,attention_real_integrated,0,06893563,2.2088015786640565
1030,43,attention_real_integrated,0,06893564,4.1466747172339815
1030,43,attention_real_integrated,0,06893578,1.117511592981834
1030,43,attention_real_integrated,0,06893620,1.432678733550701
1030,43,attention_real_integrated,0,06893820,0.8078021013608178
1030,43,attention_real_integrated,0,06893830,0.8165465306861877
1030,43,attention_real_integrated,0,06893890,0.6236439311945066
1030,43,attention_real_integrated,0,06893940,1.172447017642428
1030,43,attention_real_integrated,0,06893970,1.0324123403487377
1030,43,attention_real_integrated,0,06893990,1.125298940650517
1030,43,attention_real_integrated,0,06894000,0.9750443797121071
1030,43,attention_real_integrated,0,06934500,0.752221103204847
1030,43,attention_real_native,0,06893150,1.1098269958202331
1030,43,attention_real_native,0,06893350,1.3939496845996788
1030,43,attention_real_native,0,06893390,1.9384783661947689
1030,43,attention_real_native,0,06893400,3.0652165507227918
1030,43,attention_real_native,0,06893500,1.9824080556163297
1030,43,attention_real_native,0,06893557,1.7937872468178948
1030,43,attention_real_native,0,06893562,1.8832094953600673
1030,43,attention_real_native,0,06893563,2.2088015786640565
1030,43,attention_real_native,0,06893564,4.1466747172339815
1030,43,attention_real_native,0,06893578,1.117511592981834
1030,43,attention_real_native,0,06893620,1.432678733550701
1030,43,attention_real_native,0,06893820,0.8078021013608178
1030,43,attention_real_native,0,06893830,0.8165465306861877
1030,43,attention_real_native,0,06893890,0.6236439311945066
1030,43,attention_real_native,0,06893940,1.172447017642428
1030,43,attention_real_native,0,06893970,1.0324123403487377
1030,43,attention_real_native,0,06893990,1.125298940650517
1030,43,attention_real_native,0,06894000,0.9750443797121071
1030,43,attention_real_native,0,06934500,0.752221103204847
1030,43,current_model,0,06893150,1.0152006430240577
1030,43,current_model,0,06893350,1.2371812929745802
1030,43,current_model,0,06893390,1.621885227187932
1030,43,current_model,0,06893400,2.733068649004221
1030,43,current_model,0,06893500,1.6383379746294746
1030,43,current_model,0,06893557,1.6946722240343224
1030,43,current_model,0,06893562,1.6964035270318862
1030,43,current_model,0,06893563,2.123142313824835
1030,43,current_model,0,06893564,3.8755329230482563
1030,43,current_model,0,06893578,0.8065983490866816
1030,43,current_model,0,06893620,1.648188982664853
1030,43,current_model,0,06893820,0.8814384447408664
1030,43,current_model,0,06893830,1.1270497776056119
1030,43,current_model,0,06893890,0.7570414840402023
1030,43,current_model,0,06893940,1.4240589346823134
1030,43,current_model,0,06893970,1.1712215303505702
1030,43,current_model,0,06893990,1.1588857047893368
1030,43,current_model,0,06894000,1.2529553774234994
1030,43,current_model,0,06934500,0.7728407611907714
1030,43,innovation_real_integrated,0,06893150,1.1122973747278684
1030,43,innovation_real_integrated,0,06893350,1.3972518979520716
1030,43,innovation_real_integrated,0,06893390,1.9419811092759585
1030,43,innovation_real_integrated,0,06893400,3.067706809394963
1030,43,innovation_real_integrated,0,06893500,1.9858497234015913
1030,43,innovation_real_integrated,0,06893557,1.7968366509501699
1030,43,innovation_real_integrated,0,06893562,1.8858854374459093
1030,43,innovation_real_integrated,0,06893563,2.2093786573664147
1030,43,innovation_real_integrated,0,06893564,4.151557071523275
1030,43,innovation_real_integrated,0,06893578,1.1204665332126007
1030,43,innovation_real_integrated,0,06893620,1.4303368263379834
1030,43,innovation_real_integrated,0,06893820,0.8053527970962467
1030,43,innovation_real_integrated,0,06893830,0.813208752231047
1030,43,innovation_real_integrated,0,06893890,0.6210908444428908
1030,43,innovation_real_integrated,0,06893940,1.1711389469397426
1030,43,innovation_real_integrated,0,06893970,1.0295762886164461
1030,43,innovation_real_integrated,0,06893990,1.1257292841634947
1030,43,innovation_real_integrated,0,06894000,0.9730096880008847
1030,43,innovation_real_integrated,0,06934500,0.7534312577599536
1030,43,innovation_real_native,0,06893150,1.1122973747278684
1030,43,innovation_real_native,0,06893350,1.3972518979520716
1030,43,innovation_real_native,0,06893390,1.9419811092759585
1030,43,innovation_real_native,0,06893400,3.067706809394963
1030,43,innovation_real_native,0,06893500,1.9858497234015913
1030,43,innovation_real_native,0,06893557,1.7968366509501699
1030,43,innovation_real_native,0,06893562,1.8858854374459093
1030,43,innovation_real_native,0,06893563,2.2093786573664147
1030,43,innovation_real_native,0,06893564,4.151557071523275
1030,43,innovation_real_native,0,06893578,1.1204665332126007
1030,43,innovation_real_native,0,06893620,1.4303368263379834
1030,43,innovation_real_native,0,06893820,0.8053527970962467
1030,43,innovation_real_native,0,06893830,0.813208752231047
1030,43,innovation_real_native,0,06893890,0.6210908444428908
1030,43,innovation_real_native,0,06893940,1.1711389469397426
1030,43,innovation_real_native,0,06893970,1.0295762886164461
1030,43,innovation_real_native,0,06893990,1.1257292841634947
1030,43,innovation_real_native,0,06894000,0.9730096880008847
1030,43,innovation_real_native,0,06934500,0.7534312577599536
1030,43,innovation_real_trees,0,06893150,1.1664839785777301
1030,43,innovation_real_trees,0,06893350,1.5035052526058996
1030,43,innovation_real_trees,0,06893390,2.0135985444526936
1030,43,innovation_real_trees,0,06893400,3.1678317047576994
1030,43,innovation_real_trees,0,06893500,2.0245537087618497
1030,43,innovation_real_trees,0,06893557,1.8581860284764287
1030,43,innovation_real_trees,0,06893562,2.057637984840071
1030,43,innovation_real_trees,0,06893563,2.25317064700005
1030,43,innovation_real_trees,0,06893564,4.397017622345615
1030,43,innovation_real_trees,0,06893578,1.079322269562937
1030,43,innovation_real_trees,0,06893620,1.4935338064068409
1030,43,innovation_real_trees,0,06893820,0.8615900617551899
1030,43,innovation_real_trees,0,06893830,0.8791679828898363
1030,43,innovation_real_trees,0,06893890,0.6093405668008232
1030,43,innovation_real_trees,0,06893940,1.1993904291884778
1030,43,innovation_real_trees,0,06893970,1.0178972783598574
1030,43,innovation_real_trees,0,06893990,0.9116239246264356
1030,43,innovation_real_trees,0,06894000,1.0532322072873779
1030,43,innovation_real_trees,0,06934500,0.856293194637457
1030,43,level_fixed_integrated,0,06893150,1.1053834847010813
1030,43,level_fixed_integrated,0,06893350,1.3949015050363247
1030,43,level_fixed_integrated,0,06893390,1.9377294180705313
1030,43,level_fixed_integrated,0,06893400,3.073494134797064
1030,43,level_fixed_integrated,0,06893500,1.9815491984498745
1030,43,level_fixed_integrated,0,06893557,1.7950974815742369
1030,43,level_fixed_integrated,0,06893562,1.8856591633322528
1030,43,level_fixed_integrated,0,06893563,2.2081207718323848
1030,43,level_fixed_integrated,0,06893564,4.15166943124573
1030,43,level_fixed_integrated,0,06893578,1.1172177026732713
1030,43,level_fixed_integrated,0,06893620,1.4329354561539702
1030,43,level_fixed_integrated,0,06893820,0.8087513160770886
1030,43,level_fixed_integrated,0,06893830,0.8175640819091178
1030,43,level_fixed_integrated,0,06893890,0.6228369106948886
1030,43,level_fixed_integrated,0,06893940,1.1723433169433504
1030,43,level_fixed_integrated,0,06893970,1.032101846151419
1030,43,level_fixed_integrated,0,06893990,1.1250563623058312
1030,43,level_fixed_integrated,0,06894000,0.9747856375195562
1030,43,level_fixed_integrated,0,06934500,0.7460266869254585
1030,43,level_fixed_native,0,06893150,1.1053834847010813
1030,43,level_fixed_native,0,06893350,1.3949015050363247
1030,43,level_fixed_native,0,06893390,1.9377294180705313
1030,43,level_fixed_native,0,06893400,3.073494134797064
1030,43,level_fixed_native,0,06893500,1.9815491984498745
1030,43,level_fixed_native,0,06893557,1.7950974815742369
1030,43,level_fixed_native,0,06893562,1.8856591633322528
1030,43,level_fixed_native,0,06893563,2.2081207718323848
1030,43,level_fixed_native,0,06893564,4.15166943124573
1030,43,level_fixed_native,0,06893578,1.1172177026732713
1030,43,level_fixed_native,0,06893620,1.4329354561539702
1030,43,level_fixed_native,0,06893820,0.8087513160770886
1030,43,level_fixed_native,0,06893830,0.8175640819091178
1030,43,level_fixed_native,0,06893890,0.6228369106948886
1030,43,level_fixed_native,0,06893940,1.1723433169433504
1030,43,level_fixed_native,0,06893970,1.032101846151419
1030,43,level_fixed_native,0,06893990,1.1250563623058312
1030,43,level_fixed_native,0,06894000,0.9747856375195562
1030,43,level_fixed_native,0,06934500,0.7460266869254585
1030,43,level_historical_integrated,0,06893150,1.111769768803232
1030,43,level_historical_integrated,0,06893350,1.3932574107260622
1030,43,level_historical_integrated,0,06893390,1.941142814063943
1030,43,level_historical_integrated,0,06893400,3.0786172324535652
1030,43,level_historical_integrated,0,06893500,1.9888549071853627
1030,43,level_historical_integrated,0,06893557,1.8048498653719895
1030,43,level_historical_integrated,0,06893562,1.897602273974326
1030,43,level_historical_integrated,0,06893563,2.211373506190879
1030,43,level_historical_integrated,0,06893564,4.155624040066936
1030,43,level_historical_integrated,0,06893578,1.1229259483372784
1030,43,level_historical_integrated,0,06893620,1.4298523147195843
1030,43,level_historical_integrated,0,06893820,0.810307744188418
1030,43,level_historical_integrated,0,06893830,0.8147758079873872
1030,43,level_historical_integrated,0,06893890,0.6240558163293063
1030,43,level_historical_integrated,0,06893940,1.1710717054498554
1030,43,level_historical_integrated,0,06893970,1.0305570337273107
1030,43,level_historical_integrated,0,06893990,1.1322526692752695
1030,43,level_historical_integrated,0,06894000,0.975312700089301
1030,43,level_historical_integrated,0,06934500,0.7656155751588436
1030,43,level_historical_native,0,06893150,1.111769768803232
1030,43,level_historical_native,0,06893350,1.3932574107260622
1030,43,level_historical_native,0,06893390,1.941142814063943
1030,43,level_historical_native,0,06893400,3.0786172324535652
1030,43,level_historical_native,0,06893500,1.9888549071853627
1030,43,level_historical_native,0,06893557,1.8048498653719895
1030,43,level_historical_native,0,06893562,1.897602273974326
1030,43,level_historical_native,0,06893563,2.211373506190879
1030,43,level_historical_native,0,06893564,4.155624040066936
1030,43,level_historical_native,0,06893578,1.1229259483372784
1030,43,level_historical_native,0,06893620,1.4298523147195843
1030,43,level_historical_native,0,06893820,0.810307744188418
1030,43,level_historical_native,0,06893830,0.8147758079873872
1030,43,level_historical_native,0,06893890,0.6240558163293063
1030,43,level_historical_native,0,06893940,1.1710717054498554
1030,43,level_historical_native,0,06893970,1.0305570337273107
1030,43,level_historical_native,0,06893990,1.1322526692752695
1030,43,level_historical_native,0,06894000,0.975312700089301
1030,43,level_historical_native,0,06934500,0.7656155751588436
1030,43,level_real_integrated,0,06893150,1.0814711360949132
1030,43,level_real_integrated,0,06893350,1.3888828310900108
1030,43,level_real_integrated,0,06893390,1.9227847414254313
1030,43,level_real_integrated,0,06893400,3.058355074598631
1030,43,level_real_integrated,0,06893500,1.9577150517390254
1030,43,level_real_integrated,0,06893557,1.7868904181745253
1030,43,level_real_integrated,0,06893562,1.8739442686906658
1030,43,level_real_integrated,0,06893563,2.200806265200754
1030,43,level_real_integrated,0,06893564,4.134339526477528
1030,43,level_real_integrated,0,06893578,1.0954456105814203
1030,43,level_real_integrated,0,06893620,1.4553195958502099
1030,43,level_real_integrated,0,06893820,0.816370500566177
1030,43,level_real_integrated,0,06893830,0.8352992683026618
1030,43,level_real_integrated,0,06893890,0.6242039423295027
1030,43,level_real_integrated,0,06893940,1.1813723390793438
1030,43,level_real_integrated,0,06893970,1.0489040101796039
1030,43,level_real_integrated,0,06893990,1.131741658858353
1030,43,level_real_integrated,0,06894000,0.9824203580470281
1030,43,level_real_integrated,0,06934500,0.7470505879881316
1030,43,level_real_native,0,06893150,1.0814711360949132
1030,43,level_real_native,0,06893350,1.3888828310900108
1030,43,level_real_native,0,06893390,1.9227847414254313
1030,43,level_real_native,0,06893400,3.058355074598631
1030,43,level_real_native,0,06893500,1.9577150517390254
1030,43,level_real_native,0,06893557,1.7868904181745253
1030,43,level_real_native,0,06893562,1.8739442686906658
1030,43,level_real_native,0,06893563,2.200806265200754
1030,43,level_real_native,0,06893564,4.134339526477528
1030,43,level_real_native,0,06893578,1.0954456105814203
1030,43,level_real_native,0,06893620,1.4553195958502099
1030,43,level_real_native,0,06893820,0.816370500566177
1030,43,level_real_native,0,06893830,0.8352992683026618
1030,43,level_real_native,0,06893890,0.6242039423295027
1030,43,level_real_native,0,06893940,1.1813723390793438
1030,43,level_real_native,0,06893970,1.0489040101796039
1030,43,level_real_native,0,06893990,1.131741658858353
1030,43,level_real_native,0,06894000,0.9824203580470281
1030,43,level_real_native,0,06934500,0.7470505879881316
1030,43,level_seasonal_integrated,0,06893150,0.9514342635137705
1030,43,level_seasonal_integrated,0,06893350,1.5234440774480644
1030,43,level_seasonal_integrated,0,06893390,2.474112014896298
1030,43,level_seasonal_integrated,0,06893400,3.497336262844427
1030,43,level_seasonal_integrated,0,06893500,2.0675464869494413
1030,43,level_seasonal_integrated,0,06893557,1.9420024041945427
1030,43,level_seasonal_integrated,0,06893562,2.324174855641803
1030,43,level_seasonal_integrated,0,06893563,2.320710435179893
1030,43,level_seasonal_integrated,0,06893564,4.690078371282821
1030,43,level_seasonal_integrated,0,06893578,1.2647942016176832
1030,43,level_seasonal_integrated,0,06893620,1.146225958422107
1030,43,level_seasonal_integrated,0,06893820,0.9284434227990025
1030,43,level_seasonal_integrated,0,06893830,0.6912485343487911
1030,43,level_seasonal_integrated,0,06893890,0.6330862831295094
1030,43,level_seasonal_integrated,0,06893940,1.0654542167384926
1030,43,level_seasonal_integrated,0,06893970,0.946661738440661
1030,43,level_seasonal_integrated,0,06893990,1.2716017524500205
1030,43,level_seasonal_integrated,0,06894000,0.9318806638347736
1030,43,level_seasonal_integrated,0,06934500,0.742662096378293
1030,43,level_seasonal_native,0,06893150,0.9514342635137705
1030,43,level_seasonal_native,0,06893350,1.5234440774480644
1030,43,level_seasonal_native,0,06893390,2.474112014896298
1030,43,level_seasonal_native,0,06893400,3.497336262844427
1030,43,level_seasonal_native,0,06893500,2.0675464869494413
1030,43,level_seasonal_native,0,06893557,1.9420024041945427
1030,43,level_seasonal_native,0,06893562,2.324174855641803
1030,43,level_seasonal_native,0,06893563,2.320710435179893
1030,43,level_seasonal_native,0,06893564,4.690078371282821
1030,43,level_seasonal_native,0,06893578,1.2647942016176832
1030,43,level_seasonal_native,0,06893620,1.146225958422107
1030,43,level_seasonal_native,0,06893820,0.9284434227990025
1030,43,level_seasonal_native,0,06893830,0.6912485343487911
1030,43,level_seasonal_native,0,06893890,0.6330862831295094
1030,43,level_seasonal_native,0,06893940,1.0654542167384926
1030,43,level_seasonal_native,0,06893970,0.946661738440661
1030,43,level_seasonal_native,0,06893990,1.2716017524500205
1030,43,level_seasonal_native,0,06894000,0.9318806638347736
1030,43,level_seasonal_native,0,06934500,0.742662096378293
1030,43,matched_daily_trees,0,06893150,1.072621456884925
1030,43,matched_daily_trees,0,06893350,1.4182529221878246
1030,43,matched_daily_trees,0,06893390,1.7310438525055292
1030,43,matched_daily_trees,0,06893400,2.7579295433567457
1030,43,matched_daily_trees,0,06893500,1.7888861917452095
1030,43,matched_daily_trees,0,06893557,1.793217083636785
1030,43,matched_daily_trees,0,06893562,1.685580687411195
1030,43,matched_daily_trees,0,06893563,2.0963688892118677
1030,43,matched_daily_trees,0,06893564,3.8730281947715173
1030,43,matched_daily_trees,0,06893578,0.9466972468328678
1030,43,matched_daily_trees,0,06893620,1.7071986980768143
1030,43,matched_daily_trees,0,06893820,0.8580163926186827
1030,43,matched_daily_trees,0,06893830,1.038167854087164
1030,43,matched_daily_trees,0,06893890,0.6822369863105807
1030,43,matched_daily_trees,0,06893940,1.4255299688997485
1030,43,matched_daily_trees,0,06893970,1.1050537637346265
1030,43,matched_daily_trees,0,06893990,1.0982261796282191
1030,43,matched_daily_trees,0,06894000,1.0849827422183085
1030,43,matched_daily_trees,0,06934500,0.8807391391165802
1030,43,relative_fixed_integrated,0,06893150,1.1122739238124242
1030,43,relative_fixed_integrated,0,06893350,1.3954539759964861
1030,43,relative_fixed_integrated,0,06893390,1.9410074366419678
1030,43,relative_fixed_integrated,0,06893400,3.069321721704543
1030,43,relative_fixed_integrated,0,06893500,1.9858218044029627
1030,43,relative_fixed_integrated,0,06893557,1.7947163993348851
1030,43,relative_fixed_integrated,0,06893562,1.8858641076225826
1030,43,relative_fixed_integrated,0,06893563,2.2103507595476843
1030,43,relative_fixed_integrated,0,06893564,4.14731174270286
1030,43,relative_fixed_integrated,0,06893578,1.1202766080372855
1030,43,relative_fixed_integrated,0,06893620,1.42907404764576
1030,43,relative_fixed_integrated,0,06893820,0.805686819016699
1030,43,relative_fixed_integrated,0,06893830,0.8136825521372619
1030,43,relative_fixed_integrated,0,06893890,0.6223700227797236
1030,43,relative_fixed_integrated,0,06893940,1.1696376646766096
1030,43,relative_fixed_integrated,0,06893970,1.0294560235043912
1030,43,relative_fixed_integrated,0,06893990,1.1203469790991232
1030,43,relative_fixed_integrated,0,06894000,0.9726402156525064
1030,43,relative_fixed_integrated,0,06934500,0.748570564840249
1030,43,relative_fixed_native,0,06893150,1.1122739238124242
1030,43,relative_fixed_native,0,06893350,1.3954539759964861
1030,43,relative_fixed_native,0,06893390,1.9410074366419678
1030,43,relative_fixed_native,0,06893400,3.069321721704543
1030,43,relative_fixed_native,0,06893500,1.9858218044029627
1030,43,relative_fixed_native,0,06893557,1.7947163993348851
1030,43,relative_fixed_native,0,06893562,1.8858641076225826
1030,43,relative_fixed_native,0,06893563,2.2103507595476843
1030,43,relative_fixed_native,0,06893564,4.14731174270286
1030,43,relative_fixed_native,0,06893578,1.1202766080372855
1030,43,relative_fixed_native,0,06893620,1.42907404764576
1030,43,relative_fixed_native,0,06893820,0.805686819016699
1030,43,relative_fixed_native,0,06893830,0.8136825521372619
1030,43,relative_fixed_native,0,06893890,0.6223700227797236
1030,43,relative_fixed_native,0,06893940,1.1696376646766096
1030,43,relative_fixed_native,0,06893970,1.0294560235043912
1030,43,relative_fixed_native,0,06893990,1.1203469790991232
1030,43,relative_fixed_native,0,06894000,0.9726402156525064
1030,43,relative_fixed_native,0,06934500,0.748570564840249
1030,43,relative_historical_integrated,0,06893150,1.11743381763855
1030,43,relative_historical_integrated,0,06893350,1.3936859107086996
1030,43,relative_historical_integrated,0,06893390,1.9452607503323918
1030,43,relative_historical_integrated,0,06893400,3.073602026861648
1030,43,relative_historical_integrated,0,06893500,1.9956139558144383
1030,43,relative_historical_integrated,0,06893557,1.805412328042604
1030,43,relative_historical_integrated,0,06893562,1.8975966395321955
1030,43,relative_historical_integrated,0,06893563,2.2117649814740616
1030,43,relative_historical_integrated,0,06893564,4.155374227894417
1030,43,relative_historical_integrated,0,06893578,1.128972358922618
1030,43,relative_historical_integrated,0,06893620,1.4223278122386989
1030,43,relative_historical_integrated,0,06893820,0.8060113081366653
1030,43,relative_historical_integrated,0,06893830,0.8099330676558579
1030,43,relative_historical_integrated,0,06893890,0.6228543122423277
1030,43,relative_historical_integrated,0,06893940,1.1706251193045605
1030,43,relative_historical_integrated,0,06893970,1.025663963314521
1030,43,relative_historical_integrated,0,06893990,1.1304765780530173
1030,43,relative_historical_integrated,0,06894000,0.9718214359557009
1030,43,relative_historical_integrated,0,06934500,0.7647402137399907
1030,43,relative_historical_native,0,06893150,1.11743381763855
1030,43,relative_historical_native,0,06893350,1.3936859107086996
1030,43,relative_historical_native,0,06893390,1.9452607503323918
1030,43,relative_historical_native,0,06893400,3.073602026861648
1030,43,relative_historical_native,0,06893500,1.9956139558144383
1030,43,relative_historical_native,0,06893557,1.805412328042604
1030,43,relative_historical_native,0,06893562,1.8975966395321955
1030,43,relative_historical_native,0,06893563,2.2117649814740616
1030,43,relative_historical_native,0,06893564,4.155374227894417
1030,43,relative_historical_native,0,06893578,1.128972358922618
1030,43,relative_historical_native,0,06893620,1.4223278122386989
1030,43,relative_historical_native,0,06893820,0.8060113081366653
1030,43,relative_historical_native,0,06893830,0.8099330676558579
1030,43,relative_historical_native,0,06893890,0.6228543122423277
1030,43,relative_historical_native,0,06893940,1.1706251193045605
1030,43,relative_historical_native,0,06893970,1.025663963314521
1030,43,relative_historical_native,0,06893990,1.1304765780530173
1030,43,relative_historical_native,0,06894000,0.9718214359557009
1030,43,relative_historical_native,0,06934500,0.7647402137399907
1030,43,relative_real_integrated,0,06893150,1.0959684044058
1030,43,relative_real_integrated,0,06893350,1.3905600379991852
1030,43,relative_real_integrated,0,06893390,1.9281979041709667
1030,43,relative_real_integrated,0,06893400,3.0609115218487783
1030,43,relative_real_integrated,0,06893500,1.9614809895462804
1030,43,relative_real_integrated,0,06893557,1.7811134892467
1030,43,relative_real_integrated,0,06893562,1.8789043625756918
1030,43,relative_real_integrated,0,06893563,2.2067993551976053
1030,43,relative_real_integrated,0,06893564,4.12993329036541
1030,43,relative_real_integrated,0,06893578,1.1003146224395364
1030,43,relative_real_integrated,0,06893620,1.4462033819176454
1030,43,relative_real_integrated,0,06893820,0.8054841931313214
1030,43,relative_real_integrated,0,06893830,0.8261979900595694
1030,43,relative_real_integrated,0,06893890,0.6227521940202638
1030,43,relative_real_integrated,0,06893940,1.1716449396685455
1030,43,relative_real_integrated,0,06893970,1.0412857692140736
1030,43,relative_real_integrated,0,06893990,1.1099098990479053
1030,43,relative_real_integrated,0,06894000,0.9747499168037627
1030,43,relative_real_integrated,0,06934500,0.7447481310803932
1030,43,relative_real_native,0,06893150,1.0959684044058
1030,43,relative_real_native,0,06893350,1.3905600379991852
1030,43,relative_real_native,0,06893390,1.9281979041709667
1030,43,relative_real_native,0,06893400,3.0609115218487783
1030,43,relative_real_native,0,06893500,1.9614809895462804
1030,43,relative_real_native,0,06893557,1.7811134892467
1030,43,relative_real_native,0,06893562,1.8789043625756918
1030,43,relative_real_native,0,06893563,2.2067993551976053
1030,43,relative_real_native,0,06893564,4.12993329036541
1030,43,relative_real_native,0,06893578,1.1003146224395364
1030,43,relative_real_native,0,06893620,1.4462033819176454
1030,43,relative_real_native,0,06893820,0.8054841931313214
1030,43,relative_real_native,0,06893830,0.8261979900595694
1030,43,relative_real_native,0,06893890,0.6227521940202638
1030,43,relative_real_native,0,06893940,1.1716449396685455
1030,43,relative_real_native,0,06893970,1.0412857692140736
1030,43,relative_real_native,0,06893990,1.1099098990479053
1030,43,relative_real_native,0,06894000,0.9747499168037627
1030,43,relative_real_native,0,06934500,0.7447481310803932
1030,43,station_hidden_trees,0,06893150,1.1321868378126612
1030,43,station_hidden_trees,0,06893350,1.5243436362337137
1030,43,station_hidden_trees,0,06893390,1.9792978768567984
1030,43,station_hidden_trees,0,06893400,2.976712032444021
1030,43,station_hidden_trees,0,06893500,1.9996877800880084
1030,43,station_hidden_trees,0,06893557,1.8880799920636924
1030,43,station_hidden_trees,0,06893562,1.831225927374936
1030,43,station_hidden_trees,0,06893563,2.177156906508676
1030,43,station_hidden_trees,0,06893564,4.037077586037985
1030,43,station_hidden_trees,0,06893578,1.1518898553720558
1030,43,station_hidden_trees,0,06893620,1.4334367599495574
1030,43,station_hidden_trees,0,06893820,0.8222737663205468
1030,43,station_hidden_trees,0,06893830,0.8277211851816629
1030,43,station_hidden_trees,0,06893890,0.6060321374560533
1030,43,station_hidden_trees,0,06893940,1.2411640773866697
1030,43,station_hidden_trees,0,06893970,1.017592499935262
1030,43,station_hidden_trees,0,06893990,1.1765894829596055
1030,43,station_hidden_trees,0,06894000,1.0045228280307743
1030,43,station_hidden_trees,0,06934500,0.8574734389728824
1030,43,unmonitored_integrated,0,06893150,1.1146765940381473
1030,43,unmonitored_integrated,0,06893350,1.3901887523671517
1030,43,unmonitored_integrated,0,06893390,1.9408698725118405
1030,43,unmonitored_integrated,0,06893400,3.08119222450926
1030,43,unmonitored_integrated,0,06893500,1.9886396326436588
1030,43,unmonitored_integrated,0,06893557,1.7989312422527008
1030,43,unmonitored_integrated,0,06893562,1.9062528693560232
1030,43,unmonitored_integrated,0,06893563,2.21507457436526
1030,43,unmonitored_integrated,0,06893564,4.1737405630612425
1030,43,unmonitored_integrated,0,06893578,1.122491342686778
1030,43,unmonitored_integrated,0,06893620,1.4312157330346733
1030,43,unmonitored_integrated,0,06893820,0.8094383132637092
1030,43,unmonitored_integrated,0,06893830,0.8137505906872203
1030,43,unmonitored_integrated,0,06893890,0.622893476662182
1030,43,unmonitored_integrated,0,06893940,1.1660545685018793
1030,43,unmonitored_integrated,0,06893970,1.0309265782128945
1030,43,unmonitored_integrated,0,06893990,1.1276113316889689
1030,43,unmonitored_integrated,0,06894000,0.9750411528908344
1030,43,unmonitored_integrated,0,06934500,0.7641372959020606
1030,43,unmonitored_residual,0,06893150,1.1146765940381473
1030,43,unmonitored_residual,0,06893350,1.3901887523671517
1030,43,unmonitored_residual,0,06893390,1.9408698725118405
1030,43,unmonitored_residual,0,06893400,3.08119222450926
1030,43,unmonitored_residual,0,06893500,1.9886396326436588
1030,43,unmonitored_residual,0,06893557,1.7989312422527008
1030,43,unmonitored_residual,0,06893562,1.9062528693560232
1030,43,unmonitored_residual,0,06893563,2.21507457436526
1030,43,unmonitored_residual,0,06893564,4.1737405630612425
1030,43,unmonitored_residual,0,06893578,1.122491342686778
1030,43,unmonitored_residual,0,06893620,1.4312157330346733
1030,43,unmonitored_residual,0,06893820,0.8094383132637092
1030,43,unmonitored_residual,0,06893830,0.8137505906872203
1030,43,unmonitored_residual,0,06893890,0.622893476662182
1030,43,unmonitored_residual,0,06893940,1.1660545685018793
1030,43,unmonitored_residual,0,06893970,1.0309265782128945
1030,43,unmonitored_residual,0,06893990,1.1276113316889689
1030,43,unmonitored_residual,0,06894000,0.9750411528908344
1030,43,unmonitored_residual,0,06934500,0.7641372959020606
1030,44,attention_fixed_integrated,0,06893150,1.1971918432783204
1030,44,attention_fixed_integrated,0,06893350,1.3514832753336306
1030,44,attention_fixed_integrated,0,06893390,1.93421711334259
1030,44,attention_fixed_integrated,0,06893400,3.271007189042985
1030,44,attention_fixed_integrated,0,06893500,1.9224992396226066
1030,44,attention_fixed_integrated,0,06893557,1.7707976214643273
1030,44,attention_fixed_integrated,0,06893562,2.2214513243471496
1030,44,attention_fixed_integrated,0,06893563,2.3053556857388204
1030,44,attention_fixed_integrated,0,06893564,4.608164342880939
1030,44,attention_fixed_integrated,0,06893578,1.0005912455827186
1030,44,attention_fixed_integrated,0,06893620,1.4795853173059053
1030,44,attention_fixed_integrated,0,06893820,0.8278638889709592
1030,44,attention_fixed_integrated,0,06893830,0.8671403506342035
1030,44,attention_fixed_integrated,0,06893890,0.6559704824886499
1030,44,attention_fixed_integrated,0,06893940,1.0678736711284758
1030,44,attention_fixed_integrated,0,06893970,0.9731787059999916
1030,44,attention_fixed_integrated,0,06893990,0.8774763514939721
1030,44,attention_fixed_integrated,0,06894000,0.9880267102336986
1030,44,attention_fixed_integrated,0,06934500,0.8681601708012493
1030,44,attention_fixed_native,0,06893150,1.1971918432783204
1030,44,attention_fixed_native,0,06893350,1.3514832753336306
1030,44,attention_fixed_native,0,06893390,1.93421711334259
1030,44,attention_fixed_native,0,06893400,3.271007189042985
1030,44,attention_fixed_native,0,06893500,1.9224992396226066
1030,44,attention_fixed_native,0,06893557,1.7707976214643273
1030,44,attention_fixed_native,0,06893562,2.2214513243471496
1030,44,attention_fixed_native,0,06893563,2.3053556857388204
1030,44,attention_fixed_native,0,06893564,4.608164342880939
1030,44,attention_fixed_native,0,06893578,1.0005912455827186
1030,44,attention_fixed_native,0,06893620,1.4795853173059053
1030,44,attention_fixed_native,0,06893820,0.8278638889709592
1030,44,attention_fixed_native,0,06893830,0.8671403506342035
1030,44,attention_fixed_native,0,06893890,0.6559704824886499
1030,44,attention_fixed_native,0,06893940,1.0678736711284758
1030,44,attention_fixed_native,0,06893970,0.9731787059999916
1030,44,attention_fixed_native,0,06893990,0.8774763514939721
1030,44,attention_fixed_native,0,06894000,0.9880267102336986
1030,44,attention_fixed_native,0,06934500,0.8681601708012493
1030,44,attention_historical_integrated,0,06893150,1.2022194953821705
1030,44,attention_historical_integrated,0,06893350,1.3534703368791028
1030,44,attention_historical_integrated,0,06893390,1.9415860050241347
1030,44,attention_historical_integrated,0,06893400,3.271291315718155
1030,44,attention_historical_integrated,0,06893500,1.9271777826732284
1030,44,attention_historical_integrated,0,06893557,1.779613138239079
1030,44,attention_historical_integrated,0,06893562,2.226406969522206
1030,44,attention_historical_integrated,0,06893563,2.303054720640586
1030,44,attention_historical_integrated,0,06893564,4.613184513043061
1030,44,attention_historical_integrated,0,06893578,1.0038599083581714
1030,44,attention_historical_integrated,0,06893620,1.4789132620118062
1030,44,attention_historical_integrated,0,06893820,0.821065595462902
1030,44,attention_historical_integrated,0,06893830,0.8643755871050761
1030,44,attention_historical_integrated,0,06893890,0.6480719192556775
1030,44,attention_historical_integrated,0,06893940,1.0699331215532695
1030,44,attention_historical_integrated,0,06893970,0.9666383103407992
1030,44,attention_historical_integrated,0,06893990,0.8835227313837328
1030,44,attention_historical_integrated,0,06894000,0.987477425064768
1030,44,attention_historical_integrated,0,06934500,0.8804488547064512
1030,44,attention_historical_native,0,06893150,1.2022194953821705
1030,44,attention_historical_native,0,06893350,1.3534703368791028
1030,44,attention_historical_native,0,06893390,1.9415860050241347
1030,44,attention_historical_native,0,06893400,3.271291315718155
1030,44,attention_historical_native,0,06893500,1.9271777826732284
1030,44,attention_historical_native,0,06893557,1.779613138239079
1030,44,attention_historical_native,0,06893562,2.226406969522206
1030,44,attention_historical_native,0,06893563,2.303054720640586
1030,44,attention_historical_native,0,06893564,4.613184513043061
1030,44,attention_historical_native,0,06893578,1.0038599083581714
1030,44,attention_historical_native,0,06893620,1.4789132620118062
1030,44,attention_historical_native,0,06893820,0.821065595462902
1030,44,attention_historical_native,0,06893830,0.8643755871050761
1030,44,attention_historical_native,0,06893890,0.6480719192556775
1030,44,attention_historical_native,0,06893940,1.0699331215532695
1030,44,attention_historical_native,0,06893970,0.9666383103407992
1030,44,attention_historical_native,0,06893990,0.8835227313837328
1030,44,attention_historical_native,0,06894000,0.987477425064768
1030,44,attention_historical_native,0,06934500,0.8804488547064512
1030,44,attention_real_integrated,0,06893150,1.162544224436553
1030,44,attention_real_integrated,0,06893350,1.3346026687037997
1030,44,attention_real_integrated,0,06893390,1.9021667317184503
1030,44,attention_real_integrated,0,06893400,3.2494272260172443
1030,44,attention_real_integrated,0,06893500,1.8813189208380314
1030,44,attention_real_integrated,0,06893557,1.7520273066352454
1030,44,attention_real_integrated,0,06893562,2.1969189100084594
1030,44,attention_real_integrated,0,06893563,2.297441477934732
1030,44,attention_real_integrated,0,06893564,4.580521870130329
1030,44,attention_real_integrated,0,06893578,0.9711896254785576
1030,44,attention_real_integrated,0,06893620,1.5149960909142903
1030,44,attention_real_integrated,0,06893820,0.8404901644924978
1030,44,attention_real_integrated,0,06893830,0.893427196426461
1030,44,attention_real_integrated,0,06893890,0.6560086370164229
1030,44,attention_real_integrated,0,06893940,1.0760916694107872
1030,44,attention_real_integrated,0,06893970,0.9987146902441891
1030,44,attention_real_integrated,0,06893990,0.878816847821168
1030,44,attention_real_integrated,0,06894000,1.0017176779299348
1030,44,attention_real_integrated,0,06934500,0.8843989645144419
1030,44,attention_real_native,0,06893150,1.162544224436553
1030,44,attention_real_native,0,06893350,1.3346026687037997
1030,44,attention_real_native,0,06893390,1.9021667317184503
1030,44,attention_real_native,0,06893400,3.2494272260172443
1030,44,attention_real_native,0,06893500,1.8813189208380314
1030,44,attention_real_native,0,06893557,1.7520273066352454
1030,44,attention_real_native,0,06893562,2.1969189100084594
1030,44,attention_real_native,0,06893563,2.297441477934732
1030,44,attention_real_native,0,06893564,4.580521870130329
1030,44,attention_real_native,0,06893578,0.9711896254785576
1030,44,attention_real_native,0,06893620,1.5149960909142903
1030,44,attention_real_native,0,06893820,0.8404901644924978
1030,44,attention_real_native,0,06893830,0.893427196426461
1030,44,attention_real_native,0,06893890,0.6560086370164229
1030,44,attention_real_native,0,06893940,1.0760916694107872
1030,44,attention_real_native,0,06893970,0.9987146902441891
1030,44,attention_real_native,0,06893990,0.878816847821168
1030,44,attention_real_native,0,06894000,1.0017176779299348
1030,44,attention_real_native,0,06934500,0.8843989645144419
1030,44,current_model,0,06893150,0.9084705685403505
1030,44,current_model,0,06893350,1.255979511353984
1030,44,current_model,0,06893390,1.551675538685162
1030,44,current_model,0,06893400,2.09891420495296
1030,44,current_model,0,06893500,1.5088847643188712
1030,44,current_model,0,06893557,1.7197544390407749
1030,44,current_model,0,06893562,1.5533605250571396
1030,44,current_model,0,06893563,2.0455972449757116
1030,44,current_model,0,06893564,3.5555421928069393
1030,44,current_model,0,06893578,0.8826409808577742
1030,44,current_model,0,06893620,1.8221708254220357
1030,44,current_model,0,06893820,0.9709387666286019
1030,44,current_model,0,06893830,1.1548474846084456
1030,44,current_model,0,06893890,0.8283913123136123
1030,44,current_model,0,06893940,1.5372495688727872
1030,44,current_model,0,06893970,1.2612028191228057
1030,44,current_model,0,06893990,1.29697461377601
1030,44,current_model,0,06894000,1.3588550825949859
1030,44,current_model,0,06934500,0.7783889766775681
1030,44,innovation_real_integrated,0,06893150,1.193940745895303
1030,44,innovation_real_integrated,0,06893350,1.352604989168281
1030,44,innovation_real_integrated,0,06893390,1.9324708403530415
1030,44,innovation_real_integrated,0,06893400,3.2641216914450073
1030,44,innovation_real_integrated,0,06893500,1.920666496642207
1030,44,innovation_real_integrated,0,06893557,1.771361410433321
1030,44,innovation_real_integrated,0,06893562,2.2148772491536683
1030,44,innovation_real_integrated,0,06893563,2.3024462459079946
1030,44,innovation_real_integrated,0,06893564,4.601688792861861
1030,44,innovation_real_integrated,0,06893578,0.9990126686940365
1030,44,innovation_real_integrated,0,06893620,1.4819813918780003
1030,44,innovation_real_integrated,0,06893820,0.8291782114826437
1030,44,innovation_real_integrated,0,06893830,0.8683695991950164
1030,44,innovation_real_integrated,0,06893890,0.6540788111603576
1030,44,innovation_real_integrated,0,06893940,1.0705316159824108
1030,44,innovation_real_integrated,0,06893970,0.9745769093915733
1030,44,innovation_real_integrated,0,06893990,0.8809912505945482
1030,44,innovation_real_integrated,0,06894000,0.9890204495911068
1030,44,innovation_real_integrated,0,06934500,0.8697877931134937
1030,44,innovation_real_native,0,06893150,1.193940745895303
1030,44,innovation_real_native,0,06893350,1.352604989168281
1030,44,innovation_real_native,0,06893390,1.9324708403530415
1030,44,innovation_real_native,0,06893400,3.2641216914450073
1030,44,innovation_real_native,0,06893500,1.920666496642207
1030,44,innovation_real_native,0,06893557,1.771361410433321
1030,44,innovation_real_native,0,06893562,2.2148772491536683
1030,44,innovation_real_native,0,06893563,2.3024462459079946
1030,44,innovation_real_native,0,06893564,4.601688792861861
1030,44,innovation_real_native,0,06893578,0.9990126686940365
1030,44,innovation_real_native,0,06893620,1.4819813918780003
1030,44,innovation_real_native,0,06893820,0.8291782114826437
1030,44,innovation_real_native,0,06893830,0.8683695991950164
1030,44,innovation_real_native,0,06893890,0.6540788111603576
1030,44,innovation_real_native,0,06893940,1.0705316159824108
1030,44,innovation_real_native,0,06893970,0.9745769093915733
1030,44,innovation_real_native,0,06893990,0.8809912505945482
1030,44,innovation_real_native,0,06894000,0.9890204495911068
1030,44,innovation_real_native,0,06934500,0.8697877931134937
1030,44,innovation_real_trees,0,06893150,1.1576930308916649
1030,44,innovation_real_trees,0,06893350,1.561249569769095
1030,44,innovation_real_trees,0,06893390,2.015469179847647
1030,44,innovation_real_trees,0,06893400,2.9813742266529895
1030,44,innovation_real_trees,0,06893500,1.9946528307664353
1030,44,innovation_real_trees,0,06893557,1.9155452551245362
1030,44,innovation_real_trees,0,06893562,1.7929295829036918
1030,44,innovation_real_trees,0,06893563,2.0910923123703853
1030,44,innovation_real_trees,0,06893564,4.051386648398374
1030,44,innovation_real_trees,0,06893578,1.0507267594428975
1030,44,innovation_real_trees,0,06893620,1.4044917103400765
1030,44,innovation_real_trees,0,06893820,0.8569655165721277
1030,44,innovation_real_trees,0,06893830,0.8608246091289394
1030,44,innovation_real_trees,0,06893890,0.6883318369901464
1030,44,innovation_real_trees,0,06893940,1.2660127592971904
1030,44,innovation_real_trees,0,06893970,0.9945815789548297
1030,44,innovation_real_trees,0,06893990,0.923350046548784
1030,44,innovation_real_trees,0,06894000,1.0513990452405666
1030,44,innovation_real_trees,0,06934500,0.8696398058622239
1030,44,level_fixed_integrated,0,06893150,1.1808185015733836
1030,44,level_fixed_integrated,0,06893350,1.3534623677983582
1030,44,level_fixed_integrated,0,06893390,1.9285315244155818
1030,44,level_fixed_integrated,0,06893400,3.2682382449995253
1030,44,level_fixed_integrated,0,06893500,1.9156685552151007
1030,44,level_fixed_integrated,0,06893557,1.771305834385898
1030,44,level_fixed_integrated,0,06893562,2.2063558617604984
1030,44,level_fixed_integrated,0,06893563,2.297085447212655
1030,44,level_fixed_integrated,0,06893564,4.5925142559482275
1030,44,level_fixed_integrated,0,06893578,0.9971426612846328
1030,44,level_fixed_integrated,0,06893620,1.487340405494625
1030,44,level_fixed_integrated,0,06893820,0.8335218509146591
1030,44,level_fixed_integrated,0,06893830,0.8736041266852338
1030,44,level_fixed_integrated,0,06893890,0.6526400645630636
1030,44,level_fixed_integrated,0,06893940,1.0768592634589196
1030,44,level_fixed_integrated,0,06893970,0.9784353703617963
1030,44,level_fixed_integrated,0,06893990,0.8857593763074197
1030,44,level_fixed_integrated,0,06894000,0.9893863620159634
1030,44,level_fixed_integrated,0,06934500,0.8725360627692713
1030,44,level_fixed_native,0,06893150,1.1808185015733836
1030,44,level_fixed_native,0,06893350,1.3534623677983582
1030,44,level_fixed_native,0,06893390,1.9285315244155818
1030,44,level_fixed_native,0,06893400,3.2682382449995253
1030,44,level_fixed_native,0,06893500,1.9156685552151007
1030,44,level_fixed_native,0,06893557,1.771305834385898
1030,44,level_fixed_native,0,06893562,2.2063558617604984
1030,44,level_fixed_native,0,06893563,2.297085447212655
1030,44,level_fixed_native,0,06893564,4.5925142559482275
1030,44,level_fixed_native,0,06893578,0.9971426612846328
1030,44,level_fixed_native,0,06893620,1.487340405494625
1030,44,level_fixed_native,0,06893820,0.8335218509146591
1030,44,level_fixed_native,0,06893830,0.8736041266852338
1030,44,level_fixed_native,0,06893890,0.6526400645630636
1030,44,level_fixed_native,0,06893940,1.0768592634589196
1030,44,level_fixed_native,0,06893970,0.9784353703617963
1030,44,level_fixed_native,0,06893990,0.8857593763074197
1030,44,level_fixed_native,0,06894000,0.9893863620159634
1030,44,level_fixed_native,0,06934500,0.8725360627692713
1030,44,level_historical_integrated,0,06893150,1.1976740959980334
1030,44,level_historical_integrated,0,06893350,1.3520316378464297
1030,44,level_historical_integrated,0,06893390,1.9408753460529145
1030,44,level_historical_integrated,0,06893400,3.290047590990359
1030,44,level_historical_integrated,0,06893500,1.9330320026295087
1030,44,level_historical_integrated,0,06893557,1.7844264371585943
1030,44,level_historical_integrated,0,06893562,2.2372039283009726
1030,44,level_historical_integrated,0,06893563,2.3040536282914785
1030,44,level_historical_integrated,0,06893564,4.631495648513928
1030,44,level_historical_integrated,0,06893578,1.0094967802152226
1030,44,level_historical_integrated,0,06893620,1.4750163599961492
1030,44,level_historical_integrated,0,06893820,0.8221081678166976
1030,44,level_historical_integrated,0,06893830,0.8646095180517079
1030,44,level_historical_integrated,0,06893890,0.6523575534395354
1030,44,level_historical_integrated,0,06893940,1.070742895821688
1030,44,level_historical_integrated,0,06893970,0.9684814019160258
1030,44,level_historical_integrated,0,06893990,0.8833557140601026
1030,44,level_historical_integrated,0,06894000,0.9851082966025367
1030,44,level_historical_integrated,0,06934500,0.8833801174680109
1030,44,level_historical_native,0,06893150,1.1976740959980334
1030,44,level_historical_native,0,06893350,1.3520316378464297
1030,44,level_historical_native,0,06893390,1.9408753460529145
1030,44,level_historical_native,0,06893400,3.290047590990359
1030,44,level_historical_native,0,06893500,1.9330320026295087
1030,44,level_historical_native,0,06893557,1.7844264371585943
1030,44,level_historical_native,0,06893562,2.2372039283009726
1030,44,level_historical_native,0,06893563,2.3040536282914785
1030,44,level_historical_native,0,06893564,4.631495648513928
1030,44,level_historical_native,0,06893578,1.0094967802152226
1030,44,level_historical_native,0,06893620,1.4750163599961492
1030,44,level_historical_native,0,06893820,0.8221081678166976
1030,44,level_historical_native,0,06893830,0.8646095180517079
1030,44,level_historical_native,0,06893890,0.6523575534395354
1030,44,level_historical_native,0,06893940,1.070742895821688
1030,44,level_historical_native,0,06893970,0.9684814019160258
1030,44,level_historical_native,0,06893990,0.8833557140601026
1030,44,level_historical_native,0,06894000,0.9851082966025367
1030,44,level_historical_native,0,06934500,0.8833801174680109
1030,44,level_real_integrated,0,06893150,1.1161967904952859
1030,44,level_real_integrated,0,06893350,1.2713177519741343
1030,44,level_real_integrated,0,06893390,1.9089926687511498
1030,44,level_real_integrated,0,06893400,3.3672920402937407
1030,44,level_real_integrated,0,06893500,1.8952079483800062
1030,44,level_real_integrated,0,06893557,1.7311866349365646
1030,44,level_real_integrated,0,06893562,2.270979941677226
1030,44,level_real_integrated,0,06893563,2.249097101957153
1030,44,level_real_integrated,0,06893564,4.641212426679692
1030,44,level_real_integrated,0,06893578,1.009546093030224
1030,44,level_real_integrated,0,06893620,1.5622363084865574
1030,44,level_real_integrated,0,06893820,0.7842296340157812
1030,44,level_real_integrated,0,06893830,0.931425990748553
1030,44,level_real_integrated,0,06893890,0.6551634733940308
1030,44,level_real_integrated,0,06893940,1.088863446399991
1030,44,level_real_integrated,0,06893970,0.9686452236032693
1030,44,level_real_integrated,0,06893990,0.889445939132296
1030,44,level_real_integrated,0,06894000,0.9027331836951363
1030,44,level_real_integrated,0,06934500,0.9257242577684717
1030,44,level_real_native,0,06893150,1.1161967904952859
1030,44,level_real_native,0,06893350,1.2713177519741343
1030,44,level_real_native,0,06893390,1.9089926687511498
1030,44,level_real_native,0,06893400,3.3672920402937407
1030,44,level_real_native,0,06893500,1.8952079483800062
1030,44,level_real_native,0,06893557,1.7311866349365646
1030,44,level_real_native,0,06893562,2.270979941677226
1030,44,level_real_native,0,06893563,2.249097101957153
1030,44,level_real_native,0,06893564,4.641212426679692
1030,44,level_real_native,0,06893578,1.009546093030224
1030,44,level_real_native,0,06893620,1.5622363084865574
1030,44,level_real_native,0,06893820,0.7842296340157812
1030,44,level_real_native,0,06893830,0.931425990748553
1030,44,level_real_native,0,06893890,0.6551634733940308
1030,44,level_real_native,0,06893940,1.088863446399991
1030,44,level_real_native,0,06893970,0.9686452236032693
1030,44,level_real_native,0,06893990,0.889445939132296
1030,44,level_real_native,0,06894000,0.9027331836951363
1030,44,level_real_native,0,06934500,0.9257242577684717
1030,44,level_seasonal_integrated,0,06893150,1.18129767746091
1030,44,level_seasonal_integrated,0,06893350,1.3431882656539766
1030,44,level_seasonal_integrated,0,06893390,1.941645596760779
1030,44,level_seasonal_integrated,0,06893400,3.28934562388095
1030,44,level_seasonal_integrated,0,06893500,1.9323133326419868
1030,44,level_seasonal_integrated,0,06893557,1.7838382369000931
1030,44,level_seasonal_integrated,0,06893562,2.218318910748229
1030,44,level_seasonal_integrated,0,06893563,2.2956648273867506
1030,44,level_seasonal_integrated,0,06893564,4.623584701715934
1030,44,level_seasonal_integrated,0,06893578,1.015079268900448
1030,44,level_seasonal_integrated,0,06893620,1.4892013730904452
1030,44,level_seasonal_integrated,0,06893820,0.8344065081144835
1030,44,level_seasonal_integrated,0,06893830,0.8725570028534799
1030,44,level_seasonal_integrated,0,06893890,0.6474586450137174
1030,44,level_seasonal_integrated,0,06893940,1.0787458114224167
1030,44,level_seasonal_integrated,0,06893970,0.9797290129572066
1030,44,level_seasonal_integrated,0,06893990,0.8933466788900244
1030,44,level_seasonal_integrated,0,06894000,0.9885466404476925
1030,44,level_seasonal_integrated,0,06934500,0.8845684444707987
1030,44,level_seasonal_native,0,06893150,1.18129767746091
1030,44,level_seasonal_native,0,06893350,1.3431882656539766
1030,44,level_seasonal_native,0,06893390,1.941645596760779
1030,44,level_seasonal_native,0,06893400,3.28934562388095
1030,44,level_seasonal_native,0,06893500,1.9323133326419868
1030,44,level_seasonal_native,0,06893557,1.7838382369000931
1030,44,level_seasonal_native,0,06893562,2.218318910748229
1030,44,level_seasonal_native,0,06893563,2.2956648273867506
1030,44,level_seasonal_native,0,06893564,4.623584701715934
1030,44,level_seasonal_native,0,06893578,1.015079268900448
1030,44,level_seasonal_native,0,06893620,1.4892013730904452
1030,44,level_seasonal_native,0,06893820,0.8344065081144835
1030,44,level_seasonal_native,0,06893830,0.8725570028534799
1030,44,level_seasonal_native,0,06893890,0.6474586450137174
1030,44,level_seasonal_native,0,06893940,1.0787458114224167
1030,44,level_seasonal_native,0,06893970,0.9797290129572066
1030,44,level_seasonal_native,0,06893990,0.8933466788900244
1030,44,level_seasonal_native,0,06894000,0.9885466404476925
1030,44,level_seasonal_native,0,06934500,0.8845684444707987
1030,44,matched_daily_trees,0,06893150,1.0352816322797151
1030,44,matched_daily_trees,0,06893350,1.4109782036917204
1030,44,matched_daily_trees,0,06893390,1.6964668920356032
1030,44,matched_daily_trees,0,06893400,2.633050502293808
1030,44,matched_daily_trees,0,06893500,1.778120877420611
1030,44,matched_daily_trees,0,06893557,1.7710683299709447
1030,44,matched_daily_trees,0,06893562,1.5718901854168972
1030,44,matched_daily_trees,0,06893563,2.0621395063164942
1030,44,matched_daily_trees,0,06893564,3.7264739256787363
1030,44,matched_daily_trees,0,06893578,0.8948619729890189
1030,44,matched_daily_trees,0,06893620,1.6816415176170194
1030,44,matched_daily_trees,0,06893820,0.957989297405777
1030,44,matched_daily_trees,0,06893830,1.0957532950916418
1030,44,matched_daily_trees,0,06893890,0.7121666395171911
1030,44,matched_daily_trees,0,06893940,1.4138994739883122
1030,44,matched_daily_trees,0,06893970,1.1877147551370393
1030,44,matched_daily_trees,0,06893990,1.17828426598672
1030,44,matched_daily_trees,0,06894000,1.1079077787751146
1030,44,matched_daily_trees,0,06934500,0.8670224158628741
1030,44,relative_fixed_integrated,0,06893150,1.188415864810279
1030,44,relative_fixed_integrated,0,06893350,1.3519826189427393
1030,44,relative_fixed_integrated,0,06893390,1.9279264632123405
1030,44,relative_fixed_integrated,0,06893400,3.2651194432927446
1030,44,relative_fixed_integrated,0,06893500,1.9134718735076963
1030,44,relative_fixed_integrated,0,06893557,1.766164267783347
1030,44,relative_fixed_integrated,0,06893562,2.2117642323504545
1030,44,relative_fixed_integrated,0,06893563,2.303004888578507
1030,44,relative_fixed_integrated,0,06893564,4.594161752751166
1030,44,relative_fixed_integrated,0,06893578,0.9934234271181729
1030,44,relative_fixed_integrated,0,06893620,1.4871741204790514
1030,44,relative_fixed_integrated,0,06893820,0.8308460155863685
1030,44,relative_fixed_integrated,0,06893830,0.8714121917985982
1030,44,relative_fixed_integrated,0,06893890,0.6531654691365191
1030,44,relative_fixed_integrated,0,06893940,1.0692208478073684
1030,44,relative_fixed_integrated,0,06893970,0.9774471840992482
1030,44,relative_fixed_integrated,0,06893990,0.8776205700409757
1030,44,relative_fixed_integrated,0,06894000,0.9900261277436583
1030,44,relative_fixed_integrated,0,06934500,0.864733281977323
1030,44,relative_fixed_native,0,06893150,1.188415864810279
1030,44,relative_fixed_native,0,06893350,1.3519826189427393
1030,44,relative_fixed_native,0,06893390,1.9279264632123405
1030,44,relative_fixed_native,0,06893400,3.2651194432927446
1030,44,relative_fixed_native,0,06893500,1.9134718735076963
1030,44,relative_fixed_native,0,06893557,1.766164267783347
1030,44,relative_fixed_native,0,06893562,2.2117642323504545
1030,44,relative_fixed_native,0,06893563,2.303004888578507
1030,44,relative_fixed_native,0,06893564,4.594161752751166
1030,44,relative_fixed_native,0,06893578,0.9934234271181729
1030,44,relative_fixed_native,0,06893620,1.4871741204790514
1030,44,relative_fixed_native,0,06893820,0.8308460155863685
1030,44,relative_fixed_native,0,06893830,0.8714121917985982
1030,44,relative_fixed_native,0,06893890,0.6531654691365191
1030,44,relative_fixed_native,0,06893940,1.0692208478073684
1030,44,relative_fixed_native,0,06893970,0.9774471840992482
1030,44,relative_fixed_native,0,06893990,0.8776205700409757
1030,44,relative_fixed_native,0,06894000,0.9900261277436583
1030,44,relative_fixed_native,0,06934500,0.864733281977323
1030,44,relative_historical_integrated,0,06893150,1.2048564326283726
1030,44,relative_historical_integrated,0,06893350,1.35907903353398
1030,44,relative_historical_integrated,0,06893390,1.9461454530875082
1030,44,relative_historical_integrated,0,06893400,3.2680407267447915
1030,44,relative_historical_integrated,0,06893500,1.932665240663095
1030,44,relative_historical_integrated,0,06893557,1.7836110394275548
1030,44,relative_historical_integrated,0,06893562,2.223715714392808
1030,44,relative_historical_integrated,0,06893563,2.3017264739726047
1030,44,relative_historical_integrated,0,06893564,4.6101980082432705
1030,44,relative_historical_integrated,0,06893578,1.0088155487830421
1030,44,relative_historical_integrated,0,06893620,1.4737089993234467
1030,44,relative_historical_integrated,0,06893820,0.8187442375813277
1030,44,relative_historical_integrated,0,06893830,0.8600534637286515
1030,44,relative_historical_integrated,0,06893890,0.6473370524583009
1030,44,relative_historical_integrated,0,06893940,1.0708015649270672
1030,44,relative_historical_integrated,0,06893970,0.9625172349425105
1030,44,relative_historical_integrated,0,06893990,0.8850971816892628
1030,44,relative_historical_integrated,0,06894000,0.9853396765117115
1030,44,relative_historical_integrated,0,06934500,0.8791219886028218
1030,44,relative_historical_native,0,06893150,1.2048564326283726
1030,44,relative_historical_native,0,06893350,1.35907903353398
1030,44,relative_historical_native,0,06893390,1.9461454530875082
1030,44,relative_historical_native,0,06893400,3.2680407267447915
1030,44,relative_historical_native,0,06893500,1.932665240663095
1030,44,relative_historical_native,0,06893557,1.7836110394275548
1030,44,relative_historical_native,0,06893562,2.223715714392808
1030,44,relative_historical_native,0,06893563,2.3017264739726047
1030,44,relative_historical_native,0,06893564,4.6101980082432705
1030,44,relative_historical_native,0,06893578,1.0088155487830421
1030,44,relative_historical_native,0,06893620,1.4737089993234467
1030,44,relative_historical_native,0,06893820,0.8187442375813277
1030,44,relative_historical_native,0,06893830,0.8600534637286515
1030,44,relative_historical_native,0,06893890,0.6473370524583009
1030,44,relative_historical_native,0,06893940,1.0708015649270672
1030,44,relative_historical_native,0,06893970,0.9625172349425105
1030,44,relative_historical_native,0,06893990,0.8850971816892628
1030,44,relative_historical_native,0,06894000,0.9853396765117115
1030,44,relative_historical_native,0,06934500,0.8791219886028218
1030,44,relative_real_integrated,0,06893150,1.1545071577179238
1030,44,relative_real_integrated,0,06893350,1.3501250085233467
1030,44,relative_real_integrated,0,06893390,1.9135092797013815
1030,44,relative_real_integrated,0,06893400,3.240708818550133
1030,44,relative_real_integrated,0,06893500,1.8923723371487833
1030,44,relative_real_integrated,0,06893557,1.7560564368562668
1030,44,relative_real_integrated,0,06893562,2.1860934686112086
1030,44,relative_real_integrated,0,06893563,2.292916486373718
1030,44,relative_real_integrated,0,06893564,4.563102862627004
1030,44,relative_real_integrated,0,06893578,0.9767464134033751
1030,44,relative_real_integrated,0,06893620,1.501660421048355
1030,44,relative_real_integrated,0,06893820,0.8047728644091885
1030,44,relative_real_integrated,0,06893830,0.8830865282034229
1030,44,relative_real_integrated,0,06893890,0.6689344115216708
1030,44,relative_real_integrated,0,06893940,1.077554939076883
1030,44,relative_real_integrated,0,06893970,0.972791245466462
1030,44,relative_real_integrated,0,06893990,0.8708323684108602
1030,44,relative_real_integrated,0,06894000,0.9599348496224327
1030,44,relative_real_integrated,0,06934500,0.8729291203776793
1030,44,relative_real_native,0,06893150,1.1545071577179238
1030,44,relative_real_native,0,06893350,1.3501250085233467
1030,44,relative_real_native,0,06893390,1.9135092797013815
1030,44,relative_real_native,0,06893400,3.240708818550133
1030,44,relative_real_native,0,06893500,1.8923723371487833
1030,44,relative_real_native,0,06893557,1.7560564368562668
1030,44,relative_real_native,0,06893562,2.1860934686112086
1030,44,relative_real_native,0,06893563,2.292916486373718
1030,44,relative_real_native,0,06893564,4.563102862627004
1030,44,relative_real_native,0,06893578,0.9767464134033751
1030,44,relative_real_native,0,06893620,1.501660421048355
1030,44,relative_real_native,0,06893820,0.8047728644091885
1030,44,relative_real_native,0,06893830,0.8830865282034229
1030,44,relative_real_native,0,06893890,0.6689344115216708
1030,44,relative_real_native,0,06893940,1.077554939076883
1030,44,relative_real_native,0,06893970,0.972791245466462
1030,44,relative_real_native,0,06893990,0.8708323684108602
1030,44,relative_real_native,0,06894000,0.9599348496224327
1030,44,relative_real_native,0,06934500,0.8729291203776793
1030,44,station_hidden_trees,0,06893150,1.2246027123538077
1030,44,station_hidden_trees,0,06893350,1.5723128910317719
1030,44,station_hidden_trees,0,06893390,2.0777888963220192
1030,44,station_hidden_trees,0,06893400,3.182719564641841
1030,44,station_hidden_trees,0,06893500,2.0955040052831717
1030,44,station_hidden_trees,0,06893557,1.9595439208763454
1030,44,station_hidden_trees,0,06893562,2.0983380359352113
1030,44,station_hidden_trees,0,06893563,2.2781054678918675
1030,44,station_hidden_trees,0,06893564,4.512582530303824
1030,44,station_hidden_trees,0,06893578,1.1593313159902026
1030,44,station_hidden_trees,0,06893620,1.4417195679870627
1030,44,station_hidden_trees,0,06893820,0.8314132228925871
1030,44,station_hidden_trees,0,06893830,0.8089052949865894
1030,44,station_hidden_trees,0,06893890,0.5734184457588929
1030,44,station_hidden_trees,0,06893940,1.0953750833818887
1030,44,station_hidden_trees,0,06893970,0.9454802655361502
1030,44,station_hidden_trees,0,06893990,0.9367119817272881
1030,44,station_hidden_trees,0,06894000,0.9599923335026962
1030,44,station_hidden_trees,0,06934500,0.8552870949050608
1030,44,unmonitored_integrated,0,06893150,1.1873408262923149
1030,44,unmonitored_integrated,0,06893350,1.3314378522203827
1030,44,unmonitored_integrated,0,06893390,1.9196329286577996
1030,44,unmonitored_integrated,0,06893400,3.2675924697033176
1030,44,unmonitored_integrated,0,06893500,1.9076687963508894
1030,44,unmonitored_integrated,0,06893557,1.7629055422691295
1030,44,unmonitored_integrated,0,06893562,2.226910917599448
1030,44,unmonitored_integrated,0,06893563,2.302220136977563
1030,44,unmonitored_integrated,0,06893564,4.616661503636865
1030,44,unmonitored_integrated,0,06893578,0.9864250092147342
1030,44,unmonitored_integrated,0,06893620,1.4984481947609278
1030,44,unmonitored_integrated,0,06893820,0.8343026594069377
1030,44,unmonitored_integrated,0,06893830,0.8815486042236584
1030,44,unmonitored_integrated,0,06893890,0.6542967982739754
1030,44,unmonitored_integrated,0,06893940,1.070111353152286
1030,44,unmonitored_integrated,0,06893970,0.9874223796263251
1030,44,unmonitored_integrated,0,06893990,0.882972796792167
1030,44,unmonitored_integrated,0,06894000,0.9972377935471107
1030,44,unmonitored_integrated,0,06934500,0.881582356487928
1030,44,unmonitored_residual,0,06893150,1.1873408262923149
1030,44,unmonitored_residual,0,06893350,1.3314378522203827
1030,44,unmonitored_residual,0,06893390,1.9196329286577996
1030,44,unmonitored_residual,0,06893400,3.2675924697033176
1030,44,unmonitored_residual,0,06893500,1.9076687963508894
1030,44,unmonitored_residual,0,06893557,1.7629055422691295
1030,44,unmonitored_residual,0,06893562,2.226910917599448
1030,44,unmonitored_residual,0,06893563,2.302220136977563
1030,44,unmonitored_residual,0,06893564,4.616661503636865
1030,44,unmonitored_residual,0,06893578,0.9864250092147342
1030,44,unmonitored_residual,0,06893620,1.4984481947609278
1030,44,unmonitored_residual,0,06893820,0.8343026594069377
1030,44,unmonitored_residual,0,06893830,0.8815486042236584
1030,44,unmonitored_residual,0,06893890,0.6542967982739754
1030,44,unmonitored_residual,0,06893940,1.070111353152286
1030,44,unmonitored_residual,0,06893970,0.9874223796263251
1030,44,unmonitored_residual,0,06893990,0.882972796792167
1030,44,unmonitored_residual,0,06894000,0.9972377935471107
1030,44,unmonitored_residual,0,06934500,0.881582356487928
1030,45,attention_fixed_integrated,0,06893150,1.0602180718493488
1030,45,attention_fixed_integrated,0,06893350,1.287850229300726
1030,45,attention_fixed_integrated,0,06893390,1.9069290695730137
1030,45,attention_fixed_integrated,0,06893400,3.2509412143275127
1030,45,attention_fixed_integrated,0,06893500,1.915451331436861
1030,45,attention_fixed_integrated,0,06893557,1.7309789495934806
1030,45,attention_fixed_integrated,0,06893562,1.9712161508608979
1030,45,attention_fixed_integrated,0,06893563,2.2211738888493504
1030,45,attention_fixed_integrated,0,06893564,4.347275927665683
1030,45,attention_fixed_integrated,0,06893578,1.0201717651739255
1030,45,attention_fixed_integrated,0,06893620,1.587342413246772
1030,45,attention_fixed_integrated,0,06893820,0.8060554725839963
1030,45,attention_fixed_integrated,0,06893830,0.9226375107586275
1030,45,attention_fixed_integrated,0,06893890,0.6515000393165208
1030,45,attention_fixed_integrated,0,06893940,1.1374828821538157
1030,45,attention_fixed_integrated,0,06893970,1.1188567439300647
1030,45,attention_fixed_integrated,0,06893990,0.9699275728555995
1030,45,attention_fixed_integrated,0,06894000,0.9783330196409036
1030,45,attention_fixed_integrated,0,06934500,0.7817678780595448
1030,45,attention_fixed_native,0,06893150,1.0602180718493488
1030,45,attention_fixed_native,0,06893350,1.287850229300726
1030,45,attention_fixed_native,0,06893390,1.9069290695730137
1030,45,attention_fixed_native,0,06893400,3.2509412143275127
1030,45,attention_fixed_native,0,06893500,1.915451331436861
1030,45,attention_fixed_native,0,06893557,1.7309789495934806
1030,45,attention_fixed_native,0,06893562,1.9712161508608979
1030,45,attention_fixed_native,0,06893563,2.2211738888493504
1030,45,attention_fixed_native,0,06893564,4.347275927665683
1030,45,attention_fixed_native,0,06893578,1.0201717651739255
1030,45,attention_fixed_native,0,06893620,1.587342413246772
1030,45,attention_fixed_native,0,06893820,0.8060554725839963
1030,45,attention_fixed_native,0,06893830,0.9226375107586275
1030,45,attention_fixed_native,0,06893890,0.6515000393165208
1030,45,attention_fixed_native,0,06893940,1.1374828821538157
1030,45,attention_fixed_native,0,06893970,1.1188567439300647
1030,45,attention_fixed_native,0,06893990,0.9699275728555995
1030,45,attention_fixed_native,0,06894000,0.9783330196409036
1030,45,attention_fixed_native,0,06934500,0.7817678780595448
1030,45,attention_historical_integrated,0,06893150,1.0732754515156684
1030,45,attention_historical_integrated,0,06893350,1.2929473746797537
1030,45,attention_historical_integrated,0,06893390,1.9158851786721038
1030,45,attention_historical_integrated,0,06893400,3.281935397219863
1030,45,attention_historical_integrated,0,06893500,1.9297592435495403
1030,45,attention_historical_integrated,0,06893557,1.744477126319024
1030,45,attention_historical_integrated,0,06893562,2.0002789035632405
1030,45,attention_historical_integrated,0,06893563,2.2358250237460875
1030,45,attention_historical_integrated,0,06893564,4.371199305689519
1030,45,attention_historical_integrated,0,06893578,1.0302180330041748
1030,45,attention_historical_integrated,0,06893620,1.5655066092870464
1030,45,attention_historical_integrated,0,06893820,0.7939429915086953
1030,45,attention_historical_integrated,0,06893830,0.9095325640069479
1030,45,attention_historical_integrated,0,06893890,0.6492490478099407
1030,45,attention_historical_integrated,0,06893940,1.1242059989080593
1030,45,attention_historical_integrated,0,06893970,1.1031893023752315
1030,45,attention_historical_integrated,0,06893990,0.9547917571292724
1030,45,attention_historical_integrated,0,06894000,0.9694516607359495
1030,45,attention_historical_integrated,0,06934500,0.7888001401725496
1030,45,attention_historical_native,0,06893150,1.0732754515156684
1030,45,attention_historical_native,0,06893350,1.2929473746797537
1030,45,attention_historical_native,0,06893390,1.9158851786721038
1030,45,attention_historical_native,0,06893400,3.281935397219863
1030,45,attention_historical_native,0,06893500,1.9297592435495403
1030,45,attention_historical_native,0,06893557,1.744477126319024
1030,45,attention_historical_native,0,06893562,2.0002789035632405
1030,45,attention_historical_native,0,06893563,2.2358250237460875
1030,45,attention_historical_native,0,06893564,4.371199305689519
1030,45,attention_historical_native,0,06893578,1.0302180330041748
1030,45,attention_historical_native,0,06893620,1.5655066092870464
1030,45,attention_historical_native,0,06893820,0.7939429915086953
1030,45,attention_historical_native,0,06893830,0.9095325640069479
1030,45,attention_historical_native,0,06893890,0.6492490478099407
1030,45,attention_historical_native,0,06893940,1.1242059989080593
1030,45,attention_historical_native,0,06893970,1.1031893023752315
1030,45,attention_historical_native,0,06893990,0.9547917571292724
1030,45,attention_historical_native,0,06894000,0.9694516607359495
1030,45,attention_historical_native,0,06934500,0.7888001401725496
1030,45,attention_real_integrated,0,06893150,1.0330196873761581
1030,45,attention_real_integrated,0,06893350,1.2804212161624178
1030,45,attention_real_integrated,0,06893390,1.8872776182759095
1030,45,attention_real_integrated,0,06893400,3.2422349148299734
1030,45,attention_real_integrated,0,06893500,1.8910161279153863
1030,45,attention_real_integrated,0,06893557,1.7236044417052414
1030,45,attention_real_integrated,0,06893562,1.9659789301771782
1030,45,attention_real_integrated,0,06893563,2.2169674364022893
1030,45,attention_real_integrated,0,06893564,4.336983288537647
1030,45,attention_real_integrated,0,06893578,0.9988244936108541
1030,45,attention_real_integrated,0,06893620,1.6151105813967708
1030,45,attention_real_integrated,0,06893820,0.821682155056854
1030,45,attention_real_integrated,0,06893830,0.9437000655501973
1030,45,attention_real_integrated,0,06893890,0.6580729945979371
1030,45,attention_real_integrated,0,06893940,1.1445655650328364
1030,45,attention_real_integrated,0,06893970,1.1388592974582394
1030,45,attention_real_integrated,0,06893990,0.9716816287595579
1030,45,attention_real_integrated,0,06894000,0.9906079496759528
1030,45,attention_real_integrated,0,06934500,0.7822041326531002
1030,45,attention_real_native,0,06893150,1.0330196873761581
1030,45,attention_real_native,0,06893350,1.2804212161624178
1030,45,attention_real_native,0,06893390,1.8872776182759095
1030,45,attention_real_native,0,06893400,3.2422349148299734
1030,45,attention_real_native,0,06893500,1.8910161279153863
1030,45,attention_real_native,0,06893557,1.7236044417052414
1030,45,attention_real_native,0,06893562,1.9659789301771782
1030,45,attention_real_native,0,06893563,2.2169674364022893
1030,45,attention_real_native,0,06893564,4.336983288537647
1030,45,attention_real_native,0,06893578,0.9988244936108541
1030,45,attention_real_native,0,06893620,1.6151105813967708
1030,45,attention_real_native,0,06893820,0.821682155056854
1030,45,attention_real_native,0,06893830,0.9437000655501973
1030,45,attention_real_native,0,06893890,0.6580729945979371
1030,45,attention_real_native,0,06893940,1.1445655650328364
1030,45,attention_real_native,0,06893970,1.1388592974582394
1030,45,attention_real_native,0,06893990,0.9716816287595579
1030,45,attention_real_native,0,06894000,0.9906079496759528
1030,45,attention_real_native,0,06934500,0.7822041326531002
1030,45,current_model,0,06893150,1.1638292313482157
1030,45,current_model,0,06893350,1.317467734846335
1030,45,current_model,0,06893390,1.615322266192164
1030,45,current_model,0,06893400,2.381691435750906
1030,45,current_model,0,06893500,1.7821547252246777
1030,45,current_model,0,06893557,1.6753737224382108
1030,45,current_model,0,06893562,1.6008259613340066
1030,45,current_model,0,06893563,2.054929913380412
1030,45,current_model,0,06893564,3.5804145903655495
1030,45,current_model,0,06893578,0.8709651014707624
1030,45,current_model,0,06893620,1.6740101242150827
1030,45,current_model,0,06893820,0.897577487929594
1030,45,current_model,0,06893830,1.0820874098342828
1030,45,current_model,0,06893890,0.8540889732066298
1030,45,current_model,0,06893940,1.4432016094479923
1030,45,current_model,0,06893970,1.0129340101547653
1030,45,current_model,0,06893990,1.0924229715545322
1030,45,current_model,0,06894000,1.1725214537170934
1030,45,current_model,0,06934500,0.7840609027812792
1030,45,innovation_real_integrated,0,06893150,1.0493447783254144
1030,45,innovation_real_integrated,0,06893350,1.2709560582162618
1030,45,innovation_real_integrated,0,06893390,1.8847442719358491
1030,45,innovation_real_integrated,0,06893400,3.243036567124764
1030,45,innovation_real_integrated,0,06893500,1.8924484471954062
1030,45,innovation_real_integrated,0,06893557,1.711468317326677
1030,45,innovation_real_integrated,0,06893562,1.9610658742719975
1030,45,innovation_real_integrated,0,06893563,2.222869336665649
1030,45,innovation_real_integrated,0,06893564,4.3367195266016845
1030,45,innovation_real_integrated,0,06893578,0.995663040667395
1030,45,innovation_real_integrated,0,06893620,1.6047548731212287
1030,45,innovation_real_integrated,0,06893820,0.8147798141782683
1030,45,innovation_real_integrated,0,06893830,0.937763810593913
1030,45,innovation_real_integrated,0,06893890,0.6582624546377585
1030,45,innovation_real_integrated,0,06893940,1.1340863597707136
1030,45,innovation_real_integrated,0,06893970,1.138804627193295
1030,45,innovation_real_integrated,0,06893990,0.9708969599542142
1030,45,innovation_real_integrated,0,06894000,0.988675016010711
1030,45,innovation_real_integrated,0,06934500,0.7865401307615946
1030,45,innovation_real_native,0,06893150,1.0493447783254144
1030,45,innovation_real_native,0,06893350,1.2709560582162618
1030,45,innovation_real_native,0,06893390,1.8847442719358491
1030,45,innovation_real_native,0,06893400,3.243036567124764
1030,45,innovation_real_native,0,06893500,1.8924484471954062
1030,45,innovation_real_native,0,06893557,1.711468317326677
1030,45,innovation_real_native,0,06893562,1.9610658742719975
1030,45,innovation_real_native,0,06893563,2.222869336665649
1030,45,innovation_real_native,0,06893564,4.3367195266016845
1030,45,innovation_real_native,0,06893578,0.995663040667395
1030,45,innovation_real_native,0,06893620,1.6047548731212287
1030,45,innovation_real_native,0,06893820,0.8147798141782683
1030,45,innovation_real_native,0,06893830,0.937763810593913
1030,45,innovation_real_native,0,06893890,0.6582624546377585
1030,45,innovation_real_native,0,06893940,1.1340863597707136
1030,45,innovation_real_native,0,06893970,1.138804627193295
1030,45,innovation_real_native,0,06893990,0.9708969599542142
1030,45,innovation_real_native,0,06894000,0.988675016010711
1030,45,innovation_real_native,0,06934500,0.7865401307615946
1030,45,innovation_real_trees,0,06893150,1.2669330016734135
1030,45,innovation_real_trees,0,06893350,1.558646684980609
1030,45,innovation_real_trees,0,06893390,1.9872622111937617
1030,45,innovation_real_trees,0,06893400,3.126983418444742
1030,45,innovation_real_trees,0,06893500,2.033072231793659
1030,45,innovation_real_trees,0,06893557,1.8455408630713994
1030,45,innovation_real_trees,0,06893562,1.9447035051617219
1030,45,innovation_real_trees,0,06893563,2.1462422484588535
1030,45,innovation_real_trees,0,06893564,4.215797205062824
1030,45,innovation_real_trees,0,06893578,1.0349523963484375
1030,45,innovation_real_trees,0,06893620,1.4475934697625392
1030,45,innovation_real_trees,0,06893820,0.8358973025042742
1030,45,innovation_real_trees,0,06893830,0.8477806386822365
1030,45,innovation_real_trees,0,06893890,0.6346036111051216
1030,45,innovation_real_trees,0,06893940,1.2053328612904919
1030,45,innovation_real_trees,0,06893970,0.9624693305835524
1030,45,innovation_real_trees,0,06893990,0.9561421584984674
1030,45,innovation_real_trees,0,06894000,1.0202163097616845
1030,45,innovation_real_trees,0,06934500,0.8622763866721089
1030,45,level_fixed_integrated,0,06893150,1.0383436237035495
1030,45,level_fixed_integrated,0,06893350,1.2975270696761774
1030,45,level_fixed_integrated,0,06893390,1.9078082699672791
1030,45,level_fixed_integrated,0,06893400,3.26574590858581
1030,45,level_fixed_integrated,0,06893500,1.9082412375641142
1030,45,level_fixed_integrated,0,06893557,1.732262589445362
1030,45,level_fixed_integrated,0,06893562,1.967488291678783
1030,45,level_fixed_integrated,0,06893563,2.215172863267761
1030,45,level_fixed_integrated,0,06893564,4.333704274564504
1030,45,level_fixed_integrated,0,06893578,1.0166990770317152
1030,45,level_fixed_integrated,0,06893620,1.5953747622885386
1030,45,level_fixed_integrated,0,06893820,0.8120611895573988
1030,45,level_fixed_integrated,0,06893830,0.9290177657695949
1030,45,level_fixed_integrated,0,06893890,0.6513399208590204
1030,45,level_fixed_integrated,0,06893940,1.1489642526202664
1030,45,level_fixed_integrated,0,06893970,1.1215699399958072
1030,45,level_fixed_integrated,0,06893990,0.9752413456801924
1030,45,level_fixed_integrated,0,06894000,0.9797799170282181
1030,45,level_fixed_integrated,0,06934500,0.7700228268841456
1030,45,level_fixed_native,0,06893150,1.0383436237035495
1030,45,level_fixed_native,0,06893350,1.2975270696761774
1030,45,level_fixed_native,0,06893390,1.9078082699672791
1030,45,level_fixed_native,0,06893400,3.26574590858581
1030,45,level_fixed_native,0,06893500,1.9082412375641142
1030,45,level_fixed_native,0,06893557,1.732262589445362
1030,45,level_fixed_native,0,06893562,1.967488291678783
1030,45,level_fixed_native,0,06893563,2.215172863267761
1030,45,level_fixed_native,0,06893564,4.333704274564504
1030,45,level_fixed_native,0,06893578,1.0166990770317152
1030,45,level_fixed_native,0,06893620,1.5953747622885386
1030,45,level_fixed_native,0,06893820,0.8120611895573988
1030,45,level_fixed_native,0,06893830,0.9290177657695949
1030,45,level_fixed_native,0,06893890,0.6513399208590204
1030,45,level_fixed_native,0,06893940,1.1489642526202664
1030,45,level_fixed_native,0,06893970,1.1215699399958072
1030,45,level_fixed_native,0,06893990,0.9752413456801924
1030,45,level_fixed_native,0,06894000,0.9797799170282181
1030,45,level_fixed_native,0,06934500,0.7700228268841456
1030,45,level_historical_integrated,0,06893150,1.048225695214775
1030,45,level_historical_integrated,0,06893350,1.291161509681003
1030,45,level_historical_integrated,0,06893390,1.9061997309345293
1030,45,level_historical_integrated,0,06893400,3.289454251988189
1030,45,level_historical_integrated,0,06893500,1.9185996535372547
1030,45,level_historical_integrated,0,06893557,1.7381741166849085
1030,45,level_historical_integrated,0,06893562,2.0059186637435973
1030,45,level_historical_integrated,0,06893563,2.234203841597814
1030,45,level_historical_integrated,0,06893564,4.374529553787098
1030,45,level_historical_integrated,0,06893578,1.0197103208117553
1030,45,level_historical_integrated,0,06893620,1.5801430353645811
1030,45,level_historical_integrated,0,06893820,0.8027219316536977
1030,45,level_historical_integrated,0,06893830,0.92303950635957
1030,45,level_historical_integrated,0,06893890,0.6522787667364878
1030,45,level_historical_integrated,0,06893940,1.1330232718932065
1030,45,level_historical_integrated,0,06893970,1.1166620824133684
1030,45,level_historical_integrated,0,06893990,0.9709128171047262
1030,45,level_historical_integrated,0,06894000,0.9735218359251323
1030,45,level_historical_integrated,0,06934500,0.7892627210406868
1030,45,level_historical_native,0,06893150,1.048225695214775
1030,45,level_historical_native,0,06893350,1.291161509681003
1030,45,level_historical_native,0,06893390,1.9061997309345293
1030,45,level_historical_native,0,06893400,3.289454251988189
1030,45,level_historical_native,0,06893500,1.9185996535372547
1030,45,level_historical_native,0,06893557,1.7381741166849085
1030,45,level_historical_native,0,06893562,2.0059186637435973
1030,45,level_historical_native,0,06893563,2.234203841597814
1030,45,level_historical_native,0,06893564,4.374529553787098
1030,45,level_historical_native,0,06893578,1.0197103208117553
1030,45,level_historical_native,0,06893620,1.5801430353645811
1030,45,level_historical_native,0,06893820,0.8027219316536977
1030,45,level_historical_native,0,06893830,0.92303950635957
1030,45,level_historical_native,0,06893890,0.6522787667364878
1030,45,level_historical_native,0,06893940,1.1330232718932065
1030,45,level_historical_native,0,06893970,1.1166620824133684
1030,45,level_historical_native,0,06893990,0.9709128171047262
1030,45,level_historical_native,0,06894000,0.9735218359251323
1030,45,level_historical_native,0,06934500,0.7892627210406868
1030,45,level_real_integrated,0,06893150,1.0205201323818998
1030,45,level_real_integrated,0,06893350,1.2882247064777947
1030,45,level_real_integrated,0,06893390,1.8926459358650731
1030,45,level_real_integrated,0,06893400,3.269376588087548
1030,45,level_real_integrated,0,06893500,1.8951260016658282
1030,45,level_real_integrated,0,06893557,1.7177217849618334
1030,45,level_real_integrated,0,06893562,1.987431964763174
1030,45,level_real_integrated,0,06893563,2.2221611840539808
1030,45,level_real_integrated,0,06893564,4.343159659871975
1030,45,level_real_integrated,0,06893578,1.0002253609585632
1030,45,level_real_integrated,0,06893620,1.6250741713241594
1030,45,level_real_integrated,0,06893820,0.8100488340082137
1030,45,level_real_integrated,0,06893830,0.9476872375985081
1030,45,level_real_integrated,0,06893890,0.6397292303377254
1030,45,level_real_integrated,0,06893940,1.148681366971232
1030,45,level_real_integrated,0,06893970,1.140436046358355
1030,45,level_real_integrated,0,06893990,0.9680042348909924
1030,45,level_real_integrated,0,06894000,0.9756494493265232
1030,45,level_real_integrated,0,06934500,0.7712667132555647
1030,45,level_real_native,0,06893150,1.0205201323818998
1030,45,level_real_native,0,06893350,1.2882247064777947
1030,45,level_real_native,0,06893390,1.8926459358650731
1030,45,level_real_native,0,06893400,3.269376588087548
1030,45,level_real_native,0,06893500,1.8951260016658282
1030,45,level_real_native,0,06893557,1.7177217849618334
1030,45,level_real_native,0,06893562,1.987431964763174
1030,45,level_real_native,0,06893563,2.2221611840539808
1030,45,level_real_native,0,06893564,4.343159659871975
1030,45,level_real_native,0,06893578,1.0002253609585632
1030,45,level_real_native,0,06893620,1.6250741713241594
1030,45,level_real_native,0,06893820,0.8100488340082137
1030,45,level_real_native,0,06893830,0.9476872375985081
1030,45,level_real_native,0,06893890,0.6397292303377254
1030,45,level_real_native,0,06893940,1.148681366971232
1030,45,level_real_native,0,06893970,1.140436046358355
1030,45,level_real_native,0,06893990,0.9680042348909924
1030,45,level_real_native,0,06894000,0.9756494493265232
1030,45,level_real_native,0,06934500,0.7712667132555647
1030,45,level_seasonal_integrated,0,06893150,1.0020174776434934
1030,45,level_seasonal_integrated,0,06893350,1.2254635798603108
1030,45,level_seasonal_integrated,0,06893390,1.8677194504458
1030,45,level_seasonal_integrated,0,06893400,3.3375558606555047
1030,45,level_seasonal_integrated,0,06893500,1.8601003931457398
1030,45,level_seasonal_integrated,0,06893557,1.7041115516911702
1030,45,level_seasonal_integrated,0,06893562,2.0530314294556664
1030,45,level_seasonal_integrated,0,06893563,2.2776678663639474
1030,45,level_seasonal_integrated,0,06893564,4.409034158002521
1030,45,level_seasonal_integrated,0,06893578,0.9731676836694602
1030,45,level_seasonal_integrated,0,06893620,1.6002525334014683
1030,45,level_seasonal_integrated,0,06893820,0.8470579782861147
1030,45,level_seasonal_integrated,0,06893830,0.9361865478722035
1030,45,level_seasonal_integrated,0,06893890,0.6204027467459593
1030,45,level_seasonal_integrated,0,06893940,1.0928602585334677
1030,45,level_seasonal_integrated,0,06893970,1.1807435944137803
1030,45,level_seasonal_integrated,0,06893990,0.9751254803076719
1030,45,level_seasonal_integrated,0,06894000,1.007808159852953
1030,45,level_seasonal_integrated,0,06934500,0.8399521976974537
1030,45,level_seasonal_native,0,06893150,1.0020174776434934
1030,45,level_seasonal_native,0,06893350,1.2254635798603108
1030,45,level_seasonal_native,0,06893390,1.8677194504458
1030,45,level_seasonal_native,0,06893400,3.3375558606555047
1030,45,level_seasonal_native,0,06893500,1.8601003931457398
1030,45,level_seasonal_native,0,06893557,1.7041115516911702
1030,45,level_seasonal_native,0,06893562,2.0530314294556664
1030,45,level_seasonal_native,0,06893563,2.2776678663639474
1030,45,level_seasonal_native,0,06893564,4.409034158002521
1030,45,level_seasonal_native,0,06893578,0.9731676836694602
1030,45,level_seasonal_native,0,06893620,1.6002525334014683
1030,45,level_seasonal_native,0,06893820,0.8470579782861147
1030,45,level_seasonal_native,0,06893830,0.9361865478722035
1030,45,level_seasonal_native,0,06893890,0.6204027467459593
1030,45,level_seasonal_native,0,06893940,1.0928602585334677
1030,45,level_seasonal_native,0,06893970,1.1807435944137803
1030,45,level_seasonal_native,0,06893990,0.9751254803076719
1030,45,level_seasonal_native,0,06894000,1.007808159852953
1030,45,level_seasonal_native,0,06934500,0.8399521976974537
1030,45,matched_daily_trees,0,06893150,1.0092770122612391
1030,45,matched_daily_trees,0,06893350,1.4008430418916045
1030,45,matched_daily_trees,0,06893390,1.704772220467787
1030,45,matched_daily_trees,0,06893400,2.693628592802125
1030,45,matched_daily_trees,0,06893500,1.6491131599502669
1030,45,matched_daily_trees,0,06893557,1.7549351322006768
1030,45,matched_daily_trees,0,06893562,1.6819568674631793
1030,45,matched_daily_trees,0,06893563,2.1057387220354715
1030,45,matched_daily_trees,0,06893564,3.7772061653703712
1030,45,matched_daily_trees,0,06893578,0.8748636388652089
1030,45,matched_daily_trees,0,06893620,1.750454805401089
1030,45,matched_daily_trees,0,06893820,0.9790386683996226
1030,45,matched_daily_trees,0,06893830,1.0227145686470094
1030,45,matched_daily_trees,0,06893890,0.7989344062027846
1030,45,matched_daily_trees,0,06893940,1.3712605734429788
1030,45,matched_daily_trees,0,06893970,1.1892451097635932
1030,45,matched_daily_trees,0,06893990,1.1814316637372733
1030,45,matched_daily_trees,0,06894000,1.2511743138934217
1030,45,matched_daily_trees,0,06934500,0.8813359202121301
1030,45,relative_fixed_integrated,0,06893150,1.0262766388404587
1030,45,relative_fixed_integrated,0,06893350,1.2858343285038003
1030,45,relative_fixed_integrated,0,06893390,1.8690169132519054
1030,45,relative_fixed_integrated,0,06893400,3.2563160578667687
1030,45,relative_fixed_integrated,0,06893500,1.8878248198161243
1030,45,relative_fixed_integrated,0,06893557,1.706291621357146
1030,45,relative_fixed_integrated,0,06893562,1.96779941451941
1030,45,relative_fixed_integrated,0,06893563,2.217255967371565
1030,45,relative_fixed_integrated,0,06893564,4.33347091203218
1030,45,relative_fixed_integrated,0,06893578,0.9921032521966752
1030,45,relative_fixed_integrated,0,06893620,1.6360532312914666
1030,45,relative_fixed_integrated,0,06893820,0.8424863185602376
1030,45,relative_fixed_integrated,0,06893830,0.9624108751009206
1030,45,relative_fixed_integrated,0,06893890,0.6793606761453947
1030,45,relative_fixed_integrated,0,06893940,1.1373500800043277
1030,45,relative_fixed_integrated,0,06893970,1.1602944513244262
1030,45,relative_fixed_integrated,0,06893990,0.9580813558414379
1030,45,relative_fixed_integrated,0,06894000,0.9895987800403644
1030,45,relative_fixed_integrated,0,06934500,0.7682763819930477
1030,45,relative_fixed_native,0,06893150,1.0262766388404587
1030,45,relative_fixed_native,0,06893350,1.2858343285038003
1030,45,relative_fixed_native,0,06893390,1.8690169132519054
1030,45,relative_fixed_native,0,06893400,3.2563160578667687
1030,45,relative_fixed_native,0,06893500,1.8878248198161243
1030,45,relative_fixed_native,0,06893557,1.706291621357146
1030,45,relative_fixed_native,0,06893562,1.96779941451941
1030,45,relative_fixed_native,0,06893563,2.217255967371565
1030,45,relative_fixed_native,0,06893564,4.33347091203218
1030,45,relative_fixed_native,0,06893578,0.9921032521966752
1030,45,relative_fixed_native,0,06893620,1.6360532312914666
1030,45,relative_fixed_native,0,06893820,0.8424863185602376
1030,45,relative_fixed_native,0,06893830,0.9624108751009206
1030,45,relative_fixed_native,0,06893890,0.6793606761453947
1030,45,relative_fixed_native,0,06893940,1.1373500800043277
1030,45,relative_fixed_native,0,06893970,1.1602944513244262
1030,45,relative_fixed_native,0,06893990,0.9580813558414379
1030,45,relative_fixed_native,0,06894000,0.9895987800403644
1030,45,relative_fixed_native,0,06934500,0.7682763819930477
1030,45,relative_historical_integrated,0,06893150,1.067959702263572
1030,45,relative_historical_integrated,0,06893350,1.2886610554979925
1030,45,relative_historical_integrated,0,06893390,1.9101106362062978
1030,45,relative_historical_integrated,0,06893400,3.276175366243677
1030,45,relative_historical_integrated,0,06893500,1.9228010927681958
1030,45,relative_historical_integrated,0,06893557,1.7408876629938446
1030,45,relative_historical_integrated,0,06893562,1.9964559910813695
1030,45,relative_historical_integrated,0,06893563,2.2339507376377954
1030,45,relative_historical_integrated,0,06893564,4.368013218048068
1030,45,relative_historical_integrated,0,06893578,1.0231359876671966
1030,45,relative_historical_integrated,0,06893620,1.5735124030733607
1030,45,relative_historical_integrated,0,06893820,0.7965009527884117
1030,45,relative_historical_integrated,0,06893830,0.9145022425742902
1030,45,relative_historical_integrated,0,06893890,0.6486609165682122
1030,45,relative_historical_integrated,0,06893940,1.1245979494284357
1030,45,relative_historical_integrated,0,06893970,1.1088183006804144
1030,45,relative_historical_integrated,0,06893990,0.9584480433965701
1030,45,relative_historical_integrated,0,06894000,0.9727573259675444
1030,45,relative_historical_integrated,0,06934500,0.7927827683164583
1030,45,relative_historical_native,0,06893150,1.067959702263572
1030,45,relative_historical_native,0,06893350,1.2886610554979925
1030,45,relative_historical_native,0,06893390,1.9101106362062978
1030,45,relative_historical_native,0,06893400,3.276175366243677
1030,45,relative_historical_native,0,06893500,1.9228010927681958
1030,45,relative_historical_native,0,06893557,1.7408876629938446
1030,45,relative_historical_native,0,06893562,1.9964559910813695
1030,45,relative_historical_native,0,06893563,2.2339507376377954
1030,45,relative_historical_native,0,06893564,4.368013218048068
1030,45,relative_historical_native,0,06893578,1.0231359876671966
1030,45,relative_historical_native,0,06893620,1.5735124030733607
1030,45,relative_historical_native,0,06893820,0.7965009527884117
1030,45,relative_historical_native,0,06893830,0.9145022425742902
1030,45,relative_historical_native,0,06893890,0.6486609165682122
1030,45,relative_historical_native,0,06893940,1.1245979494284357
1030,45,relative_historical_native,0,06893970,1.1088183006804144
1030,45,relative_historical_native,0,06893990,0.9584480433965701
1030,45,relative_historical_native,0,06894000,0.9727573259675444
1030,45,relative_historical_native,0,06934500,0.7927827683164583
1030,45,relative_real_integrated,0,06893150,1.0044154396816227
1030,45,relative_real_integrated,0,06893350,1.2800068322646518
1030,45,relative_real_integrated,0,06893390,1.8530465111154604
1030,45,relative_real_integrated,0,06893400,3.245543643309547
1030,45,relative_real_integrated,0,06893500,1.8748834308830062
1030,45,relative_real_integrated,0,06893557,1.7031539682527932
1030,45,relative_real_integrated,0,06893562,1.962771472585993
1030,45,relative_real_integrated,0,06893563,2.211285933984413
1030,45,relative_real_integrated,0,06893564,4.333744672854263
1030,45,relative_real_integrated,0,06893578,0.9778839007733917
1030,45,relative_real_integrated,0,06893620,1.6625299913414036
1030,45,relative_real_integrated,0,06893820,0.8401824519120094
1030,45,relative_real_integrated,0,06893830,0.9808071150567351
1030,45,relative_real_integrated,0,06893890,0.6767897957679957
1030,45,relative_real_integrated,0,06893940,1.142151685819499
1030,45,relative_real_integrated,0,06893970,1.1766883453560701
1030,45,relative_real_integrated,0,06893990,0.9560458942557353
1030,45,relative_real_integrated,0,06894000,0.9913106789988649
1030,45,relative_real_integrated,0,06934500,0.7584601976796495
1030,45,relative_real_native,0,06893150,1.0044154396816227
1030,45,relative_real_native,0,06893350,1.2800068322646518
1030,45,relative_real_native,0,06893390,1.8530465111154604
1030,45,relative_real_native,0,06893400,3.245543643309547
1030,45,relative_real_native,0,06893500,1.8748834308830062
1030,45,relative_real_native,0,06893557,1.7031539682527932
1030,45,relative_real_native,0,06893562,1.962771472585993
1030,45,relative_real_native,0,06893563,2.211285933984413
1030,45,relative_real_native,0,06893564,4.333744672854263
1030,45,relative_real_native,0,06893578,0.9778839007733917
1030,45,relative_real_native,0,06893620,1.6625299913414036
1030,45,relative_real_native,0,06893820,0.8401824519120094
1030,45,relative_real_native,0,06893830,0.9808071150567351
1030,45,relative_real_native,0,06893890,0.6767897957679957
1030,45,relative_real_native,0,06893940,1.142151685819499
1030,45,relative_real_native,0,06893970,1.1766883453560701
1030,45,relative_real_native,0,06893990,0.9560458942557353
1030,45,relative_real_native,0,06894000,0.9913106789988649
1030,45,relative_real_native,0,06934500,0.7584601976796495
1030,45,station_hidden_trees,0,06893150,1.1435261011027527
1030,45,station_hidden_trees,0,06893350,1.5135818236791834
1030,45,station_hidden_trees,0,06893390,2.070105135597218
1030,45,station_hidden_trees,0,06893400,3.218537989067243
1030,45,station_hidden_trees,0,06893500,2.0855559374999415
1030,45,station_hidden_trees,0,06893557,1.9145956954859875
1030,45,station_hidden_trees,0,06893562,1.9632922016922447
1030,45,station_hidden_trees,0,06893563,2.1809294700082087
1030,45,station_hidden_trees,0,06893564,4.301440377205132
1030,45,station_hidden_trees,0,06893578,1.1724099141668018
1030,45,station_hidden_trees,0,06893620,1.4863283115671917
1030,45,station_hidden_trees,0,06893820,0.7466446713386985
1030,45,station_hidden_trees,0,06893830,0.8403221821311202
1030,45,station_hidden_trees,0,06893890,0.6077970704477244
1030,45,station_hidden_trees,0,06893940,1.1908330782901957
1030,45,station_hidden_trees,0,06893970,1.0020301602161121
1030,45,station_hidden_trees,0,06893990,0.9813106747451971
1030,45,station_hidden_trees,0,06894000,0.9175055940011166
1030,45,station_hidden_trees,0,06934500,0.8846711142289737
1030,45,unmonitored_integrated,0,06893150,1.079383412896546
1030,45,unmonitored_integrated,0,06893350,1.2892075197562496
1030,45,unmonitored_integrated,0,06893390,1.9220490343570007
1030,45,unmonitored_integrated,0,06893400,3.2713905309222624
1030,45,unmonitored_integrated,0,06893500,1.9397098432059048
1030,45,unmonitored_integrated,0,06893557,1.7411479781260768
1030,45,unmonitored_integrated,0,06893562,1.9956078178184613
1030,45,unmonitored_integrated,0,06893563,2.2335011759089145
1030,45,unmonitored_integrated,0,06893564,4.367926644785059
1030,45,unmonitored_integrated,0,06893578,1.0395588250189558
1030,45,unmonitored_integrated,0,06893620,1.5571183289100474
1030,45,unmonitored_integrated,0,06893820,0.7889447158406582
1030,45,unmonitored_integrated,0,06893830,0.9052248702621474
1030,45,unmonitored_integrated,0,06893890,0.6515531875565599
1030,45,unmonitored_integrated,0,06893940,1.128161244753907
1030,45,unmonitored_integrated,0,06893970,1.0988849371691873
1030,45,unmonitored_integrated,0,06893990,0.9572579559046576
1030,45,unmonitored_integrated,0,06894000,0.9667898912342746
1030,45,unmonitored_integrated,0,06934500,0.7894294417188009
1030,45,unmonitored_residual,0,06893150,1.079383412896546
1030,45,unmonitored_residual,0,06893350,1.2892075197562496
1030,45,unmonitored_residual,0,06893390,1.9220490343570007
1030,45,unmonitored_residual,0,06893400,3.2713905309222624
1030,45,unmonitored_residual,0,06893500,1.9397098432059048
1030,45,unmonitored_residual,0,06893557,1.7411479781260768
1030,45,unmonitored_residual,0,06893562,1.9956078178184613
1030,45,unmonitored_residual,0,06893563,2.2335011759089145
1030,45,unmonitored_residual,0,06893564,4.367926644785059
1030,45,unmonitored_residual,0,06893578,1.0395588250189558
1030,45,unmonitored_residual,0,06893620,1.5571183289100474
1030,45,unmonitored_residual,0,06893820,0.7889447158406582
1030,45,unmonitored_residual,0,06893830,0.9052248702621474
1030,45,unmonitored_residual,0,06893890,0.6515531875565599
1030,45,unmonitored_residual,0,06893940,1.128161244753907
1030,45,unmonitored_residual,0,06893970,1.0988849371691873
1030,45,unmonitored_residual,0,06893990,0.9572579559046576
1030,45,unmonitored_residual,0,06894000,0.9667898912342746
1030,45,unmonitored_residual,0,06934500,0.7894294417188009
1030,46,attention_fixed_integrated,0,06893150,1.066505786561556
1030,46,attention_fixed_integrated,0,06893350,1.2907389580695074
1030,46,attention_fixed_integrated,0,06893390,1.8365183434004388
1030,46,attention_fixed_integrated,0,06893400,3.4619777896723645
1030,46,attention_fixed_integrated,0,06893500,1.8701504263105482
1030,46,attention_fixed_integrated,0,06893557,1.7283562371583268
1030,46,attention_fixed_integrated,0,06893562,2.4591507385922404
1030,46,attention_fixed_integrated,0,06893563,2.1830645843063206
1030,46,attention_fixed_integrated,0,06893564,4.896210067310433
1030,46,attention_fixed_integrated,0,06893578,0.9680378684141085
1030,46,attention_fixed_integrated,0,06893620,1.2871610484656248
1030,46,attention_fixed_integrated,0,06893820,0.8193660795579453
1030,46,attention_fixed_integrated,0,06893830,0.7551819493055133
1030,46,attention_fixed_integrated,0,06893890,0.650723094134085
1030,46,attention_fixed_integrated,0,06893940,0.9651849708165151
1030,46,attention_fixed_integrated,0,06893970,0.9141925153702576
1030,46,attention_fixed_integrated,0,06893990,0.9164044789891993
1030,46,attention_fixed_integrated,0,06894000,0.896508869196798
1030,46,attention_fixed_integrated,0,06934500,1.0043601107781202
1030,46,attention_fixed_native,0,06893150,1.066505786561556
1030,46,attention_fixed_native,0,06893350,1.2907389580695074
1030,46,attention_fixed_native,0,06893390,1.8365183434004388
1030,46,attention_fixed_native,0,06893400,3.4619777896723645
1030,46,attention_fixed_native,0,06893500,1.8701504263105482
1030,46,attention_fixed_native,0,06893557,1.7283562371583268
1030,46,attention_fixed_native,0,06893562,2.4591507385922404
1030,46,attention_fixed_native,0,06893563,2.1830645843063206
1030,46,attention_fixed_native,0,06893564,4.896210067310433
1030,46,attention_fixed_native,0,06893578,0.9680378684141085
1030,46,attention_fixed_native,0,06893620,1.2871610484656248
1030,46,attention_fixed_native,0,06893820,0.8193660795579453
1030,46,attention_fixed_native,0,06893830,0.7551819493055133
1030,46,attention_fixed_native,0,06893890,0.650723094134085
1030,46,attention_fixed_native,0,06893940,0.9651849708165151
1030,46,attention_fixed_native,0,06893970,0.9141925153702576
1030,46,attention_fixed_native,0,06893990,0.9164044789891993
1030,46,attention_fixed_native,0,06894000,0.896508869196798
1030,46,attention_fixed_native,0,06934500,1.0043601107781202
1030,46,attention_historical_integrated,0,06893150,1.0624635928716768
1030,46,attention_historical_integrated,0,06893350,1.2878967808160717
1030,46,attention_historical_integrated,0,06893390,1.8278866571092325
1030,46,attention_historical_integrated,0,06893400,3.473786564209875
1030,46,attention_historical_integrated,0,06893500,1.8660876620939006
1030,46,attention_historical_integrated,0,06893557,1.7360167147135506
1030,46,attention_historical_integrated,0,06893562,2.4845523639781844
1030,46,attention_historical_integrated,0,06893563,2.1863689328484606
1030,46,attention_historical_integrated,0,06893564,4.910833374829922
1030,46,attention_historical_integrated,0,06893578,0.962634897148064
1030,46,attention_historical_integrated,0,06893620,1.2941392078253071
1030,46,attention_historical_integrated,0,06893820,0.8322564581889125
1030,46,attention_historical_integrated,0,06893830,0.7603850829825507
1030,46,attention_historical_integrated,0,06893890,0.6508531931482221
1030,46,attention_historical_integrated,0,06893940,0.9641363164986593
1030,46,attention_historical_integrated,0,06893970,0.9185983954470683
1030,46,attention_historical_integrated,0,06893990,0.9215478123220785
1030,46,attention_historical_integrated,0,06894000,0.9020075193574731
1030,46,attention_historical_integrated,0,06934500,1.0271856915877469
1030,46,attention_historical_native,0,06893150,1.0624635928716768
1030,46,attention_historical_native,0,06893350,1.2878967808160717
1030,46,attention_historical_native,0,06893390,1.8278866571092325
1030,46,attention_historical_native,0,06893400,3.473786564209875
1030,46,attention_historical_native,0,06893500,1.8660876620939006
1030,46,attention_historical_native,0,06893557,1.7360167147135506
1030,46,attention_historical_native,0,06893562,2.4845523639781844
1030,46,attention_historical_native,0,06893563,2.1863689328484606
1030,46,attention_historical_native,0,06893564,4.910833374829922
1030,46,attention_historical_native,0,06893578,0.962634897148064
1030,46,attention_historical_native,0,06893620,1.2941392078253071
1030,46,attention_historical_native,0,06893820,0.8322564581889125
1030,46,attention_historical_native,0,06893830,0.7603850829825507
1030,46,attention_historical_native,0,06893890,0.6508531931482221
1030,46,attention_historical_native,0,06893940,0.9641363164986593
1030,46,attention_historical_native,0,06893970,0.9185983954470683
1030,46,attention_historical_native,0,06893990,0.9215478123220785
1030,46,attention_historical_native,0,06894000,0.9020075193574731
1030,46,attention_historical_native,0,06934500,1.0271856915877469
1030,46,attention_real_integrated,0,06893150,1.0547089902238347
1030,46,attention_real_integrated,0,06893350,1.293075539909742
1030,46,attention_real_integrated,0,06893390,1.824820516770454
1030,46,attention_real_integrated,0,06893400,3.436607312697983
1030,46,attention_real_integrated,0,06893500,1.845916426193615
1030,46,attention_real_integrated,0,06893557,1.7302402378097892
1030,46,attention_real_integrated,0,06893562,2.427051876348781
1030,46,attention_real_integrated,0,06893563,2.1695616174071826
1030,46,attention_real_integrated,0,06893564,4.867670846818388
1030,46,attention_real_integrated,0,06893578,0.9573981681832174
1030,46,attention_real_integrated,0,06893620,1.3069234684905244
1030,46,attention_real_integrated,0,06893820,0.8099956653970983
1030,46,attention_real_integrated,0,06893830,0.7609434600170567
1030,46,attention_real_integrated,0,06893890,0.634090864549528
1030,46,attention_real_integrated,0,06893940,0.979216687335447
1030,46,attention_real_integrated,0,06893970,0.9194017388446335
1030,46,attention_real_integrated,0,06893990,0.9213855891931173
1030,46,attention_real_integrated,0,06894000,0.8928126075767631
1030,46,attention_real_integrated,0,06934500,1.0059278769064428
1030,46,attention_real_native,0,06893150,1.0547089902238347
1030,46,attention_real_native,0,06893350,1.293075539909742
1030,46,attention_real_native,0,06893390,1.824820516770454
1030,46,attention_real_native,0,06893400,3.436607312697983
1030,46,attention_real_native,0,06893500,1.845916426193615
1030,46,attention_real_native,0,06893557,1.7302402378097892
1030,46,attention_real_native,0,06893562,2.427051876348781
1030,46,attention_real_native,0,06893563,2.1695616174071826
1030,46,attention_real_native,0,06893564,4.867670846818388
1030,46,attention_real_native,0,06893578,0.9573981681832174
1030,46,attention_real_native,0,06893620,1.3069234684905244
1030,46,attention_real_native,0,06893820,0.8099956653970983
1030,46,attention_real_native,0,06893830,0.7609434600170567
1030,46,attention_real_native,0,06893890,0.634090864549528
1030,46,attention_real_native,0,06893940,0.979216687335447
1030,46,attention_real_native,0,06893970,0.9194017388446335
1030,46,attention_real_native,0,06893990,0.9213855891931173
1030,46,attention_real_native,0,06894000,0.8928126075767631
1030,46,attention_real_native,0,06934500,1.0059278769064428
1030,46,current_model,0,06893150,1.0595581278975852
1030,46,current_model,0,06893350,1.23922704832619
1030,46,current_model,0,06893390,1.6413011141173421
1030,46,current_model,0,06893400,2.9327014692819455
1030,46,current_model,0,06893500,1.5672006522748396
1030,46,current_model,0,06893557,1.7160429250720115
1030,46,current_model,0,06893562,1.8546905542817482
1030,46,current_model,0,06893563,2.2284593088939646
1030,46,current_model,0,06893564,4.4775152683741375
1030,46,current_model,0,06893578,0.8688262469747651
1030,46,current_model,0,06893620,1.5089511212865583
1030,46,current_model,0,06893820,0.9990476589673045
1030,46,current_model,0,06893830,0.9776788162968023
1030,46,current_model,0,06893890,0.6639819011260031
1030,46,current_model,0,06893940,0.9763152185053754
1030,46,current_model,0,06893970,1.084301013902732
1030,46,current_model,0,06893990,0.9596700561113687
1030,46,current_model,0,06894000,1.2204243998839128
1030,46,current_model,0,06934500,0.8935906888108812
1030,46,innovation_real_integrated,0,06893150,1.0691052463132833
1030,46,innovation_real_integrated,0,06893350,1.291703462023946
1030,46,innovation_real_integrated,0,06893390,1.8408730103934607
1030,46,innovation_real_integrated,0,06893400,3.4682485306814144
1030,46,innovation_real_integrated,0,06893500,1.874685483004504
1030,46,innovation_real_integrated,0,06893557,1.731959723179433
1030,46,innovation_real_integrated,0,06893562,2.4679886291855357
1030,46,innovation_real_integrated,0,06893563,2.1861213340078205
1030,46,innovation_real_integrated,0,06893564,4.905753300758038
1030,46,innovation_real_integrated,0,06893578,0.972735293808531
1030,46,innovation_real_integrated,0,06893620,1.2805804890021089
1030,46,innovation_real_integrated,0,06893820,0.8200092862041931
1030,46,innovation_real_integrated,0,06893830,0.7531316993919622
1030,46,innovation_real_integrated,0,06893890,0.6546671634553489
1030,46,innovation_real_integrated,0,06893940,0.9625169030035955
1030,46,innovation_real_integrated,0,06893970,0.9116712666822676
1030,46,innovation_real_integrated,0,06893990,0.9153533016918796
1030,46,innovation_real_integrated,0,06894000,0.8971565668135467
1030,46,innovation_real_integrated,0,06934500,1.0038752460864215
1030,46,innovation_real_native,0,06893150,1.0691052463132833
1030,46,innovation_real_native,0,06893350,1.291703462023946
1030,46,innovation_real_native,0,06893390,1.8408730103934607
1030,46,innovation_real_native,0,06893400,3.4682485306814144
1030,46,innovation_real_native,0,06893500,1.874685483004504
1030,46,innovation_real_native,0,06893557,1.731959723179433
1030,46,innovation_real_native,0,06893562,2.4679886291855357
1030,46,innovation_real_native,0,06893563,2.1861213340078205
1030,46,innovation_real_native,0,06893564,4.905753300758038
1030,46,innovation_real_native,0,06893578,0.972735293808531
1030,46,innovation_real_native,0,06893620,1.2805804890021089
1030,46,innovation_real_native,0,06893820,0.8200092862041931
1030,46,innovation_real_native,0,06893830,0.7531316993919622
1030,46,innovation_real_native,0,06893890,0.6546671634553489
1030,46,innovation_real_native,0,06893940,0.9625169030035955
1030,46,innovation_real_native,0,06893970,0.9116712666822676
1030,46,innovation_real_native,0,06893990,0.9153533016918796
1030,46,innovation_real_native,0,06894000,0.8971565668135467
1030,46,innovation_real_native,0,06934500,1.0038752460864215
1030,46,innovation_real_trees,0,06893150,1.1277949830347116
1030,46,innovation_real_trees,0,06893350,1.5314912858136818
1030,46,innovation_real_trees,0,06893390,2.06718120503702
1030,46,innovation_real_trees,0,06893400,3.16010807786789
1030,46,innovation_real_trees,0,06893500,2.108845833241682
1030,46,innovation_real_trees,0,06893557,1.8187776260184458
1030,46,innovation_real_trees,0,06893562,2.098022625663544
1030,46,innovation_real_trees,0,06893563,2.2120267629879558
1030,46,innovation_real_trees,0,06893564,4.411987120283111
1030,46,innovation_real_trees,0,06893578,1.1307845261756504
1030,46,innovation_real_trees,0,06893620,1.470782041240531
1030,46,innovation_real_trees,0,06893820,0.825172149620755
1030,46,innovation_real_trees,0,06893830,0.8526783072308626
1030,46,innovation_real_trees,0,06893890,0.6081582263974751
1030,46,innovation_real_trees,0,06893940,1.1400853333506404
1030,46,innovation_real_trees,0,06893970,0.9694637111519617
1030,46,innovation_real_trees,0,06893990,0.9819304558815521
1030,46,innovation_real_trees,0,06894000,1.0037842868569666
1030,46,innovation_real_trees,0,06934500,0.8517674202126089
1030,46,level_fixed_integrated,0,06893150,1.0562839438612972
1030,46,level_fixed_integrated,0,06893350,1.3091063337001736
1030,46,level_fixed_integrated,0,06893390,1.8691912897645133
1030,46,level_fixed_integrated,0,06893400,3.453149021372679
1030,46,level_fixed_integrated,0,06893500,1.889301006156904
1030,46,level_fixed_integrated,0,06893557,1.7523388938218005
1030,46,level_fixed_integrated,0,06893562,2.419718248308102
1030,46,level_fixed_integrated,0,06893563,2.169680222053462
1030,46,level_fixed_integrated,0,06893564,4.874547424752017
1030,46,level_fixed_integrated,0,06893578,0.9884904008710494
1030,46,level_fixed_integrated,0,06893620,1.2771546760454386
1030,46,level_fixed_integrated,0,06893820,0.8019806077838
1030,46,level_fixed_integrated,0,06893830,0.7374838861134985
1030,46,level_fixed_integrated,0,06893890,0.6330568372799238
1030,46,level_fixed_integrated,0,06893940,0.9774322004323623
1030,46,level_fixed_integrated,0,06893970,0.9001486377751533
1030,46,level_fixed_integrated,0,06893990,0.9262739691926868
1030,46,level_fixed_integrated,0,06894000,0.8848963059310824
1030,46,level_fixed_integrated,0,06934500,0.9938294451014984
1030,46,level_fixed_native,0,06893150,1.0562839438612972
1030,46,level_fixed_native,0,06893350,1.3091063337001736
1030,46,level_fixed_native,0,06893390,1.8691912897645133
1030,46,level_fixed_native,0,06893400,3.453149021372679
1030,46,level_fixed_native,0,06893500,1.889301006156904
1030,46,level_fixed_native,0,06893557,1.7523388938218005
1030,46,level_fixed_native,0,06893562,2.419718248308102
1030,46,level_fixed_native,0,06893563,2.169680222053462
1030,46,level_fixed_native,0,06893564,4.874547424752017
1030,46,level_fixed_native,0,06893578,0.9884904008710494
1030,46,level_fixed_native,0,06893620,1.2771546760454386
1030,46,level_fixed_native,0,06893820,0.8019806077838
1030,46,level_fixed_native,0,06893830,0.7374838861134985
1030,46,level_fixed_native,0,06893890,0.6330568372799238
1030,46,level_fixed_native,0,06893940,0.9774322004323623
1030,46,level_fixed_native,0,06893970,0.9001486377751533
1030,46,level_fixed_native,0,06893990,0.9262739691926868
1030,46,level_fixed_native,0,06894000,0.8848963059310824
1030,46,level_fixed_native,0,06934500,0.9938294451014984
1030,46,level_historical_integrated,0,06893150,1.0472687121946465
1030,46,level_historical_integrated,0,06893350,1.2776365856310057
1030,46,level_historical_integrated,0,06893390,1.800330881572273
1030,46,level_historical_integrated,0,06893400,3.458721164073033
1030,46,level_historical_integrated,0,06893500,1.8362552280694033
1030,46,level_historical_integrated,0,06893557,1.7212925216480073
1030,46,level_historical_integrated,0,06893562,2.4667715210449352
1030,46,level_historical_integrated,0,06893563,2.18328565334882
1030,46,level_historical_integrated,0,06893564,4.904091566309499
1030,46,level_historical_integrated,0,06893578,0.937548214410502
1030,46,level_historical_integrated,0,06893620,1.3217217890158806
1030,46,level_historical_integrated,0,06893820,0.845607962055852
1030,46,level_historical_integrated,0,06893830,0.7743125660706013
1030,46,level_historical_integrated,0,06893890,0.6403395111226396
1030,46,level_historical_integrated,0,06893940,0.9730336243449406
1030,46,level_historical_integrated,0,06893970,0.9323421129545275
1030,46,level_historical_integrated,0,06893990,0.92921403911782
1030,46,level_historical_integrated,0,06894000,0.9107235657338162
1030,46,level_historical_integrated,0,06934500,1.0353272823837876
1030,46,level_historical_native,0,06893150,1.0472687121946465
1030,46,level_historical_native,0,06893350,1.2776365856310057
1030,46,level_historical_native,0,06893390,1.800330881572273
1030,46,level_historical_native,0,06893400,3.458721164073033
1030,46,level_historical_native,0,06893500,1.8362552280694033
1030,46,level_historical_native,0,06893557,1.7212925216480073
1030,46,level_historical_native,0,06893562,2.4667715210449352
1030,46,level_historical_native,0,06893563,2.18328565334882
1030,46,level_historical_native,0,06893564,4.904091566309499
1030,46,level_historical_native,0,06893578,0.937548214410502
1030,46,level_historical_native,0,06893620,1.3217217890158806
1030,46,level_historical_native,0,06893820,0.845607962055852
1030,46,level_historical_native,0,06893830,0.7743125660706013
1030,46,level_historical_native,0,06893890,0.6403395111226396
1030,46,level_historical_native,0,06893940,0.9730336243449406
1030,46,level_historical_native,0,06893970,0.9323421129545275
1030,46,level_historical_native,0,06893990,0.92921403911782
1030,46,level_historical_native,0,06894000,0.9107235657338162
1030,46,level_historical_native,0,06934500,1.0353272823837876
1030,46,level_real_integrated,0,06893150,1.0531381610806525
1030,46,level_real_integrated,0,06893350,1.285772070588435
1030,46,level_real_integrated,0,06893390,1.8269163554130692
1030,46,level_real_integrated,0,06893400,3.4441991625118415
1030,46,level_real_integrated,0,06893500,1.8645561706682832
1030,46,level_real_integrated,0,06893557,1.7421085007733874
1030,46,level_real_integrated,0,06893562,2.3823628575467772
1030,46,level_real_integrated,0,06893563,2.150899858938313
1030,46,level_real_integrated,0,06893564,4.868410845106013
1030,46,level_real_integrated,0,06893578,0.9838483250824509
1030,46,level_real_integrated,0,06893620,1.3298291500029422
1030,46,level_real_integrated,0,06893820,0.777642728383819
1030,46,level_real_integrated,0,06893830,0.7621560652732638
1030,46,level_real_integrated,0,06893890,0.6360982262544561
1030,46,level_real_integrated,0,06893940,0.9847456158404968
1030,46,level_real_integrated,0,06893970,0.9053896651005451
1030,46,level_real_integrated,0,06893990,0.9257313851094565
1030,46,level_real_integrated,0,06894000,0.854741203519923
1030,46,level_real_integrated,0,06934500,1.0207586751760478
1030,46,level_real_native,0,06893150,1.0531381610806525
1030,46,level_real_native,0,06893350,1.285772070588435
1030,46,level_real_native,0,06893390,1.8269163554130692
1030,46,level_real_native,0,06893400,3.4441991625118415
1030,46,level_real_native,0,06893500,1.8645561706682832
1030,46,level_real_native,0,06893557,1.7421085007733874
1030,46,level_real_native,0,06893562,2.3823628575467772
1030,46,level_real_native,0,06893563,2.150899858938313
1030,46,level_real_native,0,06893564,4.868410845106013
1030,46,level_real_native,0,06893578,0.9838483250824509
1030,46,level_real_native,0,06893620,1.3298291500029422
1030,46,level_real_native,0,06893820,0.777642728383819
1030,46,level_real_native,0,06893830,0.7621560652732638
1030,46,level_real_native,0,06893890,0.6360982262544561
1030,46,level_real_native,0,06893940,0.9847456158404968
1030,46,level_real_native,0,06893970,0.9053896651005451
1030,46,level_real_native,0,06893990,0.9257313851094565
1030,46,level_real_native,0,06894000,0.854741203519923
1030,46,level_real_native,0,06934500,1.0207586751760478
1030,46,level_seasonal_integrated,0,06893150,1.0435489235158635
1030,46,level_seasonal_integrated,0,06893350,1.2542102116363896
1030,46,level_seasonal_integrated,0,06893390,1.8335489644824166
1030,46,level_seasonal_integrated,0,06893400,3.484316494602776
1030,46,level_seasonal_integrated,0,06893500,1.8898566760240993
1030,46,level_seasonal_integrated,0,06893557,1.740649347056687
1030,46,level_seasonal_integrated,0,06893562,2.426827811550984
1030,46,level_seasonal_integrated,0,06893563,2.169476735234928
1030,46,level_seasonal_integrated,0,06893564,4.947816258839601
1030,46,level_seasonal_integrated,0,06893578,0.9859079551429466
1030,46,level_seasonal_integrated,0,06893620,1.3109660208838638
1030,46,level_seasonal_integrated,0,06893820,0.8454240751970996
1030,46,level_seasonal_integrated,0,06893830,0.7614533919700344
1030,46,level_seasonal_integrated,0,06893890,0.6214537954881346
1030,46,level_seasonal_integrated,0,06893940,0.9671808720832489
1030,46,level_seasonal_integrated,0,06893970,0.933132788199753
1030,46,level_seasonal_integrated,0,06893990,0.9326132460286345
1030,46,level_seasonal_integrated,0,06894000,0.8987396298035252
1030,46,level_seasonal_integrated,0,06934500,1.0111930461284742
1030,46,level_seasonal_native,0,06893150,1.0435489235158635
1030,46,level_seasonal_native,0,06893350,1.2542102116363896
1030,46,level_seasonal_native,0,06893390,1.8335489644824166
1030,46,level_seasonal_native,0,06893400,3.484316494602776
1030,46,level_seasonal_native,0,06893500,1.8898566760240993
1030,46,level_seasonal_native,0,06893557,1.740649347056687
1030,46,level_seasonal_native,0,06893562,2.426827811550984
1030,46,level_seasonal_native,0,06893563,2.169476735234928
1030,46,level_seasonal_native,0,06893564,4.947816258839601
1030,46,level_seasonal_native,0,06893578,0.9859079551429466
1030,46,level_seasonal_native,0,06893620,1.3109660208838638
1030,46,level_seasonal_native,0,06893820,0.8454240751970996
1030,46,level_seasonal_native,0,06893830,0.7614533919700344
1030,46,level_seasonal_native,0,06893890,0.6214537954881346
1030,46,level_seasonal_native,0,06893940,0.9671808720832489
1030,46,level_seasonal_native,0,06893970,0.933132788199753
1030,46,level_seasonal_native,0,06893990,0.9326132460286345
1030,46,level_seasonal_native,0,06894000,0.8987396298035252
1030,46,level_seasonal_native,0,06934500,1.0111930461284742
1030,46,matched_daily_trees,0,06893150,1.0387207900415758
1030,46,matched_daily_trees,0,06893350,1.3638913930308534
1030,46,matched_daily_trees,0,06893390,1.7020118631808778
1030,46,matched_daily_trees,0,06893400,2.750642114074578
1030,46,matched_daily_trees,0,06893500,1.7128951758067492
1030,46,matched_daily_trees,0,06893557,1.7676262678295056
1030,46,matched_daily_trees,0,06893562,1.6113557836617696
1030,46,matched_daily_trees,0,06893563,2.062715454602833
1030,46,matched_daily_trees,0,06893564,3.821022505057743
1030,46,matched_daily_trees,0,06893578,0.9109428325512506
1030,46,matched_daily_trees,0,06893620,1.616854638070659
1030,46,matched_daily_trees,0,06893820,1.0092768517767612
1030,46,matched_daily_trees,0,06893830,1.0317585890554968
1030,46,matched_daily_trees,0,06893890,0.7768297038447615
1030,46,matched_daily_trees,0,06893940,1.3729902105904759
1030,46,matched_daily_trees,0,06893970,1.1946591875469386
1030,46,matched_daily_trees,0,06893990,1.2190968021103323
1030,46,matched_daily_trees,0,06894000,1.2361170090558555
1030,46,matched_daily_trees,0,06934500,0.8838561628291378
1030,46,relative_fixed_integrated,0,06893150,1.063357838598863
1030,46,relative_fixed_integrated,0,06893350,1.3042159379335017
1030,46,relative_fixed_integrated,0,06893390,1.851093398865541
1030,46,relative_fixed_integrated,0,06893400,3.4400891701766017
1030,46,relative_fixed_integrated,0,06893500,1.8737584715654039
1030,46,relative_fixed_integrated,0,06893557,1.7323762234642448
1030,46,relative_fixed_integrated,0,06893562,2.434637075938206
1030,46,relative_fixed_integrated,0,06893563,2.1754945181752423
1030,46,relative_fixed_integrated,0,06893564,4.862505415583816
1030,46,relative_fixed_integrated,0,06893578,0.9726888859064987
1030,46,relative_fixed_integrated,0,06893620,1.281174809855729
1030,46,relative_fixed_integrated,0,06893820,0.8087471665127075
1030,46,relative_fixed_integrated,0,06893830,0.7461818393834865
1030,46,relative_fixed_integrated,0,06893890,0.6415106525437175
1030,46,relative_fixed_integrated,0,06893940,0.9702307473823848
1030,46,relative_fixed_integrated,0,06893970,0.9076603913268153
1030,46,relative_fixed_integrated,0,06893990,0.9151690929639456
1030,46,relative_fixed_integrated,0,06894000,0.889717758590124
1030,46,relative_fixed_integrated,0,06934500,0.9988013754280036
1030,46,relative_fixed_native,0,06893150,1.063357838598863
1030,46,relative_fixed_native,0,06893350,1.3042159379335017
1030,46,relative_fixed_native,0,06893390,1.851093398865541
1030,46,relative_fixed_native,0,06893400,3.4400891701766017
1030,46,relative_fixed_native,0,06893500,1.8737584715654039
1030,46,relative_fixed_native,0,06893557,1.7323762234642448
1030,46,relative_fixed_native,0,06893562,2.434637075938206
1030,46,relative_fixed_native,0,06893563,2.1754945181752423
1030,46,relative_fixed_native,0,06893564,4.862505415583816
1030,46,relative_fixed_native,0,06893578,0.9726888859064987
1030,46,relative_fixed_native,0,06893620,1.281174809855729
1030,46,relative_fixed_native,0,06893820,0.8087471665127075
1030,46,relative_fixed_native,0,06893830,0.7461818393834865
1030,46,relative_fixed_native,0,06893890,0.6415106525437175
1030,46,relative_fixed_native,0,06893940,0.9702307473823848
1030,46,relative_fixed_native,0,06893970,0.9076603913268153
1030,46,relative_fixed_native,0,06893990,0.9151690929639456
1030,46,relative_fixed_native,0,06894000,0.889717758590124
1030,46,relative_fixed_native,0,06934500,0.9988013754280036
1030,46,relative_historical_integrated,0,06893150,1.066121690505333
1030,46,relative_historical_integrated,0,06893350,1.2920693735262083
1030,46,relative_historical_integrated,0,06893390,1.8249697077178675
1030,46,relative_historical_integrated,0,06893400,3.4760734222387106
1030,46,relative_historical_integrated,0,06893500,1.8626405983068617
1030,46,relative_historical_integrated,0,06893557,1.7376379620580849
1030,46,relative_historical_integrated,0,06893562,2.488000780556193
1030,46,relative_historical_integrated,0,06893563,2.18786296453451
1030,46,relative_historical_integrated,0,06893564,4.896227425507539
1030,46,relative_historical_integrated,0,06893578,0.9615995124177316
1030,46,relative_historical_integrated,0,06893620,1.2899667527553618
1030,46,relative_historical_integrated,0,06893820,0.840122248989313
1030,46,relative_historical_integrated,0,06893830,0.7600692071980419
1030,46,relative_historical_integrated,0,06893890,0.6578538317273485
1030,46,relative_historical_integrated,0,06893940,0.9635235476366767
1030,46,relative_historical_integrated,0,06893970,0.9183201556986276
1030,46,relative_historical_integrated,0,06893990,0.9209845995186465
1030,46,relative_historical_integrated,0,06894000,0.9089796911843818
1030,46,relative_historical_integrated,0,06934500,1.020240946529778
1030,46,relative_historical_native,0,06893150,1.066121690505333
1030,46,relative_historical_native,0,06893350,1.2920693735262083
1030,46,relative_historical_native,0,06893390,1.8249697077178675
1030,46,relative_historical_native,0,06893400,3.4760734222387106
1030,46,relative_historical_native,0,06893500,1.8626405983068617
1030,46,relative_historical_native,0,06893557,1.7376379620580849
1030,46,relative_historical_native,0,06893562,2.488000780556193
1030,46,relative_historical_native,0,06893563,2.18786296453451
1030,46,relative_historical_native,0,06893564,4.896227425507539
1030,46,relative_historical_native,0,06893578,0.9615995124177316
1030,46,relative_historical_native,0,06893620,1.2899667527553618
1030,46,relative_historical_native,0,06893820,0.840122248989313
1030,46,relative_historical_native,0,06893830,0.7600692071980419
1030,46,relative_historical_native,0,06893890,0.6578538317273485
1030,46,relative_historical_native,0,06893940,0.9635235476366767
1030,46,relative_historical_native,0,06893970,0.9183201556986276
1030,46,relative_historical_native,0,06893990,0.9209845995186465
1030,46,relative_historical_native,0,06894000,0.9089796911843818
1030,46,relative_historical_native,0,06934500,1.020240946529778
1030,46,relative_real_integrated,0,06893150,1.038787949234393
1030,46,relative_real_integrated,0,06893350,1.2915365013059454
1030,46,relative_real_integrated,0,06893390,1.8147291947805602
1030,46,relative_real_integrated,0,06893400,3.4235593451779582
1030,46,relative_real_integrated,0,06893500,1.8483350400996117
1030,46,relative_real_integrated,0,06893557,1.721396068069243
1030,46,relative_real_integrated,0,06893562,2.427196754632241
1030,46,relative_real_integrated,0,06893563,2.1671828556388415
1030,46,relative_real_integrated,0,06893564,4.860781682370604
1030,46,relative_real_integrated,0,06893578,0.9527429864626308
1030,46,relative_real_integrated,0,06893620,1.3319693887633264
1030,46,relative_real_integrated,0,06893820,0.7908949335712284
1030,46,relative_real_integrated,0,06893830,0.7763428494421593
1030,46,relative_real_integrated,0,06893890,0.6511538702484985
1030,46,relative_real_integrated,0,06893940,0.9815042258506439
1030,46,relative_real_integrated,0,06893970,0.9257538310213093
1030,46,relative_real_integrated,0,06893990,0.9102570196707228
1030,46,relative_real_integrated,0,06894000,0.872340547892792
1030,46,relative_real_integrated,0,06934500,1.0124780423891022
1030,46,relative_real_native,0,06893150,1.038787949234393
1030,46,relative_real_native,0,06893350,1.2915365013059454
1030,46,relative_real_native,0,06893390,1.8147291947805602
1030,46,relative_real_native,0,06893400,3.4235593451779582
1030,46,relative_real_native,0,06893500,1.8483350400996117
1030,46,relative_real_native,0,06893557,1.721396068069243
1030,46,relative_real_native,0,06893562,2.427196754632241
1030,46,relative_real_native,0,06893563,2.1671828556388415
1030,46,relative_real_native,0,06893564,4.860781682370604
1030,46,relative_real_native,0,06893578,0.9527429864626308
1030,46,relative_real_native,0,06893620,1.3319693887633264
1030,46,relative_real_native,0,06893820,0.7908949335712284
1030,46,relative_real_native,0,06893830,0.7763428494421593
1030,46,relative_real_native,0,06893890,0.6511538702484985
1030,46,relative_real_native,0,06893940,0.9815042258506439
1030,46,relative_real_native,0,06893970,0.9257538310213093
1030,46,relative_real_native,0,06893990,0.9102570196707228
1030,46,relative_real_native,0,06894000,0.872340547892792
1030,46,relative_real_native,0,06934500,1.0124780423891022
1030,46,station_hidden_trees,0,06893150,1.098990675508931
1030,46,station_hidden_trees,0,06893350,1.4587390435441385
1030,46,station_hidden_trees,0,06893390,1.9016812699774703
1030,46,station_hidden_trees,0,06893400,3.021080285206099
1030,46,station_hidden_trees,0,06893500,2.041469409973683
1030,46,station_hidden_trees,0,06893557,1.831260134316018
1030,46,station_hidden_trees,0,06893562,1.9139191036042649
1030,46,station_hidden_trees,0,06893563,2.0850334785814875
1030,46,station_hidden_trees,0,06893564,4.200249946288102
1030,46,station_hidden_trees,0,06893578,1.1328651859310563
1030,46,station_hidden_trees,0,06893620,1.4288697839500133
1030,46,station_hidden_trees,0,06893820,0.8298548070134634
1030,46,station_hidden_trees,0,06893830,0.8343131359479745
1030,46,station_hidden_trees,0,06893890,0.5764553205923011
1030,46,station_hidden_trees,0,06893940,1.2470444283253177
1030,46,station_hidden_trees,0,06893970,0.9583856790133833
1030,46,station_hidden_trees,0,06893990,1.1124014928128196
1030,46,station_hidden_trees,0,06894000,0.9358179784119991
1030,46,station_hidden_trees,0,06934500,0.9030524230337498
1030,46,unmonitored_integrated,0,06893150,1.0753657251031021
1030,46,unmonitored_integrated,0,06893350,1.29483006058984
1030,46,unmonitored_integrated,0,06893390,1.8610315509854454
1030,46,unmonitored_integrated,0,06893400,3.4880765418597224
1030,46,unmonitored_integrated,0,06893500,1.9060040023989158
1030,46,unmonitored_integrated,0,06893557,1.7430607626670735
1030,46,unmonitored_integrated,0,06893562,2.5089176635378383
1030,46,unmonitored_integrated,0,06893563,2.1941526862160314
1030,46,unmonitored_integrated,0,06893564,4.944052424204184
1030,46,unmonitored_integrated,0,06893578,0.9960903996539557
1030,46,unmonitored_integrated,0,06893620,1.2645393045025248
1030,46,unmonitored_integrated,0,06893820,0.8151358924164758
1030,46,unmonitored_integrated,0,06893830,0.7459993796208246
1030,46,unmonitored_integrated,0,06893890,0.6605074387589426
1030,46,unmonitored_integrated,0,06893940,0.9551564793989482
1030,46,unmonitored_integrated,0,06893970,0.9009648095032279
1030,46,unmonitored_integrated,0,06893990,0.9219357108353274
1030,46,unmonitored_integrated,0,06894000,0.8913743698091413
1030,46,unmonitored_integrated,0,06934500,1.0434932975098512
1030,46,unmonitored_residual,0,06893150,1.0753657251031021
1030,46,unmonitored_residual,0,06893350,1.29483006058984
1030,46,unmonitored_residual,0,06893390,1.8610315509854454
1030,46,unmonitored_residual,0,06893400,3.4880765418597224
1030,46,unmonitored_residual,0,06893500,1.9060040023989158
1030,46,unmonitored_residual,0,06893557,1.7430607626670735
1030,46,unmonitored_residual,0,06893562,2.5089176635378383
1030,46,unmonitored_residual,0,06893563,2.1941526862160314
1030,46,unmonitored_residual,0,06893564,4.944052424204184
1030,46,unmonitored_residual,0,06893578,0.9960903996539557
1030,46,unmonitored_residual,0,06893620,1.2645393045025248
1030,46,unmonitored_residual,0,06893820,0.8151358924164758
1030,46,unmonitored_residual,0,06893830,0.7459993796208246
1030,46,unmonitored_residual,0,06893890,0.6605074387589426
1030,46,unmonitored_residual,0,06893940,0.9551564793989482
1030,46,unmonitored_residual,0,06893970,0.9009648095032279
1030,46,unmonitored_residual,0,06893990,0.9219357108353274
1030,46,unmonitored_residual,0,06894000,0.8913743698091413
1030,46,unmonitored_residual,0,06934500,1.0434932975098512
1101,42,attention_fixed_integrated,0,07048600,1.122757024391891
1101,42,attention_fixed_integrated,0,07048700,1.1274349716134187
1101,42,attention_fixed_integrated,0,07048780,2.23565488117786
1101,42,attention_fixed_integrated,0,07048800,1.6198624468597513
1101,42,attention_fixed_integrated,0,07049000,1.4259181758506017
1101,42,attention_fixed_integrated,0,07049050,1.4204343882851875
1101,42,attention_fixed_integrated,0,07049160,0.4845111476226376
1101,42,attention_fixed_integrated,0,07050500,0.9906470222559587
1101,42,attention_fixed_integrated,0,07053250,1.7206666250875697
1101,42,attention_fixed_integrated,0,07055646,1.4299063326933612
1101,42,attention_fixed_integrated,0,07055814,1.5892782836645232
1101,42,attention_fixed_integrated,0,07055893,1.6106114147116113
1101,42,attention_fixed_integrated,0,07056000,1.4044250700155134
1101,42,attention_fixed_integrated,0,07056515,1.4567862255570376
1101,42,attention_fixed_integrated,0,07060710,0.7813419953497025
1101,42,attention_fixed_integrated,0,07061600,0.9302619919814791
1101,42,attention_fixed_integrated,0,07065495,0.9631694429016665
1101,42,attention_fixed_native,0,07048600,1.080350477905627
1101,42,attention_fixed_native,0,07048700,1.135944946366698
1101,42,attention_fixed_native,0,07048780,2.143887717343636
1101,42,attention_fixed_native,0,07048800,1.5192078768048312
1101,42,attention_fixed_native,0,07049000,1.3665813941221783
1101,42,attention_fixed_native,0,07049050,1.4167405017361667
1101,42,attention_fixed_native,0,07049160,0.4926623396737407
1101,42,attention_fixed_native,0,07050500,0.9628306312110482
1101,42,attention_fixed_native,0,07053250,1.7451194406187032
1101,42,attention_fixed_native,0,07055646,1.3590483992112088
1101,42,attention_fixed_native,0,07055814,1.5557196251884542
1101,42,attention_fixed_native,0,07055893,1.525518501424058
1101,42,attention_fixed_native,0,07056000,1.2828866068685294
1101,42,attention_fixed_native,0,07056515,1.3461314681033076
1101,42,attention_fixed_native,0,07060710,0.6907064907083673
1101,42,attention_fixed_native,0,07061600,0.9125044743563657
1101,42,attention_fixed_native,0,07065495,0.932290474609007
1101,42,attention_historical_integrated,0,07048600,1.122757024391891
1101,42,attention_historical_integrated,0,07048700,1.1274349716134187
1101,42,attention_historical_integrated,0,07048780,2.23565488117786
1101,42,attention_historical_integrated,0,07048800,1.6198624468597513
1101,42,attention_historical_integrated,0,07049000,1.4259181758506017
1101,42,attention_historical_integrated,0,07049050,1.4204343882851875
1101,42,attention_historical_integrated,0,07049160,0.4845111476226376
1101,42,attention_historical_integrated,0,07050500,0.9906470222559587
1101,42,attention_historical_integrated,0,07053250,1.7206666250875697
1101,42,attention_historical_integrated,0,07055646,1.4299063326933612
1101,42,attention_historical_integrated,0,07055814,1.5892782836645232
1101,42,attention_historical_integrated,0,07055893,1.6106114147116113
1101,42,attention_historical_integrated,0,07056000,1.4044250700155134
1101,42,attention_historical_integrated,0,07056515,1.4567862255570376
1101,42,attention_historical_integrated,0,07060710,0.7813419953497025
1101,42,attention_historical_integrated,0,07061600,0.9302619919814791
1101,42,attention_historical_integrated,0,07065495,0.9631694429016665
1101,42,attention_historical_native,0,07048600,1.0702512461295248
1101,42,attention_historical_native,0,07048700,1.1337101645492413
1101,42,attention_historical_native,0,07048780,2.1267487367442155
1101,42,attention_historical_native,0,07048800,1.5127713523189723
1101,42,attention_historical_native,0,07049000,1.346382401353359
1101,42,attention_historical_native,0,07049050,1.4100751093217834
1101,42,attention_historical_native,0,07049160,0.4777516232123402
1101,42,attention_historical_native,0,07050500,0.9281645524035832
1101,42,attention_historical_native,0,07053250,1.7295282693336798
1101,42,attention_historical_native,0,07055646,1.334793144589325
1101,42,attention_historical_native,0,07055814,1.557288292034014
1101,42,attention_historical_native,0,07055893,1.5057142425059011
1101,42,attention_historical_native,0,07056000,1.2543822632827808
1101,42,attention_historical_native,0,07056515,1.3392097039816062
1101,42,attention_historical_native,0,07060710,0.6647442326691407
1101,42,attention_historical_native,0,07061600,0.873988431395351
1101,42,attention_historical_native,0,07065495,0.8981442624166038
1101,42,attention_real_integrated,0,07048600,1.0957343599995342
1101,42,attention_real_integrated,0,07048700,1.1274903942105905
1101,42,attention_real_integrated,0,07048780,2.18441011916166
1101,42,attention_real_integrated,0,07048800,1.5596492481548503
1101,42,attention_real_integrated,0,07049000,1.386562826210016
1101,42,attention_real_integrated,0,07049050,1.4166059972764145
1101,42,attention_real_integrated,0,07049160,0.48571130216699565
1101,42,attention_real_integrated,0,07050500,0.9630728321202968
1101,42,attention_real_integrated,0,07053250,1.7267088183484873
1101,42,attention_real_integrated,0,07055646,1.3806663824841052
1101,42,attention_real_integrated,0,07055814,1.57354047593101
1101,42,attention_real_integrated,0,07055893,1.5552023358732214
1101,42,attention_real_integrated,0,07056000,1.3306949928129235
1101,42,attention_real_integrated,0,07056515,1.3926259954724889
1101,42,attention_real_integrated,0,07060710,0.7219215950653365
1101,42,attention_real_integrated,0,07061600,0.9039442978460284
1101,42,attention_real_integrated,0,07065495,0.9355558571051003
1101,42,attention_real_native,0,07048600,1.0707425225435605
1101,42,attention_real_native,0,07048700,1.1276713268953054
1101,42,attention_real_native,0,07048780,2.1331653571454603
1101,42,attention_real_native,0,07048800,1.5072323633147835
1101,42,attention_real_native,0,07049000,1.348490725529345
1101,42,attention_real_native,0,07049050,1.4127776062676414
1101,42,attention_real_native,0,07049160,0.4869114567113538
1101,42,attention_real_native,0,07050500,0.935498641984635
1101,42,attention_real_native,0,07053250,1.7327510116094051
1101,42,attention_real_native,0,07055646,1.3314264322748492
1101,42,attention_real_native,0,07055814,1.5578026681974968
1101,42,attention_real_native,0,07055893,1.499793257034832
1101,42,attention_real_native,0,07056000,1.2571549895974135
1101,42,attention_real_native,0,07056515,1.3316407304751947
1101,42,attention_real_native,0,07060710,0.6633747659147479
1101,42,attention_real_native,0,07061600,0.8776266037105777
1101,42,attention_real_native,0,07065495,0.9079422713085339
1101,42,current_model,0,07048600,1.0277707991766296
1101,42,current_model,0,07048700,1.0894068435604507
1101,42,current_model,0,07048780,1.9332203529729795
1101,42,current_model,0,07048800,1.3836390636742975
1101,42,current_model,0,07049000,1.2374213164238026
1101,42,current_model,0,07049050,1.3572781338020872
1101,42,current_model,0,07049160,0.508462665069097
1101,42,current_model,0,07050500,0.7750422982424179
1101,42,current_model,0,07053250,0.9596843523519377
1101,42,current_model,0,07055646,0.9089796661687738
1101,42,current_model,0,07055814,1.7086926915929106
1101,42,current_model,0,07055893,0.9647898896818127
1101,42,current_model,0,07056000,0.979830021861453
1101,42,current_model,0,07056515,1.0165096396049678
1101,42,current_model,0,07060710,0.5566910161878057
1101,42,current_model,0,07061600,0.6867702293639173
1101,42,current_model,0,07065495,0.8395616551886652
1101,42,innovation_real_integrated,0,07048600,1.122757024391891
1101,42,innovation_real_integrated,0,07048700,1.1274349716134187
1101,42,innovation_real_integrated,0,07048780,2.23565488117786
1101,42,innovation_real_integrated,0,07048800,1.6198624468597513
1101,42,innovation_real_integrated,0,07049000,1.4259181758506017
1101,42,innovation_real_integrated,0,07049050,1.4204343882851875
1101,42,innovation_real_integrated,0,07049160,0.4845111476226376
1101,42,innovation_real_integrated,0,07050500,0.9906470222559587
1101,42,innovation_real_integrated,0,07053250,1.7206666250875697
1101,42,innovation_real_integrated,0,07055646,1.4299063326933612
1101,42,innovation_real_integrated,0,07055814,1.5892782836645232
1101,42,innovation_real_integrated,0,07055893,1.6106114147116113
1101,42,innovation_real_integrated,0,07056000,1.4044250700155134
1101,42,innovation_real_integrated,0,07056515,1.4567862255570376
1101,42,innovation_real_integrated,0,07060710,0.7813419953497025
1101,42,innovation_real_integrated,0,07061600,0.9302619919814791
1101,42,innovation_real_integrated,0,07065495,0.9631694429016665
1101,42,innovation_real_native,0,07048600,1.079407397026602
1101,42,innovation_real_native,0,07048700,1.1350539195396645
1101,42,innovation_real_native,0,07048780,2.1435634234627026
1101,42,innovation_real_native,0,07048800,1.5190220844925688
1101,42,innovation_real_native,0,07049000,1.3647009975627367
1101,42,innovation_real_native,0,07049050,1.4158242170247022
1101,42,innovation_real_native,0,07049160,0.489894198366906
1101,42,innovation_real_native,0,07050500,0.9585461332504169
1101,42,innovation_real_native,0,07053250,1.7413578160434338
1101,42,innovation_real_native,0,07055646,1.3536271871185015
1101,42,innovation_real_native,0,07055814,1.555724492652758
1101,42,innovation_real_native,0,07055893,1.5208836779291568
1101,42,innovation_real_native,0,07056000,1.2780383376325983
1101,42,innovation_real_native,0,07056515,1.345780863414017
1101,42,innovation_real_native,0,07060710,0.6844756022499687
1101,42,innovation_real_native,0,07061600,0.9073160369706742
1101,42,innovation_real_native,0,07065495,0.9279144943482
1101,42,innovation_real_trees,0,07048600,1.1564362702431412
1101,42,innovation_real_trees,0,07048700,1.2082102672814385
1101,42,innovation_real_trees,0,07048780,2.220681758987339
1101,42,innovation_real_trees,0,07048800,1.6287020857436822
1101,42,innovation_real_trees,0,07049000,1.4756110507325748
1101,42,innovation_real_trees,0,07049050,1.4163504974967283
1101,42,innovation_real_trees,0,07049160,0.49358887976595117
1101,42,innovation_real_trees,0,07050500,1.060648861890616
1101,42,innovation_real_trees,0,07053250,1.9429379855381788
1101,42,innovation_real_trees,0,07055646,1.6297260450691646
1101,42,innovation_real_trees,0,07055814,1.5884935338958912
1101,42,innovation_real_trees,0,07055893,1.6543452842677027
1101,42,innovation_real_trees,0,07056000,1.5454391976790098
1101,42,innovation_real_trees,0,07056515,1.527049822615227
1101,42,innovation_real_trees,0,07060710,1.1494520595833364
1101,42,innovation_real_trees,0,07061600,1.0619655712800053
1101,42,innovation_real_trees,0,07065495,1.1492131296957275
1101,42,level_fixed_integrated,0,07048600,1.083664223660479
1101,42,level_fixed_integrated,0,07048700,1.12630884420207
1101,42,level_fixed_integrated,0,07048780,2.1598115824323383
1101,42,level_fixed_integrated,0,07048800,1.537794984266909
1101,42,level_fixed_integrated,0,07049000,1.3744402938029416
1101,42,level_fixed_integrated,0,07049050,1.4216218132990739
1101,42,level_fixed_integrated,0,07049160,0.4829386798045051
1101,42,level_fixed_integrated,0,07050500,0.9484945495579865
1101,42,level_fixed_integrated,0,07053250,1.716646450389368
1101,42,level_fixed_integrated,0,07055646,1.34193019940192
1101,42,level_fixed_integrated,0,07055814,1.5667967850092974
1101,42,level_fixed_integrated,0,07055893,1.5440461430656978
1101,42,level_fixed_integrated,0,07056000,1.2720079436771086
1101,42,level_fixed_integrated,0,07056515,1.3678345652391002
1101,42,level_fixed_integrated,0,07060710,0.690391692645681
1101,42,level_fixed_integrated,0,07061600,0.8739164161601638
1101,42,level_fixed_integrated,0,07065495,0.9080001983663514
1101,42,level_fixed_native,0,07048600,1.0715967172041334
1101,42,level_fixed_native,0,07048700,1.1260186486246704
1101,42,level_fixed_native,0,07048780,2.1345304828504976
1101,42,level_fixed_native,0,07048800,1.5129313213385451
1101,42,level_fixed_native,0,07049000,1.357280999787055
1101,42,level_fixed_native,0,07049050,1.422017621637036
1101,42,level_fixed_native,0,07049160,0.4824145238651277
1101,42,level_fixed_native,0,07050500,0.9344437253253292
1101,42,level_fixed_native,0,07053250,1.7153063921566343
1101,42,level_fixed_native,0,07055646,1.312604821638106
1101,42,level_fixed_native,0,07055814,1.5593029521242223
1101,42,level_fixed_native,0,07055893,1.5218577191837268
1101,42,level_fixed_native,0,07056000,1.2292332004205233
1101,42,level_fixed_native,0,07056515,1.3400939342302363
1101,42,level_fixed_native,0,07060710,0.6605896002695819
1101,42,level_fixed_native,0,07061600,0.8551345575530587
1101,42,level_fixed_native,0,07065495,0.8896104501879128
1101,42,level_historical_integrated,0,07048600,1.122757024391891
1101,42,level_historical_integrated,0,07048700,1.1274349716134187
1101,42,level_historical_integrated,0,07048780,2.23565488117786
1101,42,level_historical_integrated,0,07048800,1.6198624468597513
1101,42,level_historical_integrated,0,07049000,1.4259181758506017
1101,42,level_historical_integrated,0,07049050,1.4204343882851875
1101,42,level_historical_integrated,0,07049160,0.4845111476226376
1101,42,level_historical_integrated,0,07050500,0.9906470222559587
1101,42,level_historical_integrated,0,07053250,1.7206666250875697
1101,42,level_historical_integrated,0,07055646,1.4299063326933612
1101,42,level_historical_integrated,0,07055814,1.5892782836645232
1101,42,level_historical_integrated,0,07055893,1.6106114147116113
1101,42,level_historical_integrated,0,07056000,1.4044250700155134
1101,42,level_historical_integrated,0,07056515,1.4567862255570376
1101,42,level_historical_integrated,0,07060710,0.7813419953497025
1101,42,level_historical_integrated,0,07061600,0.9302619919814791
1101,42,level_historical_integrated,0,07065495,0.9631694429016665
1101,42,level_historical_native,0,07048600,1.0703808270929278
1101,42,level_historical_native,0,07048700,1.1301565990396758
1101,42,level_historical_native,0,07048780,2.1216880652459973
1101,42,level_historical_native,0,07048800,1.5096026903906528
1101,42,level_historical_native,0,07049000,1.3503150739205625
1101,42,level_historical_native,0,07049050,1.416120544917555
1101,42,level_historical_native,0,07049160,0.47835333506116745
1101,42,level_historical_native,0,07050500,0.9286497123741463
1101,42,level_historical_native,0,07053250,1.7282303424613192
1101,42,level_historical_native,0,07055646,1.3091281046609613
1101,42,level_historical_native,0,07055814,1.560238060338839
1101,42,level_historical_native,0,07055893,1.5066331827297323
1101,42,level_historical_native,0,07056000,1.2286168604342618
1101,42,level_historical_native,0,07056515,1.3325819533230998
1101,42,level_historical_native,0,07060710,0.649516522076244
1101,42,level_historical_native,0,07061600,0.8503128244988711
1101,42,level_historical_native,0,07065495,0.8874101063907784
1101,42,level_real_integrated,0,07048600,1.104361338906284
1101,42,level_real_integrated,0,07048700,1.1387760305317036
1101,42,level_real_integrated,0,07048780,2.1662315319870364
1101,42,level_real_integrated,0,07048800,1.5385839573516702
1101,42,level_real_integrated,0,07049000,1.4179424450208509
1101,42,level_real_integrated,0,07049050,1.439795158349299
1101,42,level_real_integrated,0,07049160,0.5074926278714258
1101,42,level_real_integrated,0,07050500,1.0057798251229964
1101,42,level_real_integrated,0,07053250,1.764548771642587
1101,42,level_real_integrated,0,07055646,1.3243185393446741
1101,42,level_real_integrated,0,07055814,1.5589969947770677
1101,42,level_real_integrated,0,07055893,1.5915969330179331
1101,42,level_real_integrated,0,07056000,1.2486516180436917
1101,42,level_real_integrated,0,07056515,1.3843610365268906
1101,42,level_real_integrated,0,07060710,0.6947990129636207
1101,42,level_real_integrated,0,07061600,0.8837953226777505
1101,42,level_real_integrated,0,07065495,0.8902963435949742
1101,42,level_real_native,0,07048600,1.104361338906284
1101,42,level_real_native,0,07048700,1.1387760305317036
1101,42,level_real_native,0,07048780,2.1662315319870364
1101,42,level_real_native,0,07048800,1.5385839573516702
1101,42,level_real_native,0,07049000,1.4179424450208509
1101,42,level_real_native,0,07049050,1.439795158349299
1101,42,level_real_native,0,07049160,0.5074926278714258
1101,42,level_real_native,0,07050500,1.0057798251229964
1101,42,level_real_native,0,07053250,1.764548771642587
1101,42,level_real_native,0,07055646,1.3243185393446741
1101,42,level_real_native,0,07055814,1.5589969947770677
1101,42,level_real_native,0,07055893,1.5915969330179331
1101,42,level_real_native,0,07056000,1.2486516180436917
1101,42,level_real_native,0,07056515,1.3843610365268906
1101,42,level_real_native,0,07060710,0.6947990129636207
1101,42,level_real_native,0,07061600,0.8837953226777505
1101,42,level_real_native,0,07065495,0.8902963435949742
1101,42,level_seasonal_integrated,0,07048600,1.122757024391891
1101,42,level_seasonal_integrated,0,07048700,1.1274349716134187
1101,42,level_seasonal_integrated,0,07048780,2.23565488117786
1101,42,level_seasonal_integrated,0,07048800,1.6198624468597513
1101,42,level_seasonal_integrated,0,07049000,1.4259181758506017
1101,42,level_seasonal_integrated,0,07049050,1.4204343882851875
1101,42,level_seasonal_integrated,0,07049160,0.4845111476226376
1101,42,level_seasonal_integrated,0,07050500,0.9906470222559587
1101,42,level_seasonal_integrated,0,07053250,1.7206666250875697
1101,42,level_seasonal_integrated,0,07055646,1.4299063326933612
1101,42,level_seasonal_integrated,0,07055814,1.5892782836645232
1101,42,level_seasonal_integrated,0,07055893,1.6106114147116113
1101,42,level_seasonal_integrated,0,07056000,1.4044250700155134
1101,42,level_seasonal_integrated,0,07056515,1.4567862255570376
1101,42,level_seasonal_integrated,0,07060710,0.7813419953497025
1101,42,level_seasonal_integrated,0,07061600,0.9302619919814791
1101,42,level_seasonal_integrated,0,07065495,0.9631694429016665
1101,42,level_seasonal_native,0,07048600,1.0745726437425727
1101,42,level_seasonal_native,0,07048700,1.1292758259769131
1101,42,level_seasonal_native,0,07048780,2.1337846668744858
1101,42,level_seasonal_native,0,07048800,1.5133714958565185
1101,42,level_seasonal_native,0,07049000,1.3637122922131384
1101,42,level_seasonal_native,0,07049050,1.4232787163030816
1101,42,level_seasonal_native,0,07049160,0.4870715354973611
1101,42,level_seasonal_native,0,07050500,0.9472585216944666
1101,42,level_seasonal_native,0,07053250,1.7166081438130247
1101,42,level_seasonal_native,0,07055646,1.2791324808679074
1101,42,level_seasonal_native,0,07055814,1.562100180967196
1101,42,level_seasonal_native,0,07055893,1.5279581206212578
1101,42,level_seasonal_native,0,07056000,1.207517781739805
1101,42,level_seasonal_native,0,07056515,1.3438799873972715
1101,42,level_seasonal_native,0,07060710,0.6538830277275535
1101,42,level_seasonal_native,0,07061600,0.8440993087088987
1101,42,level_seasonal_native,0,07065495,0.8830650586426293
1101,42,matched_daily_trees,0,07048600,1.139130384273301
1101,42,matched_daily_trees,0,07048700,1.2182278490092426
1101,42,matched_daily_trees,0,07048780,2.28196533274843
1101,42,matched_daily_trees,0,07048800,1.6999644771830944
1101,42,matched_daily_trees,0,07049000,1.536524651179281
1101,42,matched_daily_trees,0,07049050,1.4577372645090223
1101,42,matched_daily_trees,0,07049160,0.5190827690202542
1101,42,matched_daily_trees,0,07050500,1.1156322687792752
1101,42,matched_daily_trees,0,07053250,2.1414417706192217
1101,42,matched_daily_trees,0,07055646,1.4771872623859748
1101,42,matched_daily_trees,0,07055814,1.5993637281080546
1101,42,matched_daily_trees,0,07055893,1.641361331961009
1101,42,matched_daily_trees,0,07056000,1.6236193866261044
1101,42,matched_daily_trees,0,07056515,1.5485832202736667
1101,42,matched_daily_trees,0,07060710,1.166479190190109
1101,42,matched_daily_trees,0,07061600,1.2382720031878973
1101,42,matched_daily_trees,0,07065495,1.255212443200572
1101,42,relative_fixed_integrated,0,07048600,1.0846803307450272
1101,42,relative_fixed_integrated,0,07048700,1.1286996789120005
1101,42,relative_fixed_integrated,0,07048780,2.1586196235271107
1101,42,relative_fixed_integrated,0,07048800,1.5379600161840812
1101,42,relative_fixed_integrated,0,07049000,1.371046744168408
1101,42,relative_fixed_integrated,0,07049050,1.4183616523812528
1101,42,relative_fixed_integrated,0,07049160,0.4830354356722525
1101,42,relative_fixed_integrated,0,07050500,0.9525847969126173
1101,42,relative_fixed_integrated,0,07053250,1.7267474329214252
1101,42,relative_fixed_integrated,0,07055646,1.3599557235262236
1101,42,relative_fixed_integrated,0,07055814,1.5658751148481098
1101,42,relative_fixed_integrated,0,07055893,1.5342308400389992
1101,42,relative_fixed_integrated,0,07056000,1.297673409051831
1101,42,relative_fixed_integrated,0,07056515,1.363662031237769
1101,42,relative_fixed_integrated,0,07060710,0.6960145309100224
1101,42,relative_fixed_integrated,0,07061600,0.8917702387192821
1101,42,relative_fixed_integrated,0,07065495,0.9211621000718722
1101,42,relative_fixed_native,0,07048600,1.0729515266501977
1101,42,relative_fixed_native,0,07048700,1.1291630847073755
1101,42,relative_fixed_native,0,07048780,2.1329412043101943
1101,42,relative_fixed_native,0,07048800,1.5137739975726663
1101,42,relative_fixed_native,0,07049000,1.3527562669410103
1101,42,relative_fixed_native,0,07049050,1.4176707404132745
1101,42,relative_fixed_native,0,07049160,0.4825435316887909
1101,42,relative_fixed_native,0,07050500,0.9398973884648368
1101,42,relative_fixed_native,0,07053250,1.728774368866044
1101,42,relative_fixed_native,0,07055646,1.3366388538038443
1101,42,relative_fixed_native,0,07055814,1.558074058575972
1101,42,relative_fixed_native,0,07055893,1.5087706484814623
1101,42,relative_fixed_native,0,07056000,1.26215288005963
1101,42,relative_fixed_native,0,07056515,1.334312142125992
1101,42,relative_fixed_native,0,07060710,0.6679504763104469
1101,42,relative_fixed_native,0,07061600,0.8789396542985497
1101,42,relative_fixed_native,0,07065495,0.9071596524619405
1101,42,relative_historical_integrated,0,07048600,1.0941317824913765
1101,42,relative_historical_integrated,0,07048700,1.129434636942915
1101,42,relative_historical_integrated,0,07048780,2.177841322612007
1101,42,relative_historical_integrated,0,07048800,1.5619467813716796
1101,42,relative_historical_integrated,0,07049000,1.3837659047713557
1101,42,relative_historical_integrated,0,07049050,1.4132753833445304
1101,42,relative_historical_integrated,0,07049160,0.4801705095535906
1101,42,relative_historical_integrated,0,07050500,0.9581037320538683
1101,42,relative_historical_integrated,0,07053250,1.7219083818053766
1101,42,relative_historical_integrated,0,07055646,1.3811163893864562
1101,42,relative_historical_integrated,0,07055814,1.5730891432277772
1101,42,relative_historical_integrated,0,07055893,1.556704318691424
1101,42,relative_historical_integrated,0,07056000,1.3264708535962244
1101,42,relative_historical_integrated,0,07056515,1.3941051916833465
1101,42,relative_historical_integrated,0,07060710,0.7206207681509736
1101,42,relative_historical_integrated,0,07061600,0.8999085435097771
1101,42,relative_historical_integrated,0,07065495,0.9307705789254678
1101,42,relative_historical_native,0,07048600,1.0675091182587761
1101,42,relative_historical_native,0,07048700,1.1315598123599544
1101,42,relative_historical_native,0,07048780,2.120027764046154
1101,42,relative_historical_native,0,07048800,1.5100951760236672
1101,42,relative_historical_native,0,07049000,1.34161363369211
1101,42,relative_historical_native,0,07049050,1.4061163784038735
1101,42,relative_historical_native,0,07049160,0.47582987148454364
1101,42,relative_historical_native,0,07050500,0.9255604418517779
1101,42,relative_historical_native,0,07053250,1.7255369874538802
1101,42,relative_historical_native,0,07055646,1.332326446079551
1101,42,relative_historical_native,0,07055814,1.5569000027910314
1101,42,relative_historical_native,0,07055893,1.502797222671237
1101,42,relative_historical_native,0,07056000,1.2487067111640153
1101,42,relative_historical_native,0,07056515,1.3362578626225796
1101,42,relative_historical_native,0,07060710,0.6605569498999938
1101,42,relative_historical_native,0,07061600,0.8695550950380754
1101,42,relative_historical_native,0,07065495,0.8983717149492689
1101,42,relative_real_integrated,0,07048600,1.069316830059753
1101,42,relative_real_integrated,0,07048700,1.1265884028895528
1101,42,relative_real_integrated,0,07048780,2.1343293271485453
1101,42,relative_real_integrated,0,07048800,1.5155099121876492
1101,42,relative_real_integrated,0,07049000,1.3516102226079565
1101,42,relative_real_integrated,0,07049050,1.4204533466495872
1101,42,relative_real_integrated,0,07049160,0.48719202087744895
1101,42,relative_real_integrated,0,07050500,0.9394782934026036
1101,42,relative_real_integrated,0,07053250,1.7378062520978832
1101,42,relative_real_integrated,0,07055646,1.3329545531572593
1101,42,relative_real_integrated,0,07055814,1.5578468605712494
1101,42,relative_real_integrated,0,07055893,1.4995866314801214
1101,42,relative_real_integrated,0,07056000,1.2602212723167872
1101,42,relative_real_integrated,0,07056515,1.3329883984647473
1101,42,relative_real_integrated,0,07060710,0.6653772587790469
1101,42,relative_real_integrated,0,07061600,0.8838621328618054
1101,42,relative_real_integrated,0,07065495,0.9030453001946044
1101,42,relative_real_native,0,07048600,1.069316830059753
1101,42,relative_real_native,0,07048700,1.1265884028895528
1101,42,relative_real_native,0,07048780,2.1343293271485453
1101,42,relative_real_native,0,07048800,1.5155099121876492
1101,42,relative_real_native,0,07049000,1.3516102226079565
1101,42,relative_real_native,0,07049050,1.4204533466495872
1101,42,relative_real_native,0,07049160,0.48719202087744895
1101,42,relative_real_native,0,07050500,0.9394782934026036
1101,42,relative_real_native,0,07053250,1.7378062520978832
1101,42,relative_real_native,0,07055646,1.3329545531572593
1101,42,relative_real_native,0,07055814,1.5578468605712494
1101,42,relative_real_native,0,07055893,1.4995866314801214
1101,42,relative_real_native,0,07056000,1.2602212723167872
1101,42,relative_real_native,0,07056515,1.3329883984647473
1101,42,relative_real_native,0,07060710,0.6653772587790469
1101,42,relative_real_native,0,07061600,0.8838621328618054
1101,42,relative_real_native,0,07065495,0.9030453001946044
1101,42,station_hidden_trees,0,07048600,1.154344747128362
1101,42,station_hidden_trees,0,07048700,1.188134647195888
1101,42,station_hidden_trees,0,07048780,2.2554987672363174
1101,42,station_hidden_trees,0,07048800,1.6654873530295793
1101,42,station_hidden_trees,0,07049000,1.4988869872283548
1101,42,station_hidden_trees,0,07049050,1.4531317391443763
1101,42,station_hidden_trees,0,07049160,0.5297472945091835
1101,42,station_hidden_trees,0,07050500,1.0789253142511102
1101,42,station_hidden_trees,0,07053250,1.9872858242668043
1101,42,station_hidden_trees,0,07055646,1.5600130149413782
1101,42,station_hidden_trees,0,07055814,1.5743033476010404
1101,42,station_hidden_trees,0,07055893,1.7161370445336042
1101,42,station_hidden_trees,0,07056000,1.4735984565340527
1101,42,station_hidden_trees,0,07056515,1.5269454320318778
1101,42,station_hidden_trees,0,07060710,0.990927594867258
1101,42,station_hidden_trees,0,07061600,1.0848083136326
1101,42,station_hidden_trees,0,07065495,1.1303426096282934
1101,42,unmonitored_integrated,0,07048600,1.122757024391891
1101,42,unmonitored_integrated,0,07048700,1.1274349716134187
1101,42,unmonitored_integrated,0,07048780,2.23565488117786
1101,42,unmonitored_integrated,0,07048800,1.6198624468597513
1101,42,unmonitored_integrated,0,07049000,1.4259181758506017
1101,42,unmonitored_integrated,0,07049050,1.4204343882851875
1101,42,unmonitored_integrated,0,07049160,0.4845111476226376
1101,42,unmonitored_integrated,0,07050500,0.9906470222559587
1101,42,unmonitored_integrated,0,07053250,1.7206666250875697
1101,42,unmonitored_integrated,0,07055646,1.4299063326933612
1101,42,unmonitored_integrated,0,07055814,1.5892782836645232
1101,42,unmonitored_integrated,0,07055893,1.6106114147116113
1101,42,unmonitored_integrated,0,07056000,1.4044250700155134
1101,42,unmonitored_integrated,0,07056515,1.4567862255570376
1101,42,unmonitored_integrated,0,07060710,0.7813419953497025
1101,42,unmonitored_integrated,0,07061600,0.9302619919814791
1101,42,unmonitored_integrated,0,07065495,0.9631694429016665
1101,42,unmonitored_residual,0,07048600,1.0695066171705816
1101,42,unmonitored_residual,0,07048700,1.1332791247969554
1101,42,unmonitored_residual,0,07048780,2.1272580257173606
1101,42,unmonitored_residual,0,07048800,1.5134384839645774
1101,42,unmonitored_residual,0,07049000,1.3489856558725888
1101,42,unmonitored_residual,0,07049050,1.4108044126428962
1101,42,unmonitored_residual,0,07049160,0.4779868613120916
1101,42,unmonitored_residual,0,07050500,0.9239161444451867
1101,42,unmonitored_residual,0,07053250,1.7266639403033606
1101,42,unmonitored_residual,0,07055646,1.3304306806382142
1101,42,unmonitored_residual,0,07055814,1.5580975793138585
1101,42,unmonitored_residual,0,07055893,1.50806384911433
1101,42,unmonitored_residual,0,07056000,1.2543747048256197
1101,42,unmonitored_residual,0,07056515,1.3395972622139782
1101,42,unmonitored_residual,0,07060710,0.6633119101149733
1101,42,unmonitored_residual,0,07061600,0.8711890156414036
1101,42,unmonitored_residual,0,07065495,0.9041719055575126
1101,43,attention_fixed_integrated,0,07048600,1.1113847356080608
1101,43,attention_fixed_integrated,0,07048700,1.1477957566510877
1101,43,attention_fixed_integrated,0,07048780,2.1634519206973892
1101,43,attention_fixed_integrated,0,07048800,1.5632387279196744
1101,43,attention_fixed_integrated,0,07049000,1.3914841936447697
1101,43,attention_fixed_integrated,0,07049050,1.4076925777985934
1101,43,attention_fixed_integrated,0,07049160,0.460739431980219
1101,43,attention_fixed_integrated,0,07050500,1.0239273695456148
1101,43,attention_fixed_integrated,0,07053250,1.3125710987101722
1101,43,attention_fixed_integrated,0,07055646,1.3767198588796699
1101,43,attention_fixed_integrated,0,07055814,1.5386110160960809
1101,43,attention_fixed_integrated,0,07055893,1.6448918446739882
1101,43,attention_fixed_integrated,0,07056000,1.4385607459256857
1101,43,attention_fixed_integrated,0,07056515,1.4480489872911138
1101,43,attention_fixed_integrated,0,07060710,0.7542513273488518
1101,43,attention_fixed_integrated,0,07061600,0.93808857005802
1101,43,attention_fixed_integrated,0,07065495,0.9963290451902456
1101,43,attention_fixed_native,0,07048600,1.015122378557826
1101,43,attention_fixed_native,0,07048700,1.0933166471798468
1101,43,attention_fixed_native,0,07048780,1.9675731073901244
1101,43,attention_fixed_native,0,07048800,1.4268773811227526
1101,43,attention_fixed_native,0,07049000,1.2407261042161988
1101,43,attention_fixed_native,0,07049050,1.3678346191337314
1101,43,attention_fixed_native,0,07049160,0.49299468249703415
1101,43,attention_fixed_native,0,07050500,0.8422980668523996
1101,43,attention_fixed_native,0,07053250,1.4416428145350315
1101,43,attention_fixed_native,0,07055646,1.204147287399552
1101,43,attention_fixed_native,0,07055814,1.5159754511170482
1101,43,attention_fixed_native,0,07055893,1.359747235037233
1101,43,attention_fixed_native,0,07056000,1.2609468067529628
1101,43,attention_fixed_native,0,07056515,1.2148571915895052
1101,43,attention_fixed_native,0,07060710,0.6019550002446851
1101,43,attention_fixed_native,0,07061600,0.7983557284356376
1101,43,attention_fixed_native,0,07065495,0.8129387651539975
1101,43,attention_historical_integrated,0,07048600,1.1113847356080608
1101,43,attention_historical_integrated,0,07048700,1.1477957566510877
1101,43,attention_historical_integrated,0,07048780,2.1634519206973892
1101,43,attention_historical_integrated,0,07048800,1.5632387279196744
1101,43,attention_historical_integrated,0,07049000,1.3914841936447697
1101,43,attention_historical_integrated,0,07049050,1.4076925777985934
1101,43,attention_historical_integrated,0,07049160,0.460739431980219
1101,43,attention_historical_integrated,0,07050500,1.0239273695456148
1101,43,attention_historical_integrated,0,07053250,1.3125710987101722
1101,43,attention_historical_integrated,0,07055646,1.3767198588796699
1101,43,attention_historical_integrated,0,07055814,1.5386110160960809
1101,43,attention_historical_integrated,0,07055893,1.6448918446739882
1101,43,attention_historical_integrated,0,07056000,1.4385607459256857
1101,43,attention_historical_integrated,0,07056515,1.4480489872911138
1101,43,attention_historical_integrated,0,07060710,0.7542513273488518
1101,43,attention_historical_integrated,0,07061600,0.93808857005802
1101,43,attention_historical_integrated,0,07065495,0.9963290451902456
1101,43,attention_historical_native,0,07048600,1.01038969333984
1101,43,attention_historical_native,0,07048700,1.092338667891952
1101,43,attention_historical_native,0,07048780,1.9633598240108927
1101,43,attention_historical_native,0,07048800,1.4190237388221363
1101,43,attention_historical_native,0,07049000,1.2074424939611532
1101,43,attention_historical_native,0,07049050,1.3570374307998883
1101,43,attention_historical_native,0,07049160,0.5119541427220423
1101,43,attention_historical_native,0,07050500,0.795631980366405
1101,43,attention_historical_native,0,07053250,1.3218870980994477
1101,43,attention_historical_native,0,07055646,1.100027474260985
1101,43,attention_historical_native,0,07055814,1.5261922662962608
1101,43,attention_historical_native,0,07055893,1.2706499404688385
1101,43,attention_historical_native,0,07056000,1.1918753293741329
1101,43,attention_historical_native,0,07056515,1.1753937081869996
1101,43,attention_historical_native,0,07060710,0.4884030342273525
1101,43,attention_historical_native,0,07061600,0.6940905808224831
1101,43,attention_historical_native,0,07065495,0.7291211277911044
1101,43,attention_real_integrated,0,07048600,1.0401036038268785
1101,43,attention_real_integrated,0,07048700,1.102873140738939
1101,43,attention_real_integrated,0,07048780,2.0487436949861904
1101,43,attention_real_integrated,0,07048800,1.443217388041697
1101,43,attention_real_integrated,0,07049000,1.2697346969531584
1101,43,attention_real_integrated,0,07049050,1.3733509081024626
1101,43,attention_real_integrated,0,07049160,0.5060114990798392
1101,43,attention_real_integrated,0,07050500,0.9107653420931036
1101,43,attention_real_integrated,0,07053250,1.3922422265436913
1101,43,attention_real_integrated,0,07055646,1.208562153565376
1101,43,attention_real_integrated,0,07055814,1.5265945213181957
1101,43,attention_real_integrated,0,07055893,1.3896334417959395
1101,43,attention_real_integrated,0,07056000,1.277494394852163
1101,43,attention_real_integrated,0,07056515,1.2602658286059853
1101,43,attention_real_integrated,0,07060710,0.5321512152664435
1101,43,attention_real_integrated,0,07061600,0.785505847176919
1101,43,attention_real_integrated,0,07065495,0.8073850298630252
1101,43,attention_real_native,0,07048600,1.0207956153589748
1101,43,attention_real_native,0,07048700,1.093603816663566
1101,43,attention_real_native,0,07048780,2.0105076197491245
1101,43,attention_real_native,0,07048800,1.408859988056154
1101,43,attention_real_native,0,07049000,1.240752301922789
1101,43,attention_real_native,0,07049050,1.3619036848704191
1101,43,attention_real_native,0,07049160,0.5277212069929493
1101,43,attention_real_native,0,07050500,0.8806627229292625
1101,43,attention_real_native,0,07053250,1.4190794196423262
1101,43,attention_real_native,0,07055646,1.1525095851272784
1101,43,attention_real_native,0,07055814,1.5303302286077671
1101,43,attention_real_native,0,07055893,1.3045473075032563
1101,43,attention_real_native,0,07056000,1.2271223672554101
1101,43,attention_real_native,0,07056515,1.201652832847163
1101,43,attention_real_native,0,07060710,0.4757220110206633
1101,43,attention_real_native,0,07061600,0.7346449395498853
1101,43,attention_real_native,0,07065495,0.7569993002852226
1101,43,current_model,0,07048600,1.039412471018324
1101,43,current_model,0,07048700,1.1460239041167994
1101,43,current_model,0,07048780,2.0486592193755193
1101,43,current_model,0,07048800,1.4284328772058819
1101,43,current_model,0,07049000,1.2596402037366399
1101,43,current_model,0,07049050,1.4026771999123469
1101,43,current_model,0,07049160,0.4844782789759036
1101,43,current_model,0,07050500,0.7530546803288138
1101,43,current_model,0,07053250,1.3418635584843412
1101,43,current_model,0,07055646,0.9303734364657767
1101,43,current_model,0,07055814,1.6037040684759443
1101,43,current_model,0,07055893,1.0745516047882304
1101,43,current_model,0,07056000,1.1491766816812141
1101,43,current_model,0,07056515,1.1667630018451114
1101,43,current_model,0,07060710,0.644173677722008
1101,43,current_model,0,07061600,0.7657323070250364
1101,43,current_model,0,07065495,0.7565833929309554
1101,43,innovation_real_integrated,0,07048600,1.1113847356080608
1101,43,innovation_real_integrated,0,07048700,1.1477957566510877
1101,43,innovation_real_integrated,0,07048780,2.1634519206973892
1101,43,innovation_real_integrated,0,07048800,1.5632387279196744
1101,43,innovation_real_integrated,0,07049000,1.3914841936447697
1101,43,innovation_real_integrated,0,07049050,1.4076925777985934
1101,43,innovation_real_integrated,0,07049160,0.460739431980219
1101,43,innovation_real_integrated,0,07050500,1.0239273695456148
1101,43,innovation_real_integrated,0,07053250,1.3125710987101722
1101,43,innovation_real_integrated,0,07055646,1.3767198588796699
1101,43,innovation_real_integrated,0,07055814,1.5386110160960809
1101,43,innovation_real_integrated,0,07055893,1.6448918446739882
1101,43,innovation_real_integrated,0,07056000,1.4385607459256857
1101,43,innovation_real_integrated,0,07056515,1.4480489872911138
1101,43,innovation_real_integrated,0,07060710,0.7542513273488518
1101,43,innovation_real_integrated,0,07061600,0.93808857005802
1101,43,innovation_real_integrated,0,07065495,0.9963290451902456
1101,43,innovation_real_native,0,07048600,1.015609017546072
1101,43,innovation_real_native,0,07048700,1.093922278936947
1101,43,innovation_real_native,0,07048780,1.9683105033688675
1101,43,innovation_real_native,0,07048800,1.428510605828918
1101,43,innovation_real_native,0,07049000,1.2411448908663938
1101,43,innovation_real_native,0,07049050,1.3681836600462767
1101,43,innovation_real_native,0,07049160,0.4908407149515771
1101,43,innovation_real_native,0,07050500,0.8426515143672748
1101,43,innovation_real_native,0,07053250,1.4418381756481693
1101,43,innovation_real_native,0,07055646,1.2050005389905443
1101,43,innovation_real_native,0,07055814,1.515837438052187
1101,43,innovation_real_native,0,07055893,1.360990149410133
1101,43,innovation_real_native,0,07056000,1.2612605250856266
1101,43,innovation_real_native,0,07056515,1.217227699969429
1101,43,innovation_real_native,0,07060710,0.6024303566255803
1101,43,innovation_real_native,0,07061600,0.800208116411953
1101,43,innovation_real_native,0,07065495,0.8144005748312456
1101,43,innovation_real_trees,0,07048600,1.1433257626310263
1101,43,innovation_real_trees,0,07048700,1.212116394023958
1101,43,innovation_real_trees,0,07048780,2.252856226967073
1101,43,innovation_real_trees,0,07048800,1.679499274220672
1101,43,innovation_real_trees,0,07049000,1.4278776235765525
1101,43,innovation_real_trees,0,07049050,1.4206466016508323
1101,43,innovation_real_trees,0,07049160,0.4774151659949509
1101,43,innovation_real_trees,0,07050500,1.0811233435171337
1101,43,innovation_real_trees,0,07053250,2.076071746915114
1101,43,innovation_real_trees,0,07055646,1.607268651653721
1101,43,innovation_real_trees,0,07055814,1.5721291323879822
1101,43,innovation_real_trees,0,07055893,1.6652481143959637
1101,43,innovation_real_trees,0,07056000,1.63324930796543
1101,43,innovation_real_trees,0,07056515,1.5277384197658195
1101,43,innovation_real_trees,0,07060710,1.239290164814926
1101,43,innovation_real_trees,0,07061600,1.1590655466641921
1101,43,innovation_real_trees,0,07065495,1.207753646265503
1101,43,level_fixed_integrated,0,07048600,1.0562101312408452
1101,43,level_fixed_integrated,0,07048700,1.1143985983064868
1101,43,level_fixed_integrated,0,07048780,2.071155753589002
1101,43,level_fixed_integrated,0,07048800,1.4881779535031372
1101,43,level_fixed_integrated,0,07049000,1.3003588131383224
1101,43,level_fixed_integrated,0,07049050,1.3941968612393445
1101,43,level_fixed_integrated,0,07049160,0.47303893684613485
1101,43,level_fixed_integrated,0,07050500,0.9180318621049108
1101,43,level_fixed_integrated,0,07053250,1.3398314468181278
1101,43,level_fixed_integrated,0,07055646,1.2489784001394497
1101,43,level_fixed_integrated,0,07055814,1.5297883600327844
1101,43,level_fixed_integrated,0,07055893,1.4906181604186113
1101,43,level_fixed_integrated,0,07056000,1.3143386073768266
1101,43,level_fixed_integrated,0,07056515,1.3188307343978527
1101,43,level_fixed_integrated,0,07060710,0.625277586037352
1101,43,level_fixed_integrated,0,07061600,0.8225105433337195
1101,43,level_fixed_integrated,0,07065495,0.855937193576467
1101,43,level_fixed_native,0,07048600,1.0124826708192134
1101,43,level_fixed_native,0,07048700,1.0903234578299856
1101,43,level_fixed_native,0,07048780,1.978859586480615
1101,43,level_fixed_native,0,07048800,1.4227284311057815
1101,43,level_fixed_native,0,07049000,1.2236009363110614
1101,43,level_fixed_native,0,07049050,1.3807011446800954
1101,43,level_fixed_native,0,07049160,0.4966779440703488
1101,43,level_fixed_native,0,07050500,0.8294565609225719
1101,43,level_fixed_native,0,07053250,1.3679322463884689
1101,43,level_fixed_native,0,07055646,1.1237489528493985
1101,43,level_fixed_native,0,07055814,1.5231695903350047
1101,43,level_fixed_native,0,07055893,1.336344476163234
1101,43,level_fixed_native,0,07056000,1.2011966422880842
1101,43,level_fixed_native,0,07056515,1.1931275706173976
1101,43,level_fixed_native,0,07060710,0.519350454553052
1101,43,level_fixed_native,0,07061600,0.7069325166094191
1101,43,level_fixed_native,0,07065495,0.7492678124618749
1101,43,level_historical_integrated,0,07048600,1.1113847356080608
1101,43,level_historical_integrated,0,07048700,1.1477957566510877
1101,43,level_historical_integrated,0,07048780,2.1634519206973892
1101,43,level_historical_integrated,0,07048800,1.5632387279196744
1101,43,level_historical_integrated,0,07049000,1.3914841936447697
1101,43,level_historical_integrated,0,07049050,1.4076925777985934
1101,43,level_historical_integrated,0,07049160,0.460739431980219
1101,43,level_historical_integrated,0,07050500,1.0239273695456148
1101,43,level_historical_integrated,0,07053250,1.3125710987101722
1101,43,level_historical_integrated,0,07055646,1.3767198588796699
1101,43,level_historical_integrated,0,07055814,1.5386110160960809
1101,43,level_historical_integrated,0,07055893,1.6448918446739882
1101,43,level_historical_integrated,0,07056000,1.4385607459256857
1101,43,level_historical_integrated,0,07056515,1.4480489872911138
1101,43,level_historical_integrated,0,07060710,0.7542513273488518
1101,43,level_historical_integrated,0,07061600,0.93808857005802
1101,43,level_historical_integrated,0,07065495,0.9963290451902456
1101,43,level_historical_native,0,07048600,1.023859579606422
1101,43,level_historical_native,0,07048700,1.096820218777621
1101,43,level_historical_native,0,07048780,1.9766461452245419
1101,43,level_historical_native,0,07048800,1.4389766093400636
1101,43,level_historical_native,0,07049000,1.2633200120259316
1101,43,level_historical_native,0,07049050,1.3747331648343022
1101,43,level_historical_native,0,07049160,0.4848663394920589
1101,43,level_historical_native,0,07050500,0.8571490223731241
1101,43,level_historical_native,0,07053250,1.4811176735704723
1101,43,level_historical_native,0,07055646,1.2433548977760638
1101,43,level_historical_native,0,07055814,1.5159457314961053
1101,43,level_historical_native,0,07055893,1.4027354051307794
1101,43,level_historical_native,0,07056000,1.2812967671369029
1101,43,level_historical_native,0,07056515,1.2459210403234071
1101,43,level_historical_native,0,07060710,0.6505094737800238
1101,43,level_historical_native,0,07061600,0.83511395591642
1101,43,level_historical_native,0,07065495,0.852944475746642
1101,43,level_real_integrated,0,07048600,1.0624051371541223
1101,43,level_real_integrated,0,07048700,1.1186471946378136
1101,43,level_real_integrated,0,07048780,2.0728547737137335
1101,43,level_real_integrated,0,07048800,1.498564289673634
1101,43,level_real_integrated,0,07049000,1.3243582347473644
1101,43,level_real_integrated,0,07049050,1.398879907800565
1101,43,level_real_integrated,0,07049160,0.4727488228929669
1101,43,level_real_integrated,0,07050500,0.944103258295584
1101,43,level_real_integrated,0,07053250,1.3989162476504056
1101,43,level_real_integrated,0,07055646,1.2915610439648109
1101,43,level_real_integrated,0,07055814,1.5302620572834935
1101,43,level_real_integrated,0,07055893,1.5389673800258006
1101,43,level_real_integrated,0,07056000,1.3468302630194562
1101,43,level_real_integrated,0,07056515,1.3448448640069448
1101,43,level_real_integrated,0,07060710,0.69194491418163
1101,43,level_real_integrated,0,07061600,0.8672254394455722
1101,43,level_real_integrated,0,07065495,0.8939665551430461
1101,43,level_real_native,0,07048600,1.0228601297655708
1101,43,level_real_native,0,07048700,1.0956956155980382
1101,43,level_real_native,0,07048780,1.982257626730078
1101,43,level_real_native,0,07048800,1.440059487490772
1101,43,level_real_native,0,07049000,1.2734152687354034
1101,43,level_real_native,0,07049050,1.3900672378025363
1101,43,level_real_native,0,07049160,0.4921477817900356
1101,43,level_real_native,0,07050500,0.8745276732678338
1101,43,level_real_native,0,07053250,1.4861018480530241
1101,43,level_real_native,0,07055646,1.2071147187984443
1101,43,level_real_native,0,07055814,1.5219130984709062
1101,43,level_real_native,0,07055893,1.4330429153776125
1101,43,level_real_native,0,07056000,1.2615699592255836
1101,43,level_real_native,0,07056515,1.2525877451567249
1101,43,level_real_native,0,07060710,0.6383214067330827
1101,43,level_real_native,0,07061600,0.7963623088331243
1101,43,level_real_native,0,07065495,0.8122643186492848
1101,43,level_seasonal_integrated,0,07048600,1.1113847356080608
1101,43,level_seasonal_integrated,0,07048700,1.1477957566510877
1101,43,level_seasonal_integrated,0,07048780,2.1634519206973892
1101,43,level_seasonal_integrated,0,07048800,1.5632387279196744
1101,43,level_seasonal_integrated,0,07049000,1.3914841936447697
1101,43,level_seasonal_integrated,0,07049050,1.4076925777985934
1101,43,level_seasonal_integrated,0,07049160,0.460739431980219
1101,43,level_seasonal_integrated,0,07050500,1.0239273695456148
1101,43,level_seasonal_integrated,0,07053250,1.3125710987101722
1101,43,level_seasonal_integrated,0,07055646,1.3767198588796699
1101,43,level_seasonal_integrated,0,07055814,1.5386110160960809
1101,43,level_seasonal_integrated,0,07055893,1.6448918446739882
1101,43,level_seasonal_integrated,0,07056000,1.4385607459256857
1101,43,level_seasonal_integrated,0,07056515,1.4480489872911138
1101,43,level_seasonal_integrated,0,07060710,0.7542513273488518
1101,43,level_seasonal_integrated,0,07061600,0.93808857005802
1101,43,level_seasonal_integrated,0,07065495,0.9963290451902456
1101,43,level_seasonal_native,0,07048600,1.0242947523305252
1101,43,level_seasonal_native,0,07048700,1.0966257617493418
1101,43,level_seasonal_native,0,07048780,1.9839115830395198
1101,43,level_seasonal_native,0,07048800,1.4337516131729058
1101,43,level_seasonal_native,0,07049000,1.2328613415757141
1101,43,level_seasonal_native,0,07049050,1.386474649471148
1101,43,level_seasonal_native,0,07049160,0.49955078009575415
1101,43,level_seasonal_native,0,07050500,0.8240364205143356
1101,43,level_seasonal_native,0,07053250,1.3393440242797239
1101,43,level_seasonal_native,0,07055646,1.0336563261164913
1101,43,level_seasonal_native,0,07055814,1.5272401204217605
1101,43,level_seasonal_native,0,07055893,1.3742751696406261
1101,43,level_seasonal_native,0,07056000,1.1417429908369217
1101,43,level_seasonal_native,0,07056515,1.2105182328162838
1101,43,level_seasonal_native,0,07060710,0.5239588583723026
1101,43,level_seasonal_native,0,07061600,0.6386735241096438
1101,43,level_seasonal_native,0,07065495,0.7621471343840283
1101,43,matched_daily_trees,0,07048600,1.1110584582003806
1101,43,matched_daily_trees,0,07048700,1.1694753159364755
1101,43,matched_daily_trees,0,07048780,2.267151073083245
1101,43,matched_daily_trees,0,07048800,1.6725688516316093
1101,43,matched_daily_trees,0,07049000,1.5190649236708131
1101,43,matched_daily_trees,0,07049050,1.4708072826455743
1101,43,matched_daily_trees,0,07049160,0.4935000172930977
1101,43,matched_daily_trees,0,07050500,1.0788326436500055
1101,43,matched_daily_trees,0,07053250,2.1333059116530397
1101,43,matched_daily_trees,0,07055646,1.3710132405981088
1101,43,matched_daily_trees,0,07055814,1.5788178440943468
1101,43,matched_daily_trees,0,07055893,1.5201260545295368
1101,43,matched_daily_trees,0,07056000,1.522194349458188
1101,43,matched_daily_trees,0,07056515,1.4809873757199878
1101,43,matched_daily_trees,0,07060710,1.049082405092587
1101,43,matched_daily_trees,0,07061600,1.1809022282321502
1101,43,matched_daily_trees,0,07065495,1.2274111052968408
1101,43,relative_fixed_integrated,0,07048600,1.0319833062179213
1101,43,relative_fixed_integrated,0,07048700,1.1022550624609584
1101,43,relative_fixed_integrated,0,07048780,2.0226936702752343
1101,43,relative_fixed_integrated,0,07048800,1.4514976734429668
1101,43,relative_fixed_integrated,0,07049000,1.2535604226340915
1101,43,relative_fixed_integrated,0,07049050,1.3799302880989903
1101,43,relative_fixed_integrated,0,07049160,0.48733310360555526
1101,43,relative_fixed_integrated,0,07050500,0.8684592573934317
1101,43,relative_fixed_integrated,0,07053250,1.3483043750779091
1101,43,relative_fixed_integrated,0,07055646,1.1927913846689655
1101,43,relative_fixed_integrated,0,07055814,1.522090491120337
1101,43,relative_fixed_integrated,0,07055893,1.3855928869025036
1101,43,relative_fixed_integrated,0,07056000,1.2697804391147445
1101,43,relative_fixed_integrated,0,07056515,1.2449213893407844
1101,43,relative_fixed_integrated,0,07060710,0.5596272182519997
1101,43,relative_fixed_integrated,0,07061600,0.7787088488946454
1101,43,relative_fixed_integrated,0,07065495,0.7952028592371485
1101,43,relative_fixed_native,0,07048600,1.012181672805115
1101,43,relative_fixed_native,0,07048700,1.0939304738102469
1101,43,relative_fixed_native,0,07048780,1.9757742534678495
1101,43,relative_fixed_native,0,07048800,1.4193153582719902
1101,43,relative_fixed_native,0,07049000,1.2194620701170646
1101,43,relative_fixed_native,0,07049050,1.3706761915324561
1101,43,relative_fixed_native,0,07049160,0.5023321737635656
1101,43,relative_fixed_native,0,07050500,0.8242546099963668
1101,43,relative_fixed_native,0,07053250,1.36049561768795
1101,43,relative_fixed_native,0,07055646,1.1332141184353433
1101,43,relative_fixed_native,0,07055814,1.5215307323146992
1101,43,relative_fixed_native,0,07055893,1.2991599009786752
1101,43,relative_fixed_native,0,07056000,1.2186207336985424
1101,43,relative_fixed_native,0,07056515,1.1790793185644595
1101,43,relative_fixed_native,0,07060710,0.5097777152796488
1101,43,relative_fixed_native,0,07061600,0.7255822751735205
1101,43,relative_fixed_native,0,07065495,0.7437275204564422
1101,43,relative_historical_integrated,0,07048600,1.1113847356080608
1101,43,relative_historical_integrated,0,07048700,1.1477957566510877
1101,43,relative_historical_integrated,0,07048780,2.1634519206973892
1101,43,relative_historical_integrated,0,07048800,1.5632387279196744
1101,43,relative_historical_integrated,0,07049000,1.3914841936447697
1101,43,relative_historical_integrated,0,07049050,1.4076925777985934
1101,43,relative_historical_integrated,0,07049160,0.460739431980219
1101,43,relative_historical_integrated,0,07050500,1.0239273695456148
1101,43,relative_historical_integrated,0,07053250,1.3125710987101722
1101,43,relative_historical_integrated,0,07055646,1.3767198588796699
1101,43,relative_historical_integrated,0,07055814,1.5386110160960809
1101,43,relative_historical_integrated,0,07055893,1.6448918446739882
1101,43,relative_historical_integrated,0,07056000,1.4385607459256857
1101,43,relative_historical_integrated,0,07056515,1.4480489872911138
1101,43,relative_historical_integrated,0,07060710,0.7542513273488518
1101,43,relative_historical_integrated,0,07061600,0.93808857005802
1101,43,relative_historical_integrated,0,07065495,0.9963290451902456
1101,43,relative_historical_native,0,07048600,1.0085321141589272
1101,43,relative_historical_native,0,07048700,1.0929550272458184
1101,43,relative_historical_native,0,07048780,1.955416351456286
1101,43,relative_historical_native,0,07048800,1.418583567538777
1101,43,relative_historical_native,0,07049000,1.203824753258776
1101,43,relative_historical_native,0,07049050,1.354056567529336
1101,43,relative_historical_native,0,07049160,0.5127525893969118
1101,43,relative_historical_native,0,07050500,0.7965349933039179
1101,43,relative_historical_native,0,07053250,1.3253351002538734
1101,43,relative_historical_native,0,07055646,1.104111582749819
1101,43,relative_historical_native,0,07055814,1.5268675556291273
1101,43,relative_historical_native,0,07055893,1.2781549532225684
1101,43,relative_historical_native,0,07056000,1.1921584638761347
1101,43,relative_historical_native,0,07056515,1.176372673010298
1101,43,relative_historical_native,0,07060710,0.4931032271980922
1101,43,relative_historical_native,0,07061600,0.6930681533761708
1101,43,relative_historical_native,0,07065495,0.7289945845124747
1101,43,relative_real_integrated,0,07048600,1.0189152109696378
1101,43,relative_real_integrated,0,07048700,1.0929038273242124
1101,43,relative_real_integrated,0,07048780,2.01120559572738
1101,43,relative_real_integrated,0,07048800,1.4100721891667487
1101,43,relative_real_integrated,0,07049000,1.2380432698300525
1101,43,relative_real_integrated,0,07049050,1.3794564850230318
1101,43,relative_real_integrated,0,07049160,0.5196235458825716
1101,43,relative_real_integrated,0,07050500,0.8834250357053184
1101,43,relative_real_integrated,0,07053250,1.4314442780616377
1101,43,relative_real_integrated,0,07055646,1.1576133045622974
1101,43,relative_real_integrated,0,07055814,1.5255745587755374
1101,43,relative_real_integrated,0,07055893,1.3021610919334945
1101,43,relative_real_integrated,0,07056000,1.230999748961334
1101,43,relative_real_integrated,0,07056515,1.2000324748033928
1101,43,relative_real_integrated,0,07060710,0.4803697946647363
1101,43,relative_real_integrated,0,07061600,0.7494262486346451
1101,43,relative_real_integrated,0,07065495,0.7442706908324425
1101,43,relative_real_native,0,07048600,1.0189152109696378
1101,43,relative_real_native,0,07048700,1.0929038273242124
1101,43,relative_real_native,0,07048780,2.01120559572738
1101,43,relative_real_native,0,07048800,1.4100721891667487
1101,43,relative_real_native,0,07049000,1.2380432698300525
1101,43,relative_real_native,0,07049050,1.3794564850230318
1101,43,relative_real_native,0,07049160,0.5196235458825716
1101,43,relative_real_native,0,07050500,0.8834250357053184
1101,43,relative_real_native,0,07053250,1.4314442780616377
1101,43,relative_real_native,0,07055646,1.1576133045622974
1101,43,relative_real_native,0,07055814,1.5255745587755374
1101,43,relative_real_native,0,07055893,1.3021610919334945
1101,43,relative_real_native,0,07056000,1.230999748961334
1101,43,relative_real_native,0,07056515,1.2000324748033928
1101,43,relative_real_native,0,07060710,0.4803697946647363
1101,43,relative_real_native,0,07061600,0.7494262486346451
1101,43,relative_real_native,0,07065495,0.7442706908324425
1101,43,station_hidden_trees,0,07048600,1.1224173372919042
1101,43,station_hidden_trees,0,07048700,1.172412385349446
1101,43,station_hidden_trees,0,07048780,2.1919879397994753
1101,43,station_hidden_trees,0,07048800,1.615278015603337
1101,43,station_hidden_trees,0,07049000,1.4740235176495717
1101,43,station_hidden_trees,0,07049050,1.4309998216836926
1101,43,station_hidden_trees,0,07049160,0.4972731315425917
1101,43,station_hidden_trees,0,07050500,1.1196565461956427
1101,43,station_hidden_trees,0,07053250,1.767813931027199
1101,43,station_hidden_trees,0,07055646,1.5557007128584772
1101,43,station_hidden_trees,0,07055814,1.5244456235520936
1101,43,station_hidden_trees,0,07055893,1.6796718371670403
1101,43,station_hidden_trees,0,07056000,1.5601144591573328
1101,43,station_hidden_trees,0,07056515,1.478882377761151
1101,43,station_hidden_trees,0,07060710,0.957119732606941
1101,43,station_hidden_trees,0,07061600,1.1351520783849447
1101,43,station_hidden_trees,0,07065495,1.1430806775211804
1101,43,unmonitored_integrated,0,07048600,1.1113847356080608
1101,43,unmonitored_integrated,0,07048700,1.1477957566510877
1101,43,unmonitored_integrated,0,07048780,2.1634519206973892
1101,43,unmonitored_integrated,0,07048800,1.5632387279196744
1101,43,unmonitored_integrated,0,07049000,1.3914841936447697
1101,43,unmonitored_integrated,0,07049050,1.4076925777985934
1101,43,unmonitored_integrated,0,07049160,0.460739431980219
1101,43,unmonitored_integrated,0,07050500,1.0239273695456148
1101,43,unmonitored_integrated,0,07053250,1.3125710987101722
1101,43,unmonitored_integrated,0,07055646,1.3767198588796699
1101,43,unmonitored_integrated,0,07055814,1.5386110160960809
1101,43,unmonitored_integrated,0,07055893,1.6448918446739882
1101,43,unmonitored_integrated,0,07056000,1.4385607459256857
1101,43,unmonitored_integrated,0,07056515,1.4480489872911138
1101,43,unmonitored_integrated,0,07060710,0.7542513273488518
1101,43,unmonitored_integrated,0,07061600,0.93808857005802
1101,43,unmonitored_integrated,0,07065495,0.9963290451902456
1101,43,unmonitored_residual,0,07048600,1.0094541823686487
1101,43,unmonitored_residual,0,07048700,1.0921022282239268
1101,43,unmonitored_residual,0,07048780,1.9640410708520388
1101,43,unmonitored_residual,0,07048800,1.420475806425183
1101,43,unmonitored_residual,0,07049000,1.2105962139184934
1101,43,unmonitored_residual,0,07049050,1.3561704255242448
1101,43,unmonitored_residual,0,07049160,0.5118275759331207
1101,43,unmonitored_residual,0,07050500,0.7892497040944534
1101,43,unmonitored_residual,0,07053250,1.3174192041374027
1101,43,unmonitored_residual,0,07055646,1.0926386350039687
1101,43,unmonitored_residual,0,07055814,1.528588679980152
1101,43,unmonitored_residual,0,07055893,1.2787452846869536
1101,43,unmonitored_residual,0,07056000,1.184973195235042
1101,43,unmonitored_residual,0,07056515,1.174792936161936
1101,43,unmonitored_residual,0,07060710,0.4832475795902062
1101,43,unmonitored_residual,0,07061600,0.6884356754171737
1101,43,unmonitored_residual,0,07065495,0.7306046682696948
1101,44,attention_fixed_integrated,0,07048600,1.0333886682994078
1101,44,attention_fixed_integrated,0,07048700,1.1082614445348333
1101,44,attention_fixed_integrated,0,07048780,2.0407040553859885
1101,44,attention_fixed_integrated,0,07048800,1.4941222985155806
1101,44,attention_fixed_integrated,0,07049000,1.2849426949998695
1101,44,attention_fixed_integrated,0,07049050,1.389455801797882
1101,44,attention_fixed_integrated,0,07049160,0.4702500219997161
1101,44,attention_fixed_integrated,0,07050500,0.9124332203079126
1101,44,attention_fixed_integrated,0,07053250,1.5095041819225277
1101,44,attention_fixed_integrated,0,07055646,1.152085798945545
1101,44,attention_fixed_integrated,0,07055814,1.5215244108688073
1101,44,attention_fixed_integrated,0,07055893,1.421109844401033
1101,44,attention_fixed_integrated,0,07056000,1.2666395702487148
1101,44,attention_fixed_integrated,0,07056515,1.325577066334134
1101,44,attention_fixed_integrated,0,07060710,0.5861710721815998
1101,44,attention_fixed_integrated,0,07061600,0.7301293863824622
1101,44,attention_fixed_integrated,0,07065495,0.8960593941829692
1101,44,attention_fixed_native,0,07048600,1.0165300609366625
1101,44,attention_fixed_native,0,07048700,1.10451167463549
1101,44,attention_fixed_native,0,07048780,1.9949356355865488
1101,44,attention_fixed_native,0,07048800,1.463932797083216
1101,44,attention_fixed_native,0,07049000,1.251138674401008
1101,44,attention_fixed_native,0,07049050,1.3835359731954089
1101,44,attention_fixed_native,0,07049160,0.47935446189351893
1101,44,attention_fixed_native,0,07050500,0.8749576689220414
1101,44,attention_fixed_native,0,07053250,1.4870461417126588
1101,44,attention_fixed_native,0,07055646,1.1037461555331909
1101,44,attention_fixed_native,0,07055814,1.5270187146927925
1101,44,attention_fixed_native,0,07055893,1.3737551535465524
1101,44,attention_fixed_native,0,07056000,1.2308843600907848
1101,44,attention_fixed_native,0,07056515,1.2818389950628857
1101,44,attention_fixed_native,0,07060710,0.5536834636562317
1101,44,attention_fixed_native,0,07061600,0.6845882044599089
1101,44,attention_fixed_native,0,07065495,0.8534432601276523
1101,44,attention_historical_integrated,0,07048600,1.0945439028363164
1101,44,attention_historical_integrated,0,07048700,1.1205192078140946
1101,44,attention_historical_integrated,0,07048780,2.178009314784307
1101,44,attention_historical_integrated,0,07048800,1.5966281540510034
1101,44,attention_historical_integrated,0,07049000,1.4022260889368867
1101,44,attention_historical_integrated,0,07049050,1.4072152876053008
1101,44,attention_historical_integrated,0,07049160,0.455449648424899
1101,44,attention_historical_integrated,0,07050500,1.0543634755923148
1101,44,attention_historical_integrated,0,07053250,1.5818457084070197
1101,44,attention_historical_integrated,0,07055646,1.2989551489145126
1101,44,attention_historical_integrated,0,07055814,1.5397025553371153
1101,44,attention_historical_integrated,0,07055893,1.5631739169644747
1101,44,attention_historical_integrated,0,07056000,1.3818454356979055
1101,44,attention_historical_integrated,0,07056515,1.4668982671956425
1101,44,attention_historical_integrated,0,07060710,0.705602688584385
1101,44,attention_historical_integrated,0,07061600,0.866752932150122
1101,44,attention_historical_integrated,0,07065495,1.0310875390931578
1101,44,attention_historical_native,0,07048600,1.0025335085506606
1101,44,attention_historical_native,0,07048700,1.0930317543852608
1101,44,attention_historical_native,0,07048780,1.968653084969698
1101,44,attention_historical_native,0,07048800,1.4358867907882755
1101,44,attention_historical_native,0,07049000,1.2144421617526768
1101,44,attention_historical_native,0,07049050,1.3664330326204728
1101,44,attention_historical_native,0,07049160,0.49275135233283734
1101,44,attention_historical_native,0,07050500,0.80705547869665
1101,44,attention_historical_native,0,07053250,1.3802772763686333
1101,44,attention_historical_native,0,07055646,1.016007874650132
1101,44,attention_historical_native,0,07055814,1.5405052518438311
1101,44,attention_historical_native,0,07055893,1.290974910571372
1101,44,attention_historical_native,0,07056000,1.1599319333211613
1101,44,attention_historical_native,0,07056515,1.224286609130692
1101,44,attention_historical_native,0,07060710,0.4778964889679898
1101,44,attention_historical_native,0,07061600,0.5918945937221878
1101,44,attention_historical_native,0,07065495,0.7895206579886654
1101,44,attention_real_integrated,0,07048600,0.9994172453806455
1101,44,attention_real_integrated,0,07048700,1.0890983471500553
1101,44,attention_real_integrated,0,07048780,1.9727788357435547
1101,44,attention_real_integrated,0,07048800,1.4148511774377375
1101,44,attention_real_integrated,0,07049000,1.2267309546437655
1101,44,attention_real_integrated,0,07049050,1.3703405349658895
1101,44,attention_real_integrated,0,07049160,0.5163248568520414
1101,44,attention_real_integrated,0,07050500,0.8182744523569134
1101,44,attention_real_integrated,0,07053250,1.430949214720089
1101,44,attention_real_integrated,0,07055646,1.0146761671458866
1101,44,attention_real_integrated,0,07055814,1.5348160719465227
1101,44,attention_real_integrated,0,07055893,1.277290567451599
1101,44,attention_real_integrated,0,07056000,1.1665680307994004
1101,44,attention_real_integrated,0,07056515,1.2298764158934712
1101,44,attention_real_integrated,0,07060710,0.47305302797529997
1101,44,attention_real_integrated,0,07061600,0.5954339829284913
1101,44,attention_real_integrated,0,07065495,0.7747210647204514
1101,44,attention_real_native,0,07048600,0.9994172453806455
1101,44,attention_real_native,0,07048700,1.0890983471500553
1101,44,attention_real_native,0,07048780,1.9727788357435547
1101,44,attention_real_native,0,07048800,1.4148511774377375
1101,44,attention_real_native,0,07049000,1.2267309546437655
1101,44,attention_real_native,0,07049050,1.3703405349658895
1101,44,attention_real_native,0,07049160,0.5163248568520414
1101,44,attention_real_native,0,07050500,0.8182744523569134
1101,44,attention_real_native,0,07053250,1.430949214720089
1101,44,attention_real_native,0,07055646,1.0146761671458866
1101,44,attention_real_native,0,07055814,1.5348160719465227
1101,44,attention_real_native,0,07055893,1.277290567451599
1101,44,attention_real_native,0,07056000,1.1665680307994004
1101,44,attention_real_native,0,07056515,1.2298764158934712
1101,44,attention_real_native,0,07060710,0.47305302797529997
1101,44,attention_real_native,0,07061600,0.5954339829284913
1101,44,attention_real_native,0,07065495,0.7747210647204514
1101,44,current_model,0,07048600,1.0215428922789558
1101,44,current_model,0,07048700,1.0932339572077123
1101,44,current_model,0,07048780,1.9553921204776155
1101,44,current_model,0,07048800,1.408300563921001
1101,44,current_model,0,07049000,1.2093813647445089
1101,44,current_model,0,07049050,1.3452392178723642
1101,44,current_model,0,07049160,0.5167025623920618
1101,44,current_model,0,07050500,0.7344795670085552
1101,44,current_model,0,07053250,1.3889833497924093
1101,44,current_model,0,07055646,0.9863948757667081
1101,44,current_model,0,07055814,1.621264153437743
1101,44,current_model,0,07055893,1.1474722373629545
1101,44,current_model,0,07056000,1.2230096584155996
1101,44,current_model,0,07056515,1.1260526013194485
1101,44,current_model,0,07060710,0.5504259293013801
1101,44,current_model,0,07061600,0.752553324375426
1101,44,current_model,0,07065495,0.774593981554452
1101,44,innovation_real_integrated,0,07048600,1.0518265069928066
1101,44,innovation_real_integrated,0,07048700,1.111130656303044
1101,44,innovation_real_integrated,0,07048780,2.0971131037762474
1101,44,innovation_real_integrated,0,07048800,1.526999299685081
1101,44,innovation_real_integrated,0,07049000,1.3165802793191776
1101,44,innovation_real_integrated,0,07049050,1.3932526609932527
1101,44,innovation_real_integrated,0,07049160,0.4664517428762671
1101,44,innovation_real_integrated,0,07050500,0.9514706355510435
1101,44,innovation_real_integrated,0,07053250,1.506997889513817
1101,44,innovation_real_integrated,0,07055646,1.185239564395804
1101,44,innovation_real_integrated,0,07055814,1.5240815537232695
1101,44,innovation_real_integrated,0,07055893,1.450579653204947
1101,44,innovation_real_integrated,0,07056000,1.2996148429171859
1101,44,innovation_real_integrated,0,07056515,1.3648825510379483
1101,44,innovation_real_integrated,0,07060710,0.595527098689657
1101,44,innovation_real_integrated,0,07061600,0.754963535351316
1101,44,innovation_real_integrated,0,07065495,0.9222512521239689
1101,44,innovation_real_native,0,07048600,1.0161503946374206
1101,44,innovation_real_native,0,07048700,1.1029098018835426
1101,44,innovation_real_native,0,07048780,2.0162168927681874
1101,44,innovation_real_native,0,07048800,1.4663304580126408
1101,44,innovation_real_native,0,07049000,1.241968316861843
1101,44,innovation_real_native,0,07049050,1.3792900343812042
1101,44,innovation_real_native,0,07049160,0.4868815243275286
1101,44,innovation_real_native,0,07050500,0.8639395791004151
1101,44,innovation_real_native,0,07053250,1.4371174764754995
1101,44,innovation_real_native,0,07055646,1.0721726866474073
1101,44,innovation_real_native,0,07055814,1.5299710920046778
1101,44,innovation_real_native,0,07055893,1.3379853894454197
1101,44,innovation_real_native,0,07056000,1.2248380578957347
1101,44,innovation_real_native,0,07056515,1.268056605985424
1101,44,innovation_real_native,0,07060710,0.502490807259864
1101,44,innovation_real_native,0,07061600,0.64317413855251
1101,44,innovation_real_native,0,07065495,0.8200680493098734
1101,44,innovation_real_trees,0,07048600,1.1798049860727382
1101,44,innovation_real_trees,0,07048700,1.2583245745984752
1101,44,innovation_real_trees,0,07048780,2.234261126593527
1101,44,innovation_real_trees,0,07048800,1.692325949144935
1101,44,innovation_real_trees,0,07049000,1.502079957468214
1101,44,innovation_real_trees,0,07049050,1.471092086346119
1101,44,innovation_real_trees,0,07049160,0.5417899998487049
1101,44,innovation_real_trees,0,07050500,1.1598908902723144
1101,44,innovation_real_trees,0,07053250,1.8728871514088161
1101,44,innovation_real_trees,0,07055646,1.5772363625302162
1101,44,innovation_real_trees,0,07055814,1.5806799769398263
1101,44,innovation_real_trees,0,07055893,1.7580779997853968
1101,44,innovation_real_trees,0,07056000,1.566354309498627
1101,44,innovation_real_trees,0,07056515,1.5485204504907384
1101,44,innovation_real_trees,0,07060710,1.1882804680783836
1101,44,innovation_real_trees,0,07061600,1.13138126097427
1101,44,innovation_real_trees,0,07065495,1.2152332146926286
1101,44,level_fixed_integrated,0,07048600,1.053882022493358
1101,44,level_fixed_integrated,0,07048700,1.1126425868979672
1101,44,level_fixed_integrated,0,07048780,2.0907064729662577
1101,44,level_fixed_integrated,0,07048800,1.5293519563303157
1101,44,level_fixed_integrated,0,07049000,1.3287333385109945
1101,44,level_fixed_integrated,0,07049050,1.4028499414204183
1101,44,level_fixed_integrated,0,07049160,0.46511577186544906
1101,44,level_fixed_integrated,0,07050500,0.963698882875241
1101,44,level_fixed_integrated,0,07053250,1.5396336235882429
1101,44,level_fixed_integrated,0,07055646,1.1989467747056075
1101,44,level_fixed_integrated,0,07055814,1.5284407712701498
1101,44,level_fixed_integrated,0,07055893,1.4897052626494014
1101,44,level_fixed_integrated,0,07056000,1.295660792295874
1101,44,level_fixed_integrated,0,07056515,1.3808572047776984
1101,44,level_fixed_integrated,0,07060710,0.6301147466274806
1101,44,level_fixed_integrated,0,07061600,0.7705024339584111
1101,44,level_fixed_integrated,0,07065495,0.937925604518134
1101,44,level_fixed_native,0,07048600,1.0195573536561218
1101,44,level_fixed_native,0,07048700,1.1054899235580027
1101,44,level_fixed_native,0,07048780,2.003403631148208
1101,44,level_fixed_native,0,07048800,1.4723620395598964
1101,44,level_fixed_native,0,07049000,1.2712022596291326
1101,44,level_fixed_native,0,07049050,1.3984845952355356
1101,44,level_fixed_native,0,07049160,0.4810459078091399
1101,44,level_fixed_native,0,07050500,0.8869961086269817
1101,44,level_fixed_native,0,07053250,1.5023889446243515
1101,44,level_fixed_native,0,07055646,1.1013065650295961
1101,44,level_fixed_native,0,07055814,1.5230316908996315
1101,44,level_fixed_native,0,07055893,1.4162366083343283
1101,44,level_fixed_native,0,07056000,1.2166086266035603
1101,44,level_fixed_native,0,07056515,1.3049231294075183
1101,44,level_fixed_native,0,07060710,0.5653329225090236
1101,44,level_fixed_native,0,07061600,0.6742519357667002
1101,44,level_fixed_native,0,07065495,0.8503782446519825
1101,44,level_historical_integrated,0,07048600,1.0945439028363164
1101,44,level_historical_integrated,0,07048700,1.1205192078140946
1101,44,level_historical_integrated,0,07048780,2.178009314784307
1101,44,level_historical_integrated,0,07048800,1.5966281540510034
1101,44,level_historical_integrated,0,07049000,1.4022260889368867
1101,44,level_historical_integrated,0,07049050,1.4072152876053008
1101,44,level_historical_integrated,0,07049160,0.455449648424899
1101,44,level_historical_integrated,0,07050500,1.0543634755923148
1101,44,level_historical_integrated,0,07053250,1.5818457084070197
1101,44,level_historical_integrated,0,07055646,1.2989551489145126
1101,44,level_historical_integrated,0,07055814,1.5397025553371153
1101,44,level_historical_integrated,0,07055893,1.5631739169644747
1101,44,level_historical_integrated,0,07056000,1.3818454356979055
1101,44,level_historical_integrated,0,07056515,1.4668982671956425
1101,44,level_historical_integrated,0,07060710,0.705602688584385
1101,44,level_historical_integrated,0,07061600,0.866752932150122
1101,44,level_historical_integrated,0,07065495,1.0310875390931578
1101,44,level_historical_native,0,07048600,1.0326258460403197
1101,44,level_historical_native,0,07048700,1.1044701513164454
1101,44,level_historical_native,0,07048780,2.0297019504682523
1101,44,level_historical_native,0,07048800,1.4873445779312013
1101,44,level_historical_native,0,07049000,1.271012461899956
1101,44,level_historical_native,0,07049050,1.3966729742537387
1101,44,level_historical_native,0,07049160,0.4754401382049902
1101,44,level_historical_native,0,07050500,0.8704690495564726
1101,44,level_historical_native,0,07053250,1.4438939120646455
1101,44,level_historical_native,0,07055646,1.0389910200512797
1101,44,level_historical_native,0,07055814,1.5405519684742899
1101,44,level_historical_native,0,07055893,1.400196581425588
1101,44,level_historical_native,0,07056000,1.1787866006480527
1101,44,level_historical_native,0,07056515,1.2866456422866719
1101,44,level_historical_native,0,07060710,0.5110829921602259
1101,44,level_historical_native,0,07061600,0.6016557326448262
1101,44,level_historical_native,0,07065495,0.8259702339000227
1101,44,level_real_integrated,0,07048600,1.025480370550998
1101,44,level_real_integrated,0,07048700,1.1015472955839933
1101,44,level_real_integrated,0,07048780,2.0331087099404703
1101,44,level_real_integrated,0,07048800,1.479709783796412
1101,44,level_real_integrated,0,07049000,1.29667965113009
1101,44,level_real_integrated,0,07049050,1.4102589138486434
1101,44,level_real_integrated,0,07049160,0.48815038685469947
1101,44,level_real_integrated,0,07050500,0.8837928662557266
1101,44,level_real_integrated,0,07053250,1.4751307521611647
1101,44,level_real_integrated,0,07055646,1.0363269378698592
1101,44,level_real_integrated,0,07055814,1.5152463102487672
1101,44,level_real_integrated,0,07055893,1.4286458454388393
1101,44,level_real_integrated,0,07056000,1.1621204004944639
1101,44,level_real_integrated,0,07056515,1.3243140862050298
1101,44,level_real_integrated,0,07060710,0.5304917721354198
1101,44,level_real_integrated,0,07061600,0.6407627054399864
1101,44,level_real_integrated,0,07065495,0.8155729525549271
1101,44,level_real_native,0,07048600,1.012085175345473
1101,44,level_real_native,0,07048700,1.102353199697281
1101,44,level_real_native,0,07048780,1.984808508325858
1101,44,level_real_native,0,07048800,1.445551374908735
1101,44,level_real_native,0,07049000,1.270739886088705
1101,44,level_real_native,0,07049050,1.4112734559297575
1101,44,level_real_native,0,07049160,0.5027184179301065
1101,44,level_real_native,0,07050500,0.8367705301857934
1101,44,level_real_native,0,07053250,1.4458781786677501
1101,44,level_real_native,0,07055646,0.9525505095189933
1101,44,level_real_native,0,07055814,1.5189063614200564
1101,44,level_real_native,0,07055893,1.383803154930294
1101,44,level_real_native,0,07056000,1.0929873593565957
1101,44,level_real_native,0,07056515,1.2801550215574136
1101,44,level_real_native,0,07060710,0.5082187534586112
1101,44,level_real_native,0,07061600,0.5654326298699411
1101,44,level_real_native,0,07065495,0.7847102228473355
1101,44,level_seasonal_integrated,0,07048600,1.0510386218681473
1101,44,level_seasonal_integrated,0,07048700,1.1104005405659498
1101,44,level_seasonal_integrated,0,07048780,2.078495520277408
1101,44,level_seasonal_integrated,0,07048800,1.519316868723814
1101,44,level_seasonal_integrated,0,07049000,1.3138610480872244
1101,44,level_seasonal_integrated,0,07049050,1.4004752217540202
1101,44,level_seasonal_integrated,0,07049160,0.4679362294234668
1101,44,level_seasonal_integrated,0,07050500,0.9323177194823827
1101,44,level_seasonal_integrated,0,07053250,1.4886055548406434
1101,44,level_seasonal_integrated,0,07055646,1.1254321552376279
1101,44,level_seasonal_integrated,0,07055814,1.52755564620679
1101,44,level_seasonal_integrated,0,07055893,1.4738385909605467
1101,44,level_seasonal_integrated,0,07056000,1.2337045328871483
1101,44,level_seasonal_integrated,0,07056515,1.3629808674177286
1101,44,level_seasonal_integrated,0,07060710,0.5822539384682939
1101,44,level_seasonal_integrated,0,07061600,0.7085019763470622
1101,44,level_seasonal_integrated,0,07065495,0.8771913106290707
1101,44,level_seasonal_native,0,07048600,1.0154015542035202
1101,44,level_seasonal_native,0,07048700,1.1013289060113571
1101,44,level_seasonal_native,0,07048780,1.9789817257705087
1101,44,level_seasonal_native,0,07048800,1.453661002740791
1101,44,level_seasonal_native,0,07049000,1.2436940716038278
1101,44,level_seasonal_native,0,07049050,1.3937351559027393
1101,44,level_seasonal_native,0,07049160,0.487738825533088
1101,44,level_seasonal_native,0,07050500,0.8335752642997086
1101,44,level_seasonal_native,0,07053250,1.4008779246233976
1101,44,level_seasonal_native,0,07055646,0.9616101428136459
1101,44,level_seasonal_native,0,07055814,1.5340157320689172
1101,44,level_seasonal_native,0,07055893,1.384503264956619
1101,44,level_seasonal_native,0,07056000,1.0978895418662282
1101,44,level_seasonal_native,0,07056515,1.2691704546875786
1101,44,level_seasonal_native,0,07060710,0.5144888835929046
1101,44,level_seasonal_native,0,07061600,0.5502510205440024
1101,44,level_seasonal_native,0,07065495,0.7951914316115535
1101,44,matched_daily_trees,0,07048600,1.1351208855898245
1101,44,matched_daily_trees,0,07048700,1.230401842381085
1101,44,matched_daily_trees,0,07048780,2.271160434833477
1101,44,matched_daily_trees,0,07048800,1.6849639287904095
1101,44,matched_daily_trees,0,07049000,1.5426457270493654
1101,44,matched_daily_trees,0,07049050,1.5123640058074488
1101,44,matched_daily_trees,0,07049160,0.5413257174209191
1101,44,matched_daily_trees,0,07050500,1.1267979466650122
1101,44,matched_daily_trees,0,07053250,2.2306053116191875
1101,44,matched_daily_trees,0,07055646,1.4624546875725408
1101,44,matched_daily_trees,0,07055814,1.5912064948382647
1101,44,matched_daily_trees,0,07055893,1.615572819604342
1101,44,matched_daily_trees,0,07056000,1.5526008635582047
1101,44,matched_daily_trees,0,07056515,1.508418630564914
1101,44,matched_daily_trees,0,07060710,1.1179019292063128
1101,44,matched_daily_trees,0,07061600,1.2364603569411923
1101,44,matched_daily_trees,0,07065495,1.2145339347084254
1101,44,relative_fixed_integrated,0,07048600,1.019254897951202
1101,44,relative_fixed_integrated,0,07048700,1.0991317746613345
1101,44,relative_fixed_integrated,0,07048780,2.0252457381452884
1101,44,relative_fixed_integrated,0,07048800,1.4638923327866247
1101,44,relative_fixed_integrated,0,07049000,1.2524488408027956
1101,44,relative_fixed_integrated,0,07049050,1.3847124235124013
1101,44,relative_fixed_integrated,0,07049160,0.48074891441405365
1101,44,relative_fixed_integrated,0,07050500,0.8680690170425261
1101,44,relative_fixed_integrated,0,07053250,1.4406570534473286
1101,44,relative_fixed_integrated,0,07055646,1.0860502426904721
1101,44,relative_fixed_integrated,0,07055814,1.5254909595249047
1101,44,relative_fixed_integrated,0,07055893,1.3547482822267538
1101,44,relative_fixed_integrated,0,07056000,1.2193073887845693
1101,44,relative_fixed_integrated,0,07056515,1.2832143263700446
1101,44,relative_fixed_integrated,0,07060710,0.5144403901227875
1101,44,relative_fixed_integrated,0,07061600,0.6670001907494282
1101,44,relative_fixed_integrated,0,07065495,0.8310779521056761
1101,44,relative_fixed_native,0,07048600,1.0001874538228184
1101,44,relative_fixed_native,0,07048700,1.093428156916379
1101,44,relative_fixed_native,0,07048780,1.974324545932282
1101,44,relative_fixed_native,0,07048800,1.4286177805319527
1101,44,relative_fixed_native,0,07049000,1.2147010791203203
1101,44,relative_fixed_native,0,07049050,1.377211468814768
1101,44,relative_fixed_native,0,07049160,0.4963486067391682
1101,44,relative_fixed_native,0,07050500,0.8158053979015263
1101,44,relative_fixed_native,0,07053250,1.3992744628982599
1101,44,relative_fixed_native,0,07055646,1.0188482492798105
1101,44,relative_fixed_native,0,07055814,1.5325658937882394
1101,44,relative_fixed_native,0,07055893,1.2852730706475133
1101,44,relative_fixed_native,0,07056000,1.1677747848052575
1101,44,relative_fixed_native,0,07056515,1.2250052734431656
1101,44,relative_fixed_native,0,07060710,0.47716976725859533
1101,44,relative_fixed_native,0,07061600,0.6004159436158637
1101,44,relative_fixed_native,0,07065495,0.7771152542248042
1101,44,relative_historical_integrated,0,07048600,1.0945439028363164
1101,44,relative_historical_integrated,0,07048700,1.1205192078140946
1101,44,relative_historical_integrated,0,07048780,2.178009314784307
1101,44,relative_historical_integrated,0,07048800,1.5966281540510034
1101,44,relative_historical_integrated,0,07049000,1.4022260889368867
1101,44,relative_historical_integrated,0,07049050,1.4072152876053008
1101,44,relative_historical_integrated,0,07049160,0.455449648424899
1101,44,relative_historical_integrated,0,07050500,1.0543634755923148
1101,44,relative_historical_integrated,0,07053250,1.5818457084070197
1101,44,relative_historical_integrated,0,07055646,1.2989551489145126
1101,44,relative_historical_integrated,0,07055814,1.5397025553371153
1101,44,relative_historical_integrated,0,07055893,1.5631739169644747
1101,44,relative_historical_integrated,0,07056000,1.3818454356979055
1101,44,relative_historical_integrated,0,07056515,1.4668982671956425
1101,44,relative_historical_integrated,0,07060710,0.705602688584385
1101,44,relative_historical_integrated,0,07061600,0.866752932150122
1101,44,relative_historical_integrated,0,07065495,1.0310875390931578
1101,44,relative_historical_native,0,07048600,1.0034501195403067
1101,44,relative_historical_native,0,07048700,1.0950343617597893
1101,44,relative_historical_native,0,07048780,1.9751455811073555
1101,44,relative_historical_native,0,07048800,1.4397653778280743
1101,44,relative_historical_native,0,07049000,1.2159668046097718
1101,44,relative_historical_native,0,07049050,1.3663274896393665
1101,44,relative_historical_native,0,07049160,0.4912448330968606
1101,44,relative_historical_native,0,07050500,0.8113673023360263
1101,44,relative_historical_native,0,07053250,1.3836701810613998
1101,44,relative_historical_native,0,07055646,1.0195517892119572
1101,44,relative_historical_native,0,07055814,1.5371058782528848
1101,44,relative_historical_native,0,07055893,1.292105967301697
1101,44,relative_historical_native,0,07056000,1.1650099089762338
1101,44,relative_historical_native,0,07056515,1.2317180869938784
1101,44,relative_historical_native,0,07060710,0.476796471988768
1101,44,relative_historical_native,0,07061600,0.597956440733436
1101,44,relative_historical_native,0,07065495,0.7915194622969381
1101,44,relative_real_integrated,0,07048600,0.9968591994551087
1101,44,relative_real_integrated,0,07048700,1.0923604801669933
1101,44,relative_real_integrated,0,07048780,1.979608171308122
1101,44,relative_real_integrated,0,07048800,1.4262799505149424
1101,44,relative_real_integrated,0,07049000,1.2295223043548786
1101,44,relative_real_integrated,0,07049050,1.385104396860497
1101,44,relative_real_integrated,0,07049160,0.5036524690740989
1101,44,relative_real_integrated,0,07050500,0.8257963393135024
1101,44,relative_real_integrated,0,07053250,1.4473732627278402
1101,44,relative_real_integrated,0,07055646,1.023611725447882
1101,44,relative_real_integrated,0,07055814,1.5305475166033715
1101,44,relative_real_integrated,0,07055893,1.2846670267623617
1101,44,relative_real_integrated,0,07056000,1.1758856260022683
1101,44,relative_real_integrated,0,07056515,1.2358860762632917
1101,44,relative_real_integrated,0,07060710,0.4773104215760505
1101,44,relative_real_integrated,0,07061600,0.6114832032586767
1101,44,relative_real_integrated,0,07065495,0.7746495547526667
1101,44,relative_real_native,0,07048600,0.9968591994551087
1101,44,relative_real_native,0,07048700,1.0923604801669933
1101,44,relative_real_native,0,07048780,1.979608171308122
1101,44,relative_real_native,0,07048800,1.4262799505149424
1101,44,relative_real_native,0,07049000,1.2295223043548786
1101,44,relative_real_native,0,07049050,1.385104396860497
1101,44,relative_real_native,0,07049160,0.5036524690740989
1101,44,relative_real_native,0,07050500,0.8257963393135024
1101,44,relative_real_native,0,07053250,1.4473732627278402
1101,44,relative_real_native,0,07055646,1.023611725447882
1101,44,relative_real_native,0,07055814,1.5305475166033715
1101,44,relative_real_native,0,07055893,1.2846670267623617
1101,44,relative_real_native,0,07056000,1.1758856260022683
1101,44,relative_real_native,0,07056515,1.2358860762632917
1101,44,relative_real_native,0,07060710,0.4773104215760505
1101,44,relative_real_native,0,07061600,0.6114832032586767
1101,44,relative_real_native,0,07065495,0.7746495547526667
1101,44,station_hidden_trees,0,07048600,1.1307588511376798
1101,44,station_hidden_trees,0,07048700,1.178595631760446
1101,44,station_hidden_trees,0,07048780,2.205657324141922
1101,44,station_hidden_trees,0,07048800,1.6498248602335146
1101,44,station_hidden_trees,0,07049000,1.488404622256168
1101,44,station_hidden_trees,0,07049050,1.4417974349896112
1101,44,station_hidden_trees,0,07049160,0.49771322879299473
1101,44,station_hidden_trees,0,07050500,1.1442036161690563
1101,44,station_hidden_trees,0,07053250,1.8448362367766395
1101,44,station_hidden_trees,0,07055646,1.4457266188746587
1101,44,station_hidden_trees,0,07055814,1.527745614064876
1101,44,station_hidden_trees,0,07055893,1.6855774129571472
1101,44,station_hidden_trees,0,07056000,1.45938522654327
1101,44,station_hidden_trees,0,07056515,1.5396144632472433
1101,44,station_hidden_trees,0,07060710,0.9073049499400381
1101,44,station_hidden_trees,0,07061600,1.0339392334751585
1101,44,station_hidden_trees,0,07065495,1.1888063473754091
1101,44,unmonitored_integrated,0,07048600,1.0945439028363164
1101,44,unmonitored_integrated,0,07048700,1.1205192078140946
1101,44,unmonitored_integrated,0,07048780,2.178009314784307
1101,44,unmonitored_integrated,0,07048800,1.5966281540510034
1101,44,unmonitored_integrated,0,07049000,1.4022260889368867
1101,44,unmonitored_integrated,0,07049050,1.4072152876053008
1101,44,unmonitored_integrated,0,07049160,0.455449648424899
1101,44,unmonitored_integrated,0,07050500,1.0543634755923148
1101,44,unmonitored_integrated,0,07053250,1.5818457084070197
1101,44,unmonitored_integrated,0,07055646,1.2989551489145126
1101,44,unmonitored_integrated,0,07055814,1.5397025553371153
1101,44,unmonitored_integrated,0,07055893,1.5631739169644747
1101,44,unmonitored_integrated,0,07056000,1.3818454356979055
1101,44,unmonitored_integrated,0,07056515,1.4668982671956425
1101,44,unmonitored_integrated,0,07060710,0.705602688584385
1101,44,unmonitored_integrated,0,07061600,0.866752932150122
1101,44,unmonitored_integrated,0,07065495,1.0310875390931578
1101,44,unmonitored_residual,0,07048600,0.9992779356729588
1101,44,unmonitored_residual,0,07048700,1.0926018604192904
1101,44,unmonitored_residual,0,07048780,1.9700203595213204
1101,44,unmonitored_residual,0,07048800,1.4367686286649348
1101,44,unmonitored_residual,0,07049000,1.2081533698145912
1101,44,unmonitored_residual,0,07049050,1.3644157276713342
1101,44,unmonitored_residual,0,07049160,0.4960486829148159
1101,44,unmonitored_residual,0,07050500,0.8015794692105994
1101,44,unmonitored_residual,0,07053250,1.3761234389154453
1101,44,unmonitored_residual,0,07055646,1.0054412732534606
1101,44,unmonitored_residual,0,07055814,1.543941319544217
1101,44,unmonitored_residual,0,07055893,1.2825013204967992
1101,44,unmonitored_residual,0,07056000,1.1546952445796295
1101,44,unmonitored_residual,0,07056515,1.2215061546180064
1101,44,unmonitored_residual,0,07060710,0.4720303248430568
1101,44,unmonitored_residual,0,07061600,0.5749511903059781
1101,44,unmonitored_residual,0,07065495,0.7742369960326029
1101,45,attention_fixed_integrated,0,07048600,1.0245578899690855
1101,45,attention_fixed_integrated,0,07048700,1.1068035498878068
1101,45,attention_fixed_integrated,0,07048780,2.0702910261665655
1101,45,attention_fixed_integrated,0,07048800,1.5325527228444074
1101,45,attention_fixed_integrated,0,07049000,1.2475570380728846
1101,45,attention_fixed_integrated,0,07049050,1.3580657567168095
1101,45,attention_fixed_integrated,0,07049160,0.5058600192802368
1101,45,attention_fixed_integrated,0,07050500,0.8429653327418438
1101,45,attention_fixed_integrated,0,07053250,1.4601424685641715
1101,45,attention_fixed_integrated,0,07055646,1.2387115955146413
1101,45,attention_fixed_integrated,0,07055814,1.5539158969064695
1101,45,attention_fixed_integrated,0,07055893,1.2872803876875265
1101,45,attention_fixed_integrated,0,07056000,1.249931890924174
1101,45,attention_fixed_integrated,0,07056515,1.2717267646524222
1101,45,attention_fixed_integrated,0,07060710,0.5811344145703535
1101,45,attention_fixed_integrated,0,07061600,0.6326142800832742
1101,45,attention_fixed_integrated,0,07065495,0.7880337347444565
1101,45,attention_fixed_native,0,07048600,1.0113288259901985
1101,45,attention_fixed_native,0,07048700,1.1050108323199384
1101,45,attention_fixed_native,0,07048780,2.025537018100495
1101,45,attention_fixed_native,0,07048800,1.5086776351137872
1101,45,attention_fixed_native,0,07049000,1.2133002431330424
1101,45,attention_fixed_native,0,07049050,1.3466929910931895
1101,45,attention_fixed_native,0,07049160,0.5231051421746535
1101,45,attention_fixed_native,0,07050500,0.8024155242844736
1101,45,attention_fixed_native,0,07053250,1.4050944601749453
1101,45,attention_fixed_native,0,07055646,1.2070253312382022
1101,45,attention_fixed_native,0,07055814,1.5611137518035627
1101,45,attention_fixed_native,0,07055893,1.2434915739475347
1101,45,attention_fixed_native,0,07056000,1.2161789813919242
1101,45,attention_fixed_native,0,07056515,1.2257295789375315
1101,45,attention_fixed_native,0,07060710,0.5380021381282825
1101,45,attention_fixed_native,0,07061600,0.5567716228383999
1101,45,attention_fixed_native,0,07065495,0.7522882031252718
1101,45,attention_historical_integrated,0,07048600,1.042274576710554
1101,45,attention_historical_integrated,0,07048700,1.1143528774276692
1101,45,attention_historical_integrated,0,07048780,2.108749265298003
1101,45,attention_historical_integrated,0,07048800,1.5621778599355445
1101,45,attention_historical_integrated,0,07049000,1.2924184504993224
1101,45,attention_historical_integrated,0,07049050,1.368392879352888
1101,45,attention_historical_integrated,0,07049160,0.48956163261163343
1101,45,attention_historical_integrated,0,07050500,0.8916177510701363
1101,45,attention_historical_integrated,0,07053250,1.517949802297182
1101,45,attention_historical_integrated,0,07055646,1.2797380399749743
1101,45,attention_historical_integrated,0,07055814,1.5579513119623996
1101,45,attention_historical_integrated,0,07055893,1.3380793342003663
1101,45,attention_historical_integrated,0,07056000,1.2827118288960881
1101,45,attention_historical_integrated,0,07056515,1.3295811800897197
1101,45,attention_historical_integrated,0,07060710,0.6331962606361202
1101,45,attention_historical_integrated,0,07061600,0.7109968137626866
1101,45,attention_historical_integrated,0,07065495,0.8392700086363479
1101,45,attention_historical_native,0,07048600,1.0086655565057348
1101,45,attention_historical_native,0,07048700,1.1117882042713787
1101,45,attention_historical_native,0,07048780,2.0129454802312297
1101,45,attention_historical_native,0,07048800,1.517443333699355
1101,45,attention_historical_native,0,07049000,1.2113514100264646
1101,45,attention_historical_native,0,07049050,1.3446017051181065
1101,45,attention_historical_native,0,07049160,0.5179899960536821
1101,45,attention_historical_native,0,07050500,0.8068840935917084
1101,45,attention_historical_native,0,07053250,1.4089320355886883
1101,45,attention_historical_native,0,07055646,1.2257056916059899
1101,45,attention_historical_native,0,07055814,1.5606054396676279
1101,45,attention_historical_native,0,07055893,1.2575118394932308
1101,45,attention_historical_native,0,07056000,1.2147898511001265
1101,45,attention_historical_native,0,07056515,1.2355987700088003
1101,45,attention_historical_native,0,07060710,0.546883495714884
1101,45,attention_historical_native,0,07061600,0.5618513757074761
1101,45,attention_historical_native,0,07065495,0.7538320184415842
1101,45,attention_real_integrated,0,07048600,1.0220923557254586
1101,45,attention_real_integrated,0,07048700,1.12657701443736
1101,45,attention_real_integrated,0,07048780,2.0225932948482717
1101,45,attention_real_integrated,0,07048800,1.5325520643062989
1101,45,attention_real_integrated,0,07049000,1.258374398841232
1101,45,attention_real_integrated,0,07049050,1.366146995093252
1101,45,attention_real_integrated,0,07049160,0.5219660742549053
1101,45,attention_real_integrated,0,07050500,0.9083124830125054
1101,45,attention_real_integrated,0,07053250,1.5713957977607353
1101,45,attention_real_integrated,0,07055646,1.4049224948321442
1101,45,attention_real_integrated,0,07055814,1.539460825141703
1101,45,attention_real_integrated,0,07055893,1.4449182133243639
1101,45,attention_real_integrated,0,07056000,1.2755579457023931
1101,45,attention_real_integrated,0,07056515,1.3109221551900765
1101,45,attention_real_integrated,0,07060710,0.6294494648645795
1101,45,attention_real_integrated,0,07061600,0.676801647651681
1101,45,attention_real_integrated,0,07065495,0.8122617521549995
1101,45,attention_real_native,0,07048600,1.0220923557254586
1101,45,attention_real_native,0,07048700,1.12657701443736
1101,45,attention_real_native,0,07048780,2.0225932948482717
1101,45,attention_real_native,0,07048800,1.5325520643062989
1101,45,attention_real_native,0,07049000,1.258374398841232
1101,45,attention_real_native,0,07049050,1.366146995093252
1101,45,attention_real_native,0,07049160,0.5219660742549053
1101,45,attention_real_native,0,07050500,0.9083124830125054
1101,45,attention_real_native,0,07053250,1.5713957977607353
1101,45,attention_real_native,0,07055646,1.4049224948321442
1101,45,attention_real_native,0,07055814,1.539460825141703
1101,45,attention_real_native,0,07055893,1.4449182133243639
1101,45,attention_real_native,0,07056000,1.2755579457023931
1101,45,attention_real_native,0,07056515,1.3109221551900765
1101,45,attention_real_native,0,07060710,0.6294494648645795
1101,45,attention_real_native,0,07061600,0.676801647651681
1101,45,attention_real_native,0,07065495,0.8122617521549995
1101,45,current_model,0,07048600,1.031917817990773
1101,45,current_model,0,07048700,1.1267319662470643
1101,45,current_model,0,07048780,1.9796338036059526
1101,45,current_model,0,07048800,1.4756601784637673
1101,45,current_model,0,07049000,1.2350428576400918
1101,45,current_model,0,07049050,1.3799317691238273
1101,45,current_model,0,07049160,0.48258223543167744
1101,45,current_model,0,07050500,0.7877022197783872
1101,45,current_model,0,07053250,1.398430461053629
1101,45,current_model,0,07055646,1.0785579126391764
1101,45,current_model,0,07055814,1.6173662696181061
1101,45,current_model,0,07055893,1.0311602067358436
1101,45,current_model,0,07056000,1.2537159702375635
1101,45,current_model,0,07056515,1.06009273272784
1101,45,current_model,0,07060710,0.6958638108085132
1101,45,current_model,0,07061600,0.7071400328297197
1101,45,current_model,0,07065495,0.7633596065150425
1101,45,innovation_real_integrated,0,07048600,1.0247019964778274
1101,45,innovation_real_integrated,0,07048700,1.1064024023461836
1101,45,innovation_real_integrated,0,07048780,2.070698915757074
1101,45,innovation_real_integrated,0,07048800,1.5322110259789
1101,45,innovation_real_integrated,0,07049000,1.2476792040625353
1101,45,innovation_real_integrated,0,07049050,1.3574002865688992
1101,45,innovation_real_integrated,0,07049160,0.5052924695171681
1101,45,innovation_real_integrated,0,07050500,0.841941613309369
1101,45,innovation_real_integrated,0,07053250,1.4582173568634098
1101,45,innovation_real_integrated,0,07055646,1.2370946791448616
1101,45,innovation_real_integrated,0,07055814,1.5539657088806373
1101,45,innovation_real_integrated,0,07055893,1.2857250367291568
1101,45,innovation_real_integrated,0,07056000,1.2482781799557736
1101,45,innovation_real_integrated,0,07056515,1.2719536397326836
1101,45,innovation_real_integrated,0,07060710,0.5789920514319999
1101,45,innovation_real_integrated,0,07061600,0.6311188132052574
1101,45,innovation_real_integrated,0,07065495,0.7870976976387721
1101,45,innovation_real_native,0,07048600,1.0115100230989575
1101,45,innovation_real_native,0,07048700,1.1045441755862067
1101,45,innovation_real_native,0,07048780,2.0260808708878395
1101,45,innovation_real_native,0,07048800,1.508276064943135
1101,45,innovation_real_native,0,07049000,1.213380641987286
1101,45,innovation_real_native,0,07049050,1.3458056975626425
1101,45,innovation_real_native,0,07049160,0.5223302664831613
1101,45,innovation_real_native,0,07050500,0.801050565041174
1101,45,innovation_real_native,0,07053250,1.4025276445739299
1101,45,innovation_real_native,0,07055646,1.2048694427451623
1101,45,innovation_real_native,0,07055814,1.5617607229696966
1101,45,innovation_real_native,0,07055893,1.2414177726697087
1101,45,innovation_real_native,0,07056000,1.213974033434057
1101,45,innovation_real_native,0,07056515,1.2244092189108988
1101,45,innovation_real_native,0,07060710,0.5353439520470178
1101,45,innovation_real_native,0,07061600,0.5547776670010441
1101,45,innovation_real_native,0,07065495,0.7513276252418414
1101,45,innovation_real_trees,0,07048600,1.1415146450241833
1101,45,innovation_real_trees,0,07048700,1.1866676770602647
1101,45,innovation_real_trees,0,07048780,2.257000328865002
1101,45,innovation_real_trees,0,07048800,1.6559659480944156
1101,45,innovation_real_trees,0,07049000,1.473822325071503
1101,45,innovation_real_trees,0,07049050,1.4289682832838901
1101,45,innovation_real_trees,0,07049160,0.5073756543563044
1101,45,innovation_real_trees,0,07050500,1.194306774573507
1101,45,innovation_real_trees,0,07053250,1.9166990454224504
1101,45,innovation_real_trees,0,07055646,1.5763155834985156
1101,45,innovation_real_trees,0,07055814,1.5729252409986707
1101,45,innovation_real_trees,0,07055893,1.6156589885417436
1101,45,innovation_real_trees,0,07056000,1.5146416248747132
1101,45,innovation_real_trees,0,07056515,1.5673781721417144
1101,45,innovation_real_trees,0,07060710,1.0106064623051163
1101,45,innovation_real_trees,0,07061600,1.0005415640510358
1101,45,innovation_real_trees,0,07065495,1.1343416307066654
1101,45,level_fixed_integrated,0,07048600,1.0294651903920278
1101,45,level_fixed_integrated,0,07048700,1.109726089403454
1101,45,level_fixed_integrated,0,07048780,2.084879876491599
1101,45,level_fixed_integrated,0,07048800,1.5486854638147591
1101,45,level_fixed_integrated,0,07049000,1.2676632421405591
1101,45,level_fixed_integrated,0,07049050,1.3799856825354342
1101,45,level_fixed_integrated,0,07049160,0.49738038508784543
1101,45,level_fixed_integrated,0,07050500,0.8716911273946684
1101,45,level_fixed_integrated,0,07053250,1.4985237261432822
1101,45,level_fixed_integrated,0,07055646,1.2528023640044617
1101,45,level_fixed_integrated,0,07055814,1.5605497315404457
1101,45,level_fixed_integrated,0,07055893,1.3468950422597414
1101,45,level_fixed_integrated,0,07056000,1.2474161448122827
1101,45,level_fixed_integrated,0,07056515,1.2956724933972625
1101,45,level_fixed_integrated,0,07060710,0.61550661471262
1101,45,level_fixed_integrated,0,07061600,0.6366729556133304
1101,45,level_fixed_integrated,0,07065495,0.8040378040248393
1101,45,level_fixed_native,0,07048600,1.0143372892556162
1101,45,level_fixed_native,0,07048700,1.1074397780690972
1101,45,level_fixed_native,0,07048780,2.0449888185338727
1101,45,level_fixed_native,0,07048800,1.5286119621065708
1101,45,level_fixed_native,0,07049000,1.23767114506438
1101,45,level_fixed_native,0,07049050,1.375919558851356
1101,45,level_fixed_native,0,07049160,0.5091433095303685
1101,45,level_fixed_native,0,07050500,0.8398519708769423
1101,45,level_fixed_native,0,07053250,1.4562694702804264
1101,45,level_fixed_native,0,07055646,1.2258130225579627
1101,45,level_fixed_native,0,07055814,1.5591037680702664
1101,45,level_fixed_native,0,07055893,1.3229777800438214
1101,45,level_fixed_native,0,07056000,1.2139074113080397
1101,45,level_fixed_native,0,07056515,1.2635932552185565
1101,45,level_fixed_native,0,07060710,0.580646371244995
1101,45,level_fixed_native,0,07061600,0.5621831902118081
1101,45,level_fixed_native,0,07065495,0.7746744767461737
1101,45,level_historical_integrated,0,07048600,1.0876074664819002
1101,45,level_historical_integrated,0,07048700,1.1188957495540743
1101,45,level_historical_integrated,0,07048780,2.204553050364776
1101,45,level_historical_integrated,0,07048800,1.6157871059999651
1101,45,level_historical_integrated,0,07049000,1.390924158743111
1101,45,level_historical_integrated,0,07049050,1.3921840535876688
1101,45,level_historical_integrated,0,07049160,0.4686154185169333
1101,45,level_historical_integrated,0,07050500,0.9900727665303772
1101,45,level_historical_integrated,0,07053250,1.6354952500969695
1101,45,level_historical_integrated,0,07055646,1.333770388343959
1101,45,level_historical_integrated,0,07055814,1.5656050194568958
1101,45,level_historical_integrated,0,07055893,1.4186468289075014
1101,45,level_historical_integrated,0,07056000,1.3553834863778909
1101,45,level_historical_integrated,0,07056515,1.4284806309925384
1101,45,level_historical_integrated,0,07060710,0.7378807093327678
1101,45,level_historical_integrated,0,07061600,0.860142251817897
1101,45,level_historical_integrated,0,07065495,0.958616417891189
1101,45,level_historical_native,0,07048600,1.056306059168888
1101,45,level_historical_native,0,07048700,1.1285510188702403
1101,45,level_historical_native,0,07048780,2.1277393900650265
1101,45,level_historical_native,0,07048800,1.5796059647313778
1101,45,level_historical_native,0,07049000,1.3331662019239334
1101,45,level_historical_native,0,07049050,1.3865516381079734
1101,45,level_historical_native,0,07049160,0.48716272356839735
1101,45,level_historical_native,0,07050500,0.9248685973412314
1101,45,level_historical_native,0,07053250,1.6399274958571906
1101,45,level_historical_native,0,07055646,1.3135323207752752
1101,45,level_historical_native,0,07055814,1.5513430528009284
1101,45,level_historical_native,0,07055893,1.3966323144166328
1101,45,level_historical_native,0,07056000,1.2791027859154456
1101,45,level_historical_native,0,07056515,1.360385314427736
1101,45,level_historical_native,0,07060710,0.7203628339299548
1101,45,level_historical_native,0,07061600,0.7848856776871503
1101,45,level_historical_native,0,07065495,0.909811313845878
1101,45,level_real_integrated,0,07048600,1.0326039048655622
1101,45,level_real_integrated,0,07048700,1.1091937904591742
1101,45,level_real_integrated,0,07048780,2.0895321699656817
1101,45,level_real_integrated,0,07048800,1.556816955702375
1101,45,level_real_integrated,0,07049000,1.2923568540907264
1101,45,level_real_integrated,0,07049050,1.3898790219056902
1101,45,level_real_integrated,0,07049160,0.5007957484385994
1101,45,level_real_integrated,0,07050500,0.8866838691019955
1101,45,level_real_integrated,0,07053250,1.5178578659018132
1101,45,level_real_integrated,0,07055646,1.2242271453476297
1101,45,level_real_integrated,0,07055814,1.5631453530508546
1101,45,level_real_integrated,0,07055893,1.3759126026183663
1101,45,level_real_integrated,0,07056000,1.2232462124640395
1101,45,level_real_integrated,0,07056515,1.308450414384254
1101,45,level_real_integrated,0,07060710,0.6198396292884524
1101,45,level_real_integrated,0,07061600,0.6367563356816723
1101,45,level_real_integrated,0,07065495,0.8058610360132018
1101,45,level_real_native,0,07048600,1.0196929923579998
1101,45,level_real_native,0,07048700,1.1070867773839548
1101,45,level_real_native,0,07048780,2.051191876499317
1101,45,level_real_native,0,07048800,1.5401166343525676
1101,45,level_real_native,0,07049000,1.2712260356720648
1101,45,level_real_native,0,07049050,1.389110678011697
1101,45,level_real_native,0,07049160,0.5137633713384371
1101,45,level_real_native,0,07050500,0.857829958132458
1101,45,level_real_native,0,07053250,1.4823825178318906
1101,45,level_real_native,0,07055646,1.1877127310155198
1101,45,level_real_native,0,07055814,1.562325464248841
1101,45,level_real_native,0,07055893,1.3616678605219878
1101,45,level_real_native,0,07056000,1.1816098256344338
1101,45,level_real_native,0,07056515,1.2806304832012116
1101,45,level_real_native,0,07060710,0.5894222489279838
1101,45,level_real_native,0,07061600,0.562294363636264
1101,45,level_real_native,0,07065495,0.7848000364756725
1101,45,level_seasonal_integrated,0,07048600,1.0522585893609828
1101,45,level_seasonal_integrated,0,07048700,1.1108279854107903
1101,45,level_seasonal_integrated,0,07048780,2.127556065363986
1101,45,level_seasonal_integrated,0,07048800,1.5736954379098411
1101,45,level_seasonal_integrated,0,07049000,1.309294641323425
1101,45,level_seasonal_integrated,0,07049050,1.3827763372778965
1101,45,level_seasonal_integrated,0,07049160,0.48779269325381214
1101,45,level_seasonal_integrated,0,07050500,0.9078264110561062
1101,45,level_seasonal_integrated,0,07053250,1.5291236212228436
1101,45,level_seasonal_integrated,0,07055646,1.2374514665064662
1101,45,level_seasonal_integrated,0,07055814,1.562581658744905
1101,45,level_seasonal_integrated,0,07055893,1.3805400322138706
1101,45,level_seasonal_integrated,0,07056000,1.2469028699785025
1101,45,level_seasonal_integrated,0,07056515,1.3390755145393234
1101,45,level_seasonal_integrated,0,07060710,0.6388265057366492
1101,45,level_seasonal_integrated,0,07061600,0.69518895188653
1101,45,level_seasonal_integrated,0,07065495,0.8341239255340355
1101,45,level_seasonal_native,0,07048600,1.024131157829676
1101,45,level_seasonal_native,0,07048700,1.1047579524842888
1101,45,level_seasonal_native,0,07048780,2.0505590803631955
1101,45,level_seasonal_native,0,07048800,1.5364127966097714
1101,45,level_seasonal_native,0,07049000,1.244784276874151
1101,45,level_seasonal_native,0,07049050,1.373368620968124
1101,45,level_seasonal_native,0,07049160,0.51330932103722
1101,45,level_seasonal_native,0,07050500,0.8340720719909194
1101,45,level_seasonal_native,0,07053250,1.428862155271932
1101,45,level_seasonal_native,0,07055646,1.141132544668974
1101,45,level_seasonal_native,0,07055814,1.5595582980329143
1101,45,level_seasonal_native,0,07055893,1.3424332355202395
1101,45,level_seasonal_native,0,07056000,1.1452567971398633
1101,45,level_seasonal_native,0,07056515,1.2673852341272593
1101,45,level_seasonal_native,0,07060710,0.5591768337553537
1101,45,level_seasonal_native,0,07061600,0.5302356519551629
1101,45,level_seasonal_native,0,07065495,0.7841132509357646
1101,45,matched_daily_trees,0,07048600,1.1374745941131619
1101,45,matched_daily_trees,0,07048700,1.2629133244169881
1101,45,matched_daily_trees,0,07048780,2.2922277533762623
1101,45,matched_daily_trees,0,07048800,1.7293916209845024
1101,45,matched_daily_trees,0,07049000,1.5432995000805136
1101,45,matched_daily_trees,0,07049050,1.5213685681418163
1101,45,matched_daily_trees,0,07049160,0.5627258921056649
1101,45,matched_daily_trees,0,07050500,1.0852790801314198
1101,45,matched_daily_trees,0,07053250,2.1973601312203326
1101,45,matched_daily_trees,0,07055646,1.4827028676867684
1101,45,matched_daily_trees,0,07055814,1.588417578436673
1101,45,matched_daily_trees,0,07055893,1.5658865570062863
1101,45,matched_daily_trees,0,07056000,1.5540547901625774
1101,45,matched_daily_trees,0,07056515,1.5075518895540134
1101,45,matched_daily_trees,0,07060710,1.1750030943761802
1101,45,matched_daily_trees,0,07061600,1.2548759346673082
1101,45,matched_daily_trees,0,07065495,1.1831313590522425
1101,45,relative_fixed_integrated,0,07048600,1.0138401021076757
1101,45,relative_fixed_integrated,0,07048700,1.1084226551489906
1101,45,relative_fixed_integrated,0,07048780,2.0295075868898445
1101,45,relative_fixed_integrated,0,07048800,1.5177818813645545
1101,45,relative_fixed_integrated,0,07049000,1.2214324325315418
1101,45,relative_fixed_integrated,0,07049050,1.357160308534425
1101,45,relative_fixed_integrated,0,07049160,0.5186951217511613
1101,45,relative_fixed_integrated,0,07050500,0.8190554012346204
1101,45,relative_fixed_integrated,0,07053250,1.4316971652430959
1101,45,relative_fixed_integrated,0,07055646,1.2293374539908093
1101,45,relative_fixed_integrated,0,07055814,1.5637959898757197
1101,45,relative_fixed_integrated,0,07055893,1.2728324590614595
1101,45,relative_fixed_integrated,0,07056000,1.2343197096317764
1101,45,relative_fixed_integrated,0,07056515,1.2380209775975008
1101,45,relative_fixed_integrated,0,07060710,0.5586059163305771
1101,45,relative_fixed_integrated,0,07061600,0.5669626259060258
1101,45,relative_fixed_integrated,0,07065495,0.7579403734515305
1101,45,relative_fixed_native,0,07048600,1.0138401021076757
1101,45,relative_fixed_native,0,07048700,1.1084226551489906
1101,45,relative_fixed_native,0,07048780,2.0295075868898445
1101,45,relative_fixed_native,0,07048800,1.5177818813645545
1101,45,relative_fixed_native,0,07049000,1.2214324325315418
1101,45,relative_fixed_native,0,07049050,1.357160308534425
1101,45,relative_fixed_native,0,07049160,0.5186951217511613
1101,45,relative_fixed_native,0,07050500,0.8190554012346204
1101,45,relative_fixed_native,0,07053250,1.4316971652430959
1101,45,relative_fixed_native,0,07055646,1.2293374539908093
1101,45,relative_fixed_native,0,07055814,1.5637959898757197
1101,45,relative_fixed_native,0,07055893,1.2728324590614595
1101,45,relative_fixed_native,0,07056000,1.2343197096317764
1101,45,relative_fixed_native,0,07056515,1.2380209775975008
1101,45,relative_fixed_native,0,07060710,0.5586059163305771
1101,45,relative_fixed_native,0,07061600,0.5669626259060258
1101,45,relative_fixed_native,0,07065495,0.7579403734515305
1101,45,relative_historical_integrated,0,07048600,1.0434835875008444
1101,45,relative_historical_integrated,0,07048700,1.115305212654889
1101,45,relative_historical_integrated,0,07048780,2.1106867938294007
1101,45,relative_historical_integrated,0,07048800,1.5652092897406196
1101,45,relative_historical_integrated,0,07049000,1.295521669282492
1101,45,relative_historical_integrated,0,07049050,1.3683091179821876
1101,45,relative_historical_integrated,0,07049160,0.48853728014849257
1101,45,relative_historical_integrated,0,07050500,0.8958352474688442
1101,45,relative_historical_integrated,0,07053250,1.523543068445226
1101,45,relative_historical_integrated,0,07055646,1.2847706987515086
1101,45,relative_historical_integrated,0,07055814,1.5579149037689901
1101,45,relative_historical_integrated,0,07055893,1.3443953794995387
1101,45,relative_historical_integrated,0,07056000,1.2864023782027332
1101,45,relative_historical_integrated,0,07056515,1.333954717632801
1101,45,relative_historical_integrated,0,07060710,0.6380070946313098
1101,45,relative_historical_integrated,0,07061600,0.7163585504112991
1101,45,relative_historical_integrated,0,07065495,0.8442632223293802
1101,45,relative_historical_native,0,07048600,1.0101954673975275
1101,45,relative_historical_native,0,07048700,1.1132505056634259
1101,45,relative_historical_native,0,07048780,2.016820537294025
1101,45,relative_historical_native,0,07048800,1.5226844357445628
1101,45,relative_historical_native,0,07049000,1.2159034128538475
1101,45,relative_historical_native,0,07049050,1.3444341823767059
1101,45,relative_historical_native,0,07049160,0.5158757934990905
1101,45,relative_historical_native,0,07050500,0.8141562532082034
1101,45,relative_historical_native,0,07053250,1.4191352956047647
1101,45,relative_historical_native,0,07055646,1.2357710091590588
1101,45,relative_historical_native,0,07055814,1.558635377635286
1101,45,relative_historical_native,0,07055893,1.2701439300915756
1101,45,relative_historical_native,0,07056000,1.2222324679809977
1101,45,relative_historical_native,0,07056515,1.2448067862266419
1101,45,relative_historical_native,0,07060710,0.5541229005805863
1101,45,relative_historical_native,0,07061600,0.5725748490047011
1101,45,relative_historical_native,0,07065495,0.7572797318795705
1101,45,relative_real_integrated,0,07048600,1.0173433239557848
1101,45,relative_real_integrated,0,07048700,1.1250389930423714
1101,45,relative_real_integrated,0,07048780,2.018994805980989
1101,45,relative_real_integrated,0,07048800,1.5367351931549709
1101,45,relative_real_integrated,0,07049000,1.2539445918219196
1101,45,relative_real_integrated,0,07049050,1.3748634303054081
1101,45,relative_real_integrated,0,07049160,0.5129523874664268
1101,45,relative_real_integrated,0,07050500,0.8992810215570637
1101,45,relative_real_integrated,0,07053250,1.5594185391472122
1101,45,relative_real_integrated,0,07055646,1.3958301129179314
1101,45,relative_real_integrated,0,07055814,1.5424783184790958
1101,45,relative_real_integrated,0,07055893,1.441874619485553
1101,45,relative_real_integrated,0,07056000,1.2630550493653778
1101,45,relative_real_integrated,0,07056515,1.3041641192844173
1101,45,relative_real_integrated,0,07060710,0.6171732292918637
1101,45,relative_real_integrated,0,07061600,0.6602130860009016
1101,45,relative_real_integrated,0,07065495,0.803890399218412
1101,45,relative_real_native,0,07048600,1.0173433239557848
1101,45,relative_real_native,0,07048700,1.1250389930423714
1101,45,relative_real_native,0,07048780,2.018994805980989
1101,45,relative_real_native,0,07048800,1.5367351931549709
1101,45,relative_real_native,0,07049000,1.2539445918219196
1101,45,relative_real_native,0,07049050,1.3748634303054081
1101,45,relative_real_native,0,07049160,0.5129523874664268
1101,45,relative_real_native,0,07050500,0.8992810215570637
1101,45,relative_real_native,0,07053250,1.5594185391472122
1101,45,relative_real_native,0,07055646,1.3958301129179314
1101,45,relative_real_native,0,07055814,1.5424783184790958
1101,45,relative_real_native,0,07055893,1.441874619485553
1101,45,relative_real_native,0,07056000,1.2630550493653778
1101,45,relative_real_native,0,07056515,1.3041641192844173
1101,45,relative_real_native,0,07060710,0.6171732292918637
1101,45,relative_real_native,0,07061600,0.6602130860009016
1101,45,relative_real_native,0,07065495,0.803890399218412
1101,45,station_hidden_trees,0,07048600,1.1049290172840476
1101,45,station_hidden_trees,0,07048700,1.160761303801544
1101,45,station_hidden_trees,0,07048780,2.220699884304991
1101,45,station_hidden_trees,0,07048800,1.6460754970487046
1101,45,station_hidden_trees,0,07049000,1.4565985047510281
1101,45,station_hidden_trees,0,07049050,1.4138958027489805
1101,45,station_hidden_trees,0,07049160,0.5057602217413172
1101,45,station_hidden_trees,0,07050500,1.056879814181585
1101,45,station_hidden_trees,0,07053250,1.9000933126383586
1101,45,station_hidden_trees,0,07055646,1.4680077747502203
1101,45,station_hidden_trees,0,07055814,1.547964134779011
1101,45,station_hidden_trees,0,07055893,1.517252463759597
1101,45,station_hidden_trees,0,07056000,1.4056922387106654
1101,45,station_hidden_trees,0,07056515,1.4820766053533034
1101,45,station_hidden_trees,0,07060710,0.9397168829081446
1101,45,station_hidden_trees,0,07061600,1.038084969827025
1101,45,station_hidden_trees,0,07065495,1.1254910382194054
1101,45,unmonitored_integrated,0,07048600,1.0427535792739024
1101,45,unmonitored_integrated,0,07048700,1.112544942418652
1101,45,unmonitored_integrated,0,07048780,2.109874816877944
1101,45,unmonitored_integrated,0,07048800,1.5616715157622487
1101,45,unmonitored_integrated,0,07049000,1.293320872260973
1101,45,unmonitored_integrated,0,07049050,1.3660591116407717
1101,45,unmonitored_integrated,0,07049160,0.4910575656952722
1101,45,unmonitored_integrated,0,07050500,0.8763037309179005
1101,45,unmonitored_integrated,0,07053250,1.5061890204644584
1101,45,unmonitored_integrated,0,07055646,1.262387477268185
1101,45,unmonitored_integrated,0,07055814,1.556522781224642
1101,45,unmonitored_integrated,0,07055893,1.3363826307104965
1101,45,unmonitored_integrated,0,07056000,1.2705371260829257
1101,45,unmonitored_integrated,0,07056515,1.328532224906166
1101,45,unmonitored_integrated,0,07060710,0.6146114139615553
1101,45,unmonitored_integrated,0,07061600,0.6972374966791954
1101,45,unmonitored_integrated,0,07065495,0.8348778169189971
1101,45,unmonitored_residual,0,07048600,1.0087464071760583
1101,45,unmonitored_residual,0,07048700,1.1087241681077984
1101,45,unmonitored_residual,0,07048780,2.0151965833911114
1101,45,unmonitored_residual,0,07048800,1.5165480920379926
1101,45,unmonitored_residual,0,07049000,1.2162405484350027
1101,45,unmonitored_residual,0,07049050,1.339934169693874
1101,45,unmonitored_residual,0,07049160,0.5213095285493375
1101,45,unmonitored_residual,0,07050500,0.7791110212266793
1101,45,unmonitored_residual,0,07053250,1.3850312623074947
1101,45,unmonitored_residual,0,07055646,1.1910045661924114
1101,45,unmonitored_residual,0,07055814,1.565808106337712
1101,45,unmonitored_residual,0,07055893,1.254118432513491
1101,45,unmonitored_residual,0,07056000,1.189883632644928
1101,45,unmonitored_residual,0,07056515,1.2315347269213812
1101,45,unmonitored_residual,0,07060710,0.516211698733831
1101,45,unmonitored_residual,0,07061600,0.5343327415404936
1101,45,unmonitored_residual,0,07065495,0.7482186014614053
1101,46,attention_fixed_integrated,0,07048600,1.0986574111438725
1101,46,attention_fixed_integrated,0,07048700,1.1429138130887775
1101,46,attention_fixed_integrated,0,07048780,2.0385656729977897
1101,46,attention_fixed_integrated,0,07048800,1.4703083027759187
1101,46,attention_fixed_integrated,0,07049000,1.29463611102853
1101,46,attention_fixed_integrated,0,07049050,1.342059314310743
1101,46,attention_fixed_integrated,0,07049160,0.47965170799838625
1101,46,attention_fixed_integrated,0,07050500,1.0014917621713944
1101,46,attention_fixed_integrated,0,07053250,1.5861837938830197
1101,46,attention_fixed_integrated,0,07055646,1.3279542680590182
1101,46,attention_fixed_integrated,0,07055814,1.5185648546489294
1101,46,attention_fixed_integrated,0,07055893,1.2931221638954415
1101,46,attention_fixed_integrated,0,07056000,1.2191079988251683
1101,46,attention_fixed_integrated,0,07056515,1.2803125562147288
1101,46,attention_fixed_integrated,0,07060710,0.5401024636157459
1101,46,attention_fixed_integrated,0,07061600,0.6165882245348503
1101,46,attention_fixed_integrated,0,07065495,0.760173617166536
1101,46,attention_fixed_native,0,07048600,1.085033122808869
1101,46,attention_fixed_native,0,07048700,1.1253904976222098
1101,46,attention_fixed_native,0,07048780,1.9905832611067198
1101,46,attention_fixed_native,0,07048800,1.4390429401089417
1101,46,attention_fixed_native,0,07049000,1.2657873361120102
1101,46,attention_fixed_native,0,07049050,1.3292808930308713
1101,46,attention_fixed_native,0,07049160,0.49151586636154915
1101,46,attention_fixed_native,0,07050500,1.013438396311653
1101,46,attention_fixed_native,0,07053250,1.6499623892797053
1101,46,attention_fixed_native,0,07055646,1.258636702471182
1101,46,attention_fixed_native,0,07055814,1.530739281191131
1101,46,attention_fixed_native,0,07055893,1.2046063103351365
1101,46,attention_fixed_native,0,07056000,1.1934591174928484
1101,46,attention_fixed_native,0,07056515,1.2078912138626758
1101,46,attention_fixed_native,0,07060710,0.4956248601521107
1101,46,attention_fixed_native,0,07061600,0.5616958450140275
1101,46,attention_fixed_native,0,07065495,0.7268173156028802
1101,46,attention_historical_integrated,0,07048600,1.1022625150500773
1101,46,attention_historical_integrated,0,07048700,1.1427646487735421
1101,46,attention_historical_integrated,0,07048780,2.0373465953010665
1101,46,attention_historical_integrated,0,07048800,1.4808496538362945
1101,46,attention_historical_integrated,0,07049000,1.2813501019741365
1101,46,attention_historical_integrated,0,07049050,1.3339316437375914
1101,46,attention_historical_integrated,0,07049160,0.4780313686946931
1101,46,attention_historical_integrated,0,07050500,0.9968553369033608
1101,46,attention_historical_integrated,0,07053250,1.582358183170393
1101,46,attention_historical_integrated,0,07055646,1.314716959730712
1101,46,attention_historical_integrated,0,07055814,1.5322642506035382
1101,46,attention_historical_integrated,0,07055893,1.285645960751845
1101,46,attention_historical_integrated,0,07056000,1.2084256466242336
1101,46,attention_historical_integrated,0,07056515,1.2848809900085314
1101,46,attention_historical_integrated,0,07060710,0.5269978687033094
1101,46,attention_historical_integrated,0,07061600,0.5731061307734857
1101,46,attention_historical_integrated,0,07065495,0.7515781510310131
1101,46,attention_historical_native,0,07048600,1.0904127119534452
1101,46,attention_historical_native,0,07048700,1.127393711377198
1101,46,attention_historical_native,0,07048780,1.9889578241777552
1101,46,attention_historical_native,0,07048800,1.4524217585119399
1101,46,attention_historical_native,0,07049000,1.2434809455083349
1101,46,attention_historical_native,0,07049050,1.3184439989333356
1101,46,attention_historical_native,0,07049160,0.49282203286708437
1101,46,attention_historical_native,0,07050500,1.0122184428692107
1101,46,attention_historical_native,0,07053250,1.6445084985588767
1101,46,attention_historical_native,0,07055646,1.2409869580334405
1101,46,attention_historical_native,0,07055814,1.5490051424639426
1101,46,attention_historical_native,0,07055893,1.1946380394770078
1101,46,attention_historical_native,0,07056000,1.1786113388462789
1101,46,attention_historical_native,0,07056515,1.2087305320672534
1101,46,attention_historical_native,0,07060710,0.4885311048811209
1101,46,attention_historical_native,0,07061600,0.5042215298616654
1101,46,attention_historical_native,0,07065495,0.7180479239090954
1101,46,attention_real_integrated,0,07048600,1.1088780552065733
1101,46,attention_real_integrated,0,07048700,1.1645551695350655
1101,46,attention_real_integrated,0,07048780,2.078132251927132
1101,46,attention_real_integrated,0,07048800,1.5274619426110265
1101,46,attention_real_integrated,0,07049000,1.3488845009740809
1101,46,attention_real_integrated,0,07049050,1.3701188056315399
1101,46,attention_real_integrated,0,07049160,0.4763624191646979
1101,46,attention_real_integrated,0,07050500,0.9358970117469968
1101,46,attention_real_integrated,0,07053250,1.5810054972032654
1101,46,attention_real_integrated,0,07055646,1.4829095004626915
1101,46,attention_real_integrated,0,07055814,1.5446725948883009
1101,46,attention_real_integrated,0,07055893,1.438415406892
1101,46,attention_real_integrated,0,07056000,1.2641467474061217
1101,46,attention_real_integrated,0,07056515,1.3784222489123408
1101,46,attention_real_integrated,0,07060710,0.7720583386875943
1101,46,attention_real_integrated,0,07061600,0.7470201193686932
1101,46,attention_real_integrated,0,07065495,0.8246383946258067
1101,46,attention_real_native,0,07048600,1.0961914490620597
1101,46,attention_real_native,0,07048700,1.151879282794407
1101,46,attention_real_native,0,07048780,2.0433386996791767
1101,46,attention_real_native,0,07048800,1.5068555618840946
1101,46,attention_real_native,0,07049000,1.3277087730322796
1101,46,attention_real_native,0,07049050,1.3666935481252667
1101,46,attention_real_native,0,07049160,0.4778498173016557
1101,46,attention_real_native,0,07050500,0.9214561044197901
1101,46,attention_real_native,0,07053250,1.637523286681857
1101,46,attention_real_native,0,07055646,1.4652436790094132
1101,46,attention_real_native,0,07055814,1.5468729872100808
1101,46,attention_real_native,0,07055893,1.398330634330548
1101,46,attention_real_native,0,07056000,1.2540571273162477
1101,46,attention_real_native,0,07056515,1.338113049876752
1101,46,attention_real_native,0,07060710,0.7608180289632142
1101,46,attention_real_native,0,07061600,0.7356050381258181
1101,46,attention_real_native,0,07065495,0.8010590786354373
1101,46,current_model,0,07048600,1.1217784890898361
1101,46,current_model,0,07048700,1.0889700950922483
1101,46,current_model,0,07048780,1.9967432488302117
1101,46,current_model,0,07048800,1.5511943284571366
1101,46,current_model,0,07049000,1.4397151014181222
1101,46,current_model,0,07049050,1.4032965282335994
1101,46,current_model,0,07049160,0.4493258785050756
1101,46,current_model,0,07050500,1.0956537763056036
1101,46,current_model,0,07053250,1.5998273657789326
1101,46,current_model,0,07055646,1.2503145504451483
1101,46,current_model,0,07055814,1.7112604437913945
1101,46,current_model,0,07055893,1.2619059648240927
1101,46,current_model,0,07056000,1.242400551351751
1101,46,current_model,0,07056515,1.2288611290209908
1101,46,current_model,0,07060710,0.8413236649677165
1101,46,current_model,0,07061600,0.9534749842500864
1101,46,current_model,0,07065495,1.02032860922612
1101,46,innovation_real_integrated,0,07048600,1.0930713637796083
1101,46,innovation_real_integrated,0,07048700,1.1373936802177242
1101,46,innovation_real_integrated,0,07048780,2.035017270628527
1101,46,innovation_real_integrated,0,07048800,1.4672218246466566
1101,46,innovation_real_integrated,0,07049000,1.2914240969727493
1101,46,innovation_real_integrated,0,07049050,1.339825971030863
1101,46,innovation_real_integrated,0,07049160,0.48049856664326984
1101,46,innovation_real_integrated,0,07050500,0.9923434491819003
1101,46,innovation_real_integrated,0,07053250,1.577847291945736
1101,46,innovation_real_integrated,0,07055646,1.3163476977091448
1101,46,innovation_real_integrated,0,07055814,1.5232733138772065
1101,46,innovation_real_integrated,0,07055893,1.2831422192192807
1101,46,innovation_real_integrated,0,07056000,1.2138287304027593
1101,46,innovation_real_integrated,0,07056515,1.2755929363426803
1101,46,innovation_real_integrated,0,07060710,0.5321322890459046
1101,46,innovation_real_integrated,0,07061600,0.6057283029602577
1101,46,innovation_real_integrated,0,07065495,0.7550033491976695
1101,46,innovation_real_native,0,07048600,1.0786904975625622
1101,46,innovation_real_native,0,07048700,1.1190308967141087
1101,46,innovation_real_native,0,07048780,1.9858520579477028
1101,46,innovation_real_native,0,07048800,1.435300582198952
1101,46,innovation_real_native,0,07049000,1.2634372824491331
1101,46,innovation_real_native,0,07049050,1.3263031019910312
1101,46,innovation_real_native,0,07049160,0.49509136875881204
1101,46,innovation_real_native,0,07050500,0.999769174489095
1101,46,innovation_real_native,0,07053250,1.638493976926001
1101,46,innovation_real_native,0,07055646,1.2431612753380177
1101,46,innovation_real_native,0,07055814,1.5370172268288338
1101,46,innovation_real_native,0,07055893,1.1912997174335889
1101,46,innovation_real_native,0,07056000,1.1861041346681465
1101,46,innovation_real_native,0,07056515,1.2015983873666112
1101,46,innovation_real_native,0,07060710,0.4887192591699192
1101,46,innovation_real_native,0,07061600,0.5472159495812374
1101,46,innovation_real_native,0,07065495,0.7220686216916504
1101,46,innovation_real_trees,0,07048600,1.153405036310619
1101,46,innovation_real_trees,0,07048700,1.1991058283463623
1101,46,innovation_real_trees,0,07048780,2.2097755029662887
1101,46,innovation_real_trees,0,07048800,1.6599394516494455
1101,46,innovation_real_trees,0,07049000,1.4637302619349823
1101,46,innovation_real_trees,0,07049050,1.4029961317814017
1101,46,innovation_real_trees,0,07049160,0.48960138302131573
1101,46,innovation_real_trees,0,07050500,1.0938922708146896
1101,46,innovation_real_trees,0,07053250,2.0116993827506398
1101,46,innovation_real_trees,0,07055646,1.523730307287399
1101,46,innovation_real_trees,0,07055814,1.5682564677019821
1101,46,innovation_real_trees,0,07055893,1.5629530027827254
1101,46,innovation_real_trees,0,07056000,1.511372531037406
1101,46,innovation_real_trees,0,07056515,1.4739598690155424
1101,46,innovation_real_trees,0,07060710,1.024383468641676
1101,46,innovation_real_trees,0,07061600,1.1547839031924394
1101,46,innovation_real_trees,0,07065495,1.158379045064009
1101,46,level_fixed_integrated,0,07048600,1.1044228851340279
1101,46,level_fixed_integrated,0,07048700,1.1599479866534388
1101,46,level_fixed_integrated,0,07048780,2.078885101356377
1101,46,level_fixed_integrated,0,07048800,1.5252357793183735
1101,46,level_fixed_integrated,0,07049000,1.3331663529150326
1101,46,level_fixed_integrated,0,07049050,1.3825573201038897
1101,46,level_fixed_integrated,0,07049160,0.46225467621996896
1101,46,level_fixed_integrated,0,07050500,0.9209062604044701
1101,46,level_fixed_integrated,0,07053250,1.5154471102176728
1101,46,level_fixed_integrated,0,07055646,1.4145999192020624
1101,46,level_fixed_integrated,0,07055814,1.5480391566810918
1101,46,level_fixed_integrated,0,07055893,1.4105759809407576
1101,46,level_fixed_integrated,0,07056000,1.2220209295173248
1101,46,level_fixed_integrated,0,07056515,1.3556275987665345
1101,46,level_fixed_integrated,0,07060710,0.7075033021464311
1101,46,level_fixed_integrated,0,07061600,0.676421918473801
1101,46,level_fixed_integrated,0,07065495,0.7884602942847254
1101,46,level_fixed_native,0,07048600,1.0895336950365022
1101,46,level_fixed_native,0,07048700,1.145268632706986
1101,46,level_fixed_native,0,07048780,2.0443424989181698
1101,46,level_fixed_native,0,07048800,1.5047969128006946
1101,46,level_fixed_native,0,07049000,1.308976009389695
1101,46,level_fixed_native,0,07049050,1.3832782340883998
1101,46,level_fixed_native,0,07049160,0.4616352176717162
1101,46,level_fixed_native,0,07050500,0.9014684359630877
1101,46,level_fixed_native,0,07053250,1.5493011982384473
1101,46,level_fixed_native,0,07055646,1.3741642373285743
1101,46,level_fixed_native,0,07055814,1.5513617362671355
1101,46,level_fixed_native,0,07055893,1.3612113997288915
1101,46,level_fixed_native,0,07056000,1.197907286951525
1101,46,level_fixed_native,0,07056515,1.3077201830156766
1101,46,level_fixed_native,0,07060710,0.6763879904784972
1101,46,level_fixed_native,0,07061600,0.6414741035992951
1101,46,level_fixed_native,0,07065495,0.7619130032061058
1101,46,level_historical_integrated,0,07048600,1.1518272579813782
1101,46,level_historical_integrated,0,07048700,1.204095336194258
1101,46,level_historical_integrated,0,07048780,2.14407356361289
1101,46,level_historical_integrated,0,07048800,1.5835984025670364
1101,46,level_historical_integrated,0,07049000,1.4165676031318628
1101,46,level_historical_integrated,0,07049050,1.3915724397047493
1101,46,level_historical_integrated,0,07049160,0.484053853602553
1101,46,level_historical_integrated,0,07050500,1.051963165455398
1101,46,level_historical_integrated,0,07053250,1.6445100485826758
1101,46,level_historical_integrated,0,07055646,1.5076689039272637
1101,46,level_historical_integrated,0,07055814,1.5301454609754246
1101,46,level_historical_integrated,0,07055893,1.5251598116125387
1101,46,level_historical_integrated,0,07056000,1.3148949660800928
1101,46,level_historical_integrated,0,07056515,1.4596091226007473
1101,46,level_historical_integrated,0,07060710,0.765340637918746
1101,46,level_historical_integrated,0,07061600,0.7769794643353922
1101,46,level_historical_integrated,0,07065495,0.9094429957931561
1101,46,level_historical_native,0,07048600,1.149730221753306
1101,46,level_historical_native,0,07048700,1.203815663516059
1101,46,level_historical_native,0,07048780,2.1056342185547794
1101,46,level_historical_native,0,07048800,1.572878988123871
1101,46,level_historical_native,0,07049000,1.406467289665375
1101,46,level_historical_native,0,07049050,1.3973790503207366
1101,46,level_historical_native,0,07049160,0.49003028889163586
1101,46,level_historical_native,0,07050500,1.1365338480088614
1101,46,level_historical_native,0,07053250,1.8958551851468588
1101,46,level_historical_native,0,07055646,1.4794308430320005
1101,46,level_historical_native,0,07055814,1.522219504027889
1101,46,level_historical_native,0,07055893,1.4916498986487212
1101,46,level_historical_native,0,07056000,1.330762772519404
1101,46,level_historical_native,0,07056515,1.404588035704925
1101,46,level_historical_native,0,07060710,0.7244949189066436
1101,46,level_historical_native,0,07061600,0.7726935655734656
1101,46,level_historical_native,0,07065495,0.9021444001661845
1101,46,level_real_integrated,0,07048600,1.1364521819787394
1101,46,level_real_integrated,0,07048700,1.1382939972624342
1101,46,level_real_integrated,0,07048780,2.0721882215527234
1101,46,level_real_integrated,0,07048800,1.506119456771402
1101,46,level_real_integrated,0,07049000,1.3627089857815253
1101,46,level_real_integrated,0,07049050,1.375171211810408
1101,46,level_real_integrated,0,07049160,0.47095562879011693
1101,46,level_real_integrated,0,07050500,1.084964082551807
1101,46,level_real_integrated,0,07053250,1.6183275460557272
1101,46,level_real_integrated,0,07055646,1.3519292473986095
1101,46,level_real_integrated,0,07055814,1.5389253155497622
1101,46,level_real_integrated,0,07055893,1.4146228135013192
1101,46,level_real_integrated,0,07056000,1.194361035361749
1101,46,level_real_integrated,0,07056515,1.3471450591360394
1101,46,level_real_integrated,0,07060710,0.5920055931188491
1101,46,level_real_integrated,0,07061600,0.6054180467471226
1101,46,level_real_integrated,0,07065495,0.7768197191229854
1101,46,level_real_native,0,07048600,1.1392658859949527
1101,46,level_real_native,0,07048700,1.1192063512351849
1101,46,level_real_native,0,07048780,2.0354133258466316
1101,46,level_real_native,0,07048800,1.4821713460998605
1101,46,level_real_native,0,07049000,1.3567392235103277
1101,46,level_real_native,0,07049050,1.3734300896970912
1101,46,level_real_native,0,07049160,0.4794129751512815
1101,46,level_real_native,0,07050500,1.1358093826540407
1101,46,level_real_native,0,07053250,1.6936911799698127
1101,46,level_real_native,0,07055646,1.2947772191720028
1101,46,level_real_native,0,07055814,1.5466738930480681
1101,46,level_real_native,0,07055893,1.3666071764763068
1101,46,level_real_native,0,07056000,1.160676675143319
1101,46,level_real_native,0,07056515,1.2995331790576357
1101,46,level_real_native,0,07060710,0.5474287007788088
1101,46,level_real_native,0,07061600,0.5546591557715161
1101,46,level_real_native,0,07065495,0.7740875664401965
1101,46,level_seasonal_integrated,0,07048600,1.1169417620921518
1101,46,level_seasonal_integrated,0,07048700,1.1387235238140152
1101,46,level_seasonal_integrated,0,07048780,2.0606455261284746
1101,46,level_seasonal_integrated,0,07048800,1.4925599251741417
1101,46,level_seasonal_integrated,0,07049000,1.3376215681088284
1101,46,level_seasonal_integrated,0,07049050,1.3658316375718798
1101,46,level_seasonal_integrated,0,07049160,0.4799674017457132
1101,46,level_seasonal_integrated,0,07050500,1.048551392781203
1101,46,level_seasonal_integrated,0,07053250,1.5753398803084877
1101,46,level_seasonal_integrated,0,07055646,1.3128175765934682
1101,46,level_seasonal_integrated,0,07055814,1.54668184604326
1101,46,level_seasonal_integrated,0,07055893,1.3603393275206148
1101,46,level_seasonal_integrated,0,07056000,1.179254474201487
1101,46,level_seasonal_integrated,0,07056515,1.3183311381277805
1101,46,level_seasonal_integrated,0,07060710,0.5832928374725106
1101,46,level_seasonal_integrated,0,07061600,0.5845319294651096
1101,46,level_seasonal_integrated,0,07065495,0.7859056252135527
1101,46,level_seasonal_native,0,07048600,1.1146722407124912
1101,46,level_seasonal_native,0,07048700,1.1185639148966817
1101,46,level_seasonal_native,0,07048780,2.020023065280966
1101,46,level_seasonal_native,0,07048800,1.4646362516830458
1101,46,level_seasonal_native,0,07049000,1.3233299803062237
1101,46,level_seasonal_native,0,07049050,1.36097732404572
1101,46,level_seasonal_native,0,07049160,0.4894324216985183
1101,46,level_seasonal_native,0,07050500,1.080315366408228
1101,46,level_seasonal_native,0,07053250,1.6351507614096696
1101,46,level_seasonal_native,0,07055646,1.2426283247651477
1101,46,level_seasonal_native,0,07055814,1.5580730578439437
1101,46,level_seasonal_native,0,07055893,1.294229195168701
1101,46,level_seasonal_native,0,07056000,1.140885346530408
1101,46,level_seasonal_native,0,07056515,1.2583973522917213
1101,46,level_seasonal_native,0,07060710,0.538589205346168
1101,46,level_seasonal_native,0,07061600,0.5306575507185768
1101,46,level_seasonal_native,0,07065495,0.786888749273491
1101,46,matched_daily_trees,0,07048600,1.1725261942440737
1101,46,matched_daily_trees,0,07048700,1.241510287589564
1101,46,matched_daily_trees,0,07048780,2.3301270151450106
1101,46,matched_daily_trees,0,07048800,1.7635781404753927
1101,46,matched_daily_trees,0,07049000,1.6330315812304277
1101,46,matched_daily_trees,0,07049050,1.4905450362898451
1101,46,matched_daily_trees,0,07049160,0.5590127700168508
1101,46,matched_daily_trees,0,07050500,1.1901629746955202
1101,46,matched_daily_trees,0,07053250,2.2091489331986387
1101,46,matched_daily_trees,0,07055646,1.6039528167039305
1101,46,matched_daily_trees,0,07055814,1.5847883437364243
1101,46,matched_daily_trees,0,07055893,1.7918727070074965
1101,46,matched_daily_trees,0,07056000,1.6163385690087388
1101,46,matched_daily_trees,0,07056515,1.6375918039588069
1101,46,matched_daily_trees,0,07060710,1.2159991362858615
1101,46,matched_daily_trees,0,07061600,1.1645366294186943
1101,46,matched_daily_trees,0,07065495,1.1894853922641175
1101,46,relative_fixed_integrated,0,07048600,1.0994106906154137
1101,46,relative_fixed_integrated,0,07048700,1.1421452077427527
1101,46,relative_fixed_integrated,0,07048780,2.0449804165887695
1101,46,relative_fixed_integrated,0,07048800,1.4749973554012452
1101,46,relative_fixed_integrated,0,07049000,1.301778256193774
1101,46,relative_fixed_integrated,0,07049050,1.3511565908091854
1101,46,relative_fixed_integrated,0,07049160,0.47842090532279324
1101,46,relative_fixed_integrated,0,07050500,1.0094086583579063
1101,46,relative_fixed_integrated,0,07053250,1.5871465242280889
1101,46,relative_fixed_integrated,0,07055646,1.321549906554356
1101,46,relative_fixed_integrated,0,07055814,1.5205897168191487
1101,46,relative_fixed_integrated,0,07055893,1.2885350400264546
1101,46,relative_fixed_integrated,0,07056000,1.2221111117087204
1101,46,relative_fixed_integrated,0,07056515,1.278180658574513
1101,46,relative_fixed_integrated,0,07060710,0.5338056536688119
1101,46,relative_fixed_integrated,0,07061600,0.6071948690361391
1101,46,relative_fixed_integrated,0,07065495,0.7587107072575204
1101,46,relative_fixed_native,0,07048600,1.0876890018932683
1101,46,relative_fixed_native,0,07048700,1.1279386270540892
1101,46,relative_fixed_native,0,07048780,1.9991362525613594
1101,46,relative_fixed_native,0,07048800,1.4429734414157243
1101,46,relative_fixed_native,0,07049000,1.2779630585327693
1101,46,relative_fixed_native,0,07049050,1.341410595028794
1101,46,relative_fixed_native,0,07049160,0.49132070496994823
1101,46,relative_fixed_native,0,07050500,1.019471633234336
1101,46,relative_fixed_native,0,07053250,1.6508929533024712
1101,46,relative_fixed_native,0,07055646,1.2500975537982988
1101,46,relative_fixed_native,0,07055814,1.53343909741809
1101,46,relative_fixed_native,0,07055893,1.1984901451764873
1101,46,relative_fixed_native,0,07056000,1.1966562635408413
1101,46,relative_fixed_native,0,07056515,1.2044575960929815
1101,46,relative_fixed_native,0,07060710,0.4863728713777284
1101,46,relative_fixed_native,0,07061600,0.5491713710157459
1101,46,relative_fixed_native,0,07065495,0.7246600375963362
1101,46,relative_historical_integrated,0,07048600,1.1097125978209113
1101,46,relative_historical_integrated,0,07048700,1.1440711947064095
1101,46,relative_historical_integrated,0,07048780,2.0381133996076843
1101,46,relative_historical_integrated,0,07048800,1.48695596761997
1101,46,relative_historical_integrated,0,07049000,1.2867408528842421
1101,46,relative_historical_integrated,0,07049050,1.329891005671735
1101,46,relative_historical_integrated,0,07049160,0.4772853030387717
1101,46,relative_historical_integrated,0,07050500,1.0068157721057702
1101,46,relative_historical_integrated,0,07053250,1.5934330887831738
1101,46,relative_historical_integrated,0,07055646,1.3336185052684808
1101,46,relative_historical_integrated,0,07055814,1.5340619162591511
1101,46,relative_historical_integrated,0,07055893,1.3069361084289088
1101,46,relative_historical_integrated,0,07056000,1.2137968556425582
1101,46,relative_historical_integrated,0,07056515,1.294769238436419
1101,46,relative_historical_integrated,0,07060710,0.5384695219399734
1101,46,relative_historical_integrated,0,07061600,0.5802323546902944
1101,46,relative_historical_integrated,0,07065495,0.7571702613838556
1101,46,relative_historical_native,0,07048600,1.1028946883948472
1101,46,relative_historical_native,0,07048700,1.127119514353298
1101,46,relative_historical_native,0,07048780,1.9899802299199123
1101,46,relative_historical_native,0,07048800,1.4613361960742506
1101,46,relative_historical_native,0,07049000,1.2515574785193297
1101,46,relative_historical_native,0,07049050,1.3130564815121937
1101,46,relative_historical_native,0,07049160,0.49024325641095884
1101,46,relative_historical_native,0,07050500,1.0273393766650083
1101,46,relative_historical_native,0,07053250,1.6601891477047341
1101,46,relative_historical_native,0,07055646,1.2661890187504654
1101,46,relative_historical_native,0,07055814,1.55140203000476
1101,46,relative_historical_native,0,07055893,1.2230249030464264
1101,46,relative_historical_native,0,07056000,1.1860689624378276
1101,46,relative_historical_native,0,07056515,1.2219148633044368
1101,46,relative_historical_native,0,07060710,0.49925301829806795
1101,46,relative_historical_native,0,07061600,0.5146447389659383
1101,46,relative_historical_native,0,07065495,0.7223014071284031
1101,46,relative_real_integrated,0,07048600,1.1073677285887296
1101,46,relative_real_integrated,0,07048700,1.1388025378361082
1101,46,relative_real_integrated,0,07048780,2.066916463389556
1101,46,relative_real_integrated,0,07048800,1.4821115656113442
1101,46,relative_real_integrated,0,07049000,1.3160439554950356
1101,46,relative_real_integrated,0,07049050,1.3520909762203026
1101,46,relative_real_integrated,0,07049160,0.47986329766672914
1101,46,relative_real_integrated,0,07050500,1.0267853848190311
1101,46,relative_real_integrated,0,07053250,1.6077660457239364
1101,46,relative_real_integrated,0,07055646,1.3185942826519754
1101,46,relative_real_integrated,0,07055814,1.527293039944988
1101,46,relative_real_integrated,0,07055893,1.2897601740350186
1101,46,relative_real_integrated,0,07056000,1.2274235655690768
1101,46,relative_real_integrated,0,07056515,1.294092839946336
1101,46,relative_real_integrated,0,07060710,0.5280359720223922
1101,46,relative_real_integrated,0,07061600,0.6018097762660791
1101,46,relative_real_integrated,0,07065495,0.7573026322498851
1101,46,relative_real_native,0,07048600,1.1029858230978298
1101,46,relative_real_native,0,07048700,1.1238545643067983
1101,46,relative_real_native,0,07048780,2.028384314962408
1101,46,relative_real_native,0,07048800,1.452538205144139
1101,46,relative_real_native,0,07049000,1.2940920609668258
1101,46,relative_real_native,0,07049050,1.3426564422436171
1101,46,relative_real_native,0,07049160,0.49335665816466395
1101,46,relative_real_native,0,07050500,1.0426406018491692
1101,46,relative_real_native,0,07053250,1.6778146588154754
1101,46,relative_real_native,0,07055646,1.2461567219284582
1101,46,relative_real_native,0,07055814,1.5423768615858757
1101,46,relative_real_native,0,07055893,1.2001236571879061
1101,46,relative_real_native,0,07056000,1.203530903748383
1101,46,relative_real_native,0,07056515,1.2256738379220786
1101,46,relative_real_native,0,07060710,0.46997046530434206
1101,46,relative_real_native,0,07061600,0.5419912473223326
1101,46,relative_real_native,0,07065495,0.7212479554091089
1101,46,station_hidden_trees,0,07048600,1.193103936507052
1101,46,station_hidden_trees,0,07048700,1.2550389465101452
1101,46,station_hidden_trees,0,07048780,2.214813179599137
1101,46,station_hidden_trees,0,07048800,1.6722818168833202
1101,46,station_hidden_trees,0,07049000,1.5191636561863247
1101,46,station_hidden_trees,0,07049050,1.4320761431586586
1101,46,station_hidden_trees,0,07049160,0.5282151868402537
1101,46,station_hidden_trees,0,07050500,1.1230076703327878
1101,46,station_hidden_trees,0,07053250,1.9376676671137167
1101,46,station_hidden_trees,0,07055646,1.7200674495996728
1101,46,station_hidden_trees,0,07055814,1.5318066205673673
1101,46,station_hidden_trees,0,07055893,1.6623635284551355
1101,46,station_hidden_trees,0,07056000,1.4783009707673043
1101,46,station_hidden_trees,0,07056515,1.5632584160066603
1101,46,station_hidden_trees,0,07060710,1.0435140677368522
1101,46,station_hidden_trees,0,07061600,1.0544436179129666
1101,46,station_hidden_trees,0,07065495,1.1062614644549265
1101,46,unmonitored_integrated,0,07048600,1.0939937052058937
1101,46,unmonitored_integrated,0,07048700,1.1316066661913409
1101,46,unmonitored_integrated,0,07048780,2.039417711570903
1101,46,unmonitored_integrated,0,07048800,1.4815536783006522
1101,46,unmonitored_integrated,0,07049000,1.2880046240797114
1101,46,unmonitored_integrated,0,07049050,1.3268084429478497
1101,46,unmonitored_integrated,0,07049160,0.4815081721727136
1101,46,unmonitored_integrated,0,07050500,0.9385773203309005
1101,46,unmonitored_integrated,0,07053250,1.541353393861463
1101,46,unmonitored_integrated,0,07055646,1.2553432001991631
1101,46,unmonitored_integrated,0,07055814,1.5469390452774578
1101,46,unmonitored_integrated,0,07055893,1.2934662619753912
1101,46,unmonitored_integrated,0,07056000,1.1651395813963423
1101,46,unmonitored_integrated,0,07056515,1.280141168492554
1101,46,unmonitored_integrated,0,07060710,0.48421856345446546
1101,46,unmonitored_integrated,0,07061600,0.5255470327433556
1101,46,unmonitored_integrated,0,07065495,0.7371527215017971
1101,46,unmonitored_residual,0,07048600,1.0772659260164035
1101,46,unmonitored_residual,0,07048700,1.111487821438038
1101,46,unmonitored_residual,0,07048780,1.9917193125375374
1101,46,unmonitored_residual,0,07048800,1.4536247144936565
1101,46,unmonitored_residual,0,07049000,1.2505734614034012
1101,46,unmonitored_residual,0,07049050,1.3089463978803466
1101,46,unmonitored_residual,0,07049160,0.49660539773650664
1101,46,unmonitored_residual,0,07050500,0.9347717748754479
1101,46,unmonitored_residual,0,07053250,1.5905055487420647
1101,46,unmonitored_residual,0,07055646,1.1618219453247085
1101,46,unmonitored_residual,0,07055814,1.5685715353625023
1101,46,unmonitored_residual,0,07055893,1.2050651077750694
1101,46,unmonitored_residual,0,07056000,1.120694223124337
1101,46,unmonitored_residual,0,07056515,1.2024107700459503
1101,46,unmonitored_residual,0,07060710,0.45508014019831805
1101,46,unmonitored_residual,0,07061600,0.4448389162279023
1101,46,unmonitored_residual,0,07065495,0.7095770358538223
