split_seed,seed,model_name,k,daily_availability,n_query_cells,n_stations,n_q90_cells,n_nontail_cells,mae,rmse,log_mae,signed_bias,q90_mae,nontail_mae,q90_unstable
142,42,availability_constant,0,all_three_valid,3146,56,327,2819,1.9187201147898514,4.467896508634103,0.2993836373908182,-0.5334724938547449,8.416166563863964,1.1650255462026806,False
142,42,availability_constant,0,not_all_three_valid,829,27,25,804,1.1106050240288392,1.9025378545768588,0.22089351741129343,-0.33505428805071485,7.488751526468707,0.9122795730823257,False
142,42,availability_constant,5,all_three_valid,3146,56,327,2819,1.6794358080647085,4.021603028417028,0.2565924596979717,-0.4990263478217165,7.514599925143682,1.0025650502481696,False
142,42,availability_constant,5,not_all_three_valid,829,27,25,804,1.0331380705197963,1.7861545980121594,0.203248285341861,-0.1666603416112164,7.242722564413332,0.8400539755604202,False
142,42,availability_gru_tuned_anchor,0,all_three_valid,3146,56,327,2819,1.9187201147898514,4.467896508634103,0.2993836373908182,-0.5334724938547449,8.416166563863964,1.1650255462026806,False
142,42,availability_gru_tuned_anchor,0,not_all_three_valid,829,27,25,804,1.1106050240288392,1.9025378545768588,0.22089351741129343,-0.33505428805071485,7.488751526468707,0.9122795730823257,False
142,42,availability_gru_tuned_anchor,5,all_three_valid,3146,56,327,2819,1.675274319430405,4.00648469230266,0.2558611789552222,-0.4947810549706778,7.489709061837434,1.0008081396620125,False
142,42,availability_gru_tuned_anchor,5,not_all_three_valid,829,27,25,804,1.0319019451278568,1.7857792139433493,0.202911150704112,-0.16892633332298104,7.25032886498351,0.838542899112445,False
142,42,availability_integrated_constant,0,all_three_valid,3146,56,327,2819,1.9187201147898514,4.467896508634103,0.2993836373908182,-0.5334724938547449,8.416166563863964,1.1650255462026806,False
142,42,availability_integrated_constant,0,not_all_three_valid,829,27,25,804,1.1106050240288392,1.9025378545768588,0.22089351741129343,-0.33505428805071485,7.488751526468707,0.9122795730823257,False
142,42,availability_integrated_constant,5,all_three_valid,3146,56,327,2819,1.6794358080647085,4.021603028417028,0.2565924596979717,-0.4990263478217165,7.514599925143682,1.0025650502481696,False
142,42,availability_integrated_constant,5,not_all_three_valid,829,27,25,804,1.0331380705197963,1.7861545980121594,0.203248285341861,-0.1666603416112164,7.242722564413332,0.8400539755604202,False
142,42,availability_integrated_gru_tuned_anchor,0,all_three_valid,3146,56,327,2819,1.9187201147898514,4.467896508634103,0.2993836373908182,-0.5334724938547449,8.416166563863964,1.1650255462026806,False
142,42,availability_integrated_gru_tuned_anchor,0,not_all_three_valid,829,27,25,804,1.1106050240288392,1.9025378545768588,0.22089351741129343,-0.33505428805071485,7.488751526468707,0.9122795730823257,False
142,42,availability_integrated_gru_tuned_anchor,5,all_three_valid,3146,56,327,2819,1.6305407746580578,3.804316767929226,0.24606342680290721,-0.4071751817684512,7.245698559678743,0.9791904391838595,False
142,42,availability_integrated_gru_tuned_anchor,5,not_all_three_valid,829,27,25,804,1.0499507882247339,1.7719297833317798,0.2064277298064165,-0.0711838245528312,7.13010697155516,0.860891205409733,False
142,42,context_constant,0,all_three_valid,3146,56,327,2819,2.1835608496912493,4.776097438993675,0.33791964502536137,-0.3082518516417038,9.254299288490982,1.3633652237644975,False
142,42,context_constant,0,not_all_three_valid,829,27,25,804,1.2361602670583265,1.9879691963166797,0.24826099871575866,-0.08364924647575041,7.450877783292246,1.0429165631953317,False
142,42,context_constant,5,all_three_valid,3146,56,327,2819,1.7033360893101426,3.9355098278728216,0.25584581048532556,-0.3903671566635088,7.497390870159705,1.0312339561644148,False
142,42,context_constant,5,not_all_three_valid,829,27,25,804,1.0893431876499013,1.7804055891800157,0.21713458839381744,0.007859301193248347,6.992637494885563,0.9057830412806331,False
142,42,context_gru_tuned_anchor,0,all_three_valid,3146,56,327,2819,2.1835608496912493,4.776097438993675,0.33791964502536137,-0.3082518516417038,9.254299288490982,1.3633652237644975,False
142,42,context_gru_tuned_anchor,0,not_all_three_valid,829,27,25,804,1.2361602670583265,1.9879691963166797,0.24826099871575866,-0.08364924647575041,7.450877783292246,1.0429165631953317,False
142,42,context_gru_tuned_anchor,5,all_three_valid,3146,56,327,2819,1.693140420112613,3.870190820190577,0.25479110542753053,-0.36560834100904144,7.407654284717785,1.0302649203872167,False
142,42,context_gru_tuned_anchor,5,not_all_three_valid,829,27,25,804,1.0819900391112511,1.779006307135012,0.21516842441888234,-0.006171562091212138,7.0564068955656305,0.8962183706891623,False
142,42,daily_constant,0,all_three_valid,3146,56,327,2819,1.934070013266471,4.466919046257045,0.3254847491201266,-0.5386578952336131,8.392972748763222,1.1848464607629454,False
142,42,daily_constant,0,not_all_three_valid,829,27,25,804,1.14705266564919,1.968718972947513,0.23204557849290997,-0.4842646400879023,7.710795036548091,0.942956198892383,False
142,42,daily_constant,5,all_three_valid,3146,56,327,2819,1.6862539416688302,4.017307930376468,0.2686827414204758,-0.47231231298373855,7.435234251407105,1.0193803832139114,False
142,42,daily_constant,5,not_all_three_valid,829,27,25,804,1.0373530168056977,1.8071708827662711,0.2053183109307332,-0.24416005163190008,7.330149194225262,0.8416814938759849,False
142,42,daily_gru_tuned_anchor,0,all_three_valid,3146,56,327,2819,1.934070013266471,4.466919046257045,0.3254847491201266,-0.5386578952336131,8.392972748763222,1.1848464607629454,False
142,42,daily_gru_tuned_anchor,0,not_all_three_valid,829,27,25,804,1.14705266564919,1.968718972947513,0.23204557849290997,-0.4842646400879023,7.710795036548091,0.942956198892383,False
142,42,daily_gru_tuned_anchor,5,all_three_valid,3146,56,327,2819,1.682477445601964,4.001398881987935,0.2681352389999109,-0.4679618468803721,7.4115712304961665,1.0179106958111148,False
142,42,daily_gru_tuned_anchor,5,not_all_three_valid,829,27,25,804,1.0364320031015375,1.8074452333598554,0.20506847955676177,-0.24681653191656855,7.341992531651316,0.8403635787063328,False
142,42,daily_integrated_constant,0,all_three_valid,3146,56,327,2819,1.934070013266471,4.466919046257045,0.3254847491201266,-0.5386578952336131,8.392972748763222,1.1848464607629454,False
142,42,daily_integrated_constant,0,not_all_three_valid,829,27,25,804,1.14705266564919,1.968718972947513,0.23204557849290997,-0.4842646400879023,7.710795036548091,0.942956198892383,False
142,42,daily_integrated_constant,5,all_three_valid,3146,56,327,2819,1.6417330675016908,3.881204926019339,0.24703783212532063,-0.4185896959144432,7.3381507584935255,0.9809566982380055,False
142,42,daily_integrated_constant,5,not_all_three_valid,829,27,25,804,1.06085399155991,1.7758803120054296,0.21020822316139734,-0.06524057866511072,7.058062025906761,0.8743736422332046,False
142,42,daily_integrated_gru_tuned_anchor,0,all_three_valid,3146,56,327,2819,1.934070013266471,4.466919046257045,0.3254847491201266,-0.5386578952336131,8.392972748763222,1.1848464607629454,False
142,42,daily_integrated_gru_tuned_anchor,0,not_all_three_valid,829,27,25,804,1.14705266564919,1.968718972947513,0.23204557849290997,-0.4842646400879023,7.710795036548091,0.942956198892383,False
142,42,daily_integrated_gru_tuned_anchor,5,all_three_valid,3146,56,327,2819,1.6198990870270331,3.792828497317903,0.2461785385688813,-0.378611425045226,7.178381019439766,0.9751230700355596,False
142,42,daily_integrated_gru_tuned_anchor,5,not_all_three_valid,829,27,25,804,1.0513541576150185,1.7789088021514878,0.2073659298983,-0.10033400432448229,7.156110985439016,0.8615296293866606,False
142,42,monthly_constant,0,all_three_valid,3146,56,327,2819,1.9276502028931706,4.474010283098463,0.29882683864180065,-0.5066584529628289,8.437524698260505,1.1725139985706738,False
142,42,monthly_constant,0,not_all_three_valid,829,27,25,804,1.121679364761371,1.898593624305655,0.22358187923949904,-0.2881090656185818,7.416357753717614,0.9259493153535274,False
142,42,monthly_constant,5,all_three_valid,3146,56,327,2819,1.6864757750618429,4.022206830368991,0.25702154713373465,-0.48464605123883153,7.521457325608529,1.0096261947039977,False
142,42,monthly_constant,5,not_all_three_valid,829,27,25,804,1.0386713740675944,1.7817497539592575,0.20481767101748427,-0.14213342286480077,7.190378210570845,0.8473869575096576,False
142,42,monthly_gru_tuned_anchor,0,all_three_valid,3146,56,327,2819,1.9276502028931706,4.474010283098463,0.29882683864180065,-0.5066584529628289,8.437524698260505,1.1725139985706738,False
142,42,monthly_gru_tuned_anchor,0,not_all_three_valid,829,27,25,804,1.121679364761371,1.898593624305655,0.22358187923949904,-0.2881090656185818,7.416357753717614,0.9259493153535274,False
142,42,monthly_gru_tuned_anchor,5,all_three_valid,3146,56,327,2819,1.6276470050618075,3.7892528020029004,0.24799610548299034,-0.4048891809247131,7.204552884117818,0.9807338364022419,False
142,42,monthly_gru_tuned_anchor,5,not_all_three_valid,829,27,25,804,1.0492275165227276,1.7713478448244164,0.2058899339243003,-0.06634538620259078,7.109161180813251,0.8607967433793656,False
142,42,monthly_integrated_constant,0,all_three_valid,3146,56,327,2819,1.9276502028931706,4.474010283098463,0.29882683864180065,-0.5066584529628289,8.437524698260505,1.1725139985706738,False
142,42,monthly_integrated_constant,0,not_all_three_valid,829,27,25,804,1.121679364761371,1.898593624305655,0.22358187923949904,-0.2881090656185818,7.416357753717614,0.9259493153535274,False
142,42,monthly_integrated_constant,5,all_three_valid,3146,56,327,2819,1.646338455835251,3.8714325562506087,0.24935813126562922,-0.43351149812816336,7.330362946973169,0.9869996801693768,False
142,42,monthly_integrated_constant,5,not_all_three_valid,829,27,25,804,1.0603522352661396,1.7710989040923117,0.2091602343817886,-0.04461451478440254,7.0401018367029735,0.8744147476592729,False
142,42,monthly_integrated_gru_tuned_anchor,0,all_three_valid,3146,56,327,2819,1.9276502028931706,4.474010283098463,0.29882683864180065,-0.5066584529628289,8.437524698260505,1.1725139985706738,False
142,42,monthly_integrated_gru_tuned_anchor,0,not_all_three_valid,829,27,25,804,1.121679364761371,1.898593624305655,0.22358187923949904,-0.2881090656185818,7.416357753717614,0.9259493153535274,False
142,42,monthly_integrated_gru_tuned_anchor,5,all_three_valid,3146,56,327,2819,1.6336428109483612,3.8041560760387196,0.2463958769989211,-0.4026690487981793,7.247315744789948,0.9824647161040193,False
142,42,monthly_integrated_gru_tuned_anchor,5,not_all_three_valid,829,27,25,804,1.0526112068646594,1.7704520790598237,0.20713364257490988,-0.06146123518320516,7.104305980462479,0.8644366181333839,False
142,42,prior_ecological_affine_constant,0,all_three_valid,3146,56,327,2819,1.9002852910450734,4.546147955111309,0.2841947234857028,-0.5551537157611575,8.75028047630459,1.1056955693069173,False
142,42,prior_ecological_affine_constant,0,not_all_three_valid,829,27,25,804,1.1986548449419747,1.9312918946013655,0.241198713081151,-0.14648188169533788,7.374892306321573,1.0066076601975842,False
142,42,prior_ecological_affine_constant,5,all_three_valid,3146,56,327,2819,1.6470167045692636,3.8691281004922904,0.253036643752882,-0.43436314043545476,7.3569864129033755,0.9846683205234125,False
142,42,prior_ecological_affine_constant,5,not_all_three_valid,829,27,25,804,1.0779862534586255,1.7780250979078518,0.21342587530907325,-0.021499340873360716,7.041754044225743,0.8925457127009416,False
142,42,prior_ecological_affine_gru_tuned_anchor,0,all_three_valid,3146,56,327,2819,1.9002852910450734,4.546147955111309,0.2841947234857028,-0.5551537157611575,8.75028047630459,1.1056955693069173,False
142,42,prior_ecological_affine_gru_tuned_anchor,0,not_all_three_valid,829,27,25,804,1.1986548449419747,1.9312918946013655,0.241198713081151,-0.14648188169533788,7.374892306321573,1.0066076601975842,False
142,42,prior_ecological_affine_gru_tuned_anchor,5,all_three_valid,3146,56,327,2819,1.6349406011655658,3.80615892503667,0.2490585844798515,-0.403025137160376,7.284042721284193,0.9796527709850795,False
142,42,prior_ecological_affine_gru_tuned_anchor,5,not_all_three_valid,829,27,25,804,1.0701251923752073,1.7759941863828572,0.2112747977816543,-0.03779328878082977,7.092130675742501,0.8828737780913983,False
142,42,prior_encoder_constant,0,all_three_valid,3146,56,327,2819,1.9184083756081245,4.4683586418935235,0.2996398011744151,-0.5377053522115463,8.417159257793735,1.1645624946309359,False
142,42,prior_encoder_constant,0,not_all_three_valid,829,27,25,804,1.1100907295420654,1.9050652596023223,0.22080034210767646,-0.35122358439686135,7.5037947563764575,0.911281524727563,False
142,42,prior_encoder_constant,5,all_three_valid,3146,56,327,2819,1.6794267867225656,4.022008716995162,0.2567882249161557,-0.5001349937670158,7.515399147191796,1.0024622738196076,False
142,42,prior_encoder_constant,5,not_all_three_valid,829,27,25,804,1.031839740317522,1.7870031753509372,0.20292354114209235,-0.17546673465156454,7.252274448254277,0.8384182630806823,False
142,42,prior_encoder_gru_tuned_anchor,0,all_three_valid,3146,56,327,2819,1.9184083756081245,4.4683586418935235,0.2996398011744151,-0.5377053522115463,8.417159257793735,1.1645624946309359,False
142,42,prior_encoder_gru_tuned_anchor,0,not_all_three_valid,829,27,25,804,1.1100907295420654,1.9050652596023223,0.22080034210767646,-0.35122358439686135,7.5037947563764575,0.911281524727563,False
142,42,prior_encoder_gru_tuned_anchor,5,all_three_valid,3146,56,327,2819,1.675229054080186,4.006859596803916,0.25604760879704813,-0.4958801718041485,7.490273932905269,1.0006920993530481,False
142,42,prior_encoder_gru_tuned_anchor,5,not_all_three_valid,829,27,25,804,1.030588934431689,1.7866454560262888,0.20258299067164648,-0.17771633929828393,7.2597957177178865,0.8368946936578645,False
142,42,prior_encoder_integrated_constant,0,all_three_valid,3146,56,327,2819,1.9184083756081245,4.4683586418935235,0.2996398011744151,-0.5377053522115463,8.417159257793735,1.1645624946309359,False
142,42,prior_encoder_integrated_constant,0,not_all_three_valid,829,27,25,804,1.1100907295420654,1.9050652596023223,0.22080034210767646,-0.35122358439686135,7.5037947563764575,0.911281524727563,False
142,42,prior_encoder_integrated_constant,5,all_three_valid,3146,56,327,2819,1.6436748796320642,3.8732440356254907,0.24942021546201576,-0.4386069105420391,7.328796123646812,0.9842088821887078,False
142,42,prior_encoder_integrated_constant,5,not_all_three_valid,829,27,25,804,1.056150386211852,1.7731337756904064,0.20815132235735692,-0.05877063485442668,7.0770891292617275,0.8689321417140324,False
142,42,prior_encoder_integrated_gru_tuned_anchor,0,all_three_valid,3146,56,327,2819,1.9184083756081245,4.4683586418935235,0.2996398011744151,-0.5377053522115463,8.417159257793735,1.1645624946309359,False
142,42,prior_encoder_integrated_gru_tuned_anchor,0,not_all_three_valid,829,27,25,804,1.1100907295420654,1.9050652596023223,0.22080034210767646,-0.35122358439686135,7.5037947563764575,0.911281524727563,False
142,42,prior_encoder_integrated_gru_tuned_anchor,5,all_three_valid,3146,56,327,2819,1.63033905686342,3.804165355283001,0.24613424887748925,-0.40695765885077223,7.244948666410621,0.9790523089663163,False
142,42,prior_encoder_integrated_gru_tuned_anchor,5,not_all_three_valid,829,27,25,804,1.0492514062687086,1.7721342716877089,0.2062587089231925,-0.07477585030266061,7.134551997134626,0.8600318605328281,False
142,43,availability_constant,0,all_three_valid,3146,56,327,2819,1.9702258180479075,4.543614473905818,0.30941925306971985,-0.6167452387363074,8.70009067558563,1.1895710438674056,False
142,43,availability_constant,0,not_all_three_valid,829,27,25,804,1.144252851236327,1.926140124970084,0.22890168451667484,-0.2580962611922495,7.649056147357745,0.9419890671529495,False
142,43,availability_constant,5,all_three_valid,3146,56,327,2819,1.6450578413413555,3.872719605225908,0.24908708579916608,-0.4466672474508358,7.36461678531973,0.9815971195673472,False
142,43,availability_constant,5,not_all_three_valid,829,27,25,804,1.0964021029170958,1.794521790937361,0.2168806781375779,-0.014346568041038293,7.116807806531145,0.9092004330285993,False
142,43,availability_gru_tuned_anchor,0,all_three_valid,3146,56,327,2819,1.9702258180479075,4.543614473905818,0.30941925306971985,-0.6167452387363074,8.70009067558563,1.1895710438674056,False
142,43,availability_gru_tuned_anchor,0,not_all_three_valid,829,27,25,804,1.144252851236327,1.926140124970084,0.22890168451667484,-0.2580962611922495,7.649056147357745,0.9419890671529495,False
142,43,availability_gru_tuned_anchor,5,all_three_valid,3146,56,327,2819,1.6389344367139427,3.8481869124849304,0.24760465719636002,-0.45529789884267535,7.354496488446942,0.9759373487690367,False
142,43,availability_gru_tuned_anchor,5,not_all_three_valid,829,27,25,804,1.0913970467382512,1.7843091224270191,0.21588069499431792,-0.018767646007674,7.115206659237276,0.9040895339117889,False
142,43,availability_integrated_constant,0,all_three_valid,3146,56,327,2819,1.9702258180479075,4.543614473905818,0.30941925306971985,-0.6167452387363074,8.70009067558563,1.1895710438674056,False
142,43,availability_integrated_constant,0,not_all_three_valid,829,27,25,804,1.144252851236327,1.926140124970084,0.22890168451667484,-0.2580962611922495,7.649056147357745,0.9419890671529495,False
142,43,availability_integrated_constant,5,all_three_valid,3146,56,327,2819,1.6570511388152163,3.8878788655643466,0.24987439156305014,-0.45891731297108795,7.403047068362723,0.9905237642277616,False
142,43,availability_integrated_constant,5,not_all_three_valid,829,27,25,804,1.0752036739001587,1.7860417839851221,0.21269203520752203,-0.061170356263666355,7.122178425297963,0.8871758520283365,False
142,43,availability_integrated_gru_tuned_anchor,0,all_three_valid,3146,56,327,2819,1.9702258180479075,4.543614473905818,0.30941925306971985,-0.6167452387363074,8.70009067558563,1.1895710438674056,False
142,43,availability_integrated_gru_tuned_anchor,0,not_all_three_valid,829,27,25,804,1.144252851236327,1.926140124970084,0.22890168451667484,-0.2580962611922495,7.649056147357745,0.9419890671529495,False
142,43,availability_integrated_gru_tuned_anchor,5,all_three_valid,3146,56,327,2819,1.6420995400763376,3.8554599870646955,0.24695015671446763,-0.46163363771015475,7.373681885761924,0.9772441207648138,False
142,43,availability_integrated_gru_tuned_anchor,5,not_all_three_valid,829,27,25,804,1.0817635371266425,1.7806485387382,0.2139048388367275,-0.04136951391807036,7.119987394765863,0.8940078201602487,False
142,43,context_constant,0,all_three_valid,3146,56,327,2819,2.1846108176903383,4.769593146520321,0.33907817550218283,-0.30111381886435223,9.237531942230095,1.3664819749359929,False
142,43,context_constant,0,not_all_three_valid,829,27,25,804,1.2351636407987916,1.981573337458038,0.24850380131811467,-0.09816572955570395,7.549794852456374,1.0388131677994887,False
142,43,context_constant,5,all_three_valid,3146,56,327,2819,1.702906898863147,3.9352148276150225,0.256037481002365,-0.39153356721076815,7.508513156868909,1.0294648107581865,False
142,43,context_constant,5,not_all_three_valid,829,27,25,804,1.0980614971843983,1.7873404803585928,0.2189587260071584,0.00700393815544011,7.047297804036174,0.9130728060509474,False
142,43,context_gru_tuned_anchor,0,all_three_valid,3146,56,327,2819,2.1846108176903383,4.769593146520321,0.33907817550218283,-0.30111381886435223,9.237531942230095,1.3664819749359929,False
142,43,context_gru_tuned_anchor,0,not_all_three_valid,829,27,25,804,1.2351636407987916,1.981573337458038,0.24850380131811467,-0.09816572955570395,7.549794852456374,1.0388131677994887,False
142,43,context_gru_tuned_anchor,5,all_three_valid,3146,56,327,2819,1.701620841764998,3.9321741410636513,0.25577611796808597,-0.39318732616708313,7.508455803460996,1.02803622577543,False
142,43,context_gru_tuned_anchor,5,not_all_three_valid,829,27,25,804,1.0978201273463026,1.7865909797473705,0.218895838641306,0.0065187669942039644,7.05098397012112,0.9127093113396232,False
142,43,daily_constant,0,all_three_valid,3146,56,327,2819,1.937941295985795,4.467207550757562,0.32531593922842966,-0.6490692453797712,8.490002033081405,1.1779115474826858,False
142,43,daily_constant,0,not_all_three_valid,829,27,25,804,1.1516591389253203,1.9433722677026213,0.23095015107829783,-0.2734991177144297,7.686138351580424,0.9484725962432586,False
142,43,daily_constant,5,all_three_valid,3146,56,327,2819,1.6856626599222408,3.9867037272342722,0.2710187380523751,-0.5322839449352508,7.45171249003217,1.0168090613248846,False
142,43,daily_constant,5,not_all_three_valid,829,27,25,804,1.0840352379056288,1.8178750008859017,0.2153397461720202,-0.1149233494063756,7.331348608557678,0.8897779813555029,False
142,43,daily_gru_tuned_anchor,0,all_three_valid,3146,56,327,2819,1.937941295985795,4.467207550757562,0.32531593922842966,-0.6490692453797712,8.490002033081405,1.1779115474826858,False
142,43,daily_gru_tuned_anchor,0,not_all_three_valid,829,27,25,804,1.1516591389253203,1.9433722677026213,0.23095015107829783,-0.2734991177144297,7.686138351580424,0.9484725962432586,False
142,43,daily_gru_tuned_anchor,5,all_three_valid,3146,56,327,2819,1.6780275017849087,3.9643758204644084,0.26731555987773,-0.5430327339964698,7.456103697886708,1.007778861797222,False
142,43,daily_gru_tuned_anchor,5,not_all_three_valid,829,27,25,804,1.0823938135107058,1.813109923205876,0.21466458018566192,-0.11933823179294287,7.348277994202135,0.8875591063996539,False
142,43,daily_integrated_constant,0,all_three_valid,3146,56,327,2819,1.937941295985795,4.467207550757562,0.32531593922842966,-0.6490692453797712,8.490002033081405,1.1779115474826858,False
142,43,daily_integrated_constant,0,not_all_three_valid,829,27,25,804,1.1516591389253203,1.9433722677026213,0.23095015107829783,-0.2734991177144297,7.686138351580424,0.9484725962432586,False
142,43,daily_integrated_constant,5,all_three_valid,3146,56,327,2819,1.6370266935274649,3.853310163662262,0.24917562230613938,-0.4542568819314174,7.3268796128275575,0.9770118284649849,False
142,43,daily_integrated_constant,5,not_all_three_valid,829,27,25,804,1.0756276422261242,1.7873036888574942,0.213020675617811,-0.062460703562811616,7.116574599101037,0.8877872517760336,False
142,43,daily_integrated_gru_tuned_anchor,0,all_three_valid,3146,56,327,2819,1.937941295985795,4.467207550757562,0.32531593922842966,-0.6490692453797712,8.490002033081405,1.1779115474826858,False
142,43,daily_integrated_gru_tuned_anchor,0,not_all_three_valid,829,27,25,804,1.1516591389253203,1.9433722677026213,0.23095015107829783,-0.2734991177144297,7.686138351580424,0.9484725962432586,False
142,43,daily_integrated_gru_tuned_anchor,5,all_three_valid,3146,56,327,2819,1.6206560527004465,3.8100515280033145,0.2474864918274241,-0.4533986151655408,7.265276156761966,0.96588813002286,False
142,43,daily_integrated_gru_tuned_anchor,5,not_all_three_valid,829,27,25,804,1.0837127078172928,1.784980538299704,0.21453840002079422,-0.04304900924136052,7.122836793684159,0.8959289986796415,False
142,43,monthly_constant,0,all_three_valid,3146,56,327,2819,1.9805707300418598,4.532007704434543,0.3134480405809329,-0.5828428779054998,8.655920316436008,1.2062396499599561,False
142,43,monthly_constant,0,not_all_three_valid,829,27,25,804,1.147724082600324,1.9227014933726403,0.22975319303308908,-0.24678511126434405,7.603390142640396,0.9469881976488296,False
142,43,monthly_constant,5,all_three_valid,3146,56,327,2819,1.6478175955404484,3.8729131377456594,0.25014505220272293,-0.44079555177975727,7.360485795014719,0.9851561903513437,False
142,43,monthly_constant,5,not_all_three_valid,829,27,25,804,1.1002910390973912,1.7967734994011064,0.21762736587880893,-0.009636323776470446,7.107569900919511,0.913497542150186,False
142,43,monthly_gru_tuned_anchor,0,all_three_valid,3146,56,327,2819,1.9805707300418598,4.532007704434543,0.3134480405809329,-0.5828428779054998,8.655920316436008,1.2062396499599561,False
142,43,monthly_gru_tuned_anchor,0,not_all_three_valid,829,27,25,804,1.147724082600324,1.9227014933726403,0.22975319303308908,-0.24678511126434405,7.603390142640396,0.9469881976488296,False
142,43,monthly_gru_tuned_anchor,5,all_three_valid,3146,56,327,2819,1.6409820047315016,3.847487794784167,0.24839064229523666,-0.44969078278985275,7.3512372328613065,0.9786005007944858,False
142,43,monthly_gru_tuned_anchor,5,not_all_three_valid,829,27,25,804,1.0943790117148535,1.7856049966579421,0.21646079522407807,-0.014302457129922355,7.103284395447965,0.9075349388375802,False
142,43,monthly_integrated_constant,0,all_three_valid,3146,56,327,2819,1.9805707300418598,4.532007704434543,0.3134480405809329,-0.5828428779054998,8.655920316436008,1.2062396499599561,False
142,43,monthly_integrated_constant,0,not_all_three_valid,829,27,25,804,1.147724082600324,1.9227014933726403,0.22975319303308908,-0.24678511126434405,7.603390142640396,0.9469881976488296,False
142,43,monthly_integrated_constant,5,all_three_valid,3146,56,327,2819,1.6581532943407316,3.8872616492014416,0.25031819685464146,-0.4554774269966877,7.399393002172705,0.9921776347234718,False
142,43,monthly_integrated_constant,5,not_all_three_valid,829,27,25,804,1.0769103126536514,1.7867645229749642,0.2130308605575624,-0.058875183456381215,7.1180512836370236,0.8890638894265567,False
142,43,monthly_integrated_gru_tuned_anchor,0,all_three_valid,3146,56,327,2819,1.9805707300418598,4.532007704434543,0.3134480405809329,-0.5828428779054998,8.655920316436008,1.2062396499599561,False
142,43,monthly_integrated_gru_tuned_anchor,0,not_all_three_valid,829,27,25,804,1.147724082600324,1.9227014933726403,0.22975319303308908,-0.24678511126434405,7.603390142640396,0.9469881976488296,False
142,43,monthly_integrated_gru_tuned_anchor,5,all_three_valid,3146,56,327,2819,1.6434689677468948,3.8544796934982526,0.24753563377472695,-0.4569674780664781,7.368516744529491,0.9793715491559372,False
142,43,monthly_integrated_gru_tuned_anchor,5,not_all_three_valid,829,27,25,804,1.0837758120516527,1.7813476467785578,0.21431697830990032,-0.03803837186481562,7.111267364861739,0.8963538110314386,False
142,43,prior_ecological_affine_constant,0,all_three_valid,3146,56,327,2819,2.000153444663399,4.5975571095897765,0.32092932676332,-0.7280701054171065,8.841354370220245,1.2065838445722004,False
142,43,prior_ecological_affine_constant,0,not_all_three_valid,829,27,25,804,1.192065101011322,1.947064880552251,0.23847070009647547,-0.18559917875141732,7.496204398483908,0.9960408691247365,False
142,43,prior_ecological_affine_constant,5,all_three_valid,3146,56,327,2819,1.6669267501266807,3.897410411021585,0.25692720391641094,-0.4875458614804292,7.424213097500082,0.9990897030918804,False
142,43,prior_ecological_affine_constant,5,not_all_three_valid,829,27,25,804,1.080393109707255,1.7872459549116477,0.21375909735337387,-0.04520394201810138,7.092305492469938,0.8934555356163756,False
142,43,prior_ecological_affine_gru_tuned_anchor,0,all_three_valid,3146,56,327,2819,2.000153444663399,4.5975571095897765,0.32092932676332,-0.7280701054171065,8.841354370220245,1.2065838445722004,False
142,43,prior_ecological_affine_gru_tuned_anchor,0,not_all_three_valid,829,27,25,804,1.192065101011322,1.947064880552251,0.23847070009647547,-0.18559917875141732,7.496204398483908,0.9960408691247365,False
142,43,prior_ecological_affine_gru_tuned_anchor,5,all_three_valid,3146,56,327,2819,1.6558208126288447,3.86708243394575,0.25669193146445746,-0.5005545859566852,7.396105602278745,0.9899559221657309,False
142,43,prior_ecological_affine_gru_tuned_anchor,5,not_all_three_valid,829,27,25,804,1.0922120298436544,1.7823244953071498,0.21593788448620108,-0.010971998864270633,7.03508882513131,0.9074210847165505,False
142,43,prior_encoder_constant,0,all_three_valid,3146,56,327,2819,1.9805633327142047,4.53202201550708,0.31344772568267304,-0.582906357257752,8.655973186573323,1.2062252616918807,False
142,43,prior_encoder_constant,0,not_all_three_valid,829,27,25,804,1.1477206658462973,1.9227091136252856,0.22975247398561857,-0.24683025932245206,7.603445499262137,0.9469829533644618,False
142,43,prior_encoder_constant,5,all_three_valid,3146,56,327,2819,1.647816527772627,3.8729175137679173,0.2501452287136077,-0.44081240226608803,7.360496459948454,0.9851537616067897,False
142,43,prior_encoder_constant,5,not_all_three_valid,829,27,25,804,1.100288777518468,1.7967740971007091,0.21762688062896218,-0.0096473339423665,7.107584021748831,0.9134947711680215,False
142,43,prior_encoder_gru_tuned_anchor,0,all_three_valid,3146,56,327,2819,1.9805633327142047,4.53202201550708,0.31344772568267304,-0.582906357257752,8.655973186573323,1.2062252616918807,False
142,43,prior_encoder_gru_tuned_anchor,0,not_all_three_valid,829,27,25,804,1.1477206658462973,1.9227091136252856,0.22975247398561857,-0.24683025932245206,7.603445499262137,0.9469829533644618,False
142,43,prior_encoder_gru_tuned_anchor,5,all_three_valid,3146,56,327,2819,1.6409810776301577,3.847492135257985,0.24839084946517445,-0.44970756637266057,7.351247393507541,0.9785982875301561,False
142,43,prior_encoder_gru_tuned_anchor,5,not_all_three_valid,829,27,25,804,1.0943767056752138,1.7856055650045974,0.2164602719166304,-0.014313380403878749,7.103297386474209,0.9075321571429068,False
142,43,prior_encoder_integrated_constant,0,all_three_valid,3146,56,327,2819,1.9805633327142047,4.53202201550708,0.31344772568267304,-0.582906357257752,8.655973186573323,1.2062252616918807,False
142,43,prior_encoder_integrated_constant,0,not_all_three_valid,829,27,25,804,1.1477206658462973,1.9227091136252856,0.22975247398561857,-0.24683025932245206,7.603445499262137,0.9469829533644618,False
142,43,prior_encoder_integrated_constant,5,all_three_valid,3146,56,327,2819,1.6581528155092748,3.8872641692011074,0.2503182751317924,-0.455485927532604,7.399399254482445,0.9921763750891874,False
142,43,prior_encoder_integrated_constant,5,not_all_three_valid,829,27,25,804,1.0769093192090924,1.786764996055621,0.21303063824959326,-0.05888086804058381,7.118058268654119,0.8890626478955032,False
142,43,prior_encoder_integrated_gru_tuned_anchor,0,all_three_valid,3146,56,327,2819,1.9805633327142047,4.53202201550708,0.31344772568267304,-0.582906357257752,8.655973186573323,1.2062252616918807,False
142,43,prior_encoder_integrated_gru_tuned_anchor,0,not_all_three_valid,829,27,25,804,1.1477206658462973,1.9227091136252856,0.22975247398561857,-0.24683025932245206,7.603445499262137,0.9469829533644618,False
142,43,prior_encoder_integrated_gru_tuned_anchor,5,all_three_valid,3146,56,327,2819,1.6434683446395026,3.854483175688974,0.24753576429407553,-0.4569801132602307,7.368525592466312,0.9793698274208559,False
142,43,prior_encoder_integrated_gru_tuned_anchor,5,not_all_three_valid,829,27,25,804,1.0837741881940417,1.7813481886001634,0.21431660863331964,-0.03804669300231234,7.11127708797515,0.8963518343451267,False
142,44,availability_constant,0,all_three_valid,3146,56,327,2819,2.0331123249717917,4.55355904267441,0.3109217361974778,-0.381091988032225,8.512649117740247,1.281495251103297,False
142,44,availability_constant,0,not_all_three_valid,829,27,25,804,1.1289462207711702,1.9102749829990386,0.2238522228794555,-0.3398456387524922,7.424349747996963,0.9331936235315624,False
142,44,availability_constant,5,all_three_valid,3146,56,327,2819,1.7356600007565008,4.044577242494516,0.2658844206954667,-0.4284603080496423,7.526138897953889,1.0639726650404508,False
142,44,availability_constant,5,not_all_three_valid,829,27,25,804,1.074125479174791,1.8089354070694201,0.2114958704479836,-0.17118382280548225,7.224505063630759,0.8828823328919562,False
142,44,availability_gru_tuned_anchor,0,all_three_valid,3146,56,327,2819,2.0331123249717917,4.55355904267441,0.3109217361974778,-0.381091988032225,8.512649117740247,1.281495251103297,False
142,44,availability_gru_tuned_anchor,0,not_all_three_valid,829,27,25,804,1.1289462207711702,1.9102749829990386,0.2238522228794555,-0.3398456387524922,7.424349747996963,0.9331936235315624,False
142,44,availability_gru_tuned_anchor,5,all_three_valid,3146,56,327,2819,1.7308306100718007,4.02945799606631,0.26521949633331116,-0.4274919919941426,7.504070846393761,1.0611429345566248,False
142,44,availability_gru_tuned_anchor,5,not_all_three_valid,829,27,25,804,1.0721652143096478,1.807823551180296,0.21106101276354322,-0.1726288058077666,7.223237017488926,0.8809005438127796,False
142,44,availability_integrated_constant,0,all_three_valid,3146,56,327,2819,2.0331123249717917,4.55355904267441,0.3109217361974778,-0.381091988032225,8.512649117740247,1.281495251103297,False
142,44,availability_integrated_constant,0,not_all_three_valid,829,27,25,804,1.1289462207711702,1.9102749829990386,0.2238522228794555,-0.3398456387524922,7.424349747996963,0.9331936235315624,False
142,44,availability_integrated_constant,5,all_three_valid,3146,56,327,2819,1.7356600007565008,4.044577242494516,0.2658844206954667,-0.4284603080496423,7.526138897953889,1.0639726650404508,False
142,44,availability_integrated_constant,5,not_all_three_valid,829,27,25,804,1.074125479174791,1.8089354070694201,0.2114958704479836,-0.17118382280548225,7.224505063630759,0.8828823328919562,False
142,44,availability_integrated_gru_tuned_anchor,0,all_three_valid,3146,56,327,2819,2.0331123249717917,4.55355904267441,0.3109217361974778,-0.381091988032225,8.512649117740247,1.281495251103297,False
142,44,availability_integrated_gru_tuned_anchor,0,not_all_three_valid,829,27,25,804,1.1289462207711702,1.9102749829990386,0.2238522228794555,-0.3398456387524922,7.424349747996963,0.9331936235315624,False
142,44,availability_integrated_gru_tuned_anchor,5,all_three_valid,3146,56,327,2819,1.7308306100718007,4.02945799606631,0.26521949633331116,-0.4274919919941426,7.504070846393761,1.0611429345566248,False
142,44,availability_integrated_gru_tuned_anchor,5,not_all_three_valid,829,27,25,804,1.0721652143096478,1.807823551180296,0.21106101276354322,-0.1726288058077666,7.223237017488926,0.8809005438127796,False
142,44,context_constant,0,all_three_valid,3146,56,327,2819,2.195122551976926,4.8063090124724654,0.3384374272417172,-0.3109591439905303,9.311477873111677,1.3696354324270628,False
142,44,context_constant,0,not_all_three_valid,829,27,25,804,1.2555665254803512,1.9964518704953385,0.25252900810905254,-0.07129876907526246,7.500220338989235,1.0613919666025875,False
142,44,context_constant,5,all_three_valid,3146,56,327,2819,1.7055506354151535,3.9520700005892513,0.2559354302464303,-0.40633516315801893,7.5466734034783105,1.0279886825394344,False
142,44,context_constant,5,not_all_three_valid,829,27,25,804,1.0963298650147375,1.786412586967896,0.21840568484237954,0.008130220748662665,7.051740877185482,0.9111491743377862,False
142,44,context_gru_tuned_anchor,0,all_three_valid,3146,56,327,2819,2.195122551976926,4.8063090124724654,0.3384374272417172,-0.3109591439905303,9.311477873111677,1.3696354324270628,False
142,44,context_gru_tuned_anchor,0,not_all_three_valid,829,27,25,804,1.2555665254803512,1.9964518704953385,0.25252900810905254,-0.07129876907526246,7.500220338989235,1.0613919666025875,False
142,44,context_gru_tuned_anchor,5,all_three_valid,3146,56,327,2819,1.683516819171627,3.8888445590871075,0.2523262974525493,-0.4086390587164428,7.470390517534393,1.0122476814048216,False
142,44,context_gru_tuned_anchor,5,not_all_three_valid,829,27,25,804,1.087771545130853,1.78403942631242,0.2163221345934901,0.002092586588620733,7.038275470666,0.9027434379935662,False
142,44,daily_constant,0,all_three_valid,3146,56,327,2819,2.016018506820131,4.570065733729823,0.3220967294016231,-0.48185710316174624,8.664982707463826,1.2447480940459246,False
142,44,daily_constant,0,not_all_three_valid,829,27,25,804,1.187724024513604,1.9741779684078369,0.24111335051085364,-0.3590652604606257,7.736160042572952,0.9841035015639975,False
142,44,daily_constant,5,all_three_valid,3146,56,327,2819,1.7068604444571709,4.002165675271697,0.2660348397371944,-0.4489290299292498,7.430357070337381,1.042942957169896,False
142,44,daily_constant,5,not_all_three_valid,829,27,25,804,1.0957178889485615,1.831806478036059,0.217678649489878,-0.17977742276108497,7.380806320621677,0.9002860347298699,False
142,44,daily_gru_tuned_anchor,0,all_three_valid,3146,56,327,2819,2.016018506820131,4.570065733729823,0.3220967294016231,-0.48185710316174624,8.664982707463826,1.2447480940459246,False
142,44,daily_gru_tuned_anchor,0,not_all_three_valid,829,27,25,804,1.187724024513604,1.9741779684078369,0.24111335051085364,-0.3590652604606257,7.736160042572952,0.9841035015639975,False
142,44,daily_gru_tuned_anchor,5,all_three_valid,3146,56,327,2819,1.7021902422458892,3.988185466280149,0.26511515163425053,-0.4474167393123117,7.413155485735043,1.0397263775346606,False
142,44,daily_gru_tuned_anchor,5,not_all_three_valid,829,27,25,804,1.0935786677685928,1.8311488417292292,0.2171705215226987,-0.1816306933917119,7.380984369921006,0.8980747591195749,False
142,44,daily_integrated_constant,0,all_three_valid,3146,56,327,2819,2.016018506820131,4.570065733729823,0.3220967294016231,-0.48185710316174624,8.664982707463826,1.2447480940459246,False
142,44,daily_integrated_constant,0,not_all_three_valid,829,27,25,804,1.187724024513604,1.9741779684078369,0.24111335051085364,-0.3590652604606257,7.736160042572952,0.9841035015639975,False
142,44,daily_integrated_constant,5,all_three_valid,3146,56,327,2819,1.638129643532489,3.8513146647492253,0.24799608225699785,-0.446445817631821,7.299467521408953,0.9814224828139353,False
142,44,daily_integrated_constant,5,not_all_three_valid,829,27,25,804,1.07678652569078,1.7896263594203243,0.21295350333047136,-0.07944948089855634,7.1382117750897836,0.8883093724134478,False
142,44,daily_integrated_gru_tuned_anchor,0,all_three_valid,3146,56,327,2819,2.016018506820131,4.570065733729823,0.3220967294016231,-0.48185710316174624,8.664982707463826,1.2447480940459246,False
142,44,daily_integrated_gru_tuned_anchor,0,not_all_three_valid,829,27,25,804,1.187724024513604,1.9741779684078369,0.24111335051085364,-0.3590652604606257,7.736160042572952,0.9841035015639975,False
142,44,daily_integrated_gru_tuned_anchor,5,all_three_valid,3146,56,327,2819,1.6208127548085278,3.7915403234576264,0.243994363285571,-0.4398610558880532,7.247177355318203,0.968162444639438,False
142,44,daily_integrated_gru_tuned_anchor,5,not_all_three_valid,829,27,25,804,1.0661377498295492,1.7867141511814424,0.21033580065183435,-0.08889668831518907,7.127378602037437,0.8776663302957219,False
142,44,monthly_constant,0,all_three_valid,3146,56,327,2819,2.0238987112136773,4.553822718544816,0.3071122583062751,-0.38434695046429534,8.522674249409045,1.2700499701743424,False
142,44,monthly_constant,0,not_all_three_valid,829,27,25,804,1.1210680264542674,1.9114832832742357,0.22189722373582163,-0.3760802771152197,7.463404523123241,0.9238560707120731,False
142,44,monthly_constant,5,all_three_valid,3146,56,327,2819,1.7355516420764134,4.047723602066948,0.26586347919760395,-0.4289356212079735,7.538118760838743,1.0624620898113257,False
142,44,monthly_constant,5,not_all_three_valid,829,27,25,804,1.0677182541482326,1.8078721894982517,0.20989903410853206,-0.1910321866324505,7.246810143816629,0.8755823123053098,False
142,44,monthly_gru_tuned_anchor,0,all_three_valid,3146,56,327,2819,2.0238987112136773,4.553822718544816,0.3071122583062751,-0.38434695046429534,8.522674249409045,1.2700499701743424,False
142,44,monthly_gru_tuned_anchor,0,not_all_three_valid,829,27,25,804,1.1210680264542674,1.9114832832742357,0.22189722373582163,-0.3760802771152197,7.463404523123241,0.9238560707120731,False
142,44,monthly_gru_tuned_anchor,5,all_three_valid,3146,56,327,2819,1.7307409655829915,4.032468607186342,0.2651779008633044,-0.4279368057260596,7.515623462808401,1.059702804322719,False
142,44,monthly_gru_tuned_anchor,5,not_all_three_valid,829,27,25,804,1.0655153581587393,1.8066926583762113,0.20941359070981744,-0.19246179496005766,7.245531995382585,0.8733506617276496,False
142,44,monthly_integrated_constant,0,all_three_valid,3146,56,327,2819,2.0238987112136773,4.553822718544816,0.3071122583062751,-0.38434695046429534,8.522674249409045,1.2700499701743424,False
142,44,monthly_integrated_constant,0,not_all_three_valid,829,27,25,804,1.1210680264542674,1.9114832832742357,0.22189722373582163,-0.3760802771152197,7.463404523123241,0.9238560707120731,False
142,44,monthly_integrated_constant,5,all_three_valid,3146,56,327,2819,1.7355516420764134,4.047723602066948,0.26586347919760395,-0.4289356212079735,7.538118760838743,1.0624620898113257,False
142,44,monthly_integrated_constant,5,not_all_three_valid,829,27,25,804,1.0677182541482326,1.8078721894982517,0.20989903410853206,-0.1910321866324505,7.246810143816629,0.8755823123053098,False
142,44,monthly_integrated_gru_tuned_anchor,0,all_three_valid,3146,56,327,2819,2.0238987112136773,4.553822718544816,0.3071122583062751,-0.38434695046429534,8.522674249409045,1.2700499701743424,False
142,44,monthly_integrated_gru_tuned_anchor,0,not_all_three_valid,829,27,25,804,1.1210680264542674,1.9114832832742357,0.22189722373582163,-0.3760802771152197,7.463404523123241,0.9238560707120731,False
142,44,monthly_integrated_gru_tuned_anchor,5,all_three_valid,3146,56,327,2819,1.7307409655829915,4.032468607186342,0.2651779008633044,-0.4279368057260596,7.515623462808401,1.059702804322719,False
142,44,monthly_integrated_gru_tuned_anchor,5,not_all_three_valid,829,27,25,804,1.0655153581587393,1.8066926583762113,0.20941359070981744,-0.19246179496005766,7.245531995382585,0.8733506617276496,False
142,44,prior_ecological_affine_constant,0,all_three_valid,3146,56,327,2819,2.1056346823730014,4.703199372856202,0.31181002467691316,-0.30083031122606235,8.829707126630343,1.3256518199139204,False
142,44,prior_ecological_affine_constant,0,not_all_three_valid,829,27,25,804,1.1819408921462273,1.9838677073132824,0.23620875427267837,-0.4284014651802039,7.507399002405232,0.9852537618521039,False
142,44,prior_ecological_affine_constant,5,all_three_valid,3146,56,327,2819,1.6716873172220708,3.8981164158633748,0.25581803997529945,-0.4019802903918604,7.373981029177426,1.0102293378643545,False
142,44,prior_ecological_affine_constant,5,not_all_three_valid,829,27,25,804,1.0646015146690606,1.78415139700714,0.20963156321885865,-0.10973729666299514,7.119735195891774,0.8763199947305436,False
142,44,prior_ecological_affine_gru_tuned_anchor,0,all_three_valid,3146,56,327,2819,2.1056346823730014,4.703199372856202,0.31181002467691316,-0.30083031122606235,8.829707126630343,1.3256518199139204,False
142,44,prior_ecological_affine_gru_tuned_anchor,0,not_all_three_valid,829,27,25,804,1.1819408921462273,1.9838677073132824,0.23620875427267837,-0.4284014651802039,7.507399002405232,0.9852537618521039,False
142,44,prior_ecological_affine_gru_tuned_anchor,5,all_three_valid,3146,56,327,2819,1.6564972481420295,3.8359744278146835,0.2524023100637229,-0.39391278649980815,7.3218152378697985,0.9993284000962759,False
142,44,prior_ecological_affine_gru_tuned_anchor,5,not_all_three_valid,829,27,25,804,1.0541379168062532,1.7780411898499369,0.20705454354463582,-0.11757290828751292,7.094238051460334,0.86632385789288,False
142,44,prior_encoder_constant,0,all_three_valid,3146,56,327,2819,2.0343605084792817,4.554915754513188,0.3114752085178803,-0.383429527833155,8.51536672306515,1.2825729837649933,False
142,44,prior_encoder_constant,0,not_all_three_valid,829,27,25,804,1.129752514685319,1.9129229227421356,0.22408573892618872,-0.3461896713308332,7.4327686691174275,0.9337632064007385,False
142,44,prior_encoder_constant,5,all_three_valid,3146,56,327,2819,1.7355373647276122,4.0455652335433125,0.2657679996114293,-0.430138203705518,7.527971724131707,1.0636231981702735,False
142,44,prior_encoder_constant,5,not_all_three_valid,829,27,25,804,1.0741644127114722,1.80999788474684,0.2115392219841742,-0.17483840599345354,7.230854412787347,0.882725047037471,False
142,44,prior_encoder_gru_tuned_anchor,0,all_three_valid,3146,56,327,2819,2.0343605084792817,4.554915754513188,0.3114752085178803,-0.383429527833155,8.51536672306515,1.2825729837649933,False
142,44,prior_encoder_gru_tuned_anchor,0,not_all_three_valid,829,27,25,804,1.129752514685319,1.9129229227421356,0.22408573892618872,-0.3461896713308332,7.4327686691174275,0.9337632064007385,False
142,44,prior_encoder_gru_tuned_anchor,5,all_three_valid,3146,56,327,2819,1.7306729882591196,4.030412968348308,0.26509015899425903,-0.4291476387088139,7.505749371252534,1.0607723223354424,False
142,44,prior_encoder_gru_tuned_anchor,5,not_all_three_valid,829,27,25,804,1.0721531232066557,1.8088973720808177,0.21109076125582277,-0.1762651339698643,7.2295778663400245,0.8806909110445486,False
142,44,prior_encoder_integrated_constant,0,all_three_valid,3146,56,327,2819,2.0343605084792817,4.554915754513188,0.3114752085178803,-0.383429527833155,8.51536672306515,1.2825729837649933,False
142,44,prior_encoder_integrated_constant,0,not_all_three_valid,829,27,25,804,1.129752514685319,1.9129229227421356,0.22408573892618872,-0.3461896713308332,7.4327686691174275,0.9337632064007385,False
142,44,prior_encoder_integrated_constant,5,all_three_valid,3146,56,327,2819,1.7355373647276122,4.0455652335433125,0.2657679996114293,-0.430138203705518,7.527971724131707,1.0636231981702735,False
142,44,prior_encoder_integrated_constant,5,not_all_three_valid,829,27,25,804,1.0741644127114722,1.80999788474684,0.2115392219841742,-0.17483840599345354,7.230854412787347,0.882725047037471,False
142,44,prior_encoder_integrated_gru_tuned_anchor,0,all_three_valid,3146,56,327,2819,2.0343605084792817,4.554915754513188,0.3114752085178803,-0.383429527833155,8.51536672306515,1.2825729837649933,False
142,44,prior_encoder_integrated_gru_tuned_anchor,0,not_all_three_valid,829,27,25,804,1.129752514685319,1.9129229227421356,0.22408573892618872,-0.3461896713308332,7.4327686691174275,0.9337632064007385,False
142,44,prior_encoder_integrated_gru_tuned_anchor,5,all_three_valid,3146,56,327,2819,1.7306729882591196,4.030412968348308,0.26509015899425903,-0.4291476387088139,7.505749371252534,1.0607723223354424,False
142,44,prior_encoder_integrated_gru_tuned_anchor,5,not_all_three_valid,829,27,25,804,1.0721531232066557,1.8088973720808177,0.21109076125582277,-0.1762651339698643,7.2295778663400245,0.8806909110445486,False
143,42,availability_constant,0,all_three_valid,2853,58,405,2448,1.8622943413550306,3.913348541141786,0.25014127065915875,-0.3525787633425489,6.028484690306846,1.1730349086240317,False
143,42,availability_constant,0,not_all_three_valid,1054,23,35,1019,1.2089139086215288,2.632299196217558,0.19721482202494048,-0.5219504328376193,10.677100727842685,0.8837063142419992,False
143,42,availability_constant,5,all_three_valid,2853,58,405,2448,1.77687317490293,3.842991120561427,0.23272301002175097,-0.43803879846121446,6.025296126143117,1.0740090837051048,False
143,42,availability_constant,5,not_all_three_valid,1054,23,35,1019,1.1128058554922997,2.3707495800766587,0.17870229892495296,-0.03059216151542471,8.278529749857912,0.8666818748222347,False
143,42,availability_gru_tuned_anchor,0,all_three_valid,2853,58,405,2448,1.8622943413550306,3.913348541141786,0.25014127065915875,-0.3525787633425489,6.028484690306846,1.1730349086240317,False
143,42,availability_gru_tuned_anchor,0,not_all_three_valid,1054,23,35,1019,1.2089139086215288,2.632299196217558,0.19721482202494048,-0.5219504328376193,10.677100727842685,0.8837063142419992,False
143,42,availability_gru_tuned_anchor,5,all_three_valid,2853,58,405,2448,1.7702983873856086,3.839601702600094,0.23091917727155253,-0.4288495944142905,6.007734579206708,1.0692519585916767,False
143,42,availability_gru_tuned_anchor,5,not_all_three_valid,1054,23,35,1019,1.1146969521837662,2.3784723407667183,0.17893233297871922,-0.019861847988773502,8.32314989504535,0.8671053398185498,False
143,42,availability_integrated_constant,0,all_three_valid,2853,58,405,2448,1.8432433553379566,3.908069953499802,0.24641878499998646,-0.3951092402814241,6.027661418893395,1.1509683080585644,False
143,42,availability_integrated_constant,0,not_all_three_valid,1054,23,35,1019,1.1896238978141855,2.6247869802639845,0.19321873096909456,-0.550300889382598,10.64155692699575,0.8649745788530917,False
143,42,availability_integrated_constant,5,all_three_valid,2853,58,405,2448,1.779623569269473,3.8450130222492813,0.2331902672302604,-0.43559569577706414,6.027667807080767,1.0768221328668692,False
143,42,availability_integrated_constant,5,not_all_three_valid,1054,23,35,1019,1.1132181709921414,2.370725412893832,0.17874247563011653,-0.029163027760150662,8.274847485764594,0.8672348284827837,False
143,42,availability_integrated_gru_tuned_anchor,0,all_three_valid,2853,58,405,2448,1.8432433553379566,3.908069953499802,0.24641878499998646,-0.3951092402814241,6.027661418893395,1.1509683080585644,False
143,42,availability_integrated_gru_tuned_anchor,0,not_all_three_valid,1054,23,35,1019,1.1896238978141855,2.6247869802639845,0.19321873096909456,-0.550300889382598,10.64155692699575,0.8649745788530917,False
143,42,availability_integrated_gru_tuned_anchor,5,all_three_valid,2853,58,405,2448,1.7732500551606163,3.8416317181198805,0.23146818011761652,-0.42623451050198974,6.009461376624003,1.072406270359688,False
143,42,availability_integrated_gru_tuned_anchor,5,not_all_three_valid,1054,23,35,1019,1.1150807145806705,2.3782865856280653,0.1789367070070406,-0.018929133711521003,8.319255027789838,0.8676360620170581,False
143,42,context_constant,0,all_three_valid,2853,58,405,2448,1.901132855145106,3.9241682439888317,0.2595865015026471,-0.24204963888029585,6.031592010555474,1.2177848331103034,False
143,42,context_constant,0,not_all_three_valid,1054,23,35,1019,1.1958009123548428,2.6008949665118046,0.19675570063749587,-0.3364729143858145,10.528364220929296,0.8752516328650433,False
143,42,context_constant,5,all_three_valid,2853,58,405,2448,1.7913557413223675,3.85529319396865,0.23573033947317684,-0.4270068387857531,6.054424718435645,1.0860685943734796,False
143,42,context_constant,5,not_all_three_valid,1054,23,35,1019,1.1102935198755746,2.3701878678118815,0.17841476500034337,-0.03684168116185615,8.28416060937806,0.8638898416296598,False
143,42,context_gru_tuned_anchor,0,all_three_valid,2853,58,405,2448,1.901132855145106,3.9241682439888317,0.2595865015026471,-0.24204963888029585,6.031592010555474,1.2177848331103034,False
143,42,context_gru_tuned_anchor,0,not_all_three_valid,1054,23,35,1019,1.1958009123548428,2.6008949665118046,0.19675570063749587,-0.3364729143858145,10.528364220929296,0.8752516328650433,False
143,42,context_gru_tuned_anchor,5,all_three_valid,2853,58,405,2448,1.7864328581049387,3.852881991323652,0.23438665173274867,-0.4171187718130034,6.036233796581633,1.0833407910775446,False
143,42,context_gru_tuned_anchor,5,not_all_three_valid,1054,23,35,1019,1.1122488489207059,2.3780538806713114,0.17877228622261435,-0.027195507260956087,8.328964863485902,0.864373421531322,False
143,42,daily_constant,0,all_three_valid,2853,58,405,2448,1.912055417767743,3.9043875158810364,0.2529265188988505,-0.22409777680494186,5.967152643502032,1.2411753620396442,False
143,42,daily_constant,0,not_all_three_valid,1054,23,35,1019,1.3598856650594937,2.718662592664646,0.2286731453076164,-0.7190994198298494,9.728962750020939,1.0724296317193067,False
143,42,daily_constant,5,all_three_valid,2853,58,405,2448,1.7815094907169018,3.819390664825579,0.23200172010942693,-0.4471635264608808,5.957849539776855,1.090570879659189,False
143,42,daily_constant,5,not_all_three_valid,1054,23,35,1019,1.0235110818068303,2.3686881808651306,0.16559202191148695,-0.2675417181951958,8.657426905665442,0.7613059259333746,False
143,42,daily_gru_tuned_anchor,0,all_three_valid,2853,58,405,2448,1.912055417767743,3.9043875158810364,0.2529265188988505,-0.22409777680494186,5.967152643502032,1.2411753620396442,False
143,42,daily_gru_tuned_anchor,0,not_all_three_valid,1054,23,35,1019,1.3598856650594937,2.718662592664646,0.2286731453076164,-0.7190994198298494,9.728962750020939,1.0724296317193067,False
143,42,daily_gru_tuned_anchor,5,all_three_valid,2853,58,405,2448,1.7923745527132169,3.8329808379088326,0.2338815883477996,-0.48155294472368904,5.973956216139978,1.1005687628080545,False
143,42,daily_gru_tuned_anchor,5,not_all_three_valid,1054,23,35,1019,1.0839210755256732,2.34529516681706,0.1751257162795523,-0.06808246295344647,8.337177359361315,0.8347905849130651,False
143,42,daily_integrated_constant,0,all_three_valid,2853,58,405,2448,1.912055417767743,3.9043875158810364,0.2529265188988505,-0.22409777680494186,5.967152643502032,1.2411753620396442,False
143,42,daily_integrated_constant,0,not_all_three_valid,1054,23,35,1019,1.3598856650594937,2.718662592664646,0.2286731453076164,-0.7190994198298494,9.728962750020939,1.0724296317193067,False
143,42,daily_integrated_constant,5,all_three_valid,2853,58,405,2448,1.7724421582431644,3.831607555769261,0.23074223199418833,-0.47622877658674856,5.9985195531313735,1.0732749421771004,False
143,42,daily_integrated_constant,5,not_all_three_valid,1054,23,35,1019,1.0888512634967127,2.347819371210885,0.1749738780410641,-0.05047684634133462,8.280916706604813,0.84182251913088,False
143,42,daily_integrated_gru_tuned_anchor,0,all_three_valid,2853,58,405,2448,1.912055417767743,3.9043875158810364,0.2529265188988505,-0.22409777680494186,5.967152643502032,1.2411753620396442,False
143,42,daily_integrated_gru_tuned_anchor,0,not_all_three_valid,1054,23,35,1019,1.3598856650594937,2.718662592664646,0.2286731453076164,-0.7190994198298494,9.728962750020939,1.0724296317193067,False
143,42,daily_integrated_gru_tuned_anchor,5,all_three_valid,2853,58,405,2448,1.7633263719984764,3.828151101482679,0.22856741239876943,-0.46350677502046134,5.974173071039338,1.0666789401718635,False
143,42,daily_integrated_gru_tuned_anchor,5,not_all_three_valid,1054,23,35,1019,1.0934142084834373,2.3566580331952443,0.1759235961474297,-0.04307257881712325,8.322938164856387,0.8450988616011476,False
143,42,monthly_constant,0,all_three_valid,2853,58,405,2448,1.861874297189849,3.9135290024069356,0.25002120563561403,-0.35463693756015374,6.029315602769247,1.1724079047226692,False
143,42,monthly_constant,0,not_all_three_valid,1054,23,35,1019,1.2071508461514306,2.6303122979206237,0.19695199170700722,-0.512878464403626,10.668423932606983,0.8821807205126235,False
143,42,monthly_constant,5,all_three_valid,2853,58,405,2448,1.7767487612372947,3.8429599612013363,0.23269845546107062,-0.4384544374315833,6.025387334988124,1.0738489971976353,False
143,42,monthly_constant,5,not_all_three_valid,1054,23,35,1019,1.1126183031454333,2.3705894481504814,0.1786557123361205,-0.030137140072419757,8.27860024130973,0.8664854593419493,False
143,42,monthly_gru_tuned_anchor,0,all_three_valid,2853,58,405,2448,1.861874297189849,3.9135290024069356,0.25002120563561403,-0.35463693756015374,6.029315602769247,1.1724079047226692,False
143,42,monthly_gru_tuned_anchor,0,not_all_three_valid,1054,23,35,1019,1.2071508461514306,2.6303122979206237,0.19695199170700722,-0.512878464403626,10.668423932606983,0.8821807205126235,False
143,42,monthly_gru_tuned_anchor,5,all_three_valid,2853,58,405,2448,1.770140550850992,3.839569487019469,0.23088752301491675,-0.4293122408455263,6.007814922628032,1.0690547172849376,False
143,42,monthly_gru_tuned_anchor,5,not_all_three_valid,1054,23,35,1019,1.1145357228842034,2.37836016268823,0.1788982942697373,-0.019468280883216785,8.323224658097203,0.8669360047954349,False
143,42,monthly_integrated_constant,0,all_three_valid,2853,58,405,2448,1.8429759515225683,3.90822964501938,0.24633787137280666,-0.39665287094462776,6.028273055281787,1.1505554747976974,False
143,42,monthly_integrated_constant,0,not_all_three_valid,1054,23,35,1019,1.1882451273394883,2.623235677308789,0.19300675448477372,-0.5434969130571031,10.635049330568974,0.8637719702118809,False
143,42,monthly_integrated_constant,5,all_three_valid,2853,58,405,2448,1.7795343743248944,3.844993831088822,0.2331731744094478,-0.43590649116813623,6.027736017181617,1.0767068966463922,False
143,42,monthly_integrated_constant,5,not_all_three_valid,1054,23,35,1019,1.1130704167244505,2.370598001959894,0.17870616192041913,-0.028820601356223174,8.274905921388823,0.86707999212852,False
143,42,monthly_integrated_gru_tuned_anchor,0,all_three_valid,2853,58,405,2448,1.8429759515225683,3.90822964501938,0.24633787137280666,-0.39665287094462776,6.028273055281787,1.1505554747976974,False
143,42,monthly_integrated_gru_tuned_anchor,0,not_all_three_valid,1054,23,35,1019,1.1882451273394883,2.623235677308789,0.19300675448477372,-0.5434969130571031,10.635049330568974,0.8637719702118809,False
143,42,monthly_integrated_gru_tuned_anchor,5,all_three_valid,2853,58,405,2448,1.7731381655423915,3.84161247653186,0.23144564837485077,-0.42658182595195243,6.009525501283709,1.072265260732247,False
143,42,monthly_integrated_gru_tuned_anchor,5,not_all_three_valid,1054,23,35,1019,1.1149480013210025,2.3781962048388468,0.17890910128091544,-0.018632228689582586,8.31931682562773,0.8674966678070323,False
143,42,prior_ecological_affine_constant,0,all_three_valid,2853,58,405,2448,1.8332673882198345,3.908237299202232,0.24473763220971068,-0.4357866435135676,6.035874191900111,1.1379831743756716,False
143,42,prior_ecological_affine_constant,0,not_all_three_valid,1054,23,35,1019,1.1774612266570117,2.6239754413830387,0.1904368569264417,-0.5876015429956642,10.626172528744915,0.8529225656431976,False
143,42,prior_ecological_affine_constant,5,all_three_valid,2853,58,405,2448,1.7803790867510914,3.8457192557099487,0.23336686912338153,-0.4339990886753238,6.030185927526675,1.0772860432404252,False
143,42,prior_ecological_affine_constant,5,not_all_three_valid,1054,23,35,1019,1.1128093114938171,2.370726043720648,0.17872956417265085,-0.03095022191309799,8.276873535017991,0.866742336201034,False
143,42,prior_ecological_affine_gru_tuned_anchor,0,all_three_valid,2853,58,405,2448,1.8332673882198345,3.908237299202232,0.24473763220971068,-0.4357866435135676,6.035874191900111,1.1379831743756716,False
143,42,prior_ecological_affine_gru_tuned_anchor,0,not_all_three_valid,1054,23,35,1019,1.1774612266570117,2.6239754413830387,0.1904368569264417,-0.5876015429956642,10.626172528744915,0.8529225656431976,False
143,42,prior_ecological_affine_gru_tuned_anchor,5,all_three_valid,2853,58,405,2448,1.7741599371443018,3.842366883804488,0.23168721754933752,-0.4246535480357031,6.011771678432146,1.0730844652400624,False
143,42,prior_ecological_affine_gru_tuned_anchor,5,not_all_three_valid,1054,23,35,1019,1.1147043710471018,2.3783374543042335,0.17895472698157205,-0.020599743557113363,8.321349481076862,0.8671748530382289,False
143,42,prior_encoder_constant,0,all_three_valid,2853,58,405,2448,1.861874299881479,3.913529001637812,0.25002120638195546,-0.3546369201096888,6.029315599609649,1.172407908382333,False
143,42,prior_encoder_constant,0,not_all_three_valid,1054,23,35,1019,1.2071508448967077,2.630312298287895,0.19695199145312123,-0.5128784606748014,10.668423938567448,0.8821807190100776,False
143,42,prior_encoder_constant,5,all_three_valid,2853,58,405,2448,1.776748761594861,3.8429599615236483,0.23269845554296706,-0.43845443565700265,6.025387334908213,1.073848997627578,False
143,42,prior_encoder_constant,5,not_all_three_valid,1054,23,35,1019,1.1126183039346158,2.3705894487028023,0.1786557124714295,-0.030137140883705803,8.278600244014257,0.8664854600653445,False
143,42,prior_encoder_gru_tuned_anchor,0,all_three_valid,2853,58,405,2448,1.861874299881479,3.913529001637812,0.25002120638195546,-0.3546369201096888,6.029315599609649,1.172407908382333,False
143,42,prior_encoder_gru_tuned_anchor,0,not_all_three_valid,1054,23,35,1019,1.2071508448967077,2.630312298287895,0.19695199145312123,-0.5128784606748014,10.668423938567448,0.8821807190100776,False
143,42,prior_encoder_gru_tuned_anchor,5,all_three_valid,2853,58,405,2448,1.7701405513317015,3.8395694873949826,0.23088752310800853,-0.42931223927267126,6.007814923042447,1.069054717776615,False
143,42,prior_encoder_gru_tuned_anchor,5,not_all_three_valid,1054,23,35,1019,1.1145357237233753,2.378360163325292,0.17889829440246097,-0.019468281144738902,8.323224660492281,0.8669360055811656,False
143,42,prior_encoder_integrated_constant,0,all_three_valid,2853,58,405,2448,1.8429759532528842,3.908229644289046,0.24633787187760828,-0.396652857856779,6.028273052856898,1.1505554772154554,False
143,42,prior_encoder_integrated_constant,0,not_all_three_valid,1054,23,35,1019,1.188245126398446,2.6232356775790358,0.1930067542867481,-0.5434969102604845,10.635049335039323,0.8637719690849714,False
143,42,prior_encoder_integrated_constant,5,all_three_valid,2853,58,405,2448,1.7795343745420207,3.8449938313270815,0.23317317445277186,-0.4359064898118615,6.02773601712415,1.0767068969089475,False
143,42,prior_encoder_integrated_constant,5,not_all_three_valid,1054,23,35,1019,1.113070417292528,2.37059800236561,0.17870616201960415,-0.028820602003467918,8.274905923433352,0.8670799926458855,False
143,42,prior_encoder_integrated_gru_tuned_anchor,0,all_three_valid,2853,58,405,2448,1.8429759532528842,3.908229644289046,0.24633787187760828,-0.396652857856779,6.028273052856898,1.1505554772154554,False
143,42,prior_encoder_integrated_gru_tuned_anchor,0,not_all_three_valid,1054,23,35,1019,1.188245126398446,2.6232356775790358,0.1930067542867481,-0.5434969102604845,10.635049335039323,0.8637719690849714,False
143,42,prior_encoder_integrated_gru_tuned_anchor,5,all_three_valid,2853,58,405,2448,1.7731381658551848,3.8416124768133937,0.23144564843369128,-0.4265818247496326,6.009525501594245,1.072265261045414,False
143,42,prior_encoder_integrated_gru_tuned_anchor,5,not_all_three_valid,1054,23,35,1019,1.1149480019523297,2.3781962053150365,0.1789091013807368,-0.01863222891237337,8.319316827441666,0.8674966683977403,False
143,43,availability_constant,0,all_three_valid,2853,58,405,2448,1.873726543630211,3.9120862294246823,0.2551236100379354,-0.3031471243787728,5.9892836716723306,1.1928439305350078,False
143,43,availability_constant,0,not_all_three_valid,1054,23,35,1019,1.2495370487991238,2.6510209125492477,0.20462713123150544,-0.5664346476335189,10.599225965011714,0.9283995492236177,False
143,43,availability_constant,5,all_three_valid,2853,58,405,2448,1.7722302931895653,3.842716576934711,0.2321612413368139,-0.4495951725589397,6.018221523523472,1.0697685087593234,False
143,43,availability_constant,5,not_all_three_valid,1054,23,35,1019,1.1078042939097599,2.375357193689099,0.17815360231638827,-0.06604703367419397,8.304844201600277,0.860604689622058,False
143,43,availability_gru_tuned_anchor,0,all_three_valid,2853,58,405,2448,1.873726543630211,3.9120862294246823,0.2551236100379354,-0.3031471243787728,5.9892836716723306,1.1928439305350078,False
143,43,availability_gru_tuned_anchor,0,not_all_three_valid,1054,23,35,1019,1.2495370487991238,2.6510209125492477,0.20462713123150544,-0.5664346476335189,10.599225965011714,0.9283995492236177,False
143,43,availability_gru_tuned_anchor,5,all_three_valid,2853,58,405,2448,1.766941620140195,3.8415481286441624,0.2305378776636064,-0.45002145199479243,6.018529709330924,1.0635538847961405,False
143,43,availability_gru_tuned_anchor,5,not_all_three_valid,1054,23,35,1019,1.1127627392263608,2.368241106419274,0.17763403267672395,-0.0123591119577215,8.064414613438545,0.8739915757352654,False
143,43,availability_integrated_constant,0,all_three_valid,2853,58,405,2448,1.833327394486804,3.9230951302630013,0.2471729208795051,-0.540380541744217,6.049105182224144,1.1358641575449642,False
143,43,availability_integrated_constant,0,not_all_three_valid,1054,23,35,1019,1.187474366268661,2.6393124776195225,0.19067662477423608,-0.6936164268256879,10.532363959238667,0.8665017109654714,False
143,43,availability_integrated_constant,5,all_three_valid,2853,58,405,2448,1.7722302931895653,3.842716576934711,0.2321612413368139,-0.4495951725589397,6.018221523523472,1.0697685087593234,False
143,43,availability_integrated_constant,5,not_all_three_valid,1054,23,35,1019,1.1078042939097599,2.375357193689099,0.17815360231638827,-0.06604703367419397,8.304844201600277,0.860604689622058,False
143,43,availability_integrated_gru_tuned_anchor,0,all_three_valid,2853,58,405,2448,1.833327394486804,3.9230951302630013,0.2471729208795051,-0.540380541744217,6.049105182224144,1.1358641575449642,False
143,43,availability_integrated_gru_tuned_anchor,0,not_all_three_valid,1054,23,35,1019,1.187474366268661,2.6393124776195225,0.19067662477423608,-0.6936164268256879,10.532363959238667,0.8665017109654714,False
143,43,availability_integrated_gru_tuned_anchor,5,all_three_valid,2853,58,405,2448,1.766941620140195,3.8415481286441624,0.2305378776636064,-0.45002145199479243,6.018529709330924,1.0635538847961405,False
143,43,availability_integrated_gru_tuned_anchor,5,not_all_three_valid,1054,23,35,1019,1.1127627392263608,2.368241106419274,0.17763403267672395,-0.0123591119577215,8.064414613438545,0.8739915757352654,False
143,43,context_constant,0,all_three_valid,2853,58,405,2448,1.909133754981907,3.925241641775571,0.263600836965429,-0.22058959512088488,6.008518915845736,1.2309266511625234,False
143,43,context_constant,0,not_all_three_valid,1054,23,35,1019,1.2265200818900903,2.618399175846442,0.20203931405665637,-0.40264078961607513,10.483652218726444,0.908561666984033,False
143,43,context_constant,5,all_three_valid,2853,58,405,2448,1.7852859522378748,3.8540917807227784,0.23488556264552368,-0.4411606157054678,6.044974461463107,1.0805580738734062,False
143,43,context_constant,5,not_all_three_valid,1054,23,35,1019,1.1047230385626339,2.37421918078747,0.1776562281368268,-0.06579828993158096,8.308765686126764,0.8572829083715205,False
143,43,context_gru_tuned_anchor,0,all_three_valid,2853,58,405,2448,1.909133754981907,3.925241641775571,0.263600836965429,-0.22058959512088488,6.008518915845736,1.2309266511625234,False
143,43,context_gru_tuned_anchor,0,not_all_three_valid,1054,23,35,1019,1.2265200818900903,2.618399175846442,0.20203931405665637,-0.40264078961607513,10.483652218726444,0.908561666984033,False
143,43,context_gru_tuned_anchor,5,all_three_valid,2853,58,405,2448,1.7814940078350316,3.8538128361577693,0.23351349623722523,-0.4438153595031279,6.048481525806732,1.0755585728764783,False
143,43,context_gru_tuned_anchor,5,not_all_three_valid,1054,23,35,1019,1.1100173021419375,2.3665414687208415,0.17727363678199548,-0.012447646673369025,8.069678490710068,0.8709710395316486,False
143,43,daily_constant,0,all_three_valid,2853,58,405,2448,1.845058535454035,3.853336774471097,0.24947696357343702,-0.330231259011636,5.9083891355718245,1.1728163405816068,False
143,43,daily_constant,0,not_all_three_valid,1054,23,35,1019,1.3418854998924477,2.7037077163260133,0.22348148616605606,-0.6825836258185441,10.37019693849061,1.0317864809023245,False
143,43,daily_constant,5,all_three_valid,2853,58,405,2448,1.7668944371942978,3.8162966460759935,0.2302251213738745,-0.487969333278274,5.960796587868154,1.0730503313842845,False
143,43,daily_constant,5,not_all_three_valid,1054,23,35,1019,1.1066580798104544,2.348113868411576,0.1804050229436796,-0.10741647917633093,8.237892117750091,0.8617187360146865,False
143,43,daily_gru_tuned_anchor,0,all_three_valid,2853,58,405,2448,1.845058535454035,3.853336774471097,0.24947696357343702,-0.330231259011636,5.9083891355718245,1.1728163405816068,False
143,43,daily_gru_tuned_anchor,0,not_all_three_valid,1054,23,35,1019,1.3418854998924477,2.7037077163260133,0.22348148616605606,-0.6825836258185441,10.37019693849061,1.0317864809023245,False
143,43,daily_gru_tuned_anchor,5,all_three_valid,2853,58,405,2448,1.7597540247002585,3.8124186423077737,0.22822346138891988,-0.47807494463704214,5.962752783494477,1.0644049653409209,False
143,43,daily_gru_tuned_anchor,5,not_all_three_valid,1054,23,35,1019,1.102336673019918,2.330923315091936,0.178968691567406,-0.05652177051867294,8.011527183533902,0.8650239469473079,False
143,43,daily_integrated_constant,0,all_three_valid,2853,58,405,2448,1.845058535454035,3.853336774471097,0.24947696357343702,-0.330231259011636,5.9083891355718245,1.1728163405816068,False
143,43,daily_integrated_constant,0,not_all_three_valid,1054,23,35,1019,1.3418854998924477,2.7037077163260133,0.22348148616605606,-0.6825836258185441,10.37019693849061,1.0317864809023245,False
143,43,daily_integrated_constant,5,all_three_valid,2853,58,405,2448,1.7587448771592005,3.8223702183581447,0.22941063191889896,-0.4744388672647057,5.971782577349543,1.0617349635247688,False
143,43,daily_integrated_constant,5,not_all_three_valid,1054,23,35,1019,1.1047608694868356,2.3593648420260656,0.17869533042211425,-0.08516629998366579,8.268569153859392,0.8587026850383178,False
143,43,daily_integrated_gru_tuned_anchor,0,all_three_valid,2853,58,405,2448,1.845058535454035,3.853336774471097,0.24947696357343702,-0.330231259011636,5.9083891355718245,1.1728163405816068,False
143,43,daily_integrated_gru_tuned_anchor,0,not_all_three_valid,1054,23,35,1019,1.3418854998924477,2.7037077163260133,0.22348148616605606,-0.6825836258185441,10.37019693849061,1.0317864809023245,False
143,43,daily_integrated_gru_tuned_anchor,5,all_three_valid,2853,58,405,2448,1.7531279560179154,3.8205609782469945,0.22767318668102718,-0.46992353665268166,5.973430672859928,1.0549161094815531,False
143,43,daily_integrated_gru_tuned_anchor,5,not_all_three_valid,1054,23,35,1019,1.1056471394279925,2.348074916260013,0.17783295493909104,-0.03242010503287858,8.034673830633333,0.8676530921343842,False
143,43,monthly_constant,0,all_three_valid,2853,58,405,2448,1.8738564933544832,3.9114413182695773,0.255122757472346,-0.2996658351969106,5.986716989001299,1.1934200142952673,False
143,43,monthly_constant,0,not_all_three_valid,1054,23,35,1019,1.2487457864679576,2.6498872774473243,0.2045088569023986,-0.5633760442736024,10.592859983952298,0.9277997639832158,False
143,43,monthly_constant,5,all_three_valid,2853,58,405,2448,1.7721118500059225,3.842608946293436,0.23213791849271956,-0.4498309324522007,6.018103459958302,1.069650002771154,False
143,43,monthly_constant,5,not_all_three_valid,1054,23,35,1019,1.1077813906529466,2.3753176770533737,0.17814977291079623,-0.06593230932042005,8.304738216469861,0.8605846400115412,False
143,43,monthly_gru_tuned_anchor,0,all_three_valid,2853,58,405,2448,1.8738564933544832,3.9114413182695773,0.255122757472346,-0.2996658351969106,5.986716989001299,1.1934200142952673,False
143,43,monthly_gru_tuned_anchor,0,not_all_three_valid,1054,23,35,1019,1.2487457864679576,2.6498872774473243,0.2045088569023986,-0.5633760442736024,10.592859983952298,0.9277997639832158,False
143,43,monthly_gru_tuned_anchor,5,all_three_valid,2853,58,405,2448,1.7668357120122438,3.841463112722742,0.23051552362669847,-0.45030568326707054,6.018473119681929,1.063439817361009,False
143,43,monthly_gru_tuned_anchor,5,not_all_three_valid,1054,23,35,1019,1.112785976472556,2.368260186968459,0.1776373066883449,-0.012273557762724603,8.064268937145684,0.8740206147222525,False
143,43,monthly_integrated_constant,0,all_three_valid,2853,58,405,2448,1.833327394486804,3.9230951302630013,0.2471729208795051,-0.540380541744217,6.049105182224144,1.1358641575449642,False
143,43,monthly_integrated_constant,0,not_all_three_valid,1054,23,35,1019,1.187474366268661,2.6393124776195225,0.19067662477423608,-0.6936164268256879,10.532363959238667,0.8665017109654714,False
143,43,monthly_integrated_constant,5,all_three_valid,2853,58,405,2448,1.7721118500059225,3.842608946293436,0.23213791849271956,-0.4498309324522007,6.018103459958302,1.069650002771154,False
143,43,monthly_integrated_constant,5,not_all_three_valid,1054,23,35,1019,1.1077813906529466,2.3753176770533737,0.17814977291079623,-0.06593230932042005,8.304738216469861,0.8605846400115412,False
143,43,monthly_integrated_gru_tuned_anchor,0,all_three_valid,2853,58,405,2448,1.833327394486804,3.9230951302630013,0.2471729208795051,-0.540380541744217,6.049105182224144,1.1358641575449642,False
143,43,monthly_integrated_gru_tuned_anchor,0,not_all_three_valid,1054,23,35,1019,1.187474366268661,2.6393124776195225,0.19067662477423608,-0.6936164268256879,10.532363959238667,0.8665017109654714,False
143,43,monthly_integrated_gru_tuned_anchor,5,all_three_valid,2853,58,405,2448,1.7668357120122438,3.841463112722742,0.23051552362669847,-0.45030568326707054,6.018473119681929,1.063439817361009,False
143,43,monthly_integrated_gru_tuned_anchor,5,not_all_three_valid,1054,23,35,1019,1.112785976472556,2.368260186968459,0.1776373066883449,-0.012273557762724603,8.064268937145684,0.8740206147222525,False
143,43,prior_ecological_affine_constant,0,all_three_valid,2853,58,405,2448,1.833327394486804,3.9230951302630013,0.2471729208795051,-0.540380541744217,6.049105182224144,1.1358641575449642,False
143,43,prior_ecological_affine_constant,0,not_all_three_valid,1054,23,35,1019,1.187474366268661,2.6393124776195225,0.19067662477423608,-0.6936164268256879,10.532363959238667,0.8665017109654714,False
143,43,prior_ecological_affine_constant,5,all_three_valid,2853,58,405,2448,1.773884667370005,3.8444299287865635,0.23257264446550657,-0.4485276284171751,6.022632458161011,1.0709668343347283,False
143,43,prior_ecological_affine_constant,5,not_all_three_valid,1054,23,35,1019,1.1071500711083428,2.3748290242447685,0.1781570183939054,-0.06631535770879081,8.306430183402119,0.8598735216183703,False
143,43,prior_ecological_affine_gru_tuned_anchor,0,all_three_valid,2853,58,405,2448,1.833327394486804,3.9230951302630013,0.2471729208795051,-0.540380541744217,6.049105182224144,1.1358641575449642,False
143,43,prior_ecological_affine_gru_tuned_anchor,0,not_all_three_valid,1054,23,35,1019,1.187474366268661,2.6393124776195225,0.19067662477423608,-0.6936164268256879,10.532363959238667,0.8665017109654714,False
143,43,prior_ecological_affine_gru_tuned_anchor,5,all_three_valid,2853,58,405,2448,1.7687762397945022,3.8434760734239526,0.23097218567401764,-0.4495881418786075,6.023549528086995,1.0648615413637588,False
143,43,prior_ecological_affine_gru_tuned_anchor,5,not_all_three_valid,1054,23,35,1019,1.111797410373952,2.3671996270428015,0.17760892542565818,-0.013044231749135462,8.066850773613082,0.8729094145806555,False
143,43,prior_encoder_constant,0,all_three_valid,2853,58,405,2448,1.8738565060695827,3.911441310718196,0.25512276074858153,-0.2996657472624156,5.986716954480276,1.1934200348251665,False
143,43,prior_encoder_constant,0,not_all_three_valid,1054,23,35,1019,1.2487457682797756,2.6498872556821094,0.20450885415823053,-0.5633759503567013,10.592859879431296,0.9277997487603417,False
143,43,prior_encoder_constant,5,all_three_valid,2853,58,405,2448,1.7721118504089524,3.842608946460302,0.23213791855908406,-0.44983093297763066,6.018103462143699,1.0696500028793068,False
143,43,prior_encoder_constant,5,not_all_three_valid,1054,23,35,1019,1.1077813919038069,2.3753176768898534,0.17814977306694574,-0.0659323055273686,8.304738210310742,0.8605846415169153,False
143,43,prior_encoder_gru_tuned_anchor,0,all_three_valid,2853,58,405,2448,1.8738565060695827,3.911441310718196,0.25512276074858153,-0.2996657472624156,5.986716954480276,1.1934200348251665,False
143,43,prior_encoder_gru_tuned_anchor,0,not_all_three_valid,1054,23,35,1019,1.2487457682797756,2.6498872556821094,0.20450885415823053,-0.5633759503567013,10.592859879431296,0.9277997487603417,False
143,43,prior_encoder_gru_tuned_anchor,5,all_three_valid,2853,58,405,2448,1.766835712475886,3.841463112863792,0.2305155237058297,-0.450305683818743,6.018473121975694,1.0634398175218736,False
143,43,prior_encoder_gru_tuned_anchor,5,not_all_three_valid,1054,23,35,1019,1.1127859776688445,2.3682601867727646,0.17763730683271375,-0.012273554432796773,8.064268930914753,0.8740206161736462,False
143,43,prior_encoder_integrated_constant,0,all_three_valid,2853,58,405,2448,1.833327394486804,3.9230951302630013,0.2471729208795051,-0.540380541744217,6.049105182224144,1.1358641575449642,False
143,43,prior_encoder_integrated_constant,0,not_all_three_valid,1054,23,35,1019,1.187474366268661,2.6393124776195225,0.19067662477423608,-0.6936164268256879,10.532363959238667,0.8665017109654714,False
143,43,prior_encoder_integrated_constant,5,all_three_valid,2853,58,405,2448,1.7721118504089524,3.842608946460302,0.23213791855908406,-0.44983093297763066,6.018103462143699,1.0696500028793068,False
143,43,prior_encoder_integrated_constant,5,not_all_three_valid,1054,23,35,1019,1.1077813919038069,2.3753176768898534,0.17814977306694574,-0.0659323055273686,8.304738210310742,0.8605846415169153,False
143,43,prior_encoder_integrated_gru_tuned_anchor,0,all_three_valid,2853,58,405,2448,1.833327394486804,3.9230951302630013,0.2471729208795051,-0.540380541744217,6.049105182224144,1.1358641575449642,False
143,43,prior_encoder_integrated_gru_tuned_anchor,0,not_all_three_valid,1054,23,35,1019,1.187474366268661,2.6393124776195225,0.19067662477423608,-0.6936164268256879,10.532363959238667,0.8665017109654714,False
143,43,prior_encoder_integrated_gru_tuned_anchor,5,all_three_valid,2853,58,405,2448,1.766835712475886,3.841463112863792,0.2305155237058297,-0.450305683818743,6.018473121975694,1.0634398175218736,False
143,43,prior_encoder_integrated_gru_tuned_anchor,5,not_all_three_valid,1054,23,35,1019,1.1127859776688445,2.3682601867727646,0.17763730683271375,-0.012273554432796773,8.064268930914753,0.8740206161736462,False
143,44,availability_constant,0,all_three_valid,2853,58,405,2448,1.860586572413511,3.906145535177829,0.2491662500177478,-0.2962828309299278,6.010762513765996,1.1739765821162254,False
143,44,availability_constant,0,not_all_three_valid,1054,23,35,1019,1.342752296852423,2.7634409219396114,0.22535526926987598,-0.4875341416360914,10.449585698717861,1.0299562526274078,False
143,44,availability_constant,5,all_three_valid,2853,58,405,2448,1.7858353844132349,3.8571311145131024,0.23355166876417008,-0.5040806745768885,6.030004795463773,1.08367500390855,False
143,44,availability_constant,5,not_all_three_valid,1054,23,35,1019,1.0833206179051542,2.3747408435037975,0.17379517022187158,-0.1266854898643456,8.414909059002078,0.8314996214003532,False
143,44,availability_gru_tuned_anchor,0,all_three_valid,2853,58,405,2448,1.860586572413511,3.906145535177829,0.2491662500177478,-0.2962828309299278,6.010762513765996,1.1739765821162254,False
143,44,availability_gru_tuned_anchor,0,not_all_three_valid,1054,23,35,1019,1.342752296852423,2.7634409219396114,0.22535526926987598,-0.4875341416360914,10.449585698717861,1.0299562526274078,False
143,44,availability_gru_tuned_anchor,5,all_three_valid,2853,58,405,2448,1.7669548885284314,3.8423288845149544,0.2302980684037312,-0.498063672433267,6.003875260217781,1.065993797623943,False
143,44,availability_gru_tuned_anchor,5,not_all_three_valid,1054,23,35,1019,1.068576756899357,2.3526106394531094,0.17113126458044423,-0.11241155544859183,8.340598550222825,0.8188017198372161,False
143,44,availability_integrated_constant,0,all_three_valid,2853,58,405,2448,1.860586572413511,3.906145535177829,0.2491662500177478,-0.2962828309299278,6.010762513765996,1.1739765821162254,False
143,44,availability_integrated_constant,0,not_all_three_valid,1054,23,35,1019,1.342752296852423,2.7634409219396114,0.22535526926987598,-0.4875341416360914,10.449585698717861,1.0299562526274078,False
143,44,availability_integrated_constant,5,all_three_valid,2853,58,405,2448,1.7751373657504241,3.8461052608619566,0.23201700593408348,-0.47221268345198,6.023725230027475,1.0722459911457645,False
143,44,availability_integrated_constant,5,not_all_three_valid,1054,23,35,1019,1.095243333942559,2.3784891855359267,0.1756577545985621,-0.08609315787683786,8.363457184115317,0.8455990898247508,False
143,44,availability_integrated_gru_tuned_anchor,0,all_three_valid,2853,58,405,2448,1.860586572413511,3.906145535177829,0.2491662500177478,-0.2962828309299278,6.010762513765996,1.1739765821162254,False
143,44,availability_integrated_gru_tuned_anchor,0,not_all_three_valid,1054,23,35,1019,1.342752296852423,2.7634409219396114,0.22535526926987598,-0.4875341416360914,10.449585698717861,1.0299562526274078,False
143,44,availability_integrated_gru_tuned_anchor,5,all_three_valid,2853,58,405,2448,1.7548932200611373,3.831658068245633,0.22842453418947573,-0.46853530717463804,5.995970901299257,1.0532443389739479,False
143,44,availability_integrated_gru_tuned_anchor,5,not_all_three_valid,1054,23,35,1019,1.0808123087001646,2.3568124781408146,0.17297125625419882,-0.07394040448849401,8.300917602263999,0.832820468391299,False
143,44,context_constant,0,all_three_valid,2853,58,405,2448,1.9131453016593212,3.9257379605849843,0.2621112844671457,-0.2178400690314692,6.023416804066439,1.233137148687555,False
143,44,context_constant,0,not_all_three_valid,1054,23,35,1019,1.2262371137137313,2.622076789689641,0.20174680210130164,-0.4040342635920014,10.579457397506097,0.904978320845495,False
143,44,context_constant,5,all_three_valid,2853,58,405,2448,1.7902603266487491,3.8505971926692015,0.23568448237799572,-0.4308049616854529,6.049361231828945,1.0856296621887902,False
143,44,context_constant,5,not_all_three_valid,1054,23,35,1019,1.114093617252159,2.3866640134156847,0.17901415980024885,-0.04689985518185085,8.342818061694922,0.8658057315254695,False
143,44,context_gru_tuned_anchor,0,all_three_valid,2853,58,405,2448,1.9131453016593212,3.9257379605849843,0.2621112844671457,-0.2178400690314692,6.023416804066439,1.233137148687555,False
143,44,context_gru_tuned_anchor,0,not_all_three_valid,1054,23,35,1019,1.2262371137137313,2.622076789689641,0.20174680210130164,-0.4040342635920014,10.579457397506097,0.904978320845495,False
143,44,context_gru_tuned_anchor,5,all_three_valid,2853,58,405,2448,1.7696643749601815,3.8371969998126887,0.2318978441742163,-0.42841138623273856,6.0207884986685745,1.0663533986113665,False
143,44,context_gru_tuned_anchor,5,not_all_three_valid,1054,23,35,1019,1.1009228720643573,2.365474053499266,0.17642693596871367,-0.037328357697843116,8.286813555826475,0.8541062146240489,False
143,44,daily_constant,0,all_three_valid,2853,58,405,2448,1.8815373233708652,3.867248147347096,0.2643570595712217,-0.25329744543347,5.812373646229473,1.2312151376038163,False
143,44,daily_constant,0,not_all_three_valid,1054,23,35,1019,1.2684883782195353,2.7048731097994634,0.20935394170299773,-0.42240354065112845,10.293879768212381,0.9584896553051588,False
143,44,daily_constant,5,all_three_valid,2853,58,405,2448,1.786889001640732,3.8338014611680853,0.233382429140329,-0.4796987984406439,5.9830535341979525,1.092670604710309,False
143,44,daily_constant,5,not_all_three_valid,1054,23,35,1019,1.0995158231761657,2.364378726065365,0.1775339736378184,-0.09046295597012076,8.320537881862535,0.85149249436947,False
143,44,daily_gru_tuned_anchor,0,all_three_valid,2853,58,405,2448,1.8815373233708652,3.867248147347096,0.2643570595712217,-0.25329744543347,5.812373646229473,1.2312151376038163,False
143,44,daily_gru_tuned_anchor,0,not_all_three_valid,1054,23,35,1019,1.2684883782195353,2.7048731097994634,0.20935394170299773,-0.42240354065112845,10.293879768212381,0.9584896553051588,False
143,44,daily_gru_tuned_anchor,5,all_three_valid,2853,58,405,2448,1.772834051097596,3.8233788992854256,0.23105434217155976,-0.4791084824644876,5.962765407276283,1.079646878200387,False
143,44,daily_gru_tuned_anchor,5,not_all_three_valid,1054,23,35,1019,1.0880648861313582,2.345061635098322,0.17535704789900491,-0.08027888628151075,8.256209570482289,0.8418577576207767,False
143,44,daily_integrated_constant,0,all_three_valid,2853,58,405,2448,1.8815373233708652,3.867248147347096,0.2643570595712217,-0.25329744543347,5.812373646229473,1.2312151376038163,False
143,44,daily_integrated_constant,0,not_all_three_valid,1054,23,35,1019,1.2684883782195353,2.7048731097994634,0.20935394170299773,-0.42240354065112845,10.293879768212381,0.9584896553051588,False
143,44,daily_integrated_constant,5,all_three_valid,2853,58,405,2448,1.7636309712080234,3.8276354094151173,0.22955747199019697,-0.4658162059985208,5.989448561770899,1.0645067374751949,False
143,44,daily_integrated_constant,5,not_all_three_valid,1054,23,35,1019,1.103924262939241,2.373078168761524,0.17768362325064432,-0.06678193710902791,8.326263782701629,0.8558556827707582,False
143,44,daily_integrated_gru_tuned_anchor,0,all_three_valid,2853,58,405,2448,1.8815373233708652,3.867248147347096,0.2643570595712217,-0.25329744543347,5.812373646229473,1.2312151376038163,False
143,44,daily_integrated_gru_tuned_anchor,0,not_all_three_valid,1054,23,35,1019,1.2684883782195353,2.7048731097994634,0.20935394170299773,-0.42240354065112845,10.293879768212381,0.9584896553051588,False
143,44,daily_integrated_gru_tuned_anchor,5,all_three_valid,2853,58,405,2448,1.746355352739229,3.8157027387068916,0.226371940353065,-0.46510307164031417,5.96692143093777,1.048099935390206,False
143,44,daily_integrated_gru_tuned_anchor,5,not_all_three_valid,1054,23,35,1019,1.0917219438252117,2.3530438015584028,0.17534466101350082,-0.05688662015444959,8.26695854993502,0.845271226245385,False
143,44,monthly_constant,0,all_three_valid,2853,58,405,2448,1.8603557866660914,3.9062772143503546,0.24929665787379737,-0.3015757947462489,6.011366569955821,1.1736076791365406,False
143,44,monthly_constant,0,not_all_three_valid,1054,23,35,1019,1.3449669741255372,2.765824091373458,0.2257816014743151,-0.4946312256052709,10.456505637895239,1.0320093163905621,False
143,44,monthly_constant,5,all_three_valid,2853,58,405,2448,1.7855512179602282,3.857174433773148,0.23347849177284666,-0.5043117661358004,6.030318073486088,1.0832919955386704,False
143,44,monthly_constant,5,not_all_three_valid,1054,23,35,1019,1.083307830984948,2.3749118236930924,0.1737731444129364,-0.1267718345952736,8.41654131750144,0.8314303314480715,False
143,44,monthly_gru_tuned_anchor,0,all_three_valid,2853,58,405,2448,1.8603557866660914,3.9062772143503546,0.24929665787379737,-0.3015757947462489,6.011366569955821,1.1736076791365406,False
143,44,monthly_gru_tuned_anchor,0,not_all_three_valid,1054,23,35,1019,1.3449669741255372,2.765824091373458,0.2257816014743151,-0.4946312256052709,10.456505637895239,1.0320093163905621,False
143,44,monthly_gru_tuned_anchor,5,all_three_valid,2853,58,405,2448,1.7666277314479366,3.842395314535291,0.2302135405535254,-0.4982573324785809,6.004289299544085,1.065544016137912,False
143,44,monthly_gru_tuned_anchor,5,not_all_three_valid,1054,23,35,1019,1.0685233042468743,2.352753257673552,0.17110462897828574,-0.11248770718127526,8.341933859245136,0.8187005668328025,False
143,44,monthly_integrated_constant,0,all_three_valid,2853,58,405,2448,1.8603557866660914,3.9062772143503546,0.24929665787379737,-0.3015757947462489,6.011366569955821,1.1736076791365406,False
143,44,monthly_integrated_constant,0,not_all_three_valid,1054,23,35,1019,1.3449669741255372,2.765824091373458,0.2257816014743151,-0.4946312256052709,10.456505637895239,1.0320093163905621,False
143,44,monthly_integrated_constant,5,all_three_valid,2853,58,405,2448,1.7750732631106485,3.8461919669109035,0.23199442815675156,-0.4723247706994858,6.024106192601566,1.0721082563934012,False
143,44,monthly_integrated_constant,5,not_all_three_valid,1054,23,35,1019,1.0952578353468114,2.378572459575144,0.175652651762475,-0.08608853407431288,8.364261551086948,0.8455864614008793,False
143,44,monthly_integrated_gru_tuned_anchor,0,all_three_valid,2853,58,405,2448,1.8603557866660914,3.9062772143503546,0.24929665787379737,-0.3015757947462489,6.011366569955821,1.1736076791365406,False
143,44,monthly_integrated_gru_tuned_anchor,0,not_all_three_valid,1054,23,35,1019,1.3449669741255372,2.765824091373458,0.2257816014743151,-0.4946312256052709,10.456505637895239,1.0320093163905621,False
143,44,monthly_integrated_gru_tuned_anchor,5,all_three_valid,2853,58,405,2448,1.754827190732481,3.831756239051003,0.22840860042364064,-0.46862692513081383,5.996324002466676,1.0531089682029267,False
143,44,monthly_integrated_gru_tuned_anchor,5,not_all_three_valid,1054,23,35,1019,1.0807982851002729,2.3568796491988646,0.1729620057368146,-0.07393057298012826,8.301567393387641,0.8327836444819627,False
143,44,prior_ecological_affine_constant,0,all_three_valid,2853,58,405,2448,1.8426636715136355,3.926072949812654,0.24708703249616235,-0.48666839783474763,6.091622568832455,1.1397109127660365,False
143,44,prior_ecological_affine_constant,0,not_all_three_valid,1054,23,35,1019,1.2239486406626596,2.660849901254175,0.19767705126588023,-0.6778749894271047,10.793527227390248,0.8952585027475806,False
143,44,prior_ecological_affine_constant,5,all_three_valid,2853,58,405,2448,1.7772760055763217,3.839696004593978,0.23299009647666288,-0.43851993642748494,6.0220183431378445,1.0750208394356284,False
143,44,prior_ecological_affine_constant,5,not_all_three_valid,1054,23,35,1019,1.1165586106248035,2.3878481316562783,0.17940003373693028,-0.04537001065321029,8.342331990200966,0.8683720863017754,False
143,44,prior_ecological_affine_gru_tuned_anchor,0,all_three_valid,2853,58,405,2448,1.8426636715136355,3.926072949812654,0.24708703249616235,-0.48666839783474763,6.091622568832455,1.1397109127660365,False
143,44,prior_ecological_affine_gru_tuned_anchor,0,not_all_three_valid,1054,23,35,1019,1.2239486406626596,2.660849901254175,0.19767705126588023,-0.6778749894271047,10.793527227390248,0.8952585027475806,False
143,44,prior_ecological_affine_gru_tuned_anchor,5,all_three_valid,2853,58,405,2448,1.7579043282081155,3.825854119313647,0.22931991052813872,-0.43483658621002225,5.993464418610316,1.057168283840104,False
143,44,prior_ecological_affine_gru_tuned_anchor,5,not_all_three_valid,1054,23,35,1019,1.1028203878619594,2.3661579874521665,0.1767331663709779,-0.035761019052339776,8.286404094793289,0.8560829690762904,False
143,44,prior_encoder_constant,0,all_three_valid,2853,58,405,2448,1.8665263547334787,3.9097623204956986,0.2541017198263746,-0.3807345220060716,5.995879073168369,1.1833613829335887,False
143,44,prior_encoder_constant,0,not_all_three_valid,1054,23,35,1019,1.3669558555513917,2.7840782766153986,0.23048566273815096,-0.5855008967738154,10.499774164985787,1.0532672973274426,False
143,44,prior_encoder_constant,5,all_three_valid,2853,58,405,2448,1.7841495843987716,3.8557198399656056,0.23336002065145406,-0.5018603969544398,6.025209604347285,1.0825036252161129,False
143,44,prior_encoder_constant,5,not_all_three_valid,1054,23,35,1019,1.0796798494633288,2.3712267652581676,0.1733031770698622,-0.13232914355856643,8.413083790877275,0.827796495244008,False
143,44,prior_encoder_gru_tuned_anchor,0,all_three_valid,2853,58,405,2448,1.8665263547334787,3.9097623204956986,0.2541017198263746,-0.3807345220060716,5.995879073168369,1.1833613829335887,False
143,44,prior_encoder_gru_tuned_anchor,0,not_all_three_valid,1054,23,35,1019,1.3669558555513917,2.7840782766153986,0.23048566273815096,-0.5855008967738154,10.499774164985787,1.0532672973274426,False
143,44,prior_encoder_gru_tuned_anchor,5,all_three_valid,2853,58,405,2448,1.766231951916997,3.841379253677754,0.23030066484251502,-0.49596951824269536,5.999966114062866,1.065797991267864,False
143,44,prior_encoder_gru_tuned_anchor,5,not_all_three_valid,1054,23,35,1019,1.0651866820744782,2.3492757850498585,0.17072221642893673,-0.11805742226956849,8.336234195295315,0.8154451090001608,False
143,44,prior_encoder_integrated_constant,0,all_three_valid,2853,58,405,2448,1.8665263547334787,3.9097623204956986,0.2541017198263746,-0.3807345220060716,5.995879073168369,1.1833613829335887,False
143,44,prior_encoder_integrated_constant,0,not_all_three_valid,1054,23,35,1019,1.3669558555513917,2.7840782766153986,0.23048566273815096,-0.5855008967738154,10.499774164985787,1.0532672973274426,False
143,44,prior_encoder_integrated_constant,5,all_three_valid,2853,58,405,2448,1.7742892276114577,3.8454638568557113,0.23178195095680354,-0.4712960114375309,6.0214010975147625,1.0716420432524547,False
143,44,prior_encoder_integrated_constant,5,not_all_three_valid,1054,23,35,1019,1.093287449346894,2.37664681107408,0.17541547421501627,-0.0885564918346722,8.362472226923886,0.8436098563977333,False
143,44,prior_encoder_integrated_gru_tuned_anchor,0,all_three_valid,2853,58,405,2448,1.8665263547334787,3.9097623204956986,0.2541017198263746,-0.3807345220060716,5.995879073168369,1.1833613829335887,False
143,44,prior_encoder_integrated_gru_tuned_anchor,0,not_all_three_valid,1054,23,35,1019,1.3669558555513917,2.7840782766153986,0.23048566273815096,-0.5855008967738154,10.499774164985787,1.0532672973274426,False
143,44,prior_encoder_integrated_gru_tuned_anchor,5,all_three_valid,2853,58,405,2448,1.7545008979394157,3.8312976051849237,0.22831004073350022,-0.46770718473781403,5.994460027040783,1.0530370714336748,False
143,44,prior_encoder_integrated_gru_tuned_anchor,5,not_all_three_valid,1054,23,35,1019,1.0790322722760786,2.3550832157650072,0.17276686324918347,-0.07641269361291407,8.298616740561043,0.8310583209610894,False
144,42,availability_constant,0,all_three_valid,4176,62,531,3645,2.1001751899525076,4.275626111786451,0.2939119815380507,-0.26427038898762206,6.893925206619894,1.401826422092321,False
144,42,availability_constant,0,not_all_three_valid,807,20,27,780,1.061484951330855,1.7602501873120882,0.1959377084768181,0.2929619804580166,5.965031720445778,0.8917467939384155,False
144,42,availability_constant,5,all_three_valid,4176,62,531,3645,1.8149545811185601,4.008689615162851,0.24436270091054638,-0.38211014295782814,6.491767443391438,1.1336411024170792,False
144,42,availability_constant,5,not_all_three_valid,807,20,27,780,0.7542165455228562,1.474199660227363,0.14015677768301915,0.00371958453065957,5.0564269398030355,0.6052938780285422,False
144,42,availability_gru_tuned_anchor,0,all_three_valid,4176,62,531,3645,2.1001751899525076,4.275626111786451,0.2939119815380507,-0.26427038898762206,6.893925206619894,1.401826422092321,False
144,42,availability_gru_tuned_anchor,0,not_all_three_valid,807,20,27,780,1.061484951330855,1.7602501873120882,0.1959377084768181,0.2929619804580166,5.965031720445778,0.8917467939384155,False
144,42,availability_gru_tuned_anchor,5,all_three_valid,4176,62,531,3645,1.8107026903401167,4.003122608359501,0.2436285997137943,-0.3683991712042808,6.45159980950139,1.1346213816227957,False
144,42,availability_gru_tuned_anchor,5,not_all_three_valid,807,20,27,780,0.7536849104327982,1.469132559771912,0.14057184907656334,-0.0031745789213820383,5.030402318264054,0.6056446924694087,False
144,42,availability_integrated_constant,0,all_three_valid,4176,62,531,3645,2.0867894757115986,4.28146532424191,0.29263098433155466,-0.34176086808103007,6.938906770275567,1.3799378204541315,False
144,42,availability_integrated_constant,0,not_all_three_valid,807,20,27,780,1.0108711285034033,1.7390853032916305,0.18616067717833257,0.19906157780214706,5.991675198578398,0.8384586799238843,False
144,42,availability_integrated_constant,5,all_three_valid,4176,62,531,3645,1.8149545811185601,4.008689615162851,0.24436270091054638,-0.38211014295782814,6.491767443391438,1.1336411024170792,False
144,42,availability_integrated_constant,5,not_all_three_valid,807,20,27,780,0.7542165455228562,1.474199660227363,0.14015677768301915,0.00371958453065957,5.0564269398030355,0.6052938780285422,False
144,42,availability_integrated_gru_tuned_anchor,0,all_three_valid,4176,62,531,3645,2.0867894757115986,4.28146532424191,0.29263098433155466,-0.34176086808103007,6.938906770275567,1.3799378204541315,False
144,42,availability_integrated_gru_tuned_anchor,0,not_all_three_valid,807,20,27,780,1.0108711285034033,1.7390853032916305,0.18616067717833257,0.19906157780214706,5.991675198578398,0.8384586799238843,False
144,42,availability_integrated_gru_tuned_anchor,5,all_three_valid,4176,62,531,3645,1.805584122629319,4.011851595441852,0.24283492907901094,-0.40847223366771707,6.486782997630211,1.1236316939254853,False
144,42,availability_integrated_gru_tuned_anchor,5,not_all_three_valid,807,20,27,780,0.7412466540405124,1.468530091861889,0.13773561359782457,-0.04268555308781712,5.059556936894533,0.5917666827109501,False
144,42,context_constant,0,all_three_valid,4176,62,531,3645,2.156629592616081,4.350487047015756,0.30680607820341377,-0.32737912417957904,7.188400762905111,1.4236061381789133,False
144,42,context_constant,0,not_all_three_valid,807,20,27,780,1.071660794162311,1.788556444309509,0.20421303276348643,0.3704916616744019,6.248995909719359,0.8924453478545672,False
144,42,context_constant,5,all_three_valid,4176,62,531,3645,1.8520919263012674,4.066580912836433,0.2533222318257688,-0.41731960526895334,6.698324949291743,1.1460974859150008,False
144,42,context_constant,5,not_all_three_valid,807,20,27,780,0.768817713475059,1.4919682901033295,0.14618035581268696,0.0688276744448332,5.1892188028021655,0.6158038296137361,False
144,42,context_gru_tuned_anchor,0,all_three_valid,4176,62,531,3645,2.156629592616081,4.350487047015756,0.30680607820341377,-0.32737912417957904,7.188400762905111,1.4236061381789133,False
144,42,context_gru_tuned_anchor,0,not_all_three_valid,807,20,27,780,1.071660794162311,1.788556444309509,0.20421303276348643,0.3704916616744019,6.248995909719359,0.8924453478545672,False
144,42,context_gru_tuned_anchor,5,all_three_valid,4176,62,531,3645,1.8024709810366346,3.994669548628122,0.24149230414988332,-0.3975183365835536,6.519209871425204,1.1153411179923736,False
144,42,context_gru_tuned_anchor,5,not_all_three_valid,807,20,27,780,0.6998495997277676,1.4075776355996994,0.13147362304657875,-0.06643361654878482,4.720792999934753,0.5606630974129103,False
144,42,daily_constant,0,all_three_valid,4176,62,531,3645,1.985844826977968,4.136600201086933,0.2740671557212166,-0.27644300606249145,6.7628497534544785,1.289935467318427,False
144,42,daily_constant,0,not_all_three_valid,807,20,27,780,1.147197998254298,1.8421152594880899,0.20868152278522956,0.3511774241214911,6.01249184075506,0.9787839806292715,False
144,42,daily_constant,5,all_three_valid,4176,62,531,3645,1.7754842207584018,3.9581022905378958,0.23782426145091445,-0.3932340055128845,6.394856575940558,1.1025386183985324,False
144,42,daily_constant,5,not_all_three_valid,807,20,27,780,0.7621734514058519,1.474072984770438,0.14183149445475887,0.024268916702483774,5.078309557409161,0.612768740044199,False
144,42,daily_gru_tuned_anchor,0,all_three_valid,4176,62,531,3645,1.985844826977968,4.136600201086933,0.2740671557212166,-0.27644300606249145,6.7628497534544785,1.289935467318427,False
144,42,daily_gru_tuned_anchor,0,not_all_three_valid,807,20,27,780,1.147197998254298,1.8421152594880899,0.20868152278522956,0.3511774241214911,6.01249184075506,0.9787839806292715,False
144,42,daily_gru_tuned_anchor,5,all_three_valid,4176,62,531,3645,1.7733787939977887,3.9573493236105586,0.2374057685324625,-0.37825853456031455,6.363588045291049,1.1046816438093876,False
144,42,daily_gru_tuned_anchor,5,not_all_three_valid,807,20,27,780,0.7637816273342017,1.4699936503177808,0.14264950464770806,0.024120805812444652,5.051084094234806,0.61537500347995,False
144,42,daily_integrated_constant,0,all_three_valid,4176,62,531,3645,1.9906960872982922,4.168095591935662,0.27590230610755045,-0.3508903308871821,6.812019966911477,1.2883303863176063,False
144,42,daily_integrated_constant,0,not_all_three_valid,807,20,27,780,1.0761492257264156,1.7961878049753013,0.1962288655923773,0.2427231605497529,6.027270288810359,0.9047642658504328,False
144,42,daily_integrated_constant,5,all_three_valid,4176,62,531,3645,1.7754842207584018,3.9581022905378958,0.23782426145091445,-0.3932340055128845,6.394856575940558,1.1025386183985324,False
144,42,daily_integrated_constant,5,not_all_three_valid,807,20,27,780,0.7621734514058519,1.474072984770438,0.14183149445475887,0.024268916702483774,5.078309557409161,0.612768740044199,False
144,42,daily_integrated_gru_tuned_anchor,0,all_three_valid,4176,62,531,3645,1.9906960872982922,4.168095591935662,0.27590230610755045,-0.3508903308871821,6.812019966911477,1.2883303863176063,False
144,42,daily_integrated_gru_tuned_anchor,0,not_all_three_valid,807,20,27,780,1.0761492257264156,1.7961878049753013,0.1962288655923773,0.2427231605497529,6.027270288810359,0.9047642658504328,False
144,42,daily_integrated_gru_tuned_anchor,5,all_three_valid,4176,62,531,3645,1.7719703423677808,3.973248491955953,0.2370867306639168,-0.4161641166461369,6.409932009981954,1.09631666733263,False
144,42,daily_integrated_gru_tuned_anchor,5,not_all_three_valid,807,20,27,780,0.7463655641576646,1.4675864983910858,0.13872904446895393,-0.021981572087483203,5.0754137200578375,0.5965138972226587,False
144,42,monthly_constant,0,all_three_valid,4176,62,531,3645,2.0997624307435037,4.276319418672424,0.2939503152558341,-0.272512727735782,6.898482371893284,1.4006896491932892,False
144,42,monthly_constant,0,not_all_three_valid,807,20,27,780,1.063824092236437,1.7613242287616264,0.19634953658700283,0.29687267999183453,5.960976935670998,0.8943072630406254,False
144,42,monthly_constant,5,all_three_valid,4176,62,531,3645,1.8145550488082445,4.00957435584325,0.24426506671683618,-0.3870090453551367,6.494998684144284,1.132712642672871,False
144,42,monthly_constant,5,not_all_three_valid,807,20,27,780,0.7547418832007937,1.4738195208031135,0.140287203107921,0.006492087895853373,5.054024696108386,0.6059205550616849,False
144,42,monthly_gru_tuned_anchor,0,all_three_valid,4176,62,531,3645,2.0997624307435037,4.276319418672424,0.2939503152558341,-0.272512727735782,6.898482371893284,1.4006896491932892,False
144,42,monthly_gru_tuned_anchor,0,not_all_three_valid,807,20,27,780,1.063824092236437,1.7613242287616264,0.19634953658700283,0.29687267999183453,5.960976935670998,0.8943072630406254,False
144,42,monthly_gru_tuned_anchor,5,all_three_valid,4176,62,531,3645,1.8104353964364293,4.0039533057099295,0.2435669003167244,-0.37314610338517246,6.454745680525378,1.1338568612234712,False
144,42,monthly_gru_tuned_anchor,5,not_all_three_valid,807,20,27,780,0.7542069060992117,1.4687599041151498,0.14070452630934652,-0.00031608505206198013,5.028049527778704,0.6062661999641524,False
144,42,monthly_integrated_constant,0,all_three_valid,4176,62,531,3645,2.086752555672662,4.282144018525921,0.29269568494539605,-0.34794262214215,6.942539106863053,1.3793663667338152,False
144,42,monthly_integrated_constant,0,not_all_three_valid,807,20,27,780,1.0124782921830549,1.7397255609017805,0.18644944255277407,0.2019946024525105,5.988634109997313,0.8402267446433305,False
144,42,monthly_integrated_constant,5,all_three_valid,4176,62,531,3645,1.8145550488082445,4.00957435584325,0.24426506671683618,-0.3870090453551367,6.494998684144284,1.132712642672871,False
144,42,monthly_integrated_constant,5,not_all_three_valid,807,20,27,780,0.7547418832007937,1.4738195208031135,0.140287203107921,0.006492087895853373,5.054024696108386,0.6059205550616849,False
144,42,monthly_integrated_gru_tuned_anchor,0,all_three_valid,4176,62,531,3645,2.086752555672662,4.282144018525921,0.29269568494539605,-0.34794262214215,6.942539106863053,1.3793663667338152,False
144,42,monthly_integrated_gru_tuned_anchor,0,not_all_three_valid,807,20,27,780,1.0124782921830549,1.7397255609017805,0.18644944255277407,0.2019946024525105,5.988634109997313,0.8402267446433305,False
144,42,monthly_integrated_gru_tuned_anchor,5,all_three_valid,4176,62,531,3645,1.80556921624665,4.012584418403914,0.24282427125680975,-0.4120273019701983,6.489338973589922,1.123242263942321,False
144,42,monthly_integrated_gru_tuned_anchor,5,not_all_three_valid,807,20,27,780,0.7415480278970585,1.4681651949415626,0.13781749470246515,-0.04050495686011995,5.057777167452859,0.5921400961432041,False
144,42,prior_ecological_affine_constant,0,all_three_valid,4176,62,531,3645,2.098232505062842,4.33228860715836,0.29760530408556074,-0.5517111256646494,7.1939267406779654,1.3558968016028612,False
144,42,prior_ecological_affine_constant,0,not_all_three_valid,807,20,27,780,0.9272641267731413,1.7290031434847732,0.17245347826427124,0.048745501369333456,6.217213590260792,0.7441504914985689,False
144,42,prior_ecological_affine_constant,5,all_three_valid,4176,62,531,3645,1.8153170214886862,4.054976944261695,0.24570882643916916,-0.5250416309072158,6.692783925981263,1.1047724600934712,False
144,42,prior_ecological_affine_constant,5,not_all_three_valid,807,20,27,780,0.7315617147358338,1.4896736256038843,0.13647687722054153,-0.06488625310431452,5.235510858575299,0.5756557828336984,False
144,42,prior_ecological_affine_gru_tuned_anchor,0,all_three_valid,4176,62,531,3645,2.098232505062842,4.33228860715836,0.29760530408556074,-0.5517111256646494,7.1939267406779654,1.3558968016028612,False
144,42,prior_ecological_affine_gru_tuned_anchor,0,not_all_three_valid,807,20,27,780,0.9272641267731413,1.7290031434847732,0.17245347826427124,0.048745501369333456,6.217213590260792,0.7441504914985689,False
144,42,prior_ecological_affine_gru_tuned_anchor,5,all_three_valid,4176,62,531,3645,1.8080003505746753,4.046254367563414,0.24461228955920622,-0.5110342061420861,6.6410483648593885,1.1039266892344328,False
144,42,prior_ecological_affine_gru_tuned_anchor,5,not_all_three_valid,807,20,27,780,0.7319162684192563,1.4859215539749275,0.13698961432025095,-0.0707926624384381,5.210220845506462,0.5768980330585453,False
144,42,prior_encoder_constant,0,all_three_valid,4176,62,531,3645,2.100023500691118,4.276220251278746,0.2940331491889834,-0.2724505501281815,6.897533435353373,1.4011269916909384,False
144,42,prior_encoder_constant,0,not_all_three_valid,807,20,27,780,1.063209308561737,1.760888422157165,0.1962415236082216,0.2956587827598637,5.960463468423159,0.8936889722588417,False
144,42,prior_encoder_constant,5,all_three_valid,4176,62,531,3645,1.8145883191472538,4.009407599384433,0.24428802908105826,-0.38695045838934905,6.494335307229147,1.1328473998958175,False
144,42,prior_encoder_constant,5,not_all_three_valid,807,20,27,780,0.7545980544264254,1.4737868294322436,0.1402575352038364,0.005783114857559292,5.053793443323819,0.6057797525030539,False
144,42,prior_encoder_gru_tuned_anchor,0,all_three_valid,4176,62,531,3645,2.100023500691118,4.276220251278746,0.2940331491889834,-0.2724505501281815,6.897533435353373,1.4011269916909384,False
144,42,prior_encoder_gru_tuned_anchor,0,not_all_three_valid,807,20,27,780,1.063209308561737,1.760888422157165,0.1962415236082216,0.2956587827598637,5.960463468423159,0.8936889722588417,False
144,42,prior_encoder_gru_tuned_anchor,5,all_three_valid,4176,62,531,3645,1.8104418201902084,4.003796666941657,0.24358240623025648,-0.3730896348589438,6.454089058340906,1.1339598768546744,False
144,42,prior_encoder_gru_tuned_anchor,5,not_all_three_valid,807,20,27,780,0.7540562370574563,1.46873200608066,0.1406723373294447,-0.0010262052915281895,5.02782404037992,0.6061181207886019,False
144,42,prior_encoder_integrated_constant,0,all_three_valid,4176,62,531,3645,2.0868954179382198,4.282041033763013,0.2927420858774476,-0.34789598893644963,6.941749711655777,1.3796450393472672,False
144,42,prior_encoder_integrated_constant,0,not_all_three_valid,807,20,27,780,1.0120625246804267,1.739437543552423,0.1863734038148307,0.20108417952853236,5.988249009561433,0.839809915588392,False
144,42,prior_encoder_integrated_constant,5,all_three_valid,4176,62,531,3645,1.8145883191472538,4.009407599384433,0.24428802908105826,-0.38695045838934905,6.494335307229147,1.1328473998958175,False
144,42,prior_encoder_integrated_constant,5,not_all_three_valid,807,20,27,780,0.7545980544264254,1.4737868294322436,0.1402575352038364,0.005783114857559292,5.053793443323819,0.6057797525030539,False
144,42,prior_encoder_integrated_gru_tuned_anchor,0,all_three_valid,4176,62,531,3645,2.0868954179382198,4.282041033763013,0.2927420858774476,-0.34789598893644963,6.941749711655777,1.3796450393472672,False
144,42,prior_encoder_integrated_gru_tuned_anchor,0,not_all_three_valid,807,20,27,780,1.0120625246804267,1.739437543552423,0.1863734038148307,0.20108417952853236,5.988249009561433,0.839809915588392,False
144,42,prior_encoder_integrated_gru_tuned_anchor,5,all_three_valid,4176,62,531,3645,1.8055246939993614,4.012442254502924,0.24282083548422748,-0.41199122896172685,6.4888187167017435,1.1232670462476562,False
144,42,prior_encoder_integrated_gru_tuned_anchor,5,not_all_three_valid,807,20,27,780,0.741449286476006,1.4681592968041288,0.1377945977607018,-0.04104303382182397,5.057608288014693,0.59204378257659,False
144,43,availability_constant,0,all_three_valid,4176,62,531,3645,2.107065403311138,4.288304612790722,0.2954589515651335,-0.3466145875614011,6.983164490259808,1.3967201042247883,False
144,43,availability_constant,0,not_all_three_valid,807,20,27,780,1.0544722554818302,1.7636974760701323,0.1924430202328014,0.2569712864663137,6.013184403954917,0.8828245272654542,False
144,43,availability_constant,5,all_three_valid,4176,62,531,3645,1.8176617323088482,4.011535421206693,0.2462240337974856,-0.42322884744412687,6.536108319114897,1.1302830937371027,False
144,43,availability_constant,5,not_all_three_valid,807,20,27,780,0.7545862256513317,1.4828127141547907,0.1386034794605885,0.006609720902984442,5.155678243964055,0.6022407327097373,False
144,43,availability_gru_tuned_anchor,0,all_three_valid,4176,62,531,3645,2.107065403311138,4.288304612790722,0.2954589515651335,-0.3466145875614011,6.983164490259808,1.3967201042247883,False
144,43,availability_gru_tuned_anchor,0,not_all_three_valid,807,20,27,780,1.0544722554818302,1.7636974760701323,0.1924430202328014,0.2569712864663137,6.013184403954917,0.8828245272654542,False
144,43,availability_gru_tuned_anchor,5,all_three_valid,4176,62,531,3645,1.8042242179763857,4.008991547250118,0.24387673152038944,-0.43993918631136353,6.533333332317298,1.1152922729242527,False
144,43,availability_gru_tuned_anchor,5,not_all_three_valid,807,20,27,780,0.7675060318974377,1.50195659771492,0.1419812492927863,0.0005338613462120356,5.202177052792327,0.6139981888664608,False
144,43,availability_integrated_constant,0,all_three_valid,4176,62,531,3645,2.107065403311138,4.288304612790722,0.2954589515651335,-0.3466145875614011,6.983164490259808,1.3967201042247883,False
144,43,availability_integrated_constant,0,not_all_three_valid,807,20,27,780,1.0544722554818302,1.7636974760701323,0.1924430202328014,0.2569712864663137,6.013184403954917,0.8828245272654542,False
144,43,availability_integrated_constant,5,all_three_valid,4176,62,531,3645,1.8176617323088482,4.011535421206693,0.2462240337974856,-0.42322884744412687,6.536108319114897,1.1302830937371027,False
144,43,availability_integrated_constant,5,not_all_three_valid,807,20,27,780,0.7545862256513317,1.4828127141547907,0.1386034794605885,0.006609720902984442,5.155678243964055,0.6022407327097373,False
144,43,availability_integrated_gru_tuned_anchor,0,all_three_valid,4176,62,531,3645,2.107065403311138,4.288304612790722,0.2954589515651335,-0.3466145875614011,6.983164490259808,1.3967201042247883,False
144,43,availability_integrated_gru_tuned_anchor,0,not_all_three_valid,807,20,27,780,1.0544722554818302,1.7636974760701323,0.1924430202328014,0.2569712864663137,6.013184403954917,0.8828245272654542,False
144,43,availability_integrated_gru_tuned_anchor,5,all_three_valid,4176,62,531,3645,1.8042242179763857,4.008991547250118,0.24387673152038944,-0.43993918631136353,6.533333332317298,1.1152922729242527,False
144,43,availability_integrated_gru_tuned_anchor,5,not_all_three_valid,807,20,27,780,0.7675060318974377,1.50195659771492,0.1419812492927863,0.0005338613462120356,5.202177052792327,0.6139981888664608,False
144,43,context_constant,0,all_three_valid,4176,62,531,3645,2.1704733175276942,4.3580978270865645,0.3082134562611491,-0.2860184002074944,7.184255099825513,1.4400705393657898,False
144,43,context_constant,0,not_all_three_valid,807,20,27,780,1.2091235696610383,1.8853530227357247,0.227096299320446,0.5337870346564539,6.328098311828006,1.0319282901244895,False
144,43,context_constant,5,all_three_valid,4176,62,531,3645,1.8125253660111418,3.999050203989806,0.243697417004478,-0.3948202186447321,6.550664826162069,1.122277889100266,False
144,43,context_constant,5,not_all_three_valid,807,20,27,780,0.7114470960510609,1.4295969356315763,0.13331727502441143,-0.020044344877368975,4.864254287612958,0.5676960778816106,False
144,43,context_gru_tuned_anchor,0,all_three_valid,4176,62,531,3645,2.1704733175276942,4.3580978270865645,0.3082134562611491,-0.2860184002074944,7.184255099825513,1.4400705393657898,False
144,43,context_gru_tuned_anchor,0,not_all_three_valid,807,20,27,780,1.2091235696610383,1.8853530227357247,0.227096299320446,0.5337870346564539,6.328098311828006,1.0319282901244895,False
144,43,context_gru_tuned_anchor,5,all_three_valid,4176,62,531,3645,1.8032674602449736,3.997859167026213,0.2418137968876373,-0.4109114549715248,6.550151682908367,1.1117460549680844,False
144,43,context_gru_tuned_anchor,5,not_all_three_valid,807,20,27,780,0.7215408679920171,1.4491488763986429,0.13597134764459473,-0.030392290907802554,4.916304289754185,0.5763375187771729,False
144,43,daily_constant,0,all_three_valid,4176,62,531,3645,2.016878940689164,4.20645730335971,0.2789462236036449,-0.43749219981193177,6.962432259223774,1.2964156177421469,False
144,43,daily_constant,0,not_all_three_valid,807,20,27,780,1.1065991289153303,1.8595441733922493,0.20012753421982737,0.2583592230470182,6.459778517292369,0.9212967654715096,False
144,43,daily_constant,5,all_three_valid,4176,62,531,3645,1.7766771437404265,3.9825864093920815,0.23792778125596495,-0.4657969202686283,6.515781592145701,1.0862890882937324,False
144,43,daily_constant,5,not_all_three_valid,807,20,27,780,0.7644315012168358,1.5190523447768207,0.14000078667595284,0.00039586803887892787,5.395131127881438,0.6041380526015225,False
144,43,daily_gru_tuned_anchor,0,all_three_valid,4176,62,531,3645,2.016878940689164,4.20645730335971,0.2789462236036449,-0.43749219981193177,6.962432259223774,1.2964156177421469,False
144,43,daily_gru_tuned_anchor,0,not_all_three_valid,807,20,27,780,1.1065991289153303,1.8595441733922493,0.20012753421982737,0.2583592230470182,6.459778517292369,0.9212967654715096,False
144,43,daily_gru_tuned_anchor,5,all_three_valid,4176,62,531,3645,1.762587335951349,3.980994200249425,0.23538668906265423,-0.48606532992328966,6.507255944720196,1.0713886991183568,False
144,43,daily_gru_tuned_anchor,5,not_all_three_valid,807,20,27,780,0.7787960833951982,1.5420085039571447,0.1437352846326735,-0.011286048795954481,5.449072771787876,0.617132659566221,False
144,43,daily_integrated_constant,0,all_three_valid,4176,62,531,3645,2.016878940689164,4.20645730335971,0.2789462236036449,-0.43749219981193177,6.962432259223774,1.2964156177421469,False
144,43,daily_integrated_constant,0,not_all_three_valid,807,20,27,780,1.1065991289153303,1.8595441733922493,0.20012753421982737,0.2583592230470182,6.459778517292369,0.9212967654715096,False
144,43,daily_integrated_constant,5,all_three_valid,4176,62,531,3645,1.7766771437404265,3.9825864093920815,0.23792778125596495,-0.4657969202686283,6.515781592145701,1.0862890882937324,False
144,43,daily_integrated_constant,5,not_all_three_valid,807,20,27,780,0.7644315012168358,1.5190523447768207,0.14000078667595284,0.00039586803887892787,5.395131127881438,0.6041380526015225,False
144,43,daily_integrated_gru_tuned_anchor,0,all_three_valid,4176,62,531,3645,2.016878940689164,4.20645730335971,0.2789462236036449,-0.43749219981193177,6.962432259223774,1.2964156177421469,False
144,43,daily_integrated_gru_tuned_anchor,0,not_all_three_valid,807,20,27,780,1.1065991289153303,1.8595441733922493,0.20012753421982737,0.2583592230470182,6.459778517292369,0.9212967654715096,False
144,43,daily_integrated_gru_tuned_anchor,5,all_three_valid,4176,62,531,3645,1.762587335951349,3.980994200249425,0.23538668906265423,-0.48606532992328966,6.507255944720196,1.0713886991183568,False
144,43,daily_integrated_gru_tuned_anchor,5,not_all_three_valid,807,20,27,780,0.7787960833951982,1.5420085039571447,0.1437352846326735,-0.011286048795954481,5.449072771787876,0.617132659566221,False
144,43,monthly_constant,0,all_three_valid,4176,62,531,3645,2.1059747426937623,4.288747582904617,0.2953358304160498,-0.3531471690952504,6.988738086313595,1.3946586012775397,False
144,43,monthly_constant,0,not_all_three_valid,807,20,27,780,1.0582614488803606,1.7662911125138914,0.19302370759480392,0.2664192230339058,6.013460160842733,0.8867353396201247,False
144,43,monthly_constant,5,all_three_valid,4176,62,531,3645,1.8170860509170867,4.012097901596628,0.24612382428556961,-0.42682958992332265,6.539019477811659,1.129199452925038,False
144,43,monthly_constant,5,not_all_three_valid,807,20,27,780,0.7559328766888909,1.4830197631796567,0.13886833614169,0.011987135884208454,5.155461680509625,0.6036414950181732,False
144,43,monthly_gru_tuned_anchor,0,all_three_valid,4176,62,531,3645,2.1059747426937623,4.288747582904617,0.2953358304160498,-0.3531471690952504,6.988738086313595,1.3946586012775397,False
144,43,monthly_gru_tuned_anchor,0,not_all_three_valid,807,20,27,780,1.0582614488803606,1.7662911125138914,0.19302370759480392,0.2664192230339058,6.013460160842733,0.8867353396201247,False
144,43,monthly_gru_tuned_anchor,5,all_three_valid,4176,62,531,3645,1.8036814982721392,4.0095553231152685,0.24378269478416925,-0.44334717283446984,6.53617804514965,1.1142560753936872,False
144,43,monthly_gru_tuned_anchor,5,not_all_three_valid,807,20,27,780,0.7688513903884067,1.502173819774136,0.14226109931062536,0.005578137531309952,5.201979569782503,0.6153969534093804,False
144,43,monthly_integrated_constant,0,all_three_valid,4176,62,531,3645,2.1059747426937623,4.288747582904617,0.2953358304160498,-0.3531471690952504,6.988738086313595,1.3946586012775397,False
144,43,monthly_integrated_constant,0,not_all_three_valid,807,20,27,780,1.0582614488803606,1.7662911125138914,0.19302370759480392,0.2664192230339058,6.013460160842733,0.8867353396201247,False
144,43,monthly_integrated_constant,5,all_three_valid,4176,62,531,3645,1.8170860509170867,4.012097901596628,0.24612382428556961,-0.42682958992332265,6.539019477811659,1.129199452925038,False
144,43,monthly_integrated_constant,5,not_all_three_valid,807,20,27,780,0.7559328766888909,1.4830197631796567,0.13886833614169,0.011987135884208454,5.155461680509625,0.6036414950181732,False
144,43,monthly_integrated_gru_tuned_anchor,0,all_three_valid,4176,62,531,3645,2.1059747426937623,4.288747582904617,0.2953358304160498,-0.3531471690952504,6.988738086313595,1.3946586012775397,False
144,43,monthly_integrated_gru_tuned_anchor,0,not_all_three_valid,807,20,27,780,1.0582614488803606,1.7662911125138914,0.19302370759480392,0.2664192230339058,6.013460160842733,0.8867353396201247,False
144,43,monthly_integrated_gru_tuned_anchor,5,all_three_valid,4176,62,531,3645,1.8036814982721392,4.0095553231152685,0.24378269478416925,-0.44334717283446984,6.53617804514965,1.1142560753936872,False
144,43,monthly_integrated_gru_tuned_anchor,5,not_all_three_valid,807,20,27,780,0.7688513903884067,1.502173819774136,0.14226109931062536,0.005578137531309952,5.201979569782503,0.6153969534093804,False
144,43,prior_ecological_affine_constant,0,all_three_valid,4176,62,531,3645,2.1202478940216647,4.356882063610681,0.30131697999524204,-0.5847314919156348,7.279358998433387,1.3686736837493396,False
144,43,prior_ecological_affine_constant,0,not_all_three_valid,807,20,27,780,1.026330676592323,1.7954663702838547,0.18903767027864254,0.17163922367425163,6.3209380922324,0.8430558045124742,False
144,43,prior_ecological_affine_constant,5,all_three_valid,4176,62,531,3645,1.819863497083181,4.0630784148355374,0.2469615322422826,-0.5394462111295983,6.736752122887405,1.1035760182623189,False
144,43,prior_ecological_affine_constant,5,not_all_three_valid,807,20,27,780,0.7744845754363319,1.5212728029394602,0.14502205781742056,0.03556577404958825,5.3571104320073095,0.6158552188627211,False
144,43,prior_ecological_affine_gru_tuned_anchor,0,all_three_valid,4176,62,531,3645,2.1202478940216647,4.356882063610681,0.30131697999524204,-0.5847314919156348,7.279358998433387,1.3686736837493396,False
144,43,prior_ecological_affine_gru_tuned_anchor,0,not_all_three_valid,807,20,27,780,1.026330676592323,1.7954663702838547,0.18903767027864254,0.17163922367425163,6.3209380922324,0.8430558045124742,False
144,43,prior_ecological_affine_gru_tuned_anchor,5,all_three_valid,4176,62,531,3645,1.7675638800886322,3.984292689751928,0.23490265343328956,-0.4880999026870326,6.545169543653932,1.0715670056433169,False
144,43,prior_ecological_affine_gru_tuned_anchor,5,not_all_three_valid,807,20,27,780,0.7133392840616826,1.455593305729867,0.1332876677008274,-0.08790355855878787,4.967229391717116,0.5660892418736098,False
144,43,prior_encoder_constant,0,all_three_valid,4176,62,531,3645,2.1059747501430044,4.2887476137691865,0.2953358347579156,-0.35314732844017177,6.988738225268326,1.3946585895691923,False
144,43,prior_encoder_constant,0,not_all_three_valid,807,20,27,780,1.058261441263596,1.7662911304869684,0.1930237061242023,0.2664191805554407,6.0134603261352435,0.8867353260180392,False
144,43,prior_encoder_constant,5,all_three_valid,4176,62,531,3645,1.8170860479690605,4.012097922576786,0.24612382429518678,-0.42682967142380307,6.539019553629151,1.1291994385025286,False
144,43,prior_encoder_constant,5,not_all_three_valid,807,20,27,780,0.7559328718544953,1.4830197761509125,0.13886833477424296,0.011987111989832586,5.155461773435881,0.6036414867997549,False
144,43,prior_encoder_gru_tuned_anchor,0,all_three_valid,4176,62,531,3645,2.1059747501430044,4.2887476137691865,0.2953358347579156,-0.35314732844017177,6.988738225268326,1.3946585895691923,False
144,43,prior_encoder_gru_tuned_anchor,0,not_all_three_valid,807,20,27,780,1.058261441263596,1.7662911304869684,0.1930237061242023,0.2664191805554407,6.0134603261352435,0.8867353260180392,False
144,43,prior_encoder_gru_tuned_anchor,5,all_three_valid,4176,62,531,3645,1.8036814959074585,4.009555344158011,0.24378269494150653,-0.4433472530460709,6.536178120099756,1.1142560617658648,False
144,43,prior_encoder_gru_tuned_anchor,5,not_all_three_valid,807,20,27,780,0.7688513873929396,1.5021738331865282,0.14226109860131406,0.005578112551556674,5.201979664245096,0.6153969470403649,False
144,43,prior_encoder_integrated_constant,0,all_three_valid,4176,62,531,3645,2.1059747501430044,4.2887476137691865,0.2953358347579156,-0.35314732844017177,6.988738225268326,1.3946585895691923,False
144,43,prior_encoder_integrated_constant,0,not_all_three_valid,807,20,27,780,1.058261441263596,1.7662911304869684,0.1930237061242023,0.2664191805554407,6.0134603261352435,0.8867353260180392,False
144,43,prior_encoder_integrated_constant,5,all_three_valid,4176,62,531,3645,1.8170860479690605,4.012097922576786,0.24612382429518678,-0.42682967142380307,6.539019553629151,1.1291994385025286,False
144,43,prior_encoder_integrated_constant,5,not_all_three_valid,807,20,27,780,0.7559328718544953,1.4830197761509125,0.13886833477424296,0.011987111989832586,5.155461773435881,0.6036414867997549,False
144,43,prior_encoder_integrated_gru_tuned_anchor,0,all_three_valid,4176,62,531,3645,2.1059747501430044,4.2887476137691865,0.2953358347579156,-0.35314732844017177,6.988738225268326,1.3946585895691923,False
144,43,prior_encoder_integrated_gru_tuned_anchor,0,not_all_three_valid,807,20,27,780,1.058261441263596,1.7662911304869684,0.1930237061242023,0.2664191805554407,6.0134603261352435,0.8867353260180392,False
144,43,prior_encoder_integrated_gru_tuned_anchor,5,all_three_valid,4176,62,531,3645,1.8036814959074585,4.009555344158011,0.24378269494150653,-0.4433472530460709,6.536178120099756,1.1142560617658648,False
144,43,prior_encoder_integrated_gru_tuned_anchor,5,not_all_three_valid,807,20,27,780,0.7688513873929396,1.5021738331865282,0.14226109860131406,0.005578112551556674,5.201979664245096,0.6153969470403649,False
144,44,availability_constant,0,all_three_valid,4176,62,531,3645,2.161589990504402,4.281614852839288,0.31176926601538524,-0.3096912685057104,6.928095754538188,1.4672101384599738,False
144,44,availability_constant,0,not_all_three_valid,807,20,27,780,1.310361263541651,1.9266379035286818,0.24031507260968774,0.5570347901808463,5.594487330633102,1.1620645919884856,False
144,44,availability_constant,5,all_three_valid,4176,62,531,3645,1.8209187321576235,4.009629444308549,0.2464380937425851,-0.434541588389343,6.503115879983703,1.1388208760545648,False
144,44,availability_constant,5,not_all_three_valid,807,20,27,780,0.8138579193292038,1.4825627782040631,0.151269271048872,0.11887731998467228,4.852742380276283,0.6740503802964203,False
144,44,availability_gru_tuned_anchor,0,all_three_valid,4176,62,531,3645,2.161589990504402,4.281614852839288,0.31176926601538524,-0.3096912685057104,6.928095754538188,1.4672101384599738,False
144,44,availability_gru_tuned_anchor,0,not_all_three_valid,807,20,27,780,1.310361263541651,1.9266379035286818,0.24031507260968774,0.5570347901808463,5.594487330633102,1.1620645919884856,False
144,44,availability_gru_tuned_anchor,5,all_three_valid,4176,62,531,3645,1.8166346243244442,4.001407385666164,0.24579976272103596,-0.4301226156166578,6.467120342062612,1.1391564580366613,False
144,44,availability_gru_tuned_anchor,5,not_all_three_valid,807,20,27,780,0.8193855547361628,1.4907230813423389,0.15295080461708702,0.10009145528440043,4.841753924073132,0.6801497265668061,False
144,44,availability_integrated_constant,0,all_three_valid,4176,62,531,3645,2.137016387632099,4.285464223133122,0.3067242926321048,-0.3683419563227724,6.963815248422546,1.4338530968008982,False
144,44,availability_integrated_constant,0,not_all_three_valid,807,20,27,780,1.2245673943545023,1.869926173075162,0.22275507688026752,0.4447272466902887,5.653196226069029,1.0712687040259228,False
144,44,availability_integrated_constant,5,all_three_valid,4176,62,531,3645,1.8102386501519436,4.017144780276828,0.24418739636260195,-0.4590649340335559,6.535783532635565,1.1218259388765515,False
144,44,availability_integrated_constant,5,not_all_three_valid,807,20,27,780,0.7893431374898318,1.4766492440857781,0.14573148071962053,0.07349237959772575,4.900196495819058,0.6470443673938202,False
144,44,availability_integrated_gru_tuned_anchor,0,all_three_valid,4176,62,531,3645,2.137016387632099,4.285464223133122,0.3067242926321048,-0.3683419563227724,6.963815248422546,1.4338530968008982,False
144,44,availability_integrated_gru_tuned_anchor,0,not_all_three_valid,807,20,27,780,1.2245673943545023,1.869926173075162,0.22275507688026752,0.4447272466902887,5.653196226069029,1.0712687040259228,False
144,44,availability_integrated_gru_tuned_anchor,5,all_three_valid,4176,62,531,3645,1.8054741164717738,4.00801799322912,0.24361348490391274,-0.45421730443535036,6.495077575610447,1.122297316251572,False
144,44,availability_integrated_gru_tuned_anchor,5,not_all_three_valid,807,20,27,780,0.7932354661821237,1.4844659585109037,0.14672003898674588,0.055734742920825586,4.89556966137005,0.6512315901948492,False
144,44,context_constant,0,all_three_valid,4176,62,531,3645,2.1657643861243074,4.355596426986636,0.3084127505261614,-0.3251829004881052,7.2242482638298,1.4288494508536305,False
144,44,context_constant,0,not_all_three_valid,807,20,27,780,1.106870779189318,1.8082438475104767,0.2091013436719817,0.397568205397665,6.219003362993319,0.9299123435961025,False
144,44,context_constant,5,all_three_valid,4176,62,531,3645,1.8069373378450926,4.000654749274811,0.24273228052883045,-0.41481224017368257,6.547922189637403,1.1162753470901636,False
144,44,context_constant,5,not_all_three_valid,807,20,27,780,0.6888259654993477,1.412822055516984,0.12873353828463674,-0.04889658502837935,4.746732843401795,0.5483599581873397,False
144,44,context_gru_tuned_anchor,0,all_three_valid,4176,62,531,3645,2.1657643861243074,4.355596426986636,0.3084127505261614,-0.3251829004881052,7.2242482638298,1.4288494508536305,False
144,44,context_gru_tuned_anchor,0,not_all_three_valid,807,20,27,780,1.106870779189318,1.8082438475104767,0.2091013436719817,0.397568205397665,6.219003362993319,0.9299123435961025,False
144,44,context_gru_tuned_anchor,5,all_three_valid,4176,62,531,3645,1.797131901875225,3.988845621930543,0.24076660263875363,-0.4097253897700999,6.5030754853442145,1.111574688480977,False
144,44,context_gru_tuned_anchor,5,not_all_three_valid,807,20,27,780,0.6862098314766093,1.4172943061441996,0.1275648215632462,-0.06385733375768345,4.775646917238405,0.544652393892547,False
144,44,daily_constant,0,all_three_valid,4176,62,531,3645,2.099005884011607,4.234732854225878,0.29655025080431907,-0.33563987201878304,6.810288725389631,1.4126708527985123,False
144,44,daily_constant,0,not_all_three_valid,807,20,27,780,1.2884989523904584,1.939162872549027,0.23600560927846118,0.4794267052619221,5.904387345397834,1.1287182003248186,False
144,44,daily_constant,5,all_three_valid,4176,62,531,3645,1.806902790964947,3.9879790487671656,0.24293517747295065,-0.4363492786707184,6.432967269923447,1.1329822866228443,False
144,44,daily_constant,5,not_all_three_valid,807,20,27,780,0.806739141662329,1.4974429093796344,0.1495550701059631,0.0825300937721938,5.021210656666767,0.6608535892198678,False
144,44,daily_gru_tuned_anchor,0,all_three_valid,4176,62,531,3645,2.099005884011607,4.234732854225878,0.29655025080431907,-0.33563987201878304,6.810288725389631,1.4126708527985123,False
144,44,daily_gru_tuned_anchor,0,not_all_three_valid,807,20,27,780,1.2884989523904584,1.939162872549027,0.23600560927846118,0.4794267052619221,5.904387345397834,1.1287182003248186,False
144,44,daily_gru_tuned_anchor,5,all_three_valid,4176,62,531,3645,1.803216644787058,3.979641647310764,0.24281625746004337,-0.43483983656336705,6.391600961584877,1.1347853492535485,False
144,44,daily_gru_tuned_anchor,5,not_all_three_valid,807,20,27,780,0.8125409424945754,1.5096311182244795,0.15074879959932508,0.06375237448012674,5.026534693461518,0.6666719280380274,False
144,44,daily_integrated_constant,0,all_three_valid,4176,62,531,3645,2.0857088802038706,4.246369543979804,0.2941853626396268,-0.38780340895757676,6.873315335806707,1.3882551002518526,False
144,44,daily_integrated_constant,0,not_all_three_valid,807,20,27,780,1.2110789137264697,1.8835020016163235,0.22040572660269395,0.38652118300109556,5.885621237142578,1.0492678333005274,False
144,44,daily_integrated_constant,5,all_three_valid,4176,62,531,3645,1.7961528655576195,3.998002777557258,0.24094923775447735,-0.46123638624908114,6.476424290391819,1.1143355468780696,False
144,44,daily_integrated_constant,5,not_all_three_valid,807,20,27,780,0.7856706770825648,1.4892941398104194,0.14496050823689405,0.046044330521770996,5.033318716805944,0.6386367064767555,False
144,44,daily_integrated_gru_tuned_anchor,0,all_three_valid,4176,62,531,3645,2.0857088802038706,4.246369543979804,0.2941853626396268,-0.38780340895757676,6.873315335806707,1.3882551002518526,False
144,44,daily_integrated_gru_tuned_anchor,0,not_all_three_valid,807,20,27,780,1.2110789137264697,1.8835020016163235,0.22040572660269395,0.38652118300109556,5.885621237142578,1.0492678333005274,False
144,44,daily_integrated_gru_tuned_anchor,5,all_three_valid,4176,62,531,3645,1.7920302808952717,3.9889095572855195,0.2408024132045254,-0.45861754214518274,6.4301189047213105,1.1163581110045646,False
144,44,daily_integrated_gru_tuned_anchor,5,not_all_three_valid,807,20,27,780,0.7901508919854056,1.5002805500551835,0.14584523106117772,0.028242845046718496,5.03530502591207,0.6432032488879441,False
144,44,monthly_constant,0,all_three_valid,4176,62,531,3645,2.161648480933659,4.280672062043026,0.3116158109628005,-0.3024630611873216,6.92465765793421,1.4677780082348133,False
144,44,monthly_constant,0,not_all_three_valid,807,20,27,780,1.3044466809939028,1.921889054970546,0.23939783936751247,0.5486214823723959,5.602817637154271,1.1556569171268132,False
144,44,monthly_constant,5,all_three_valid,4176,62,531,3645,1.8211158517746302,4.009238766463716,0.24645568426713504,-0.4306836699422831,6.501387192735222,1.1392985453137046,False
144,44,monthly_constant,5,not_all_three_valid,807,20,27,780,0.811666357813907,1.4818637285917395,0.1509112268811761,0.1134117544845261,4.85616827233402,0.6716643684651337,False
144,44,monthly_gru_tuned_anchor,0,all_three_valid,4176,62,531,3645,2.161648480933659,4.280672062043026,0.3116158109628005,-0.3024630611873216,6.92465765793421,1.4677780082348133,False
144,44,monthly_gru_tuned_anchor,0,not_all_three_valid,807,20,27,780,1.3044466809939028,1.921889054970546,0.23939783936751247,0.5486214823723959,5.602817637154271,1.1556569171268132,False
144,44,monthly_gru_tuned_anchor,5,all_three_valid,4176,62,531,3645,1.8168116353650854,4.001001712722126,0.24581069832137084,-0.42647025276921335,6.46556695324946,1.1395855520189666,False
144,44,monthly_gru_tuned_anchor,5,not_all_three_valid,807,20,27,780,0.8171207013160313,1.4899168783694419,0.15256637132750447,0.09490628181856046,4.8461985151519045,0.6776526231447896,False
144,44,monthly_integrated_constant,0,all_three_valid,4176,62,531,3645,2.1368494103546065,4.28468137634378,0.3065818826494374,-0.36292080083398076,6.96090476464276,1.4340857908410238,False
144,44,monthly_integrated_constant,0,not_all_three_valid,807,20,27,780,1.2202626912781338,1.8668290403316488,0.22208655877173866,0.4384172658339509,5.659443955959905,1.0665987244237647,False
144,44,monthly_integrated_constant,5,all_three_valid,4176,62,531,3645,1.8103292502696957,4.016821587403041,0.24419008082453958,-0.4561844765582396,6.534443827545917,1.1221249044442714,False
144,44,monthly_integrated_constant,5,not_all_three_valid,807,20,27,780,0.787956146108754,1.4763337412066428,0.145509469806926,0.06933702020811548,4.904082703475627,0.6454748421999007,False
144,44,monthly_integrated_gru_tuned_anchor,0,all_three_valid,4176,62,531,3645,2.1368494103546065,4.28468137634378,0.3065818826494374,-0.36292080083398076,6.96090476464276,1.4340857908410238,False
144,44,monthly_integrated_gru_tuned_anchor,0,not_all_three_valid,807,20,27,780,1.2202626912781338,1.8668290403316488,0.22208655877173866,0.4384172658339509,5.659443955959905,1.0665987244237647,False
144,44,monthly_integrated_gru_tuned_anchor,5,all_three_valid,4176,62,531,3645,1.805554170065547,4.0076856220889026,0.2436084259405274,-0.45149523484154214,6.493938393518312,1.1225549868958846,False
144,44,monthly_integrated_gru_tuned_anchor,5,not_all_three_valid,807,20,27,780,0.7917611854920235,1.4840514300728427,0.14648465724077622,0.0517928730315528,4.898935230129523,0.6495897762545714,False
144,44,prior_ecological_affine_constant,0,all_three_valid,4176,62,531,3645,2.1132412674184295,4.335750501081506,0.3012465397653485,-0.5442940197739581,7.164204338796133,1.3774219557856284,False
144,44,prior_ecological_affine_constant,0,not_all_three_valid,807,20,27,780,1.052806645527756,1.7778074978624936,0.19290738505962446,0.10780461621861592,5.829322912376806,0.8874656978291351,False
144,44,prior_ecological_affine_constant,5,all_three_valid,4176,62,531,3645,1.8139820429173321,4.05851912224908,0.24575881918184406,-0.5392114297822269,6.706167853945363,1.1012932457552238,False
144,44,prior_ecological_affine_constant,5,not_all_three_valid,807,20,27,780,0.7424583675332437,1.4920883461643875,0.1383399581617254,-0.028447261508089437,5.195679013697156,0.5883084220891083,False
144,44,prior_ecological_affine_gru_tuned_anchor,0,all_three_valid,4176,62,531,3645,2.1132412674184295,4.335750501081506,0.3012465397653485,-0.5442940197739581,7.164204338796133,1.3774219557856284,False
144,44,prior_ecological_affine_gru_tuned_anchor,0,not_all_three_valid,807,20,27,780,1.052806645527756,1.7778074978624936,0.19290738505962446,0.10780461621861592,5.829322912376806,0.8874656978291351,False
144,44,prior_ecological_affine_gru_tuned_anchor,5,all_three_valid,4176,62,531,3645,1.805597308693114,4.046682704289189,0.24458116238259228,-0.5334944731698371,6.652825994488471,1.0994578211328025,False
144,44,prior_ecological_affine_gru_tuned_anchor,5,not_all_three_valid,807,20,27,780,0.7417808222064727,1.4982494092970688,0.1378749831385648,-0.04288875504673641,5.193831272729699,0.5876713835345149,False
144,44,prior_encoder_constant,0,all_three_valid,4176,62,531,3645,2.161648682662009,4.280672352087553,0.311615889683358,-0.3024646123240261,6.924658365535914,1.4677781362680329,False
144,44,prior_encoder_constant,0,not_all_three_valid,807,20,27,780,1.304446036077832,1.921888601842202,0.23939774689571225,0.5486201141106607,5.602818838077484,1.1556562083163058,False
144,44,prior_encoder_constant,5,all_three_valid,4176,62,531,3645,1.8211159744782524,4.009238918218501,0.24645572034985544,-0.4306845011005931,6.501387520790082,1.139298638101961,False
144,44,prior_encoder_constant,5,not_all_three_valid,807,20,27,780,0.8116661542089336,1.4818637445753602,0.15091118692506295,0.11341112446280435,4.856168945248323,0.6716641345191084,False
144,44,prior_encoder_gru_tuned_anchor,0,all_three_valid,4176,62,531,3645,2.161648682662009,4.280672352087553,0.311615889683358,-0.3024646123240261,6.924658365535914,1.4677781362680329,False
144,44,prior_encoder_gru_tuned_anchor,0,not_all_three_valid,807,20,27,780,1.304446036077832,1.921888601842202,0.23939774689571225,0.5486201141106607,5.602818838077484,1.1556562083163058,False
144,44,prior_encoder_gru_tuned_anchor,5,all_three_valid,4176,62,531,3645,1.816811748047733,4.001001862618583,0.2458107327471499,-0.4264710783966254,6.465567271596917,1.139585634740568,False
144,44,prior_encoder_gru_tuned_anchor,5,not_all_three_valid,807,20,27,780,0.8171205017904951,1.4899168992059209,0.15256633293920702,0.0949056462732334,4.846199210907023,0.6776523926287691,False
144,44,prior_encoder_integrated_constant,0,all_three_valid,4176,62,531,3645,2.1368495792560105,4.2846816047518,0.3065819387819843,-0.3629219641865092,6.960905328177105,1.4340859022526906,False
144,44,prior_encoder_integrated_constant,0,not_all_three_valid,807,20,27,780,1.220262232463279,1.8668287705857352,0.22208648912807244,0.4384162396376495,5.659444856652315,1.0665982185490432,False
144,44,prior_encoder_integrated_constant,5,all_three_valid,4176,62,531,3645,1.810329327311187,4.016821700167964,0.24419010082212164,-0.4561851014830796,6.534444079778562,1.1221249559640878,False
144,44,prior_encoder_integrated_constant,5,not_all_three_valid,807,20,27,780,0.787956021083927,1.4763337759621757,0.1455094444060744,0.06933654229420369,4.904083241712083,0.6454746942160293,False
144,44,prior_encoder_integrated_gru_tuned_anchor,0,all_three_valid,4176,62,531,3645,2.1368495792560105,4.2846816047518,0.3065819387819843,-0.3629219641865092,6.960905328177105,1.4340859022526906,False
144,44,prior_encoder_integrated_gru_tuned_anchor,0,not_all_three_valid,807,20,27,780,1.220262232463279,1.8668287705857352,0.22208648912807244,0.4384162396376495,5.659444856652315,1.0665982185490432,False
144,44,prior_encoder_integrated_gru_tuned_anchor,5,all_three_valid,4176,62,531,3645,1.8055542479262132,4.007685733330258,0.24360844672653237,-0.45149585494106786,6.493938651175783,1.1225550385639305,False
144,44,prior_encoder_integrated_gru_tuned_anchor,5,not_all_three_valid,807,20,27,780,0.7917610549879783,1.4840514673889,0.1464846311605511,0.05179239128514896,4.898935759364564,0.6495896229134042,False
