station,weighted_gain,weighted_reference_error,n_partitions,n_split_cell_occurrences,comparison
03016000,-8.482053193247671e-06,0.0009291084155802857,1,29,values_vs_freshness_constant_k0
03030852,4.86349996704489e-05,0.003103293223005564,1,30,values_vs_freshness_constant_k0
03037525,4.2975131517020216e-05,0.0015862988761140453,1,25,values_vs_freshness_constant_k0
03039420,1.1582417303266228e-05,0.0009728130343087504,1,20,values_vs_freshness_constant_k0
03049625,-1.3674053419650452e-05,0.0042712041835645835,1,43,values_vs_freshness_constant_k0
03075001,-1.1734735816555921e-05,0.005164240301338259,2,134,values_vs_freshness_constant_k0
03083500,-3.948111215744227e-05,0.002539785671850827,1,100,values_vs_freshness_constant_k0
03085000,-2.6146670734364693e-06,0.005830084509846277,1,122,values_vs_freshness_constant_k0
03104500,-4.6866580845990515e-05,0.008566866201594367,2,68,values_vs_freshness_constant_k0
03110983,3.838430329293243e-05,0.007228860929486094,2,56,values_vs_freshness_constant_k0
03127970,2.0330863133304806e-05,0.008078906771090582,2,58,values_vs_freshness_constant_k0
03144270,2.0543736558451058e-05,0.002697898875993274,1,26,values_vs_freshness_constant_k0
03144289,2.037085805242448e-05,0.00814948334600138,3,78,values_vs_freshness_constant_k0
03201660,1.173498344839752e-05,0.0022191037261552545,1,20,values_vs_freshness_constant_k0
03201700,6.075349578346529e-07,0.004115499088945799,1,37,values_vs_freshness_constant_k0
03207962,1.923344752574858e-05,0.0014614565644441061,1,16,values_vs_freshness_constant_k0
03212500,6.944260120328615e-05,0.002329737709182087,1,20,values_vs_freshness_constant_k0
03216600,0.00012224473927557324,0.008296182457193518,1,115,values_vs_freshness_constant_k0
03245500,5.862945604190982e-06,0.003139365468796386,1,33,values_vs_freshness_constant_k0
03281500,-1.6553085201467242e-05,0.001587732356558652,1,31,values_vs_freshness_constant_k0
03290500,4.43851679450801e-06,0.003757352482664567,1,53,values_vs_freshness_constant_k0
03303280,0.0004385528158584472,0.027558558081643255,1,294,values_vs_freshness_constant_k0
03339000,1.876495872241366e-06,0.0004554691055106789,1,10,values_vs_freshness_constant_k0
03353551,-8.052292888832689e-05,0.006611326041126694,1,21,values_vs_freshness_constant_k0
03353630,-4.182040113552195e-06,0.004115978860812132,2,42,values_vs_freshness_constant_k0
03354000,-0.00024838311743863263,0.0017720875985244816,1,32,values_vs_freshness_constant_k0
03357330,-1.470305880580815e-06,0.004093389614521093,2,54,values_vs_freshness_constant_k0
03373530,2.2429681572278425e-06,0.0034085648841946955,1,22,values_vs_freshness_constant_k0
03378500,0.00013900349647997436,0.013365820907719504,1,285,values_vs_freshness_constant_k0
03438500,0.00024427820378282233,0.0015734765379461285,2,60,values_vs_freshness_constant_k0
03459500,1.1327987206639513e-05,0.007975078855396667,1,14,values_vs_freshness_constant_k0
03460000,-5.708891432317216e-06,0.01695694356970401,1,67,values_vs_freshness_constant_k0
03466208,-3.824581614140603e-06,0.0028821390723975694,1,34,values_vs_freshness_constant_k0
03497300,-0.00021373130587869002,0.02974236805836502,3,585,values_vs_freshness_constant_k0
03524550,0.00011899146555150941,0.003096808042908696,1,19,values_vs_freshness_constant_k0
03612500,-1.1964349275866882e-07,0.0074222977731859254,1,197,values_vs_freshness_constant_k0
03612600,0.00016368424050717642,0.004192491494374991,1,106,values_vs_freshness_constant_k0
05276005,7.035215733909452e-05,0.002985498172563551,1,22,values_vs_freshness_constant_k0
05288705,0.00011691129273633129,0.01566484202067546,1,200,values_vs_freshness_constant_k0
05320270,-1.1183914335650915e-05,0.006661386586504445,1,34,values_vs_freshness_constant_k0
05322000,2.9333643797475236e-05,0.004024563301635426,1,33,values_vs_freshness_constant_k0
05325000,9.825489503854587e-08,0.00038891776323522547,1,2,values_vs_freshness_constant_k0
05325050,3.433942389174942e-06,0.0014151903965753379,2,14,values_vs_freshness_constant_k0
05331833,2.3089955902187026e-07,0.0033860169869788536,1,24,values_vs_freshness_constant_k0
05333500,1.3514037173013353e-05,0.012669552727255817,1,62,values_vs_freshness_constant_k0
05355250,-1.8921370867288542e-06,0.0020987740801686984,1,29,values_vs_freshness_constant_k0
05357206,3.988787471980613e-05,0.009030147448852362,1,89,values_vs_freshness_constant_k0
05357215,0.00013270849480609556,0.011313612603091348,1,121,values_vs_freshness_constant_k0
05357245,-2.421948140819583e-05,0.024017220990676318,1,114,values_vs_freshness_constant_k0
05412500,0.0008018923798358965,0.01588860212481955,1,113,values_vs_freshness_constant_k0
05418600,-4.213238882623395e-05,0.013885793077672728,1,113,values_vs_freshness_constant_k0
05420500,0.0002640359777510129,0.0370745370508816,1,291,values_vs_freshness_constant_k0
05422000,-2.5266110804370763e-05,0.013366907829573525,1,145,values_vs_freshness_constant_k0
05427948,2.0017515070659472e-05,0.003458599979000242,1,20,values_vs_freshness_constant_k0
05427952,-3.082052390633114e-07,0.006043256133119286,1,21,values_vs_freshness_constant_k0
05451070,-5.021027161819633e-05,0.0016360378821829802,1,15,values_vs_freshness_constant_k0
05455100,5.387647407296251e-06,0.003986727352641337,1,26,values_vs_freshness_constant_k0
05461390,0.00015341755145028223,0.0045379404704246834,1,26,values_vs_freshness_constant_k0
05463050,-2.1471537802175814e-05,0.0022664654952662547,1,17,values_vs_freshness_constant_k0
05464220,8.288754940387262e-05,0.012730974901116632,2,72,values_vs_freshness_constant_k0
05464760,3.404913002037826e-07,0.0012783074731643035,1,15,values_vs_freshness_constant_k0
05465500,5.565556669110347e-05,0.02354665728135907,1,286,values_vs_freshness_constant_k0
05531500,1.882223079105243e-05,0.012580410820711811,2,28,values_vs_freshness_constant_k0
05538020,-1.5954324095014064e-05,0.0004272738733399672,1,9,values_vs_freshness_constant_k0
05540500,-6.561160005329567e-05,0.0061460311018463575,2,70,values_vs_freshness_constant_k0
05543500,-9.474175991969245e-05,0.004888634198669725,1,53,values_vs_freshness_constant_k0
05552500,-3.503228543856543e-06,0.0025827493901695443,1,40,values_vs_freshness_constant_k0
05553700,6.289432551540721e-06,0.0024430683183031777,2,60,values_vs_freshness_constant_k0
05587455,4.4652300171452915e-06,0.02486004628011651,1,298,values_vs_freshness_constant_k0
06126470,-9.20738501779262e-07,0.004609893407037531,1,17,values_vs_freshness_constant_k0
06177825,-6.109580184298041e-05,0.004071242609594576,1,20,values_vs_freshness_constant_k0
06183450,-3.7123077735423414e-06,0.009642245282364764,1,17,values_vs_freshness_constant_k0
06208500,2.036185429418489e-06,0.005150786220307571,1,28,values_vs_freshness_constant_k0
06214500,2.253277431938649e-05,0.002720395858148637,1,44,values_vs_freshness_constant_k0
06279500,0.00019639281440854796,0.005394992961545407,2,66,values_vs_freshness_constant_k0
06294940,-3.136175483527662e-05,0.005156427985409676,1,15,values_vs_freshness_constant_k0
06294980,8.09946242156465e-06,0.007641558104782724,1,20,values_vs_freshness_constant_k0
06295000,1.0994980949389724e-05,0.007275496228981673,1,61,values_vs_freshness_constant_k0
06296120,-3.446751350368258e-06,0.005035447653292369,1,36,values_vs_freshness_constant_k0
06306100,3.345658205678667e-05,0.0039246231885146626,1,21,values_vs_freshness_constant_k0
06306300,-7.544654741454076e-05,0.00870041605972259,1,56,values_vs_freshness_constant_k0
06307500,6.415540210976172e-06,0.01139463706614522,1,65,values_vs_freshness_constant_k0
06307600,3.561623066476302e-05,0.005545004672896239,1,27,values_vs_freshness_constant_k0
06307665,5.075387287792322e-07,0.00999319460409068,1,19,values_vs_freshness_constant_k0
06313500,-5.272110057658112e-06,0.027049476672769624,2,78,values_vs_freshness_constant_k0
06324500,-6.710212054071423e-05,0.007977261633504328,1,84,values_vs_freshness_constant_k0
06324925,-3.0196550207667926e-05,0.01968905459020806,2,58,values_vs_freshness_constant_k0
06324970,0.00010142455150739571,0.0364094175887896,2,138,values_vs_freshness_constant_k0
06326600,0.00031040407425831387,0.046284982537544414,3,114,values_vs_freshness_constant_k0
06330000,4.187428435617387e-07,0.0238024639092693,1,75,values_vs_freshness_constant_k0
06332515,9.785335918533943e-06,0.008645650980279388,1,20,values_vs_freshness_constant_k0
06332770,1.3659180324227077e-06,0.002801252428176749,1,16,values_vs_freshness_constant_k0
06336500,1.107577175446212e-05,0.007722604789913561,1,21,values_vs_freshness_constant_k0
06337000,1.8506530498995836e-05,0.013214678179816471,2,48,values_vs_freshness_constant_k0
06339550,2.4382117456620596e-05,0.011029472542469032,1,38,values_vs_freshness_constant_k0
06339800,4.582370529185856e-05,0.03293424146870423,2,64,values_vs_freshness_constant_k0
06339900,3.8005337602142425e-06,0.01334369642975558,1,34,values_vs_freshness_constant_k0
06340000,0.0002465111777966469,0.04395558377987248,2,138,values_vs_freshness_constant_k0
06340520,9.165977457360765e-06,0.006881213844665947,1,20,values_vs_freshness_constant_k0
06340580,-3.6374805552776004e-06,0.01965489464663636,2,38,values_vs_freshness_constant_k0
06342200,1.5704863438658703e-06,0.016605854930204125,1,40,values_vs_freshness_constant_k0
06342230,-2.7326699978856727e-05,0.009212422843596793,1,24,values_vs_freshness_constant_k0
06344600,4.7041015035299536e-05,0.030528941776512844,2,80,values_vs_freshness_constant_k0
06349000,3.8263684222509e-06,0.00544692133687235,1,18,values_vs_freshness_constant_k0
06349930,-1.732437380533918e-05,0.0228737605041001,1,62,values_vs_freshness_constant_k0
06350000,1.1188624588937716e-05,0.01283234900201227,1,34,values_vs_freshness_constant_k0
06355310,0.00019593608796753898,0.09606850533683356,1,67,values_vs_freshness_constant_k0
06375600,0.000100450134258471,0.009446371311347382,1,35,values_vs_freshness_constant_k0
06378300,5.1175856983676674e-05,0.03217125828133066,2,32,values_vs_freshness_constant_k0
06426400,1.5226771639475859e-05,0.018298798649224447,1,31,values_vs_freshness_constant_k0
06436180,-1.1564396743522265e-05,0.0012924212464088401,1,31,values_vs_freshness_constant_k0
06436198,4.977520946294666e-07,0.004936023810954316,1,30,values_vs_freshness_constant_k0
06453305,-7.776854458064035e-06,0.0005725464304644638,1,19,values_vs_freshness_constant_k0
06463720,-1.0171498020948899e-05,0.0048528759025308725,2,38,values_vs_freshness_constant_k0
06485500,0.000667850363444712,0.03432447597311979,2,168,values_vs_freshness_constant_k0
06607500,-0.00024502114913056217,0.05671641357380511,2,226,values_vs_freshness_constant_k0
06611100,0.00017430789648906927,0.0031017080207128263,1,19,values_vs_freshness_constant_k0
06611200,4.7959249224552914e-05,0.0067167183064234,1,19,values_vs_freshness_constant_k0
06611800,1.5253185109653015e-08,0.002717029821927368,1,19,values_vs_freshness_constant_k0
06710200,1.1525890522928115e-06,0.001839090796096857,1,5,values_vs_freshness_constant_k0
06713500,-0.00010617916085611376,0.021672214739631244,1,229,values_vs_freshness_constant_k0
06714000,1.8662493037637943e-05,0.016702101727291377,1,108,values_vs_freshness_constant_k0
06720500,0.00012634372653500816,0.03045781561942202,2,102,values_vs_freshness_constant_k0
06734900,-4.089333274815657e-05,0.0018645509284676476,1,27,values_vs_freshness_constant_k0
06752000,2.6216152394871944e-05,0.002097551683407867,1,24,values_vs_freshness_constant_k0
06753400,-1.6523884327557906e-05,0.002932387554129169,1,21,values_vs_freshness_constant_k0
06759910,0.0001274836803087477,0.003705412260204346,2,50,values_vs_freshness_constant_k0
06770500,9.45242271414443e-05,0.0035236008938343507,1,17,values_vs_freshness_constant_k0
06775900,-0.00022665551400576395,0.054255702739783446,1,195,values_vs_freshness_constant_k0
06791150,1.3759896869519793e-07,0.007303255916539077,2,30,values_vs_freshness_constant_k0
06805500,0.001326814783535834,0.0654591118349655,2,590,values_vs_freshness_constant_k0
06810000,-2.7525840603441223e-06,0.022355666519838682,1,125,values_vs_freshness_constant_k0
06818000,8.442075885210465e-07,0.0032878567657563967,1,32,values_vs_freshness_constant_k0
06879100,-9.404623293907774e-06,0.0018710623751705712,1,31,values_vs_freshness_constant_k0
06879650,-3.064673763694447e-05,0.0027986942450616706,1,15,values_vs_freshness_constant_k0
06880800,2.476133664028624e-05,0.007696163160843697,1,38,values_vs_freshness_constant_k0
06885500,5.755080132375696e-06,0.004795005222488222,1,30,values_vs_freshness_constant_k0
06887000,2.7651237661046984e-06,0.008686214724386295,1,54,values_vs_freshness_constant_k0
06890900,-3.3287784211332855e-06,0.0014351777319424246,1,27,values_vs_freshness_constant_k0
06891500,-0.00040322877932176505,0.003906564308738261,2,56,values_vs_freshness_constant_k0
06893350,5.089493872948995e-06,0.0015428395622663748,1,12,values_vs_freshness_constant_k0
06893390,-2.241915603022882e-05,0.0015364543623627147,1,20,values_vs_freshness_constant_k0
06893500,2.839632860032639e-05,0.010764344268806014,2,76,values_vs_freshness_constant_k0
06893562,4.728152073882503e-06,0.0059824946139335105,1,42,values_vs_freshness_constant_k0
06893578,9.897510705203495e-05,0.0022482288644009234,1,31,values_vs_freshness_constant_k0
06893620,0.0003839550126693697,0.005047019085712814,1,49,values_vs_freshness_constant_k0
06893940,-1.2017354722362917e-05,0.002318607266922155,1,31,values_vs_freshness_constant_k0
06894000,-1.8912506456673895e-06,0.0029123463037923018,1,44,values_vs_freshness_constant_k0
06902000,0.00010128569556194184,0.004669800886178789,1,27,values_vs_freshness_constant_k0
06923250,1.1860105224066861e-05,0.00196753350700853,1,25,values_vs_freshness_constant_k0
06926510,7.911424104852307e-07,0.001717798278712075,1,19,values_vs_freshness_constant_k0
07022000,2.2178503564951653e-05,0.021196850896282527,1,305,values_vs_freshness_constant_k0
07048600,1.7953646210628003e-05,0.013081469954446081,1,147,values_vs_freshness_constant_k0
07048800,0.0005759149738089524,0.015058158776098434,1,115,values_vs_freshness_constant_k0
07049000,0.0006624981341287021,0.025404390296489332,2,248,values_vs_freshness_constant_k0
07050500,0.00015788288835200527,0.002029240710111057,1,24,values_vs_freshness_constant_k0
07055893,5.796678941391248e-06,0.0013524969066566555,1,19,values_vs_freshness_constant_k0
07056000,0.0006027313990688029,0.018132827799781964,2,180,values_vs_freshness_constant_k0
07056515,0.00032260388055138287,0.005674140498643368,1,55,values_vs_freshness_constant_k0
07060710,0.00025949313945243594,0.00946289494443246,1,177,values_vs_freshness_constant_k0
07061600,-1.0578418295287828e-05,0.0016109109584151859,1,31,values_vs_freshness_constant_k0
07077500,-4.475652983683569e-05,0.008128555160490776,1,25,values_vs_freshness_constant_k0
07077555,3.961619293840683e-05,0.006001959598631441,1,41,values_vs_freshness_constant_k0
07077800,2.3679627070664167e-05,0.0018921444805032968,1,15,values_vs_freshness_constant_k0
07097000,-5.808283036924542e-07,0.0016219266628061746,1,11,values_vs_freshness_constant_k0
07099200,-4.272575839551767e-06,0.011699919472260118,1,115,values_vs_freshness_constant_k0
07099400,-0.00017250897126613434,0.011671518028786333,2,232,values_vs_freshness_constant_k0
07143672,0.0013246804221655802,0.03848529490177113,2,202,values_vs_freshness_constant_k0
07231975,-3.039773321043658e-07,0.0031841414577308868,1,11,values_vs_freshness_constant_k0
07373420,-8.90080408791936e-05,0.021405858510943655,1,315,values_vs_freshness_constant_k0
394340085524601,-0.00021964978571224292,0.01544490135737036,1,244,values_vs_freshness_constant_k0
401723105400000,0.003057996741995021,0.0139836134008658,1,265,values_vs_freshness_constant_k0
03016000,2.429179926749382e-05,0.0009534002148477795,1,29,flow_freshness_vs_prior_tail_constant_k0
03030852,0.00015850285663324444,0.003261796079638809,1,30,flow_freshness_vs_prior_tail_constant_k0
03037525,-1.797345658650422e-05,0.001568325419527541,1,25,flow_freshness_vs_prior_tail_constant_k0
03039420,0.00010296611366027338,0.0010757791479690238,1,20,flow_freshness_vs_prior_tail_constant_k0
03049625,-0.00012852063245941117,0.004142683551105172,1,43,flow_freshness_vs_prior_tail_constant_k0
03075001,0.00041596271475098846,0.005580203016089247,2,134,flow_freshness_vs_prior_tail_constant_k0
03083500,0.0005715425905652395,0.0031113282624160663,1,100,flow_freshness_vs_prior_tail_constant_k0
03085000,9.152687583331849e-05,0.005921611385679596,1,122,flow_freshness_vs_prior_tail_constant_k0
03104500,0.0005643797860233103,0.009131245987617678,2,68,flow_freshness_vs_prior_tail_constant_k0
03110983,-7.339610357451967e-05,0.0071554648259115755,2,56,flow_freshness_vs_prior_tail_constant_k0
03127970,0.00012141708632924485,0.008200323857419827,2,58,flow_freshness_vs_prior_tail_constant_k0
03144270,-2.629547659482108e-05,0.0026716033993984525,1,26,flow_freshness_vs_prior_tail_constant_k0
03144289,-0.0002252775021177017,0.007924205843883678,3,78,flow_freshness_vs_prior_tail_constant_k0
03201660,-4.767960820076014e-05,0.002171424117954494,1,20,flow_freshness_vs_prior_tail_constant_k0
03201700,2.196763305043191e-05,0.004137466721996231,1,37,flow_freshness_vs_prior_tail_constant_k0
03207962,-8.05576370063435e-05,0.0013808989274377626,1,16,flow_freshness_vs_prior_tail_constant_k0
03212500,5.416157846242983e-06,0.0023351538670283297,1,20,flow_freshness_vs_prior_tail_constant_k0
03216600,-0.0008643844591966016,0.007431797997996916,1,115,flow_freshness_vs_prior_tail_constant_k0
03245500,-1.1314652432243306e-06,0.003138234003553162,1,33,flow_freshness_vs_prior_tail_constant_k0
03281500,1.3915067327526654e-05,0.0016016474238861786,1,31,flow_freshness_vs_prior_tail_constant_k0
03290500,2.004506432456915e-06,0.0037593569890970236,1,53,flow_freshness_vs_prior_tail_constant_k0
03303280,-0.003465639012081758,0.024092919069561496,1,294,flow_freshness_vs_prior_tail_constant_k0
03339000,1.3279265434338408e-05,0.0004687483709450173,1,10,flow_freshness_vs_prior_tail_constant_k0
03353551,1.8728650146556015e-05,0.006630054691273251,1,21,flow_freshness_vs_prior_tail_constant_k0
03353630,5.64589709839297e-05,0.004172437831796062,2,42,flow_freshness_vs_prior_tail_constant_k0
03354000,-2.6174662647979393e-05,0.0017459129358765022,1,32,flow_freshness_vs_prior_tail_constant_k0
03357330,0.00012806650281931757,0.004221456117340411,2,54,flow_freshness_vs_prior_tail_constant_k0
03373530,5.712595770536449e-05,0.0034656908419000597,1,22,flow_freshness_vs_prior_tail_constant_k0
03378500,0.0005727364212603641,0.013938557328979868,1,285,flow_freshness_vs_prior_tail_constant_k0
03438500,-7.098222558191734e-05,0.0015024943123642114,2,60,flow_freshness_vs_prior_tail_constant_k0
03459500,-0.000269801913794805,0.007705276941601862,1,14,flow_freshness_vs_prior_tail_constant_k0
03460000,-0.000158797292705025,0.016798146276998983,1,67,flow_freshness_vs_prior_tail_constant_k0
03466208,-1.7568032116938593e-05,0.0028645710402806306,1,34,flow_freshness_vs_prior_tail_constant_k0
03497300,0.0006751172814740391,0.030417485339839057,3,585,flow_freshness_vs_prior_tail_constant_k0
03524550,6.943654839097834e-05,0.003166244591299674,1,19,flow_freshness_vs_prior_tail_constant_k0
03612500,4.114908603751452e-05,0.007463446859223439,1,197,flow_freshness_vs_prior_tail_constant_k0
03612600,-0.0012285115884328687,0.002963979905942122,1,106,flow_freshness_vs_prior_tail_constant_k0
05276005,2.9057401468668835e-05,0.00301455557403222,1,22,flow_freshness_vs_prior_tail_constant_k0
05288705,0.0003187001543376785,0.015983542175013136,1,200,flow_freshness_vs_prior_tail_constant_k0
05320270,-2.803130048414788e-05,0.0066333552860202965,1,34,flow_freshness_vs_prior_tail_constant_k0
05322000,0.00018157731229645436,0.00420614061393188,1,33,flow_freshness_vs_prior_tail_constant_k0
05325000,-3.612429760163063e-05,0.00035279346563359484,1,2,flow_freshness_vs_prior_tail_constant_k0
05325050,-5.041722974204656e-05,0.0013647731668332912,2,14,flow_freshness_vs_prior_tail_constant_k0
05331833,-2.040032554709516e-05,0.0033656166614317584,1,24,flow_freshness_vs_prior_tail_constant_k0
05333500,-5.677908780380385e-05,0.012612773639452013,1,62,flow_freshness_vs_prior_tail_constant_k0
05355250,-1.1745834272272576e-05,0.002087028245896426,1,29,flow_freshness_vs_prior_tail_constant_k0
05357206,0.00018924400750644128,0.009219391456358804,1,89,flow_freshness_vs_prior_tail_constant_k0
05357215,-0.0012880629512787528,0.010025549651812597,1,121,flow_freshness_vs_prior_tail_constant_k0
05357245,0.0007743132533045328,0.02479153424398085,1,114,flow_freshness_vs_prior_tail_constant_k0
05412500,-0.00015971854827408988,0.01572888357654546,1,113,flow_freshness_vs_prior_tail_constant_k0
05418600,-0.0012416479276700697,0.012644145150002659,1,113,flow_freshness_vs_prior_tail_constant_k0
05420500,-0.0027905669899188435,0.03428397006096276,1,291,flow_freshness_vs_prior_tail_constant_k0
05422000,0.000421605990856945,0.01378851382043047,1,145,flow_freshness_vs_prior_tail_constant_k0
05427948,4.197538206737439e-05,0.0035005753610676165,1,20,flow_freshness_vs_prior_tail_constant_k0
05427952,1.6234925937573874e-07,0.006043418482378661,1,21,flow_freshness_vs_prior_tail_constant_k0
05451070,-5.285398154154241e-07,0.0016355093423675647,1,15,flow_freshness_vs_prior_tail_constant_k0
05455100,-4.155239206808271e-06,0.0039825721134345285,1,26,flow_freshness_vs_prior_tail_constant_k0
05461390,2.5770257448075972e-05,0.004563710727872759,1,26,flow_freshness_vs_prior_tail_constant_k0
05463050,0.00010689393366243729,0.0023733594289286923,1,17,flow_freshness_vs_prior_tail_constant_k0
05464220,1.0795408680353069e-05,0.012741770309796984,2,72,flow_freshness_vs_prior_tail_constant_k0
05464760,-7.972212350094036e-07,0.001277510251929294,1,15,flow_freshness_vs_prior_tail_constant_k0
05465500,0.0008075727949796316,0.0243542300763387,1,286,flow_freshness_vs_prior_tail_constant_k0
05531500,-0.0001300469230375305,0.012450363897674278,2,28,flow_freshness_vs_prior_tail_constant_k0
05538020,-5.2324635196295094e-05,0.0003749492381436721,1,9,flow_freshness_vs_prior_tail_constant_k0
05540500,-5.6952169755908115e-05,0.0060890789320904495,2,70,flow_freshness_vs_prior_tail_constant_k0
05543500,-0.00014064509719594672,0.004747989101473778,1,53,flow_freshness_vs_prior_tail_constant_k0
05552500,-2.4761143768752104e-05,0.002557988246400792,1,40,flow_freshness_vs_prior_tail_constant_k0
05553700,-2.8970035859422072e-05,0.002414098282443756,2,60,flow_freshness_vs_prior_tail_constant_k0
05587455,4.3835171904503764e-05,0.024903881452021017,1,298,flow_freshness_vs_prior_tail_constant_k0
06126470,1.7893436390849285e-05,0.00462778684342838,1,17,flow_freshness_vs_prior_tail_constant_k0
06177825,-3.224991829473722e-06,0.004068017617765103,1,20,flow_freshness_vs_prior_tail_constant_k0
06183450,-3.4792209479791174e-05,0.009607453072884973,1,17,flow_freshness_vs_prior_tail_constant_k0
06208500,5.884712013548611e-05,0.0052096333404430565,1,28,flow_freshness_vs_prior_tail_constant_k0
06214500,5.9560821362427304e-05,0.0027799566795110643,1,44,flow_freshness_vs_prior_tail_constant_k0
06279500,0.0001351220364078622,0.005530114997953269,2,66,flow_freshness_vs_prior_tail_constant_k0
06294940,1.5869753332423175e-06,0.005158014960742918,1,15,flow_freshness_vs_prior_tail_constant_k0
06294980,-0.0005181533791267671,0.007123404725655957,1,20,flow_freshness_vs_prior_tail_constant_k0
06295000,6.119877009241921e-05,0.007336694999074092,1,61,flow_freshness_vs_prior_tail_constant_k0
06296120,2.59063974147031e-05,0.005061354050707072,1,36,flow_freshness_vs_prior_tail_constant_k0
06306100,7.85281987172486e-05,0.004003151387231911,1,21,flow_freshness_vs_prior_tail_constant_k0
06306300,0.0001730902149231066,0.008873506274645697,1,56,flow_freshness_vs_prior_tail_constant_k0
06307500,6.41636661243354e-05,0.011458800732269556,1,65,flow_freshness_vs_prior_tail_constant_k0
06307600,2.3922466892283267e-05,0.0055689271397885215,1,27,flow_freshness_vs_prior_tail_constant_k0
06307665,-3.812064358464612e-07,0.009992813397654834,1,19,flow_freshness_vs_prior_tail_constant_k0
06313500,0.00010958609058193803,0.02715906276335156,2,78,flow_freshness_vs_prior_tail_constant_k0
06324500,-2.8696331606433167e-05,0.007948565301897895,1,84,flow_freshness_vs_prior_tail_constant_k0
06324925,-0.00041311505695513205,0.01927593953325293,2,58,flow_freshness_vs_prior_tail_constant_k0
06324970,-0.0007138192068113019,0.035695598381978305,2,138,flow_freshness_vs_prior_tail_constant_k0
06326600,0.0005569985130277894,0.046841981050572204,3,114,flow_freshness_vs_prior_tail_constant_k0
06330000,-1.8813366511356173e-06,0.023800582572618165,1,75,flow_freshness_vs_prior_tail_constant_k0
06332515,2.0200493063626786e-05,0.008665851473343015,1,20,flow_freshness_vs_prior_tail_constant_k0
06332770,-9.399399338361777e-06,0.0027918530288383874,1,16,flow_freshness_vs_prior_tail_constant_k0
06336500,0.00046544802983403876,0.0081880528197476,1,21,flow_freshness_vs_prior_tail_constant_k0
06337000,-8.656558188263964e-05,0.013128112597933832,2,48,flow_freshness_vs_prior_tail_constant_k0
06339550,0.0007474355878399519,0.011776908130308983,1,38,flow_freshness_vs_prior_tail_constant_k0
06339800,-0.00021175495266077108,0.03272248651604345,2,64,flow_freshness_vs_prior_tail_constant_k0
06339900,-0.00013020627371581283,0.013213490156039768,1,34,flow_freshness_vs_prior_tail_constant_k0
06340000,0.00032676712193621584,0.044282350901808695,2,138,flow_freshness_vs_prior_tail_constant_k0
06340520,-1.7333780102426667e-06,0.006879480466655704,1,20,flow_freshness_vs_prior_tail_constant_k0
06340580,-0.00068500521421873,0.01896988943241763,2,38,flow_freshness_vs_prior_tail_constant_k0
06342200,3.769664276657475e-05,0.0166435515729707,1,40,flow_freshness_vs_prior_tail_constant_k0
06342230,-0.00039271830869183004,0.008819704534904963,1,24,flow_freshness_vs_prior_tail_constant_k0
06344600,0.0008976630641828123,0.031426604840695656,2,80,flow_freshness_vs_prior_tail_constant_k0
06349000,3.275288325020837e-05,0.0054796742201225586,1,18,flow_freshness_vs_prior_tail_constant_k0
06349930,-6.318600874856063e-06,0.02286744190322524,1,62,flow_freshness_vs_prior_tail_constant_k0
06350000,2.4819149992840814e-05,0.012857168152005112,1,34,flow_freshness_vs_prior_tail_constant_k0
06355310,-2.1116910990430928e-05,0.09604738842584314,1,67,flow_freshness_vs_prior_tail_constant_k0
06375600,-0.0006981631851004536,0.00874820812624693,1,35,flow_freshness_vs_prior_tail_constant_k0
06378300,-0.00048346435819636023,0.031687793923134304,2,32,flow_freshness_vs_prior_tail_constant_k0
06426400,-0.000781608095524308,0.01751719055370014,1,31,flow_freshness_vs_prior_tail_constant_k0
06436180,-1.4214625305275553e-05,0.0012782066211035645,1,31,flow_freshness_vs_prior_tail_constant_k0
06436198,5.474021170484636e-05,0.004990764022659162,1,30,flow_freshness_vs_prior_tail_constant_k0
06453305,-4.4533683250758856e-05,0.000528012747213705,1,19,flow_freshness_vs_prior_tail_constant_k0
06463720,-0.00015371751666583668,0.004699158385865035,2,38,flow_freshness_vs_prior_tail_constant_k0
06485500,-8.405424218355486e-05,0.034240421730936235,2,168,flow_freshness_vs_prior_tail_constant_k0
06607500,0.007478482289196184,0.06419489586300128,2,226,flow_freshness_vs_prior_tail_constant_k0
06611100,-2.600248832972937e-06,0.0030991077718798537,1,19,flow_freshness_vs_prior_tail_constant_k0
06611200,-2.9256642906087778e-05,0.006687461663517313,1,19,flow_freshness_vs_prior_tail_constant_k0
06611800,0.00021253107731223917,0.002929560899239607,1,19,flow_freshness_vs_prior_tail_constant_k0
06710200,-8.992611884469496e-06,0.0018300981842123876,1,5,flow_freshness_vs_prior_tail_constant_k0
06713500,0.0007294097570091486,0.022401624496640394,1,229,flow_freshness_vs_prior_tail_constant_k0
06714000,4.999156608094145e-06,0.016707100883899473,1,108,flow_freshness_vs_prior_tail_constant_k0
06720500,-0.0008216890225688197,0.029636126596853198,2,102,flow_freshness_vs_prior_tail_constant_k0
06734900,0.00033064024730197343,0.002195191175769621,1,27,flow_freshness_vs_prior_tail_constant_k0
06752000,2.026726127472164e-05,0.002117818944682589,1,24,flow_freshness_vs_prior_tail_constant_k0
06753400,4.9762733275452195e-05,0.002982150287404621,1,21,flow_freshness_vs_prior_tail_constant_k0
06759910,0.00010382135845807248,0.0038092336186624186,2,50,flow_freshness_vs_prior_tail_constant_k0
06770500,-1.234734537764416e-05,0.0035112535484567065,1,17,flow_freshness_vs_prior_tail_constant_k0
06775900,0.0014763364157712685,0.05573203915555471,1,195,flow_freshness_vs_prior_tail_constant_k0
06791150,9.886335604057722e-05,0.007402119272579655,2,30,flow_freshness_vs_prior_tail_constant_k0
06805500,0.00032426857964955075,0.06578338041461504,2,590,flow_freshness_vs_prior_tail_constant_k0
06810000,0.0001675895626766066,0.022523256082515288,1,125,flow_freshness_vs_prior_tail_constant_k0
06818000,2.2544893071838978e-05,0.0033104016588282356,1,32,flow_freshness_vs_prior_tail_constant_k0
06879100,1.089367861261736e-05,0.0018819560537831884,1,31,flow_freshness_vs_prior_tail_constant_k0
06879650,0.0002350651437032759,0.0030337593887649465,1,15,flow_freshness_vs_prior_tail_constant_k0
06880800,3.698763917731457e-05,0.007733150800021012,1,38,flow_freshness_vs_prior_tail_constant_k0
06885500,5.1029655894555145e-06,0.0048001081880776775,1,30,flow_freshness_vs_prior_tail_constant_k0
06887000,-4.789490365256217e-05,0.008638319820733733,1,54,flow_freshness_vs_prior_tail_constant_k0
06890900,3.1649310443557655e-05,0.0014668270423859823,1,27,flow_freshness_vs_prior_tail_constant_k0
06891500,4.880840741757618e-05,0.003955372716155836,2,56,flow_freshness_vs_prior_tail_constant_k0
06893350,-6.6119937333549775e-06,0.0015362275685330197,1,12,flow_freshness_vs_prior_tail_constant_k0
06893390,6.663849966539396e-06,0.0015431182123292542,1,20,flow_freshness_vs_prior_tail_constant_k0
06893500,-0.00013499685382880846,0.010629347414977206,2,76,flow_freshness_vs_prior_tail_constant_k0
06893562,-0.0001869107873820996,0.005795583826551411,1,42,flow_freshness_vs_prior_tail_constant_k0
06893578,-3.7937524429971034e-05,0.002210291339970952,1,31,flow_freshness_vs_prior_tail_constant_k0
06893620,-2.40582850046538e-05,0.00502296080070816,1,49,flow_freshness_vs_prior_tail_constant_k0
06893940,4.796467210505345e-05,0.0023665719390272085,1,31,flow_freshness_vs_prior_tail_constant_k0
06894000,3.985644354296231e-05,0.002952202747335264,1,44,flow_freshness_vs_prior_tail_constant_k0
06902000,-5.059508697569638e-07,0.004669294935309032,1,27,flow_freshness_vs_prior_tail_constant_k0
06923250,0.0001562596665701014,0.002123793173578631,1,25,flow_freshness_vs_prior_tail_constant_k0
06926510,1.2722500202871844e-05,0.0017305207789149468,1,19,flow_freshness_vs_prior_tail_constant_k0
07022000,-6.429971813427041e-05,0.021132551178148256,1,305,flow_freshness_vs_prior_tail_constant_k0
07048600,-7.451424043143519e-05,0.013006955714014647,1,147,flow_freshness_vs_prior_tail_constant_k0
07048800,-5.957681916158065e-05,0.014998581956936853,1,115,flow_freshness_vs_prior_tail_constant_k0
07049000,-9.858614688106797e-05,0.025305804149608264,2,248,flow_freshness_vs_prior_tail_constant_k0
07050500,-4.1082519426119166e-05,0.0019881581906849377,1,24,flow_freshness_vs_prior_tail_constant_k0
07055893,2.9554662832432582e-05,0.001382051569489088,1,19,flow_freshness_vs_prior_tail_constant_k0
07056000,0.0003497002637986976,0.018482528063580663,2,180,flow_freshness_vs_prior_tail_constant_k0
07056515,-0.00010851295220734756,0.005565627546436021,1,55,flow_freshness_vs_prior_tail_constant_k0
07060710,-0.00033298516388971896,0.009129909780542742,1,177,flow_freshness_vs_prior_tail_constant_k0
07061600,-4.763214720992164e-06,0.0016061477436941935,1,31,flow_freshness_vs_prior_tail_constant_k0
07077500,0.0002970013265526945,0.008425556487043472,1,25,flow_freshness_vs_prior_tail_constant_k0
07077555,-4.81806283361438e-05,0.005953778970295297,1,41,flow_freshness_vs_prior_tail_constant_k0
07077800,-0.0002614099700273783,0.0016307345104759185,1,15,flow_freshness_vs_prior_tail_constant_k0
07097000,2.459818602449038e-05,0.001646524848830665,1,11,flow_freshness_vs_prior_tail_constant_k0
07099200,3.143094263453087e-05,0.01173135041489465,1,115,flow_freshness_vs_prior_tail_constant_k0
07099400,0.00028008680482952337,0.011951604833615856,2,232,flow_freshness_vs_prior_tail_constant_k0
07143672,-0.00013134972579478124,0.03835394517597636,2,202,flow_freshness_vs_prior_tail_constant_k0
07231975,8.85381370165977e-05,0.0032726795947474845,1,11,flow_freshness_vs_prior_tail_constant_k0
07373420,0.0030521966354799435,0.0244580551464236,1,315,flow_freshness_vs_prior_tail_constant_k0
394340085524601,0.0002703996409375312,0.01571530099830789,1,244,flow_freshness_vs_prior_tail_constant_k0
401723105400000,-0.002129194570831599,0.0118544188300342,1,265,flow_freshness_vs_prior_tail_constant_k0
03016000,8.430919528829546e-05,0.0010134176108685812,1,29,flow_freshness_vs_context_constant_k0
03030852,-0.0004196861154760537,0.0026836071075295106,1,30,flow_freshness_vs_context_constant_k0
03037525,-0.0003307460995110662,0.001255552776602979,1,25,flow_freshness_vs_context_constant_k0
03039420,-0.0001185425892343668,0.0008542704450743836,1,20,flow_freshness_vs_context_constant_k0
03049625,-0.00031992521286809607,0.003951278970696487,1,43,flow_freshness_vs_context_constant_k0
03075001,0.0007942574649285156,0.005958497766266774,2,134,flow_freshness_vs_context_constant_k0
03083500,0.0011203663270188927,0.0036601519988697195,1,100,flow_freshness_vs_context_constant_k0
03085000,0.0012329394072269945,0.007063023917073272,1,122,flow_freshness_vs_context_constant_k0
03104500,-0.0008888067878051306,0.0076780594137892365,2,68,flow_freshness_vs_context_constant_k0
03110983,-0.00017418767132365657,0.0070546732581624385,2,56,flow_freshness_vs_context_constant_k0
03127970,0.0002994451888096145,0.008378351959900197,2,58,flow_freshness_vs_context_constant_k0
03144270,-2.474536543543394e-05,0.0026731535105578397,1,26,flow_freshness_vs_context_constant_k0
03144289,5.316407887921457e-05,0.008202647424880595,3,78,flow_freshness_vs_context_constant_k0
03201660,0.00010069392917666193,0.002319797655331916,1,20,flow_freshness_vs_context_constant_k0
03201700,0.00017114934149045595,0.004286648430436255,1,37,flow_freshness_vs_context_constant_k0
03207962,-9.704074091131543e-05,0.0013644158235327905,1,16,flow_freshness_vs_context_constant_k0
03212500,-0.00022335384504875162,0.002106383864133335,1,20,flow_freshness_vs_context_constant_k0
03216600,-0.0011708029428396426,0.007125379514353875,1,115,flow_freshness_vs_context_constant_k0
03245500,-1.6207460584433575e-05,0.0031231580082119524,1,33,flow_freshness_vs_context_constant_k0
03281500,0.0001423600558073023,0.0017300924123659542,1,31,flow_freshness_vs_context_constant_k0
03290500,-9.155306548534178e-05,0.003665799417179225,1,53,flow_freshness_vs_context_constant_k0
03303280,-0.005185870241053517,0.022372687840589735,1,294,flow_freshness_vs_context_constant_k0
03339000,-5.954005479188181e-05,0.0003959290507187971,1,10,flow_freshness_vs_context_constant_k0
03353551,-9.975634650957764e-06,0.006601350406475737,1,21,flow_freshness_vs_context_constant_k0
03353630,0.00031659466174671755,0.004432573522558849,2,42,flow_freshness_vs_context_constant_k0
03354000,-9.29555207331169e-05,0.0016791320777913648,1,32,flow_freshness_vs_context_constant_k0
03357330,0.0006073308529436158,0.0047007204674647095,2,54,flow_freshness_vs_context_constant_k0
03373530,0.0002547387088275737,0.003663303593022269,1,22,flow_freshness_vs_context_constant_k0
03378500,0.0006789364632713505,0.014044757370990856,1,285,flow_freshness_vs_context_constant_k0
03438500,-0.0004658771581700405,0.001107599379776088,2,60,flow_freshness_vs_context_constant_k0
03459500,-0.000270298473635153,0.007704780381761514,1,14,flow_freshness_vs_context_constant_k0
03460000,6.707676334963184e-05,0.01702402033305364,1,67,flow_freshness_vs_context_constant_k0
03466208,0.0004868045957579966,0.003368943668155566,1,34,flow_freshness_vs_context_constant_k0
03497300,-0.001564370624529927,0.028177997433835093,3,585,flow_freshness_vs_context_constant_k0
03524550,-0.0006693758743580421,0.0024274321685506537,1,19,flow_freshness_vs_context_constant_k0
03612500,0.0002659266535286937,0.007688224426714619,1,197,flow_freshness_vs_context_constant_k0
03612600,-0.0016585363183027006,0.00253395517607229,1,106,flow_freshness_vs_context_constant_k0
05276005,-0.00018289765135141267,0.0028026005212121387,1,22,flow_freshness_vs_context_constant_k0
05288705,0.0005236592469692864,0.016188501267644744,1,200,flow_freshness_vs_context_constant_k0
05320270,-0.00021984369005923016,0.006441542896445214,1,34,flow_freshness_vs_context_constant_k0
05322000,-0.0003106602397704974,0.0037139030618649283,1,33,flow_freshness_vs_context_constant_k0
05325000,-3.911659709957552e-05,0.0003498011661356499,1,2,flow_freshness_vs_context_constant_k0
05325050,-0.00019095354797805665,0.0012242368485972813,2,14,flow_freshness_vs_context_constant_k0
05331833,-0.00015410793238497365,0.00323190905459388,1,24,flow_freshness_vs_context_constant_k0
05333500,-0.0003164116235804152,0.012353141103675401,1,62,flow_freshness_vs_context_constant_k0
05355250,-0.0001542476300857718,0.0019445264500829267,1,29,flow_freshness_vs_context_constant_k0
05357206,-3.4617909788232548e-06,0.009026685657873538,1,89,flow_freshness_vs_context_constant_k0
05357215,-0.0018203296787203751,0.009493282924370974,1,121,flow_freshness_vs_context_constant_k0
05357245,0.004516720319182634,0.02853394130985895,1,114,flow_freshness_vs_context_constant_k0
05412500,0.003479965502044081,0.01936856762686363,1,113,flow_freshness_vs_context_constant_k0
05418600,0.0020057827152513146,0.015891575792924044,1,113,flow_freshness_vs_context_constant_k0
05420500,-0.0026134469585490025,0.0344610900923326,1,291,flow_freshness_vs_context_constant_k0
05422000,0.0018177225774918297,0.015184630407065355,1,145,flow_freshness_vs_context_constant_k0
05427948,5.515234558968227e-06,0.00346411521355921,1,20,flow_freshness_vs_context_constant_k0
05427952,0.00011013126360916818,0.006153387396728454,1,21,flow_freshness_vs_context_constant_k0
05451070,-0.00021477238033355408,0.0014212655018494263,1,15,flow_freshness_vs_context_constant_k0
05455100,-2.7465118459100976e-05,0.003959262234182236,1,26,flow_freshness_vs_context_constant_k0
05461390,0.0006803016494534979,0.005218242119878181,1,26,flow_freshness_vs_context_constant_k0
05463050,-2.0896692247012216e-05,0.0022455688030192426,1,17,flow_freshness_vs_context_constant_k0
05464220,0.0005832513060780876,0.013314226207194718,2,72,flow_freshness_vs_context_constant_k0
05464760,-0.00013375534663076472,0.0011445521265335387,1,15,flow_freshness_vs_context_constant_k0
05465500,0.0016285202204194594,0.02517517750177853,1,286,flow_freshness_vs_context_constant_k0
05531500,-0.00048733741805133467,0.012093073402660474,2,28,flow_freshness_vs_context_constant_k0
05538020,0.00010443027044832686,0.000531704143788294,1,9,flow_freshness_vs_context_constant_k0
05540500,-0.00011862486441951232,0.006027406237426845,2,70,flow_freshness_vs_context_constant_k0
05543500,-0.00036224557100282946,0.004526388627666896,1,53,flow_freshness_vs_context_constant_k0
05552500,-0.00014351915741024932,0.002439230232759295,1,40,flow_freshness_vs_context_constant_k0
05553700,-0.00035854004043256416,0.002084528277870614,2,60,flow_freshness_vs_context_constant_k0
05587455,-0.0022734611354346275,0.022586585144681884,1,298,flow_freshness_vs_context_constant_k0
06126470,-0.00042194551636629555,0.004187947890671236,1,17,flow_freshness_vs_context_constant_k0
06177825,-4.6041980411295404e-05,0.0040252006291832815,1,20,flow_freshness_vs_context_constant_k0
06183450,-0.0002238595259052979,0.009418385756459466,1,17,flow_freshness_vs_context_constant_k0
06208500,0.0004038336717698998,0.00555461989207747,1,28,flow_freshness_vs_context_constant_k0
06214500,0.001739869425308542,0.004460265283457179,1,44,flow_freshness_vs_context_constant_k0
06279500,0.0014621160299382462,0.006857108991483653,2,66,flow_freshness_vs_context_constant_k0
06294940,0.00023861015867637127,0.005395038144086047,1,15,flow_freshness_vs_context_constant_k0
06294980,-0.00020191782231549914,0.007439640282467225,1,20,flow_freshness_vs_context_constant_k0
06295000,0.0021918319115502767,0.00946732814053195,1,61,flow_freshness_vs_context_constant_k0
06296120,0.00016508461115305922,0.005200532264445428,1,36,flow_freshness_vs_context_constant_k0
06306100,-1.9614749319787644e-05,0.003905008439194875,1,21,flow_freshness_vs_context_constant_k0
06306300,0.002716689139813237,0.011417105199535827,1,56,flow_freshness_vs_context_constant_k0
06307500,0.0004192005174202474,0.011813837583565467,1,65,flow_freshness_vs_context_constant_k0
06307600,-0.00024795967327885423,0.005297044999617384,1,27,flow_freshness_vs_context_constant_k0
06307665,-0.00017830941477445152,0.00981488518931623,1,19,flow_freshness_vs_context_constant_k0
06313500,6.871825054266368e-05,0.027118194923312286,2,78,flow_freshness_vs_context_constant_k0
06324500,0.000585749669654754,0.008563011303159082,1,84,flow_freshness_vs_context_constant_k0
06324925,-0.0005668493913373786,0.019122205198870684,2,58,flow_freshness_vs_context_constant_k0
06324970,-0.001363939587881655,0.035045478000907945,2,138,flow_freshness_vs_context_constant_k0
06326600,-0.0008719671763120396,0.04541301536123238,3,114,flow_freshness_vs_context_constant_k0
06330000,-0.00012932056352605494,0.023673143345743247,1,75,flow_freshness_vs_context_constant_k0
06332515,0.00011893324159120221,0.00876458422187059,1,20,flow_freshness_vs_context_constant_k0
06332770,-2.0841875101984826e-05,0.002780410553074764,1,16,flow_freshness_vs_context_constant_k0
06336500,0.00020418014570228153,0.007926784935615841,1,21,flow_freshness_vs_context_constant_k0
06337000,-0.00014068966146619155,0.01307398851835028,2,48,flow_freshness_vs_context_constant_k0
06339550,0.00031330258613504106,0.011342775128604073,1,38,flow_freshness_vs_context_constant_k0
06339800,0.0010688851908052725,0.0340031266595095,2,64,flow_freshness_vs_context_constant_k0
06339900,-0.0001775834262001459,0.013166113003555434,1,34,flow_freshness_vs_context_constant_k0
06340000,-0.0006397929794748016,0.04331579080039767,2,138,flow_freshness_vs_context_constant_k0
06340520,-1.656526192033963e-06,0.006879557318473913,1,20,flow_freshness_vs_context_constant_k0
06340580,-0.00040308225742004955,0.01925181238921631,2,38,flow_freshness_vs_context_constant_k0
06342200,0.0002578613532650117,0.016863716283469138,1,40,flow_freshness_vs_context_constant_k0
06342230,-0.00018461223043034363,0.00902781061316645,1,24,flow_freshness_vs_context_constant_k0
06344600,0.0006788876291543505,0.031207829405667197,2,80,flow_freshness_vs_context_constant_k0
06349000,0.00023132312398848736,0.005678244460860837,1,18,flow_freshness_vs_context_constant_k0
06349930,3.187184447258053e-05,0.02290563234857268,1,62,flow_freshness_vs_context_constant_k0
06350000,0.00020499657104905165,0.013037345573061323,1,34,flow_freshness_vs_context_constant_k0
06355310,0.007112129551467495,0.10318063488830105,1,67,flow_freshness_vs_context_constant_k0
06375600,-0.00042195260999226494,0.009024418701355117,1,35,flow_freshness_vs_context_constant_k0
06378300,-0.0003761097164585376,0.031795148564872124,2,32,flow_freshness_vs_context_constant_k0
06426400,-0.00042440715922127426,0.017874391490003173,1,31,flow_freshness_vs_context_constant_k0
06436180,0.0005475219143383206,0.0018399431607471607,1,31,flow_freshness_vs_context_constant_k0
06436198,0.00038389139006854737,0.005319915201022863,1,30,flow_freshness_vs_context_constant_k0
06453305,0.00024863672767628695,0.0008211831581407508,1,19,flow_freshness_vs_context_constant_k0
06463720,-0.00013817954310585396,0.004714696359425018,2,38,flow_freshness_vs_context_constant_k0
06485500,0.0023321626101094383,0.036656638583229234,2,168,flow_freshness_vs_context_constant_k0
06607500,0.007166765120970828,0.06388317869477593,2,226,flow_freshness_vs_context_constant_k0
06611100,2.2307690844124733e-05,0.0031240157115569513,1,19,flow_freshness_vs_context_constant_k0
06611200,0.0009735233322079296,0.00769024163863133,1,19,flow_freshness_vs_context_constant_k0
06611800,5.5652732221641516e-05,0.0027726825541490095,1,19,flow_freshness_vs_context_constant_k0
06710200,-1.6692259457543912e-05,0.0018223985366393133,1,5,flow_freshness_vs_context_constant_k0
06713500,0.0025253924997696965,0.02419760723940094,1,229,flow_freshness_vs_context_constant_k0
06714000,-0.00010994698559825802,0.01659215474169312,1,108,flow_freshness_vs_context_constant_k0
06720500,-0.002241421009931229,0.02821639460949079,2,102,flow_freshness_vs_context_constant_k0
06734900,-0.000635964927307006,0.0012285860011606417,1,27,flow_freshness_vs_context_constant_k0
06752000,0.00014694515449372366,0.002244496837901591,1,24,flow_freshness_vs_context_constant_k0
06753400,0.0005360071761176046,0.0034683947302467733,1,21,flow_freshness_vs_context_constant_k0
06759910,0.00109448440919355,0.004799896669397896,2,50,flow_freshness_vs_context_constant_k0
06770500,-3.898427430560106e-05,0.0034846166195287498,1,17,flow_freshness_vs_context_constant_k0
06775900,0.003463310204102586,0.05771901294388603,1,195,flow_freshness_vs_context_constant_k0
06791150,0.00010788441809068313,0.00741114033462976,2,30,flow_freshness_vs_context_constant_k0
06805500,0.0065093974436361505,0.07196850927860166,2,590,flow_freshness_vs_context_constant_k0
06810000,0.0012136277119844019,0.023569294231823086,1,125,flow_freshness_vs_context_constant_k0
06818000,0.00019809736097806615,0.0034859541267344626,1,32,flow_freshness_vs_context_constant_k0
06879100,4.33993214028034e-05,0.0019144616965733744,1,31,flow_freshness_vs_context_constant_k0
06879650,0.00019656178757511262,0.0029952560326367834,1,15,flow_freshness_vs_context_constant_k0
06880800,0.00025099247713960995,0.007947155637983308,1,38,flow_freshness_vs_context_constant_k0
06885500,7.157936697974019e-05,0.0048665845894679625,1,30,flow_freshness_vs_context_constant_k0
06887000,-0.0002642306893366148,0.00842198403504968,1,54,flow_freshness_vs_context_constant_k0
06890900,0.00024673763462011283,0.0016819153665625375,1,27,flow_freshness_vs_context_constant_k0
06891500,0.00025551459277205327,0.004162078901510314,2,56,flow_freshness_vs_context_constant_k0
06893350,-4.3352851662027754e-05,0.001499486710604347,1,12,flow_freshness_vs_context_constant_k0
06893390,2.764675342834864e-05,0.0015641011157910634,1,20,flow_freshness_vs_context_constant_k0
06893500,-0.00036947323062464367,0.010394871038181371,2,76,flow_freshness_vs_context_constant_k0
06893562,0.000505264465684465,0.0064877590796179755,1,42,flow_freshness_vs_context_constant_k0
06893578,-9.070813025395496e-05,0.002157520734146968,1,31,flow_freshness_vs_context_constant_k0
06893620,0.0011696696195755525,0.0062166887052883665,1,49,flow_freshness_vs_context_constant_k0
06893940,0.000270294675228003,0.002588901942150158,1,31,flow_freshness_vs_context_constant_k0
06894000,0.0004772818571405894,0.003389628160932891,1,44,flow_freshness_vs_context_constant_k0
06902000,0.00011448838064595881,0.004784289266824748,1,27,flow_freshness_vs_context_constant_k0
06923250,0.00020674200434210057,0.0021742755113506305,1,25,flow_freshness_vs_context_constant_k0
06926510,9.81067787291373e-05,0.0018159050574412124,1,19,flow_freshness_vs_context_constant_k0
07022000,-0.0008809786886503815,0.020315872207632146,1,305,flow_freshness_vs_context_constant_k0
07048600,-0.00039992212948829035,0.012681547824957791,1,147,flow_freshness_vs_context_constant_k0
07048800,0.0004791029113642172,0.015537261687462651,1,115,flow_freshness_vs_context_constant_k0
07049000,0.0007963166564143591,0.02620070695290369,2,248,flow_freshness_vs_context_constant_k0
07050500,-1.7708155137280345e-05,0.0020115325549737765,1,24,flow_freshness_vs_context_constant_k0
07055893,0.00023074879724186955,0.0015832457038985252,1,19,flow_freshness_vs_context_constant_k0
07056000,0.0022404506022668845,0.020373278402048847,2,180,flow_freshness_vs_context_constant_k0
07056515,0.00029479970948180045,0.005968940208125169,1,55,flow_freshness_vs_context_constant_k0
07060710,-0.0016138623393217957,0.007849032605110665,1,177,flow_freshness_vs_context_constant_k0
07061600,0.0003870615800981987,0.0019979725385133843,1,31,flow_freshness_vs_context_constant_k0
07077500,0.0009305440291493621,0.009059099189640138,1,25,flow_freshness_vs_context_constant_k0
07077555,-1.846042473032601e-05,0.005983499173901115,1,41,flow_freshness_vs_context_constant_k0
07077800,-0.0001818586595162587,0.001710285820987038,1,15,flow_freshness_vs_context_constant_k0
07097000,0.00016218280523055148,0.001784109468036726,1,11,flow_freshness_vs_context_constant_k0
07099200,0.0012969107466880877,0.012996830218948206,1,115,flow_freshness_vs_context_constant_k0
07099400,0.005752062137765086,0.01742358016655142,2,232,flow_freshness_vs_context_constant_k0
07143672,-0.0011490336814530275,0.037336261220318114,2,202,flow_freshness_vs_context_constant_k0
07231975,0.0010531321689455835,0.00423727362667647,1,11,flow_freshness_vs_context_constant_k0
07373420,0.004362206566375953,0.02576806507731961,1,315,flow_freshness_vs_context_constant_k0
394340085524601,0.00013434808905576646,0.015579249446426127,1,244,flow_freshness_vs_context_constant_k0
401723105400000,-0.0006080867528155581,0.01337552664805024,1,265,flow_freshness_vs_context_constant_k0
03016000,1.580974607424614e-05,0.0009534002148477795,1,29,flow_values_vs_prior_tail_constant_k0
03030852,0.00020713785630369335,0.003261796079638809,1,30,flow_values_vs_prior_tail_constant_k0
03037525,2.500167493051601e-05,0.001568325419527541,1,25,flow_values_vs_prior_tail_constant_k0
03039420,0.0001145485309635396,0.0010757791479690238,1,20,flow_values_vs_prior_tail_constant_k0
03049625,-0.00014219468587906164,0.004142683551105172,1,43,flow_values_vs_prior_tail_constant_k0
03075001,0.00040422797893443254,0.005580203016089247,2,134,flow_values_vs_prior_tail_constant_k0
03083500,0.0005320614784077972,0.0031113282624160663,1,100,flow_values_vs_prior_tail_constant_k0
03085000,8.891220875988203e-05,0.005921611385679596,1,122,flow_values_vs_prior_tail_constant_k0
03104500,0.0005175132051773198,0.009131245987617678,2,68,flow_values_vs_prior_tail_constant_k0
03110983,-3.501180028158723e-05,0.0071554648259115755,2,56,flow_values_vs_prior_tail_constant_k0
03127970,0.00014174794946254966,0.008200323857419827,2,58,flow_values_vs_prior_tail_constant_k0
03144270,-5.751740036370032e-06,0.0026716033993984525,1,26,flow_values_vs_prior_tail_constant_k0
03144289,-0.00020490664406527727,0.007924205843883678,3,78,flow_values_vs_prior_tail_constant_k0
03201660,-3.594462475236262e-05,0.002171424117954494,1,20,flow_values_vs_prior_tail_constant_k0
03201700,2.2575168008266563e-05,0.004137466721996231,1,37,flow_values_vs_prior_tail_constant_k0
03207962,-6.132418948059492e-05,0.0013808989274377626,1,16,flow_values_vs_prior_tail_constant_k0
03212500,7.485875904952914e-05,0.0023351538670283297,1,20,flow_values_vs_prior_tail_constant_k0
03216600,-0.0007421397199210283,0.007431797997996916,1,115,flow_values_vs_prior_tail_constant_k0
03245500,4.731480360966652e-06,0.003138234003553162,1,33,flow_values_vs_prior_tail_constant_k0
03281500,-2.6380178739405885e-06,0.0016016474238861786,1,31,flow_values_vs_prior_tail_constant_k0
03290500,6.443023226964923e-06,0.0037593569890970236,1,53,flow_values_vs_prior_tail_constant_k0
03303280,-0.0030270861962233106,0.024092919069561496,1,294,flow_values_vs_prior_tail_constant_k0
03339000,1.515576130657977e-05,0.0004687483709450173,1,10,flow_values_vs_prior_tail_constant_k0
03353551,-6.179427874177086e-05,0.006630054691273251,1,21,flow_values_vs_prior_tail_constant_k0
03353630,5.227693087037751e-05,0.004172437831796062,2,42,flow_values_vs_prior_tail_constant_k0
03354000,-0.00027455778008661204,0.0017459129358765022,1,32,flow_values_vs_prior_tail_constant_k0
03357330,0.00012659619693873673,0.004221456117340411,2,54,flow_values_vs_prior_tail_constant_k0
03373530,5.936892586259233e-05,0.0034656908419000597,1,22,flow_values_vs_prior_tail_constant_k0
03378500,0.0007117399177403383,0.013938557328979868,1,285,flow_values_vs_prior_tail_constant_k0
03438500,0.00017329597820090498,0.0015024943123642114,2,60,flow_values_vs_prior_tail_constant_k0
03459500,-0.00025847392658816547,0.007705276941601862,1,14,flow_values_vs_prior_tail_constant_k0
03460000,-0.00016450618413734223,0.016798146276998983,1,67,flow_values_vs_prior_tail_constant_k0
03466208,-2.1392613731079197e-05,0.0028645710402806306,1,34,flow_values_vs_prior_tail_constant_k0
03497300,0.0004613859755953491,0.030417485339839057,3,585,flow_values_vs_prior_tail_constant_k0
03524550,0.00018842801394248774,0.003166244591299674,1,19,flow_values_vs_prior_tail_constant_k0
03612500,4.102944254475585e-05,0.007463446859223439,1,197,flow_values_vs_prior_tail_constant_k0
03612600,-0.0010648273479256923,0.002963979905942122,1,106,flow_values_vs_prior_tail_constant_k0
05276005,9.940955880776336e-05,0.00301455557403222,1,22,flow_values_vs_prior_tail_constant_k0
05288705,0.00043561144707400973,0.015983542175013136,1,200,flow_values_vs_prior_tail_constant_k0
05320270,-3.9215214819798793e-05,0.0066333552860202965,1,34,flow_values_vs_prior_tail_constant_k0
05322000,0.0002109109560939296,0.00420614061393188,1,33,flow_values_vs_prior_tail_constant_k0
05325000,-3.602604270659209e-05,0.00035279346563359484,1,2,flow_values_vs_prior_tail_constant_k0
05325050,-4.698328735287162e-05,0.0013647731668332912,2,14,flow_values_vs_prior_tail_constant_k0
05331833,-2.0169425988073286e-05,0.0033656166614317584,1,24,flow_values_vs_prior_tail_constant_k0
05333500,-4.32650506307905e-05,0.012612773639452013,1,62,flow_values_vs_prior_tail_constant_k0
05355250,-1.3637971359001431e-05,0.002087028245896426,1,29,flow_values_vs_prior_tail_constant_k0
05357206,0.0002291318822262474,0.009219391456358804,1,89,flow_values_vs_prior_tail_constant_k0
05357215,-0.0011553544564726573,0.010025549651812597,1,121,flow_values_vs_prior_tail_constant_k0
05357245,0.0007500937718963371,0.02479153424398085,1,114,flow_values_vs_prior_tail_constant_k0
05412500,0.0006421738315618066,0.01572888357654546,1,113,flow_values_vs_prior_tail_constant_k0
05418600,-0.0012837803164963038,0.012644145150002659,1,113,flow_values_vs_prior_tail_constant_k0
05420500,-0.002526531012167831,0.03428397006096276,1,291,flow_values_vs_prior_tail_constant_k0
05422000,0.0003963398800525743,0.01378851382043047,1,145,flow_values_vs_prior_tail_constant_k0
05427948,6.199289713803386e-05,0.0035005753610676165,1,20,flow_values_vs_prior_tail_constant_k0
05427952,-1.4585597968757265e-07,0.006043418482378661,1,21,flow_values_vs_prior_tail_constant_k0
05451070,-5.0738811433611764e-05,0.0016355093423675647,1,15,flow_values_vs_prior_tail_constant_k0
05455100,1.232408200487982e-06,0.0039825721134345285,1,26,flow_values_vs_prior_tail_constant_k0
05461390,0.00017918780889835818,0.004563710727872759,1,26,flow_values_vs_prior_tail_constant_k0
05463050,8.542239586026148e-05,0.0023733594289286923,1,17,flow_values_vs_prior_tail_constant_k0
05464220,9.368295808422569e-05,0.012741770309796984,2,72,flow_values_vs_prior_tail_constant_k0
05464760,-4.56729934805621e-07,0.001277510251929294,1,15,flow_values_vs_prior_tail_constant_k0
05465500,0.0008632283616707351,0.0243542300763387,1,286,flow_values_vs_prior_tail_constant_k0
05531500,-0.00011122469224647807,0.012450363897674278,2,28,flow_values_vs_prior_tail_constant_k0
05538020,-6.827895929130916e-05,0.0003749492381436721,1,9,flow_values_vs_prior_tail_constant_k0
05540500,-0.00012256376980920378,0.0060890789320904495,2,70,flow_values_vs_prior_tail_constant_k0
05543500,-0.00023538685711563915,0.004747989101473778,1,53,flow_values_vs_prior_tail_constant_k0
05552500,-2.8264372312608646e-05,0.002557988246400792,1,40,flow_values_vs_prior_tail_constant_k0
05553700,-2.268060330788135e-05,0.002414098282443756,2,60,flow_values_vs_prior_tail_constant_k0
05587455,4.8300401921649054e-05,0.024903881452021017,1,298,flow_values_vs_prior_tail_constant_k0
06126470,1.6972697889070026e-05,0.00462778684342838,1,17,flow_values_vs_prior_tail_constant_k0
06177825,-6.432079367245414e-05,0.004068017617765103,1,20,flow_values_vs_prior_tail_constant_k0
06183450,-3.850451725333352e-05,0.009607453072884973,1,17,flow_values_vs_prior_tail_constant_k0
06208500,6.0883305564904596e-05,0.0052096333404430565,1,28,flow_values_vs_prior_tail_constant_k0
06214500,8.209359568181379e-05,0.0027799566795110643,1,44,flow_values_vs_prior_tail_constant_k0
06279500,0.00033151485081641015,0.005530114997953269,2,66,flow_values_vs_prior_tail_constant_k0
06294940,-2.97747795020343e-05,0.005158014960742918,1,15,flow_values_vs_prior_tail_constant_k0
06294980,-0.0005100539167052025,0.007123404725655957,1,20,flow_values_vs_prior_tail_constant_k0
06295000,7.219375104180895e-05,0.007336694999074092,1,61,flow_values_vs_prior_tail_constant_k0
06296120,2.2459646064334843e-05,0.005061354050707072,1,36,flow_values_vs_prior_tail_constant_k0
06306100,0.00011198478077403527,0.004003151387231911,1,21,flow_values_vs_prior_tail_constant_k0
06306300,9.764366750856588e-05,0.008873506274645697,1,56,flow_values_vs_prior_tail_constant_k0
06307500,7.057920633531156e-05,0.011458800732269556,1,65,flow_values_vs_prior_tail_constant_k0
06307600,5.953869755704627e-05,0.0055689271397885215,1,27,flow_values_vs_prior_tail_constant_k0
06307665,1.263322929327709e-07,0.009992813397654834,1,19,flow_values_vs_prior_tail_constant_k0
06313500,0.00010431398052427991,0.02715906276335156,2,78,flow_values_vs_prior_tail_constant_k0
06324500,-9.579845214714741e-05,0.007948565301897895,1,84,flow_values_vs_prior_tail_constant_k0
06324925,-0.0004433116071628,0.01927593953325293,2,58,flow_values_vs_prior_tail_constant_k0
06324970,-0.0006123946553039061,0.035695598381978305,2,138,flow_values_vs_prior_tail_constant_k0
06326600,0.0008674025872861032,0.046841981050572204,3,114,flow_values_vs_prior_tail_constant_k0
06330000,-1.4625938075738789e-06,0.023800582572618165,1,75,flow_values_vs_prior_tail_constant_k0
06332515,2.9985828982160727e-05,0.008665851473343015,1,20,flow_values_vs_prior_tail_constant_k0
06332770,-8.033481305939063e-06,0.0027918530288383874,1,16,flow_values_vs_prior_tail_constant_k0
06336500,0.00047652380158850084,0.0081880528197476,1,21,flow_values_vs_prior_tail_constant_k0
06337000,-6.805905138364382e-05,0.013128112597933832,2,48,flow_values_vs_prior_tail_constant_k0
06339550,0.0007718177052965726,0.011776908130308983,1,38,flow_values_vs_prior_tail_constant_k0
06339800,-0.0001659312473689125,0.03272248651604345,2,64,flow_values_vs_prior_tail_constant_k0
06339900,-0.0001264057399555986,0.013213490156039768,1,34,flow_values_vs_prior_tail_constant_k0
06340000,0.0005732782997328629,0.044282350901808695,2,138,flow_values_vs_prior_tail_constant_k0
06340520,7.432599447118098e-06,0.006879480466655704,1,20,flow_values_vs_prior_tail_constant_k0
06340580,-0.0006886426947740076,0.01896988943241763,2,38,flow_values_vs_prior_tail_constant_k0
06342200,3.9267129110440616e-05,0.0166435515729707,1,40,flow_values_vs_prior_tail_constant_k0
06342230,-0.00042004500867068675,0.008819704534904963,1,24,flow_values_vs_prior_tail_constant_k0
06344600,0.0009447040792181119,0.031426604840695656,2,80,flow_values_vs_prior_tail_constant_k0
06349000,3.657925167245927e-05,0.0054796742201225586,1,18,flow_values_vs_prior_tail_constant_k0
06349930,-2.3642974680195245e-05,0.02286744190322524,1,62,flow_values_vs_prior_tail_constant_k0
06350000,3.600777458177853e-05,0.012857168152005112,1,34,flow_values_vs_prior_tail_constant_k0
06355310,0.00017481917697710807,0.09604738842584314,1,67,flow_values_vs_prior_tail_constant_k0
06375600,-0.0005977130508419826,0.00874820812624693,1,35,flow_values_vs_prior_tail_constant_k0
06378300,-0.00043228850121268357,0.031687793923134304,2,32,flow_values_vs_prior_tail_constant_k0
06426400,-0.0007663813238848322,0.01751719055370014,1,31,flow_values_vs_prior_tail_constant_k0
06436180,-2.5779022048797817e-05,0.0012782066211035645,1,31,flow_values_vs_prior_tail_constant_k0
06436198,5.523796379947583e-05,0.004990764022659162,1,30,flow_values_vs_prior_tail_constant_k0
06453305,-5.231053770882289e-05,0.000528012747213705,1,19,flow_values_vs_prior_tail_constant_k0
06463720,-0.00016388901468678555,0.004699158385865035,2,38,flow_values_vs_prior_tail_constant_k0
06485500,0.0005837961212611573,0.034240421730936235,2,168,flow_values_vs_prior_tail_constant_k0
06607500,0.007233461140065622,0.06419489586300128,2,226,flow_values_vs_prior_tail_constant_k0
06611100,0.00017170764765609634,0.0030991077718798537,1,19,flow_values_vs_prior_tail_constant_k0
06611200,1.8702606318465133e-05,0.006687461663517313,1,19,flow_values_vs_prior_tail_constant_k0
06611800,0.00021254633049734884,0.002929560899239607,1,19,flow_values_vs_prior_tail_constant_k0
06710200,-7.840022832176694e-06,0.0018300981842123876,1,5,flow_values_vs_prior_tail_constant_k0
06713500,0.0006232305961530348,0.022401624496640394,1,229,flow_values_vs_prior_tail_constant_k0
06714000,2.3661649645732092e-05,0.016707100883899473,1,108,flow_values_vs_prior_tail_constant_k0
06720500,-0.0006953452960338115,0.029636126596853198,2,102,flow_values_vs_prior_tail_constant_k0
06734900,0.00028974691455381686,0.002195191175769621,1,27,flow_values_vs_prior_tail_constant_k0
06752000,4.6483413669593584e-05,0.002117818944682589,1,24,flow_values_vs_prior_tail_constant_k0
06753400,3.323884894789428e-05,0.002982150287404621,1,21,flow_values_vs_prior_tail_constant_k0
06759910,0.00023130503876682017,0.0038092336186624186,2,50,flow_values_vs_prior_tail_constant_k0
06770500,8.217688176380015e-05,0.0035112535484567065,1,17,flow_values_vs_prior_tail_constant_k0
06775900,0.0012496809017655045,0.05573203915555471,1,195,flow_values_vs_prior_tail_constant_k0
06791150,9.900095500927242e-05,0.007402119272579655,2,30,flow_values_vs_prior_tail_constant_k0
06805500,0.0016510833631853848,0.06578338041461504,2,590,flow_values_vs_prior_tail_constant_k0
06810000,0.00016483697861626248,0.022523256082515288,1,125,flow_values_vs_prior_tail_constant_k0
06818000,2.338910066036002e-05,0.0033104016588282356,1,32,flow_values_vs_prior_tail_constant_k0
06879100,1.4890553187095868e-06,0.0018819560537831884,1,31,flow_values_vs_prior_tail_constant_k0
06879650,0.00020441840606633143,0.0030337593887649465,1,15,flow_values_vs_prior_tail_constant_k0
06880800,6.174897581760082e-05,0.007733150800021012,1,38,flow_values_vs_prior_tail_constant_k0
06885500,1.0858045721831213e-05,0.0048001081880776775,1,30,flow_values_vs_prior_tail_constant_k0
06887000,-4.512977988645747e-05,0.008638319820733733,1,54,flow_values_vs_prior_tail_constant_k0
06890900,2.8320532022424366e-05,0.0014668270423859823,1,27,flow_values_vs_prior_tail_constant_k0
06891500,-0.0003544203719041889,0.003955372716155836,2,56,flow_values_vs_prior_tail_constant_k0
06893350,-1.522499860405983e-06,0.0015362275685330197,1,12,flow_values_vs_prior_tail_constant_k0
06893390,-1.5755306063689435e-05,0.0015431182123292542,1,20,flow_values_vs_prior_tail_constant_k0
06893500,-0.00010660052522848209,0.010629347414977206,2,76,flow_values_vs_prior_tail_constant_k0
06893562,-0.00018218263530821708,0.005795583826551411,1,42,flow_values_vs_prior_tail_constant_k0
06893578,6.103758262206393e-05,0.002210291339970952,1,31,flow_values_vs_prior_tail_constant_k0
06893620,0.0003598967276647159,0.00502296080070816,1,49,flow_values_vs_prior_tail_constant_k0
06893940,3.5947317382690536e-05,0.0023665719390272085,1,31,flow_values_vs_prior_tail_constant_k0
06894000,3.796519289729492e-05,0.002952202747335264,1,44,flow_values_vs_prior_tail_constant_k0
06902000,0.00010077974469218489,0.004669294935309032,1,27,flow_values_vs_prior_tail_constant_k0
06923250,0.00016811977179416826,0.002123793173578631,1,25,flow_values_vs_prior_tail_constant_k0
06926510,1.3513642613357076e-05,0.0017305207789149468,1,19,flow_values_vs_prior_tail_constant_k0
07022000,-4.212121456931876e-05,0.021132551178148256,1,305,flow_values_vs_prior_tail_constant_k0
07048600,-5.656059422080719e-05,0.013006955714014647,1,147,flow_values_vs_prior_tail_constant_k0
07048800,0.0005163381546473717,0.014998581956936853,1,115,flow_values_vs_prior_tail_constant_k0
07049000,0.0005639119872476342,0.025305804149608264,2,248,flow_values_vs_prior_tail_constant_k0
07050500,0.00011680036892588608,0.0019881581906849377,1,24,flow_values_vs_prior_tail_constant_k0
07055893,3.535134177382383e-05,0.001382051569489088,1,19,flow_values_vs_prior_tail_constant_k0
07056000,0.0009524316628675005,0.018482528063580663,2,180,flow_values_vs_prior_tail_constant_k0
07056515,0.0002140909283440353,0.005565627546436021,1,55,flow_values_vs_prior_tail_constant_k0
07060710,-7.349202443728299e-05,0.009129909780542742,1,177,flow_values_vs_prior_tail_constant_k0
07061600,-1.534163301627999e-05,0.0016061477436941935,1,31,flow_values_vs_prior_tail_constant_k0
07077500,0.00025224479671585886,0.008425556487043472,1,25,flow_values_vs_prior_tail_constant_k0
07077555,-8.56443539773697e-06,0.005953778970295297,1,41,flow_values_vs_prior_tail_constant_k0
07077800,-0.0002377303429567141,0.0016307345104759185,1,15,flow_values_vs_prior_tail_constant_k0
07097000,2.4017357720797927e-05,0.001646524848830665,1,11,flow_values_vs_prior_tail_constant_k0
07099200,2.7158366794979108e-05,0.01173135041489465,1,115,flow_values_vs_prior_tail_constant_k0
07099400,0.00010757783356338908,0.011951604833615856,2,232,flow_values_vs_prior_tail_constant_k0
07143672,0.001193330696370799,0.03835394517597636,2,202,flow_values_vs_prior_tail_constant_k0
07231975,8.823415968449333e-05,0.0032726795947474845,1,11,flow_values_vs_prior_tail_constant_k0
07373420,0.0029631885946007496,0.0244580551464236,1,315,flow_values_vs_prior_tail_constant_k0
394340085524601,5.074985522528825e-05,0.01571530099830789,1,244,flow_values_vs_prior_tail_constant_k0
401723105400000,0.0009288021711634217,0.0118544188300342,1,265,flow_values_vs_prior_tail_constant_k0
03016000,7.58271420950478e-05,0.0010134176108685812,1,29,flow_values_vs_context_constant_k0
03030852,-0.0003710511158056048,0.0026836071075295106,1,30,flow_values_vs_context_constant_k0
03037525,-0.00028777096799404605,0.001255552776602979,1,25,flow_values_vs_context_constant_k0
03039420,-0.00010696017193110059,0.0008542704450743836,1,20,flow_values_vs_context_constant_k0
03049625,-0.00033359926628774653,0.003951278970696487,1,43,flow_values_vs_context_constant_k0
03075001,0.0007825227291119597,0.005958497766266774,2,134,flow_values_vs_context_constant_k0
03083500,0.0010808852148614504,0.0036601519988697195,1,100,flow_values_vs_context_constant_k0
03085000,0.001230324740153558,0.007063023917073272,1,122,flow_values_vs_context_constant_k0
03104500,-0.0009356733686511211,0.0076780594137892365,2,68,flow_values_vs_context_constant_k0
03110983,-0.00013580336803072413,0.0070546732581624385,2,56,flow_values_vs_context_constant_k0
03127970,0.0003197760519429193,0.008378351959900197,2,58,flow_values_vs_context_constant_k0
03144270,-4.2016288769828876e-06,0.0026731535105578397,1,26,flow_values_vs_context_constant_k0
03144289,7.353493693163898e-05,0.008202647424880595,3,78,flow_values_vs_context_constant_k0
03201660,0.00011242891262505944,0.002319797655331916,1,20,flow_values_vs_context_constant_k0
03201700,0.0001717568764482906,0.004286648430436255,1,37,flow_values_vs_context_constant_k0
03207962,-7.780729338556685e-05,0.0013644158235327905,1,16,flow_values_vs_context_constant_k0
03212500,-0.00015391124384546548,0.002106383864133335,1,20,flow_values_vs_context_constant_k0
03216600,-0.0010485582035640692,0.007125379514353875,1,115,flow_values_vs_context_constant_k0
03245500,-1.0344514980242592e-05,0.0031231580082119524,1,33,flow_values_vs_context_constant_k0
03281500,0.00012580697060583505,0.0017300924123659542,1,31,flow_values_vs_context_constant_k0
03290500,-8.711454869083377e-05,0.003665799417179225,1,53,flow_values_vs_context_constant_k0
03303280,-0.00474731742519507,0.022372687840589735,1,294,flow_values_vs_context_constant_k0
03339000,-5.766355891964045e-05,0.0003959290507187971,1,10,flow_values_vs_context_constant_k0
03353551,-9.049856353928463e-05,0.006601350406475737,1,21,flow_values_vs_context_constant_k0
03353630,0.00031241262163316533,0.004432573522558849,2,42,flow_values_vs_context_constant_k0
03354000,-0.00034133863817174955,0.0016791320777913648,1,32,flow_values_vs_context_constant_k0
03357330,0.000605860547063035,0.0047007204674647095,2,54,flow_values_vs_context_constant_k0
03373530,0.0002569816769848015,0.003663303593022269,1,22,flow_values_vs_context_constant_k0
03378500,0.0008179399597513248,0.014044757370990856,1,285,flow_values_vs_context_constant_k0
03438500,-0.00022159895438721811,0.001107599379776088,2,60,flow_values_vs_context_constant_k0
03459500,-0.0002589704864285135,0.007704780381761514,1,14,flow_values_vs_context_constant_k0
03460000,6.13678719173146e-05,0.01702402033305364,1,67,flow_values_vs_context_constant_k0
03466208,0.00048298001414385605,0.003368943668155566,1,34,flow_values_vs_context_constant_k0
03497300,-0.0017781019304086167,0.028177997433835093,3,585,flow_values_vs_context_constant_k0
03524550,-0.0005503844088065327,0.0024274321685506537,1,19,flow_values_vs_context_constant_k0
03612500,0.00026580701003593504,0.007688224426714619,1,197,flow_values_vs_context_constant_k0
03612600,-0.0014948520777955242,0.00253395517607229,1,106,flow_values_vs_context_constant_k0
05276005,-0.00011254549401231815,0.0028026005212121387,1,22,flow_values_vs_context_constant_k0
05288705,0.0006405705397056177,0.016188501267644744,1,200,flow_values_vs_context_constant_k0
05320270,-0.00023102760439488106,0.006441542896445214,1,34,flow_values_vs_context_constant_k0
05322000,-0.00028132659597302216,0.0037139030618649283,1,33,flow_values_vs_context_constant_k0
05325000,-3.9018342204536976e-05,0.0003498011661356499,1,2,flow_values_vs_context_constant_k0
05325050,-0.0001875196055888817,0.0012242368485972813,2,14,flow_values_vs_context_constant_k0
05331833,-0.00015387703282595177,0.00323190905459388,1,24,flow_values_vs_context_constant_k0
05333500,-0.0003028975864074019,0.012353141103675401,1,62,flow_values_vs_context_constant_k0
05355250,-0.00015613976717250065,0.0019445264500829267,1,29,flow_values_vs_context_constant_k0
05357206,3.642608374098288e-05,0.009026685657873538,1,89,flow_values_vs_context_constant_k0
05357215,-0.0016876211839142795,0.009493282924370974,1,121,flow_values_vs_context_constant_k0
05357245,0.004492500837774439,0.02853394130985895,1,114,flow_values_vs_context_constant_k0
05412500,0.004281857881879978,0.01936856762686363,1,113,flow_values_vs_context_constant_k0
05418600,0.0019636503264250805,0.015891575792924044,1,113,flow_values_vs_context_constant_k0
05420500,-0.00234941098079799,0.0344610900923326,1,291,flow_values_vs_context_constant_k0
05422000,0.0017924564666874589,0.015184630407065355,1,145,flow_values_vs_context_constant_k0
05427948,2.553274962962769e-05,0.00346411521355921,1,20,flow_values_vs_context_constant_k0
05427952,0.00010982305837010486,0.006153387396728454,1,21,flow_values_vs_context_constant_k0
05451070,-0.00026498265195175043,0.0014212655018494263,1,15,flow_values_vs_context_constant_k0
05455100,-2.207747105180473e-05,0.003959262234182236,1,26,flow_values_vs_context_constant_k0
05461390,0.0008337192009037802,0.005218242119878181,1,26,flow_values_vs_context_constant_k0
05463050,-4.236823004918806e-05,0.0022455688030192426,1,17,flow_values_vs_context_constant_k0
05464220,0.0006661388554819602,0.013314226207194718,2,72,flow_values_vs_context_constant_k0
05464760,-0.00013341485533056093,0.0011445521265335387,1,15,flow_values_vs_context_constant_k0
05465500,0.001684175787110563,0.02517517750177853,1,286,flow_values_vs_context_constant_k0
05531500,-0.0004685151872602823,0.012093073402660474,2,28,flow_values_vs_context_constant_k0
05538020,8.84759463533128e-05,0.000531704143788294,1,9,flow_values_vs_context_constant_k0
05540500,-0.000184236464472808,0.006027406237426845,2,70,flow_values_vs_context_constant_k0
05543500,-0.0004569873309225219,0.004526388627666896,1,53,flow_values_vs_context_constant_k0
05552500,-0.00014702238595410585,0.002439230232759295,1,40,flow_values_vs_context_constant_k0
05553700,-0.00035225060788102343,0.002084528277870614,2,60,flow_values_vs_context_constant_k0
05587455,-0.002268995905417482,0.022586585144681884,1,298,flow_values_vs_context_constant_k0
06126470,-0.0004228662548680748,0.004187947890671236,1,17,flow_values_vs_context_constant_k0
06177825,-0.00010713778225427581,0.0040252006291832815,1,20,flow_values_vs_context_constant_k0
06183450,-0.00022757183367884027,0.009418385756459466,1,17,flow_values_vs_context_constant_k0
06208500,0.00040586985719931825,0.00555461989207747,1,28,flow_values_vs_context_constant_k0
06214500,0.0017624021996279285,0.004460265283457179,1,44,flow_values_vs_context_constant_k0
06279500,0.0016585088443467942,0.006857108991483653,2,66,flow_values_vs_context_constant_k0
06294940,0.00020724840384109464,0.005395038144086047,1,15,flow_values_vs_context_constant_k0
06294980,-0.00019381835989393448,0.007439640282467225,1,20,flow_values_vs_context_constant_k0
06295000,0.0022028268924996664,0.00946732814053195,1,61,flow_values_vs_context_constant_k0
06296120,0.00016163785980269097,0.005200532264445428,1,36,flow_values_vs_context_constant_k0
06306100,1.3841832736999032e-05,0.003905008439194875,1,21,flow_values_vs_context_constant_k0
06306300,0.0026412425923986963,0.011417105199535827,1,56,flow_values_vs_context_constant_k0
06307500,0.00042561605763122355,0.011813837583565467,1,65,flow_values_vs_context_constant_k0
06307600,-0.0002123434426140912,0.005297044999617384,1,27,flow_values_vs_context_constant_k0
06307665,-0.0001778018760456723,0.00981488518931623,1,19,flow_values_vs_context_constant_k0
06313500,6.344614048500559e-05,0.027118194923312286,2,78,flow_values_vs_context_constant_k0
06324500,0.0005186475491140396,0.008563011303159082,1,84,flow_values_vs_context_constant_k0
06324925,-0.0005970459415450465,0.019122205198870684,2,58,flow_values_vs_context_constant_k0
06324970,-0.0012625150363742594,0.035045478000907945,2,138,flow_values_vs_context_constant_k0
06326600,-0.0005615631020537257,0.04541301536123238,3,114,flow_values_vs_context_constant_k0
06330000,-0.0001289018206824932,0.023673143345743247,1,75,flow_values_vs_context_constant_k0
06332515,0.00012871857750973616,0.00876458422187059,1,20,flow_values_vs_context_constant_k0
06332770,-1.9475957069562124e-05,0.002780410553074764,1,16,flow_values_vs_context_constant_k0
06336500,0.00021525591745674366,0.007926784935615841,1,21,flow_values_vs_context_constant_k0
06337000,-0.0001221831309671957,0.01307398851835028,2,48,flow_values_vs_context_constant_k0
06339550,0.00033768470359166165,0.011342775128604073,1,38,flow_values_vs_context_constant_k0
06339800,0.0011147088960971312,0.0340031266595095,2,64,flow_values_vs_context_constant_k0
06339900,-0.00017378289243993167,0.013166113003555434,1,34,flow_values_vs_context_constant_k0
06340000,-0.0003932818016781547,0.04331579080039767,2,138,flow_values_vs_context_constant_k0
06340520,7.509451265326798e-06,0.006879557318473913,1,20,flow_values_vs_context_constant_k0
06340580,-0.00040671973797532716,0.01925181238921631,2,38,flow_values_vs_context_constant_k0
06342200,0.0002594318396088776,0.016863716283469138,1,40,flow_values_vs_context_constant_k0
06342230,-0.00021193893040920037,0.00902781061316645,1,24,flow_values_vs_context_constant_k0
06344600,0.00072592864418965,0.031207829405667197,2,80,flow_values_vs_context_constant_k0
06349000,0.00023514949241073828,0.005678244460860837,1,18,flow_values_vs_context_constant_k0
06349930,1.4547470667241343e-05,0.02290563234857268,1,62,flow_values_vs_context_constant_k0
06350000,0.00021618519563798935,0.013037345573061323,1,34,flow_values_vs_context_constant_k0
06355310,0.0073080656394350334,0.10318063488830105,1,67,flow_values_vs_context_constant_k0
06375600,-0.000321502475733794,0.009024418701355117,1,35,flow_values_vs_context_constant_k0
06378300,-0.0003249338594748609,0.031795148564872124,2,32,flow_values_vs_context_constant_k0
06426400,-0.0004091803875817984,0.017874391490003173,1,31,flow_values_vs_context_constant_k0
06436180,0.0005359575175947983,0.0018399431607471607,1,31,flow_values_vs_context_constant_k0
06436198,0.00038438914216317686,0.005319915201022863,1,30,flow_values_vs_context_constant_k0
06453305,0.00024085987321822294,0.0008211831581407508,1,19,flow_values_vs_context_constant_k0
06463720,-0.00014835104112680285,0.004714696359425018,2,38,flow_values_vs_context_constant_k0
06485500,0.0030000129735541503,0.036656638583229234,2,168,flow_values_vs_context_constant_k0
06607500,0.0069217439718402655,0.06388317869477593,2,226,flow_values_vs_context_constant_k0
06611100,0.00019661558733319402,0.0031240157115569513,1,19,flow_values_vs_context_constant_k0
06611200,0.0010214825814324824,0.00769024163863133,1,19,flow_values_vs_context_constant_k0
06611800,5.566798540675116e-05,0.0027726825541490095,1,19,flow_values_vs_context_constant_k0
06710200,-1.55396704052511e-05,0.0018223985366393133,1,5,flow_values_vs_context_constant_k0
06713500,0.002419213338913583,0.02419760723940094,1,229,flow_values_vs_context_constant_k0
06714000,-9.128449256062009e-05,0.01659215474169312,1,108,flow_values_vs_context_constant_k0
06720500,-0.002115077283396221,0.02821639460949079,2,102,flow_values_vs_context_constant_k0
06734900,-0.0006768582600551625,0.0012285860011606417,1,27,flow_values_vs_context_constant_k0
06752000,0.0001731613068885956,0.002244496837901591,1,24,flow_values_vs_context_constant_k0
06753400,0.0005194832917900467,0.0034683947302467733,1,21,flow_values_vs_context_constant_k0
06759910,0.0012219680895022979,0.004799896669397896,2,50,flow_values_vs_context_constant_k0
06770500,5.5539952835843244e-05,0.0034846166195287498,1,17,flow_values_vs_context_constant_k0
06775900,0.0032366546900968215,0.05771901294388603,1,195,flow_values_vs_context_constant_k0
06791150,0.00010802201705937833,0.00741114033462976,2,30,flow_values_vs_context_constant_k0
06805500,0.007836212227171985,0.07196850927860166,2,590,flow_values_vs_context_constant_k0
06810000,0.0012108751279240578,0.023569294231823086,1,125,flow_values_vs_context_constant_k0
06818000,0.0001989415685665872,0.0034859541267344626,1,32,flow_values_vs_context_constant_k0
06879100,3.399469810889562e-05,0.0019144616965733744,1,31,flow_values_vs_context_constant_k0
06879650,0.00016591504993816814,0.0029952560326367834,1,15,flow_values_vs_context_constant_k0
06880800,0.00027575381377989617,0.007947155637983308,1,38,flow_values_vs_context_constant_k0
06885500,7.733444711211589e-05,0.0048665845894679625,1,30,flow_values_vs_context_constant_k0
06887000,-0.00026146556557051013,0.00842198403504968,1,54,flow_values_vs_context_constant_k0
06890900,0.00024340885619897955,0.0016819153665625375,1,27,flow_values_vs_context_constant_k0
06891500,-0.0001477141865497118,0.004162078901510314,2,56,flow_values_vs_context_constant_k0
06893350,-3.8263357789078756e-05,0.001499486710604347,1,12,flow_values_vs_context_constant_k0
06893390,5.227597398119824e-06,0.0015641011157910634,1,20,flow_values_vs_context_constant_k0
06893500,-0.0003410769020243173,0.010394871038181371,2,76,flow_values_vs_context_constant_k0
06893562,0.0005099926177583475,0.0064877590796179755,1,42,flow_values_vs_context_constant_k0
06893578,8.266976798080008e-06,0.002157520734146968,1,31,flow_values_vs_context_constant_k0
06893620,0.0015536246322449222,0.0062166887052883665,1,49,flow_values_vs_context_constant_k0
06893940,0.0002582773205056401,0.002588901942150158,1,31,flow_values_vs_context_constant_k0
06894000,0.000475390606494922,0.003389628160932891,1,44,flow_values_vs_context_constant_k0
06902000,0.00021577407620790065,0.004784289266824748,1,27,flow_values_vs_context_constant_k0
06923250,0.00021860210956616742,0.0021742755113506305,1,25,flow_values_vs_context_constant_k0
06926510,9.889792113962253e-05,0.0018159050574412124,1,19,flow_values_vs_context_constant_k0
07022000,-0.0008588001850854299,0.020315872207632146,1,305,flow_values_vs_context_constant_k0
07048600,-0.0003819684832776624,0.012681547824957791,1,147,flow_values_vs_context_constant_k0
07048800,0.0010550178851731695,0.015537261687462651,1,115,flow_values_vs_context_constant_k0
07049000,0.0014588147905430613,0.02620070695290369,2,248,flow_values_vs_context_constant_k0
07050500,0.0001401747332147249,0.0020115325549737765,1,24,flow_values_vs_context_constant_k0
07055893,0.0002365454761832608,0.0015832457038985252,1,19,flow_values_vs_context_constant_k0
07056000,0.0028431820013356873,0.020373278402048847,2,180,flow_values_vs_context_constant_k0
07056515,0.0006174035900331833,0.005968940208125169,1,55,flow_values_vs_context_constant_k0
07060710,-0.0013543691998693598,0.007849032605110665,1,177,flow_values_vs_context_constant_k0
07061600,0.00037648316180291085,0.0019979725385133843,1,31,flow_values_vs_context_constant_k0
07077500,0.0008857874993125264,0.009059099189640138,1,25,flow_values_vs_context_constant_k0
07077555,2.1155768208080827e-05,0.005983499173901115,1,41,flow_values_vs_context_constant_k0
07077800,-0.00015817903244559454,0.001710285820987038,1,15,flow_values_vs_context_constant_k0
07097000,0.00016160197692685903,0.001784109468036726,1,11,flow_values_vs_context_constant_k0
07099200,0.0012926381708485359,0.012996830218948206,1,115,flow_values_vs_context_constant_k0
07099400,0.005579553166498952,0.01742358016655142,2,232,flow_values_vs_context_constant_k0
07143672,0.0001756467407125526,0.037336261220318114,2,202,flow_values_vs_context_constant_k0
07231975,0.0010528281916134792,0.00423727362667647,1,11,flow_values_vs_context_constant_k0
07373420,0.00427319852549676,0.02576806507731961,1,315,flow_values_vs_context_constant_k0
394340085524601,-8.530169665647649e-05,0.015579249446426127,1,244,flow_values_vs_context_constant_k0
401723105400000,0.002449909989179463,0.01337552664805024,1,265,flow_values_vs_context_constant_k0
03016000,-4.858004793807004e-06,0.0009410093338909477,1,29,values_vs_freshness_constant_k5
03030852,5.006888447024951e-05,0.002691816719955356,1,30,values_vs_freshness_constant_k5
03037525,-5.839727570829017e-05,0.0014816711246632979,1,25,values_vs_freshness_constant_k5
03039420,1.713853011752919e-06,0.0009083568982403743,1,20,values_vs_freshness_constant_k5
03049625,-3.12642885225617e-05,0.003744279368814258,1,43,values_vs_freshness_constant_k5
03075001,-1.2917503261135027e-05,0.005207090606461934,2,134,values_vs_freshness_constant_k5
03083500,1.1356062921972646e-05,0.002337313817012668,1,100,values_vs_freshness_constant_k5
03085000,-6.0828938694405015e-06,0.004053621650865356,1,122,values_vs_freshness_constant_k5
03104500,-1.821423388724146e-05,0.004757343856809783,2,68,values_vs_freshness_constant_k5
03110983,4.452024271541375e-05,0.0073837194205562465,2,56,values_vs_freshness_constant_k5
03127970,5.8380908470904034e-05,0.008298108764317963,2,58,values_vs_freshness_constant_k5
03144270,2.991641648169555e-05,0.0027324226630722486,1,26,values_vs_freshness_constant_k5
03144289,0.0002872649351460406,0.010551321957979275,3,78,values_vs_freshness_constant_k5
03201660,2.0601004534403927e-05,0.002143459243968197,1,20,values_vs_freshness_constant_k5
03201700,1.1216360096328606e-05,0.004028468962253188,1,37,values_vs_freshness_constant_k5
03207962,9.550202981656194e-06,0.0014156129540268446,1,16,values_vs_freshness_constant_k5
03212500,3.1682691994535e-05,0.0020143009928599146,1,20,values_vs_freshness_constant_k5
03216600,0.00015099198301112606,0.008537890200505464,1,115,values_vs_freshness_constant_k5
03245500,9.880014610997134e-06,0.0033169206017850256,1,33,values_vs_freshness_constant_k5
03281500,-1.6335853222218693e-05,0.0015252974981629689,1,31,values_vs_freshness_constant_k5
03290500,-2.8742639064761962e-05,0.004733807249925738,1,53,values_vs_freshness_constant_k5
03303280,0.0023220586632831256,0.01930649951142892,1,294,values_vs_freshness_constant_k5
03339000,-6.714736449142821e-06,0.0004533525790512424,1,10,values_vs_freshness_constant_k5
03353551,-3.921663744424876e-05,0.006568445983108783,1,21,values_vs_freshness_constant_k5
03353630,1.0747094028554405e-06,0.003930527804669876,2,42,values_vs_freshness_constant_k5
03354000,-0.00013487768931849043,0.0017414606571357887,1,32,values_vs_freshness_constant_k5
03357330,1.9001906301570677e-05,0.003311827018852255,2,54,values_vs_freshness_constant_k5
03373530,2.3092367611389424e-05,0.0034081198354624057,1,22,values_vs_freshness_constant_k5
03378500,0.00014494943612944168,0.013278540874656856,1,285,values_vs_freshness_constant_k5
03438500,1.5140914775377434e-05,0.0011072986769231658,2,60,values_vs_freshness_constant_k5
03459500,-0.00031745948612902784,0.005210186174647082,1,14,values_vs_freshness_constant_k5
03460000,-0.0003932596217968055,0.01568937907768724,1,67,values_vs_freshness_constant_k5
03466208,-2.2064381893268013e-05,0.0026810746974485202,1,34,values_vs_freshness_constant_k5
03497300,-0.00020923594010984354,0.02150175607790958,3,585,values_vs_freshness_constant_k5
03524550,-0.00010495619905001554,0.0023829540478575045,1,19,values_vs_freshness_constant_k5
03612500,-1.0001273228887322e-07,0.00821290144133715,1,197,values_vs_freshness_constant_k5
03612600,-5.97148383122008e-05,0.003051717877373356,1,106,values_vs_freshness_constant_k5
05276005,0.0001736046994878837,0.002238390311265654,1,22,values_vs_freshness_constant_k5
05288705,0.0013428622755205075,0.02060974103135377,1,200,values_vs_freshness_constant_k5
05320270,-3.518637605871799e-05,0.006704200839882893,1,34,values_vs_freshness_constant_k5
05322000,2.5682241530212418e-05,0.0037216132518922544,1,33,values_vs_freshness_constant_k5
05325000,-1.6892550564357793e-05,0.0002565925887764134,1,2,values_vs_freshness_constant_k5
05325050,-2.9079302325679743e-05,0.0009230442486918749,2,14,values_vs_freshness_constant_k5
05331833,1.6588511979401102e-06,0.0032812449895936948,1,24,values_vs_freshness_constant_k5
05333500,2.4226232691518345e-05,0.013809187289994083,1,62,values_vs_freshness_constant_k5
05355250,-4.503673648235892e-07,0.0018636209007593346,1,29,values_vs_freshness_constant_k5
05357206,3.5570478425068415e-05,0.009012463457353886,1,89,values_vs_freshness_constant_k5
05357215,-0.0003229979839423615,0.007376375756055095,1,121,values_vs_freshness_constant_k5
05357245,0.00016170221188979578,0.006879706899439942,1,114,values_vs_freshness_constant_k5
05412500,0.0007614289701955755,0.012001558076307225,1,113,values_vs_freshness_constant_k5
05418600,-4.322378142597128e-05,0.009321366656326812,1,113,values_vs_freshness_constant_k5
05420500,-0.0001419858684246145,0.032587728497260555,1,291,values_vs_freshness_constant_k5
05422000,-0.0002862978963726553,0.011238208641687683,1,145,values_vs_freshness_constant_k5
05427948,0.00012171852053258191,0.0038988745126849675,1,20,values_vs_freshness_constant_k5
05427952,-1.508768525521144e-08,0.005310356573605514,1,21,values_vs_freshness_constant_k5
05451070,-5.578868421992715e-05,0.0014305335947718835,1,15,values_vs_freshness_constant_k5
05455100,5.27624374113907e-06,0.003998083335393216,1,26,values_vs_freshness_constant_k5
05461390,0.000272332576915646,0.006436256506827772,1,26,values_vs_freshness_constant_k5
05463050,-3.914508703922856e-05,0.0021347017578420323,1,17,values_vs_freshness_constant_k5
05464220,1.970891925838039e-05,0.011119061700174099,2,72,values_vs_freshness_constant_k5
05464760,6.33563209497792e-08,0.0016016531647268023,1,15,values_vs_freshness_constant_k5
05465500,9.89295540959412e-05,0.023206920040985353,1,286,values_vs_freshness_constant_k5
05531500,-2.3904970471679777e-05,0.011237096838219213,2,28,values_vs_freshness_constant_k5
05538020,-1.3870089959734582e-05,0.00030153216280597397,1,9,values_vs_freshness_constant_k5
05540500,-0.00020098062525519288,0.006600600771708903,2,70,values_vs_freshness_constant_k5
05543500,-4.830430656294483e-05,0.004334405158964666,1,53,values_vs_freshness_constant_k5
05552500,-1.9315448777159264e-05,0.002806577432955541,1,40,values_vs_freshness_constant_k5
05553700,1.533182436252388e-05,0.001971396284182146,2,60,values_vs_freshness_constant_k5
05587455,2.7356711364917734e-08,0.023883040309395726,1,298,values_vs_freshness_constant_k5
06126470,-4.330583039741922e-06,0.003941633092127166,1,17,values_vs_freshness_constant_k5
06177825,-0.0001291265507293023,0.004694057545197456,1,20,values_vs_freshness_constant_k5
06183450,-1.89235955363718e-05,0.007208565780854999,1,17,values_vs_freshness_constant_k5
06208500,-1.121369640831262e-06,0.0012086586775244435,1,28,values_vs_freshness_constant_k5
06214500,0.00014696779316217227,0.003653989001826037,1,44,values_vs_freshness_constant_k5
06279500,-0.00020188853517802432,0.002565129212581364,2,66,values_vs_freshness_constant_k5
06294940,9.642986233473374e-06,0.005034526267676207,1,15,values_vs_freshness_constant_k5
06294980,-0.00016152655942454114,0.00615523147155635,1,20,values_vs_freshness_constant_k5
06295000,2.0379098365187383e-05,0.007202877325240552,1,61,values_vs_freshness_constant_k5
06296120,4.150604288100713e-06,0.005399078441028475,1,36,values_vs_freshness_constant_k5
06306100,2.5027166100794105e-05,0.0038629783843962817,1,21,values_vs_freshness_constant_k5
06306300,-4.2104263905095126e-05,0.006020562259948493,1,56,values_vs_freshness_constant_k5
06307500,5.327855377715893e-06,0.010003657642053066,1,65,values_vs_freshness_constant_k5
06307600,1.9995075740191046e-05,0.0053264128439443,1,27,values_vs_freshness_constant_k5
06307665,-4.731268452959246e-09,0.005988789925621247,1,19,values_vs_freshness_constant_k5
06313500,7.967386842063508e-05,0.027936861113379147,2,78,values_vs_freshness_constant_k5
06324500,-5.331318180356582e-05,0.007598575605894282,1,84,values_vs_freshness_constant_k5
06324925,-5.98191047187829e-05,0.020980288086405785,2,58,values_vs_freshness_constant_k5
06324970,-0.0001740242577355121,0.03160599674733432,2,138,values_vs_freshness_constant_k5
06326600,0.00024968971858874806,0.0446423089088467,3,114,values_vs_freshness_constant_k5
06330000,3.086187483424145e-08,0.025175585000540363,1,75,values_vs_freshness_constant_k5
06332515,2.8336866187804447e-06,0.007867061082430243,1,20,values_vs_freshness_constant_k5
06332770,1.5940585658713928e-05,0.002808480048157617,1,16,values_vs_freshness_constant_k5
06336500,-0.00014361502099284677,0.006392333519235858,1,21,values_vs_freshness_constant_k5
06337000,1.6748974421355097e-06,0.012854505233764784,2,48,values_vs_freshness_constant_k5
06339550,0.00023202798627296894,0.010453553245005274,1,38,values_vs_freshness_constant_k5
06339800,0.00012698108193389415,0.031996479898815246,2,64,values_vs_freshness_constant_k5
06339900,0.00014363977619928024,0.012875354868877864,1,34,values_vs_freshness_constant_k5
06340000,0.00025610625785045635,0.04314129215727942,2,138,values_vs_freshness_constant_k5
06340520,9.16655509209109e-06,0.007010782036670634,1,20,values_vs_freshness_constant_k5
06340580,-0.0002747823231269224,0.01651119985650674,2,38,values_vs_freshness_constant_k5
06342200,-9.078190459840133e-06,0.01568654185531069,1,40,values_vs_freshness_constant_k5
06342230,-8.209432256383302e-05,0.008679528953805207,1,24,values_vs_freshness_constant_k5
06344600,-3.1151631241522656e-05,0.029430277741816155,2,80,values_vs_freshness_constant_k5
06349000,-2.0552796386109162e-06,0.004346953216388673,1,18,values_vs_freshness_constant_k5
06349930,4.760629878285071e-06,0.026877580653048874,1,62,values_vs_freshness_constant_k5
06350000,1.1746512291615776e-05,0.012520535050819178,1,34,values_vs_freshness_constant_k5
06355310,-0.0006428083346889775,0.061807191312035166,1,67,values_vs_freshness_constant_k5
06375600,-0.00011375394741460738,0.007347855377833522,1,35,values_vs_freshness_constant_k5
06378300,-0.00036691237535606074,0.02528894951733928,2,32,values_vs_freshness_constant_k5
06426400,-0.00020039839640067337,0.014481721699104855,1,31,values_vs_freshness_constant_k5
06436180,-5.525528426190226e-05,0.001021145911976684,1,31,values_vs_freshness_constant_k5
06436198,-6.850631132639653e-07,0.0027730228079182037,1,30,values_vs_freshness_constant_k5
06453305,-2.374797001890354e-05,0.0003802398310740011,1,19,values_vs_freshness_constant_k5
06463720,4.6980120673328263e-07,0.00443647473136585,2,38,values_vs_freshness_constant_k5
06485500,0.0006011267626638636,0.033761483569854076,2,168,values_vs_freshness_constant_k5
06607500,-0.0007010533905594955,0.04173288493777469,2,226,values_vs_freshness_constant_k5
06611100,0.00013907835742850002,0.0030004177209242817,1,19,values_vs_freshness_constant_k5
06611200,5.436929650004574e-05,0.006061022811729999,1,19,values_vs_freshness_constant_k5
06611800,2.812823814041006e-06,0.0027307431854877336,1,19,values_vs_freshness_constant_k5
06710200,4.3978184672093486e-05,0.001993433055936581,1,5,values_vs_freshness_constant_k5
06713500,0.0005590196559010346,0.01900812683151838,1,229,values_vs_freshness_constant_k5
06714000,1.717780970612917e-05,0.019735946795494622,1,108,values_vs_freshness_constant_k5
06720500,-0.0007810181781285879,0.01887149139198248,2,102,values_vs_freshness_constant_k5
06734900,-2.4527095919513005e-05,0.0011614237457547364,1,27,values_vs_freshness_constant_k5
06752000,2.5864968033288174e-05,0.0021072159722253275,1,24,values_vs_freshness_constant_k5
06753400,9.522710527001368e-05,0.0022590462418520326,1,21,values_vs_freshness_constant_k5
06759910,7.761854830676631e-05,0.002803763921547311,2,50,values_vs_freshness_constant_k5
06770500,0.00017076260023380063,0.0034033129128121847,1,17,values_vs_freshness_constant_k5
06775900,-0.003428094525974463,0.019204782243073433,1,195,values_vs_freshness_constant_k5
06791150,-6.814844687726534e-07,0.007147926205078913,2,30,values_vs_freshness_constant_k5
06805500,0.001274932138653502,0.06603218434625338,2,590,values_vs_freshness_constant_k5
06810000,2.819879916533381e-05,0.013496569504690208,1,125,values_vs_freshness_constant_k5
06818000,-1.1975953778221861e-06,0.003940068643937945,1,32,values_vs_freshness_constant_k5
06879100,7.314824156433505e-07,0.001923874228700323,1,31,values_vs_freshness_constant_k5
06879650,-0.00015635406876361995,0.001277194574328915,1,15,values_vs_freshness_constant_k5
06880800,2.7149004322647296e-05,0.007252215020507187,1,38,values_vs_freshness_constant_k5
06885500,-1.4818735973988842e-05,0.005693036849401387,1,30,values_vs_freshness_constant_k5
06887000,-2.253529776708982e-05,0.008520789436736908,1,54,values_vs_freshness_constant_k5
06890900,-5.501418420281731e-07,0.0010007594739554172,1,27,values_vs_freshness_constant_k5
06891500,-0.0003654234124168451,0.00395917784777382,2,56,values_vs_freshness_constant_k5
06893350,3.1835705627162604e-06,0.0014474151866486966,1,12,values_vs_freshness_constant_k5
06893390,5.08268952031416e-05,0.0018114908583362172,1,20,values_vs_freshness_constant_k5
06893500,0.00032559215567959913,0.010972156078845014,2,76,values_vs_freshness_constant_k5
06893562,-8.755536224044756e-06,0.004921064337322705,1,42,values_vs_freshness_constant_k5
06893578,3.0433848678638472e-05,0.002156452899028825,1,31,values_vs_freshness_constant_k5
06893620,0.0004351297288108382,0.00433111897925879,1,49,values_vs_freshness_constant_k5
06893940,-5.773185497376655e-05,0.0018093093565744618,1,31,values_vs_freshness_constant_k5
06894000,-2.911974530657947e-06,0.002556572458131751,1,44,values_vs_freshness_constant_k5
06902000,0.00013732291524769642,0.0044918078384542795,1,27,values_vs_freshness_constant_k5
06923250,3.614164333967385e-06,0.0017893089633014227,1,25,values_vs_freshness_constant_k5
06926510,8.425559261584471e-06,0.0018146312063305476,1,19,values_vs_freshness_constant_k5
07022000,1.413819878667384e-05,0.0202932950475716,1,305,values_vs_freshness_constant_k5
07048600,6.375567450181724e-05,0.012525853275613737,1,147,values_vs_freshness_constant_k5
07048800,0.0004582156541254625,0.014432873262791005,1,115,values_vs_freshness_constant_k5
07049000,0.0010916760885032483,0.02569169600967517,2,248,values_vs_freshness_constant_k5
07050500,-1.806868734511615e-05,0.0013352248768899156,1,24,values_vs_freshness_constant_k5
07055893,6.610225327266221e-06,0.0010327078817173685,1,19,values_vs_freshness_constant_k5
07056000,0.0011832883893626485,0.020068062396294578,2,180,values_vs_freshness_constant_k5
07056515,0.00025879900690002925,0.005303875478480146,1,55,values_vs_freshness_constant_k5
07060710,0.0004312369005408427,0.007949532085931106,1,177,values_vs_freshness_constant_k5
07061600,-7.605859988198203e-05,0.0009254367811806292,1,31,values_vs_freshness_constant_k5
07077500,-5.0511530482609945e-05,0.006402710794929139,1,25,values_vs_freshness_constant_k5
07077555,4.00352231017183e-05,0.005983770586738195,1,41,values_vs_freshness_constant_k5
07077800,3.59171944651364e-05,0.001993226407858037,1,15,values_vs_freshness_constant_k5
07097000,-1.4139719837777059e-06,0.001183631750172676,1,11,values_vs_freshness_constant_k5
07099200,1.4723220259382142e-07,0.006094580848033866,1,115,values_vs_freshness_constant_k5
07099400,2.1131667343058307e-06,0.011929939462090273,2,232,values_vs_freshness_constant_k5
07143672,0.0015690633408751006,0.03696651220250288,2,202,values_vs_freshness_constant_k5
07231975,-0.0003828536331184366,0.0018019803398981018,1,11,values_vs_freshness_constant_k5
07373420,-0.0009065847048191481,0.010308578406702889,1,315,values_vs_freshness_constant_k5
394340085524601,-0.00024510308191481953,0.021204971742517904,1,244,values_vs_freshness_constant_k5
401723105400000,0.0001939207402347965,0.007939490255003796,1,265,values_vs_freshness_constant_k5
03016000,2.579588845573141e-05,0.0009668052223466791,1,29,flow_freshness_vs_prior_tail_constant_k5
03030852,-1.3606489682658556e-05,0.0026782102302726975,1,30,flow_freshness_vs_prior_tail_constant_k5
03037525,-1.9955020661828576e-05,0.0014617161040014694,1,25,flow_freshness_vs_prior_tail_constant_k5
03039420,2.024111199572727e-05,0.0009285980102361015,1,20,flow_freshness_vs_prior_tail_constant_k5
03049625,2.0187422922398764e-05,0.0037644667917366564,1,43,flow_freshness_vs_prior_tail_constant_k5
03075001,4.285393923372155e-05,0.005249944545695655,2,134,flow_freshness_vs_prior_tail_constant_k5
03083500,8.751254689945634e-05,0.0024248263639121245,1,100,flow_freshness_vs_prior_tail_constant_k5
03085000,2.473285460256546e-05,0.004078354505467921,1,122,flow_freshness_vs_prior_tail_constant_k5
03104500,9.964550338236257e-05,0.004856989360192145,2,68,flow_freshness_vs_prior_tail_constant_k5
03110983,9.724938596913269e-06,0.007393444359153159,2,56,flow_freshness_vs_prior_tail_constant_k5
03127970,4.628823118036016e-05,0.008344396995498323,2,58,flow_freshness_vs_prior_tail_constant_k5
03144270,3.118311902810861e-05,0.0027636057821003573,1,26,flow_freshness_vs_prior_tail_constant_k5
03144289,3.0352582394846613e-05,0.010581674540374121,3,78,flow_freshness_vs_prior_tail_constant_k5
03201660,-3.273844137534872e-05,0.0021107208025928485,1,20,flow_freshness_vs_prior_tail_constant_k5
03201700,1.5223933012216316e-06,0.00402999135555441,1,37,flow_freshness_vs_prior_tail_constant_k5
03207962,-3.911987271234064e-05,0.001376493081314504,1,16,flow_freshness_vs_prior_tail_constant_k5
03212500,2.9947838764328432e-06,0.0020172957767363477,1,20,flow_freshness_vs_prior_tail_constant_k5
03216600,-0.00044212780872209716,0.008095762391783366,1,115,flow_freshness_vs_prior_tail_constant_k5
03245500,-2.758325604982117e-06,0.0033141622761800435,1,33,flow_freshness_vs_prior_tail_constant_k5
03281500,3.011773250955473e-06,0.0015283092714139244,1,31,flow_freshness_vs_prior_tail_constant_k5
03290500,1.121859963436781e-06,0.004734929109889175,1,53,flow_freshness_vs_prior_tail_constant_k5
03303280,0.0005750585025612334,0.019881558013990153,1,294,flow_freshness_vs_prior_tail_constant_k5
03339000,1.0386609750337227e-05,0.00046373918880157964,1,10,flow_freshness_vs_prior_tail_constant_k5
03353551,-1.4643920261921575e-05,0.0065538020628468615,1,21,flow_freshness_vs_prior_tail_constant_k5
03353630,-3.2060291078440037e-06,0.003927321775562032,2,42,flow_freshness_vs_prior_tail_constant_k5
03354000,-6.217909955824672e-06,0.0017352427471799639,1,32,flow_freshness_vs_prior_tail_constant_k5
03357330,2.8298443788791024e-05,0.0033401254626410463,2,54,flow_freshness_vs_prior_tail_constant_k5
03373530,1.1609640957103147e-05,0.0034197294764195087,1,22,flow_freshness_vs_prior_tail_constant_k5
03378500,2.8310390469510354e-05,0.013306851265126365,1,285,flow_freshness_vs_prior_tail_constant_k5
03438500,-4.292276623302168e-06,0.0011030064002998637,2,60,flow_freshness_vs_prior_tail_constant_k5
03459500,-0.00012596819603919877,0.0050842179786078825,1,14,flow_freshness_vs_prior_tail_constant_k5
03460000,-2.8885583822460498e-05,0.015660493493864776,1,67,flow_freshness_vs_prior_tail_constant_k5
03466208,-3.286062423551809e-05,0.0026482140732130024,1,34,flow_freshness_vs_prior_tail_constant_k5
03497300,0.0002785073172321232,0.021780263395141705,3,585,flow_freshness_vs_prior_tail_constant_k5
03524550,-6.6027434080268605e-06,0.0023763513044494774,1,19,flow_freshness_vs_prior_tail_constant_k5
03612500,2.085817604179889e-06,0.00821498725894133,1,197,flow_freshness_vs_prior_tail_constant_k5
03612600,-0.0003558020205736967,0.0026959158567996595,1,106,flow_freshness_vs_prior_tail_constant_k5
05276005,1.754260079089803e-05,0.0022559329120565522,1,22,flow_freshness_vs_prior_tail_constant_k5
05288705,0.000862194351344296,0.02147193538269807,1,200,flow_freshness_vs_prior_tail_constant_k5
05320270,-7.784750234860312e-06,0.006696416089648032,1,34,flow_freshness_vs_prior_tail_constant_k5
05322000,4.207968576761477e-05,0.003763692937659869,1,33,flow_freshness_vs_prior_tail_constant_k5
05325000,-8.127540643387449e-06,0.0002484650481330259,1,2,flow_freshness_vs_prior_tail_constant_k5
05325050,-1.5004146763708704e-05,0.0009080401019281663,2,14,flow_freshness_vs_prior_tail_constant_k5
05331833,4.188208848566324e-07,0.0032816638104785517,1,24,flow_freshness_vs_prior_tail_constant_k5
05333500,4.787151507945583e-06,0.013813974441502029,1,62,flow_freshness_vs_prior_tail_constant_k5
05355250,1.7123472443286466e-06,0.0018653332480036632,1,29,flow_freshness_vs_prior_tail_constant_k5
05357206,7.90619138331687e-05,0.009091525371187053,1,89,flow_freshness_vs_prior_tail_constant_k5
05357215,-0.00015648211351430586,0.0072198936425407895,1,121,flow_freshness_vs_prior_tail_constant_k5
05357245,1.4609011390258948e-05,0.006894315910830201,1,114,flow_freshness_vs_prior_tail_constant_k5
05412500,-5.324305665822984e-05,0.011948315019648995,1,113,flow_freshness_vs_prior_tail_constant_k5
05418600,-0.00011353312586125711,0.009207833530465555,1,113,flow_freshness_vs_prior_tail_constant_k5
05420500,-0.0005866112496017062,0.032001117247658854,1,291,flow_freshness_vs_prior_tail_constant_k5
05422000,2.739710240035542e-05,0.01126560574408804,1,145,flow_freshness_vs_prior_tail_constant_k5
05427948,-8.670126037618109e-05,0.0038121732523087866,1,20,flow_freshness_vs_prior_tail_constant_k5
05427952,1.554248775071262e-08,0.005310372116093266,1,21,flow_freshness_vs_prior_tail_constant_k5
05451070,-1.8526149135904698e-05,0.001412007445635979,1,15,flow_freshness_vs_prior_tail_constant_k5
05455100,-9.79573487317511e-07,0.003997103761905899,1,26,flow_freshness_vs_prior_tail_constant_k5
05461390,1.4342156163823446e-05,0.006450598662991596,1,26,flow_freshness_vs_prior_tail_constant_k5
05463050,1.9709475176343505e-05,0.002154411233018376,1,17,flow_freshness_vs_prior_tail_constant_k5
05464220,-5.692597620026805e-06,0.011113369102554073,2,72,flow_freshness_vs_prior_tail_constant_k5
05464760,-7.170367100219634e-07,0.0016009361280167804,1,15,flow_freshness_vs_prior_tail_constant_k5
05465500,-9.50359555440813e-06,0.023197416445430948,1,286,flow_freshness_vs_prior_tail_constant_k5
05531500,-2.5461995106643495e-05,0.01121163484311257,2,28,flow_freshness_vs_prior_tail_constant_k5
05538020,-9.1932458946975e-07,0.00030061283821650425,1,9,flow_freshness_vs_prior_tail_constant_k5
05540500,3.546543780336126e-06,0.006604147315489239,2,70,flow_freshness_vs_prior_tail_constant_k5
05543500,1.62543678890324e-05,0.0043506595268536985,1,53,flow_freshness_vs_prior_tail_constant_k5
05552500,-1.3153578927586547e-06,0.002805262075062782,1,40,flow_freshness_vs_prior_tail_constant_k5
05553700,6.628286459407897e-06,0.001978024570641554,2,60,flow_freshness_vs_prior_tail_constant_k5
05587455,3.146230103029978e-06,0.023886186539498755,1,298,flow_freshness_vs_prior_tail_constant_k5
06126470,-3.564792756339167e-06,0.003938068299370827,1,17,flow_freshness_vs_prior_tail_constant_k5
06177825,4.153155403754978e-06,0.004698210700601211,1,20,flow_freshness_vs_prior_tail_constant_k5
06183450,1.0308952689989095e-06,0.0072095966761239975,1,17,flow_freshness_vs_prior_tail_constant_k5
06208500,7.251859436367479e-07,0.0012093838634680803,1,28,flow_freshness_vs_prior_tail_constant_k5
06214500,-4.2165035840694304e-05,0.003611823965985343,1,44,flow_freshness_vs_prior_tail_constant_k5
06279500,2.4231293472222054e-05,0.0025893605060535864,2,66,flow_freshness_vs_prior_tail_constant_k5
06294940,-2.498024102975528e-06,0.005032028243573231,1,15,flow_freshness_vs_prior_tail_constant_k5
06294980,-0.00022200965381992312,0.005933221817736426,1,20,flow_freshness_vs_prior_tail_constant_k5
06295000,3.6146830624936836e-05,0.00723902415586549,1,61,flow_freshness_vs_prior_tail_constant_k5
06296120,2.7861252658871117e-08,0.005399106302281134,1,36,flow_freshness_vs_prior_tail_constant_k5
06306100,6.361879477414016e-05,0.003926597179170422,1,21,flow_freshness_vs_prior_tail_constant_k5
06306300,-1.6837257949881776e-05,0.006003725001998612,1,56,flow_freshness_vs_prior_tail_constant_k5
06307500,1.6577981728777372e-06,0.010005315440225943,1,65,flow_freshness_vs_prior_tail_constant_k5
06307600,2.671591124448146e-05,0.005353128755188782,1,27,flow_freshness_vs_prior_tail_constant_k5
06307665,-1.8066843394214982e-07,0.005988609257187304,1,19,flow_freshness_vs_prior_tail_constant_k5
06313500,-3.847352566647648e-05,0.02789838758771267,2,78,flow_freshness_vs_prior_tail_constant_k5
06324500,-0.00017250364288961498,0.007426071963004667,1,84,flow_freshness_vs_prior_tail_constant_k5
06324925,-0.00017612456902424127,0.02080416351738154,2,58,flow_freshness_vs_prior_tail_constant_k5
06324970,-8.913574235495829e-05,0.03151686100497936,2,138,flow_freshness_vs_prior_tail_constant_k5
06326600,0.00017539094698897868,0.04481769985583568,3,114,flow_freshness_vs_prior_tail_constant_k5
06330000,-3.294187041529653e-07,0.02517525558183621,1,75,flow_freshness_vs_prior_tail_constant_k5
06332515,-2.631940358135112e-07,0.00786679788839443,1,20,flow_freshness_vs_prior_tail_constant_k5
06332770,-6.369201197399559e-06,0.0028021108469602177,1,16,flow_freshness_vs_prior_tail_constant_k5
06336500,0.0001431472214448257,0.006535480740680684,1,21,flow_freshness_vs_prior_tail_constant_k5
06337000,2.960453500801961e-05,0.012884109768772804,2,48,flow_freshness_vs_prior_tail_constant_k5
06339550,2.7905125267539348e-05,0.010481458370272813,1,38,flow_freshness_vs_prior_tail_constant_k5
06339800,0.0001666494814118548,0.0321631293802271,2,64,flow_freshness_vs_prior_tail_constant_k5
06339900,0.0001626325361950208,0.013037987405072886,1,34,flow_freshness_vs_prior_tail_constant_k5
06340000,0.000110349819903234,0.04325164197718266,2,138,flow_freshness_vs_prior_tail_constant_k5
06340520,-1.3710703120786656e-07,0.007010644929639426,1,20,flow_freshness_vs_prior_tail_constant_k5
06340580,-0.00023503250405027974,0.01627616735245646,2,38,flow_freshness_vs_prior_tail_constant_k5
06342200,8.215364339682691e-06,0.01569475721965037,1,40,flow_freshness_vs_prior_tail_constant_k5
06342230,-0.00014304925065252293,0.008536479703152685,1,24,flow_freshness_vs_prior_tail_constant_k5
06344600,0.0003438656314029602,0.029774143373219118,2,80,flow_freshness_vs_prior_tail_constant_k5
06349000,-9.551512820310296e-07,0.004345998065106642,1,18,flow_freshness_vs_prior_tail_constant_k5
06349930,5.723589842325338e-06,0.026883304242891197,1,62,flow_freshness_vs_prior_tail_constant_k5
06350000,5.33292922728176e-07,0.012521068343741906,1,34,flow_freshness_vs_prior_tail_constant_k5
06355310,-2.3264536548484725e-05,0.06178392677548668,1,67,flow_freshness_vs_prior_tail_constant_k5
06375600,-0.000146501973978166,0.007201353403855356,1,35,flow_freshness_vs_prior_tail_constant_k5
06378300,-0.00022371655580017544,0.02506523296153911,2,32,flow_freshness_vs_prior_tail_constant_k5
06426400,-0.0001421243107194034,0.014339597388385451,1,31,flow_freshness_vs_prior_tail_constant_k5
06436180,-9.130237019890438e-06,0.0010120156749567936,1,31,flow_freshness_vs_prior_tail_constant_k5
06436198,4.082149074633203e-07,0.002773431022825667,1,30,flow_freshness_vs_prior_tail_constant_k5
06453305,-1.9501396920472623e-05,0.0003607384341535285,1,19,flow_freshness_vs_prior_tail_constant_k5
06463720,-4.133048014192801e-05,0.004395144251223922,2,38,flow_freshness_vs_prior_tail_constant_k5
06485500,-0.00013739077169304072,0.03362409279816104,2,168,flow_freshness_vs_prior_tail_constant_k5
06607500,0.001868685795267373,0.043601570733042064,2,226,flow_freshness_vs_prior_tail_constant_k5
06611100,7.519842477640799e-06,0.003007937563401923,1,19,flow_freshness_vs_prior_tail_constant_k5
06611200,3.405407167263414e-05,0.006095076883402634,1,19,flow_freshness_vs_prior_tail_constant_k5
06611800,7.882956358699837e-05,0.0028095727490747317,1,19,flow_freshness_vs_prior_tail_constant_k5
06710200,2.107081839248535e-05,0.002014503874329066,1,5,flow_freshness_vs_prior_tail_constant_k5
06713500,-0.00011527876958907788,0.018892848061929302,1,229,flow_freshness_vs_prior_tail_constant_k5
06714000,-1.7364390432229595e-05,0.019718582405062395,1,108,flow_freshness_vs_prior_tail_constant_k5
06720500,-0.00048444206219224416,0.018387049329790232,2,102,flow_freshness_vs_prior_tail_constant_k5
06734900,-1.2701403987000237e-06,0.0011601536053560363,1,27,flow_freshness_vs_prior_tail_constant_k5
06752000,3.5932326030520235e-06,0.0021108092048283795,1,24,flow_freshness_vs_prior_tail_constant_k5
06753400,1.823897145849445e-05,0.002277285213310527,1,21,flow_freshness_vs_prior_tail_constant_k5
06759910,2.3983824396465112e-05,0.0028277477459437766,2,50,flow_freshness_vs_prior_tail_constant_k5
06770500,-1.7742926910504228e-06,0.0034015386201211345,1,17,flow_freshness_vs_prior_tail_constant_k5
06775900,0.0002854137988572977,0.01949019604193073,1,195,flow_freshness_vs_prior_tail_constant_k5
06791150,3.2297159033040107e-06,0.007151155920982217,2,30,flow_freshness_vs_prior_tail_constant_k5
06805500,9.890933154660066e-05,0.06613109367779998,2,590,flow_freshness_vs_prior_tail_constant_k5
06810000,-5.173063397439518e-07,0.013496052198350464,1,125,flow_freshness_vs_prior_tail_constant_k5
06818000,-8.259084307661156e-07,0.0039392427355071785,1,32,flow_freshness_vs_prior_tail_constant_k5
06879100,-2.2220044234138647e-06,0.001921652224276909,1,31,flow_freshness_vs_prior_tail_constant_k5
06879650,6.840391418691607e-05,0.0013455984885158312,1,15,flow_freshness_vs_prior_tail_constant_k5
06880800,4.319709136748558e-06,0.007256534729643936,1,38,flow_freshness_vs_prior_tail_constant_k5
06885500,4.48844861076546e-07,0.005693485694262464,1,30,flow_freshness_vs_prior_tail_constant_k5
06887000,-2.535931468029769e-06,0.008518253505268879,1,54,flow_freshness_vs_prior_tail_constant_k5
06890900,1.9041431053033065e-07,0.0010009498882659475,1,27,flow_freshness_vs_prior_tail_constant_k5
06891500,2.315602874061634e-05,0.003982333876514437,2,56,flow_freshness_vs_prior_tail_constant_k5
06893350,7.252738361613258e-07,0.0014481404604848578,1,12,flow_freshness_vs_prior_tail_constant_k5
06893390,4.216529978053102e-05,0.0018536561581167482,1,20,flow_freshness_vs_prior_tail_constant_k5
06893500,-2.552370114521222e-05,0.010946632377699803,2,76,flow_freshness_vs_prior_tail_constant_k5
06893562,1.283641297218222e-06,0.004922347978619923,1,42,flow_freshness_vs_prior_tail_constant_k5
06893578,-4.266661948653872e-06,0.0021521862370801714,1,31,flow_freshness_vs_prior_tail_constant_k5
06893620,-1.2263223717228554e-05,0.004318855755541561,1,49,flow_freshness_vs_prior_tail_constant_k5
06893940,4.912198433543569e-06,0.0018142215550080055,1,31,flow_freshness_vs_prior_tail_constant_k5
06894000,6.792239436884243e-06,0.002563364697568635,1,44,flow_freshness_vs_prior_tail_constant_k5
06902000,-2.9103998651681138e-05,0.004462703839802598,1,27,flow_freshness_vs_prior_tail_constant_k5
06923250,3.010598752400401e-05,0.0018194149508254265,1,25,flow_freshness_vs_prior_tail_constant_k5
06926510,7.789168749558175e-06,0.0018224203750801058,1,19,flow_freshness_vs_prior_tail_constant_k5
07022000,-1.0033319261325767e-06,0.020292291715645467,1,305,flow_freshness_vs_prior_tail_constant_k5
07048600,8.286941165905984e-06,0.012534140216779644,1,147,flow_freshness_vs_prior_tail_constant_k5
07048800,-3.6828559838289896e-05,0.014396044702952715,1,115,flow_freshness_vs_prior_tail_constant_k5
07049000,1.2326161683694445e-05,0.025704022171358865,2,248,flow_freshness_vs_prior_tail_constant_k5
07050500,-9.47724471624607e-06,0.0013257476321736695,1,24,flow_freshness_vs_prior_tail_constant_k5
07055893,3.7899137543413187e-06,0.0010364977954717097,1,19,flow_freshness_vs_prior_tail_constant_k5
07056000,8.574499955905004e-05,0.020153807395853627,2,180,flow_freshness_vs_prior_tail_constant_k5
07056515,-4.634351014766829e-05,0.005257531968332478,1,55,flow_freshness_vs_prior_tail_constant_k5
07060710,6.371764442427411e-08,0.007949595803575531,1,177,flow_freshness_vs_prior_tail_constant_k5
07061600,-1.957339146362096e-05,0.0009058633897170081,1,31,flow_freshness_vs_prior_tail_constant_k5
07077500,6.026722726776557e-05,0.006462978022196905,1,25,flow_freshness_vs_prior_tail_constant_k5
07077555,-4.059701656162047e-05,0.005943173570176574,1,41,flow_freshness_vs_prior_tail_constant_k5
07077800,-0.0001333969626371204,0.0018598294452209167,1,15,flow_freshness_vs_prior_tail_constant_k5
07097000,-2.7915921366525177e-06,0.0011808401580360236,1,11,flow_freshness_vs_prior_tail_constant_k5
07099200,-3.8505216521984115e-06,0.006090730326381667,1,115,flow_freshness_vs_prior_tail_constant_k5
07099400,0.0002161159233225744,0.012146055385412847,2,232,flow_freshness_vs_prior_tail_constant_k5
07143672,-4.9877818892723024e-05,0.03691663438361016,2,202,flow_freshness_vs_prior_tail_constant_k5
07231975,9.340830494203178e-06,0.001811321170392305,1,11,flow_freshness_vs_prior_tail_constant_k5
07373420,0.0005262728193565478,0.010834851226059438,1,315,flow_freshness_vs_prior_tail_constant_k5
394340085524601,-0.0008124384435326941,0.020392533298985212,1,244,flow_freshness_vs_prior_tail_constant_k5
401723105400000,0.00018940016617233224,0.008128890421176128,1,265,flow_freshness_vs_prior_tail_constant_k5
03016000,5.408236274758544e-05,0.0009950916966385331,1,29,flow_freshness_vs_context_constant_k5
03030852,7.676318774250508e-05,0.002768579907697861,1,30,flow_freshness_vs_context_constant_k5
03037525,-0.00011808650265748368,0.0013635846220058142,1,25,flow_freshness_vs_context_constant_k5
03039420,-1.4853701137001891e-05,0.0008935031971033723,1,20,flow_freshness_vs_context_constant_k5
03049625,6.04986826786693e-05,0.003804778051492927,1,43,flow_freshness_vs_context_constant_k5
03075001,0.00016283322580960922,0.005369923832271543,2,134,flow_freshness_vs_context_constant_k5
03083500,4.0966992695841294e-05,0.0023782808097085094,1,100,flow_freshness_vs_context_constant_k5
03085000,2.63733129798429e-05,0.004079994963845199,1,122,flow_freshness_vs_context_constant_k5
03104500,-0.00012604658920964193,0.004631297267600141,2,68,flow_freshness_vs_context_constant_k5
03110983,5.367827247340287e-05,0.0074373976930296485,2,56,flow_freshness_vs_context_constant_k5
03127970,7.783916224748965e-05,0.008375947926565454,2,58,flow_freshness_vs_context_constant_k5
03144270,7.654718668214734e-05,0.002808969849754396,1,26,flow_freshness_vs_context_constant_k5
03144289,0.0003822595387873087,0.010933581496766584,3,78,flow_freshness_vs_context_constant_k5
03201660,0.0001291180781165726,0.0022725773220847695,1,20,flow_freshness_vs_context_constant_k5
03201700,1.2880585854070184e-05,0.004041349548107258,1,37,flow_freshness_vs_context_constant_k5
03207962,-4.510858572631486e-05,0.0013705043683005299,1,16,flow_freshness_vs_context_constant_k5
03212500,0.00012166319943980658,0.0021359641922997215,1,20,flow_freshness_vs_context_constant_k5
03216600,-0.0005519736794963345,0.007985916521009129,1,115,flow_freshness_vs_context_constant_k5
03245500,-1.4210192321699611e-05,0.003302710409463326,1,33,flow_freshness_vs_context_constant_k5
03281500,2.1890106901997378e-05,0.0015471876050649662,1,31,flow_freshness_vs_context_constant_k5
03290500,3.1758814171131016e-05,0.004765566064096869,1,53,flow_freshness_vs_context_constant_k5
03303280,0.0031489778374701955,0.022455477348899116,1,294,flow_freshness_vs_context_constant_k5
03339000,-2.9398262813469513e-05,0.0004239543162377729,1,10,flow_freshness_vs_context_constant_k5
03353551,3.781133615676801e-05,0.006606257319265551,1,21,flow_freshness_vs_context_constant_k5
03353630,7.721542539811963e-05,0.004007743230067996,2,42,flow_freshness_vs_context_constant_k5
03354000,-2.867777617872093e-05,0.0017127828809570676,1,32,flow_freshness_vs_context_constant_k5
03357330,9.040195599369251e-05,0.0034022289748459477,2,54,flow_freshness_vs_context_constant_k5
03373530,9.114313974327646e-05,0.003499262975205682,1,22,flow_freshness_vs_context_constant_k5
03378500,2.4280641413737375e-05,0.013302821516070592,1,285,flow_freshness_vs_context_constant_k5
03438500,-0.00011292298009404661,0.0009943756968291192,2,60,flow_freshness_vs_context_constant_k5
03459500,-0.0003917668803762721,0.004818419294270809,1,14,flow_freshness_vs_context_constant_k5
03460000,0.0011466937218895324,0.01683607279957677,1,67,flow_freshness_vs_context_constant_k5
03466208,0.0001224934118223252,0.0028035681092708456,1,34,flow_freshness_vs_context_constant_k5
03497300,-0.0012320180087143937,0.020269738069195187,3,585,flow_freshness_vs_context_constant_k5
03524550,-7.886630852732312e-05,0.0023040877393301815,1,19,flow_freshness_vs_context_constant_k5
03612500,3.7127988433920025e-05,0.00825002942977107,1,197,flow_freshness_vs_context_constant_k5
03612600,-0.0005611725056643351,0.002490545371709021,1,106,flow_freshness_vs_context_constant_k5
05276005,1.9290078594518253e-05,0.0022576803898601725,1,22,flow_freshness_vs_context_constant_k5
05288705,0.0023088861344914896,0.02291862716584526,1,200,flow_freshness_vs_context_constant_k5
05320270,-7.721858647146853e-05,0.006626982253411424,1,34,flow_freshness_vs_context_constant_k5
05322000,-0.00018930437616907788,0.0035323088757231763,1,33,flow_freshness_vs_context_constant_k5
05325000,-1.1717441842748454e-05,0.0002448751469336649,1,2,flow_freshness_vs_context_constant_k5
05325050,-4.519739314249762e-05,0.0008778468555493773,2,14,flow_freshness_vs_context_constant_k5
05331833,6.38815546874342e-06,0.003287633145062438,1,24,flow_freshness_vs_context_constant_k5
05333500,3.07951527140318e-05,0.013839982442708116,1,62,flow_freshness_vs_context_constant_k5
05355250,2.4444101502491683e-06,0.001866065310909584,1,29,flow_freshness_vs_context_constant_k5
05357206,-1.1603332779316995e-05,0.009000860124574569,1,89,flow_freshness_vs_context_constant_k5
05357215,-0.0008549980375384416,0.006521377718516653,1,121,flow_freshness_vs_context_constant_k5
05357245,0.00014523901136612058,0.007024945910806063,1,114,flow_freshness_vs_context_constant_k5
05412500,0.0007709682619440207,0.012772526338251246,1,113,flow_freshness_vs_context_constant_k5
05418600,0.00017380197486609522,0.009495168631192907,1,113,flow_freshness_vs_context_constant_k5
05420500,-0.0005056027847553915,0.03208212571250517,1,291,flow_freshness_vs_context_constant_k5
05422000,0.0002863946493122748,0.011524603290999958,1,145,flow_freshness_vs_context_constant_k5
05427948,4.573909784241392e-05,0.003944613610527382,1,20,flow_freshness_vs_context_constant_k5
05427952,5.167890031250194e-06,0.005315524463636765,1,21,flow_freshness_vs_context_constant_k5
05451070,6.697076147084065e-05,0.001497504356242724,1,15,flow_freshness_vs_context_constant_k5
05455100,-8.800459829305469e-06,0.003989282875563911,1,26,flow_freshness_vs_context_constant_k5
05461390,0.000407459274763918,0.00684371578159169,1,26,flow_freshness_vs_context_constant_k5
05463050,-9.840211032281276e-05,0.0020362996475192193,1,17,flow_freshness_vs_context_constant_k5
05464220,-4.435027495063488e-06,0.011114626672679036,2,72,flow_freshness_vs_context_constant_k5
05464760,-2.1749591329277687e-05,0.0015799035733975247,1,15,flow_freshness_vs_context_constant_k5
05465500,0.0001577693702673202,0.023364689411252675,1,286,flow_freshness_vs_context_constant_k5
05531500,-0.0002008031209716165,0.011036293717247597,2,28,flow_freshness_vs_context_constant_k5
05538020,5.088202912082864e-07,0.0003020409830971823,1,9,flow_freshness_vs_context_constant_k5
05540500,8.354698320981774e-05,0.006684147754918721,2,70,flow_freshness_vs_context_constant_k5
05543500,0.0001447562180932505,0.004479161377057917,1,53,flow_freshness_vs_context_constant_k5
05552500,-1.1754353067173147e-05,0.0027948230798883677,1,40,flow_freshness_vs_context_constant_k5
05553700,2.0141960728952643e-05,0.0019915382449110985,2,60,flow_freshness_vs_context_constant_k5
05587455,-2.7276487555390735e-05,0.023855763821840337,1,298,flow_freshness_vs_context_constant_k5
06126470,-0.0001357350391662396,0.0038058980529609263,1,17,flow_freshness_vs_context_constant_k5
06177825,2.722723979661754e-05,0.004721284784994074,1,20,flow_freshness_vs_context_constant_k5
06183450,8.23419944294752e-06,0.007216799980297946,1,17,flow_freshness_vs_context_constant_k5
06208500,3.8607922009370675e-06,0.0012125194697253806,1,28,flow_freshness_vs_context_constant_k5
06214500,-0.0007687846949217256,0.0028852043069043116,1,44,flow_freshness_vs_context_constant_k5
06279500,4.5970002606263873e-05,0.002611099215187628,2,66,flow_freshness_vs_context_constant_k5
06294940,-1.1760672358295812e-05,0.005022765595317911,1,15,flow_freshness_vs_context_constant_k5
06294980,-0.0002318843594300786,0.005923347112126271,1,20,flow_freshness_vs_context_constant_k5
06295000,0.0004340346622561214,0.0076369119874966735,1,61,flow_freshness_vs_context_constant_k5
06296120,3.0333639953441956e-06,0.0054021118050238195,1,36,flow_freshness_vs_context_constant_k5
06306100,1.2440615262923513e-05,0.003875418999659205,1,21,flow_freshness_vs_context_constant_k5
06306300,2.423679969492787e-05,0.006044799059643421,1,56,flow_freshness_vs_context_constant_k5
06307500,5.363415683154142e-06,0.01000902105773622,1,65,flow_freshness_vs_context_constant_k5
06307600,-5.980504398050374e-05,0.005266607799963796,1,27,flow_freshness_vs_context_constant_k5
06307665,4.097587328713647e-06,0.00599288751294996,1,19,flow_freshness_vs_context_constant_k5
06313500,2.2302671190759107e-05,0.027959163784569908,2,78,flow_freshness_vs_context_constant_k5
06324500,6.988068822832593e-05,0.007668456294122608,1,84,flow_freshness_vs_context_constant_k5
06324925,-0.00015777617834186137,0.020822511908063925,2,58,flow_freshness_vs_context_constant_k5
06324970,-0.0003450957010091018,0.031260901046325215,2,138,flow_freshness_vs_context_constant_k5
06326600,-0.00022327498670585898,0.04441903392214084,3,114,flow_freshness_vs_context_constant_k5
06330000,-9.167431056077294e-06,0.025166417569484286,1,75,flow_freshness_vs_context_constant_k5
06332515,-1.7906607297045855e-06,0.007865270421700538,1,20,flow_freshness_vs_context_constant_k5
06332770,8.853127301434468e-06,0.002817333175459052,1,16,flow_freshness_vs_context_constant_k5
06336500,-0.00010134990687546343,0.006290983612360395,1,21,flow_freshness_vs_context_constant_k5
06337000,-5.909017319224515e-05,0.012795415060572541,2,48,flow_freshness_vs_context_constant_k5
06339550,0.00022918053650607974,0.010682733781511354,1,38,flow_freshness_vs_context_constant_k5
06339800,-0.0002661080656005657,0.03173037183321468,2,64,flow_freshness_vs_context_constant_k5
06339900,0.00014470148113909234,0.013020056350016957,1,34,flow_freshness_vs_context_constant_k5
06340000,0.00019775505754523543,0.04333904721482466,2,138,flow_freshness_vs_context_constant_k5
06340520,1.506907084749335e-05,0.007025851107518127,1,20,flow_freshness_vs_context_constant_k5
06340580,-0.0003294727197570097,0.01618172713674973,2,38,flow_freshness_vs_context_constant_k5
06342200,3.7295081669501634e-05,0.01572383693698019,1,40,flow_freshness_vs_context_constant_k5
06342230,-0.0001384024136728198,0.008541126540132388,1,24,flow_freshness_vs_context_constant_k5
06344600,-3.5448912814701095e-05,0.029394828829001456,2,80,flow_freshness_vs_context_constant_k5
06349000,-5.517863843743345e-06,0.00434143535254493,1,18,flow_freshness_vs_context_constant_k5
06349930,1.4038361109456202e-05,0.02689161901415833,1,62,flow_freshness_vs_context_constant_k5
06350000,3.384702124854665e-06,0.012523919752944033,1,34,flow_freshness_vs_context_constant_k5
06355310,0.00021116824196350676,0.06201835955399867,1,67,flow_freshness_vs_context_constant_k5
06375600,-0.00018180076742863036,0.007166054610404891,1,35,flow_freshness_vs_context_constant_k5
06378300,-0.000471889203632147,0.02481706031370713,2,32,flow_freshness_vs_context_constant_k5
06426400,-0.00023228153626439068,0.014249440162840464,1,31,flow_freshness_vs_context_constant_k5
06436180,-7.87546071295343e-05,0.0009423913048471498,1,31,flow_freshness_vs_context_constant_k5
06436198,1.0089467824879897e-05,0.0027831122757430837,1,30,flow_freshness_vs_context_constant_k5
06453305,3.579640338939666e-05,0.00041603623446339775,1,19,flow_freshness_vs_context_constant_k5
06463720,-0.0001014397766313199,0.004335034954734531,2,38,flow_freshness_vs_context_constant_k5
06485500,0.0015610480265647025,0.03532253159641878,2,168,flow_freshness_vs_context_constant_k5
06607500,0.002103867933931941,0.04383675287170663,2,226,flow_freshness_vs_context_constant_k5
06611100,3.082594301655791e-05,0.0030312436639408397,1,19,flow_freshness_vs_context_constant_k5
06611200,-0.00022986781851034647,0.005831154993219653,1,19,flow_freshness_vs_context_constant_k5
06611800,3.112556822910532e-05,0.0027618687537168387,1,19,flow_freshness_vs_context_constant_k5
06710200,5.275148593893994e-05,0.002046184541875521,1,5,flow_freshness_vs_context_constant_k5
06713500,0.00013442346325154636,0.019142550294769925,1,229,flow_freshness_vs_context_constant_k5
06714000,-0.00011401580548750036,0.019621930990007124,1,108,flow_freshness_vs_context_constant_k5
06720500,-0.0009841433858923147,0.01788734800609016,2,102,flow_freshness_vs_context_constant_k5
06734900,6.398619558171817e-05,0.0012254099413364545,1,27,flow_freshness_vs_context_constant_k5
06752000,2.0538068294010877e-05,0.0021277540405193382,1,24,flow_freshness_vs_context_constant_k5
06753400,0.00013000186872553587,0.0023890481105775683,1,21,flow_freshness_vs_context_constant_k5
06759910,0.00019828141583640271,0.003002045337383714,2,50,flow_freshness_vs_context_constant_k5
06770500,4.023609082633972e-05,0.0034435490036385246,1,17,flow_freshness_vs_context_constant_k5
06775900,-0.0028172026869854234,0.016387579556088012,1,195,flow_freshness_vs_context_constant_k5
06791150,-3.6855831111656595e-06,0.007144240621967746,2,30,flow_freshness_vs_context_constant_k5
06805500,0.0022555018119752206,0.0682876861582286,2,590,flow_freshness_vs_context_constant_k5
06810000,-3.25794893095312e-07,0.013496243709797113,1,125,flow_freshness_vs_context_constant_k5
06818000,-6.762223711845476e-06,0.0039333064202261,1,32,flow_freshness_vs_context_constant_k5
06879100,-1.7817787849020485e-05,0.0019060564408513025,1,31,flow_freshness_vs_context_constant_k5
06879650,-8.411736108356251e-05,0.0011930772132453527,1,15,flow_freshness_vs_context_constant_k5
06880800,2.958022162168273e-05,0.00728179524212887,1,38,flow_freshness_vs_context_constant_k5
06885500,4.038202209019073e-06,0.005697075051610406,1,30,flow_freshness_vs_context_constant_k5
06887000,-1.4657311804973805e-05,0.008506132124931934,1,54,flow_freshness_vs_context_constant_k5
06890900,1.6575963980463252e-06,0.0010024170703534635,1,27,flow_freshness_vs_context_constant_k5
06891500,5.077521502814664e-05,0.004009953062801967,2,56,flow_freshness_vs_context_constant_k5
06893350,1.896097789679672e-06,0.001449311284438376,1,12,flow_freshness_vs_context_constant_k5
06893390,0.00012062936302498121,0.0019321202213611983,1,20,flow_freshness_vs_context_constant_k5
06893500,-3.3506696865535635e-05,0.01093864938197948,2,76,flow_freshness_vs_context_constant_k5
06893562,7.129296183412922e-05,0.004992357299156833,1,42,flow_freshness_vs_context_constant_k5
06893578,-4.146950086759512e-06,0.0021523059489420657,1,31,flow_freshness_vs_context_constant_k5
06893620,0.0002206450468505527,0.004551764026109342,1,49,flow_freshness_vs_context_constant_k5
06893940,-9.847448628506886e-06,0.001799461907945955,1,31,flow_freshness_vs_context_constant_k5
06894000,6.296837463579614e-05,0.0026195408327675473,1,44,flow_freshness_vs_context_constant_k5
06902000,-0.00030425534167589143,0.004187552496778388,1,27,flow_freshness_vs_context_constant_k5
06923250,2.3239176816132813e-05,0.0018125481401175553,1,25,flow_freshness_vs_context_constant_k5
06926510,1.3618514076458112e-05,0.0018282497204070059,1,19,flow_freshness_vs_context_constant_k5
07022000,-6.226775552874947e-05,0.02023102729204285,1,305,flow_freshness_vs_context_constant_k5
07048600,5.688468946074578e-05,0.012582737965074482,1,147,flow_freshness_vs_context_constant_k5
07048800,-0.00016131259105559248,0.014271560671735413,1,115,flow_freshness_vs_context_constant_k5
07049000,0.0006153079100842014,0.026307003919759372,2,248,flow_freshness_vs_context_constant_k5
07050500,-2.542929574066824e-05,0.0013097955811492473,1,24,flow_freshness_vs_context_constant_k5
07055893,1.0792266250179838e-05,0.0010435001479675483,1,19,flow_freshness_vs_context_constant_k5
07056000,0.0003652448347688029,0.02043330723106338,2,180,flow_freshness_vs_context_constant_k5
07056515,3.9146703052557606e-05,0.005343022181532703,1,55,flow_freshness_vs_context_constant_k5
07060710,-0.0034642202472404257,0.004485311838690681,1,177,flow_freshness_vs_context_constant_k5
07061600,2.2978396928857346e-05,0.0009484151781094864,1,31,flow_freshness_vs_context_constant_k5
07077500,-0.00021979231268465184,0.006182918482244487,1,25,flow_freshness_vs_context_constant_k5
07077555,-7.1576560097178165e-06,0.005976612930728477,1,41,flow_freshness_vs_context_constant_k5
07077800,-4.577835193253518e-05,0.001947448055925502,1,15,flow_freshness_vs_context_constant_k5
07097000,-1.7829429156486327e-05,0.0011658023210161898,1,11,flow_freshness_vs_context_constant_k5
07099200,-2.6087313955321497e-05,0.006068493534078544,1,115,flow_freshness_vs_context_constant_k5
07099400,0.0014266499137351686,0.013356589375825442,2,232,flow_freshness_vs_context_constant_k5
07143672,-0.00011147850335815643,0.036855033699144724,2,202,flow_freshness_vs_context_constant_k5
07231975,1.840674558283147e-05,0.0018203870854809332,1,11,flow_freshness_vs_context_constant_k5
07373420,-0.000260998716338852,0.010047579690364038,1,315,flow_freshness_vs_context_constant_k5
394340085524601,0.0009903313426629318,0.022195303085180838,1,244,flow_freshness_vs_context_constant_k5
401723105400000,-0.0028692294941866756,0.005070260760817121,1,265,flow_freshness_vs_context_constant_k5
03016000,2.09378836619244e-05,0.0009668052223466791,1,29,flow_values_vs_prior_tail_constant_k5
03030852,3.646239478759096e-05,0.0026782102302726975,1,30,flow_values_vs_prior_tail_constant_k5
03037525,-7.835229637011875e-05,0.0014617161040014694,1,25,flow_values_vs_prior_tail_constant_k5
03039420,2.195496500748019e-05,0.0009285980102361015,1,20,flow_values_vs_prior_tail_constant_k5
03049625,-1.107686560016294e-05,0.0037644667917366564,1,43,flow_values_vs_prior_tail_constant_k5
03075001,2.9936435972586533e-05,0.005249944545695655,2,134,flow_values_vs_prior_tail_constant_k5
03083500,9.886860982142899e-05,0.0024248263639121245,1,100,flow_values_vs_prior_tail_constant_k5
03085000,1.8649960733124963e-05,0.004078354505467921,1,122,flow_values_vs_prior_tail_constant_k5
03104500,8.143126949512111e-05,0.004856989360192145,2,68,flow_values_vs_prior_tail_constant_k5
03110983,5.4245181312327016e-05,0.007393444359153159,2,56,flow_values_vs_prior_tail_constant_k5
03127970,0.00010466913965126421,0.008344396995498323,2,58,flow_values_vs_prior_tail_constant_k5
03144270,6.109953550980416e-05,0.0027636057821003573,1,26,flow_values_vs_prior_tail_constant_k5
03144289,0.00031761751754088717,0.010581674540374121,3,78,flow_values_vs_prior_tail_constant_k5
03201660,-1.2137436840944791e-05,0.0021107208025928485,1,20,flow_values_vs_prior_tail_constant_k5
03201700,1.2738753397550235e-05,0.00402999135555441,1,37,flow_values_vs_prior_tail_constant_k5
03207962,-2.9569669730684445e-05,0.001376493081314504,1,16,flow_values_vs_prior_tail_constant_k5
03212500,3.467747587096784e-05,0.0020172957767363477,1,20,flow_values_vs_prior_tail_constant_k5
03216600,-0.0002911358257109711,0.008095762391783366,1,115,flow_values_vs_prior_tail_constant_k5
03245500,7.121689006015016e-06,0.0033141622761800435,1,33,flow_values_vs_prior_tail_constant_k5
03281500,-1.3324079971263222e-05,0.0015283092714139244,1,31,flow_values_vs_prior_tail_constant_k5
03290500,-2.7620779101325185e-05,0.004734929109889175,1,53,flow_values_vs_prior_tail_constant_k5
03303280,0.002897117165844359,0.019881558013990153,1,294,flow_values_vs_prior_tail_constant_k5
03339000,3.6718733011944055e-06,0.00046373918880157964,1,10,flow_values_vs_prior_tail_constant_k5
03353551,-5.3860557706170345e-05,0.0065538020628468615,1,21,flow_values_vs_prior_tail_constant_k5
03353630,-2.1313197049885643e-06,0.003927321775562032,2,42,flow_values_vs_prior_tail_constant_k5
03354000,-0.0001410955992743151,0.0017352427471799639,1,32,flow_values_vs_prior_tail_constant_k5
03357330,4.730035009036171e-05,0.0033401254626410463,2,54,flow_values_vs_prior_tail_constant_k5
03373530,3.470200856849257e-05,0.0034197294764195087,1,22,flow_values_vs_prior_tail_constant_k5
03378500,0.00017325982659895204,0.013306851265126365,1,285,flow_values_vs_prior_tail_constant_k5
03438500,1.0848638152075266e-05,0.0011030064002998637,2,60,flow_values_vs_prior_tail_constant_k5
03459500,-0.0004434276821682266,0.0050842179786078825,1,14,flow_values_vs_prior_tail_constant_k5
03460000,-0.000422145205619266,0.015660493493864776,1,67,flow_values_vs_prior_tail_constant_k5
03466208,-5.492500612878611e-05,0.0026482140732130024,1,34,flow_values_vs_prior_tail_constant_k5
03497300,6.927137712227973e-05,0.021780263395141705,3,585,flow_values_vs_prior_tail_constant_k5
03524550,-0.00011155894245804241,0.0023763513044494774,1,19,flow_values_vs_prior_tail_constant_k5
03612500,1.9858048718910152e-06,0.00821498725894133,1,197,flow_values_vs_prior_tail_constant_k5
03612600,-0.0004155168588858975,0.0026959158567996595,1,106,flow_values_vs_prior_tail_constant_k5
05276005,0.00019114730027878173,0.0022559329120565522,1,22,flow_values_vs_prior_tail_constant_k5
05288705,0.0022050566268648035,0.02147193538269807,1,200,flow_values_vs_prior_tail_constant_k5
05320270,-4.29711262935783e-05,0.006696416089648032,1,34,flow_values_vs_prior_tail_constant_k5
05322000,6.776192729782719e-05,0.003763692937659869,1,33,flow_values_vs_prior_tail_constant_k5
05325000,-2.5020091207745245e-05,0.0002484650481330259,1,2,flow_values_vs_prior_tail_constant_k5
05325050,-4.408344908938845e-05,0.0009080401019281663,2,14,flow_values_vs_prior_tail_constant_k5
05331833,2.0776720827967435e-06,0.0032816638104785517,1,24,flow_values_vs_prior_tail_constant_k5
05333500,2.9013384199463925e-05,0.013813974441502029,1,62,flow_values_vs_prior_tail_constant_k5
05355250,1.2619798795050577e-06,0.0018653332480036632,1,29,flow_values_vs_prior_tail_constant_k5
05357206,0.0001146323922582371,0.009091525371187053,1,89,flow_values_vs_prior_tail_constant_k5
05357215,-0.0004794800974566673,0.0072198936425407895,1,121,flow_values_vs_prior_tail_constant_k5
05357245,0.00017631122328005472,0.006894315910830201,1,114,flow_values_vs_prior_tail_constant_k5
05412500,0.0007081859135373458,0.011948315019648995,1,113,flow_values_vs_prior_tail_constant_k5
05418600,-0.0001567569072872284,0.009207833530465555,1,113,flow_values_vs_prior_tail_constant_k5
05420500,-0.0007285971180263207,0.032001117247658854,1,291,flow_values_vs_prior_tail_constant_k5
05422000,-0.00025890079397229986,0.01126560574408804,1,145,flow_values_vs_prior_tail_constant_k5
05427948,3.5017260156400824e-05,0.0038121732523087866,1,20,flow_values_vs_prior_tail_constant_k5
05427952,4.5480249550114403e-10,0.005310372116093266,1,21,flow_values_vs_prior_tail_constant_k5
05451070,-7.431483335583185e-05,0.001412007445635979,1,15,flow_values_vs_prior_tail_constant_k5
05455100,4.2966702538215596e-06,0.003997103761905899,1,26,flow_values_vs_prior_tail_constant_k5
05461390,0.0002866747330794694,0.006450598662991596,1,26,flow_values_vs_prior_tail_constant_k5
05463050,-1.9435611862885058e-05,0.002154411233018376,1,17,flow_values_vs_prior_tail_constant_k5
05464220,1.4016321638353593e-05,0.011113369102554073,2,72,flow_values_vs_prior_tail_constant_k5
05464760,-6.536803890721841e-07,0.0016009361280167804,1,15,flow_values_vs_prior_tail_constant_k5
05465500,8.942595854153306e-05,0.023197416445430948,1,286,flow_values_vs_prior_tail_constant_k5
05531500,-4.936696557832328e-05,0.01121163484311257,2,28,flow_values_vs_prior_tail_constant_k5
05538020,-1.4789414549204331e-05,0.00030061283821650425,1,9,flow_values_vs_prior_tail_constant_k5
05540500,-0.00019743408147485675,0.006604147315489239,2,70,flow_values_vs_prior_tail_constant_k5
05543500,-3.2049938673912434e-05,0.0043506595268536985,1,53,flow_values_vs_prior_tail_constant_k5
05552500,-2.0630806669917916e-05,0.002805262075062782,1,40,flow_values_vs_prior_tail_constant_k5
05553700,2.196011082193178e-05,0.001978024570641554,2,60,flow_values_vs_prior_tail_constant_k5
05587455,3.1735868143948955e-06,0.023886186539498755,1,298,flow_values_vs_prior_tail_constant_k5
06126470,-7.895375796081087e-06,0.003938068299370827,1,17,flow_values_vs_prior_tail_constant_k5
06177825,-0.00012497339532554735,0.004698210700601211,1,20,flow_values_vs_prior_tail_constant_k5
06183450,-1.789270026737289e-05,0.0072095966761239975,1,17,flow_values_vs_prior_tail_constant_k5
06208500,-3.9618369719451313e-07,0.0012093838634680803,1,28,flow_values_vs_prior_tail_constant_k5
06214500,0.00010480275732147797,0.003611823965985343,1,44,flow_values_vs_prior_tail_constant_k5
06279500,-0.00017765724170580227,0.0025893605060535864,2,66,flow_values_vs_prior_tail_constant_k5
06294940,7.1449621304978595e-06,0.005032028243573231,1,15,flow_values_vs_prior_tail_constant_k5
06294980,-0.00038353621324446426,0.005933221817736426,1,20,flow_values_vs_prior_tail_constant_k5
06295000,5.652592899012422e-05,0.00723902415586549,1,61,flow_values_vs_prior_tail_constant_k5
06296120,4.178465540759584e-06,0.005399106302281134,1,36,flow_values_vs_prior_tail_constant_k5
06306100,8.864596087493427e-05,0.003926597179170422,1,21,flow_values_vs_prior_tail_constant_k5
06306300,-5.89415218549769e-05,0.006003725001998612,1,56,flow_values_vs_prior_tail_constant_k5
06307500,6.985653550593631e-06,0.010005315440225943,1,65,flow_values_vs_prior_tail_constant_k5
06307600,4.6710986984672497e-05,0.005353128755188782,1,27,flow_values_vs_prior_tail_constant_k5
06307665,-1.8539970239510906e-07,0.005988609257187304,1,19,flow_values_vs_prior_tail_constant_k5
06313500,4.12003427541586e-05,0.02789838758771267,2,78,flow_values_vs_prior_tail_constant_k5
06324500,-0.0002258168246931808,0.007426071963004667,1,84,flow_values_vs_prior_tail_constant_k5
06324925,-0.00023594367374302417,0.02080416351738154,2,58,flow_values_vs_prior_tail_constant_k5
06324970,-0.0002631600000904704,0.03151686100497936,2,138,flow_values_vs_prior_tail_constant_k5
06326600,0.00042508066557772677,0.04481769985583568,3,114,flow_values_vs_prior_tail_constant_k5
06330000,-2.9855682931872397e-07,0.02517525558183621,1,75,flow_values_vs_prior_tail_constant_k5
06332515,2.5704925829669336e-06,0.00786679788839443,1,20,flow_values_vs_prior_tail_constant_k5
06332770,9.571384461314381e-06,0.0028021108469602177,1,16,flow_values_vs_prior_tail_constant_k5
06336500,-4.6779954802105517e-07,0.006535480740680684,1,21,flow_values_vs_prior_tail_constant_k5
06337000,3.127943245015513e-05,0.012884109768772804,2,48,flow_values_vs_prior_tail_constant_k5
06339550,0.0002599331115405083,0.010481458370272813,1,38,flow_values_vs_prior_tail_constant_k5
06339800,0.000293630563345749,0.0321631293802271,2,64,flow_values_vs_prior_tail_constant_k5
06339900,0.0003062723123943011,0.013037987405072886,1,34,flow_values_vs_prior_tail_constant_k5
06340000,0.00036645607775369034,0.04325164197718266,2,138,flow_values_vs_prior_tail_constant_k5
06340520,9.029448060883224e-06,0.007010644929639426,1,20,flow_values_vs_prior_tail_constant_k5
06340580,-0.0005098148271772022,0.01627616735245646,2,38,flow_values_vs_prior_tail_constant_k5
06342200,-8.628261201574431e-07,0.01569475721965037,1,40,flow_values_vs_prior_tail_constant_k5
06342230,-0.00022514357321635597,0.008536479703152685,1,24,flow_values_vs_prior_tail_constant_k5
06344600,0.00031271400016143756,0.029774143373219118,2,80,flow_values_vs_prior_tail_constant_k5
06349000,-3.0104309206419463e-06,0.004345998065106642,1,18,flow_values_vs_prior_tail_constant_k5
06349930,1.0484219720610404e-05,0.026883304242891197,1,62,flow_values_vs_prior_tail_constant_k5
06350000,1.2279805214343951e-05,0.012521068343741906,1,34,flow_values_vs_prior_tail_constant_k5
06355310,-0.0006660728712374622,0.06178392677548668,1,67,flow_values_vs_prior_tail_constant_k5
06375600,-0.00026025592139277337,0.007201353403855356,1,35,flow_values_vs_prior_tail_constant_k5
06378300,-0.0005906289311562362,0.02506523296153911,2,32,flow_values_vs_prior_tail_constant_k5
06426400,-0.0003425227071200768,0.014339597388385451,1,31,flow_values_vs_prior_tail_constant_k5
06436180,-6.438552128179269e-05,0.0010120156749567936,1,31,flow_values_vs_prior_tail_constant_k5
06436198,-2.768482058006455e-07,0.002773431022825667,1,30,flow_values_vs_prior_tail_constant_k5
06453305,-4.324936693937616e-05,0.0003607384341535285,1,19,flow_values_vs_prior_tail_constant_k5
06463720,-4.086067893519473e-05,0.004395144251223922,2,38,flow_values_vs_prior_tail_constant_k5
06485500,0.00046373599097082293,0.03362409279816104,2,168,flow_values_vs_prior_tail_constant_k5
06607500,0.0011676324047078775,0.043601570733042064,2,226,flow_values_vs_prior_tail_constant_k5
06611100,0.00014659819990614083,0.003007937563401923,1,19,flow_values_vs_prior_tail_constant_k5
06611200,8.842336817267985e-05,0.006095076883402634,1,19,flow_values_vs_prior_tail_constant_k5
06611800,8.164238740103938e-05,0.0028095727490747317,1,19,flow_values_vs_prior_tail_constant_k5
06710200,6.504900306457884e-05,0.002014503874329066,1,5,flow_values_vs_prior_tail_constant_k5
06713500,0.0004437408863119567,0.018892848061929302,1,229,flow_values_vs_prior_tail_constant_k5
06714000,-1.8658072610042635e-07,0.019718582405062395,1,108,flow_values_vs_prior_tail_constant_k5
06720500,-0.0012654602403208322,0.018387049329790232,2,102,flow_values_vs_prior_tail_constant_k5
06734900,-2.579723631821303e-05,0.0011601536053560363,1,27,flow_values_vs_prior_tail_constant_k5
06752000,2.94582006363402e-05,0.0021108092048283795,1,24,flow_values_vs_prior_tail_constant_k5
06753400,0.00011346607672850812,0.002277285213310527,1,21,flow_values_vs_prior_tail_constant_k5
06759910,0.00010160237270323143,0.0028277477459437766,2,50,flow_values_vs_prior_tail_constant_k5
06770500,0.00016898830754275023,0.0034015386201211345,1,17,flow_values_vs_prior_tail_constant_k5
06775900,-0.003142680727117165,0.01949019604193073,1,195,flow_values_vs_prior_tail_constant_k5
06791150,2.5482314345313526e-06,0.007151155920982217,2,30,flow_values_vs_prior_tail_constant_k5
06805500,0.0013738414702001026,0.06613109367779998,2,590,flow_values_vs_prior_tail_constant_k5
06810000,2.7681492825589858e-05,0.013496052198350464,1,125,flow_values_vs_prior_tail_constant_k5
06818000,-2.0235038085883017e-06,0.0039392427355071785,1,32,flow_values_vs_prior_tail_constant_k5
06879100,-1.4905220077705152e-06,0.001921652224276909,1,31,flow_values_vs_prior_tail_constant_k5
06879650,-8.795015457670389e-05,0.0013455984885158312,1,15,flow_values_vs_prior_tail_constant_k5
06880800,3.1468713459395855e-05,0.007256534729643936,1,38,flow_values_vs_prior_tail_constant_k5
06885500,-1.4369891112912297e-05,0.005693485694262464,1,30,flow_values_vs_prior_tail_constant_k5
06887000,-2.5071229235119593e-05,0.008518253505268879,1,54,flow_values_vs_prior_tail_constant_k5
06890900,-3.597275314978421e-07,0.0010009498882659475,1,27,flow_values_vs_prior_tail_constant_k5
06891500,-0.0003422673836762288,0.003982333876514437,2,56,flow_values_vs_prior_tail_constant_k5
06893350,3.908844398877587e-06,0.0014481404604848578,1,12,flow_values_vs_prior_tail_constant_k5
06893390,9.299219498367263e-05,0.0018536561581167482,1,20,flow_values_vs_prior_tail_constant_k5
06893500,0.0003000684545343869,0.010946632377699803,2,76,flow_values_vs_prior_tail_constant_k5
06893562,-7.471894926826531e-06,0.004922347978619923,1,42,flow_values_vs_prior_tail_constant_k5
06893578,2.616718672998463e-05,0.0021521862370801714,1,31,flow_values_vs_prior_tail_constant_k5
06893620,0.00042286650509360966,0.004318855755541561,1,49,flow_values_vs_prior_tail_constant_k5
06893940,-5.2819656540222975e-05,0.0018142215550080055,1,31,flow_values_vs_prior_tail_constant_k5
06894000,3.880264906226295e-06,0.002563364697568635,1,44,flow_values_vs_prior_tail_constant_k5
06902000,0.00010821891659601529,0.004462703839802598,1,27,flow_values_vs_prior_tail_constant_k5
06923250,3.37201518579714e-05,0.0018194149508254265,1,25,flow_values_vs_prior_tail_constant_k5
06926510,1.6214728011142646e-05,0.0018224203750801058,1,19,flow_values_vs_prior_tail_constant_k5
07022000,1.3134866860541263e-05,0.020292291715645467,1,305,flow_values_vs_prior_tail_constant_k5
07048600,7.204261566772322e-05,0.012534140216779644,1,147,flow_values_vs_prior_tail_constant_k5
07048800,0.0004213870942871726,0.014396044702952715,1,115,flow_values_vs_prior_tail_constant_k5
07049000,0.0011040022501869428,0.025704022171358865,2,248,flow_values_vs_prior_tail_constant_k5
07050500,-2.7545932061362215e-05,0.0013257476321736695,1,24,flow_values_vs_prior_tail_constant_k5
07055893,1.0400139081607537e-05,0.0010364977954717097,1,19,flow_values_vs_prior_tail_constant_k5
07056000,0.0012690333889216984,0.020153807395853627,2,180,flow_values_vs_prior_tail_constant_k5
07056515,0.00021245549675236096,0.005257531968332478,1,55,flow_values_vs_prior_tail_constant_k5
07060710,0.00043130061818526694,0.007949595803575531,1,177,flow_values_vs_prior_tail_constant_k5
07061600,-9.563199134560299e-05,0.0009058633897170081,1,31,flow_values_vs_prior_tail_constant_k5
07077500,9.755696785155626e-06,0.006462978022196905,1,25,flow_values_vs_prior_tail_constant_k5
07077555,-5.61793459902165e-07,0.005943173570176574,1,41,flow_values_vs_prior_tail_constant_k5
07077800,-9.747976817198398e-05,0.0018598294452209167,1,15,flow_values_vs_prior_tail_constant_k5
07097000,-4.205564120430224e-06,0.0011808401580360236,1,11,flow_values_vs_prior_tail_constant_k5
07099200,-3.70328944960459e-06,0.006090730326381667,1,115,flow_values_vs_prior_tail_constant_k5
07099400,0.0002182290900568802,0.012146055385412847,2,232,flow_values_vs_prior_tail_constant_k5
07143672,0.0015191855219823774,0.03691663438361016,2,202,flow_values_vs_prior_tail_constant_k5
07231975,-0.0003735128026242334,0.001811321170392305,1,11,flow_values_vs_prior_tail_constant_k5
07373420,-0.00038031188546260036,0.010834851226059438,1,315,flow_values_vs_prior_tail_constant_k5
394340085524601,-0.0010575415254475138,0.020392533298985212,1,244,flow_values_vs_prior_tail_constant_k5
401723105400000,0.0003833209064071287,0.008128890421176128,1,265,flow_values_vs_prior_tail_constant_k5
03016000,4.9224357953778436e-05,0.0009950916966385331,1,29,flow_values_vs_context_constant_k5
03030852,0.0001268320722127546,0.002768579907697861,1,30,flow_values_vs_context_constant_k5
03037525,-0.00017648377836577386,0.0013635846220058142,1,25,flow_values_vs_context_constant_k5
03039420,-1.3139848125248975e-05,0.0008935031971033723,1,20,flow_values_vs_context_constant_k5
03049625,2.923439415610763e-05,0.003804778051492927,1,43,flow_values_vs_context_constant_k5
03075001,0.0001499157225484742,0.005369923832271543,2,134,flow_values_vs_context_constant_k5
03083500,5.2323055617813944e-05,0.0023782808097085094,1,100,flow_values_vs_context_constant_k5
03085000,2.0290419110402396e-05,0.004079994963845199,1,122,flow_values_vs_context_constant_k5
03104500,-0.0001442608230968834,0.004631297267600141,2,68,flow_values_vs_context_constant_k5
03110983,9.81985151888166e-05,0.0074373976930296485,2,56,flow_values_vs_context_constant_k5
03127970,0.0001362200707183937,0.008375947926565454,2,58,flow_values_vs_context_constant_k5
03144270,0.0001064636031638429,0.002808969849754396,1,26,flow_values_vs_context_constant_k5
03144289,0.0006695244739333493,0.010933581496766584,3,78,flow_values_vs_context_constant_k5
03201660,0.00014971908265097654,0.0022725773220847695,1,20,flow_values_vs_context_constant_k5
03201700,2.409694595039879e-05,0.004041349548107258,1,37,flow_values_vs_context_constant_k5
03207962,-3.555838274465867e-05,0.0013705043683005299,1,16,flow_values_vs_context_constant_k5
03212500,0.0001533458914343416,0.0021359641922997215,1,20,flow_values_vs_context_constant_k5
03216600,-0.00040098169648520844,0.007985916521009129,1,115,flow_values_vs_context_constant_k5
03245500,-4.330177710702479e-06,0.003302710409463326,1,33,flow_values_vs_context_constant_k5
03281500,5.554253679778684e-06,0.0015471876050649662,1,31,flow_values_vs_context_constant_k5
03290500,3.0161751063690566e-06,0.004765566064096869,1,53,flow_values_vs_context_constant_k5
03303280,0.005471036500753321,0.022455477348899116,1,294,flow_values_vs_context_constant_k5
03339000,-3.6112999262612335e-05,0.0004239543162377729,1,10,flow_values_vs_context_constant_k5
03353551,-1.4053012874807183e-06,0.006606257319265551,1,21,flow_values_vs_context_constant_k5
03353630,7.829013480097505e-05,0.004007743230067996,2,42,flow_values_vs_context_constant_k5
03354000,-0.00016355546549721138,0.0017127828809570676,1,32,flow_values_vs_context_constant_k5
03357330,0.0001094038622952632,0.0034022289748459477,2,54,flow_values_vs_context_constant_k5
03373530,0.0001142355073546659,0.003499262975205682,1,22,flow_values_vs_context_constant_k5
03378500,0.00016923007754317908,0.013302821516070592,1,285,flow_values_vs_context_constant_k5
03438500,-9.778206531866918e-05,0.0009943756968291192,2,60,flow_values_vs_context_constant_k5
03459500,-0.0007092263665052999,0.004818419294270809,1,14,flow_values_vs_context_constant_k5
03460000,0.000753434100092727,0.01683607279957677,1,67,flow_values_vs_context_constant_k5
03466208,0.00010042902992905718,0.0028035681092708456,1,34,flow_values_vs_context_constant_k5
03497300,-0.0014412539488242373,0.020269738069195187,3,585,flow_values_vs_context_constant_k5
03524550,-0.00018382250757733866,0.0023040877393301815,1,19,flow_values_vs_context_constant_k5
03612500,3.702797570163115e-05,0.00825002942977107,1,197,flow_values_vs_context_constant_k5
03612600,-0.0006208873439765359,0.002490545371709021,1,106,flow_values_vs_context_constant_k5
05276005,0.00019289477808240196,0.0022576803898601725,1,22,flow_values_vs_context_constant_k5
05288705,0.003651748410011997,0.02291862716584526,1,200,flow_values_vs_context_constant_k5
05320270,-0.00011240496253018653,0.006626982253411424,1,34,flow_values_vs_context_constant_k5
05322000,-0.00016362213463886547,0.0035323088757231763,1,33,flow_values_vs_context_constant_k5
05325000,-2.8609992407106247e-05,0.0002448751469336649,1,2,flow_values_vs_context_constant_k5
05325050,-7.427669546817737e-05,0.0008778468555493773,2,14,flow_values_vs_context_constant_k5
05331833,8.04700666668353e-06,0.003287633145062438,1,24,flow_values_vs_context_constant_k5
05333500,5.502138540555014e-05,0.013839982442708116,1,62,flow_values_vs_context_constant_k5
05355250,1.9940427854255794e-06,0.001866065310909584,1,29,flow_values_vs_context_constant_k5
05357206,2.396714564575143e-05,0.009000860124574569,1,89,flow_values_vs_context_constant_k5
05357215,-0.001177996021480803,0.006521377718516653,1,121,flow_values_vs_context_constant_k5
05357245,0.0003069412232559164,0.007024945910806063,1,114,flow_values_vs_context_constant_k5
05412500,0.0015323972321395964,0.012772526338251246,1,113,flow_values_vs_context_constant_k5
05418600,0.00013057819344012395,0.009495168631192907,1,113,flow_values_vs_context_constant_k5
05420500,-0.000647588653180006,0.03208212571250517,1,291,flow_values_vs_context_constant_k5
05422000,9.675293961952978e-08,0.011524603290999958,1,145,flow_values_vs_context_constant_k5
05427948,0.00016745761837499583,0.003944613610527382,1,20,flow_values_vs_context_constant_k5
05427952,5.152802345994982e-06,0.005315524463636765,1,21,flow_values_vs_context_constant_k5
05451070,1.1182077250913507e-05,0.001497504356242724,1,15,flow_values_vs_context_constant_k5
05455100,-3.5242160881663996e-06,0.003989282875563911,1,26,flow_values_vs_context_constant_k5
05461390,0.0006797918516795639,0.00684371578159169,1,26,flow_values_vs_context_constant_k5
05463050,-0.00013754719736204133,0.0020362996475192193,1,17,flow_values_vs_context_constant_k5
05464220,1.5273891763316925e-05,0.011114626672679036,2,72,flow_values_vs_context_constant_k5
05464760,-2.1686235008327908e-05,0.0015799035733975247,1,15,flow_values_vs_context_constant_k5
05465500,0.0002566989243632614,0.023364689411252675,1,286,flow_values_vs_context_constant_k5
05531500,-0.0002247080914432963,0.011036293717247597,2,28,flow_values_vs_context_constant_k5
05538020,-1.3361269668526297e-05,0.0003020409830971823,1,9,flow_values_vs_context_constant_k5
05540500,-0.00011743364204537514,0.006684147754918721,2,70,flow_values_vs_context_constant_k5
05543500,9.645191153030565e-05,0.004479161377057917,1,53,flow_values_vs_context_constant_k5
05552500,-3.106980184433241e-05,0.0027948230798883677,1,40,flow_values_vs_context_constant_k5
05553700,3.547378509147653e-05,0.0019915382449110985,2,60,flow_values_vs_context_constant_k5
05587455,-2.7249130844025816e-05,0.023855763821840337,1,298,flow_values_vs_context_constant_k5
06126470,-0.00014006562220598152,0.0038058980529609263,1,17,flow_values_vs_context_constant_k5
06177825,-0.00010189931093268479,0.004721284784994074,1,20,flow_values_vs_context_constant_k5
06183450,-1.0689396093424279e-05,0.007216799980297946,1,17,flow_values_vs_context_constant_k5
06208500,2.7394225601058064e-06,0.0012125194697253806,1,28,flow_values_vs_context_constant_k5
06214500,-0.0006218169017595533,0.0028852043069043116,1,44,flow_values_vs_context_constant_k5
06279500,-0.00015591853257176046,0.002611099215187628,2,66,flow_values_vs_context_constant_k5
06294940,-2.1176861248224327e-06,0.005022765595317911,1,15,flow_values_vs_context_constant_k5
06294980,-0.00039341091885461974,0.005923347112126271,1,20,flow_values_vs_context_constant_k5
06295000,0.00045441376062130875,0.0076369119874966735,1,61,flow_values_vs_context_constant_k5
06296120,7.183968283444907e-06,0.0054021118050238195,1,36,flow_values_vs_context_constant_k5
06306100,3.746778136371761e-05,0.003875418999659205,1,21,flow_values_vs_context_constant_k5
06306300,-1.7867464210167258e-05,0.006044799059643421,1,56,flow_values_vs_context_constant_k5
06307500,1.0691271060870035e-05,0.01000902105773622,1,65,flow_values_vs_context_constant_k5
06307600,-3.980996824031269e-05,0.005266607799963796,1,27,flow_values_vs_context_constant_k5
06307665,4.0928560602606884e-06,0.00599288751294996,1,19,flow_values_vs_context_constant_k5
06313500,0.00010197653961139418,0.027959163784569908,2,78,flow_values_vs_context_constant_k5
06324500,1.656750642476011e-05,0.007668456294122608,1,84,flow_values_vs_context_constant_k5
06324925,-0.00021759528306064427,0.020822511908063925,2,58,flow_values_vs_context_constant_k5
06324970,-0.0005191199587446139,0.031260901046325215,2,138,flow_values_vs_context_constant_k5
06326600,2.641473188288914e-05,0.04441903392214084,3,114,flow_values_vs_context_constant_k5
06330000,-9.136569181243052e-06,0.025166417569484286,1,75,flow_values_vs_context_constant_k5
06332515,1.0430258890758594e-06,0.007865270421700538,1,20,flow_values_vs_context_constant_k5
06332770,2.4793712960148386e-05,0.002817333175459052,1,16,flow_values_vs_context_constant_k5
06336500,-0.0002449649278683102,0.006290983612360395,1,21,flow_values_vs_context_constant_k5
06337000,-5.7415275750109675e-05,0.012795415060572541,2,48,flow_values_vs_context_constant_k5
06339550,0.0004612085227790487,0.010682733781511354,1,38,flow_values_vs_context_constant_k5
06339800,-0.0001391269836666715,0.03173037183321468,2,64,flow_values_vs_context_constant_k5
06339900,0.0002883412573383726,0.013020056350016957,1,34,flow_values_vs_context_constant_k5
06340000,0.0004538613153956917,0.04333904721482466,2,138,flow_values_vs_context_constant_k5
06340520,2.423562593958444e-05,0.007025851107518127,1,20,flow_values_vs_context_constant_k5
06340580,-0.0006042550428839321,0.01618172713674973,2,38,flow_values_vs_context_constant_k5
06342200,2.82168912096615e-05,0.01572383693698019,1,40,flow_values_vs_context_constant_k5
06342230,-0.00022049673623665282,0.008541126540132388,1,24,flow_values_vs_context_constant_k5
06344600,-6.660054405622376e-05,0.029394828829001456,2,80,flow_values_vs_context_constant_k5
06349000,-7.573143482354262e-06,0.00434143535254493,1,18,flow_values_vs_context_constant_k5
06349930,1.879899098774127e-05,0.02689161901415833,1,62,flow_values_vs_context_constant_k5
06350000,1.513121441647044e-05,0.012523919752944033,1,34,flow_values_vs_context_constant_k5
06355310,-0.0004316400927254708,0.06201835955399867,1,67,flow_values_vs_context_constant_k5
06375600,-0.0002955547148432378,0.007166054610404891,1,35,flow_values_vs_context_constant_k5
06378300,-0.0008388015789882077,0.02481706031370713,2,32,flow_values_vs_context_constant_k5
06426400,-0.0004326799326650641,0.014249440162840464,1,31,flow_values_vs_context_constant_k5
06436180,-0.00013400989139143656,0.0009423913048471498,1,31,flow_values_vs_context_constant_k5
06436198,9.40440471161593e-06,0.0027831122757430837,1,30,flow_values_vs_context_constant_k5
06453305,1.2048433370493119e-05,0.00041603623446339775,1,19,flow_values_vs_context_constant_k5
06463720,-0.0001009699754245866,0.004335034954734531,2,38,flow_values_vs_context_constant_k5
06485500,0.002162174789228566,0.03532253159641878,2,168,flow_values_vs_context_constant_k5
06607500,0.0014028145433724456,0.04383675287170663,2,226,flow_values_vs_context_constant_k5
06611100,0.0001699043004450579,0.0030312436639408397,1,19,flow_values_vs_context_constant_k5
06611200,-0.00017549852201030071,0.005831154993219653,1,19,flow_values_vs_context_constant_k5
06611800,3.3938392043146325e-05,0.0027618687537168387,1,19,flow_values_vs_context_constant_k5
06710200,9.672967061103341e-05,0.002046184541875521,1,5,flow_values_vs_context_constant_k5
06713500,0.0006934431191525809,0.019142550294769925,1,229,flow_values_vs_context_constant_k5
06714000,-9.683799578137119e-05,0.019621930990007124,1,108,flow_values_vs_context_constant_k5
06720500,-0.0017651615640209026,0.01788734800609016,2,102,flow_values_vs_context_constant_k5
06734900,3.945909966220517e-05,0.0012254099413364545,1,27,flow_values_vs_context_constant_k5
06752000,4.640303632729905e-05,0.0021277540405193382,1,24,flow_values_vs_context_constant_k5
06753400,0.00022522897399554956,0.0023890481105775683,1,21,flow_values_vs_context_constant_k5
06759910,0.000275899964143169,0.003002045337383714,2,50,flow_values_vs_context_constant_k5
06770500,0.00021099869106014032,0.0034435490036385246,1,17,flow_values_vs_context_constant_k5
06775900,-0.006245297212959886,0.016387579556088012,1,195,flow_values_vs_context_constant_k5
06791150,-4.367067579938319e-06,0.007144240621967746,2,30,flow_values_vs_context_constant_k5
06805500,0.003530433950628723,0.0682876861582286,2,590,flow_values_vs_context_constant_k5
06810000,2.7873004272238493e-05,0.013496243709797113,1,125,flow_values_vs_context_constant_k5
06818000,-7.959819089667662e-06,0.0039333064202261,1,32,flow_values_vs_context_constant_k5
06879100,-1.7086305433377133e-05,0.0019060564408513025,1,31,flow_values_vs_context_constant_k5
06879650,-0.00024047142984718247,0.0011930772132453527,1,15,flow_values_vs_context_constant_k5
06880800,5.672922594433003e-05,0.00728179524212887,1,38,flow_values_vs_context_constant_k5
06885500,-1.0780533764969771e-05,0.005697075051610406,1,30,flow_values_vs_context_constant_k5
06887000,-3.719260957206363e-05,0.008506132124931934,1,54,flow_values_vs_context_constant_k5
06890900,1.1074545560181514e-06,0.0010024170703534635,1,27,flow_values_vs_context_constant_k5
06891500,-0.0003146481973886985,0.004009953062801967,2,56,flow_values_vs_context_constant_k5
06893350,5.079668352395933e-06,0.001449311284438376,1,12,flow_values_vs_context_constant_k5
06893390,0.00017145625822812284,0.0019321202213611983,1,20,flow_values_vs_context_constant_k5
06893500,0.0002920854588140635,0.01093864938197948,2,76,flow_values_vs_context_constant_k5
06893562,6.253742561008448e-05,0.004992357299156833,1,42,flow_values_vs_context_constant_k5
06893578,2.628689859187895e-05,0.0021523059489420657,1,31,flow_values_vs_context_constant_k5
06893620,0.0006557747756613909,0.004551764026109342,1,49,flow_values_vs_context_constant_k5
06893940,-6.757930360227343e-05,0.001799461907945955,1,31,flow_values_vs_context_constant_k5
06894000,6.00564001051382e-05,0.0026195408327675473,1,44,flow_values_vs_context_constant_k5
06902000,-0.000166932426428195,0.004187552496778388,1,27,flow_values_vs_context_constant_k5
06923250,2.68533411501002e-05,0.0018125481401175553,1,25,flow_values_vs_context_constant_k5
06926510,2.2044073338042583e-05,0.0018282497204070059,1,19,flow_values_vs_context_constant_k5
07022000,-4.812955674207564e-05,0.02023102729204285,1,305,flow_values_vs_context_constant_k5
07048600,0.00012064036396256302,0.012582737965074482,1,147,flow_values_vs_context_constant_k5
07048800,0.00029690306306987,0.014271560671735413,1,115,flow_values_vs_context_constant_k5
07049000,0.00170698399858745,0.026307003919759372,2,248,flow_values_vs_context_constant_k5
07050500,-4.3497983085784376e-05,0.0013097955811492473,1,24,flow_values_vs_context_constant_k5
07055893,1.740249157744606e-05,0.0010435001479675483,1,19,flow_values_vs_context_constant_k5
07056000,0.0015485332241314512,0.02043330723106338,2,180,flow_values_vs_context_constant_k5
07056515,0.0002979457099525868,0.005343022181532703,1,55,flow_values_vs_context_constant_k5
07060710,-0.003032983346699583,0.004485311838690681,1,177,flow_values_vs_context_constant_k5
07061600,-5.308020295312468e-05,0.0009484151781094864,1,31,flow_values_vs_context_constant_k5
07077500,-0.00027030384316726176,0.006182918482244487,1,25,flow_values_vs_context_constant_k5
07077555,3.287756709200048e-05,0.005976612930728477,1,41,flow_values_vs_context_constant_k5
07077800,-9.861157467398773e-06,0.001947448055925502,1,15,flow_values_vs_context_constant_k5
07097000,-1.9243401140264033e-05,0.0011658023210161898,1,11,flow_values_vs_context_constant_k5
07099200,-2.5940081752727674e-05,0.006068493534078544,1,115,flow_values_vs_context_constant_k5
07099400,0.0014287630804694746,0.013356589375825442,2,232,flow_values_vs_context_constant_k5
07143672,0.0014575848375169439,0.036855033699144724,2,202,flow_values_vs_context_constant_k5
07231975,-0.00036444688753560505,0.0018203870854809332,1,11,flow_values_vs_context_constant_k5
07373420,-0.0011675834211580002,0.010047579690364038,1,315,flow_values_vs_context_constant_k5
394340085524601,0.0007452282607481124,0.022195303085180838,1,244,flow_values_vs_context_constant_k5
401723105400000,-0.0026753087539518787,0.005070260760817121,1,265,flow_values_vs_context_constant_k5
03016000,5.1353535966564256e-05,0.0009923628698575119,1,29,flow_freshness_constant_vs_v4_fusion_gru_tuned_anchor_k5
03030852,2.8826515468187135e-05,0.002720643235423543,1,30,flow_freshness_constant_vs_v4_fusion_gru_tuned_anchor_k5
03037525,-0.00012786911717803024,0.0013538020074852675,1,25,flow_freshness_constant_vs_v4_fusion_gru_tuned_anchor_k5
03039420,-1.0631985142083253e-05,0.0008977249130982909,1,20,flow_freshness_constant_vs_v4_fusion_gru_tuned_anchor_k5
03049625,5.630689887959577e-05,0.0038005862676938535,1,43,flow_freshness_constant_vs_v4_fusion_gru_tuned_anchor_k5
03075001,0.00030808292370528646,0.005515173530167221,2,134,flow_freshness_constant_vs_v4_fusion_gru_tuned_anchor_k5
03083500,9.736318218847418e-06,0.0023470501352315155,1,100,flow_freshness_constant_vs_v4_fusion_gru_tuned_anchor_k5
03085000,1.1122556687207929e-05,0.004064744207552564,1,122,flow_freshness_constant_vs_v4_fusion_gru_tuned_anchor_k5
03104500,-0.00016777605263400394,0.004589567804175778,2,68,flow_freshness_constant_vs_v4_fusion_gru_tuned_anchor_k5
03110983,0.00025881781983679285,0.007642537240393039,2,56,flow_freshness_constant_vs_v4_fusion_gru_tuned_anchor_k5
03127970,0.00012740486639781798,0.00842551363071578,2,58,flow_freshness_constant_vs_v4_fusion_gru_tuned_anchor_k5
03144270,9.539884620618432e-05,0.0028278215092784327,1,26,flow_freshness_constant_vs_v4_fusion_gru_tuned_anchor_k5
03144289,0.0005022152325651029,0.011053537190544378,3,78,flow_freshness_constant_vs_v4_fusion_gru_tuned_anchor_k5
03201660,9.227143635031575e-05,0.002235730680318513,1,20,flow_freshness_constant_vs_v4_fusion_gru_tuned_anchor_k5
03201700,3.210862993297327e-05,0.004060577592186161,1,37,flow_freshness_constant_vs_v4_fusion_gru_tuned_anchor_k5
03207962,-4.9082399342438094e-05,0.0013665305546844066,1,16,flow_freshness_constant_vs_v4_fusion_gru_tuned_anchor_k5
03212500,0.00014735606444871594,0.002161657057308631,1,20,flow_freshness_constant_vs_v4_fusion_gru_tuned_anchor_k5
03216600,-0.00038693066081384983,0.008150959539691614,1,115,flow_freshness_constant_vs_v4_fusion_gru_tuned_anchor_k5
03245500,4.638052271728554e-05,0.003363301124502311,1,33,flow_freshness_constant_vs_v4_fusion_gru_tuned_anchor_k5
03281500,-1.9427337080736454e-05,0.0015058701610822325,1,31,flow_freshness_constant_vs_v4_fusion_gru_tuned_anchor_k5
03290500,-9.043645898404389e-05,0.004643370790941694,1,53,flow_freshness_constant_vs_v4_fusion_gru_tuned_anchor_k5
03303280,0.0051709398635285935,0.024477439374957517,1,294,flow_freshness_constant_vs_v4_fusion_gru_tuned_anchor_k5
03339000,-3.5147302519281504e-05,0.0004182052765319609,1,10,flow_freshness_constant_vs_v4_fusion_gru_tuned_anchor_k5
03353551,3.468621852313247e-05,0.006603132201631915,1,21,flow_freshness_constant_vs_v4_fusion_gru_tuned_anchor_k5
03353630,2.7818376673709622e-05,0.003958346181343587,2,42,flow_freshness_constant_vs_v4_fusion_gru_tuned_anchor_k5
03354000,-3.887374362395864e-05,0.00170258691351183,1,32,flow_freshness_constant_vs_v4_fusion_gru_tuned_anchor_k5
03357330,0.0001119795852285413,0.0034238066040807964,2,54,flow_freshness_constant_vs_v4_fusion_gru_tuned_anchor_k5
03373530,6.582616370985393e-05,0.0034739459991722597,1,22,flow_freshness_constant_vs_v4_fusion_gru_tuned_anchor_k5
03378500,-2.9429876465521205e-05,0.013249110998191333,1,285,flow_freshness_constant_vs_v4_fusion_gru_tuned_anchor_k5
03438500,-5.270205854253691e-05,0.001054596618380629,2,60,flow_freshness_constant_vs_v4_fusion_gru_tuned_anchor_k5
03459500,-0.0006613337702397794,0.004548852404407303,1,14,flow_freshness_constant_vs_v4_fusion_gru_tuned_anchor_k5
03460000,0.0014685172947882452,0.017157896372475483,1,67,flow_freshness_constant_vs_v4_fusion_gru_tuned_anchor_k5
03466208,5.803593863055285e-05,0.0027391106360790734,1,34,flow_freshness_constant_vs_v4_fusion_gru_tuned_anchor_k5
03497300,-0.001716743208787081,0.019785012869122497,3,585,flow_freshness_constant_vs_v4_fusion_gru_tuned_anchor_k5
03524550,-7.756571276324875e-05,0.0023053883350942555,1,19,flow_freshness_constant_vs_v4_fusion_gru_tuned_anchor_k5
03612500,-1.0249412135126499e-05,0.008202652029202024,1,197,flow_freshness_constant_vs_v4_fusion_gru_tuned_anchor_k5
03612600,-0.00042744200773835503,0.0026242758696350013,1,106,flow_freshness_constant_vs_v4_fusion_gru_tuned_anchor_k5
05276005,-3.9170228312792994e-05,0.002199220082952861,1,22,flow_freshness_constant_vs_v4_fusion_gru_tuned_anchor_k5
05288705,0.003695849204442144,0.024305590235795916,1,200,flow_freshness_constant_vs_v4_fusion_gru_tuned_anchor_k5
05320270,-0.0003329855742238164,0.006371215265659076,1,34,flow_freshness_constant_vs_v4_fusion_gru_tuned_anchor_k5
05322000,-0.0001978289982383541,0.0035237842536539003,1,33,flow_freshness_constant_vs_v4_fusion_gru_tuned_anchor_k5
05325000,-3.116982584497286e-05,0.0002254227629314405,1,2,flow_freshness_constant_vs_v4_fusion_gru_tuned_anchor_k5
05325050,-6.0860632601737876e-05,0.0008621836160901371,2,14,flow_freshness_constant_vs_v4_fusion_gru_tuned_anchor_k5
05331833,-8.255138602370354e-06,0.0032729898509913247,1,24,flow_freshness_constant_vs_v4_fusion_gru_tuned_anchor_k5
05333500,3.719695446978227e-06,0.01381290698544106,1,62,flow_freshness_constant_vs_v4_fusion_gru_tuned_anchor_k5
05355250,-3.012265030389562e-05,0.0018334982504554392,1,29,flow_freshness_constant_vs_v4_fusion_gru_tuned_anchor_k5
05357206,-2.784803805345496e-05,0.00898461541930043,1,89,flow_freshness_constant_vs_v4_fusion_gru_tuned_anchor_k5
05357215,-0.001372449123490258,0.006003926632564837,1,121,flow_freshness_constant_vs_v4_fusion_gru_tuned_anchor_k5
05357245,0.00032879096867203877,0.007208497868111981,1,114,flow_freshness_constant_vs_v4_fusion_gru_tuned_anchor_k5
05412500,0.0001333890019150291,0.012134947078222253,1,113,flow_freshness_constant_vs_v4_fusion_gru_tuned_anchor_k5
05418600,0.00012589466317219005,0.009447261319499002,1,113,flow_freshness_constant_vs_v4_fusion_gru_tuned_anchor_k5
05420500,-0.0006667881830907319,0.031920940314169824,1,291,flow_freshness_constant_vs_v4_fusion_gru_tuned_anchor_k5
05422000,-0.00011817791541094947,0.011120030726276734,1,145,flow_freshness_constant_vs_v4_fusion_gru_tuned_anchor_k5
05427948,0.00010595021254305423,0.0040048247252280214,1,20,flow_freshness_constant_vs_v4_fusion_gru_tuned_anchor_k5
05427952,7.009504737001126e-05,0.005380451620975526,1,21,flow_freshness_constant_vs_v4_fusion_gru_tuned_anchor_k5
05451070,0.0001041047110894272,0.001534638305861311,1,15,flow_freshness_constant_vs_v4_fusion_gru_tuned_anchor_k5
05455100,-3.1911120664526954e-05,0.003966172214728688,1,26,flow_freshness_constant_vs_v4_fusion_gru_tuned_anchor_k5
05461390,0.0001643139109820914,0.006600570417809863,1,26,flow_freshness_constant_vs_v4_fusion_gru_tuned_anchor_k5
05463050,-0.00013816204582551303,0.0019965397120165194,1,17,flow_freshness_constant_vs_v4_fusion_gru_tuned_anchor_k5
05464220,-7.844320773983501e-07,0.0111182772680967,2,72,flow_freshness_constant_vs_v4_fusion_gru_tuned_anchor_k5
05464760,-0.00013864288143511556,0.0014630102832916868,1,15,flow_freshness_constant_vs_v4_fusion_gru_tuned_anchor_k5
05465500,-0.00023484003314536674,0.022972080007839988,1,286,flow_freshness_constant_vs_v4_fusion_gru_tuned_anchor_k5
05531500,-0.0002682097192096562,0.010968887119009556,2,28,flow_freshness_constant_vs_v4_fusion_gru_tuned_anchor_k5
05538020,-2.620568677846642e-06,0.00029891159412812735,1,9,flow_freshness_constant_vs_v4_fusion_gru_tuned_anchor_k5
05540500,0.00018644533944280292,0.006787046111151706,2,70,flow_freshness_constant_vs_v4_fusion_gru_tuned_anchor_k5
05543500,0.0002628261236481544,0.0045972312826128205,1,53,flow_freshness_constant_vs_v4_fusion_gru_tuned_anchor_k5
05552500,-3.4561977127423445e-05,0.0027720154558281175,1,40,flow_freshness_constant_vs_v4_fusion_gru_tuned_anchor_k5
05553700,1.5137256224687064e-05,0.0019865335404068334,2,60,flow_freshness_constant_vs_v4_fusion_gru_tuned_anchor_k5
05587455,0.0001716291218779194,0.024054669431273646,1,298,flow_freshness_constant_vs_v4_fusion_gru_tuned_anchor_k5
06126470,-3.555436128385845e-05,0.0039060787308433076,1,17,flow_freshness_constant_vs_v4_fusion_gru_tuned_anchor_k5
06177825,8.471909365743047e-05,0.004778776638854887,1,20,flow_freshness_constant_vs_v4_fusion_gru_tuned_anchor_k5
06183450,-0.0002225273180635186,0.0069860384627914805,1,17,flow_freshness_constant_vs_v4_fusion_gru_tuned_anchor_k5
06208500,-4.8332174714558614e-05,0.0011603265028098848,1,28,flow_freshness_constant_vs_v4_fusion_gru_tuned_anchor_k5
06214500,-0.0006816038426383802,0.002972385159187657,1,44,flow_freshness_constant_vs_v4_fusion_gru_tuned_anchor_k5
06279500,-4.529039200661002e-05,0.002519838820574754,2,66,flow_freshness_constant_vs_v4_fusion_gru_tuned_anchor_k5
06294940,-0.00010289402456255875,0.004931632243113648,1,15,flow_freshness_constant_vs_v4_fusion_gru_tuned_anchor_k5
06294980,-0.0004012516674315592,0.00575397980412479,1,20,flow_freshness_constant_vs_v4_fusion_gru_tuned_anchor_k5
06295000,8.538728339393872e-05,0.007288264608634492,1,61,flow_freshness_constant_vs_v4_fusion_gru_tuned_anchor_k5
06296120,4.917372749260294e-05,0.005448252168521078,1,36,flow_freshness_constant_vs_v4_fusion_gru_tuned_anchor_k5
06306100,3.473155363163521e-06,0.003866451539759445,1,21,flow_freshness_constant_vs_v4_fusion_gru_tuned_anchor_k5
06306300,7.902965947946692e-05,0.0060995919194279605,1,56,flow_freshness_constant_vs_v4_fusion_gru_tuned_anchor_k5
06307500,-2.7604552532046663e-06,0.01000089718679986,1,65,flow_freshness_constant_vs_v4_fusion_gru_tuned_anchor_k5
06307600,-4.891010641215698e-05,0.005277502737532143,1,27,flow_freshness_constant_vs_v4_fusion_gru_tuned_anchor_k5
06307665,6.336339033133421e-05,0.00605215331595258,1,19,flow_freshness_constant_vs_v4_fusion_gru_tuned_anchor_k5
06313500,0.00018632894565500676,0.02812319005903416,2,78,flow_freshness_constant_vs_v4_fusion_gru_tuned_anchor_k5
06324500,0.00015844506625498607,0.0077570206721492676,1,84,flow_freshness_constant_vs_v4_fusion_gru_tuned_anchor_k5
06324925,-0.00048405782611929735,0.020496230260286488,2,58,flow_freshness_constant_vs_v4_fusion_gru_tuned_anchor_k5
06324970,-0.0008054454130884907,0.03080055133424582,2,138,flow_freshness_constant_vs_v4_fusion_gru_tuned_anchor_k5
06326600,-0.00019877779090329316,0.044443531117943406,3,114,flow_freshness_constant_vs_v4_fusion_gru_tuned_anchor_k5
06330000,0.0003973328638507776,0.025572917864391143,1,75,flow_freshness_constant_vs_v4_fusion_gru_tuned_anchor_k5
06332515,4.7458873896176747e-07,0.007867535671169205,1,20,flow_freshness_constant_vs_v4_fusion_gru_tuned_anchor_k5
06332770,2.306836458711623e-05,0.0028315484127447335,1,16,flow_freshness_constant_vs_v4_fusion_gru_tuned_anchor_k5
06336500,-0.00031090313176413434,0.006081430387471724,1,21,flow_freshness_constant_vs_v4_fusion_gru_tuned_anchor_k5
06337000,4.908802371041433e-05,0.012903593257475199,2,48,flow_freshness_constant_vs_v4_fusion_gru_tuned_anchor_k5
06339550,0.0006317159121169568,0.01108526915712223,1,38,flow_freshness_constant_vs_v4_fusion_gru_tuned_anchor_k5
06339800,-5.260077708502429e-05,0.03194387912173022,2,64,flow_freshness_constant_vs_v4_fusion_gru_tuned_anchor_k5
06339900,0.00024940772209848343,0.013124762590976348,1,34,flow_freshness_constant_vs_v4_fusion_gru_tuned_anchor_k5
06340000,5.921093038418995e-05,0.043200503087663614,2,138,flow_freshness_constant_vs_v4_fusion_gru_tuned_anchor_k5
06340520,0.00011252748991201889,0.007123309526582652,1,20,flow_freshness_constant_vs_v4_fusion_gru_tuned_anchor_k5
06340580,-0.0001569122240564278,0.016354287632450313,2,38,flow_freshness_constant_vs_v4_fusion_gru_tuned_anchor_k5
06342200,-1.9069815777256e-05,0.015667472039533434,1,40,flow_freshness_constant_vs_v4_fusion_gru_tuned_anchor_k5
06342230,-0.0008492959131929942,0.007830233040612212,1,24,flow_freshness_constant_vs_v4_fusion_gru_tuned_anchor_k5
06344600,-0.0004073368518295803,0.029022940889986575,2,80,flow_freshness_constant_vs_v4_fusion_gru_tuned_anchor_k5
06349000,-2.079734829525637e-05,0.0043261558680934165,1,18,flow_freshness_constant_vs_v4_fusion_gru_tuned_anchor_k5
06349930,0.00010136715760833581,0.026978947810657208,1,62,flow_freshness_constant_vs_v4_fusion_gru_tuned_anchor_k5
06350000,-5.996477218195023e-05,0.012460570278637229,1,34,flow_freshness_constant_vs_v4_fusion_gru_tuned_anchor_k5
06355310,-0.0019564755256504013,0.05985071578638476,1,67,flow_freshness_constant_vs_v4_fusion_gru_tuned_anchor_k5
06375600,-0.00040150149475076967,0.006946353883082752,1,35,flow_freshness_constant_vs_v4_fusion_gru_tuned_anchor_k5
06378300,-0.000610774827863477,0.024678174689475807,2,32,flow_freshness_constant_vs_v4_fusion_gru_tuned_anchor_k5
06426400,-0.0004508331114879432,0.014030888587616912,1,31,flow_freshness_constant_vs_v4_fusion_gru_tuned_anchor_k5
06436180,-5.3547196160663424e-05,0.0009675987158160206,1,31,flow_freshness_constant_vs_v4_fusion_gru_tuned_anchor_k5
06436198,-0.0004127197090195438,0.00236030309889866,1,30,flow_freshness_constant_vs_v4_fusion_gru_tuned_anchor_k5
06453305,-1.3663257730666213e-05,0.0003665765733433349,1,19,flow_freshness_constant_vs_v4_fusion_gru_tuned_anchor_k5
06463720,-0.0001015627062821024,0.004334912025083747,2,38,flow_freshness_constant_vs_v4_fusion_gru_tuned_anchor_k5
06485500,0.0012007344517071484,0.03496221802156123,2,168,flow_freshness_constant_vs_v4_fusion_gru_tuned_anchor_k5
06607500,-0.00037224002949638475,0.04136064490827831,2,226,flow_freshness_constant_vs_v4_fusion_gru_tuned_anchor_k5
06611100,4.7260347388123447e-05,0.003047678068312405,1,19,flow_freshness_constant_vs_v4_fusion_gru_tuned_anchor_k5
06611200,-0.00010718810775610537,0.005953834703973894,1,19,flow_freshness_constant_vs_v4_fusion_gru_tuned_anchor_k5
06611800,-1.9866162072295332e-05,0.002710877023415438,1,19,flow_freshness_constant_vs_v4_fusion_gru_tuned_anchor_k5
06710200,0.00010077773632713014,0.0020942107922637112,1,5,flow_freshness_constant_vs_v4_fusion_gru_tuned_anchor_k5
06713500,0.00046527157624628757,0.019473398407764665,1,229,flow_freshness_constant_vs_v4_fusion_gru_tuned_anchor_k5
06714000,-0.002147417725589474,0.01758852906990515,1,108,flow_freshness_constant_vs_v4_fusion_gru_tuned_anchor_k5
06720500,-0.0008041981063597579,0.018067293285622718,2,102,flow_freshness_constant_vs_v4_fusion_gru_tuned_anchor_k5
06734900,5.42608351762496e-05,0.001215684580930986,1,27,flow_freshness_constant_vs_v4_fusion_gru_tuned_anchor_k5
06752000,-0.00025356775919997476,0.0018536482130253526,1,24,flow_freshness_constant_vs_v4_fusion_gru_tuned_anchor_k5
06753400,0.00013954520806984676,0.0023985914499218795,1,21,flow_freshness_constant_vs_v4_fusion_gru_tuned_anchor_k5
06759910,0.00014620272425336364,0.002949966645800675,2,50,flow_freshness_constant_vs_v4_fusion_gru_tuned_anchor_k5
06770500,2.742314652673078e-05,0.0034307360593389155,1,17,flow_freshness_constant_vs_v4_fusion_gru_tuned_anchor_k5
06775900,-0.006682817229288884,0.012521965013784551,1,195,flow_freshness_constant_vs_v4_fusion_gru_tuned_anchor_k5
06791150,7.713952190502444e-06,0.007155640157269415,2,30,flow_freshness_constant_vs_v4_fusion_gru_tuned_anchor_k5
06805500,0.0023679999150993713,0.06840018426135275,2,590,flow_freshness_constant_vs_v4_fusion_gru_tuned_anchor_k5
06810000,-1.5887206686105912e-05,0.013480682298004103,1,125,flow_freshness_constant_vs_v4_fusion_gru_tuned_anchor_k5
06818000,-3.11703885181191e-05,0.003908898255419826,1,32,flow_freshness_constant_vs_v4_fusion_gru_tuned_anchor_k5
06879100,-5.490885506076706e-05,0.001868965373639556,1,31,flow_freshness_constant_vs_v4_fusion_gru_tuned_anchor_k5
06879650,-0.00020914670399092402,0.001068047870337991,1,15,flow_freshness_constant_vs_v4_fusion_gru_tuned_anchor_k5
06880800,9.983344644910629e-06,0.007262198365152098,1,38,flow_freshness_constant_vs_v4_fusion_gru_tuned_anchor_k5
06885500,1.5571944504798375e-05,0.005708608793906186,1,30,flow_freshness_constant_vs_v4_fusion_gru_tuned_anchor_k5
06887000,-3.3396061056544223e-05,0.008487393375680365,1,54,flow_freshness_constant_vs_v4_fusion_gru_tuned_anchor_k5
06890900,2.01130551702698e-05,0.001020872529125687,1,27,flow_freshness_constant_vs_v4_fusion_gru_tuned_anchor_k5
06891500,5.795801669237043e-05,0.00401713586446619,2,56,flow_freshness_constant_vs_v4_fusion_gru_tuned_anchor_k5
06893350,-9.58892638723905e-06,0.0014378262602614575,1,12,flow_freshness_constant_vs_v4_fusion_gru_tuned_anchor_k5
06893390,-2.2442272123449025e-05,0.0017890485862127681,1,20,flow_freshness_constant_vs_v4_fusion_gru_tuned_anchor_k5
06893500,-0.00010848237870914845,0.010863673700135867,2,76,flow_freshness_constant_vs_v4_fusion_gru_tuned_anchor_k5
06893562,0.00013397356764563925,0.005055037904968343,1,42,flow_freshness_constant_vs_v4_fusion_gru_tuned_anchor_k5
06893578,-3.747727811255154e-05,0.0021189756209162736,1,31,flow_freshness_constant_vs_v4_fusion_gru_tuned_anchor_k5
06893620,0.00017037908583608023,0.004501498065094869,1,49,flow_freshness_constant_vs_v4_fusion_gru_tuned_anchor_k5
06893940,-8.328157310341273e-05,0.001726027783471049,1,31,flow_freshness_constant_vs_v4_fusion_gru_tuned_anchor_k5
06894000,3.161869375393179e-05,0.002588191151885683,1,44,flow_freshness_constant_vs_v4_fusion_gru_tuned_anchor_k5
06902000,-0.00014615465145671034,0.00434565318699757,1,27,flow_freshness_constant_vs_v4_fusion_gru_tuned_anchor_k5
06923250,-1.6630381959031207e-06,0.0017876459251055196,1,25,flow_freshness_constant_vs_v4_fusion_gru_tuned_anchor_k5
06926510,2.4017386894161576e-05,0.0018386485932247094,1,19,flow_freshness_constant_vs_v4_fusion_gru_tuned_anchor_k5
07022000,6.16584869305587e-05,0.020354953534502156,1,305,flow_freshness_constant_vs_v4_fusion_gru_tuned_anchor_k5
07048600,7.825384209309862e-05,0.012604107117706835,1,147,flow_freshness_constant_vs_v4_fusion_gru_tuned_anchor_k5
07048800,-0.0001597951425723335,0.014273078120218672,1,115,flow_freshness_constant_vs_v4_fusion_gru_tuned_anchor_k5
07049000,0.0005184227115859262,0.026210118721261097,2,248,flow_freshness_constant_vs_v4_fusion_gru_tuned_anchor_k5
07050500,-4.802843524181993e-05,0.0012871964416480955,1,24,flow_freshness_constant_vs_v4_fusion_gru_tuned_anchor_k5
07055893,3.800326631592197e-05,0.0010707111480332905,1,19,flow_freshness_constant_vs_v4_fusion_gru_tuned_anchor_k5
07056000,0.00022085452722134667,0.020288916923515924,2,180,flow_freshness_constant_vs_v4_fusion_gru_tuned_anchor_k5
07056515,-4.898985668981262e-06,0.005298976492811165,1,55,flow_freshness_constant_vs_v4_fusion_gru_tuned_anchor_k5
07060710,-0.0033923719678704022,0.004557160118060704,1,177,flow_freshness_constant_vs_v4_fusion_gru_tuned_anchor_k5
07061600,-0.00010659084657344367,0.0008188459346071855,1,31,flow_freshness_constant_vs_v4_fusion_gru_tuned_anchor_k5
07077500,-0.00019050016962095492,0.006212210625308185,1,25,flow_freshness_constant_vs_v4_fusion_gru_tuned_anchor_k5
07077555,-7.458554067108431e-05,0.00590918504606711,1,41,flow_freshness_constant_vs_v4_fusion_gru_tuned_anchor_k5
07077800,-0.0001257201761833127,0.0018675062316747244,1,15,flow_freshness_constant_vs_v4_fusion_gru_tuned_anchor_k5
07097000,-0.00012052586103429499,0.0010631058891383811,1,11,flow_freshness_constant_vs_v4_fusion_gru_tuned_anchor_k5
07099200,2.7926368739754896e-05,0.006122507216773621,1,115,flow_freshness_constant_vs_v4_fusion_gru_tuned_anchor_k5
07099400,0.000938771695212204,0.012868711157302478,2,232,flow_freshness_constant_vs_v4_fusion_gru_tuned_anchor_k5
07143672,-0.00033261838261662113,0.03663389381988626,2,202,flow_freshness_constant_vs_v4_fusion_gru_tuned_anchor_k5
07231975,8.722142377770575e-05,0.0018892017636758073,1,11,flow_freshness_constant_vs_v4_fusion_gru_tuned_anchor_k5
07373420,-0.001030140658845319,0.009278437747857571,1,315,flow_freshness_constant_vs_v4_fusion_gru_tuned_anchor_k5
394340085524601,0.0003880134797580215,0.02159298522227593,1,244,flow_freshness_constant_vs_v4_fusion_gru_tuned_anchor_k5
401723105400000,-0.0027379655024245293,0.005201524752579267,1,265,flow_freshness_constant_vs_v4_fusion_gru_tuned_anchor_k5
03016000,4.6334988525184635e-05,0.0009873443224161322,1,29,flow_freshness_constant_vs_v4_fusion_tree_episodic_k5
03030852,5.117430421988772e-05,0.0027429910241752436,1,30,flow_freshness_constant_vs_v4_fusion_tree_episodic_k5
03037525,-0.00011389514047996981,0.001367775984183328,1,25,flow_freshness_constant_vs_v4_fusion_tree_episodic_k5
03039420,-4.497836158107173e-06,0.0009038590620822671,1,20,flow_freshness_constant_vs_v4_fusion_tree_episodic_k5
03049625,7.15642768267283e-05,0.0038158436456409857,1,43,flow_freshness_constant_vs_v4_fusion_tree_episodic_k5
03075001,0.00038352808047482836,0.005590618686936762,2,134,flow_freshness_constant_vs_v4_fusion_tree_episodic_k5
03083500,-1.4334165005487411e-05,0.0023229796520071806,1,100,flow_freshness_constant_vs_v4_fusion_tree_episodic_k5
03085000,-2.2363893658842456e-05,0.0040312577572065135,1,122,flow_freshness_constant_vs_v4_fusion_tree_episodic_k5
03104500,-0.00013611729159493884,0.004621226565214844,2,68,flow_freshness_constant_vs_v4_fusion_tree_episodic_k5
03110983,-1.5238817183459068e-05,0.007368480603372787,2,56,flow_freshness_constant_vs_v4_fusion_tree_episodic_k5
03127970,2.6405263510899294e-05,0.008324514027828864,2,58,flow_freshness_constant_vs_v4_fusion_tree_episodic_k5
03144270,0.00022317671277206222,0.0029555993758443107,1,26,flow_freshness_constant_vs_v4_fusion_tree_episodic_k5
03144289,0.0006406080229342816,0.011191929980913555,3,78,flow_freshness_constant_vs_v4_fusion_tree_episodic_k5
03201660,0.00010176922021885205,0.002245228464187049,1,20,flow_freshness_constant_vs_v4_fusion_tree_episodic_k5
03201700,9.613488519401861e-06,0.0040380824507725895,1,37,flow_freshness_constant_vs_v4_fusion_tree_episodic_k5
03207962,-0.00011919617739352209,0.0012964167766333224,1,16,flow_freshness_constant_vs_v4_fusion_tree_episodic_k5
03212500,0.00019460788150479246,0.0022089088743647073,1,20,flow_freshness_constant_vs_v4_fusion_tree_episodic_k5
03216600,-0.0006878012829581408,0.007850088917547323,1,115,flow_freshness_constant_vs_v4_fusion_tree_episodic_k5
03245500,2.853535584342347e-05,0.003345455957628449,1,33,flow_freshness_constant_vs_v4_fusion_tree_episodic_k5
03281500,-4.936130216923855e-06,0.001520361367946045,1,31,flow_freshness_constant_vs_v4_fusion_tree_episodic_k5
03290500,1.2414737512477831e-05,0.0047462219874382155,1,53,flow_freshness_constant_vs_v4_fusion_tree_episodic_k5
03303280,0.00558785811620939,0.024894357627638312,1,294,flow_freshness_constant_vs_v4_fusion_tree_episodic_k5
03339000,-2.9431202340187096e-05,0.00042392137671105526,1,10,flow_freshness_constant_vs_v4_fusion_tree_episodic_k5
03353551,1.955666664725707e-05,0.0065880026497560406,1,21,flow_freshness_constant_vs_v4_fusion_tree_episodic_k5
03353630,6.861757660744629e-06,0.003937389562330621,2,42,flow_freshness_constant_vs_v4_fusion_tree_episodic_k5
03354000,-2.7525990062643033e-05,0.0017139346670731455,1,32,flow_freshness_constant_vs_v4_fusion_tree_episodic_k5
03357330,6.850790092856939e-05,0.003380334919780825,2,54,flow_freshness_constant_vs_v4_fusion_tree_episodic_k5
03373530,-8.131598539776018e-06,0.0033999882369226296,1,22,flow_freshness_constant_vs_v4_fusion_tree_episodic_k5
03378500,-0.0001308152304156317,0.013147725644241224,1,285,flow_freshness_constant_vs_v4_fusion_tree_episodic_k5
03438500,-8.882622834569648e-05,0.0010184724485774693,2,60,flow_freshness_constant_vs_v4_fusion_tree_episodic_k5
03459500,-0.000574636578585651,0.00463554959606143,1,14,flow_freshness_constant_vs_v4_fusion_tree_episodic_k5
03460000,0.0011749798815260174,0.016864358959213253,1,67,flow_freshness_constant_vs_v4_fusion_tree_episodic_k5
03466208,2.928013778807033e-06,0.0026840027112273275,1,34,flow_freshness_constant_vs_v4_fusion_tree_episodic_k5
03497300,-0.001551571279750044,0.019950184798159534,3,585,flow_freshness_constant_vs_v4_fusion_tree_episodic_k5
03524550,-7.360481623799912e-05,0.002309349231619505,1,19,flow_freshness_constant_vs_v4_fusion_tree_episodic_k5
03612500,4.369934535470194e-05,0.008256600786691852,1,197,flow_freshness_constant_vs_v4_fusion_tree_episodic_k5
03612600,-0.0005662739832349732,0.002485443894138383,1,106,flow_freshness_constant_vs_v4_fusion_tree_episodic_k5
05276005,-8.31929991468071e-06,0.0022300710113509737,1,22,flow_freshness_constant_vs_v4_fusion_tree_episodic_k5
05288705,0.0046910890523563275,0.0253008300837101,1,200,flow_freshness_constant_vs_v4_fusion_tree_episodic_k5
05320270,-0.0007438122424216004,0.005960388597461292,1,34,flow_freshness_constant_vs_v4_fusion_tree_episodic_k5
05322000,-0.00020521146156606373,0.00351640179032619,1,33,flow_freshness_constant_vs_v4_fusion_tree_episodic_k5
05325000,-2.448827070199676e-05,0.00023210431807441662,1,2,flow_freshness_constant_vs_v4_fusion_tree_episodic_k5
05325050,-6.951161303261577e-05,0.0008535326356592591,2,14,flow_freshness_constant_vs_v4_fusion_tree_episodic_k5
05331833,1.5600079022248207e-05,0.0032968450686159433,1,24,flow_freshness_constant_vs_v4_fusion_tree_episodic_k5
05333500,3.11584867105817e-05,0.013840345776704665,1,62,flow_freshness_constant_vs_v4_fusion_tree_episodic_k5
05355250,-1.466682579084161e-06,0.0018621542181802505,1,29,flow_freshness_constant_vs_v4_fusion_tree_episodic_k5
05357206,-7.580176231062932e-05,0.008936661695043256,1,89,flow_freshness_constant_vs_v4_fusion_tree_episodic_k5
05357215,-0.0012257688247952476,0.006150606931259847,1,121,flow_freshness_constant_vs_v4_fusion_tree_episodic_k5
05357245,0.00019330483495062732,0.007073011734390569,1,114,flow_freshness_constant_vs_v4_fusion_tree_episodic_k5
05412500,0.0007068921091345375,0.012708450185441762,1,113,flow_freshness_constant_vs_v4_fusion_tree_episodic_k5
05418600,0.00013187759919518988,0.009453244255522002,1,113,flow_freshness_constant_vs_v4_fusion_tree_episodic_k5
05420500,-0.000869830667113749,0.03171789783014681,1,291,flow_freshness_constant_vs_v4_fusion_tree_episodic_k5
05422000,-0.00043227419733768424,0.01080593444435,1,145,flow_freshness_constant_vs_v4_fusion_tree_episodic_k5
05427948,4.8796327402431634e-05,0.003947670840087399,1,20,flow_freshness_constant_vs_v4_fusion_tree_episodic_k5
05427952,3.300999252656084e-05,0.005343366566132076,1,21,flow_freshness_constant_vs_v4_fusion_tree_episodic_k5
05451070,7.32384143453405e-05,0.0015037720091172241,1,15,flow_freshness_constant_vs_v4_fusion_tree_episodic_k5
05455100,-2.3649604532008037e-05,0.003974433730861208,1,26,flow_freshness_constant_vs_v4_fusion_tree_episodic_k5
05461390,0.00040551250711899693,0.006841769013946769,1,26,flow_freshness_constant_vs_v4_fusion_tree_episodic_k5
05463050,-9.699360249393168e-05,0.0020377081553481008,1,17,flow_freshness_constant_vs_v4_fusion_tree_episodic_k5
05464220,-1.8019395150199133e-05,0.0111010423050239,2,72,flow_freshness_constant_vs_v4_fusion_tree_episodic_k5
05464760,-3.038339439675527e-05,0.001571269770330047,1,15,flow_freshness_constant_vs_v4_fusion_tree_episodic_k5
05465500,-6.023146953803961e-05,0.023146688571447315,1,286,flow_freshness_constant_vs_v4_fusion_tree_episodic_k5
05531500,-0.00023853384434353885,0.010998562993875674,2,28,flow_freshness_constant_vs_v4_fusion_tree_episodic_k5
05538020,3.563726640016537e-06,0.00030509588944599057,1,9,flow_freshness_constant_vs_v4_fusion_tree_episodic_k5
05540500,9.471033197936462e-05,0.006695311103688268,2,70,flow_freshness_constant_vs_v4_fusion_tree_episodic_k5
05543500,0.00014545780703869514,0.004479862966003362,1,53,flow_freshness_constant_vs_v4_fusion_tree_episodic_k5
05552500,-3.107002224090354e-05,0.002775507410714637,1,40,flow_freshness_constant_vs_v4_fusion_tree_episodic_k5
05553700,2.3284432903886315e-05,0.0019946807170860325,2,60,flow_freshness_constant_vs_v4_fusion_tree_episodic_k5
05587455,5.1005703165304036e-05,0.02393404601256103,1,298,flow_freshness_constant_vs_v4_fusion_tree_episodic_k5
06126470,-0.0001433295241701896,0.0037983035679569764,1,17,flow_freshness_constant_vs_v4_fusion_tree_episodic_k5
06177825,6.679959191712288e-05,0.0047608571371145795,1,20,flow_freshness_constant_vs_v4_fusion_tree_episodic_k5
06183450,3.210266720046279e-06,0.007211776047575045,1,17,flow_freshness_constant_vs_v4_fusion_tree_episodic_k5
06208500,1.0445119675600406e-06,0.0012097031894920036,1,28,flow_freshness_constant_vs_v4_fusion_tree_episodic_k5
06214500,-0.0007134483551355831,0.002940540646690454,1,44,flow_freshness_constant_vs_v4_fusion_tree_episodic_k5
06279500,3.3140260047926265e-05,0.00259826947262929,2,66,flow_freshness_constant_vs_v4_fusion_tree_episodic_k5
06294940,-7.31258435434543e-05,0.004961400424132753,1,15,flow_freshness_constant_vs_v4_fusion_tree_episodic_k5
06294980,-0.0005556875615101162,0.005599543910046233,1,20,flow_freshness_constant_vs_v4_fusion_tree_episodic_k5
06295000,0.00011659877502920046,0.007319476100269753,1,61,flow_freshness_constant_vs_v4_fusion_tree_episodic_k5
06296120,-3.439145064843016e-05,0.005364686990380045,1,36,flow_freshness_constant_vs_v4_fusion_tree_episodic_k5
06306100,-0.00034662625413976213,0.0035163521302565195,1,21,flow_freshness_constant_vs_v4_fusion_tree_episodic_k5
06306300,7.287132103117899e-05,0.006093433580979672,1,56,flow_freshness_constant_vs_v4_fusion_tree_episodic_k5
06307500,2.317829417704637e-06,0.010005975471470769,1,65,flow_freshness_constant_vs_v4_fusion_tree_episodic_k5
06307600,-8.537095602439088e-05,0.005241041887919909,1,27,flow_freshness_constant_vs_v4_fusion_tree_episodic_k5
06307665,1.7823130559298028e-05,0.006006613056180545,1,19,flow_freshness_constant_vs_v4_fusion_tree_episodic_k5
06313500,4.095221009440426e-05,0.027977813323473554,2,78,flow_freshness_constant_vs_v4_fusion_tree_episodic_k5
06324500,0.00020584007803320763,0.00780441568392749,1,84,flow_freshness_constant_vs_v4_fusion_tree_episodic_k5
06324925,3.6727870273311317e-06,0.020983960873433113,2,58,flow_freshness_constant_vs_v4_fusion_tree_episodic_k5
06324970,-0.0003861836318660213,0.031219813115468294,2,138,flow_freshness_constant_vs_v4_fusion_tree_episodic_k5
06326600,-0.00039912217241823574,0.044243186736428464,3,114,flow_freshness_constant_vs_v4_fusion_tree_episodic_k5
06330000,-0.00011246292581362201,0.025063122074726742,1,75,flow_freshness_constant_vs_v4_fusion_tree_episodic_k5
06332515,1.5445159458621666e-05,0.007882506241888864,1,20,flow_freshness_constant_vs_v4_fusion_tree_episodic_k5
06332770,-2.743030569522984e-05,0.0027810497424623874,1,16,flow_freshness_constant_vs_v4_fusion_tree_episodic_k5
06336500,-0.0004220023277717548,0.005970331191464103,1,21,flow_freshness_constant_vs_v4_fusion_tree_episodic_k5
06337000,-0.0001377144249426471,0.012716790808822136,2,48,flow_freshness_constant_vs_v4_fusion_tree_episodic_k5
06339550,0.0004066365958206767,0.010860189840825952,1,38,flow_freshness_constant_vs_v4_fusion_tree_episodic_k5
06339800,-0.00017067789495771703,0.031825802003857526,2,64,flow_freshness_constant_vs_v4_fusion_tree_episodic_k5
06339900,0.00018871527511836223,0.013064070143996227,1,34,flow_freshness_constant_vs_v4_fusion_tree_episodic_k5
06340000,0.00024027855501522962,0.04338157071229465,2,138,flow_freshness_constant_vs_v4_fusion_tree_episodic_k5
06340520,-1.3132880231314955e-05,0.006997649156439319,1,20,flow_freshness_constant_vs_v4_fusion_tree_episodic_k5
06340580,-0.0009511957830485377,0.015560004073458204,2,38,flow_freshness_constant_vs_v4_fusion_tree_episodic_k5
06342200,-6.265610292176802e-05,0.01562388575238892,1,40,flow_freshness_constant_vs_v4_fusion_tree_episodic_k5
06342230,-5.128457163206053e-05,0.008628244382173146,1,24,flow_freshness_constant_vs_v4_fusion_tree_episodic_k5
06344600,-0.0001513443940028325,0.029278933347813327,2,80,flow_freshness_constant_vs_v4_fusion_tree_episodic_k5
06349000,-4.217744224153052e-05,0.0043047757741471425,1,18,flow_freshness_constant_vs_v4_fusion_tree_episodic_k5
06349930,7.298447201175183e-05,0.026950565125060624,1,62,flow_freshness_constant_vs_v4_fusion_tree_episodic_k5
06350000,-1.638486465351845e-05,0.01250415018616566,1,34,flow_freshness_constant_vs_v4_fusion_tree_episodic_k5
06355310,-0.00017519423865729512,0.06163199707337787,1,67,flow_freshness_constant_vs_v4_fusion_tree_episodic_k5
06375600,-0.00029964915881511555,0.007048206219018406,1,35,flow_freshness_constant_vs_v4_fusion_tree_episodic_k5
06378300,-0.0007333605510073996,0.02455558896633188,2,32,flow_freshness_constant_vs_v4_fusion_tree_episodic_k5
06426400,-0.00011998372968789033,0.014361737969416965,1,31,flow_freshness_constant_vs_v4_fusion_tree_episodic_k5
06436180,-7.058063494160876e-05,0.0009505652770350753,1,31,flow_freshness_constant_vs_v4_fusion_tree_episodic_k5
06436198,-2.8983806914033513e-05,0.00274403900100417,1,30,flow_freshness_constant_vs_v4_fusion_tree_episodic_k5
06453305,-9.076655233594984e-06,0.00037116317584040613,1,19,flow_freshness_constant_vs_v4_fusion_tree_episodic_k5
06463720,-0.00015575470198698238,0.004280720029378867,2,38,flow_freshness_constant_vs_v4_fusion_tree_episodic_k5
06485500,0.0010635579281412333,0.03482504149799531,2,168,flow_freshness_constant_vs_v4_fusion_tree_episodic_k5
06607500,0.0003089004201931784,0.042041785357967876,2,226,flow_freshness_constant_vs_v4_fusion_tree_episodic_k5
06611100,2.0780756868341236e-05,0.0030211984777926233,1,19,flow_freshness_constant_vs_v4_fusion_tree_episodic_k5
06611200,-7.049245057449102e-05,0.005990530361155508,1,19,flow_freshness_constant_vs_v4_fusion_tree_episodic_k5
06611800,-1.3592155753792979e-06,0.002729383969912354,1,19,flow_freshness_constant_vs_v4_fusion_tree_episodic_k5
06710200,0.00010084321637480544,0.002094276272311386,1,5,flow_freshness_constant_vs_v4_fusion_tree_episodic_k5
06713500,0.0005705857203344134,0.019578712551852794,1,229,flow_freshness_constant_vs_v4_fusion_tree_episodic_k5
06714000,-0.00018171052327122184,0.019554236272223403,1,108,flow_freshness_constant_vs_v4_fusion_tree_episodic_k5
06720500,-0.0015234735515528956,0.01734801784042958,2,102,flow_freshness_constant_vs_v4_fusion_tree_episodic_k5
06734900,5.601404204486765e-05,0.0012174377877996038,1,27,flow_freshness_constant_vs_v4_fusion_tree_episodic_k5
06752000,9.82449434291058e-06,0.002117040466568238,1,24,flow_freshness_constant_vs_v4_fusion_tree_episodic_k5
06753400,0.00013394288947494358,0.002392989131326976,1,21,flow_freshness_constant_vs_v4_fusion_tree_episodic_k5
06759910,0.00019455526509344975,0.002998319186640761,2,50,flow_freshness_constant_vs_v4_fusion_tree_episodic_k5
06770500,3.583301372416061e-05,0.0034391459265363453,1,17,flow_freshness_constant_vs_v4_fusion_tree_episodic_k5
06775900,-0.007659755683794101,0.011545026559279333,1,195,flow_freshness_constant_vs_v4_fusion_tree_episodic_k5
06791150,-1.7302605211524344e-05,0.0071306235998673875,2,30,flow_freshness_constant_vs_v4_fusion_tree_episodic_k5
06805500,-0.0009560338646004238,0.06507615048165295,2,590,flow_freshness_constant_vs_v4_fusion_tree_episodic_k5
06810000,2.9493196211063266e-06,0.013499518824311316,1,125,flow_freshness_constant_vs_v4_fusion_tree_episodic_k5
06818000,-1.4923923992347074e-05,0.003925144719945598,1,32,flow_freshness_constant_vs_v4_fusion_tree_episodic_k5
06879100,-6.049480680967403e-05,0.0018633794218906488,1,31,flow_freshness_constant_vs_v4_fusion_tree_episodic_k5
06879650,-0.00020639921223162614,0.001070795362097289,1,15,flow_freshness_constant_vs_v4_fusion_tree_episodic_k5
06880800,-7.581821274874143e-05,0.007176396807758446,1,38,flow_freshness_constant_vs_v4_fusion_tree_episodic_k5
06885500,1.9678118741038358e-05,0.005712714968142426,1,30,flow_freshness_constant_vs_v4_fusion_tree_episodic_k5
06887000,-2.3120128683055553e-05,0.008497669308053853,1,54,flow_freshness_constant_vs_v4_fusion_tree_episodic_k5
06890900,1.7647378596033335e-06,0.0010025242118150205,1,27,flow_freshness_constant_vs_v4_fusion_tree_episodic_k5
06891500,6.688299840886508e-05,0.004026060846182685,2,56,flow_freshness_constant_vs_v4_fusion_tree_episodic_k5
06893350,1.0163407990492937e-06,0.0014484315274477459,1,12,flow_freshness_constant_vs_v4_fusion_tree_episodic_k5
06893390,0.00013737869068897933,0.0019488695490251966,1,20,flow_freshness_constant_vs_v4_fusion_tree_episodic_k5
06893500,-5.066590666473496e-05,0.01092149017218028,2,76,flow_freshness_constant_vs_v4_fusion_tree_episodic_k5
06893562,0.00014304666565193402,0.005064111002974638,1,42,flow_freshness_constant_vs_v4_fusion_tree_episodic_k5
06893578,-3.4792109434659004e-06,0.0021529736880853594,1,31,flow_freshness_constant_vs_v4_fusion_tree_episodic_k5
06893620,0.0002188137226881194,0.004549932701946908,1,49,flow_freshness_constant_vs_v4_fusion_tree_episodic_k5
06893940,-8.26499122346533e-05,0.0017266594443398084,1,31,flow_freshness_constant_vs_v4_fusion_tree_episodic_k5
06894000,-9.85032679139116e-06,0.0025467221313403596,1,44,flow_freshness_constant_vs_v4_fusion_tree_episodic_k5
06902000,-0.0003113487841148349,0.0041804590543394445,1,27,flow_freshness_constant_vs_v4_fusion_tree_episodic_k5
06923250,-9.627479119113183e-06,0.0017796814841823095,1,25,flow_freshness_constant_vs_v4_fusion_tree_episodic_k5
06926510,2.6800412660454192e-05,0.0018414316189910018,1,19,flow_freshness_constant_vs_v4_fusion_tree_episodic_k5
07022000,-9.092697722734358e-05,0.020202368070344257,1,305,flow_freshness_constant_vs_v4_fusion_tree_episodic_k5
07048600,7.59147223855292e-05,0.012601767997999266,1,147,flow_freshness_constant_vs_v4_fusion_tree_episodic_k5
07048800,-0.00016475894839464755,0.014268114314396358,1,115,flow_freshness_constant_vs_v4_fusion_tree_episodic_k5
07049000,0.000267634643618413,0.025959330653293585,2,248,flow_freshness_constant_vs_v4_fusion_tree_episodic_k5
07050500,-4.295618317897038e-05,0.0012922686937109453,1,24,flow_freshness_constant_vs_v4_fusion_tree_episodic_k5
07055893,1.7217025003233443e-05,0.0010499249067206019,1,19,flow_freshness_constant_vs_v4_fusion_tree_episodic_k5
07056000,0.0002139310080775739,0.020281993404372152,2,180,flow_freshness_constant_vs_v4_fusion_tree_episodic_k5
07056515,1.5731046656357904e-05,0.005319606525136504,1,55,flow_freshness_constant_vs_v4_fusion_tree_episodic_k5
07060710,-0.003400754073836802,0.004548778012094305,1,177,flow_freshness_constant_vs_v4_fusion_tree_episodic_k5
07061600,-0.00010390602084830082,0.0008215307603323284,1,31,flow_freshness_constant_vs_v4_fusion_tree_episodic_k5
07077500,-0.00020623227893820602,0.006196478515990933,1,25,flow_freshness_constant_vs_v4_fusion_tree_episodic_k5
07077555,1.971503359595772e-05,0.006003485620334152,1,41,flow_freshness_constant_vs_v4_fusion_tree_episodic_k5
07077800,-0.00010254187863134335,0.0018906845292266938,1,15,flow_freshness_constant_vs_v4_fusion_tree_episodic_k5
07097000,-4.972201534773888e-05,0.0011339097348249372,1,11,flow_freshness_constant_vs_v4_fusion_tree_episodic_k5
07099200,-5.951031459009596e-05,0.006035070533443769,1,115,flow_freshness_constant_vs_v4_fusion_tree_episodic_k5
07099400,0.0011254149682169803,0.013055354430307253,2,232,flow_freshness_constant_vs_v4_fusion_tree_episodic_k5
07143672,-0.0007330953368852873,0.036233416865617596,2,202,flow_freshness_constant_vs_v4_fusion_tree_episodic_k5
07231975,5.4553987842088976e-05,0.0018565343277401906,1,11,flow_freshness_constant_vs_v4_fusion_tree_episodic_k5
07373420,-0.0009657935847919576,0.009342784821910931,1,315,flow_freshness_constant_vs_v4_fusion_tree_episodic_k5
394340085524601,0.0007488784864745194,0.021953850228992426,1,244,flow_freshness_constant_vs_v4_fusion_tree_episodic_k5
401723105400000,-0.0027716376065122427,0.0051678526484915535,1,265,flow_freshness_constant_vs_v4_fusion_tree_episodic_k5
03016000,4.6495531172757256e-05,0.0009923628698575119,1,29,flow_values_constant_vs_v4_fusion_gru_tuned_anchor_k5
03030852,7.889539993843665e-05,0.002720643235423543,1,30,flow_values_constant_vs_v4_fusion_gru_tuned_anchor_k5
03037525,-0.00018626639288632038,0.0013538020074852675,1,25,flow_values_constant_vs_v4_fusion_gru_tuned_anchor_k5
03039420,-8.918132130330335e-06,0.0008977249130982909,1,20,flow_values_constant_vs_v4_fusion_gru_tuned_anchor_k5
03049625,2.5042610357034088e-05,0.0038005862676938535,1,43,flow_values_constant_vs_v4_fusion_gru_tuned_anchor_k5
03075001,0.00029516542044415146,0.005515173530167221,2,134,flow_values_constant_vs_v4_fusion_gru_tuned_anchor_k5
03083500,2.1092381140820064e-05,0.0023470501352315155,1,100,flow_values_constant_vs_v4_fusion_gru_tuned_anchor_k5
03085000,5.039662817767425e-06,0.004064744207552564,1,122,flow_values_constant_vs_v4_fusion_gru_tuned_anchor_k5
03104500,-0.0001859902865212454,0.004589567804175778,2,68,flow_values_constant_vs_v4_fusion_gru_tuned_anchor_k5
03110983,0.0003033380625522066,0.007642537240393039,2,56,flow_values_constant_vs_v4_fusion_gru_tuned_anchor_k5
03127970,0.00018578577486872205,0.00842551363071578,2,58,flow_values_constant_vs_v4_fusion_gru_tuned_anchor_k5
03144270,0.00012531526268787986,0.0028278215092784327,1,26,flow_values_constant_vs_v4_fusion_gru_tuned_anchor_k5
03144289,0.0007894801677111435,0.011053537190544378,3,78,flow_values_constant_vs_v4_fusion_gru_tuned_anchor_k5
03201660,0.00011287244088471968,0.002235730680318513,1,20,flow_values_constant_vs_v4_fusion_gru_tuned_anchor_k5
03201700,4.332499002930187e-05,0.004060577592186161,1,37,flow_values_constant_vs_v4_fusion_gru_tuned_anchor_k5
03207962,-3.953219636078189e-05,0.0013665305546844066,1,16,flow_values_constant_vs_v4_fusion_gru_tuned_anchor_k5
03212500,0.0001790387564432509,0.002161657057308631,1,20,flow_values_constant_vs_v4_fusion_gru_tuned_anchor_k5
03216600,-0.00023593867780272377,0.008150959539691614,1,115,flow_values_constant_vs_v4_fusion_gru_tuned_anchor_k5
03245500,5.626053732828267e-05,0.003363301124502311,1,33,flow_values_constant_vs_v4_fusion_gru_tuned_anchor_k5
03281500,-3.5763190302955146e-05,0.0015058701610822325,1,31,flow_values_constant_vs_v4_fusion_gru_tuned_anchor_k5
03290500,-0.00011917909804880587,0.004643370790941694,1,53,flow_values_constant_vs_v4_fusion_gru_tuned_anchor_k5
03303280,0.007492998526811719,0.024477439374957517,1,294,flow_values_constant_vs_v4_fusion_gru_tuned_anchor_k5
03339000,-4.1862038968424326e-05,0.0004182052765319609,1,10,flow_values_constant_vs_v4_fusion_gru_tuned_anchor_k5
03353551,-4.530418921116288e-06,0.006603132201631915,1,21,flow_values_constant_vs_v4_fusion_gru_tuned_anchor_k5
03353630,2.889308607656507e-05,0.003958346181343587,2,42,flow_values_constant_vs_v4_fusion_gru_tuned_anchor_k5
03354000,-0.00017375143294244907,0.00170258691351183,1,32,flow_values_constant_vs_v4_fusion_gru_tuned_anchor_k5
03357330,0.00013098149153011198,0.0034238066040807964,2,54,flow_values_constant_vs_v4_fusion_gru_tuned_anchor_k5
03373530,8.891853132124335e-05,0.0034739459991722597,1,22,flow_values_constant_vs_v4_fusion_gru_tuned_anchor_k5
03378500,0.00011551955966392049,0.013249110998191333,1,285,flow_values_constant_vs_v4_fusion_gru_tuned_anchor_k5
03438500,-3.7561143767159475e-05,0.001054596618380629,2,60,flow_values_constant_vs_v4_fusion_gru_tuned_anchor_k5
03459500,-0.000978793256368807,0.004548852404407303,1,14,flow_values_constant_vs_v4_fusion_gru_tuned_anchor_k5
03460000,0.0010752576729914395,0.017157896372475483,1,67,flow_values_constant_vs_v4_fusion_gru_tuned_anchor_k5
03466208,3.597155673728484e-05,0.0027391106360790734,1,34,flow_values_constant_vs_v4_fusion_gru_tuned_anchor_k5
03497300,-0.0019259791488969243,0.019785012869122497,3,585,flow_values_constant_vs_v4_fusion_gru_tuned_anchor_k5
03524550,-0.00018252191181326432,0.0023053883350942555,1,19,flow_values_constant_vs_v4_fusion_gru_tuned_anchor_k5
03612500,-1.0349424867415376e-05,0.008202652029202024,1,197,flow_values_constant_vs_v4_fusion_gru_tuned_anchor_k5
03612600,-0.0004871568460505558,0.0026242758696350013,1,106,flow_values_constant_vs_v4_fusion_gru_tuned_anchor_k5
05276005,0.0001344344711750907,0.002199220082952861,1,22,flow_values_constant_vs_v4_fusion_gru_tuned_anchor_k5
05288705,0.005038711479962652,0.024305590235795916,1,200,flow_values_constant_vs_v4_fusion_gru_tuned_anchor_k5
05320270,-0.0003681719502825344,0.006371215265659076,1,34,flow_values_constant_vs_v4_fusion_gru_tuned_anchor_k5
05322000,-0.00017214675670814168,0.0035237842536539003,1,33,flow_values_constant_vs_v4_fusion_gru_tuned_anchor_k5
05325000,-4.8062376409330654e-05,0.0002254227629314405,1,2,flow_values_constant_vs_v4_fusion_gru_tuned_anchor_k5
05325050,-8.993993492741762e-05,0.0008621836160901371,2,14,flow_values_constant_vs_v4_fusion_gru_tuned_anchor_k5
05331833,-6.596287404430245e-06,0.0032729898509913247,1,24,flow_values_constant_vs_v4_fusion_gru_tuned_anchor_k5
05333500,2.794592813849657e-05,0.01381290698544106,1,62,flow_values_constant_vs_v4_fusion_gru_tuned_anchor_k5
05355250,-3.057301766871921e-05,0.0018334982504554392,1,29,flow_values_constant_vs_v4_fusion_gru_tuned_anchor_k5
05357206,7.722440371613446e-06,0.00898461541930043,1,89,flow_values_constant_vs_v4_fusion_gru_tuned_anchor_k5
05357215,-0.0016954471074326193,0.006003926632564837,1,121,flow_values_constant_vs_v4_fusion_gru_tuned_anchor_k5
05357245,0.0004904931805618345,0.007208497868111981,1,114,flow_values_constant_vs_v4_fusion_gru_tuned_anchor_k5
05412500,0.0008948179721106047,0.012134947078222253,1,113,flow_values_constant_vs_v4_fusion_gru_tuned_anchor_k5
05418600,8.267088174621877e-05,0.009447261319499002,1,113,flow_values_constant_vs_v4_fusion_gru_tuned_anchor_k5
05420500,-0.0008087740515153464,0.031920940314169824,1,291,flow_values_constant_vs_v4_fusion_gru_tuned_anchor_k5
05422000,-0.00040447581178360475,0.011120030726276734,1,145,flow_values_constant_vs_v4_fusion_gru_tuned_anchor_k5
05427948,0.00022766873307563613,0.0040048247252280214,1,20,flow_values_constant_vs_v4_fusion_gru_tuned_anchor_k5
05427952,7.007995968475607e-05,0.005380451620975526,1,21,flow_values_constant_vs_v4_fusion_gru_tuned_anchor_k5
05451070,4.831602686950005e-05,0.001534638305861311,1,15,flow_values_constant_vs_v4_fusion_gru_tuned_anchor_k5
05455100,-2.6634876923387878e-05,0.003966172214728688,1,26,flow_values_constant_vs_v4_fusion_gru_tuned_anchor_k5
05461390,0.00043664648789773735,0.006600570417809863,1,26,flow_values_constant_vs_v4_fusion_gru_tuned_anchor_k5
05463050,-0.0001773071328647416,0.0019965397120165194,1,17,flow_values_constant_vs_v4_fusion_gru_tuned_anchor_k5
05464220,1.892448718098203e-05,0.0111182772680967,2,72,flow_values_constant_vs_v4_fusion_gru_tuned_anchor_k5
05464760,-0.00013857952511416578,0.0014630102832916868,1,15,flow_values_constant_vs_v4_fusion_gru_tuned_anchor_k5
05465500,-0.00013591047904942553,0.022972080007839988,1,286,flow_values_constant_vs_v4_fusion_gru_tuned_anchor_k5
05531500,-0.0002921146896813359,0.010968887119009556,2,28,flow_values_constant_vs_v4_fusion_gru_tuned_anchor_k5
05538020,-1.6490658637581225e-05,0.00029891159412812735,1,9,flow_values_constant_vs_v4_fusion_gru_tuned_anchor_k5
05540500,-1.4535285812389959e-05,0.006787046111151706,2,70,flow_values_constant_vs_v4_fusion_gru_tuned_anchor_k5
05543500,0.00021452181708520962,0.0045972312826128205,1,53,flow_values_constant_vs_v4_fusion_gru_tuned_anchor_k5
05552500,-5.3877425904582705e-05,0.0027720154558281175,1,40,flow_values_constant_vs_v4_fusion_gru_tuned_anchor_k5
05553700,3.0469080587210942e-05,0.0019865335404068334,2,60,flow_values_constant_vs_v4_fusion_gru_tuned_anchor_k5
05587455,0.0001716564785892843,0.024054669431273646,1,298,flow_values_constant_vs_v4_fusion_gru_tuned_anchor_k5
06126470,-3.9884944323600395e-05,0.0039060787308433076,1,17,flow_values_constant_vs_v4_fusion_gru_tuned_anchor_k5
06177825,-4.4407457071871864e-05,0.004778776638854887,1,20,flow_values_constant_vs_v4_fusion_gru_tuned_anchor_k5
06183450,-0.00024145091359989042,0.0069860384627914805,1,17,flow_values_constant_vs_v4_fusion_gru_tuned_anchor_k5
06208500,-4.9453544355389875e-05,0.0011603265028098848,1,28,flow_values_constant_vs_v4_fusion_gru_tuned_anchor_k5
06214500,-0.000534636049476208,0.002972385159187657,1,44,flow_values_constant_vs_v4_fusion_gru_tuned_anchor_k5
06279500,-0.0002471789271846343,0.002519838820574754,2,66,flow_values_constant_vs_v4_fusion_gru_tuned_anchor_k5
06294940,-9.32510383290854e-05,0.004931632243113648,1,15,flow_values_constant_vs_v4_fusion_gru_tuned_anchor_k5
06294980,-0.0005627782268561004,0.00575397980412479,1,20,flow_values_constant_vs_v4_fusion_gru_tuned_anchor_k5
06295000,0.00010576638175912608,0.007288264608634492,1,61,flow_values_constant_vs_v4_fusion_gru_tuned_anchor_k5
06296120,5.3324331780703666e-05,0.005448252168521078,1,36,flow_values_constant_vs_v4_fusion_gru_tuned_anchor_k5
06306100,2.8500321463957628e-05,0.003866451539759445,1,21,flow_values_constant_vs_v4_fusion_gru_tuned_anchor_k5
06306300,3.692539557437179e-05,0.0060995919194279605,1,56,flow_values_constant_vs_v4_fusion_gru_tuned_anchor_k5
06307500,2.5674001245112244e-06,0.01000089718679986,1,65,flow_values_constant_vs_v4_fusion_gru_tuned_anchor_k5
06307600,-2.891503067196592e-05,0.005277502737532143,1,27,flow_values_constant_vs_v4_fusion_gru_tuned_anchor_k5
06307665,6.335865906288124e-05,0.00605215331595258,1,19,flow_values_constant_vs_v4_fusion_gru_tuned_anchor_k5
06313500,0.00026600281407564185,0.02812319005903416,2,78,flow_values_constant_vs_v4_fusion_gru_tuned_anchor_k5
06324500,0.00010513188445142024,0.0077570206721492676,1,84,flow_values_constant_vs_v4_fusion_gru_tuned_anchor_k5
06324925,-0.0005438769308380802,0.020496230260286488,2,58,flow_values_constant_vs_v4_fusion_gru_tuned_anchor_k5
06324970,-0.0009794696708240029,0.03080055133424582,2,138,flow_values_constant_vs_v4_fusion_gru_tuned_anchor_k5
06326600,5.091192768545495e-05,0.044443531117943406,3,114,flow_values_constant_vs_v4_fusion_gru_tuned_anchor_k5
06330000,0.00039736372572561185,0.025572917864391143,1,75,flow_values_constant_vs_v4_fusion_gru_tuned_anchor_k5
06332515,3.308275357742203e-06,0.007867535671169205,1,20,flow_values_constant_vs_v4_fusion_gru_tuned_anchor_k5
06332770,3.900895024583018e-05,0.0028315484127447335,1,16,flow_values_constant_vs_v4_fusion_gru_tuned_anchor_k5
06336500,-0.0004545181527569811,0.006081430387471724,1,21,flow_values_constant_vs_v4_fusion_gru_tuned_anchor_k5
06337000,5.076292115254981e-05,0.012903593257475199,2,48,flow_values_constant_vs_v4_fusion_gru_tuned_anchor_k5
06339550,0.0008637438983899256,0.01108526915712223,1,38,flow_values_constant_vs_v4_fusion_gru_tuned_anchor_k5
06339800,7.438030484886986e-05,0.03194387912173022,2,64,flow_values_constant_vs_v4_fusion_gru_tuned_anchor_k5
06339900,0.0003930474982977637,0.013124762590976348,1,34,flow_values_constant_vs_v4_fusion_gru_tuned_anchor_k5
06340000,0.0003153171882346463,0.043200503087663614,2,138,flow_values_constant_vs_v4_fusion_gru_tuned_anchor_k5
06340520,0.00012169404500410997,0.007123309526582652,1,20,flow_values_constant_vs_v4_fusion_gru_tuned_anchor_k5
06340580,-0.00043169454718335016,0.016354287632450313,2,38,flow_values_constant_vs_v4_fusion_gru_tuned_anchor_k5
06342200,-2.814800623709617e-05,0.015667472039533434,1,40,flow_values_constant_vs_v4_fusion_gru_tuned_anchor_k5
06342230,-0.0009313902357568273,0.007830233040612212,1,24,flow_values_constant_vs_v4_fusion_gru_tuned_anchor_k5
06344600,-0.000438488483071103,0.029022940889986575,2,80,flow_values_constant_vs_v4_fusion_gru_tuned_anchor_k5
06349000,-2.2852627933867288e-05,0.0043261558680934165,1,18,flow_values_constant_vs_v4_fusion_gru_tuned_anchor_k5
06349930,0.00010612778748662087,0.026978947810657208,1,62,flow_values_constant_vs_v4_fusion_gru_tuned_anchor_k5
06350000,-4.821825989033445e-05,0.012460570278637229,1,34,flow_values_constant_vs_v4_fusion_gru_tuned_anchor_k5
06355310,-0.0025992838603393787,0.05985071578638476,1,67,flow_values_constant_vs_v4_fusion_gru_tuned_anchor_k5
06375600,-0.0005152554421653771,0.006946353883082752,1,35,flow_values_constant_vs_v4_fusion_gru_tuned_anchor_k5
06378300,-0.0009776872032195379,0.024678174689475807,2,32,flow_values_constant_vs_v4_fusion_gru_tuned_anchor_k5
06426400,-0.0006512315078886165,0.014030888587616912,1,31,flow_values_constant_vs_v4_fusion_gru_tuned_anchor_k5
06436180,-0.00010880248042256567,0.0009675987158160206,1,31,flow_values_constant_vs_v4_fusion_gru_tuned_anchor_k5
06436198,-0.0004134047721328078,0.00236030309889866,1,30,flow_values_constant_vs_v4_fusion_gru_tuned_anchor_k5
06453305,-3.741122774956976e-05,0.0003665765733433349,1,19,flow_values_constant_vs_v4_fusion_gru_tuned_anchor_k5
06463720,-0.0001010929050753691,0.004334912025083747,2,38,flow_values_constant_vs_v4_fusion_gru_tuned_anchor_k5
06485500,0.0018018612143710121,0.03496221802156123,2,168,flow_values_constant_vs_v4_fusion_gru_tuned_anchor_k5
06607500,-0.0010732934200558806,0.04136064490827831,2,226,flow_values_constant_vs_v4_fusion_gru_tuned_anchor_k5
06611100,0.00018633870481662347,0.003047678068312405,1,19,flow_values_constant_vs_v4_fusion_gru_tuned_anchor_k5
06611200,-5.281881125605966e-05,0.005953834703973894,1,19,flow_values_constant_vs_v4_fusion_gru_tuned_anchor_k5
06611800,-1.7053338258254327e-05,0.002710877023415438,1,19,flow_values_constant_vs_v4_fusion_gru_tuned_anchor_k5
06710200,0.00014475592099922363,0.0020942107922637112,1,5,flow_values_constant_vs_v4_fusion_gru_tuned_anchor_k5
06713500,0.001024291232147322,0.019473398407764665,1,229,flow_values_constant_vs_v4_fusion_gru_tuned_anchor_k5
06714000,-0.0021302399158833448,0.01758852906990515,1,108,flow_values_constant_vs_v4_fusion_gru_tuned_anchor_k5
06720500,-0.001585216284488346,0.018067293285622718,2,102,flow_values_constant_vs_v4_fusion_gru_tuned_anchor_k5
06734900,2.9733739256736604e-05,0.001215684580930986,1,27,flow_values_constant_vs_v4_fusion_gru_tuned_anchor_k5
06752000,-0.0002277027911666866,0.0018536482130253526,1,24,flow_values_constant_vs_v4_fusion_gru_tuned_anchor_k5
06753400,0.00023477231333986041,0.0023985914499218795,1,21,flow_values_constant_vs_v4_fusion_gru_tuned_anchor_k5
06759910,0.00022382127256012995,0.002949966645800675,2,50,flow_values_constant_vs_v4_fusion_gru_tuned_anchor_k5
06770500,0.00019818574676053142,0.0034307360593389155,1,17,flow_values_constant_vs_v4_fusion_gru_tuned_anchor_k5
06775900,-0.010110911755263347,0.012521965013784551,1,195,flow_values_constant_vs_v4_fusion_gru_tuned_anchor_k5
06791150,7.032467721729775e-06,0.007155640157269415,2,30,flow_values_constant_vs_v4_fusion_gru_tuned_anchor_k5
06805500,0.0036429320537528726,0.06840018426135275,2,590,flow_values_constant_vs_v4_fusion_gru_tuned_anchor_k5
06810000,1.2311592479227898e-05,0.013480682298004103,1,125,flow_values_constant_vs_v4_fusion_gru_tuned_anchor_k5
06818000,-3.236798389594129e-05,0.003908898255419826,1,32,flow_values_constant_vs_v4_fusion_gru_tuned_anchor_k5
06879100,-5.41773726451237e-05,0.001868965373639556,1,31,flow_values_constant_vs_v4_fusion_gru_tuned_anchor_k5
06879650,-0.00036550077275454394,0.001068047870337991,1,15,flow_values_constant_vs_v4_fusion_gru_tuned_anchor_k5
06880800,3.713234896755792e-05,0.007262198365152098,1,38,flow_values_constant_vs_v4_fusion_gru_tuned_anchor_k5
06885500,7.532085308095319e-07,0.005708608793906186,1,30,flow_values_constant_vs_v4_fusion_gru_tuned_anchor_k5
06887000,-5.5931358823634045e-05,0.008487393375680365,1,54,flow_values_constant_vs_v4_fusion_gru_tuned_anchor_k5
06890900,1.9562913328241626e-05,0.001020872529125687,1,27,flow_values_constant_vs_v4_fusion_gru_tuned_anchor_k5
06891500,-0.0003074653957244747,0.00401713586446619,2,56,flow_values_constant_vs_v4_fusion_gru_tuned_anchor_k5
06893350,-6.405355824522791e-06,0.0014378262602614575,1,12,flow_values_constant_vs_v4_fusion_gru_tuned_anchor_k5
06893390,2.8384623079692572e-05,0.0017890485862127681,1,20,flow_values_constant_vs_v4_fusion_gru_tuned_anchor_k5
06893500,0.00021710977697045065,0.010863673700135867,2,76,flow_values_constant_vs_v4_fusion_gru_tuned_anchor_k5
06893562,0.00012521803142159449,0.005055037904968343,1,42,flow_values_constant_vs_v4_fusion_gru_tuned_anchor_k5
06893578,-7.043429433913048e-06,0.0021189756209162736,1,31,flow_values_constant_vs_v4_fusion_gru_tuned_anchor_k5
06893620,0.0006055088146469184,0.004501498065094869,1,49,flow_values_constant_vs_v4_fusion_gru_tuned_anchor_k5
06893940,-0.00014101342807717925,0.001726027783471049,1,31,flow_values_constant_vs_v4_fusion_gru_tuned_anchor_k5
06894000,2.870671922327385e-05,0.002588191151885683,1,44,flow_values_constant_vs_v4_fusion_gru_tuned_anchor_k5
06902000,-8.831736209013912e-06,0.00434565318699757,1,27,flow_values_constant_vs_v4_fusion_gru_tuned_anchor_k5
06923250,1.951126138064268e-06,0.0017876459251055196,1,25,flow_values_constant_vs_v4_fusion_gru_tuned_anchor_k5
06926510,3.244294615574605e-05,0.0018386485932247094,1,19,flow_values_constant_vs_v4_fusion_gru_tuned_anchor_k5
07022000,7.579668571723255e-05,0.020354953534502156,1,305,flow_values_constant_vs_v4_fusion_gru_tuned_anchor_k5
07048600,0.00014200951659491587,0.012604107117706835,1,147,flow_values_constant_vs_v4_fusion_gru_tuned_anchor_k5
07048800,0.000298420511553129,0.014273078120218672,1,115,flow_values_constant_vs_v4_fusion_gru_tuned_anchor_k5
07049000,0.0016100988000891745,0.026210118721261097,2,248,flow_values_constant_vs_v4_fusion_gru_tuned_anchor_k5
07050500,-6.609712258693609e-05,0.0012871964416480955,1,24,flow_values_constant_vs_v4_fusion_gru_tuned_anchor_k5
07055893,4.4613491643188185e-05,0.0010707111480332905,1,19,flow_values_constant_vs_v4_fusion_gru_tuned_anchor_k5
07056000,0.001404142916583995,0.020288916923515924,2,180,flow_values_constant_vs_v4_fusion_gru_tuned_anchor_k5
07056515,0.000253900021231048,0.005298976492811165,1,55,flow_values_constant_vs_v4_fusion_gru_tuned_anchor_k5
07060710,-0.0029611350673295596,0.004557160118060704,1,177,flow_values_constant_vs_v4_fusion_gru_tuned_anchor_k5
07061600,-0.0001826494464554257,0.0008188459346071855,1,31,flow_values_constant_vs_v4_fusion_gru_tuned_anchor_k5
07077500,-0.00024101170010356484,0.006212210625308185,1,25,flow_values_constant_vs_v4_fusion_gru_tuned_anchor_k5
07077555,-3.455031756936601e-05,0.00590918504606711,1,41,flow_values_constant_vs_v4_fusion_gru_tuned_anchor_k5
07077800,-8.980298171817631e-05,0.0018675062316747244,1,15,flow_values_constant_vs_v4_fusion_gru_tuned_anchor_k5
07097000,-0.00012193983301807268,0.0010631058891383811,1,11,flow_values_constant_vs_v4_fusion_gru_tuned_anchor_k5
07099200,2.8073600942348716e-05,0.006122507216773621,1,115,flow_values_constant_vs_v4_fusion_gru_tuned_anchor_k5
07099400,0.0009408848619465098,0.012868711157302478,2,232,flow_values_constant_vs_v4_fusion_gru_tuned_anchor_k5
07143672,0.0012364449582584795,0.03663389381988626,2,202,flow_values_constant_vs_v4_fusion_gru_tuned_anchor_k5
07231975,-0.00029563220934073083,0.0018892017636758073,1,11,flow_values_constant_vs_v4_fusion_gru_tuned_anchor_k5
07373420,-0.0019367253636644673,0.009278437747857571,1,315,flow_values_constant_vs_v4_fusion_gru_tuned_anchor_k5
394340085524601,0.00014291039784320188,0.02159298522227593,1,244,flow_values_constant_vs_v4_fusion_gru_tuned_anchor_k5
401723105400000,-0.002544044762189733,0.005201524752579267,1,265,flow_values_constant_vs_v4_fusion_gru_tuned_anchor_k5
03016000,4.1476983731377635e-05,0.0009873443224161322,1,29,flow_values_constant_vs_v4_fusion_tree_episodic_k5
03030852,0.00010124318869013724,0.0027429910241752436,1,30,flow_values_constant_vs_v4_fusion_tree_episodic_k5
03037525,-0.00017229241618825996,0.001367775984183328,1,25,flow_values_constant_vs_v4_fusion_tree_episodic_k5
03039420,-2.7839831463542567e-06,0.0009038590620822671,1,20,flow_values_constant_vs_v4_fusion_tree_episodic_k5
03049625,4.0299988304166615e-05,0.0038158436456409857,1,43,flow_values_constant_vs_v4_fusion_tree_episodic_k5
03075001,0.0003706105772136933,0.005590618686936762,2,134,flow_values_constant_vs_v4_fusion_tree_episodic_k5
03083500,-2.9781020835147614e-06,0.0023229796520071806,1,100,flow_values_constant_vs_v4_fusion_tree_episodic_k5
03085000,-2.844678752828296e-05,0.0040312577572065135,1,122,flow_values_constant_vs_v4_fusion_tree_episodic_k5
03104500,-0.0001543315254821803,0.004621226565214844,2,68,flow_values_constant_vs_v4_fusion_tree_episodic_k5
03110983,2.928142553195467e-05,0.007368480603372787,2,56,flow_values_constant_vs_v4_fusion_tree_episodic_k5
03127970,8.478617198180334e-05,0.008324514027828864,2,58,flow_values_constant_vs_v4_fusion_tree_episodic_k5
03144270,0.0002530931292537578,0.0029555993758443107,1,26,flow_values_constant_vs_v4_fusion_tree_episodic_k5
03144289,0.0009278729580803223,0.011191929980913555,3,78,flow_values_constant_vs_v4_fusion_tree_episodic_k5
03201660,0.000122370224753256,0.002245228464187049,1,20,flow_values_constant_vs_v4_fusion_tree_episodic_k5
03201700,2.082984861573046e-05,0.0040380824507725895,1,37,flow_values_constant_vs_v4_fusion_tree_episodic_k5
03207962,-0.00010964597441186588,0.0012964167766333224,1,16,flow_values_constant_vs_v4_fusion_tree_episodic_k5
03212500,0.00022629057349932749,0.0022089088743647073,1,20,flow_values_constant_vs_v4_fusion_tree_episodic_k5
03216600,-0.0005368092999470147,0.007850088917547323,1,115,flow_values_constant_vs_v4_fusion_tree_episodic_k5
03245500,3.84153704544206e-05,0.003345455957628449,1,33,flow_values_constant_vs_v4_fusion_tree_episodic_k5
03281500,-2.127198343914255e-05,0.001520361367946045,1,31,flow_values_constant_vs_v4_fusion_tree_episodic_k5
03290500,-1.6327901552284136e-05,0.0047462219874382155,1,53,flow_values_constant_vs_v4_fusion_tree_episodic_k5
03303280,0.007909916779492515,0.024894357627638312,1,294,flow_values_constant_vs_v4_fusion_tree_episodic_k5
03339000,-3.614593878932992e-05,0.00042392137671105526,1,10,flow_values_constant_vs_v4_fusion_tree_episodic_k5
03353551,-1.9659970796991687e-05,0.0065880026497560406,1,21,flow_values_constant_vs_v4_fusion_tree_episodic_k5
03353630,7.936467063600064e-06,0.003937389562330621,2,42,flow_values_constant_vs_v4_fusion_tree_episodic_k5
03354000,-0.00016240367938113345,0.0017139346670731455,1,32,flow_values_constant_vs_v4_fusion_tree_episodic_k5
03357330,8.750980723014006e-05,0.003380334919780825,2,54,flow_values_constant_vs_v4_fusion_tree_episodic_k5
03373530,1.4960769071613408e-05,0.0033999882369226296,1,22,flow_values_constant_vs_v4_fusion_tree_episodic_k5
03378500,1.4134205713809982e-05,0.013147725644241224,1,285,flow_values_constant_vs_v4_fusion_tree_episodic_k5
03438500,-7.368531357031905e-05,0.0010184724485774693,2,60,flow_values_constant_vs_v4_fusion_tree_episodic_k5
03459500,-0.0008920960647146788,0.00463554959606143,1,14,flow_values_constant_vs_v4_fusion_tree_episodic_k5
03460000,0.0007817202597292118,0.016864358959213253,1,67,flow_values_constant_vs_v4_fusion_tree_episodic_k5
03466208,-1.9136368114460983e-05,0.0026840027112273275,1,34,flow_values_constant_vs_v4_fusion_tree_episodic_k5
03497300,-0.0017608072198598875,0.019950184798159534,3,585,flow_values_constant_vs_v4_fusion_tree_episodic_k5
03524550,-0.00017856101528801466,0.002309349231619505,1,19,flow_values_constant_vs_v4_fusion_tree_episodic_k5
03612500,4.359933262241306e-05,0.008256600786691852,1,197,flow_values_constant_vs_v4_fusion_tree_episodic_k5
03612600,-0.000625988821547174,0.002485443894138383,1,106,flow_values_constant_vs_v4_fusion_tree_episodic_k5
05276005,0.00016528539957320302,0.0022300710113509737,1,22,flow_values_constant_vs_v4_fusion_tree_episodic_k5
05288705,0.006033951327876835,0.0253008300837101,1,200,flow_values_constant_vs_v4_fusion_tree_episodic_k5
05320270,-0.0007789986184803184,0.005960388597461292,1,34,flow_values_constant_vs_v4_fusion_tree_episodic_k5
05322000,-0.00017952922003585132,0.00351640179032619,1,33,flow_values_constant_vs_v4_fusion_tree_episodic_k5
05325000,-4.138082126635456e-05,0.00023210431807441662,1,2,flow_values_constant_vs_v4_fusion_tree_episodic_k5
05325050,-9.85909153582955e-05,0.0008535326356592591,2,14,flow_values_constant_vs_v4_fusion_tree_episodic_k5
05331833,1.725893022018832e-05,0.0032968450686159433,1,24,flow_values_constant_vs_v4_fusion_tree_episodic_k5
05333500,5.538471940210004e-05,0.013840345776704665,1,62,flow_values_constant_vs_v4_fusion_tree_episodic_k5
05355250,-1.917049943907751e-06,0.0018621542181802505,1,29,flow_values_constant_vs_v4_fusion_tree_episodic_k5
05357206,-4.0231283885560914e-05,0.008936661695043256,1,89,flow_values_constant_vs_v4_fusion_tree_episodic_k5
05357215,-0.001548766808737609,0.006150606931259847,1,121,flow_values_constant_vs_v4_fusion_tree_episodic_k5
05357245,0.0003550070468404231,0.007073011734390569,1,114,flow_values_constant_vs_v4_fusion_tree_episodic_k5
05412500,0.001468321079330113,0.012708450185441762,1,113,flow_values_constant_vs_v4_fusion_tree_episodic_k5
05418600,8.865381776921859e-05,0.009453244255522002,1,113,flow_values_constant_vs_v4_fusion_tree_episodic_k5
05420500,-0.0010118165355383635,0.03171789783014681,1,291,flow_values_constant_vs_v4_fusion_tree_episodic_k5
05422000,-0.0007185720937103395,0.01080593444435,1,145,flow_values_constant_vs_v4_fusion_tree_episodic_k5
05427948,0.00017051484793501355,0.003947670840087399,1,20,flow_values_constant_vs_v4_fusion_tree_episodic_k5
05427952,3.299490484130563e-05,0.005343366566132076,1,21,flow_values_constant_vs_v4_fusion_tree_episodic_k5
05451070,1.744973012541335e-05,0.0015037720091172241,1,15,flow_values_constant_vs_v4_fusion_tree_episodic_k5
05455100,-1.8373360790868964e-05,0.003974433730861208,1,26,flow_values_constant_vs_v4_fusion_tree_episodic_k5
05461390,0.0006778450840346429,0.006841769013946769,1,26,flow_values_constant_vs_v4_fusion_tree_episodic_k5
05463050,-0.00013613868953316026,0.0020377081553481008,1,17,flow_values_constant_vs_v4_fusion_tree_episodic_k5
05464220,1.6895241081812611e-06,0.0111010423050239,2,72,flow_values_constant_vs_v4_fusion_tree_episodic_k5
05464760,-3.032003807580549e-05,0.001571269770330047,1,15,flow_values_constant_vs_v4_fusion_tree_episodic_k5
05465500,3.8698084557901596e-05,0.023146688571447315,1,286,flow_values_constant_vs_v4_fusion_tree_episodic_k5
05531500,-0.00026243881481521864,0.010998562993875674,2,28,flow_values_constant_vs_v4_fusion_tree_episodic_k5
05538020,-1.0306363319718043e-05,0.00030509588944599057,1,9,flow_values_constant_vs_v4_fusion_tree_episodic_k5
05540500,-0.00010627029327582826,0.006695311103688268,2,70,flow_values_constant_vs_v4_fusion_tree_episodic_k5
05543500,9.71535004757503e-05,0.004479862966003362,1,53,flow_values_constant_vs_v4_fusion_tree_episodic_k5
05552500,-5.03854710180628e-05,0.002775507410714637,1,40,flow_values_constant_vs_v4_fusion_tree_episodic_k5
05553700,3.86162572664102e-05,0.0019946807170860325,2,60,flow_values_constant_vs_v4_fusion_tree_episodic_k5
05587455,5.1033059876668955e-05,0.02393404601256103,1,298,flow_values_constant_vs_v4_fusion_tree_episodic_k5
06126470,-0.00014766010720993153,0.0037983035679569764,1,17,flow_values_constant_vs_v4_fusion_tree_episodic_k5
06177825,-6.232695881217945e-05,0.0047608571371145795,1,20,flow_values_constant_vs_v4_fusion_tree_episodic_k5
06183450,-1.5713328816325524e-05,0.007211776047575045,1,17,flow_values_constant_vs_v4_fusion_tree_episodic_k5
06208500,-7.685767327122095e-08,0.0012097031894920036,1,28,flow_values_constant_vs_v4_fusion_tree_episodic_k5
06214500,-0.0005664805619734109,0.002940540646690454,1,44,flow_values_constant_vs_v4_fusion_tree_episodic_k5
06279500,-0.00016874827513009804,0.00259826947262929,2,66,flow_values_constant_vs_v4_fusion_tree_episodic_k5
06294940,-6.348285730998093e-05,0.004961400424132753,1,15,flow_values_constant_vs_v4_fusion_tree_episodic_k5
06294980,-0.0007172141209346573,0.005599543910046233,1,20,flow_values_constant_vs_v4_fusion_tree_episodic_k5
06295000,0.00013697787339438783,0.007319476100269753,1,61,flow_values_constant_vs_v4_fusion_tree_episodic_k5
06296120,-3.0240846360329455e-05,0.005364686990380045,1,36,flow_values_constant_vs_v4_fusion_tree_episodic_k5
06306100,-0.00032159908803896804,0.0035163521302565195,1,21,flow_values_constant_vs_v4_fusion_tree_episodic_k5
06306300,3.076705712608384e-05,0.006093433580979672,1,56,flow_values_constant_vs_v4_fusion_tree_episodic_k5
06307500,7.64568479542053e-06,0.010005975471470769,1,65,flow_values_constant_vs_v4_fusion_tree_episodic_k5
06307600,-6.537588028419983e-05,0.005241041887919909,1,27,flow_values_constant_vs_v4_fusion_tree_episodic_k5
06307665,1.7818399290845072e-05,0.006006613056180545,1,19,flow_values_constant_vs_v4_fusion_tree_episodic_k5
06313500,0.00012062607851503934,0.027977813323473554,2,78,flow_values_constant_vs_v4_fusion_tree_episodic_k5
06324500,0.00015252689622964182,0.00780441568392749,1,84,flow_values_constant_vs_v4_fusion_tree_episodic_k5
06324925,-5.614631769145174e-05,0.020983960873433113,2,58,flow_values_constant_vs_v4_fusion_tree_episodic_k5
06324970,-0.0005602078896015336,0.031219813115468294,2,138,flow_values_constant_vs_v4_fusion_tree_episodic_k5
06326600,-0.00014943245382948768,0.044243186736428464,3,114,flow_values_constant_vs_v4_fusion_tree_episodic_k5
06330000,-0.00011243206393878776,0.025063122074726742,1,75,flow_values_constant_vs_v4_fusion_tree_episodic_k5
06332515,1.8278846077402116e-05,0.007882506241888864,1,20,flow_values_constant_vs_v4_fusion_tree_episodic_k5
06332770,-1.1489720036515872e-05,0.0027810497424623874,1,16,flow_values_constant_vs_v4_fusion_tree_episodic_k5
06336500,-0.0005656173487646016,0.005970331191464103,1,21,flow_values_constant_vs_v4_fusion_tree_episodic_k5
06337000,-0.00013603952750051155,0.012716790808822136,2,48,flow_values_constant_vs_v4_fusion_tree_episodic_k5
06339550,0.0006386645820936457,0.010860189840825952,1,38,flow_values_constant_vs_v4_fusion_tree_episodic_k5
06339800,-4.369681302382277e-05,0.031825802003857526,2,64,flow_values_constant_vs_v4_fusion_tree_episodic_k5
06339900,0.00033235505131764246,0.013064070143996227,1,34,flow_values_constant_vs_v4_fusion_tree_episodic_k5
06340000,0.0004963848128656859,0.04338157071229465,2,138,flow_values_constant_vs_v4_fusion_tree_episodic_k5
06340520,-3.966325139223863e-06,0.006997649156439319,1,20,flow_values_constant_vs_v4_fusion_tree_episodic_k5
06340580,-0.00122597810617546,0.015560004073458204,2,38,flow_values_constant_vs_v4_fusion_tree_episodic_k5
06342200,-7.173429338160818e-05,0.01562388575238892,1,40,flow_values_constant_vs_v4_fusion_tree_episodic_k5
06342230,-0.00013337889419589354,0.008628244382173146,1,24,flow_values_constant_vs_v4_fusion_tree_episodic_k5
06344600,-0.00018249602524435515,0.029278933347813327,2,80,flow_values_constant_vs_v4_fusion_tree_episodic_k5
06349000,-4.423272188014144e-05,0.0043047757741471425,1,18,flow_values_constant_vs_v4_fusion_tree_episodic_k5
06349930,7.774510189003689e-05,0.026950565125060624,1,62,flow_values_constant_vs_v4_fusion_tree_episodic_k5
06350000,-4.638352361902677e-06,0.01250415018616566,1,34,flow_values_constant_vs_v4_fusion_tree_episodic_k5
06355310,-0.0008180025733462727,0.06163199707337787,1,67,flow_values_constant_vs_v4_fusion_tree_episodic_k5
06375600,-0.00041340310622972295,0.007048206219018406,1,35,flow_values_constant_vs_v4_fusion_tree_episodic_k5
06378300,-0.0011002729263634603,0.02455558896633188,2,32,flow_values_constant_vs_v4_fusion_tree_episodic_k5
06426400,-0.0003203821260885639,0.014361737969416965,1,31,flow_values_constant_vs_v4_fusion_tree_episodic_k5
06436180,-0.00012583591920351103,0.0009505652770350753,1,31,flow_values_constant_vs_v4_fusion_tree_episodic_k5
06436198,-2.9668870027297478e-05,0.00274403900100417,1,30,flow_values_constant_vs_v4_fusion_tree_episodic_k5
06453305,-3.282462525249853e-05,0.00037116317584040613,1,19,flow_values_constant_vs_v4_fusion_tree_episodic_k5
06463720,-0.0001552849007802491,0.004280720029378867,2,38,flow_values_constant_vs_v4_fusion_tree_episodic_k5
06485500,0.0016646846908050968,0.03482504149799531,2,168,flow_values_constant_vs_v4_fusion_tree_episodic_k5
06607500,-0.000392152970366317,0.042041785357967876,2,226,flow_values_constant_vs_v4_fusion_tree_episodic_k5
06611100,0.00015985911429684132,0.0030211984777926233,1,19,flow_values_constant_vs_v4_fusion_tree_episodic_k5
06611200,-1.6123154074445322e-05,0.005990530361155508,1,19,flow_values_constant_vs_v4_fusion_tree_episodic_k5
06611800,1.4536082386616932e-06,0.002729383969912354,1,19,flow_values_constant_vs_v4_fusion_tree_episodic_k5
06710200,0.00014482140104689893,0.002094276272311386,1,5,flow_values_constant_vs_v4_fusion_tree_episodic_k5
06713500,0.001129605376235448,0.019578712551852794,1,229,flow_values_constant_vs_v4_fusion_tree_episodic_k5
06714000,-0.00016453271356509265,0.019554236272223403,1,108,flow_values_constant_vs_v4_fusion_tree_episodic_k5
06720500,-0.0023044917296814833,0.01734801784042958,2,102,flow_values_constant_vs_v4_fusion_tree_episodic_k5
06734900,3.1486946125354646e-05,0.0012174377877996038,1,27,flow_values_constant_vs_v4_fusion_tree_episodic_k5
06752000,3.5689462376198754e-05,0.002117040466568238,1,24,flow_values_constant_vs_v4_fusion_tree_episodic_k5
06753400,0.00022916999474495724,0.002392989131326976,1,21,flow_values_constant_vs_v4_fusion_tree_episodic_k5
06759910,0.0002721738134002161,0.002998319186640761,2,50,flow_values_constant_vs_v4_fusion_tree_episodic_k5
06770500,0.00020659561395796122,0.0034391459265363453,1,17,flow_values_constant_vs_v4_fusion_tree_episodic_k5
06775900,-0.011087850209768565,0.011545026559279333,1,195,flow_values_constant_vs_v4_fusion_tree_episodic_k5
06791150,-1.7984089680297005e-05,0.0071306235998673875,2,30,flow_values_constant_vs_v4_fusion_tree_episodic_k5
06805500,0.00031889827405307816,0.06507615048165295,2,590,flow_values_constant_vs_v4_fusion_tree_episodic_k5
06810000,3.114811878644014e-05,0.013499518824311316,1,125,flow_values_constant_vs_v4_fusion_tree_episodic_k5
06818000,-1.6121519370169258e-05,0.003925144719945598,1,32,flow_values_constant_vs_v4_fusion_tree_episodic_k5
06879100,-5.9763324394030664e-05,0.0018633794218906488,1,31,flow_values_constant_vs_v4_fusion_tree_episodic_k5
06879650,-0.0003627532809952461,0.001070795362097289,1,15,flow_values_constant_vs_v4_fusion_tree_episodic_k5
06880800,-4.8669208426094144e-05,0.007176396807758446,1,38,flow_values_constant_vs_v4_fusion_tree_episodic_k5
06885500,4.8593827670495144e-06,0.005712714968142426,1,30,flow_values_constant_vs_v4_fusion_tree_episodic_k5
06887000,-4.5655426450145375e-05,0.008497669308053853,1,54,flow_values_constant_vs_v4_fusion_tree_episodic_k5
06890900,1.2145960175751604e-06,0.0010025242118150205,1,27,flow_values_constant_vs_v4_fusion_tree_episodic_k5
06891500,-0.00029854041400798005,0.004026060846182685,2,56,flow_values_constant_vs_v4_fusion_tree_episodic_k5
06893350,4.199911361765553e-06,0.0014484315274477459,1,12,flow_values_constant_vs_v4_fusion_tree_episodic_k5
06893390,0.00018820558589212092,0.0019488695490251966,1,20,flow_values_constant_vs_v4_fusion_tree_episodic_k5
06893500,0.0002749262490148641,0.01092149017218028,2,76,flow_values_constant_vs_v4_fusion_tree_episodic_k5
06893562,0.00013429112942788928,0.005064111002974638,1,42,flow_values_constant_vs_v4_fusion_tree_episodic_k5
06893578,2.6954637735172593e-05,0.0021529736880853594,1,31,flow_values_constant_vs_v4_fusion_tree_episodic_k5
06893620,0.0006539434514989576,0.004549932701946908,1,49,flow_values_constant_vs_v4_fusion_tree_episodic_k5
06893940,-0.00014038176720841984,0.0017266594443398084,1,31,flow_values_constant_vs_v4_fusion_tree_episodic_k5
06894000,-1.2762301322049109e-05,0.0025467221313403596,1,44,flow_values_constant_vs_v4_fusion_tree_episodic_k5
06902000,-0.0001740258688671385,0.0041804590543394445,1,27,flow_values_constant_vs_v4_fusion_tree_episodic_k5
06923250,-6.013314785145796e-06,0.0017796814841823095,1,25,flow_values_constant_vs_v4_fusion_tree_episodic_k5
06926510,3.522597192203866e-05,0.0018414316189910018,1,19,flow_values_constant_vs_v4_fusion_tree_episodic_k5
07022000,-7.678877844066975e-05,0.020202368070344257,1,305,flow_values_constant_vs_v4_fusion_tree_episodic_k5
07048600,0.00013967039688734644,0.012601767997999266,1,147,flow_values_constant_vs_v4_fusion_tree_episodic_k5
07048800,0.0002934567057308149,0.014268114314396358,1,115,flow_values_constant_vs_v4_fusion_tree_episodic_k5
07049000,0.0013593107321216613,0.025959330653293585,2,248,flow_values_constant_vs_v4_fusion_tree_episodic_k5
07050500,-6.102487052408652e-05,0.0012922686937109453,1,24,flow_values_constant_vs_v4_fusion_tree_episodic_k5
07055893,2.3827250330499664e-05,0.0010499249067206019,1,19,flow_values_constant_vs_v4_fusion_tree_episodic_k5
07056000,0.0013972193974402223,0.020281993404372152,2,180,flow_values_constant_vs_v4_fusion_tree_episodic_k5
07056515,0.0002745300535563871,0.005319606525136504,1,55,flow_values_constant_vs_v4_fusion_tree_episodic_k5
07060710,-0.0029695171732959593,0.004548778012094305,1,177,flow_values_constant_vs_v4_fusion_tree_episodic_k5
07061600,-0.00017996462073028283,0.0008215307603323284,1,31,flow_values_constant_vs_v4_fusion_tree_episodic_k5
07077500,-0.00025674380942081594,0.006196478515990933,1,25,flow_values_constant_vs_v4_fusion_tree_episodic_k5
07077555,5.9750256697676016e-05,0.006003485620334152,1,41,flow_values_constant_vs_v4_fusion_tree_episodic_k5
07077800,-6.662468416620694e-05,0.0018906845292266938,1,15,flow_values_constant_vs_v4_fusion_tree_episodic_k5
07097000,-5.1135987331516584e-05,0.0011339097348249372,1,11,flow_values_constant_vs_v4_fusion_tree_episodic_k5
07099200,-5.9363082387502135e-05,0.006035070533443769,1,115,flow_values_constant_vs_v4_fusion_tree_episodic_k5
07099400,0.0011275281349512863,0.013055354430307253,2,232,flow_values_constant_vs_v4_fusion_tree_episodic_k5
07143672,0.0008359680039898131,0.036233416865617596,2,202,flow_values_constant_vs_v4_fusion_tree_episodic_k5
07231975,-0.00032829964527634765,0.0018565343277401906,1,11,flow_values_constant_vs_v4_fusion_tree_episodic_k5
07373420,-0.0018723782896111058,0.009342784821910931,1,315,flow_values_constant_vs_v4_fusion_tree_episodic_k5
394340085524601,0.0005037754045596999,0.021953850228992426,1,244,flow_values_constant_vs_v4_fusion_tree_episodic_k5
401723105400000,-0.0025777168662774463,0.0051678526484915535,1,265,flow_values_constant_vs_v4_fusion_tree_episodic_k5
03016000,-8.482053193247671e-06,0.0009291084155802857,1,29,values_vs_freshness_gru_tuned_anchor_k0
03030852,4.86349996704489e-05,0.003103293223005564,1,30,values_vs_freshness_gru_tuned_anchor_k0
03037525,4.2975131517020216e-05,0.0015862988761140453,1,25,values_vs_freshness_gru_tuned_anchor_k0
03039420,1.1582417303266228e-05,0.0009728130343087504,1,20,values_vs_freshness_gru_tuned_anchor_k0
03049625,-1.3674053419650452e-05,0.0042712041835645835,1,43,values_vs_freshness_gru_tuned_anchor_k0
03075001,-1.1734735816555921e-05,0.005164240301338259,2,134,values_vs_freshness_gru_tuned_anchor_k0
03083500,-3.948111215744227e-05,0.002539785671850827,1,100,values_vs_freshness_gru_tuned_anchor_k0
03085000,-2.6146670734364693e-06,0.005830084509846277,1,122,values_vs_freshness_gru_tuned_anchor_k0
03104500,-4.6866580845990515e-05,0.008566866201594367,2,68,values_vs_freshness_gru_tuned_anchor_k0
03110983,3.838430329293243e-05,0.007228860929486094,2,56,values_vs_freshness_gru_tuned_anchor_k0
03127970,2.0330863133304806e-05,0.008078906771090582,2,58,values_vs_freshness_gru_tuned_anchor_k0
03144270,2.0543736558451058e-05,0.002697898875993274,1,26,values_vs_freshness_gru_tuned_anchor_k0
03144289,2.037085805242448e-05,0.00814948334600138,3,78,values_vs_freshness_gru_tuned_anchor_k0
03201660,1.173498344839752e-05,0.0022191037261552545,1,20,values_vs_freshness_gru_tuned_anchor_k0
03201700,6.075349578346529e-07,0.004115499088945799,1,37,values_vs_freshness_gru_tuned_anchor_k0
03207962,1.923344752574858e-05,0.0014614565644441061,1,16,values_vs_freshness_gru_tuned_anchor_k0
03212500,6.944260120328615e-05,0.002329737709182087,1,20,values_vs_freshness_gru_tuned_anchor_k0
03216600,0.00012224473927557324,0.008296182457193518,1,115,values_vs_freshness_gru_tuned_anchor_k0
03245500,5.862945604190982e-06,0.003139365468796386,1,33,values_vs_freshness_gru_tuned_anchor_k0
03281500,-1.6553085201467242e-05,0.001587732356558652,1,31,values_vs_freshness_gru_tuned_anchor_k0
03290500,4.43851679450801e-06,0.003757352482664567,1,53,values_vs_freshness_gru_tuned_anchor_k0
03303280,0.0004385528158584472,0.027558558081643255,1,294,values_vs_freshness_gru_tuned_anchor_k0
03339000,1.876495872241366e-06,0.0004554691055106789,1,10,values_vs_freshness_gru_tuned_anchor_k0
03353551,-8.052292888832689e-05,0.006611326041126694,1,21,values_vs_freshness_gru_tuned_anchor_k0
03353630,-4.182040113552195e-06,0.004115978860812132,2,42,values_vs_freshness_gru_tuned_anchor_k0
03354000,-0.00024838311743863263,0.0017720875985244816,1,32,values_vs_freshness_gru_tuned_anchor_k0
03357330,-1.470305880580815e-06,0.004093389614521093,2,54,values_vs_freshness_gru_tuned_anchor_k0
03373530,2.2429681572278425e-06,0.0034085648841946955,1,22,values_vs_freshness_gru_tuned_anchor_k0
03378500,0.00013900349647997436,0.013365820907719504,1,285,values_vs_freshness_gru_tuned_anchor_k0
03438500,0.00024427820378282233,0.0015734765379461285,2,60,values_vs_freshness_gru_tuned_anchor_k0
03459500,1.1327987206639513e-05,0.007975078855396667,1,14,values_vs_freshness_gru_tuned_anchor_k0
03460000,-5.708891432317216e-06,0.01695694356970401,1,67,values_vs_freshness_gru_tuned_anchor_k0
03466208,-3.824581614140603e-06,0.0028821390723975694,1,34,values_vs_freshness_gru_tuned_anchor_k0
03497300,-0.00021373130587869002,0.02974236805836502,3,585,values_vs_freshness_gru_tuned_anchor_k0
03524550,0.00011899146555150941,0.003096808042908696,1,19,values_vs_freshness_gru_tuned_anchor_k0
03612500,-1.1964349275866882e-07,0.0074222977731859254,1,197,values_vs_freshness_gru_tuned_anchor_k0
03612600,0.00016368424050717642,0.004192491494374991,1,106,values_vs_freshness_gru_tuned_anchor_k0
05276005,7.035215733909452e-05,0.002985498172563551,1,22,values_vs_freshness_gru_tuned_anchor_k0
05288705,0.00011691129273633129,0.01566484202067546,1,200,values_vs_freshness_gru_tuned_anchor_k0
05320270,-1.1183914335650915e-05,0.006661386586504445,1,34,values_vs_freshness_gru_tuned_anchor_k0
05322000,2.9333643797475236e-05,0.004024563301635426,1,33,values_vs_freshness_gru_tuned_anchor_k0
05325000,9.825489503854587e-08,0.00038891776323522547,1,2,values_vs_freshness_gru_tuned_anchor_k0
05325050,3.433942389174942e-06,0.0014151903965753379,2,14,values_vs_freshness_gru_tuned_anchor_k0
05331833,2.3089955902187026e-07,0.0033860169869788536,1,24,values_vs_freshness_gru_tuned_anchor_k0
05333500,1.3514037173013353e-05,0.012669552727255817,1,62,values_vs_freshness_gru_tuned_anchor_k0
05355250,-1.8921370867288542e-06,0.0020987740801686984,1,29,values_vs_freshness_gru_tuned_anchor_k0
05357206,3.988787471980613e-05,0.009030147448852362,1,89,values_vs_freshness_gru_tuned_anchor_k0
05357215,0.00013270849480609556,0.011313612603091348,1,121,values_vs_freshness_gru_tuned_anchor_k0
05357245,-2.421948140819583e-05,0.024017220990676318,1,114,values_vs_freshness_gru_tuned_anchor_k0
05412500,0.0008018923798358965,0.01588860212481955,1,113,values_vs_freshness_gru_tuned_anchor_k0
05418600,-4.213238882623395e-05,0.013885793077672728,1,113,values_vs_freshness_gru_tuned_anchor_k0
05420500,0.0002640359777510129,0.0370745370508816,1,291,values_vs_freshness_gru_tuned_anchor_k0
05422000,-2.5266110804370763e-05,0.013366907829573525,1,145,values_vs_freshness_gru_tuned_anchor_k0
05427948,2.0017515070659472e-05,0.003458599979000242,1,20,values_vs_freshness_gru_tuned_anchor_k0
05427952,-3.082052390633114e-07,0.006043256133119286,1,21,values_vs_freshness_gru_tuned_anchor_k0
05451070,-5.021027161819633e-05,0.0016360378821829802,1,15,values_vs_freshness_gru_tuned_anchor_k0
05455100,5.387647407296251e-06,0.003986727352641337,1,26,values_vs_freshness_gru_tuned_anchor_k0
05461390,0.00015341755145028223,0.0045379404704246834,1,26,values_vs_freshness_gru_tuned_anchor_k0
05463050,-2.1471537802175814e-05,0.0022664654952662547,1,17,values_vs_freshness_gru_tuned_anchor_k0
05464220,8.288754940387262e-05,0.012730974901116632,2,72,values_vs_freshness_gru_tuned_anchor_k0
05464760,3.404913002037826e-07,0.0012783074731643035,1,15,values_vs_freshness_gru_tuned_anchor_k0
05465500,5.565556669110347e-05,0.02354665728135907,1,286,values_vs_freshness_gru_tuned_anchor_k0
05531500,1.882223079105243e-05,0.012580410820711811,2,28,values_vs_freshness_gru_tuned_anchor_k0
05538020,-1.5954324095014064e-05,0.0004272738733399672,1,9,values_vs_freshness_gru_tuned_anchor_k0
05540500,-6.561160005329567e-05,0.0061460311018463575,2,70,values_vs_freshness_gru_tuned_anchor_k0
05543500,-9.474175991969245e-05,0.004888634198669725,1,53,values_vs_freshness_gru_tuned_anchor_k0
05552500,-3.503228543856543e-06,0.0025827493901695443,1,40,values_vs_freshness_gru_tuned_anchor_k0
05553700,6.289432551540721e-06,0.0024430683183031777,2,60,values_vs_freshness_gru_tuned_anchor_k0
05587455,4.4652300171452915e-06,0.02486004628011651,1,298,values_vs_freshness_gru_tuned_anchor_k0
06126470,-9.20738501779262e-07,0.004609893407037531,1,17,values_vs_freshness_gru_tuned_anchor_k0
06177825,-6.109580184298041e-05,0.004071242609594576,1,20,values_vs_freshness_gru_tuned_anchor_k0
06183450,-3.7123077735423414e-06,0.009642245282364764,1,17,values_vs_freshness_gru_tuned_anchor_k0
06208500,2.036185429418489e-06,0.005150786220307571,1,28,values_vs_freshness_gru_tuned_anchor_k0
06214500,2.253277431938649e-05,0.002720395858148637,1,44,values_vs_freshness_gru_tuned_anchor_k0
06279500,0.00019639281440854796,0.005394992961545407,2,66,values_vs_freshness_gru_tuned_anchor_k0
06294940,-3.136175483527662e-05,0.005156427985409676,1,15,values_vs_freshness_gru_tuned_anchor_k0
06294980,8.09946242156465e-06,0.007641558104782724,1,20,values_vs_freshness_gru_tuned_anchor_k0
06295000,1.0994980949389724e-05,0.007275496228981673,1,61,values_vs_freshness_gru_tuned_anchor_k0
06296120,-3.446751350368258e-06,0.005035447653292369,1,36,values_vs_freshness_gru_tuned_anchor_k0
06306100,3.345658205678667e-05,0.0039246231885146626,1,21,values_vs_freshness_gru_tuned_anchor_k0
06306300,-7.544654741454076e-05,0.00870041605972259,1,56,values_vs_freshness_gru_tuned_anchor_k0
06307500,6.415540210976172e-06,0.01139463706614522,1,65,values_vs_freshness_gru_tuned_anchor_k0
06307600,3.561623066476302e-05,0.005545004672896239,1,27,values_vs_freshness_gru_tuned_anchor_k0
06307665,5.075387287792322e-07,0.00999319460409068,1,19,values_vs_freshness_gru_tuned_anchor_k0
06313500,-5.272110057658112e-06,0.027049476672769624,2,78,values_vs_freshness_gru_tuned_anchor_k0
06324500,-6.710212054071423e-05,0.007977261633504328,1,84,values_vs_freshness_gru_tuned_anchor_k0
06324925,-3.0196550207667926e-05,0.01968905459020806,2,58,values_vs_freshness_gru_tuned_anchor_k0
06324970,0.00010142455150739571,0.0364094175887896,2,138,values_vs_freshness_gru_tuned_anchor_k0
06326600,0.00031040407425831387,0.046284982537544414,3,114,values_vs_freshness_gru_tuned_anchor_k0
06330000,4.187428435617387e-07,0.0238024639092693,1,75,values_vs_freshness_gru_tuned_anchor_k0
06332515,9.785335918533943e-06,0.008645650980279388,1,20,values_vs_freshness_gru_tuned_anchor_k0
06332770,1.3659180324227077e-06,0.002801252428176749,1,16,values_vs_freshness_gru_tuned_anchor_k0
06336500,1.107577175446212e-05,0.007722604789913561,1,21,values_vs_freshness_gru_tuned_anchor_k0
06337000,1.8506530498995836e-05,0.013214678179816471,2,48,values_vs_freshness_gru_tuned_anchor_k0
06339550,2.4382117456620596e-05,0.011029472542469032,1,38,values_vs_freshness_gru_tuned_anchor_k0
06339800,4.582370529185856e-05,0.03293424146870423,2,64,values_vs_freshness_gru_tuned_anchor_k0
06339900,3.8005337602142425e-06,0.01334369642975558,1,34,values_vs_freshness_gru_tuned_anchor_k0
06340000,0.0002465111777966469,0.04395558377987248,2,138,values_vs_freshness_gru_tuned_anchor_k0
06340520,9.165977457360765e-06,0.006881213844665947,1,20,values_vs_freshness_gru_tuned_anchor_k0
06340580,-3.6374805552776004e-06,0.01965489464663636,2,38,values_vs_freshness_gru_tuned_anchor_k0
06342200,1.5704863438658703e-06,0.016605854930204125,1,40,values_vs_freshness_gru_tuned_anchor_k0
06342230,-2.7326699978856727e-05,0.009212422843596793,1,24,values_vs_freshness_gru_tuned_anchor_k0
06344600,4.7041015035299536e-05,0.030528941776512844,2,80,values_vs_freshness_gru_tuned_anchor_k0
06349000,3.8263684222509e-06,0.00544692133687235,1,18,values_vs_freshness_gru_tuned_anchor_k0
06349930,-1.732437380533918e-05,0.0228737605041001,1,62,values_vs_freshness_gru_tuned_anchor_k0
06350000,1.1188624588937716e-05,0.01283234900201227,1,34,values_vs_freshness_gru_tuned_anchor_k0
06355310,0.00019593608796753898,0.09606850533683356,1,67,values_vs_freshness_gru_tuned_anchor_k0
06375600,0.000100450134258471,0.009446371311347382,1,35,values_vs_freshness_gru_tuned_anchor_k0
06378300,5.1175856983676674e-05,0.03217125828133066,2,32,values_vs_freshness_gru_tuned_anchor_k0
06426400,1.5226771639475859e-05,0.018298798649224447,1,31,values_vs_freshness_gru_tuned_anchor_k0
06436180,-1.1564396743522265e-05,0.0012924212464088401,1,31,values_vs_freshness_gru_tuned_anchor_k0
06436198,4.977520946294666e-07,0.004936023810954316,1,30,values_vs_freshness_gru_tuned_anchor_k0
06453305,-7.776854458064035e-06,0.0005725464304644638,1,19,values_vs_freshness_gru_tuned_anchor_k0
06463720,-1.0171498020948899e-05,0.0048528759025308725,2,38,values_vs_freshness_gru_tuned_anchor_k0
06485500,0.000667850363444712,0.03432447597311979,2,168,values_vs_freshness_gru_tuned_anchor_k0
06607500,-0.00024502114913056217,0.05671641357380511,2,226,values_vs_freshness_gru_tuned_anchor_k0
06611100,0.00017430789648906927,0.0031017080207128263,1,19,values_vs_freshness_gru_tuned_anchor_k0
06611200,4.7959249224552914e-05,0.0067167183064234,1,19,values_vs_freshness_gru_tuned_anchor_k0
06611800,1.5253185109653015e-08,0.002717029821927368,1,19,values_vs_freshness_gru_tuned_anchor_k0
06710200,1.1525890522928115e-06,0.001839090796096857,1,5,values_vs_freshness_gru_tuned_anchor_k0
06713500,-0.00010617916085611376,0.021672214739631244,1,229,values_vs_freshness_gru_tuned_anchor_k0
06714000,1.8662493037637943e-05,0.016702101727291377,1,108,values_vs_freshness_gru_tuned_anchor_k0
06720500,0.00012634372653500816,0.03045781561942202,2,102,values_vs_freshness_gru_tuned_anchor_k0
06734900,-4.089333274815657e-05,0.0018645509284676476,1,27,values_vs_freshness_gru_tuned_anchor_k0
06752000,2.6216152394871944e-05,0.002097551683407867,1,24,values_vs_freshness_gru_tuned_anchor_k0
06753400,-1.6523884327557906e-05,0.002932387554129169,1,21,values_vs_freshness_gru_tuned_anchor_k0
06759910,0.0001274836803087477,0.003705412260204346,2,50,values_vs_freshness_gru_tuned_anchor_k0
06770500,9.45242271414443e-05,0.0035236008938343507,1,17,values_vs_freshness_gru_tuned_anchor_k0
06775900,-0.00022665551400576395,0.054255702739783446,1,195,values_vs_freshness_gru_tuned_anchor_k0
06791150,1.3759896869519793e-07,0.007303255916539077,2,30,values_vs_freshness_gru_tuned_anchor_k0
06805500,0.001326814783535834,0.0654591118349655,2,590,values_vs_freshness_gru_tuned_anchor_k0
06810000,-2.7525840603441223e-06,0.022355666519838682,1,125,values_vs_freshness_gru_tuned_anchor_k0
06818000,8.442075885210465e-07,0.0032878567657563967,1,32,values_vs_freshness_gru_tuned_anchor_k0
06879100,-9.404623293907774e-06,0.0018710623751705712,1,31,values_vs_freshness_gru_tuned_anchor_k0
06879650,-3.064673763694447e-05,0.0027986942450616706,1,15,values_vs_freshness_gru_tuned_anchor_k0
06880800,2.476133664028624e-05,0.007696163160843697,1,38,values_vs_freshness_gru_tuned_anchor_k0
06885500,5.755080132375696e-06,0.004795005222488222,1,30,values_vs_freshness_gru_tuned_anchor_k0
06887000,2.7651237661046984e-06,0.008686214724386295,1,54,values_vs_freshness_gru_tuned_anchor_k0
06890900,-3.3287784211332855e-06,0.0014351777319424246,1,27,values_vs_freshness_gru_tuned_anchor_k0
06891500,-0.00040322877932176505,0.003906564308738261,2,56,values_vs_freshness_gru_tuned_anchor_k0
06893350,5.089493872948995e-06,0.0015428395622663748,1,12,values_vs_freshness_gru_tuned_anchor_k0
06893390,-2.241915603022882e-05,0.0015364543623627147,1,20,values_vs_freshness_gru_tuned_anchor_k0
06893500,2.839632860032639e-05,0.010764344268806014,2,76,values_vs_freshness_gru_tuned_anchor_k0
06893562,4.728152073882503e-06,0.0059824946139335105,1,42,values_vs_freshness_gru_tuned_anchor_k0
06893578,9.897510705203495e-05,0.0022482288644009234,1,31,values_vs_freshness_gru_tuned_anchor_k0
06893620,0.0003839550126693697,0.005047019085712814,1,49,values_vs_freshness_gru_tuned_anchor_k0
06893940,-1.2017354722362917e-05,0.002318607266922155,1,31,values_vs_freshness_gru_tuned_anchor_k0
06894000,-1.8912506456673895e-06,0.0029123463037923018,1,44,values_vs_freshness_gru_tuned_anchor_k0
06902000,0.00010128569556194184,0.004669800886178789,1,27,values_vs_freshness_gru_tuned_anchor_k0
06923250,1.1860105224066861e-05,0.00196753350700853,1,25,values_vs_freshness_gru_tuned_anchor_k0
06926510,7.911424104852307e-07,0.001717798278712075,1,19,values_vs_freshness_gru_tuned_anchor_k0
07022000,2.2178503564951653e-05,0.021196850896282527,1,305,values_vs_freshness_gru_tuned_anchor_k0
07048600,1.7953646210628003e-05,0.013081469954446081,1,147,values_vs_freshness_gru_tuned_anchor_k0
07048800,0.0005759149738089524,0.015058158776098434,1,115,values_vs_freshness_gru_tuned_anchor_k0
07049000,0.0006624981341287021,0.025404390296489332,2,248,values_vs_freshness_gru_tuned_anchor_k0
07050500,0.00015788288835200527,0.002029240710111057,1,24,values_vs_freshness_gru_tuned_anchor_k0
07055893,5.796678941391248e-06,0.0013524969066566555,1,19,values_vs_freshness_gru_tuned_anchor_k0
07056000,0.0006027313990688029,0.018132827799781964,2,180,values_vs_freshness_gru_tuned_anchor_k0
07056515,0.00032260388055138287,0.005674140498643368,1,55,values_vs_freshness_gru_tuned_anchor_k0
07060710,0.00025949313945243594,0.00946289494443246,1,177,values_vs_freshness_gru_tuned_anchor_k0
07061600,-1.0578418295287828e-05,0.0016109109584151859,1,31,values_vs_freshness_gru_tuned_anchor_k0
07077500,-4.475652983683569e-05,0.008128555160490776,1,25,values_vs_freshness_gru_tuned_anchor_k0
07077555,3.961619293840683e-05,0.006001959598631441,1,41,values_vs_freshness_gru_tuned_anchor_k0
07077800,2.3679627070664167e-05,0.0018921444805032968,1,15,values_vs_freshness_gru_tuned_anchor_k0
07097000,-5.808283036924542e-07,0.0016219266628061746,1,11,values_vs_freshness_gru_tuned_anchor_k0
07099200,-4.272575839551767e-06,0.011699919472260118,1,115,values_vs_freshness_gru_tuned_anchor_k0
07099400,-0.00017250897126613434,0.011671518028786333,2,232,values_vs_freshness_gru_tuned_anchor_k0
07143672,0.0013246804221655802,0.03848529490177113,2,202,values_vs_freshness_gru_tuned_anchor_k0
07231975,-3.039773321043658e-07,0.0031841414577308868,1,11,values_vs_freshness_gru_tuned_anchor_k0
07373420,-8.90080408791936e-05,0.021405858510943655,1,315,values_vs_freshness_gru_tuned_anchor_k0
394340085524601,-0.00021964978571224292,0.01544490135737036,1,244,values_vs_freshness_gru_tuned_anchor_k0
401723105400000,0.003057996741995021,0.0139836134008658,1,265,values_vs_freshness_gru_tuned_anchor_k0
03016000,2.429179926749382e-05,0.0009534002148477795,1,29,flow_freshness_vs_prior_tail_gru_tuned_anchor_k0
03030852,0.00015850285663324444,0.003261796079638809,1,30,flow_freshness_vs_prior_tail_gru_tuned_anchor_k0
03037525,-1.797345658650422e-05,0.001568325419527541,1,25,flow_freshness_vs_prior_tail_gru_tuned_anchor_k0
03039420,0.00010296611366027338,0.0010757791479690238,1,20,flow_freshness_vs_prior_tail_gru_tuned_anchor_k0
03049625,-0.00012852063245941117,0.004142683551105172,1,43,flow_freshness_vs_prior_tail_gru_tuned_anchor_k0
03075001,0.00041596271475098846,0.005580203016089247,2,134,flow_freshness_vs_prior_tail_gru_tuned_anchor_k0
03083500,0.0005715425905652395,0.0031113282624160663,1,100,flow_freshness_vs_prior_tail_gru_tuned_anchor_k0
03085000,9.152687583331849e-05,0.005921611385679596,1,122,flow_freshness_vs_prior_tail_gru_tuned_anchor_k0
03104500,0.0005643797860233103,0.009131245987617678,2,68,flow_freshness_vs_prior_tail_gru_tuned_anchor_k0
03110983,-7.339610357451967e-05,0.0071554648259115755,2,56,flow_freshness_vs_prior_tail_gru_tuned_anchor_k0
03127970,0.00012141708632924485,0.008200323857419827,2,58,flow_freshness_vs_prior_tail_gru_tuned_anchor_k0
03144270,-2.629547659482108e-05,0.0026716033993984525,1,26,flow_freshness_vs_prior_tail_gru_tuned_anchor_k0
03144289,-0.0002252775021177017,0.007924205843883678,3,78,flow_freshness_vs_prior_tail_gru_tuned_anchor_k0
03201660,-4.767960820076014e-05,0.002171424117954494,1,20,flow_freshness_vs_prior_tail_gru_tuned_anchor_k0
03201700,2.196763305043191e-05,0.004137466721996231,1,37,flow_freshness_vs_prior_tail_gru_tuned_anchor_k0
03207962,-8.05576370063435e-05,0.0013808989274377626,1,16,flow_freshness_vs_prior_tail_gru_tuned_anchor_k0
03212500,5.416157846242983e-06,0.0023351538670283297,1,20,flow_freshness_vs_prior_tail_gru_tuned_anchor_k0
03216600,-0.0008643844591966016,0.007431797997996916,1,115,flow_freshness_vs_prior_tail_gru_tuned_anchor_k0
03245500,-1.1314652432243306e-06,0.003138234003553162,1,33,flow_freshness_vs_prior_tail_gru_tuned_anchor_k0
03281500,1.3915067327526654e-05,0.0016016474238861786,1,31,flow_freshness_vs_prior_tail_gru_tuned_anchor_k0
03290500,2.004506432456915e-06,0.0037593569890970236,1,53,flow_freshness_vs_prior_tail_gru_tuned_anchor_k0
03303280,-0.003465639012081758,0.024092919069561496,1,294,flow_freshness_vs_prior_tail_gru_tuned_anchor_k0
03339000,1.3279265434338408e-05,0.0004687483709450173,1,10,flow_freshness_vs_prior_tail_gru_tuned_anchor_k0
03353551,1.8728650146556015e-05,0.006630054691273251,1,21,flow_freshness_vs_prior_tail_gru_tuned_anchor_k0
03353630,5.64589709839297e-05,0.004172437831796062,2,42,flow_freshness_vs_prior_tail_gru_tuned_anchor_k0
03354000,-2.6174662647979393e-05,0.0017459129358765022,1,32,flow_freshness_vs_prior_tail_gru_tuned_anchor_k0
03357330,0.00012806650281931757,0.004221456117340411,2,54,flow_freshness_vs_prior_tail_gru_tuned_anchor_k0
03373530,5.712595770536449e-05,0.0034656908419000597,1,22,flow_freshness_vs_prior_tail_gru_tuned_anchor_k0
03378500,0.0005727364212603641,0.013938557328979868,1,285,flow_freshness_vs_prior_tail_gru_tuned_anchor_k0
03438500,-7.098222558191734e-05,0.0015024943123642114,2,60,flow_freshness_vs_prior_tail_gru_tuned_anchor_k0
03459500,-0.000269801913794805,0.007705276941601862,1,14,flow_freshness_vs_prior_tail_gru_tuned_anchor_k0
03460000,-0.000158797292705025,0.016798146276998983,1,67,flow_freshness_vs_prior_tail_gru_tuned_anchor_k0
03466208,-1.7568032116938593e-05,0.0028645710402806306,1,34,flow_freshness_vs_prior_tail_gru_tuned_anchor_k0
03497300,0.0006751172814740391,0.030417485339839057,3,585,flow_freshness_vs_prior_tail_gru_tuned_anchor_k0
03524550,6.943654839097834e-05,0.003166244591299674,1,19,flow_freshness_vs_prior_tail_gru_tuned_anchor_k0
03612500,4.114908603751452e-05,0.007463446859223439,1,197,flow_freshness_vs_prior_tail_gru_tuned_anchor_k0
03612600,-0.0012285115884328687,0.002963979905942122,1,106,flow_freshness_vs_prior_tail_gru_tuned_anchor_k0
05276005,2.9057401468668835e-05,0.00301455557403222,1,22,flow_freshness_vs_prior_tail_gru_tuned_anchor_k0
05288705,0.0003187001543376785,0.015983542175013136,1,200,flow_freshness_vs_prior_tail_gru_tuned_anchor_k0
05320270,-2.803130048414788e-05,0.0066333552860202965,1,34,flow_freshness_vs_prior_tail_gru_tuned_anchor_k0
05322000,0.00018157731229645436,0.00420614061393188,1,33,flow_freshness_vs_prior_tail_gru_tuned_anchor_k0
05325000,-3.612429760163063e-05,0.00035279346563359484,1,2,flow_freshness_vs_prior_tail_gru_tuned_anchor_k0
05325050,-5.041722974204656e-05,0.0013647731668332912,2,14,flow_freshness_vs_prior_tail_gru_tuned_anchor_k0
05331833,-2.040032554709516e-05,0.0033656166614317584,1,24,flow_freshness_vs_prior_tail_gru_tuned_anchor_k0
05333500,-5.677908780380385e-05,0.012612773639452013,1,62,flow_freshness_vs_prior_tail_gru_tuned_anchor_k0
05355250,-1.1745834272272576e-05,0.002087028245896426,1,29,flow_freshness_vs_prior_tail_gru_tuned_anchor_k0
05357206,0.00018924400750644128,0.009219391456358804,1,89,flow_freshness_vs_prior_tail_gru_tuned_anchor_k0
05357215,-0.0012880629512787528,0.010025549651812597,1,121,flow_freshness_vs_prior_tail_gru_tuned_anchor_k0
05357245,0.0007743132533045328,0.02479153424398085,1,114,flow_freshness_vs_prior_tail_gru_tuned_anchor_k0
05412500,-0.00015971854827408988,0.01572888357654546,1,113,flow_freshness_vs_prior_tail_gru_tuned_anchor_k0
05418600,-0.0012416479276700697,0.012644145150002659,1,113,flow_freshness_vs_prior_tail_gru_tuned_anchor_k0
05420500,-0.0027905669899188435,0.03428397006096276,1,291,flow_freshness_vs_prior_tail_gru_tuned_anchor_k0
05422000,0.000421605990856945,0.01378851382043047,1,145,flow_freshness_vs_prior_tail_gru_tuned_anchor_k0
05427948,4.197538206737439e-05,0.0035005753610676165,1,20,flow_freshness_vs_prior_tail_gru_tuned_anchor_k0
05427952,1.6234925937573874e-07,0.006043418482378661,1,21,flow_freshness_vs_prior_tail_gru_tuned_anchor_k0
05451070,-5.285398154154241e-07,0.0016355093423675647,1,15,flow_freshness_vs_prior_tail_gru_tuned_anchor_k0
05455100,-4.155239206808271e-06,0.0039825721134345285,1,26,flow_freshness_vs_prior_tail_gru_tuned_anchor_k0
05461390,2.5770257448075972e-05,0.004563710727872759,1,26,flow_freshness_vs_prior_tail_gru_tuned_anchor_k0
05463050,0.00010689393366243729,0.0023733594289286923,1,17,flow_freshness_vs_prior_tail_gru_tuned_anchor_k0
05464220,1.0795408680353069e-05,0.012741770309796984,2,72,flow_freshness_vs_prior_tail_gru_tuned_anchor_k0
05464760,-7.972212350094036e-07,0.001277510251929294,1,15,flow_freshness_vs_prior_tail_gru_tuned_anchor_k0
05465500,0.0008075727949796316,0.0243542300763387,1,286,flow_freshness_vs_prior_tail_gru_tuned_anchor_k0
05531500,-0.0001300469230375305,0.012450363897674278,2,28,flow_freshness_vs_prior_tail_gru_tuned_anchor_k0
05538020,-5.2324635196295094e-05,0.0003749492381436721,1,9,flow_freshness_vs_prior_tail_gru_tuned_anchor_k0
05540500,-5.6952169755908115e-05,0.0060890789320904495,2,70,flow_freshness_vs_prior_tail_gru_tuned_anchor_k0
05543500,-0.00014064509719594672,0.004747989101473778,1,53,flow_freshness_vs_prior_tail_gru_tuned_anchor_k0
05552500,-2.4761143768752104e-05,0.002557988246400792,1,40,flow_freshness_vs_prior_tail_gru_tuned_anchor_k0
05553700,-2.8970035859422072e-05,0.002414098282443756,2,60,flow_freshness_vs_prior_tail_gru_tuned_anchor_k0
05587455,4.3835171904503764e-05,0.024903881452021017,1,298,flow_freshness_vs_prior_tail_gru_tuned_anchor_k0
06126470,1.7893436390849285e-05,0.00462778684342838,1,17,flow_freshness_vs_prior_tail_gru_tuned_anchor_k0
06177825,-3.224991829473722e-06,0.004068017617765103,1,20,flow_freshness_vs_prior_tail_gru_tuned_anchor_k0
06183450,-3.4792209479791174e-05,0.009607453072884973,1,17,flow_freshness_vs_prior_tail_gru_tuned_anchor_k0
06208500,5.884712013548611e-05,0.0052096333404430565,1,28,flow_freshness_vs_prior_tail_gru_tuned_anchor_k0
06214500,5.9560821362427304e-05,0.0027799566795110643,1,44,flow_freshness_vs_prior_tail_gru_tuned_anchor_k0
06279500,0.0001351220364078622,0.005530114997953269,2,66,flow_freshness_vs_prior_tail_gru_tuned_anchor_k0
06294940,1.5869753332423175e-06,0.005158014960742918,1,15,flow_freshness_vs_prior_tail_gru_tuned_anchor_k0
06294980,-0.0005181533791267671,0.007123404725655957,1,20,flow_freshness_vs_prior_tail_gru_tuned_anchor_k0
06295000,6.119877009241921e-05,0.007336694999074092,1,61,flow_freshness_vs_prior_tail_gru_tuned_anchor_k0
06296120,2.59063974147031e-05,0.005061354050707072,1,36,flow_freshness_vs_prior_tail_gru_tuned_anchor_k0
06306100,7.85281987172486e-05,0.004003151387231911,1,21,flow_freshness_vs_prior_tail_gru_tuned_anchor_k0
06306300,0.0001730902149231066,0.008873506274645697,1,56,flow_freshness_vs_prior_tail_gru_tuned_anchor_k0
06307500,6.41636661243354e-05,0.011458800732269556,1,65,flow_freshness_vs_prior_tail_gru_tuned_anchor_k0
06307600,2.3922466892283267e-05,0.0055689271397885215,1,27,flow_freshness_vs_prior_tail_gru_tuned_anchor_k0
06307665,-3.812064358464612e-07,0.009992813397654834,1,19,flow_freshness_vs_prior_tail_gru_tuned_anchor_k0
06313500,0.00010958609058193803,0.02715906276335156,2,78,flow_freshness_vs_prior_tail_gru_tuned_anchor_k0
06324500,-2.8696331606433167e-05,0.007948565301897895,1,84,flow_freshness_vs_prior_tail_gru_tuned_anchor_k0
06324925,-0.00041311505695513205,0.01927593953325293,2,58,flow_freshness_vs_prior_tail_gru_tuned_anchor_k0
06324970,-0.0007138192068113019,0.035695598381978305,2,138,flow_freshness_vs_prior_tail_gru_tuned_anchor_k0
06326600,0.0005569985130277894,0.046841981050572204,3,114,flow_freshness_vs_prior_tail_gru_tuned_anchor_k0
06330000,-1.8813366511356173e-06,0.023800582572618165,1,75,flow_freshness_vs_prior_tail_gru_tuned_anchor_k0
06332515,2.0200493063626786e-05,0.008665851473343015,1,20,flow_freshness_vs_prior_tail_gru_tuned_anchor_k0
06332770,-9.399399338361777e-06,0.0027918530288383874,1,16,flow_freshness_vs_prior_tail_gru_tuned_anchor_k0
06336500,0.00046544802983403876,0.0081880528197476,1,21,flow_freshness_vs_prior_tail_gru_tuned_anchor_k0
06337000,-8.656558188263964e-05,0.013128112597933832,2,48,flow_freshness_vs_prior_tail_gru_tuned_anchor_k0
06339550,0.0007474355878399519,0.011776908130308983,1,38,flow_freshness_vs_prior_tail_gru_tuned_anchor_k0
06339800,-0.00021175495266077108,0.03272248651604345,2,64,flow_freshness_vs_prior_tail_gru_tuned_anchor_k0
06339900,-0.00013020627371581283,0.013213490156039768,1,34,flow_freshness_vs_prior_tail_gru_tuned_anchor_k0
06340000,0.00032676712193621584,0.044282350901808695,2,138,flow_freshness_vs_prior_tail_gru_tuned_anchor_k0
06340520,-1.7333780102426667e-06,0.006879480466655704,1,20,flow_freshness_vs_prior_tail_gru_tuned_anchor_k0
06340580,-0.00068500521421873,0.01896988943241763,2,38,flow_freshness_vs_prior_tail_gru_tuned_anchor_k0
06342200,3.769664276657475e-05,0.0166435515729707,1,40,flow_freshness_vs_prior_tail_gru_tuned_anchor_k0
06342230,-0.00039271830869183004,0.008819704534904963,1,24,flow_freshness_vs_prior_tail_gru_tuned_anchor_k0
06344600,0.0008976630641828123,0.031426604840695656,2,80,flow_freshness_vs_prior_tail_gru_tuned_anchor_k0
06349000,3.275288325020837e-05,0.0054796742201225586,1,18,flow_freshness_vs_prior_tail_gru_tuned_anchor_k0
06349930,-6.318600874856063e-06,0.02286744190322524,1,62,flow_freshness_vs_prior_tail_gru_tuned_anchor_k0
06350000,2.4819149992840814e-05,0.012857168152005112,1,34,flow_freshness_vs_prior_tail_gru_tuned_anchor_k0
06355310,-2.1116910990430928e-05,0.09604738842584314,1,67,flow_freshness_vs_prior_tail_gru_tuned_anchor_k0
06375600,-0.0006981631851004536,0.00874820812624693,1,35,flow_freshness_vs_prior_tail_gru_tuned_anchor_k0
06378300,-0.00048346435819636023,0.031687793923134304,2,32,flow_freshness_vs_prior_tail_gru_tuned_anchor_k0
06426400,-0.000781608095524308,0.01751719055370014,1,31,flow_freshness_vs_prior_tail_gru_tuned_anchor_k0
06436180,-1.4214625305275553e-05,0.0012782066211035645,1,31,flow_freshness_vs_prior_tail_gru_tuned_anchor_k0
06436198,5.474021170484636e-05,0.004990764022659162,1,30,flow_freshness_vs_prior_tail_gru_tuned_anchor_k0
06453305,-4.4533683250758856e-05,0.000528012747213705,1,19,flow_freshness_vs_prior_tail_gru_tuned_anchor_k0
06463720,-0.00015371751666583668,0.004699158385865035,2,38,flow_freshness_vs_prior_tail_gru_tuned_anchor_k0
06485500,-8.405424218355486e-05,0.034240421730936235,2,168,flow_freshness_vs_prior_tail_gru_tuned_anchor_k0
06607500,0.007478482289196184,0.06419489586300128,2,226,flow_freshness_vs_prior_tail_gru_tuned_anchor_k0
06611100,-2.600248832972937e-06,0.0030991077718798537,1,19,flow_freshness_vs_prior_tail_gru_tuned_anchor_k0
06611200,-2.9256642906087778e-05,0.006687461663517313,1,19,flow_freshness_vs_prior_tail_gru_tuned_anchor_k0
06611800,0.00021253107731223917,0.002929560899239607,1,19,flow_freshness_vs_prior_tail_gru_tuned_anchor_k0
06710200,-8.992611884469496e-06,0.0018300981842123876,1,5,flow_freshness_vs_prior_tail_gru_tuned_anchor_k0
06713500,0.0007294097570091486,0.022401624496640394,1,229,flow_freshness_vs_prior_tail_gru_tuned_anchor_k0
06714000,4.999156608094145e-06,0.016707100883899473,1,108,flow_freshness_vs_prior_tail_gru_tuned_anchor_k0
06720500,-0.0008216890225688197,0.029636126596853198,2,102,flow_freshness_vs_prior_tail_gru_tuned_anchor_k0
06734900,0.00033064024730197343,0.002195191175769621,1,27,flow_freshness_vs_prior_tail_gru_tuned_anchor_k0
06752000,2.026726127472164e-05,0.002117818944682589,1,24,flow_freshness_vs_prior_tail_gru_tuned_anchor_k0
06753400,4.9762733275452195e-05,0.002982150287404621,1,21,flow_freshness_vs_prior_tail_gru_tuned_anchor_k0
06759910,0.00010382135845807248,0.0038092336186624186,2,50,flow_freshness_vs_prior_tail_gru_tuned_anchor_k0
06770500,-1.234734537764416e-05,0.0035112535484567065,1,17,flow_freshness_vs_prior_tail_gru_tuned_anchor_k0
06775900,0.0014763364157712685,0.05573203915555471,1,195,flow_freshness_vs_prior_tail_gru_tuned_anchor_k0
06791150,9.886335604057722e-05,0.007402119272579655,2,30,flow_freshness_vs_prior_tail_gru_tuned_anchor_k0
06805500,0.00032426857964955075,0.06578338041461504,2,590,flow_freshness_vs_prior_tail_gru_tuned_anchor_k0
06810000,0.0001675895626766066,0.022523256082515288,1,125,flow_freshness_vs_prior_tail_gru_tuned_anchor_k0
06818000,2.2544893071838978e-05,0.0033104016588282356,1,32,flow_freshness_vs_prior_tail_gru_tuned_anchor_k0
06879100,1.089367861261736e-05,0.0018819560537831884,1,31,flow_freshness_vs_prior_tail_gru_tuned_anchor_k0
06879650,0.0002350651437032759,0.0030337593887649465,1,15,flow_freshness_vs_prior_tail_gru_tuned_anchor_k0
06880800,3.698763917731457e-05,0.007733150800021012,1,38,flow_freshness_vs_prior_tail_gru_tuned_anchor_k0
06885500,5.1029655894555145e-06,0.0048001081880776775,1,30,flow_freshness_vs_prior_tail_gru_tuned_anchor_k0
06887000,-4.789490365256217e-05,0.008638319820733733,1,54,flow_freshness_vs_prior_tail_gru_tuned_anchor_k0
06890900,3.1649310443557655e-05,0.0014668270423859823,1,27,flow_freshness_vs_prior_tail_gru_tuned_anchor_k0
06891500,4.880840741757618e-05,0.003955372716155836,2,56,flow_freshness_vs_prior_tail_gru_tuned_anchor_k0
06893350,-6.6119937333549775e-06,0.0015362275685330197,1,12,flow_freshness_vs_prior_tail_gru_tuned_anchor_k0
06893390,6.663849966539396e-06,0.0015431182123292542,1,20,flow_freshness_vs_prior_tail_gru_tuned_anchor_k0
06893500,-0.00013499685382880846,0.010629347414977206,2,76,flow_freshness_vs_prior_tail_gru_tuned_anchor_k0
06893562,-0.0001869107873820996,0.005795583826551411,1,42,flow_freshness_vs_prior_tail_gru_tuned_anchor_k0
06893578,-3.7937524429971034e-05,0.002210291339970952,1,31,flow_freshness_vs_prior_tail_gru_tuned_anchor_k0
06893620,-2.40582850046538e-05,0.00502296080070816,1,49,flow_freshness_vs_prior_tail_gru_tuned_anchor_k0
06893940,4.796467210505345e-05,0.0023665719390272085,1,31,flow_freshness_vs_prior_tail_gru_tuned_anchor_k0
06894000,3.985644354296231e-05,0.002952202747335264,1,44,flow_freshness_vs_prior_tail_gru_tuned_anchor_k0
06902000,-5.059508697569638e-07,0.004669294935309032,1,27,flow_freshness_vs_prior_tail_gru_tuned_anchor_k0
06923250,0.0001562596665701014,0.002123793173578631,1,25,flow_freshness_vs_prior_tail_gru_tuned_anchor_k0
06926510,1.2722500202871844e-05,0.0017305207789149468,1,19,flow_freshness_vs_prior_tail_gru_tuned_anchor_k0
07022000,-6.429971813427041e-05,0.021132551178148256,1,305,flow_freshness_vs_prior_tail_gru_tuned_anchor_k0
07048600,-7.451424043143519e-05,0.013006955714014647,1,147,flow_freshness_vs_prior_tail_gru_tuned_anchor_k0
07048800,-5.957681916158065e-05,0.014998581956936853,1,115,flow_freshness_vs_prior_tail_gru_tuned_anchor_k0
07049000,-9.858614688106797e-05,0.025305804149608264,2,248,flow_freshness_vs_prior_tail_gru_tuned_anchor_k0
07050500,-4.1082519426119166e-05,0.0019881581906849377,1,24,flow_freshness_vs_prior_tail_gru_tuned_anchor_k0
07055893,2.9554662832432582e-05,0.001382051569489088,1,19,flow_freshness_vs_prior_tail_gru_tuned_anchor_k0
07056000,0.0003497002637986976,0.018482528063580663,2,180,flow_freshness_vs_prior_tail_gru_tuned_anchor_k0
07056515,-0.00010851295220734756,0.005565627546436021,1,55,flow_freshness_vs_prior_tail_gru_tuned_anchor_k0
07060710,-0.00033298516388971896,0.009129909780542742,1,177,flow_freshness_vs_prior_tail_gru_tuned_anchor_k0
07061600,-4.763214720992164e-06,0.0016061477436941935,1,31,flow_freshness_vs_prior_tail_gru_tuned_anchor_k0
07077500,0.0002970013265526945,0.008425556487043472,1,25,flow_freshness_vs_prior_tail_gru_tuned_anchor_k0
07077555,-4.81806283361438e-05,0.005953778970295297,1,41,flow_freshness_vs_prior_tail_gru_tuned_anchor_k0
07077800,-0.0002614099700273783,0.0016307345104759185,1,15,flow_freshness_vs_prior_tail_gru_tuned_anchor_k0
07097000,2.459818602449038e-05,0.001646524848830665,1,11,flow_freshness_vs_prior_tail_gru_tuned_anchor_k0
07099200,3.143094263453087e-05,0.01173135041489465,1,115,flow_freshness_vs_prior_tail_gru_tuned_anchor_k0
07099400,0.00028008680482952337,0.011951604833615856,2,232,flow_freshness_vs_prior_tail_gru_tuned_anchor_k0
07143672,-0.00013134972579478124,0.03835394517597636,2,202,flow_freshness_vs_prior_tail_gru_tuned_anchor_k0
07231975,8.85381370165977e-05,0.0032726795947474845,1,11,flow_freshness_vs_prior_tail_gru_tuned_anchor_k0
07373420,0.0030521966354799435,0.0244580551464236,1,315,flow_freshness_vs_prior_tail_gru_tuned_anchor_k0
394340085524601,0.0002703996409375312,0.01571530099830789,1,244,flow_freshness_vs_prior_tail_gru_tuned_anchor_k0
401723105400000,-0.002129194570831599,0.0118544188300342,1,265,flow_freshness_vs_prior_tail_gru_tuned_anchor_k0
03016000,8.430919528829546e-05,0.0010134176108685812,1,29,flow_freshness_vs_context_gru_tuned_anchor_k0
03030852,-0.0004196861154760537,0.0026836071075295106,1,30,flow_freshness_vs_context_gru_tuned_anchor_k0
03037525,-0.0003307460995110662,0.001255552776602979,1,25,flow_freshness_vs_context_gru_tuned_anchor_k0
03039420,-0.0001185425892343668,0.0008542704450743836,1,20,flow_freshness_vs_context_gru_tuned_anchor_k0
03049625,-0.00031992521286809607,0.003951278970696487,1,43,flow_freshness_vs_context_gru_tuned_anchor_k0
03075001,0.0007942574649285156,0.005958497766266774,2,134,flow_freshness_vs_context_gru_tuned_anchor_k0
03083500,0.0011203663270188927,0.0036601519988697195,1,100,flow_freshness_vs_context_gru_tuned_anchor_k0
03085000,0.0012329394072269945,0.007063023917073272,1,122,flow_freshness_vs_context_gru_tuned_anchor_k0
03104500,-0.0008888067878051306,0.0076780594137892365,2,68,flow_freshness_vs_context_gru_tuned_anchor_k0
03110983,-0.00017418767132365657,0.0070546732581624385,2,56,flow_freshness_vs_context_gru_tuned_anchor_k0
03127970,0.0002994451888096145,0.008378351959900197,2,58,flow_freshness_vs_context_gru_tuned_anchor_k0
03144270,-2.474536543543394e-05,0.0026731535105578397,1,26,flow_freshness_vs_context_gru_tuned_anchor_k0
03144289,5.316407887921457e-05,0.008202647424880595,3,78,flow_freshness_vs_context_gru_tuned_anchor_k0
03201660,0.00010069392917666193,0.002319797655331916,1,20,flow_freshness_vs_context_gru_tuned_anchor_k0
03201700,0.00017114934149045595,0.004286648430436255,1,37,flow_freshness_vs_context_gru_tuned_anchor_k0
03207962,-9.704074091131543e-05,0.0013644158235327905,1,16,flow_freshness_vs_context_gru_tuned_anchor_k0
03212500,-0.00022335384504875162,0.002106383864133335,1,20,flow_freshness_vs_context_gru_tuned_anchor_k0
03216600,-0.0011708029428396426,0.007125379514353875,1,115,flow_freshness_vs_context_gru_tuned_anchor_k0
03245500,-1.6207460584433575e-05,0.0031231580082119524,1,33,flow_freshness_vs_context_gru_tuned_anchor_k0
03281500,0.0001423600558073023,0.0017300924123659542,1,31,flow_freshness_vs_context_gru_tuned_anchor_k0
03290500,-9.155306548534178e-05,0.003665799417179225,1,53,flow_freshness_vs_context_gru_tuned_anchor_k0
03303280,-0.005185870241053517,0.022372687840589735,1,294,flow_freshness_vs_context_gru_tuned_anchor_k0
03339000,-5.954005479188181e-05,0.0003959290507187971,1,10,flow_freshness_vs_context_gru_tuned_anchor_k0
03353551,-9.975634650957764e-06,0.006601350406475737,1,21,flow_freshness_vs_context_gru_tuned_anchor_k0
03353630,0.00031659466174671755,0.004432573522558849,2,42,flow_freshness_vs_context_gru_tuned_anchor_k0
03354000,-9.29555207331169e-05,0.0016791320777913648,1,32,flow_freshness_vs_context_gru_tuned_anchor_k0
03357330,0.0006073308529436158,0.0047007204674647095,2,54,flow_freshness_vs_context_gru_tuned_anchor_k0
03373530,0.0002547387088275737,0.003663303593022269,1,22,flow_freshness_vs_context_gru_tuned_anchor_k0
03378500,0.0006789364632713505,0.014044757370990856,1,285,flow_freshness_vs_context_gru_tuned_anchor_k0
03438500,-0.0004658771581700405,0.001107599379776088,2,60,flow_freshness_vs_context_gru_tuned_anchor_k0
03459500,-0.000270298473635153,0.007704780381761514,1,14,flow_freshness_vs_context_gru_tuned_anchor_k0
03460000,6.707676334963184e-05,0.01702402033305364,1,67,flow_freshness_vs_context_gru_tuned_anchor_k0
03466208,0.0004868045957579966,0.003368943668155566,1,34,flow_freshness_vs_context_gru_tuned_anchor_k0
03497300,-0.001564370624529927,0.028177997433835093,3,585,flow_freshness_vs_context_gru_tuned_anchor_k0
03524550,-0.0006693758743580421,0.0024274321685506537,1,19,flow_freshness_vs_context_gru_tuned_anchor_k0
03612500,0.0002659266535286937,0.007688224426714619,1,197,flow_freshness_vs_context_gru_tuned_anchor_k0
03612600,-0.0016585363183027006,0.00253395517607229,1,106,flow_freshness_vs_context_gru_tuned_anchor_k0
05276005,-0.00018289765135141267,0.0028026005212121387,1,22,flow_freshness_vs_context_gru_tuned_anchor_k0
05288705,0.0005236592469692864,0.016188501267644744,1,200,flow_freshness_vs_context_gru_tuned_anchor_k0
05320270,-0.00021984369005923016,0.006441542896445214,1,34,flow_freshness_vs_context_gru_tuned_anchor_k0
05322000,-0.0003106602397704974,0.0037139030618649283,1,33,flow_freshness_vs_context_gru_tuned_anchor_k0
05325000,-3.911659709957552e-05,0.0003498011661356499,1,2,flow_freshness_vs_context_gru_tuned_anchor_k0
05325050,-0.00019095354797805665,0.0012242368485972813,2,14,flow_freshness_vs_context_gru_tuned_anchor_k0
05331833,-0.00015410793238497365,0.00323190905459388,1,24,flow_freshness_vs_context_gru_tuned_anchor_k0
05333500,-0.0003164116235804152,0.012353141103675401,1,62,flow_freshness_vs_context_gru_tuned_anchor_k0
05355250,-0.0001542476300857718,0.0019445264500829267,1,29,flow_freshness_vs_context_gru_tuned_anchor_k0
05357206,-3.4617909788232548e-06,0.009026685657873538,1,89,flow_freshness_vs_context_gru_tuned_anchor_k0
05357215,-0.0018203296787203751,0.009493282924370974,1,121,flow_freshness_vs_context_gru_tuned_anchor_k0
05357245,0.004516720319182634,0.02853394130985895,1,114,flow_freshness_vs_context_gru_tuned_anchor_k0
05412500,0.003479965502044081,0.01936856762686363,1,113,flow_freshness_vs_context_gru_tuned_anchor_k0
05418600,0.0020057827152513146,0.015891575792924044,1,113,flow_freshness_vs_context_gru_tuned_anchor_k0
05420500,-0.0026134469585490025,0.0344610900923326,1,291,flow_freshness_vs_context_gru_tuned_anchor_k0
05422000,0.0018177225774918297,0.015184630407065355,1,145,flow_freshness_vs_context_gru_tuned_anchor_k0
05427948,5.515234558968227e-06,0.00346411521355921,1,20,flow_freshness_vs_context_gru_tuned_anchor_k0
05427952,0.00011013126360916818,0.006153387396728454,1,21,flow_freshness_vs_context_gru_tuned_anchor_k0
05451070,-0.00021477238033355408,0.0014212655018494263,1,15,flow_freshness_vs_context_gru_tuned_anchor_k0
05455100,-2.7465118459100976e-05,0.003959262234182236,1,26,flow_freshness_vs_context_gru_tuned_anchor_k0
05461390,0.0006803016494534979,0.005218242119878181,1,26,flow_freshness_vs_context_gru_tuned_anchor_k0
05463050,-2.0896692247012216e-05,0.0022455688030192426,1,17,flow_freshness_vs_context_gru_tuned_anchor_k0
05464220,0.0005832513060780876,0.013314226207194718,2,72,flow_freshness_vs_context_gru_tuned_anchor_k0
05464760,-0.00013375534663076472,0.0011445521265335387,1,15,flow_freshness_vs_context_gru_tuned_anchor_k0
05465500,0.0016285202204194594,0.02517517750177853,1,286,flow_freshness_vs_context_gru_tuned_anchor_k0
05531500,-0.00048733741805133467,0.012093073402660474,2,28,flow_freshness_vs_context_gru_tuned_anchor_k0
05538020,0.00010443027044832686,0.000531704143788294,1,9,flow_freshness_vs_context_gru_tuned_anchor_k0
05540500,-0.00011862486441951232,0.006027406237426845,2,70,flow_freshness_vs_context_gru_tuned_anchor_k0
05543500,-0.00036224557100282946,0.004526388627666896,1,53,flow_freshness_vs_context_gru_tuned_anchor_k0
05552500,-0.00014351915741024932,0.002439230232759295,1,40,flow_freshness_vs_context_gru_tuned_anchor_k0
05553700,-0.00035854004043256416,0.002084528277870614,2,60,flow_freshness_vs_context_gru_tuned_anchor_k0
05587455,-0.0022734611354346275,0.022586585144681884,1,298,flow_freshness_vs_context_gru_tuned_anchor_k0
06126470,-0.00042194551636629555,0.004187947890671236,1,17,flow_freshness_vs_context_gru_tuned_anchor_k0
06177825,-4.6041980411295404e-05,0.0040252006291832815,1,20,flow_freshness_vs_context_gru_tuned_anchor_k0
06183450,-0.0002238595259052979,0.009418385756459466,1,17,flow_freshness_vs_context_gru_tuned_anchor_k0
06208500,0.0004038336717698998,0.00555461989207747,1,28,flow_freshness_vs_context_gru_tuned_anchor_k0
06214500,0.001739869425308542,0.004460265283457179,1,44,flow_freshness_vs_context_gru_tuned_anchor_k0
06279500,0.0014621160299382462,0.006857108991483653,2,66,flow_freshness_vs_context_gru_tuned_anchor_k0
06294940,0.00023861015867637127,0.005395038144086047,1,15,flow_freshness_vs_context_gru_tuned_anchor_k0
06294980,-0.00020191782231549914,0.007439640282467225,1,20,flow_freshness_vs_context_gru_tuned_anchor_k0
06295000,0.0021918319115502767,0.00946732814053195,1,61,flow_freshness_vs_context_gru_tuned_anchor_k0
06296120,0.00016508461115305922,0.005200532264445428,1,36,flow_freshness_vs_context_gru_tuned_anchor_k0
06306100,-1.9614749319787644e-05,0.003905008439194875,1,21,flow_freshness_vs_context_gru_tuned_anchor_k0
06306300,0.002716689139813237,0.011417105199535827,1,56,flow_freshness_vs_context_gru_tuned_anchor_k0
06307500,0.0004192005174202474,0.011813837583565467,1,65,flow_freshness_vs_context_gru_tuned_anchor_k0
06307600,-0.00024795967327885423,0.005297044999617384,1,27,flow_freshness_vs_context_gru_tuned_anchor_k0
06307665,-0.00017830941477445152,0.00981488518931623,1,19,flow_freshness_vs_context_gru_tuned_anchor_k0
06313500,6.871825054266368e-05,0.027118194923312286,2,78,flow_freshness_vs_context_gru_tuned_anchor_k0
06324500,0.000585749669654754,0.008563011303159082,1,84,flow_freshness_vs_context_gru_tuned_anchor_k0
06324925,-0.0005668493913373786,0.019122205198870684,2,58,flow_freshness_vs_context_gru_tuned_anchor_k0
06324970,-0.001363939587881655,0.035045478000907945,2,138,flow_freshness_vs_context_gru_tuned_anchor_k0
06326600,-0.0008719671763120396,0.04541301536123238,3,114,flow_freshness_vs_context_gru_tuned_anchor_k0
06330000,-0.00012932056352605494,0.023673143345743247,1,75,flow_freshness_vs_context_gru_tuned_anchor_k0
06332515,0.00011893324159120221,0.00876458422187059,1,20,flow_freshness_vs_context_gru_tuned_anchor_k0
06332770,-2.0841875101984826e-05,0.002780410553074764,1,16,flow_freshness_vs_context_gru_tuned_anchor_k0
06336500,0.00020418014570228153,0.007926784935615841,1,21,flow_freshness_vs_context_gru_tuned_anchor_k0
06337000,-0.00014068966146619155,0.01307398851835028,2,48,flow_freshness_vs_context_gru_tuned_anchor_k0
06339550,0.00031330258613504106,0.011342775128604073,1,38,flow_freshness_vs_context_gru_tuned_anchor_k0
06339800,0.0010688851908052725,0.0340031266595095,2,64,flow_freshness_vs_context_gru_tuned_anchor_k0
06339900,-0.0001775834262001459,0.013166113003555434,1,34,flow_freshness_vs_context_gru_tuned_anchor_k0
06340000,-0.0006397929794748016,0.04331579080039767,2,138,flow_freshness_vs_context_gru_tuned_anchor_k0
06340520,-1.656526192033963e-06,0.006879557318473913,1,20,flow_freshness_vs_context_gru_tuned_anchor_k0
06340580,-0.00040308225742004955,0.01925181238921631,2,38,flow_freshness_vs_context_gru_tuned_anchor_k0
06342200,0.0002578613532650117,0.016863716283469138,1,40,flow_freshness_vs_context_gru_tuned_anchor_k0
06342230,-0.00018461223043034363,0.00902781061316645,1,24,flow_freshness_vs_context_gru_tuned_anchor_k0
06344600,0.0006788876291543505,0.031207829405667197,2,80,flow_freshness_vs_context_gru_tuned_anchor_k0
06349000,0.00023132312398848736,0.005678244460860837,1,18,flow_freshness_vs_context_gru_tuned_anchor_k0
06349930,3.187184447258053e-05,0.02290563234857268,1,62,flow_freshness_vs_context_gru_tuned_anchor_k0
06350000,0.00020499657104905165,0.013037345573061323,1,34,flow_freshness_vs_context_gru_tuned_anchor_k0
06355310,0.007112129551467495,0.10318063488830105,1,67,flow_freshness_vs_context_gru_tuned_anchor_k0
06375600,-0.00042195260999226494,0.009024418701355117,1,35,flow_freshness_vs_context_gru_tuned_anchor_k0
06378300,-0.0003761097164585376,0.031795148564872124,2,32,flow_freshness_vs_context_gru_tuned_anchor_k0
06426400,-0.00042440715922127426,0.017874391490003173,1,31,flow_freshness_vs_context_gru_tuned_anchor_k0
06436180,0.0005475219143383206,0.0018399431607471607,1,31,flow_freshness_vs_context_gru_tuned_anchor_k0
06436198,0.00038389139006854737,0.005319915201022863,1,30,flow_freshness_vs_context_gru_tuned_anchor_k0
06453305,0.00024863672767628695,0.0008211831581407508,1,19,flow_freshness_vs_context_gru_tuned_anchor_k0
06463720,-0.00013817954310585396,0.004714696359425018,2,38,flow_freshness_vs_context_gru_tuned_anchor_k0
06485500,0.0023321626101094383,0.036656638583229234,2,168,flow_freshness_vs_context_gru_tuned_anchor_k0
06607500,0.007166765120970828,0.06388317869477593,2,226,flow_freshness_vs_context_gru_tuned_anchor_k0
06611100,2.2307690844124733e-05,0.0031240157115569513,1,19,flow_freshness_vs_context_gru_tuned_anchor_k0
06611200,0.0009735233322079296,0.00769024163863133,1,19,flow_freshness_vs_context_gru_tuned_anchor_k0
06611800,5.5652732221641516e-05,0.0027726825541490095,1,19,flow_freshness_vs_context_gru_tuned_anchor_k0
06710200,-1.6692259457543912e-05,0.0018223985366393133,1,5,flow_freshness_vs_context_gru_tuned_anchor_k0
06713500,0.0025253924997696965,0.02419760723940094,1,229,flow_freshness_vs_context_gru_tuned_anchor_k0
06714000,-0.00010994698559825802,0.01659215474169312,1,108,flow_freshness_vs_context_gru_tuned_anchor_k0
06720500,-0.002241421009931229,0.02821639460949079,2,102,flow_freshness_vs_context_gru_tuned_anchor_k0
06734900,-0.000635964927307006,0.0012285860011606417,1,27,flow_freshness_vs_context_gru_tuned_anchor_k0
06752000,0.00014694515449372366,0.002244496837901591,1,24,flow_freshness_vs_context_gru_tuned_anchor_k0
06753400,0.0005360071761176046,0.0034683947302467733,1,21,flow_freshness_vs_context_gru_tuned_anchor_k0
06759910,0.00109448440919355,0.004799896669397896,2,50,flow_freshness_vs_context_gru_tuned_anchor_k0
06770500,-3.898427430560106e-05,0.0034846166195287498,1,17,flow_freshness_vs_context_gru_tuned_anchor_k0
06775900,0.003463310204102586,0.05771901294388603,1,195,flow_freshness_vs_context_gru_tuned_anchor_k0
06791150,0.00010788441809068313,0.00741114033462976,2,30,flow_freshness_vs_context_gru_tuned_anchor_k0
06805500,0.0065093974436361505,0.07196850927860166,2,590,flow_freshness_vs_context_gru_tuned_anchor_k0
06810000,0.0012136277119844019,0.023569294231823086,1,125,flow_freshness_vs_context_gru_tuned_anchor_k0
06818000,0.00019809736097806615,0.0034859541267344626,1,32,flow_freshness_vs_context_gru_tuned_anchor_k0
06879100,4.33993214028034e-05,0.0019144616965733744,1,31,flow_freshness_vs_context_gru_tuned_anchor_k0
06879650,0.00019656178757511262,0.0029952560326367834,1,15,flow_freshness_vs_context_gru_tuned_anchor_k0
06880800,0.00025099247713960995,0.007947155637983308,1,38,flow_freshness_vs_context_gru_tuned_anchor_k0
06885500,7.157936697974019e-05,0.0048665845894679625,1,30,flow_freshness_vs_context_gru_tuned_anchor_k0
06887000,-0.0002642306893366148,0.00842198403504968,1,54,flow_freshness_vs_context_gru_tuned_anchor_k0
06890900,0.00024673763462011283,0.0016819153665625375,1,27,flow_freshness_vs_context_gru_tuned_anchor_k0
06891500,0.00025551459277205327,0.004162078901510314,2,56,flow_freshness_vs_context_gru_tuned_anchor_k0
06893350,-4.3352851662027754e-05,0.001499486710604347,1,12,flow_freshness_vs_context_gru_tuned_anchor_k0
06893390,2.764675342834864e-05,0.0015641011157910634,1,20,flow_freshness_vs_context_gru_tuned_anchor_k0
06893500,-0.00036947323062464367,0.010394871038181371,2,76,flow_freshness_vs_context_gru_tuned_anchor_k0
06893562,0.000505264465684465,0.0064877590796179755,1,42,flow_freshness_vs_context_gru_tuned_anchor_k0
06893578,-9.070813025395496e-05,0.002157520734146968,1,31,flow_freshness_vs_context_gru_tuned_anchor_k0
06893620,0.0011696696195755525,0.0062166887052883665,1,49,flow_freshness_vs_context_gru_tuned_anchor_k0
06893940,0.000270294675228003,0.002588901942150158,1,31,flow_freshness_vs_context_gru_tuned_anchor_k0
06894000,0.0004772818571405894,0.003389628160932891,1,44,flow_freshness_vs_context_gru_tuned_anchor_k0
06902000,0.00011448838064595881,0.004784289266824748,1,27,flow_freshness_vs_context_gru_tuned_anchor_k0
06923250,0.00020674200434210057,0.0021742755113506305,1,25,flow_freshness_vs_context_gru_tuned_anchor_k0
06926510,9.81067787291373e-05,0.0018159050574412124,1,19,flow_freshness_vs_context_gru_tuned_anchor_k0
07022000,-0.0008809786886503815,0.020315872207632146,1,305,flow_freshness_vs_context_gru_tuned_anchor_k0
07048600,-0.00039992212948829035,0.012681547824957791,1,147,flow_freshness_vs_context_gru_tuned_anchor_k0
07048800,0.0004791029113642172,0.015537261687462651,1,115,flow_freshness_vs_context_gru_tuned_anchor_k0
07049000,0.0007963166564143591,0.02620070695290369,2,248,flow_freshness_vs_context_gru_tuned_anchor_k0
07050500,-1.7708155137280345e-05,0.0020115325549737765,1,24,flow_freshness_vs_context_gru_tuned_anchor_k0
07055893,0.00023074879724186955,0.0015832457038985252,1,19,flow_freshness_vs_context_gru_tuned_anchor_k0
07056000,0.0022404506022668845,0.020373278402048847,2,180,flow_freshness_vs_context_gru_tuned_anchor_k0
07056515,0.00029479970948180045,0.005968940208125169,1,55,flow_freshness_vs_context_gru_tuned_anchor_k0
07060710,-0.0016138623393217957,0.007849032605110665,1,177,flow_freshness_vs_context_gru_tuned_anchor_k0
07061600,0.0003870615800981987,0.0019979725385133843,1,31,flow_freshness_vs_context_gru_tuned_anchor_k0
07077500,0.0009305440291493621,0.009059099189640138,1,25,flow_freshness_vs_context_gru_tuned_anchor_k0
07077555,-1.846042473032601e-05,0.005983499173901115,1,41,flow_freshness_vs_context_gru_tuned_anchor_k0
07077800,-0.0001818586595162587,0.001710285820987038,1,15,flow_freshness_vs_context_gru_tuned_anchor_k0
07097000,0.00016218280523055148,0.001784109468036726,1,11,flow_freshness_vs_context_gru_tuned_anchor_k0
07099200,0.0012969107466880877,0.012996830218948206,1,115,flow_freshness_vs_context_gru_tuned_anchor_k0
07099400,0.005752062137765086,0.01742358016655142,2,232,flow_freshness_vs_context_gru_tuned_anchor_k0
07143672,-0.0011490336814530275,0.037336261220318114,2,202,flow_freshness_vs_context_gru_tuned_anchor_k0
07231975,0.0010531321689455835,0.00423727362667647,1,11,flow_freshness_vs_context_gru_tuned_anchor_k0
07373420,0.004362206566375953,0.02576806507731961,1,315,flow_freshness_vs_context_gru_tuned_anchor_k0
394340085524601,0.00013434808905576646,0.015579249446426127,1,244,flow_freshness_vs_context_gru_tuned_anchor_k0
401723105400000,-0.0006080867528155581,0.01337552664805024,1,265,flow_freshness_vs_context_gru_tuned_anchor_k0
03016000,1.580974607424614e-05,0.0009534002148477795,1,29,flow_values_vs_prior_tail_gru_tuned_anchor_k0
03030852,0.00020713785630369335,0.003261796079638809,1,30,flow_values_vs_prior_tail_gru_tuned_anchor_k0
03037525,2.500167493051601e-05,0.001568325419527541,1,25,flow_values_vs_prior_tail_gru_tuned_anchor_k0
03039420,0.0001145485309635396,0.0010757791479690238,1,20,flow_values_vs_prior_tail_gru_tuned_anchor_k0
03049625,-0.00014219468587906164,0.004142683551105172,1,43,flow_values_vs_prior_tail_gru_tuned_anchor_k0
03075001,0.00040422797893443254,0.005580203016089247,2,134,flow_values_vs_prior_tail_gru_tuned_anchor_k0
03083500,0.0005320614784077972,0.0031113282624160663,1,100,flow_values_vs_prior_tail_gru_tuned_anchor_k0
03085000,8.891220875988203e-05,0.005921611385679596,1,122,flow_values_vs_prior_tail_gru_tuned_anchor_k0
03104500,0.0005175132051773198,0.009131245987617678,2,68,flow_values_vs_prior_tail_gru_tuned_anchor_k0
03110983,-3.501180028158723e-05,0.0071554648259115755,2,56,flow_values_vs_prior_tail_gru_tuned_anchor_k0
03127970,0.00014174794946254966,0.008200323857419827,2,58,flow_values_vs_prior_tail_gru_tuned_anchor_k0
03144270,-5.751740036370032e-06,0.0026716033993984525,1,26,flow_values_vs_prior_tail_gru_tuned_anchor_k0
03144289,-0.00020490664406527727,0.007924205843883678,3,78,flow_values_vs_prior_tail_gru_tuned_anchor_k0
03201660,-3.594462475236262e-05,0.002171424117954494,1,20,flow_values_vs_prior_tail_gru_tuned_anchor_k0
03201700,2.2575168008266563e-05,0.004137466721996231,1,37,flow_values_vs_prior_tail_gru_tuned_anchor_k0
03207962,-6.132418948059492e-05,0.0013808989274377626,1,16,flow_values_vs_prior_tail_gru_tuned_anchor_k0
03212500,7.485875904952914e-05,0.0023351538670283297,1,20,flow_values_vs_prior_tail_gru_tuned_anchor_k0
03216600,-0.0007421397199210283,0.007431797997996916,1,115,flow_values_vs_prior_tail_gru_tuned_anchor_k0
03245500,4.731480360966652e-06,0.003138234003553162,1,33,flow_values_vs_prior_tail_gru_tuned_anchor_k0
03281500,-2.6380178739405885e-06,0.0016016474238861786,1,31,flow_values_vs_prior_tail_gru_tuned_anchor_k0
03290500,6.443023226964923e-06,0.0037593569890970236,1,53,flow_values_vs_prior_tail_gru_tuned_anchor_k0
03303280,-0.0030270861962233106,0.024092919069561496,1,294,flow_values_vs_prior_tail_gru_tuned_anchor_k0
03339000,1.515576130657977e-05,0.0004687483709450173,1,10,flow_values_vs_prior_tail_gru_tuned_anchor_k0
03353551,-6.179427874177086e-05,0.006630054691273251,1,21,flow_values_vs_prior_tail_gru_tuned_anchor_k0
03353630,5.227693087037751e-05,0.004172437831796062,2,42,flow_values_vs_prior_tail_gru_tuned_anchor_k0
03354000,-0.00027455778008661204,0.0017459129358765022,1,32,flow_values_vs_prior_tail_gru_tuned_anchor_k0
03357330,0.00012659619693873673,0.004221456117340411,2,54,flow_values_vs_prior_tail_gru_tuned_anchor_k0
03373530,5.936892586259233e-05,0.0034656908419000597,1,22,flow_values_vs_prior_tail_gru_tuned_anchor_k0
03378500,0.0007117399177403383,0.013938557328979868,1,285,flow_values_vs_prior_tail_gru_tuned_anchor_k0
03438500,0.00017329597820090498,0.0015024943123642114,2,60,flow_values_vs_prior_tail_gru_tuned_anchor_k0
03459500,-0.00025847392658816547,0.007705276941601862,1,14,flow_values_vs_prior_tail_gru_tuned_anchor_k0
03460000,-0.00016450618413734223,0.016798146276998983,1,67,flow_values_vs_prior_tail_gru_tuned_anchor_k0
03466208,-2.1392613731079197e-05,0.0028645710402806306,1,34,flow_values_vs_prior_tail_gru_tuned_anchor_k0
03497300,0.0004613859755953491,0.030417485339839057,3,585,flow_values_vs_prior_tail_gru_tuned_anchor_k0
03524550,0.00018842801394248774,0.003166244591299674,1,19,flow_values_vs_prior_tail_gru_tuned_anchor_k0
03612500,4.102944254475585e-05,0.007463446859223439,1,197,flow_values_vs_prior_tail_gru_tuned_anchor_k0
03612600,-0.0010648273479256923,0.002963979905942122,1,106,flow_values_vs_prior_tail_gru_tuned_anchor_k0
05276005,9.940955880776336e-05,0.00301455557403222,1,22,flow_values_vs_prior_tail_gru_tuned_anchor_k0
05288705,0.00043561144707400973,0.015983542175013136,1,200,flow_values_vs_prior_tail_gru_tuned_anchor_k0
05320270,-3.9215214819798793e-05,0.0066333552860202965,1,34,flow_values_vs_prior_tail_gru_tuned_anchor_k0
05322000,0.0002109109560939296,0.00420614061393188,1,33,flow_values_vs_prior_tail_gru_tuned_anchor_k0
05325000,-3.602604270659209e-05,0.00035279346563359484,1,2,flow_values_vs_prior_tail_gru_tuned_anchor_k0
05325050,-4.698328735287162e-05,0.0013647731668332912,2,14,flow_values_vs_prior_tail_gru_tuned_anchor_k0
05331833,-2.0169425988073286e-05,0.0033656166614317584,1,24,flow_values_vs_prior_tail_gru_tuned_anchor_k0
05333500,-4.32650506307905e-05,0.012612773639452013,1,62,flow_values_vs_prior_tail_gru_tuned_anchor_k0
05355250,-1.3637971359001431e-05,0.002087028245896426,1,29,flow_values_vs_prior_tail_gru_tuned_anchor_k0
05357206,0.0002291318822262474,0.009219391456358804,1,89,flow_values_vs_prior_tail_gru_tuned_anchor_k0
05357215,-0.0011553544564726573,0.010025549651812597,1,121,flow_values_vs_prior_tail_gru_tuned_anchor_k0
05357245,0.0007500937718963371,0.02479153424398085,1,114,flow_values_vs_prior_tail_gru_tuned_anchor_k0
05412500,0.0006421738315618066,0.01572888357654546,1,113,flow_values_vs_prior_tail_gru_tuned_anchor_k0
05418600,-0.0012837803164963038,0.012644145150002659,1,113,flow_values_vs_prior_tail_gru_tuned_anchor_k0
05420500,-0.002526531012167831,0.03428397006096276,1,291,flow_values_vs_prior_tail_gru_tuned_anchor_k0
05422000,0.0003963398800525743,0.01378851382043047,1,145,flow_values_vs_prior_tail_gru_tuned_anchor_k0
05427948,6.199289713803386e-05,0.0035005753610676165,1,20,flow_values_vs_prior_tail_gru_tuned_anchor_k0
05427952,-1.4585597968757265e-07,0.006043418482378661,1,21,flow_values_vs_prior_tail_gru_tuned_anchor_k0
05451070,-5.0738811433611764e-05,0.0016355093423675647,1,15,flow_values_vs_prior_tail_gru_tuned_anchor_k0
05455100,1.232408200487982e-06,0.0039825721134345285,1,26,flow_values_vs_prior_tail_gru_tuned_anchor_k0
05461390,0.00017918780889835818,0.004563710727872759,1,26,flow_values_vs_prior_tail_gru_tuned_anchor_k0
05463050,8.542239586026148e-05,0.0023733594289286923,1,17,flow_values_vs_prior_tail_gru_tuned_anchor_k0
05464220,9.368295808422569e-05,0.012741770309796984,2,72,flow_values_vs_prior_tail_gru_tuned_anchor_k0
05464760,-4.56729934805621e-07,0.001277510251929294,1,15,flow_values_vs_prior_tail_gru_tuned_anchor_k0
05465500,0.0008632283616707351,0.0243542300763387,1,286,flow_values_vs_prior_tail_gru_tuned_anchor_k0
05531500,-0.00011122469224647807,0.012450363897674278,2,28,flow_values_vs_prior_tail_gru_tuned_anchor_k0
05538020,-6.827895929130916e-05,0.0003749492381436721,1,9,flow_values_vs_prior_tail_gru_tuned_anchor_k0
05540500,-0.00012256376980920378,0.0060890789320904495,2,70,flow_values_vs_prior_tail_gru_tuned_anchor_k0
05543500,-0.00023538685711563915,0.004747989101473778,1,53,flow_values_vs_prior_tail_gru_tuned_anchor_k0
05552500,-2.8264372312608646e-05,0.002557988246400792,1,40,flow_values_vs_prior_tail_gru_tuned_anchor_k0
05553700,-2.268060330788135e-05,0.002414098282443756,2,60,flow_values_vs_prior_tail_gru_tuned_anchor_k0
05587455,4.8300401921649054e-05,0.024903881452021017,1,298,flow_values_vs_prior_tail_gru_tuned_anchor_k0
06126470,1.6972697889070026e-05,0.00462778684342838,1,17,flow_values_vs_prior_tail_gru_tuned_anchor_k0
06177825,-6.432079367245414e-05,0.004068017617765103,1,20,flow_values_vs_prior_tail_gru_tuned_anchor_k0
06183450,-3.850451725333352e-05,0.009607453072884973,1,17,flow_values_vs_prior_tail_gru_tuned_anchor_k0
06208500,6.0883305564904596e-05,0.0052096333404430565,1,28,flow_values_vs_prior_tail_gru_tuned_anchor_k0
06214500,8.209359568181379e-05,0.0027799566795110643,1,44,flow_values_vs_prior_tail_gru_tuned_anchor_k0
06279500,0.00033151485081641015,0.005530114997953269,2,66,flow_values_vs_prior_tail_gru_tuned_anchor_k0
06294940,-2.97747795020343e-05,0.005158014960742918,1,15,flow_values_vs_prior_tail_gru_tuned_anchor_k0
06294980,-0.0005100539167052025,0.007123404725655957,1,20,flow_values_vs_prior_tail_gru_tuned_anchor_k0
06295000,7.219375104180895e-05,0.007336694999074092,1,61,flow_values_vs_prior_tail_gru_tuned_anchor_k0
06296120,2.2459646064334843e-05,0.005061354050707072,1,36,flow_values_vs_prior_tail_gru_tuned_anchor_k0
06306100,0.00011198478077403527,0.004003151387231911,1,21,flow_values_vs_prior_tail_gru_tuned_anchor_k0
06306300,9.764366750856588e-05,0.008873506274645697,1,56,flow_values_vs_prior_tail_gru_tuned_anchor_k0
06307500,7.057920633531156e-05,0.011458800732269556,1,65,flow_values_vs_prior_tail_gru_tuned_anchor_k0
06307600,5.953869755704627e-05,0.0055689271397885215,1,27,flow_values_vs_prior_tail_gru_tuned_anchor_k0
06307665,1.263322929327709e-07,0.009992813397654834,1,19,flow_values_vs_prior_tail_gru_tuned_anchor_k0
06313500,0.00010431398052427991,0.02715906276335156,2,78,flow_values_vs_prior_tail_gru_tuned_anchor_k0
06324500,-9.579845214714741e-05,0.007948565301897895,1,84,flow_values_vs_prior_tail_gru_tuned_anchor_k0
06324925,-0.0004433116071628,0.01927593953325293,2,58,flow_values_vs_prior_tail_gru_tuned_anchor_k0
06324970,-0.0006123946553039061,0.035695598381978305,2,138,flow_values_vs_prior_tail_gru_tuned_anchor_k0
06326600,0.0008674025872861032,0.046841981050572204,3,114,flow_values_vs_prior_tail_gru_tuned_anchor_k0
06330000,-1.4625938075738789e-06,0.023800582572618165,1,75,flow_values_vs_prior_tail_gru_tuned_anchor_k0
06332515,2.9985828982160727e-05,0.008665851473343015,1,20,flow_values_vs_prior_tail_gru_tuned_anchor_k0
06332770,-8.033481305939063e-06,0.0027918530288383874,1,16,flow_values_vs_prior_tail_gru_tuned_anchor_k0
06336500,0.00047652380158850084,0.0081880528197476,1,21,flow_values_vs_prior_tail_gru_tuned_anchor_k0
06337000,-6.805905138364382e-05,0.013128112597933832,2,48,flow_values_vs_prior_tail_gru_tuned_anchor_k0
06339550,0.0007718177052965726,0.011776908130308983,1,38,flow_values_vs_prior_tail_gru_tuned_anchor_k0
06339800,-0.0001659312473689125,0.03272248651604345,2,64,flow_values_vs_prior_tail_gru_tuned_anchor_k0
06339900,-0.0001264057399555986,0.013213490156039768,1,34,flow_values_vs_prior_tail_gru_tuned_anchor_k0
06340000,0.0005732782997328629,0.044282350901808695,2,138,flow_values_vs_prior_tail_gru_tuned_anchor_k0
06340520,7.432599447118098e-06,0.006879480466655704,1,20,flow_values_vs_prior_tail_gru_tuned_anchor_k0
06340580,-0.0006886426947740076,0.01896988943241763,2,38,flow_values_vs_prior_tail_gru_tuned_anchor_k0
06342200,3.9267129110440616e-05,0.0166435515729707,1,40,flow_values_vs_prior_tail_gru_tuned_anchor_k0
06342230,-0.00042004500867068675,0.008819704534904963,1,24,flow_values_vs_prior_tail_gru_tuned_anchor_k0
06344600,0.0009447040792181119,0.031426604840695656,2,80,flow_values_vs_prior_tail_gru_tuned_anchor_k0
06349000,3.657925167245927e-05,0.0054796742201225586,1,18,flow_values_vs_prior_tail_gru_tuned_anchor_k0
06349930,-2.3642974680195245e-05,0.02286744190322524,1,62,flow_values_vs_prior_tail_gru_tuned_anchor_k0
06350000,3.600777458177853e-05,0.012857168152005112,1,34,flow_values_vs_prior_tail_gru_tuned_anchor_k0
06355310,0.00017481917697710807,0.09604738842584314,1,67,flow_values_vs_prior_tail_gru_tuned_anchor_k0
06375600,-0.0005977130508419826,0.00874820812624693,1,35,flow_values_vs_prior_tail_gru_tuned_anchor_k0
06378300,-0.00043228850121268357,0.031687793923134304,2,32,flow_values_vs_prior_tail_gru_tuned_anchor_k0
06426400,-0.0007663813238848322,0.01751719055370014,1,31,flow_values_vs_prior_tail_gru_tuned_anchor_k0
06436180,-2.5779022048797817e-05,0.0012782066211035645,1,31,flow_values_vs_prior_tail_gru_tuned_anchor_k0
06436198,5.523796379947583e-05,0.004990764022659162,1,30,flow_values_vs_prior_tail_gru_tuned_anchor_k0
06453305,-5.231053770882289e-05,0.000528012747213705,1,19,flow_values_vs_prior_tail_gru_tuned_anchor_k0
06463720,-0.00016388901468678555,0.004699158385865035,2,38,flow_values_vs_prior_tail_gru_tuned_anchor_k0
06485500,0.0005837961212611573,0.034240421730936235,2,168,flow_values_vs_prior_tail_gru_tuned_anchor_k0
06607500,0.007233461140065622,0.06419489586300128,2,226,flow_values_vs_prior_tail_gru_tuned_anchor_k0
06611100,0.00017170764765609634,0.0030991077718798537,1,19,flow_values_vs_prior_tail_gru_tuned_anchor_k0
06611200,1.8702606318465133e-05,0.006687461663517313,1,19,flow_values_vs_prior_tail_gru_tuned_anchor_k0
06611800,0.00021254633049734884,0.002929560899239607,1,19,flow_values_vs_prior_tail_gru_tuned_anchor_k0
06710200,-7.840022832176694e-06,0.0018300981842123876,1,5,flow_values_vs_prior_tail_gru_tuned_anchor_k0
06713500,0.0006232305961530348,0.022401624496640394,1,229,flow_values_vs_prior_tail_gru_tuned_anchor_k0
06714000,2.3661649645732092e-05,0.016707100883899473,1,108,flow_values_vs_prior_tail_gru_tuned_anchor_k0
06720500,-0.0006953452960338115,0.029636126596853198,2,102,flow_values_vs_prior_tail_gru_tuned_anchor_k0
06734900,0.00028974691455381686,0.002195191175769621,1,27,flow_values_vs_prior_tail_gru_tuned_anchor_k0
06752000,4.6483413669593584e-05,0.002117818944682589,1,24,flow_values_vs_prior_tail_gru_tuned_anchor_k0
06753400,3.323884894789428e-05,0.002982150287404621,1,21,flow_values_vs_prior_tail_gru_tuned_anchor_k0
06759910,0.00023130503876682017,0.0038092336186624186,2,50,flow_values_vs_prior_tail_gru_tuned_anchor_k0
06770500,8.217688176380015e-05,0.0035112535484567065,1,17,flow_values_vs_prior_tail_gru_tuned_anchor_k0
06775900,0.0012496809017655045,0.05573203915555471,1,195,flow_values_vs_prior_tail_gru_tuned_anchor_k0
06791150,9.900095500927242e-05,0.007402119272579655,2,30,flow_values_vs_prior_tail_gru_tuned_anchor_k0
06805500,0.0016510833631853848,0.06578338041461504,2,590,flow_values_vs_prior_tail_gru_tuned_anchor_k0
06810000,0.00016483697861626248,0.022523256082515288,1,125,flow_values_vs_prior_tail_gru_tuned_anchor_k0
06818000,2.338910066036002e-05,0.0033104016588282356,1,32,flow_values_vs_prior_tail_gru_tuned_anchor_k0
06879100,1.4890553187095868e-06,0.0018819560537831884,1,31,flow_values_vs_prior_tail_gru_tuned_anchor_k0
06879650,0.00020441840606633143,0.0030337593887649465,1,15,flow_values_vs_prior_tail_gru_tuned_anchor_k0
06880800,6.174897581760082e-05,0.007733150800021012,1,38,flow_values_vs_prior_tail_gru_tuned_anchor_k0
06885500,1.0858045721831213e-05,0.0048001081880776775,1,30,flow_values_vs_prior_tail_gru_tuned_anchor_k0
06887000,-4.512977988645747e-05,0.008638319820733733,1,54,flow_values_vs_prior_tail_gru_tuned_anchor_k0
06890900,2.8320532022424366e-05,0.0014668270423859823,1,27,flow_values_vs_prior_tail_gru_tuned_anchor_k0
06891500,-0.0003544203719041889,0.003955372716155836,2,56,flow_values_vs_prior_tail_gru_tuned_anchor_k0
06893350,-1.522499860405983e-06,0.0015362275685330197,1,12,flow_values_vs_prior_tail_gru_tuned_anchor_k0
06893390,-1.5755306063689435e-05,0.0015431182123292542,1,20,flow_values_vs_prior_tail_gru_tuned_anchor_k0
06893500,-0.00010660052522848209,0.010629347414977206,2,76,flow_values_vs_prior_tail_gru_tuned_anchor_k0
06893562,-0.00018218263530821708,0.005795583826551411,1,42,flow_values_vs_prior_tail_gru_tuned_anchor_k0
06893578,6.103758262206393e-05,0.002210291339970952,1,31,flow_values_vs_prior_tail_gru_tuned_anchor_k0
06893620,0.0003598967276647159,0.00502296080070816,1,49,flow_values_vs_prior_tail_gru_tuned_anchor_k0
06893940,3.5947317382690536e-05,0.0023665719390272085,1,31,flow_values_vs_prior_tail_gru_tuned_anchor_k0
06894000,3.796519289729492e-05,0.002952202747335264,1,44,flow_values_vs_prior_tail_gru_tuned_anchor_k0
06902000,0.00010077974469218489,0.004669294935309032,1,27,flow_values_vs_prior_tail_gru_tuned_anchor_k0
06923250,0.00016811977179416826,0.002123793173578631,1,25,flow_values_vs_prior_tail_gru_tuned_anchor_k0
06926510,1.3513642613357076e-05,0.0017305207789149468,1,19,flow_values_vs_prior_tail_gru_tuned_anchor_k0
07022000,-4.212121456931876e-05,0.021132551178148256,1,305,flow_values_vs_prior_tail_gru_tuned_anchor_k0
07048600,-5.656059422080719e-05,0.013006955714014647,1,147,flow_values_vs_prior_tail_gru_tuned_anchor_k0
07048800,0.0005163381546473717,0.014998581956936853,1,115,flow_values_vs_prior_tail_gru_tuned_anchor_k0
07049000,0.0005639119872476342,0.025305804149608264,2,248,flow_values_vs_prior_tail_gru_tuned_anchor_k0
07050500,0.00011680036892588608,0.0019881581906849377,1,24,flow_values_vs_prior_tail_gru_tuned_anchor_k0
07055893,3.535134177382383e-05,0.001382051569489088,1,19,flow_values_vs_prior_tail_gru_tuned_anchor_k0
07056000,0.0009524316628675005,0.018482528063580663,2,180,flow_values_vs_prior_tail_gru_tuned_anchor_k0
07056515,0.0002140909283440353,0.005565627546436021,1,55,flow_values_vs_prior_tail_gru_tuned_anchor_k0
07060710,-7.349202443728299e-05,0.009129909780542742,1,177,flow_values_vs_prior_tail_gru_tuned_anchor_k0
07061600,-1.534163301627999e-05,0.0016061477436941935,1,31,flow_values_vs_prior_tail_gru_tuned_anchor_k0
07077500,0.00025224479671585886,0.008425556487043472,1,25,flow_values_vs_prior_tail_gru_tuned_anchor_k0
07077555,-8.56443539773697e-06,0.005953778970295297,1,41,flow_values_vs_prior_tail_gru_tuned_anchor_k0
07077800,-0.0002377303429567141,0.0016307345104759185,1,15,flow_values_vs_prior_tail_gru_tuned_anchor_k0
07097000,2.4017357720797927e-05,0.001646524848830665,1,11,flow_values_vs_prior_tail_gru_tuned_anchor_k0
07099200,2.7158366794979108e-05,0.01173135041489465,1,115,flow_values_vs_prior_tail_gru_tuned_anchor_k0
07099400,0.00010757783356338908,0.011951604833615856,2,232,flow_values_vs_prior_tail_gru_tuned_anchor_k0
07143672,0.001193330696370799,0.03835394517597636,2,202,flow_values_vs_prior_tail_gru_tuned_anchor_k0
07231975,8.823415968449333e-05,0.0032726795947474845,1,11,flow_values_vs_prior_tail_gru_tuned_anchor_k0
07373420,0.0029631885946007496,0.0244580551464236,1,315,flow_values_vs_prior_tail_gru_tuned_anchor_k0
394340085524601,5.074985522528825e-05,0.01571530099830789,1,244,flow_values_vs_prior_tail_gru_tuned_anchor_k0
401723105400000,0.0009288021711634217,0.0118544188300342,1,265,flow_values_vs_prior_tail_gru_tuned_anchor_k0
03016000,7.58271420950478e-05,0.0010134176108685812,1,29,flow_values_vs_context_gru_tuned_anchor_k0
03030852,-0.0003710511158056048,0.0026836071075295106,1,30,flow_values_vs_context_gru_tuned_anchor_k0
03037525,-0.00028777096799404605,0.001255552776602979,1,25,flow_values_vs_context_gru_tuned_anchor_k0
03039420,-0.00010696017193110059,0.0008542704450743836,1,20,flow_values_vs_context_gru_tuned_anchor_k0
03049625,-0.00033359926628774653,0.003951278970696487,1,43,flow_values_vs_context_gru_tuned_anchor_k0
03075001,0.0007825227291119597,0.005958497766266774,2,134,flow_values_vs_context_gru_tuned_anchor_k0
03083500,0.0010808852148614504,0.0036601519988697195,1,100,flow_values_vs_context_gru_tuned_anchor_k0
03085000,0.001230324740153558,0.007063023917073272,1,122,flow_values_vs_context_gru_tuned_anchor_k0
03104500,-0.0009356733686511211,0.0076780594137892365,2,68,flow_values_vs_context_gru_tuned_anchor_k0
03110983,-0.00013580336803072413,0.0070546732581624385,2,56,flow_values_vs_context_gru_tuned_anchor_k0
03127970,0.0003197760519429193,0.008378351959900197,2,58,flow_values_vs_context_gru_tuned_anchor_k0
03144270,-4.2016288769828876e-06,0.0026731535105578397,1,26,flow_values_vs_context_gru_tuned_anchor_k0
03144289,7.353493693163898e-05,0.008202647424880595,3,78,flow_values_vs_context_gru_tuned_anchor_k0
03201660,0.00011242891262505944,0.002319797655331916,1,20,flow_values_vs_context_gru_tuned_anchor_k0
03201700,0.0001717568764482906,0.004286648430436255,1,37,flow_values_vs_context_gru_tuned_anchor_k0
03207962,-7.780729338556685e-05,0.0013644158235327905,1,16,flow_values_vs_context_gru_tuned_anchor_k0
03212500,-0.00015391124384546548,0.002106383864133335,1,20,flow_values_vs_context_gru_tuned_anchor_k0
03216600,-0.0010485582035640692,0.007125379514353875,1,115,flow_values_vs_context_gru_tuned_anchor_k0
03245500,-1.0344514980242592e-05,0.0031231580082119524,1,33,flow_values_vs_context_gru_tuned_anchor_k0
03281500,0.00012580697060583505,0.0017300924123659542,1,31,flow_values_vs_context_gru_tuned_anchor_k0
03290500,-8.711454869083377e-05,0.003665799417179225,1,53,flow_values_vs_context_gru_tuned_anchor_k0
03303280,-0.00474731742519507,0.022372687840589735,1,294,flow_values_vs_context_gru_tuned_anchor_k0
03339000,-5.766355891964045e-05,0.0003959290507187971,1,10,flow_values_vs_context_gru_tuned_anchor_k0
03353551,-9.049856353928463e-05,0.006601350406475737,1,21,flow_values_vs_context_gru_tuned_anchor_k0
03353630,0.00031241262163316533,0.004432573522558849,2,42,flow_values_vs_context_gru_tuned_anchor_k0
03354000,-0.00034133863817174955,0.0016791320777913648,1,32,flow_values_vs_context_gru_tuned_anchor_k0
03357330,0.000605860547063035,0.0047007204674647095,2,54,flow_values_vs_context_gru_tuned_anchor_k0
03373530,0.0002569816769848015,0.003663303593022269,1,22,flow_values_vs_context_gru_tuned_anchor_k0
03378500,0.0008179399597513248,0.014044757370990856,1,285,flow_values_vs_context_gru_tuned_anchor_k0
03438500,-0.00022159895438721811,0.001107599379776088,2,60,flow_values_vs_context_gru_tuned_anchor_k0
03459500,-0.0002589704864285135,0.007704780381761514,1,14,flow_values_vs_context_gru_tuned_anchor_k0
03460000,6.13678719173146e-05,0.01702402033305364,1,67,flow_values_vs_context_gru_tuned_anchor_k0
03466208,0.00048298001414385605,0.003368943668155566,1,34,flow_values_vs_context_gru_tuned_anchor_k0
03497300,-0.0017781019304086167,0.028177997433835093,3,585,flow_values_vs_context_gru_tuned_anchor_k0
03524550,-0.0005503844088065327,0.0024274321685506537,1,19,flow_values_vs_context_gru_tuned_anchor_k0
03612500,0.00026580701003593504,0.007688224426714619,1,197,flow_values_vs_context_gru_tuned_anchor_k0
03612600,-0.0014948520777955242,0.00253395517607229,1,106,flow_values_vs_context_gru_tuned_anchor_k0
05276005,-0.00011254549401231815,0.0028026005212121387,1,22,flow_values_vs_context_gru_tuned_anchor_k0
05288705,0.0006405705397056177,0.016188501267644744,1,200,flow_values_vs_context_gru_tuned_anchor_k0
05320270,-0.00023102760439488106,0.006441542896445214,1,34,flow_values_vs_context_gru_tuned_anchor_k0
05322000,-0.00028132659597302216,0.0037139030618649283,1,33,flow_values_vs_context_gru_tuned_anchor_k0
05325000,-3.9018342204536976e-05,0.0003498011661356499,1,2,flow_values_vs_context_gru_tuned_anchor_k0
05325050,-0.0001875196055888817,0.0012242368485972813,2,14,flow_values_vs_context_gru_tuned_anchor_k0
05331833,-0.00015387703282595177,0.00323190905459388,1,24,flow_values_vs_context_gru_tuned_anchor_k0
05333500,-0.0003028975864074019,0.012353141103675401,1,62,flow_values_vs_context_gru_tuned_anchor_k0
05355250,-0.00015613976717250065,0.0019445264500829267,1,29,flow_values_vs_context_gru_tuned_anchor_k0
05357206,3.642608374098288e-05,0.009026685657873538,1,89,flow_values_vs_context_gru_tuned_anchor_k0
05357215,-0.0016876211839142795,0.009493282924370974,1,121,flow_values_vs_context_gru_tuned_anchor_k0
05357245,0.004492500837774439,0.02853394130985895,1,114,flow_values_vs_context_gru_tuned_anchor_k0
05412500,0.004281857881879978,0.01936856762686363,1,113,flow_values_vs_context_gru_tuned_anchor_k0
05418600,0.0019636503264250805,0.015891575792924044,1,113,flow_values_vs_context_gru_tuned_anchor_k0
05420500,-0.00234941098079799,0.0344610900923326,1,291,flow_values_vs_context_gru_tuned_anchor_k0
05422000,0.0017924564666874589,0.015184630407065355,1,145,flow_values_vs_context_gru_tuned_anchor_k0
05427948,2.553274962962769e-05,0.00346411521355921,1,20,flow_values_vs_context_gru_tuned_anchor_k0
05427952,0.00010982305837010486,0.006153387396728454,1,21,flow_values_vs_context_gru_tuned_anchor_k0
05451070,-0.00026498265195175043,0.0014212655018494263,1,15,flow_values_vs_context_gru_tuned_anchor_k0
05455100,-2.207747105180473e-05,0.003959262234182236,1,26,flow_values_vs_context_gru_tuned_anchor_k0
05461390,0.0008337192009037802,0.005218242119878181,1,26,flow_values_vs_context_gru_tuned_anchor_k0
05463050,-4.236823004918806e-05,0.0022455688030192426,1,17,flow_values_vs_context_gru_tuned_anchor_k0
05464220,0.0006661388554819602,0.013314226207194718,2,72,flow_values_vs_context_gru_tuned_anchor_k0
05464760,-0.00013341485533056093,0.0011445521265335387,1,15,flow_values_vs_context_gru_tuned_anchor_k0
05465500,0.001684175787110563,0.02517517750177853,1,286,flow_values_vs_context_gru_tuned_anchor_k0
05531500,-0.0004685151872602823,0.012093073402660474,2,28,flow_values_vs_context_gru_tuned_anchor_k0
05538020,8.84759463533128e-05,0.000531704143788294,1,9,flow_values_vs_context_gru_tuned_anchor_k0
05540500,-0.000184236464472808,0.006027406237426845,2,70,flow_values_vs_context_gru_tuned_anchor_k0
05543500,-0.0004569873309225219,0.004526388627666896,1,53,flow_values_vs_context_gru_tuned_anchor_k0
05552500,-0.00014702238595410585,0.002439230232759295,1,40,flow_values_vs_context_gru_tuned_anchor_k0
05553700,-0.00035225060788102343,0.002084528277870614,2,60,flow_values_vs_context_gru_tuned_anchor_k0
05587455,-0.002268995905417482,0.022586585144681884,1,298,flow_values_vs_context_gru_tuned_anchor_k0
06126470,-0.0004228662548680748,0.004187947890671236,1,17,flow_values_vs_context_gru_tuned_anchor_k0
06177825,-0.00010713778225427581,0.0040252006291832815,1,20,flow_values_vs_context_gru_tuned_anchor_k0
06183450,-0.00022757183367884027,0.009418385756459466,1,17,flow_values_vs_context_gru_tuned_anchor_k0
06208500,0.00040586985719931825,0.00555461989207747,1,28,flow_values_vs_context_gru_tuned_anchor_k0
06214500,0.0017624021996279285,0.004460265283457179,1,44,flow_values_vs_context_gru_tuned_anchor_k0
06279500,0.0016585088443467942,0.006857108991483653,2,66,flow_values_vs_context_gru_tuned_anchor_k0
06294940,0.00020724840384109464,0.005395038144086047,1,15,flow_values_vs_context_gru_tuned_anchor_k0
06294980,-0.00019381835989393448,0.007439640282467225,1,20,flow_values_vs_context_gru_tuned_anchor_k0
06295000,0.0022028268924996664,0.00946732814053195,1,61,flow_values_vs_context_gru_tuned_anchor_k0
06296120,0.00016163785980269097,0.005200532264445428,1,36,flow_values_vs_context_gru_tuned_anchor_k0
06306100,1.3841832736999032e-05,0.003905008439194875,1,21,flow_values_vs_context_gru_tuned_anchor_k0
06306300,0.0026412425923986963,0.011417105199535827,1,56,flow_values_vs_context_gru_tuned_anchor_k0
06307500,0.00042561605763122355,0.011813837583565467,1,65,flow_values_vs_context_gru_tuned_anchor_k0
06307600,-0.0002123434426140912,0.005297044999617384,1,27,flow_values_vs_context_gru_tuned_anchor_k0
06307665,-0.0001778018760456723,0.00981488518931623,1,19,flow_values_vs_context_gru_tuned_anchor_k0
06313500,6.344614048500559e-05,0.027118194923312286,2,78,flow_values_vs_context_gru_tuned_anchor_k0
06324500,0.0005186475491140396,0.008563011303159082,1,84,flow_values_vs_context_gru_tuned_anchor_k0
06324925,-0.0005970459415450465,0.019122205198870684,2,58,flow_values_vs_context_gru_tuned_anchor_k0
06324970,-0.0012625150363742594,0.035045478000907945,2,138,flow_values_vs_context_gru_tuned_anchor_k0
06326600,-0.0005615631020537257,0.04541301536123238,3,114,flow_values_vs_context_gru_tuned_anchor_k0
06330000,-0.0001289018206824932,0.023673143345743247,1,75,flow_values_vs_context_gru_tuned_anchor_k0
06332515,0.00012871857750973616,0.00876458422187059,1,20,flow_values_vs_context_gru_tuned_anchor_k0
06332770,-1.9475957069562124e-05,0.002780410553074764,1,16,flow_values_vs_context_gru_tuned_anchor_k0
06336500,0.00021525591745674366,0.007926784935615841,1,21,flow_values_vs_context_gru_tuned_anchor_k0
06337000,-0.0001221831309671957,0.01307398851835028,2,48,flow_values_vs_context_gru_tuned_anchor_k0
06339550,0.00033768470359166165,0.011342775128604073,1,38,flow_values_vs_context_gru_tuned_anchor_k0
06339800,0.0011147088960971312,0.0340031266595095,2,64,flow_values_vs_context_gru_tuned_anchor_k0
06339900,-0.00017378289243993167,0.013166113003555434,1,34,flow_values_vs_context_gru_tuned_anchor_k0
06340000,-0.0003932818016781547,0.04331579080039767,2,138,flow_values_vs_context_gru_tuned_anchor_k0
06340520,7.509451265326798e-06,0.006879557318473913,1,20,flow_values_vs_context_gru_tuned_anchor_k0
06340580,-0.00040671973797532716,0.01925181238921631,2,38,flow_values_vs_context_gru_tuned_anchor_k0
06342200,0.0002594318396088776,0.016863716283469138,1,40,flow_values_vs_context_gru_tuned_anchor_k0
06342230,-0.00021193893040920037,0.00902781061316645,1,24,flow_values_vs_context_gru_tuned_anchor_k0
06344600,0.00072592864418965,0.031207829405667197,2,80,flow_values_vs_context_gru_tuned_anchor_k0
06349000,0.00023514949241073828,0.005678244460860837,1,18,flow_values_vs_context_gru_tuned_anchor_k0
06349930,1.4547470667241343e-05,0.02290563234857268,1,62,flow_values_vs_context_gru_tuned_anchor_k0
06350000,0.00021618519563798935,0.013037345573061323,1,34,flow_values_vs_context_gru_tuned_anchor_k0
06355310,0.0073080656394350334,0.10318063488830105,1,67,flow_values_vs_context_gru_tuned_anchor_k0
06375600,-0.000321502475733794,0.009024418701355117,1,35,flow_values_vs_context_gru_tuned_anchor_k0
06378300,-0.0003249338594748609,0.031795148564872124,2,32,flow_values_vs_context_gru_tuned_anchor_k0
06426400,-0.0004091803875817984,0.017874391490003173,1,31,flow_values_vs_context_gru_tuned_anchor_k0
06436180,0.0005359575175947983,0.0018399431607471607,1,31,flow_values_vs_context_gru_tuned_anchor_k0
06436198,0.00038438914216317686,0.005319915201022863,1,30,flow_values_vs_context_gru_tuned_anchor_k0
06453305,0.00024085987321822294,0.0008211831581407508,1,19,flow_values_vs_context_gru_tuned_anchor_k0
06463720,-0.00014835104112680285,0.004714696359425018,2,38,flow_values_vs_context_gru_tuned_anchor_k0
06485500,0.0030000129735541503,0.036656638583229234,2,168,flow_values_vs_context_gru_tuned_anchor_k0
06607500,0.0069217439718402655,0.06388317869477593,2,226,flow_values_vs_context_gru_tuned_anchor_k0
06611100,0.00019661558733319402,0.0031240157115569513,1,19,flow_values_vs_context_gru_tuned_anchor_k0
06611200,0.0010214825814324824,0.00769024163863133,1,19,flow_values_vs_context_gru_tuned_anchor_k0
06611800,5.566798540675116e-05,0.0027726825541490095,1,19,flow_values_vs_context_gru_tuned_anchor_k0
06710200,-1.55396704052511e-05,0.0018223985366393133,1,5,flow_values_vs_context_gru_tuned_anchor_k0
06713500,0.002419213338913583,0.02419760723940094,1,229,flow_values_vs_context_gru_tuned_anchor_k0
06714000,-9.128449256062009e-05,0.01659215474169312,1,108,flow_values_vs_context_gru_tuned_anchor_k0
06720500,-0.002115077283396221,0.02821639460949079,2,102,flow_values_vs_context_gru_tuned_anchor_k0
06734900,-0.0006768582600551625,0.0012285860011606417,1,27,flow_values_vs_context_gru_tuned_anchor_k0
06752000,0.0001731613068885956,0.002244496837901591,1,24,flow_values_vs_context_gru_tuned_anchor_k0
06753400,0.0005194832917900467,0.0034683947302467733,1,21,flow_values_vs_context_gru_tuned_anchor_k0
06759910,0.0012219680895022979,0.004799896669397896,2,50,flow_values_vs_context_gru_tuned_anchor_k0
06770500,5.5539952835843244e-05,0.0034846166195287498,1,17,flow_values_vs_context_gru_tuned_anchor_k0
06775900,0.0032366546900968215,0.05771901294388603,1,195,flow_values_vs_context_gru_tuned_anchor_k0
06791150,0.00010802201705937833,0.00741114033462976,2,30,flow_values_vs_context_gru_tuned_anchor_k0
06805500,0.007836212227171985,0.07196850927860166,2,590,flow_values_vs_context_gru_tuned_anchor_k0
06810000,0.0012108751279240578,0.023569294231823086,1,125,flow_values_vs_context_gru_tuned_anchor_k0
06818000,0.0001989415685665872,0.0034859541267344626,1,32,flow_values_vs_context_gru_tuned_anchor_k0
06879100,3.399469810889562e-05,0.0019144616965733744,1,31,flow_values_vs_context_gru_tuned_anchor_k0
06879650,0.00016591504993816814,0.0029952560326367834,1,15,flow_values_vs_context_gru_tuned_anchor_k0
06880800,0.00027575381377989617,0.007947155637983308,1,38,flow_values_vs_context_gru_tuned_anchor_k0
06885500,7.733444711211589e-05,0.0048665845894679625,1,30,flow_values_vs_context_gru_tuned_anchor_k0
06887000,-0.00026146556557051013,0.00842198403504968,1,54,flow_values_vs_context_gru_tuned_anchor_k0
06890900,0.00024340885619897955,0.0016819153665625375,1,27,flow_values_vs_context_gru_tuned_anchor_k0
06891500,-0.0001477141865497118,0.004162078901510314,2,56,flow_values_vs_context_gru_tuned_anchor_k0
06893350,-3.8263357789078756e-05,0.001499486710604347,1,12,flow_values_vs_context_gru_tuned_anchor_k0
06893390,5.227597398119824e-06,0.0015641011157910634,1,20,flow_values_vs_context_gru_tuned_anchor_k0
06893500,-0.0003410769020243173,0.010394871038181371,2,76,flow_values_vs_context_gru_tuned_anchor_k0
06893562,0.0005099926177583475,0.0064877590796179755,1,42,flow_values_vs_context_gru_tuned_anchor_k0
06893578,8.266976798080008e-06,0.002157520734146968,1,31,flow_values_vs_context_gru_tuned_anchor_k0
06893620,0.0015536246322449222,0.0062166887052883665,1,49,flow_values_vs_context_gru_tuned_anchor_k0
06893940,0.0002582773205056401,0.002588901942150158,1,31,flow_values_vs_context_gru_tuned_anchor_k0
06894000,0.000475390606494922,0.003389628160932891,1,44,flow_values_vs_context_gru_tuned_anchor_k0
06902000,0.00021577407620790065,0.004784289266824748,1,27,flow_values_vs_context_gru_tuned_anchor_k0
06923250,0.00021860210956616742,0.0021742755113506305,1,25,flow_values_vs_context_gru_tuned_anchor_k0
06926510,9.889792113962253e-05,0.0018159050574412124,1,19,flow_values_vs_context_gru_tuned_anchor_k0
07022000,-0.0008588001850854299,0.020315872207632146,1,305,flow_values_vs_context_gru_tuned_anchor_k0
07048600,-0.0003819684832776624,0.012681547824957791,1,147,flow_values_vs_context_gru_tuned_anchor_k0
07048800,0.0010550178851731695,0.015537261687462651,1,115,flow_values_vs_context_gru_tuned_anchor_k0
07049000,0.0014588147905430613,0.02620070695290369,2,248,flow_values_vs_context_gru_tuned_anchor_k0
07050500,0.0001401747332147249,0.0020115325549737765,1,24,flow_values_vs_context_gru_tuned_anchor_k0
07055893,0.0002365454761832608,0.0015832457038985252,1,19,flow_values_vs_context_gru_tuned_anchor_k0
07056000,0.0028431820013356873,0.020373278402048847,2,180,flow_values_vs_context_gru_tuned_anchor_k0
07056515,0.0006174035900331833,0.005968940208125169,1,55,flow_values_vs_context_gru_tuned_anchor_k0
07060710,-0.0013543691998693598,0.007849032605110665,1,177,flow_values_vs_context_gru_tuned_anchor_k0
07061600,0.00037648316180291085,0.0019979725385133843,1,31,flow_values_vs_context_gru_tuned_anchor_k0
07077500,0.0008857874993125264,0.009059099189640138,1,25,flow_values_vs_context_gru_tuned_anchor_k0
07077555,2.1155768208080827e-05,0.005983499173901115,1,41,flow_values_vs_context_gru_tuned_anchor_k0
07077800,-0.00015817903244559454,0.001710285820987038,1,15,flow_values_vs_context_gru_tuned_anchor_k0
07097000,0.00016160197692685903,0.001784109468036726,1,11,flow_values_vs_context_gru_tuned_anchor_k0
07099200,0.0012926381708485359,0.012996830218948206,1,115,flow_values_vs_context_gru_tuned_anchor_k0
07099400,0.005579553166498952,0.01742358016655142,2,232,flow_values_vs_context_gru_tuned_anchor_k0
07143672,0.0001756467407125526,0.037336261220318114,2,202,flow_values_vs_context_gru_tuned_anchor_k0
07231975,0.0010528281916134792,0.00423727362667647,1,11,flow_values_vs_context_gru_tuned_anchor_k0
07373420,0.00427319852549676,0.02576806507731961,1,315,flow_values_vs_context_gru_tuned_anchor_k0
394340085524601,-8.530169665647649e-05,0.015579249446426127,1,244,flow_values_vs_context_gru_tuned_anchor_k0
401723105400000,0.002449909989179463,0.01337552664805024,1,265,flow_values_vs_context_gru_tuned_anchor_k0
03016000,-2.2907442092747793e-06,0.0009492938842513859,1,29,values_vs_freshness_gru_tuned_anchor_k5
03030852,4.4971335219335316e-05,0.0026610186192554813,1,30,values_vs_freshness_gru_tuned_anchor_k5
03037525,-5.452888628276115e-05,0.0014425127667179408,1,25,values_vs_freshness_gru_tuned_anchor_k5
03039420,7.85264151559184e-07,0.0008952011950951703,1,20,values_vs_freshness_gru_tuned_anchor_k5
03049625,-3.981160501592155e-05,0.003729500183659484,1,43,values_vs_freshness_gru_tuned_anchor_k5
03075001,-1.2369557720812922e-05,0.005385280645012262,2,134,values_vs_freshness_gru_tuned_anchor_k5
03083500,1.7741896867513624e-05,0.0023577467654866922,1,100,values_vs_freshness_gru_tuned_anchor_k5
03085000,-5.884357788602611e-06,0.004036008906314009,1,122,values_vs_freshness_gru_tuned_anchor_k5
03104500,-3.2423776269836556e-05,0.004703995946320755,2,68,values_vs_freshness_gru_tuned_anchor_k5
03110983,6.133820396305445e-05,0.007634982423603031,2,56,values_vs_freshness_gru_tuned_anchor_k5
03127970,5.971692382864235e-05,0.008384034786264363,2,58,values_vs_freshness_gru_tuned_anchor_k5
03144270,2.70601720750752e-05,0.002777500937731837,1,26,values_vs_freshness_gru_tuned_anchor_k5
03144289,0.00030754300702949067,0.010876636990813381,3,78,values_vs_freshness_gru_tuned_anchor_k5
03201660,-8.901669785170389e-06,0.0021381024348277023,1,20,values_vs_freshness_gru_tuned_anchor_k5
03201700,8.552079126006183e-06,0.004031788336825139,1,37,values_vs_freshness_gru_tuned_anchor_k5
03207962,1.2039145477430386e-05,0.0014029863228622764,1,16,values_vs_freshness_gru_tuned_anchor_k5
03212500,2.814977041766851e-05,0.0019899651434985882,1,20,values_vs_freshness_gru_tuned_anchor_k5
03216600,0.00014210106644713355,0.008600773330201946,1,115,values_vs_freshness_gru_tuned_anchor_k5
03245500,1.111783027253105e-05,0.003406285909607705,1,33,values_vs_freshness_gru_tuned_anchor_k5
03281500,-1.4156411410957234e-05,0.0014752681303918048,1,31,values_vs_freshness_gru_tuned_anchor_k5
03290500,-2.2432031371149918e-05,0.0045951459480373935,1,53,values_vs_freshness_gru_tuned_anchor_k5
03303280,0.0019913774830035234,0.023054443787105274,1,294,values_vs_freshness_gru_tuned_anchor_k5
03339000,-2.7453078615036503e-06,0.0004470351769225897,1,10,values_vs_freshness_gru_tuned_anchor_k5
03353551,-1.4730609867072456e-05,0.006550777354728799,1,21,values_vs_freshness_gru_tuned_anchor_k5
03353630,1.3794736972492354e-05,0.0038981029581543524,2,42,values_vs_freshness_gru_tuned_anchor_k5
03354000,-0.0001336285975664128,0.0017166412942078884,1,32,values_vs_freshness_gru_tuned_anchor_k5
03357330,1.4108216797609607e-05,0.0033605868045658385,2,54,values_vs_freshness_gru_tuned_anchor_k5
03373530,1.9915078313061024e-05,0.00340564695161136,1,22,values_vs_freshness_gru_tuned_anchor_k5
03378500,0.00014959948279720948,0.013282930942731412,1,285,values_vs_freshness_gru_tuned_anchor_k5
03438500,-7.190795561885609e-06,0.0010933045507232862,2,60,values_vs_freshness_gru_tuned_anchor_k5
03459500,-0.00033273434993278447,0.004607515758663775,1,14,values_vs_freshness_gru_tuned_anchor_k5
03460000,-0.00038217462471868546,0.016171211161741247,1,67,values_vs_freshness_gru_tuned_anchor_k5
03466208,-4.5492271199549035e-05,0.002632351784055029,1,34,values_vs_freshness_gru_tuned_anchor_k5
03497300,-3.521341883225813e-06,0.021226092052883,3,585,values_vs_freshness_gru_tuned_anchor_k5
03524550,-8.506498477246587e-05,0.0023690690890897123,1,19,values_vs_freshness_gru_tuned_anchor_k5
03612500,-1.6883683308275326e-07,0.008156663619853163,1,197,values_vs_freshness_gru_tuned_anchor_k5
03612600,1.6892419428697083e-05,0.0028883147255938284,1,106,values_vs_freshness_gru_tuned_anchor_k5
05276005,0.00018886977545986444,0.0021779943937668663,1,22,values_vs_freshness_gru_tuned_anchor_k5
05288705,0.0013198358071721708,0.0233707046093379,1,200,values_vs_freshness_gru_tuned_anchor_k5
05320270,-3.825488137285644e-05,0.006530558921049872,1,34,values_vs_freshness_gru_tuned_anchor_k5
05322000,3.169576732819758e-05,0.0037327527142629415,1,33,values_vs_freshness_gru_tuned_anchor_k5
05325000,-1.8610592055378034e-05,0.000229251962692619,1,2,values_vs_freshness_gru_tuned_anchor_k5
05325050,-3.246009730928377e-05,0.0008840855872546902,2,14,values_vs_freshness_gru_tuned_anchor_k5
05331833,1.9249015321344386e-06,0.0032609278787424363,1,24,values_vs_freshness_gru_tuned_anchor_k5
05333500,2.5016233381862866e-05,0.013747976086315632,1,62,values_vs_freshness_gru_tuned_anchor_k5
05355250,1.5133091131145787e-06,0.0018415951381692175,1,29,values_vs_freshness_gru_tuned_anchor_k5
05357206,2.3905268932628143e-05,0.008971051340188049,1,89,values_vs_freshness_gru_tuned_anchor_k5
05357215,-0.00045929402200059423,0.0062486226044741145,1,121,values_vs_freshness_gru_tuned_anchor_k5
05357245,0.00011580505546271312,0.006808078433015069,1,114,values_vs_freshness_gru_tuned_anchor_k5
05412500,0.0005915910127694698,0.011273732487144236,1,113,values_vs_freshness_gru_tuned_anchor_k5
05418600,-2.3985878692721837e-05,0.009335757478697493,1,113,values_vs_freshness_gru_tuned_anchor_k5
05420500,-0.0002608009853623371,0.03186533400151191,1,291,values_vs_freshness_gru_tuned_anchor_k5
05422000,-0.0002946108852082889,0.010742150492271667,1,145,values_vs_freshness_gru_tuned_anchor_k5
05427948,0.00010273861612252381,0.004048149917862393,1,20,values_vs_freshness_gru_tuned_anchor_k5
05427952,-4.579409908658628e-09,0.005370334509300395,1,21,values_vs_freshness_gru_tuned_anchor_k5
05451070,-2.5415376213392036e-05,0.0014548954664796987,1,15,values_vs_freshness_gru_tuned_anchor_k5
05455100,5.418798374452776e-06,0.003976188601918404,1,26,values_vs_freshness_gru_tuned_anchor_k5
05461390,0.0002427391394944161,0.006140582014477767,1,26,values_vs_freshness_gru_tuned_anchor_k5
05463050,-3.232699206217457e-05,0.0020697171383024316,1,17,values_vs_freshness_gru_tuned_anchor_k5
05464220,9.396473685986644e-06,0.011140943002722718,2,72,values_vs_freshness_gru_tuned_anchor_k5
05464760,4.601563046722613e-08,0.001501545839708455,1,15,values_vs_freshness_gru_tuned_anchor_k5
05465500,0.00012934853594607446,0.022928027679409452,1,286,values_vs_freshness_gru_tuned_anchor_k5
05531500,-1.764308550419615e-05,0.011061521732146855,2,28,values_vs_freshness_gru_tuned_anchor_k5
05538020,-1.349330412284429e-05,0.0002980149047877059,1,9,values_vs_freshness_gru_tuned_anchor_k5
05540500,-0.0001752635203910061,0.006681485703203222,2,70,values_vs_freshness_gru_tuned_anchor_k5
05543500,-6.668619019978316e-05,0.004430927329895875,1,53,values_vs_freshness_gru_tuned_anchor_k5
05552500,-1.788973771283411e-05,0.0028050989792461883,1,40,values_vs_freshness_gru_tuned_anchor_k5
05553700,8.653691468471406e-06,0.00198015626399503,2,60,values_vs_freshness_gru_tuned_anchor_k5
05587455,4.228930784602263e-08,0.024092517362377015,1,298,values_vs_freshness_gru_tuned_anchor_k5
06126470,-7.909069668990264e-06,0.004066354576834977,1,17,values_vs_freshness_gru_tuned_anchor_k5
06177825,-0.00011277599570951841,0.004714722053498298,1,20,values_vs_freshness_gru_tuned_anchor_k5
06183450,-1.932132129397807e-05,0.0069622133414904575,1,17,values_vs_freshness_gru_tuned_anchor_k5
06208500,-7.056652199227e-07,0.001154377980461298,1,28,values_vs_freshness_gru_tuned_anchor_k5
06214500,0.00014544821784829394,0.0034267077864573925,1,44,values_vs_freshness_gru_tuned_anchor_k5
06279500,-0.00020147742045480117,0.002468054073968561,2,66,values_vs_freshness_gru_tuned_anchor_k5
06294940,2.2698836934829886e-05,0.005010473064265864,1,15,values_vs_freshness_gru_tuned_anchor_k5
06294980,-0.00017452870773607032,0.005806465809681295,1,20,values_vs_freshness_gru_tuned_anchor_k5
06295000,5.054216897038745e-05,0.007208275587835453,1,61,values_vs_freshness_gru_tuned_anchor_k5
06296120,3.373907339303892e-06,0.00544187972046167,1,36,values_vs_freshness_gru_tuned_anchor_k5
06306100,2.43492594032364e-05,0.0038351888425143424,1,21,values_vs_freshness_gru_tuned_anchor_k5
06306300,-3.0040987188308323e-05,0.005903602205017667,1,56,values_vs_freshness_gru_tuned_anchor_k5
06307500,6.605016109937002e-06,0.00999467470565611,1,65,values_vs_freshness_gru_tuned_anchor_k5
06307600,3.167110573634458e-05,0.005309250014838169,1,27,values_vs_freshness_gru_tuned_anchor_k5
06307665,-6.200502873554694e-09,0.0060309491337711095,1,19,values_vs_freshness_gru_tuned_anchor_k5
06313500,9.79219141485706e-05,0.02817007394679833,2,78,values_vs_freshness_gru_tuned_anchor_k5
06324500,-2.0077588784029267e-05,0.007727123292265855,1,84,values_vs_freshness_gru_tuned_anchor_k5
06324925,-5.647291692406275e-05,0.020613035228877606,2,58,values_vs_freshness_gru_tuned_anchor_k5
06324970,-0.000152502197134192,0.030863601262897857,2,138,values_vs_freshness_gru_tuned_anchor_k5
06326600,0.00018039125234397687,0.044702444324739285,3,114,values_vs_freshness_gru_tuned_anchor_k5
06330000,9.202201198071314e-08,0.025635670789634673,1,75,values_vs_freshness_gru_tuned_anchor_k5
06332515,1.4371301821877474e-06,0.007869184516891236,1,20,values_vs_freshness_gru_tuned_anchor_k5
06332770,-2.8488937497693438e-05,0.002808294206408093,1,16,values_vs_freshness_gru_tuned_anchor_k5
06336500,-0.00011742424767544221,0.006053217460857313,1,21,values_vs_freshness_gru_tuned_anchor_k5
06337000,2.5159683508353612e-05,0.012911798229512725,2,48,values_vs_freshness_gru_tuned_anchor_k5
06339550,0.0003607857045016827,0.011140479838763371,1,38,values_vs_freshness_gru_tuned_anchor_k5
06339800,0.0001399625045761377,0.03233225502324236,2,64,values_vs_freshness_gru_tuned_anchor_k5
06339900,0.0001055009340697932,0.013060840594565384,1,34,values_vs_freshness_gru_tuned_anchor_k5
06340000,0.00026182863579705886,0.043060495987316594,2,138,values_vs_freshness_gru_tuned_anchor_k5
06340520,9.122158563002612e-06,0.007029344713662269,1,20,values_vs_freshness_gru_tuned_anchor_k5
06340580,-0.00021275317175241954,0.01629255904999735,2,38,values_vs_freshness_gru_tuned_anchor_k5
06342200,-5.963951778571569e-06,0.015526748851014282,1,40,values_vs_freshness_gru_tuned_anchor_k5
06342230,-9.95261631580564e-05,0.007869134486804806,1,24,values_vs_freshness_gru_tuned_anchor_k5
06344600,-5.203585486543176e-05,0.02908238107309788,2,80,values_vs_freshness_gru_tuned_anchor_k5
06349000,-2.0528558109477696e-06,0.004352359416203685,1,18,values_vs_freshness_gru_tuned_anchor_k5
06349930,5.69711841123918e-06,0.026931983995536424,1,62,values_vs_freshness_gru_tuned_anchor_k5
06350000,1.3659548993851458e-05,0.0124573122172082,1,34,values_vs_freshness_gru_tuned_anchor_k5
06355310,-0.0004418547001306997,0.05954738113743221,1,67,values_vs_freshness_gru_tuned_anchor_k5
06375600,-0.0001571879526383597,0.006951668294102302,1,35,values_vs_freshness_gru_tuned_anchor_k5
06378300,-0.0002945959442321936,0.024694872119983592,2,32,values_vs_freshness_gru_tuned_anchor_k5
06426400,-0.00011606088987247117,0.014014136613079538,1,31,values_vs_freshness_gru_tuned_anchor_k5
06436180,-5.83009542958002e-05,0.0010428387204039868,1,31,values_vs_freshness_gru_tuned_anchor_k5
06436198,1.9304343356243733e-06,0.0023533354499551355,1,30,values_vs_freshness_gru_tuned_anchor_k5
06453305,-2.526426328062599e-05,0.00032590172033432384,1,19,values_vs_freshness_gru_tuned_anchor_k5
06463720,-7.55270141671572e-07,0.004429377639986645,2,38,values_vs_freshness_gru_tuned_anchor_k5
06485500,0.0005746364105106155,0.033781027553716106,2,168,values_vs_freshness_gru_tuned_anchor_k5
06607500,-0.000653541622892905,0.038188878768085036,2,226,values_vs_freshness_gru_tuned_anchor_k5
06611100,0.00013772190629820623,0.002979378450089829,1,19,values_vs_freshness_gru_tuned_anchor_k5
06611200,2.7471104002772962e-05,0.006159819024177649,1,19,values_vs_freshness_gru_tuned_anchor_k5
06611800,8.640513760054362e-07,0.0026950796624477013,1,19,values_vs_freshness_gru_tuned_anchor_k5
06710200,5.071927794559644e-05,0.0020943015436554716,1,5,values_vs_freshness_gru_tuned_anchor_k5
06713500,0.0006046072593226038,0.019843451512696012,1,229,values_vs_freshness_gru_tuned_anchor_k5
06714000,2.3707649146400142e-05,0.01764429844671851,1,108,values_vs_freshness_gru_tuned_anchor_k5
06720500,-0.0009433245091684071,0.018684347737372264,2,102,values_vs_freshness_gru_tuned_anchor_k5
06734900,-1.858225845172633e-05,0.001154848667830253,1,27,values_vs_freshness_gru_tuned_anchor_k5
06752000,1.9146797993798495e-05,0.0018467396006548837,1,24,values_vs_freshness_gru_tuned_anchor_k5
06753400,9.641821831835512e-05,0.0022849693032019887,1,21,values_vs_freshness_gru_tuned_anchor_k5
06759910,9.836707995468278e-05,0.0027695176641953385,2,50,values_vs_freshness_gru_tuned_anchor_k5
06770500,0.0001699890361979035,0.003395033957787555,1,17,values_vs_freshness_gru_tuned_anchor_k5
06775900,-0.003464776121308826,0.01215429056533812,1,195,values_vs_freshness_gru_tuned_anchor_k5
06791150,-1.393055486895913e-06,0.007164660564357549,2,30,values_vs_freshness_gru_tuned_anchor_k5
06805500,0.0011992963946339853,0.0665542495812072,2,590,values_vs_freshness_gru_tuned_anchor_k5
06810000,2.8828641514843545e-05,0.013465113861648881,1,125,values_vs_freshness_gru_tuned_anchor_k5
06818000,-1.143511952509426e-06,0.003921531559532159,1,32,values_vs_freshness_gru_tuned_anchor_k5
06879100,1.597798901197065e-06,0.0019019636990421792,1,31,values_vs_freshness_gru_tuned_anchor_k5
06879650,-0.00014394966238886673,0.0010501375705533722,1,15,values_vs_freshness_gru_tuned_anchor_k5
06880800,2.6845901096273042e-05,0.00718972364572057,1,38,values_vs_freshness_gru_tuned_anchor_k5
06885500,-1.47025575159076e-05,0.005698312503704383,1,30,values_vs_freshness_gru_tuned_anchor_k5
06887000,-1.88485083412173e-05,0.008481009782069022,1,54,values_vs_freshness_gru_tuned_anchor_k5
06890900,2.1089019385564243e-06,0.0010151124776284096,1,27,values_vs_freshness_gru_tuned_anchor_k5
06891500,-0.00034593110855889,0.003963754498678559,2,56,values_vs_freshness_gru_tuned_anchor_k5
06893350,3.1358897342255693e-06,0.0014374104643126375,1,12,values_vs_freshness_gru_tuned_anchor_k5
06893390,4.3655335440754784e-05,0.0017436853468143089,1,20,values_vs_freshness_gru_tuned_anchor_k5
06893500,0.00030860213991643716,0.01091513104431134,2,76,values_vs_freshness_gru_tuned_anchor_k5
06893562,-1.263214469067252e-05,0.004916907737087458,1,42,values_vs_freshness_gru_tuned_anchor_k5
06893578,-1.5980554557986032e-05,0.0021300426289146985,1,31,values_vs_freshness_gru_tuned_anchor_k5
06893620,0.00042304042422133467,0.004303107541119599,1,49,values_vs_freshness_gru_tuned_anchor_k5
06893940,-6.18269069796557e-05,0.0016944534314924744,1,31,values_vs_freshness_gru_tuned_anchor_k5
06894000,-1.4435721864253963e-05,0.0025546841310922497,1,44,values_vs_freshness_gru_tuned_anchor_k5
06902000,7.515187193058661e-05,0.004374772161517173,1,27,values_vs_freshness_gru_tuned_anchor_k5
06923250,9.415897306605007e-08,0.0017725111440263877,1,25,values_vs_freshness_gru_tuned_anchor_k5
06926510,9.452286060040805e-06,0.001811622013886891,1,19,values_vs_freshness_gru_tuned_anchor_k5
07022000,2.2891883675426644e-05,0.02044562164684825,1,305,values_vs_freshness_gru_tuned_anchor_k5
07048600,5.9128919387683755e-05,0.012507318480771395,1,147,values_vs_freshness_gru_tuned_anchor_k5
07048800,0.00048099821459708593,0.014412939796106066,1,115,values_vs_freshness_gru_tuned_anchor_k5
07049000,0.0010838345442941999,0.02591516226214917,2,248,values_vs_freshness_gru_tuned_anchor_k5
07050500,5.5163002600512186e-05,0.0013138627780442905,1,24,values_vs_freshness_gru_tuned_anchor_k5
07055893,3.979013941308672e-06,0.0010538729287407004,1,19,values_vs_freshness_gru_tuned_anchor_k5
07056000,0.001212923863790202,0.02011724499477987,2,180,values_vs_freshness_gru_tuned_anchor_k5
07056515,0.0002160346356429198,0.005245771777173648,1,55,values_vs_freshness_gru_tuned_anchor_k5
07060710,0.000362970736380238,0.007485605014406302,1,177,values_vs_freshness_gru_tuned_anchor_k5
07061600,-8.635326849001282e-05,0.0007481901335881794,1,31,values_vs_freshness_gru_tuned_anchor_k5
07077500,-5.990168581864517e-05,0.006279508236481937,1,25,values_vs_freshness_gru_tuned_anchor_k5
07077555,3.752089927127491e-05,0.005911085764819218,1,41,values_vs_freshness_gru_tuned_anchor_k5
07077800,2.9164637010793612e-05,0.0019192290629507522,1,15,values_vs_freshness_gru_tuned_anchor_k5
07097000,-9.705015364360101e-07,0.001099216639085274,1,11,values_vs_freshness_gru_tuned_anchor_k5
07099200,1.0059648877631785e-07,0.0061742248619076285,1,115,values_vs_freshness_gru_tuned_anchor_k5
07099400,5.694026421360776e-05,0.011543357074678828,2,232,values_vs_freshness_gru_tuned_anchor_k5
07143672,0.0015236480895978893,0.03676267724915565,2,202,values_vs_freshness_gru_tuned_anchor_k5
07231975,-0.0003229212059463084,0.001954733718305986,1,11,values_vs_freshness_gru_tuned_anchor_k5
07373420,-0.0003583226677121232,0.00917649968489339,1,315,values_vs_freshness_gru_tuned_anchor_k5
394340085524601,-0.0002427022255792616,0.02089005615247318,1,244,values_vs_freshness_gru_tuned_anchor_k5
401723105400000,0.0005299171562855667,0.007624447805934123,1,265,values_vs_freshness_gru_tuned_anchor_k5
03016000,1.4903405918619361e-05,0.0009641972901700053,1,29,flow_freshness_vs_prior_tail_gru_tuned_anchor_k5
03030852,-1.2519865357292756e-05,0.0026484987538981887,1,30,flow_freshness_vs_prior_tail_gru_tuned_anchor_k5
03037525,-8.649795460763043e-06,0.0014338629712571777,1,25,flow_freshness_vs_prior_tail_gru_tuned_anchor_k5
03039420,1.4921092472308888e-05,0.0009101222875674791,1,20,flow_freshness_vs_prior_tail_gru_tuned_anchor_k5
03049625,2.376492451100993e-05,0.0037532651081704942,1,43,flow_freshness_vs_prior_tail_gru_tuned_anchor_k5
03075001,0.0001040748379400927,0.005489355482952355,2,134,flow_freshness_vs_prior_tail_gru_tuned_anchor_k5
03083500,4.7185075280025645e-05,0.002404931840766718,1,100,flow_freshness_vs_prior_tail_gru_tuned_anchor_k5
03085000,2.6268150332016173e-05,0.004062277056646025,1,122,flow_freshness_vs_prior_tail_gru_tuned_anchor_k5
03104500,0.0001105449414695372,0.004814540887790292,2,68,flow_freshness_vs_prior_tail_gru_tuned_anchor_k5
03110983,-3.389115654756502e-05,0.007601091267055465,2,56,flow_freshness_vs_prior_tail_gru_tuned_anchor_k5
03127970,2.4859807149828254e-05,0.008408894593414191,2,58,flow_freshness_vs_prior_tail_gru_tuned_anchor_k5
03144270,8.150471470137756e-07,0.002778315984878851,1,26,flow_freshness_vs_prior_tail_gru_tuned_anchor_k5
03144289,-0.00013236282416955958,0.01074427416664382,3,78,flow_freshness_vs_prior_tail_gru_tuned_anchor_k5
03201660,-3.730181340765342e-05,0.002100800621420049,1,20,flow_freshness_vs_prior_tail_gru_tuned_anchor_k5
03201700,1.4178028734795015e-06,0.004033206139698618,1,37,flow_freshness_vs_prior_tail_gru_tuned_anchor_k5
03207962,-3.6527890786247124e-05,0.0013664584320760291,1,16,flow_freshness_vs_prior_tail_gru_tuned_anchor_k5
03212500,-2.1932519524224696e-07,0.001989745818303346,1,20,flow_freshness_vs_prior_tail_gru_tuned_anchor_k5
03216600,-0.00041846542260529714,0.008182307907596649,1,115,flow_freshness_vs_prior_tail_gru_tuned_anchor_k5
03245500,-3.7076776474069485e-06,0.003402578231960298,1,33,flow_freshness_vs_prior_tail_gru_tuned_anchor_k5
03281500,1.788795786951588e-06,0.0014770569261787563,1,31,flow_freshness_vs_prior_tail_gru_tuned_anchor_k5
03290500,7.824492475553405e-06,0.004602970440512947,1,53,flow_freshness_vs_prior_tail_gru_tuned_anchor_k5
03303280,-0.0009061928370408207,0.022148250950064452,1,294,flow_freshness_vs_prior_tail_gru_tuned_anchor_k5
03339000,6.670668854881673e-06,0.00045370584577747133,1,10,flow_freshness_vs_prior_tail_gru_tuned_anchor_k5
03353551,-1.7337909164327638e-05,0.006533439445564472,1,21,flow_freshness_vs_prior_tail_gru_tuned_anchor_k5
03353630,-2.1836459506025497e-05,0.0038762664986483272,2,42,flow_freshness_vs_prior_tail_gru_tuned_anchor_k5
03354000,-6.6921649307372665e-06,0.0017099491292771512,1,32,flow_freshness_vs_prior_tail_gru_tuned_anchor_k5
03357330,2.178805241172588e-05,0.003382374856977565,2,54,flow_freshness_vs_prior_tail_gru_tuned_anchor_k5
03373530,1.928839569870864e-06,0.003407575791181231,1,22,flow_freshness_vs_prior_tail_gru_tuned_anchor_k5
03378500,1.8328076543343046e-05,0.013301259019274756,1,285,flow_freshness_vs_prior_tail_gru_tuned_anchor_k5
03438500,5.657443834745283e-06,0.0010989619945580313,2,60,flow_freshness_vs_prior_tail_gru_tuned_anchor_k5
03459500,0.00018838058107324565,0.0047958963397370215,1,14,flow_freshness_vs_prior_tail_gru_tuned_anchor_k5
03460000,-1.299591808753508e-05,0.01615821524365371,1,67,flow_freshness_vs_prior_tail_gru_tuned_anchor_k5
03466208,-2.9059920171967682e-05,0.002603291863883061,1,34,flow_freshness_vs_prior_tail_gru_tuned_anchor_k5
03497300,0.00025202697950374106,0.021478119032386736,3,585,flow_freshness_vs_prior_tail_gru_tuned_anchor_k5
03524550,-8.202323894686012e-06,0.0023608667651950264,1,19,flow_freshness_vs_prior_tail_gru_tuned_anchor_k5
03612500,5.044386795083779e-06,0.008161708006648246,1,197,flow_freshness_vs_prior_tail_gru_tuned_anchor_k5
03612600,-0.00011433262392872619,0.0027739821016651025,1,106,flow_freshness_vs_prior_tail_gru_tuned_anchor_k5
05276005,1.7108004432494237e-05,0.0021951023981993606,1,22,flow_freshness_vs_prior_tail_gru_tuned_anchor_k5
05288705,-0.0003774237655852905,0.022993280843752607,1,200,flow_freshness_vs_prior_tail_gru_tuned_anchor_k5
05320270,-4.731693112679539e-06,0.006525827227937192,1,34,flow_freshness_vs_prior_tail_gru_tuned_anchor_k5
05322000,4.439951012337456e-05,0.003777152224386316,1,33,flow_freshness_vs_prior_tail_gru_tuned_anchor_k5
05325000,-1.5980094868560783e-06,0.00022765395320576293,1,2,flow_freshness_vs_prior_tail_gru_tuned_anchor_k5
05325050,6.2558884112829294e-06,0.0008903414756659732,2,14,flow_freshness_vs_prior_tail_gru_tuned_anchor_k5
05331833,2.856198118178707e-07,0.003261213498554254,1,24,flow_freshness_vs_prior_tail_gru_tuned_anchor_k5
05333500,3.7672301565051495e-06,0.013751743316472139,1,62,flow_freshness_vs_prior_tail_gru_tuned_anchor_k5
05355250,1.7310872770202942e-06,0.0018433262254462378,1,29,flow_freshness_vs_prior_tail_gru_tuned_anchor_k5
05357206,7.144675413903561e-05,0.009042498094327084,1,89,flow_freshness_vs_prior_tail_gru_tuned_anchor_k5
05357215,0.00030838909051737013,0.006557011694991485,1,121,flow_freshness_vs_prior_tail_gru_tuned_anchor_k5
05357245,6.969782247310263e-06,0.006815048215262379,1,114,flow_freshness_vs_prior_tail_gru_tuned_anchor_k5
05412500,-4.222335470228301e-05,0.011231509132441954,1,113,flow_freshness_vs_prior_tail_gru_tuned_anchor_k5
05418600,-0.0001134897922068659,0.009222267686490628,1,113,flow_freshness_vs_prior_tail_gru_tuned_anchor_k5
05420500,-0.00010912205578971983,0.031756211945722194,1,291,flow_freshness_vs_prior_tail_gru_tuned_anchor_k5
05422000,0.00018792119121162086,0.010930071683483287,1,145,flow_freshness_vs_prior_tail_gru_tuned_anchor_k5
05427948,-0.00018065787633583937,0.0038674920415265536,1,20,flow_freshness_vs_prior_tail_gru_tuned_anchor_k5
05427952,-2.730688531342101e-07,0.005370061440447261,1,21,flow_freshness_vs_prior_tail_gru_tuned_anchor_k5
05451070,-1.863714778973901e-05,0.0014362583186899596,1,15,flow_freshness_vs_prior_tail_gru_tuned_anchor_k5
05455100,-3.7714272774607455e-07,0.003975811459190658,1,26,flow_freshness_vs_prior_tail_gru_tuned_anchor_k5
05461390,1.559499533142859e-05,0.006156177009809196,1,26,flow_freshness_vs_prior_tail_gru_tuned_anchor_k5
05463050,1.0311570273494104e-05,0.0020800287085759256,1,17,flow_freshness_vs_prior_tail_gru_tuned_anchor_k5
05464220,2.8912616283546822e-06,0.011143834264351072,2,72,flow_freshness_vs_prior_tail_gru_tuned_anchor_k5
05464760,-5.8486423276450415e-08,0.0015014873532851786,1,15,flow_freshness_vs_prior_tail_gru_tuned_anchor_k5
05465500,-1.0052996371981982e-05,0.02291797468303747,1,286,flow_freshness_vs_prior_tail_gru_tuned_anchor_k5
05531500,6.180116449502257e-05,0.011123322896641877,2,28,flow_freshness_vs_prior_tail_gru_tuned_anchor_k5
05538020,5.645076834865453e-07,0.00029857941247119244,1,9,flow_freshness_vs_prior_tail_gru_tuned_anchor_k5
05540500,5.145614379337506e-06,0.006686631317582559,2,70,flow_freshness_vs_prior_tail_gru_tuned_anchor_k5
05543500,1.2531812669643166e-05,0.004443459142565519,1,53,flow_freshness_vs_prior_tail_gru_tuned_anchor_k5
05552500,-1.2796350501610556e-06,0.002803819344196027,1,40,flow_freshness_vs_prior_tail_gru_tuned_anchor_k5
05553700,-2.79873100661377e-06,0.0019773575329884163,2,60,flow_freshness_vs_prior_tail_gru_tuned_anchor_k5
05587455,1.8325190246003306e-06,0.024094349881401616,1,298,flow_freshness_vs_prior_tail_gru_tuned_anchor_k5
06126470,-1.1241284581221469e-06,0.004065230448376855,1,17,flow_freshness_vs_prior_tail_gru_tuned_anchor_k5
06177825,2.664330169869885e-06,0.004717386383668168,1,20,flow_freshness_vs_prior_tail_gru_tuned_anchor_k5
06183450,8.152049877744051e-07,0.006963028546478232,1,17,flow_freshness_vs_prior_tail_gru_tuned_anchor_k5
06208500,4.061584422197872e-07,0.0011547841389035177,1,28,flow_freshness_vs_prior_tail_gru_tuned_anchor_k5
06214500,-4.153309804092663e-05,0.0033851746884164657,1,44,flow_freshness_vs_prior_tail_gru_tuned_anchor_k5
06279500,2.2309341036025387e-05,0.002490363415004586,2,66,flow_freshness_vs_prior_tail_gru_tuned_anchor_k5
06294940,-2.0328970901579486e-06,0.005008440167175707,1,15,flow_freshness_vs_prior_tail_gru_tuned_anchor_k5
06294980,-4.787808342600999e-05,0.005758587726255286,1,20,flow_freshness_vs_prior_tail_gru_tuned_anchor_k5
06295000,2.677902646772842e-05,0.007235054614303181,1,61,flow_freshness_vs_prior_tail_gru_tuned_anchor_k5
06296120,-3.045876385804504e-07,0.00544157513282309,1,36,flow_freshness_vs_prior_tail_gru_tuned_anchor_k5
06306100,8.399718378282105e-05,0.003919186026297164,1,21,flow_freshness_vs_prior_tail_gru_tuned_anchor_k5
06306300,-7.275976735030803e-06,0.005896326228282636,1,56,flow_freshness_vs_prior_tail_gru_tuned_anchor_k5
06307500,2.405897300599841e-07,0.00999491529538617,1,65,flow_freshness_vs_prior_tail_gru_tuned_anchor_k5
06307600,2.8245805268026897e-05,0.005337495820106196,1,27,flow_freshness_vs_prior_tail_gru_tuned_anchor_k5
06307665,-1.511474758747357e-07,0.006030797986295234,1,19,flow_freshness_vs_prior_tail_gru_tuned_anchor_k5
06313500,-0.00011109806185651734,0.028058975884941814,2,78,flow_freshness_vs_prior_tail_gru_tuned_anchor_k5
06324500,-0.00017241187253202664,0.00755471141973383,1,84,flow_freshness_vs_prior_tail_gru_tuned_anchor_k5
06324925,-0.00013253638644608368,0.02048049884243152,2,58,flow_freshness_vs_prior_tail_gru_tuned_anchor_k5
06324970,0.00020677631464897236,0.031070377577546833,2,138,flow_freshness_vs_prior_tail_gru_tuned_anchor_k5
06326600,0.000227992853821518,0.0449304371785608,3,114,flow_freshness_vs_prior_tail_gru_tuned_anchor_k5
06330000,-3.0330408899156454e-07,0.025635367485545683,1,75,flow_freshness_vs_prior_tail_gru_tuned_anchor_k5
06332515,-3.1292767497163225e-07,0.007868871589216264,1,20,flow_freshness_vs_prior_tail_gru_tuned_anchor_k5
06332770,-4.255623773963408e-06,0.0028040385826341293,1,16,flow_freshness_vs_prior_tail_gru_tuned_anchor_k5
06336500,0.0002533858625722904,0.006306603323429603,1,21,flow_freshness_vs_prior_tail_gru_tuned_anchor_k5
06337000,7.182933849235546e-05,0.012983627568005082,2,48,flow_freshness_vs_prior_tail_gru_tuned_anchor_k5
06339550,-0.00027176275942817843,0.010868717079335193,1,38,flow_freshness_vs_prior_tail_gru_tuned_anchor_k5
06339800,7.668778801082647e-05,0.032408942811253186,2,64,flow_freshness_vs_prior_tail_gru_tuned_anchor_k5
06339900,7.184009946460549e-05,0.013132680694029989,1,34,flow_freshness_vs_prior_tail_gru_tuned_anchor_k5
06340000,0.00010914498971536925,0.04316964097703196,2,138,flow_freshness_vs_prior_tail_gru_tuned_anchor_k5
06340520,-1.9145268350449958e-07,0.007029153260978764,1,20,flow_freshness_vs_prior_tail_gru_tuned_anchor_k5
06340580,6.049042427267382e-05,0.016353049474270024,2,38,flow_freshness_vs_prior_tail_gru_tuned_anchor_k5
06342200,7.883115319043406e-06,0.015534631966333324,1,40,flow_freshness_vs_prior_tail_gru_tuned_anchor_k5
06342230,-4.5456035637631816e-05,0.007823678451167175,1,24,flow_freshness_vs_prior_tail_gru_tuned_anchor_k5
06344600,0.00044544557918960165,0.029527826652287485,2,80,flow_freshness_vs_prior_tail_gru_tuned_anchor_k5
06349000,-1.1433169629337166e-06,0.004351216099240752,1,18,flow_freshness_vs_prior_tail_gru_tuned_anchor_k5
06349930,5.380663197546292e-06,0.026937364658733972,1,62,flow_freshness_vs_prior_tail_gru_tuned_anchor_k5
06350000,9.097771530471444e-07,0.012458221994361245,1,34,flow_freshness_vs_prior_tail_gru_tuned_anchor_k5
06355310,-1.1556329732452279e-05,0.059535824807699755,1,67,flow_freshness_vs_prior_tail_gru_tuned_anchor_k5
06375600,4.65919842153064e-05,0.006998260278317609,1,35,flow_freshness_vs_prior_tail_gru_tuned_anchor_k5
06378300,0.00020604496957948035,0.024900917089563074,2,32,flow_freshness_vs_prior_tail_gru_tuned_anchor_k5
06426400,0.00010667549170662995,0.014120812104786168,1,31,flow_freshness_vs_prior_tail_gru_tuned_anchor_k5
06436180,-1.119508049480881e-05,0.001031643639909178,1,31,flow_freshness_vs_prior_tail_gru_tuned_anchor_k5
06436198,-4.2671731079475464e-08,0.002353292778224056,1,30,flow_freshness_vs_prior_tail_gru_tuned_anchor_k5
06453305,4.556604583336849e-06,0.0003304583249176607,1,19,flow_freshness_vs_prior_tail_gru_tuned_anchor_k5
06463720,-4.126735396109697e-05,0.004388110286025548,2,38,flow_freshness_vs_prior_tail_gru_tuned_anchor_k5
06485500,-0.00010448269119079003,0.03367654486252532,2,168,flow_freshness_vs_prior_tail_gru_tuned_anchor_k5
06607500,0.0026965415691487774,0.040885420337233816,2,226,flow_freshness_vs_prior_tail_gru_tuned_anchor_k5
06611100,5.032360481570559e-06,0.0029844108105713998,1,19,flow_freshness_vs_prior_tail_gru_tuned_anchor_k5
06611200,2.7780703602610475e-05,0.00618759972778026,1,19,flow_freshness_vs_prior_tail_gru_tuned_anchor_k5
06611800,6.27902756868567e-05,0.002757869938134558,1,19,flow_freshness_vs_prior_tail_gru_tuned_anchor_k5
06710200,-3.101193830840798e-05,0.0020632896053470635,1,5,flow_freshness_vs_prior_tail_gru_tuned_anchor_k5
06713500,-0.0005386740440641839,0.01930477746863183,1,229,flow_freshness_vs_prior_tail_gru_tuned_anchor_k5
06714000,-8.394427453488881e-06,0.017635904019265018,1,108,flow_freshness_vs_prior_tail_gru_tuned_anchor_k5
06720500,0.0003461621926261603,0.019030509929998423,2,102,flow_freshness_vs_prior_tail_gru_tuned_anchor_k5
06734900,3.749515620474716e-07,0.0011552236193923006,1,27,flow_freshness_vs_prior_tail_gru_tuned_anchor_k5
06752000,6.578329048412349e-07,0.0018473974335597248,1,24,flow_freshness_vs_prior_tail_gru_tuned_anchor_k5
06753400,1.8590490016740997e-05,0.0023035597932187296,1,21,flow_freshness_vs_prior_tail_gru_tuned_anchor_k5
06759910,2.2077041529897162e-05,0.0027915947057252357,2,50,flow_freshness_vs_prior_tail_gru_tuned_anchor_k5
06770500,-2.2666668543959914e-06,0.003392767290933159,1,17,flow_freshness_vs_prior_tail_gru_tuned_anchor_k5
06775900,0.003539507076689918,0.01569379764202804,1,195,flow_freshness_vs_prior_tail_gru_tuned_anchor_k5
06791150,3.133488249106265e-06,0.007167794052606656,2,30,flow_freshness_vs_prior_tail_gru_tuned_anchor_k5
06805500,8.382178761505772e-05,0.06663807136882226,2,590,flow_freshness_vs_prior_tail_gru_tuned_anchor_k5
06810000,1.1145584325020045e-06,0.013466228420081385,1,125,flow_freshness_vs_prior_tail_gru_tuned_anchor_k5
06818000,-5.971751012335461e-08,0.003921471842022036,1,32,flow_freshness_vs_prior_tail_gru_tuned_anchor_k5
06879100,-1.1970428335898674e-06,0.0019007666562085893,1,31,flow_freshness_vs_prior_tail_gru_tuned_anchor_k5
06879650,0.00018298276985716485,0.0012331203404105369,1,15,flow_freshness_vs_prior_tail_gru_tuned_anchor_k5
06880800,4.126103381360347e-06,0.007193849749101931,1,38,flow_freshness_vs_prior_tail_gru_tuned_anchor_k5
06885500,4.480765508240437e-07,0.005698760580255207,1,30,flow_freshness_vs_prior_tail_gru_tuned_anchor_k5
06887000,4.3856476470068285e-06,0.00848539542971603,1,54,flow_freshness_vs_prior_tail_gru_tuned_anchor_k5
06890900,1.4816963700141387e-07,0.001015260647265411,1,27,flow_freshness_vs_prior_tail_gru_tuned_anchor_k5
06891500,2.1870952168449303e-05,0.003985625450847009,2,56,flow_freshness_vs_prior_tail_gru_tuned_anchor_k5
06893350,7.362049141718775e-07,0.0014381466692268093,1,12,flow_freshness_vs_prior_tail_gru_tuned_anchor_k5
06893390,-2.9721709561422492e-05,0.0017139636372528865,1,20,flow_freshness_vs_prior_tail_gru_tuned_anchor_k5
06893500,-2.4533408633596938e-05,0.010890597635677743,2,76,flow_freshness_vs_prior_tail_gru_tuned_anchor_k5
06893562,-3.4178320177000695e-07,0.004916565953885687,1,42,flow_freshness_vs_prior_tail_gru_tuned_anchor_k5
06893578,-6.001833646108519e-06,0.0021240407952685903,1,31,flow_freshness_vs_prior_tail_gru_tuned_anchor_k5
06893620,-1.0755439211981224e-05,0.004292352101907618,1,49,flow_freshness_vs_prior_tail_gru_tuned_anchor_k5
06893940,5.6273412085349535e-05,0.0017507268435778239,1,31,flow_freshness_vs_prior_tail_gru_tuned_anchor_k5
06894000,-3.1544593813428137e-06,0.002551529671710907,1,44,flow_freshness_vs_prior_tail_gru_tuned_anchor_k5
06902000,-7.070009188426096e-06,0.004367702152328746,1,27,flow_freshness_vs_prior_tail_gru_tuned_anchor_k5
06923250,3.0469570307533982e-05,0.0018029807143339217,1,25,flow_freshness_vs_prior_tail_gru_tuned_anchor_k5
06926510,6.998538893720337e-06,0.0018186205527806112,1,19,flow_freshness_vs_prior_tail_gru_tuned_anchor_k5
07022000,1.0720968813550704e-06,0.020446693743729604,1,305,flow_freshness_vs_prior_tail_gru_tuned_anchor_k5
07048600,7.231610388730115e-06,0.012514550091160124,1,147,flow_freshness_vs_prior_tail_gru_tuned_anchor_k5
07048800,-3.18845598777647e-05,0.014381055236228301,1,115,flow_freshness_vs_prior_tail_gru_tuned_anchor_k5
07049000,-6.773914467309589e-05,0.025847423117476075,2,248,flow_freshness_vs_prior_tail_gru_tuned_anchor_k5
07050500,-1.1281795804087566e-05,0.0013025809822402028,1,24,flow_freshness_vs_prior_tail_gru_tuned_anchor_k5
07055893,3.4132035766129982e-06,0.0010572861323173135,1,19,flow_freshness_vs_prior_tail_gru_tuned_anchor_k5
07056000,8.618089257100798e-05,0.020203425887350877,2,180,flow_freshness_vs_prior_tail_gru_tuned_anchor_k5
07056515,-3.93432164256484e-05,0.005206428560748,1,55,flow_freshness_vs_prior_tail_gru_tuned_anchor_k5
07060710,-1.2503601540922555e-05,0.007473101412865379,1,177,flow_freshness_vs_prior_tail_gru_tuned_anchor_k5
07061600,5.879880344086415e-05,0.0008069889370290436,1,31,flow_freshness_vs_prior_tail_gru_tuned_anchor_k5
07077500,3.8413424744506514e-05,0.006317921661226443,1,25,flow_freshness_vs_prior_tail_gru_tuned_anchor_k5
07077555,-3.676718063391914e-05,0.005874318584185299,1,41,flow_freshness_vs_prior_tail_gru_tuned_anchor_k5
07077800,-0.00014307783467818592,0.0017761512282725661,1,15,flow_freshness_vs_prior_tail_gru_tuned_anchor_k5
07097000,-2.752097734848278e-06,0.0010964645413504255,1,11,flow_freshness_vs_prior_tail_gru_tuned_anchor_k5
07099200,-2.167558096960539e-06,0.006172057303810668,1,115,flow_freshness_vs_prior_tail_gru_tuned_anchor_k5
07099400,0.00017954633848720148,0.011722903413166029,2,232,flow_freshness_vs_prior_tail_gru_tuned_anchor_k5
07143672,-2.2129036834903865e-05,0.03674054821232074,2,202,flow_freshness_vs_prior_tail_gru_tuned_anchor_k5
07231975,-9.10915928591268e-06,0.0019456245590200735,1,11,flow_freshness_vs_prior_tail_gru_tuned_anchor_k5
07373420,0.0013029417101533347,0.010479441395046725,1,315,flow_freshness_vs_prior_tail_gru_tuned_anchor_k5
394340085524601,-0.0008074715651198171,0.020082584587353364,1,244,flow_freshness_vs_prior_tail_gru_tuned_anchor_k5
401723105400000,0.00011170928728538333,0.0077361570932195055,1,265,flow_freshness_vs_prior_tail_gru_tuned_anchor_k5
03016000,4.306898560612606e-05,0.0009923628698575119,1,29,flow_freshness_vs_context_gru_tuned_anchor_k5
03030852,7.434629165007629e-05,0.0027353649109055577,1,30,flow_freshness_vs_context_gru_tuned_anchor_k5
03037525,-9.33922718678166e-05,0.001349120494850124,1,25,flow_freshness_vs_context_gru_tuned_anchor_k5
03039420,-6.087892254808691e-06,0.0008891133028403616,1,20,flow_freshness_vs_context_gru_tuned_anchor_k5
03049625,5.725973659250742e-05,0.0037867599202519916,1,43,flow_freshness_vs_context_gru_tuned_anchor_k5
03075001,0.00011892543613457957,0.005504206081146841,2,134,flow_freshness_vs_context_gru_tuned_anchor_k5
03083500,-1.069663025517649e-05,0.0023470501352315155,1,100,flow_freshness_vs_context_gru_tuned_anchor_k5
03085000,2.9930598508575165e-05,0.004065939504822584,1,122,flow_freshness_vs_context_gru_tuned_anchor_k5
03104500,-0.00012134818101412493,0.004582647765306629,2,68,flow_freshness_vs_context_gru_tuned_anchor_k5
03110983,1.4072201907844475e-05,0.007649054625510876,2,56,flow_freshness_vs_context_gru_tuned_anchor_k5
03127970,4.090576846425576e-05,0.00842494055472862,2,58,flow_freshness_vs_context_gru_tuned_anchor_k5
03144270,5.032057154659566e-05,0.0028278215092784327,1,26,flow_freshness_vs_context_gru_tuned_anchor_k5
03144289,0.00019606203738197295,0.011072699028195352,3,78,flow_freshness_vs_context_gru_tuned_anchor_k5
03201660,0.00011895895723523687,0.0022570613920629393,1,20,flow_freshness_vs_context_gru_tuned_anchor_k5
03201700,1.4582690379842297e-05,0.004046371027204981,1,37,flow_freshness_vs_context_gru_tuned_anchor_k5
03207962,-3.645576817786979e-05,0.0013665305546844066,1,16,flow_freshness_vs_context_gru_tuned_anchor_k5
03212500,0.00013792596325337827,0.0021278911067519665,1,20,flow_freshness_vs_context_gru_tuned_anchor_k5
03216600,-0.0004498137905103323,0.008150959539691614,1,115,flow_freshness_vs_context_gru_tuned_anchor_k5
03245500,-1.813686553257953e-05,0.0033881490440751255,1,33,flow_freshness_vs_context_gru_tuned_anchor_k5
03281500,1.69577953085354e-05,0.0014922259257003402,1,31,flow_freshness_vs_context_gru_tuned_anchor_k5
03290500,2.3774927689239676e-05,0.004618920875726633,1,53,flow_freshness_vs_context_gru_tuned_anchor_k5
03303280,0.0014229955878522417,0.024477439374957517,1,294,flow_freshness_vs_context_gru_tuned_anchor_k5
03339000,-2.882990039062875e-05,0.0004182052765319609,1,10,flow_freshness_vs_context_gru_tuned_anchor_k5
03353551,7.375216509115309e-05,0.006624529519819952,1,21,flow_freshness_vs_context_gru_tuned_anchor_k5
03353630,5.592497597834858e-05,0.003954027934132701,2,42,flow_freshness_vs_context_gru_tuned_anchor_k5
03354000,-1.4347048658117019e-05,0.0017022942455497713,1,32,flow_freshness_vs_context_gru_tuned_anchor_k5
03357330,6.205476954739401e-05,0.0034226415741132324,2,54,flow_freshness_vs_context_gru_tuned_anchor_k5
03373530,6.829904756089933e-05,0.0034739459991722597,1,22,flow_freshness_vs_context_gru_tuned_anchor_k5
03378500,-3.381994454007894e-05,0.013249110998191333,1,285,flow_freshness_vs_context_gru_tuned_anchor_k5
03438500,-5.742165076364179e-05,0.0010358828999596443,2,60,flow_freshness_vs_context_gru_tuned_anchor_k5
03459500,-5.866335425647306e-05,0.004548852404407303,1,14,flow_freshness_vs_context_gru_tuned_anchor_k5
03460000,0.0009995495110473286,0.017170760672788575,1,67,flow_freshness_vs_context_gru_tuned_anchor_k5
03466208,0.00010675885202404425,0.0027391106360790734,1,34,flow_freshness_vs_context_gru_tuned_anchor_k5
03497300,-0.001454352696347252,0.019771739356535745,3,585,flow_freshness_vs_context_gru_tuned_anchor_k5
03524550,-6.657532405959069e-05,0.002302493765030122,1,19,flow_freshness_vs_context_gru_tuned_anchor_k5
03612500,4.0954337776720034e-05,0.008197617957629882,1,197,flow_freshness_vs_context_gru_tuned_anchor_k5
03612600,-0.0002640388559588274,0.0026242758696350013,1,106,flow_freshness_vs_context_gru_tuned_anchor_k5
05276005,3.455873908365392e-05,0.00221255313285052,1,22,flow_freshness_vs_context_gru_tuned_anchor_k5
05288705,0.0009348856264580178,0.024305590235795916,1,200,flow_freshness_vs_context_gru_tuned_anchor_k5
05320270,-6.640899327283112e-05,0.006464149927777042,1,34,flow_freshness_vs_context_gru_tuned_anchor_k5
05322000,-0.00017737399310282142,0.0035553787211601204,1,33,flow_freshness_vs_context_gru_tuned_anchor_k5
05325000,-3.8291997611784995e-06,0.0002254227629314405,1,2,flow_freshness_vs_context_gru_tuned_anchor_k5
05325050,-1.5735943260769925e-05,0.0008683496439939203,2,14,flow_freshness_vs_context_gru_tuned_anchor_k5
05331833,5.738355525155634e-06,0.0032666662342675915,1,24,flow_freshness_vs_context_gru_tuned_anchor_k5
05333500,2.69685422371737e-05,0.013774944628552806,1,62,flow_freshness_vs_context_gru_tuned_anchor_k5
05355250,-6.002626309255107e-07,0.0018409948755382921,1,29,flow_freshness_vs_context_gru_tuned_anchor_k5
05357206,1.3564079112381862e-05,0.00898461541930043,1,89,flow_freshness_vs_context_gru_tuned_anchor_k5
05357215,-0.00024469597190927763,0.006003926632564837,1,121,flow_freshness_vs_context_gru_tuned_anchor_k5
05357245,0.00019265945267677408,0.007000737885691843,1,114,flow_freshness_vs_context_gru_tuned_anchor_k5
05412500,0.0009249610643719985,0.012198693551516235,1,113,flow_freshness_vs_context_gru_tuned_anchor_k5
05418600,0.00016375321243673716,0.00949951069113423,1,113,flow_freshness_vs_context_gru_tuned_anchor_k5
05420500,5.560631265791381e-05,0.031920940314169824,1,291,flow_freshness_vs_context_gru_tuned_anchor_k5
05422000,0.00037788023400506666,0.011120030726276734,1,145,flow_freshness_vs_context_gru_tuned_anchor_k5
05427948,-4.332519263437111e-05,0.0040048247252280214,1,20,flow_freshness_vs_context_gru_tuned_anchor_k5
05427952,3.243307795437228e-06,0.005373577817095833,1,21,flow_freshness_vs_context_gru_tuned_anchor_k5
05451070,7.814435419380717e-05,0.0015330398206735059,1,15,flow_freshness_vs_context_gru_tuned_anchor_k5
05455100,-6.345353210378966e-06,0.003969843248708025,1,26,flow_freshness_vs_context_gru_tuned_anchor_k5
05461390,0.00047512942909978297,0.00661571144357755,1,26,flow_freshness_vs_context_gru_tuned_anchor_k5
05463050,-7.718035179591221e-05,0.0019925367865065192,1,17,flow_freshness_vs_context_gru_tuned_anchor_k5
05464220,-1.2590405100734719e-05,0.011128352597621984,2,72,flow_freshness_vs_context_gru_tuned_anchor_k5
05464760,-1.9777416482832004e-05,0.001481768423225623,1,15,flow_freshness_vs_context_gru_tuned_anchor_k5
05465500,4.405232843053455e-05,0.022972080007839988,1,286,flow_freshness_vs_context_gru_tuned_anchor_k5
05531500,-9.03723155787954e-05,0.010971149416568059,2,28,flow_freshness_vs_context_gru_tuned_anchor_k5
05538020,-1.3512555329405337e-06,0.00029666364925476536,1,9,flow_freshness_vs_context_gru_tuned_anchor_k5
05540500,0.00010255730906906685,0.006784043012272289,2,70,flow_freshness_vs_context_gru_tuned_anchor_k5
05543500,0.00014742845869898218,0.004578355788594857,1,53,flow_freshness_vs_context_gru_tuned_anchor_k5
05552500,-1.1624207015775823e-05,0.0027934747722304126,1,40,flow_freshness_vs_context_gru_tuned_anchor_k5
05553700,1.1505261066509859e-05,0.0019916615250615403,2,60,flow_freshness_vs_context_gru_tuned_anchor_k5
05587455,-2.4666529429396774e-05,0.02406785083294762,1,298,flow_freshness_vs_context_gru_tuned_anchor_k5
06126470,-0.0001636404960866864,0.0039027140807482907,1,17,flow_freshness_vs_context_gru_tuned_anchor_k5
06177825,-3.337679426655611e-06,0.0047113843740716425,1,20,flow_freshness_vs_context_gru_tuned_anchor_k5
06183450,7.8269868081112e-06,0.006970040328298569,1,17,flow_freshness_vs_context_gru_tuned_anchor_k5
06208500,3.0904545868323946e-06,0.0011574684350481304,1,28,flow_freshness_vs_context_gru_tuned_anchor_k5
06214500,-0.0005071597232885238,0.0029195480631688687,1,44,flow_freshness_vs_context_gru_tuned_anchor_k5
06279500,5.162647779870044e-05,0.002519680551767261,2,66,flow_freshness_vs_context_gru_tuned_anchor_k5
06294940,1.0361728336536848e-05,0.005020834792602401,1,15,flow_freshness_vs_context_gru_tuned_anchor_k5
06294980,-5.248600555650516e-05,0.00575397980412479,1,20,flow_freshness_vs_context_gru_tuned_anchor_k5
06295000,0.00013985952738558672,0.00734813511522104,1,61,flow_freshness_vs_context_gru_tuned_anchor_k5
06296120,2.288626802982886e-06,0.005444168347264653,1,36,flow_freshness_vs_context_gru_tuned_anchor_k5
06306100,3.126269724510271e-05,0.003866451539759445,1,21,flow_freshness_vs_context_gru_tuned_anchor_k5
06306300,0.0002090257083246859,0.006112627913342353,1,56,flow_freshness_vs_context_gru_tuned_anchor_k5
06307500,1.800401507054598e-06,0.009996475107163165,1,65,flow_freshness_vs_context_gru_tuned_anchor_k5
06307600,-3.50721766882633e-05,0.005274177838149906,1,27,flow_freshness_vs_context_gru_tuned_anchor_k5
06307665,4.1701645035397235e-06,0.006035119298274648,1,19,flow_freshness_vs_context_gru_tuned_anchor_k5
06313500,-6.087382387166176e-05,0.02810920012292667,2,78,flow_freshness_vs_context_gru_tuned_anchor_k5
06324500,2.9897379883411913e-05,0.0077570206721492676,1,84,flow_freshness_vs_context_gru_tuned_anchor_k5
06324925,-0.00011010529026384221,0.02050292993861376,2,58,flow_freshness_vs_context_gru_tuned_anchor_k5
06324970,-6.737653178157727e-05,0.03079622473111628,2,138,flow_freshness_vs_context_gru_tuned_anchor_k5
06326600,-0.0002105190172960029,0.04449192530744328,3,114,flow_freshness_vs_context_gru_tuned_anchor_k5
06330000,-2.8175806055968524e-05,0.025607494983578706,1,75,flow_freshness_vs_context_gru_tuned_anchor_k5
06332515,-1.7162841992895565e-06,0.007867468232691946,1,20,flow_freshness_vs_context_gru_tuned_anchor_k5
06332770,2.0676650219975603e-05,0.0028289708566280685,1,16,flow_freshness_vs_context_gru_tuned_anchor_k5
06336500,2.8212926614411347e-05,0.006081430387471724,1,21,flow_freshness_vs_context_gru_tuned_anchor_k5
06337000,8.446156509602651e-06,0.012920244386022326,2,48,flow_freshness_vs_context_gru_tuned_anchor_k5
06339550,-5.521068164114003e-05,0.01108526915712223,1,38,flow_freshness_vs_context_gru_tuned_anchor_k5
06339800,-0.00031296358852917237,0.03201929143471319,2,64,flow_freshness_vs_context_gru_tuned_anchor_k5
06339900,6.39219964109645e-05,0.013124762590976348,1,34,flow_freshness_vs_context_gru_tuned_anchor_k5
06340000,0.0001270456843442668,0.043187541671660855,2,138,flow_freshness_vs_context_gru_tuned_anchor_k5
06340520,1.5015716900545527e-05,0.007044360430562814,1,20,flow_freshness_vs_context_gru_tuned_anchor_k5
06340580,-6.067057661721631e-06,0.01628649199233563,2,38,flow_freshness_vs_context_gru_tuned_anchor_k5
06342200,3.542055799826874e-05,0.01556216940901255,1,40,flow_freshness_vs_context_gru_tuned_anchor_k5
06342230,-3.890144619259388e-05,0.007830233040612212,1,24,flow_freshness_vs_context_gru_tuned_anchor_k5
06344600,5.822963196560928e-05,0.02914061070506349,2,80,flow_freshness_vs_context_gru_tuned_anchor_k5
06349000,-5.901387021381019e-06,0.004346458029182304,1,18,flow_freshness_vs_context_gru_tuned_anchor_k5
06349930,1.4062392531355968e-05,0.02694604638806778,1,62,flow_freshness_vs_context_gru_tuned_anchor_k5
06350000,4.158513475733869e-06,0.01246147073068393,1,34,flow_freshness_vs_context_gru_tuned_anchor_k5
06355310,0.0006495611235669321,0.06019694226099914,1,67,flow_freshness_vs_context_gru_tuned_anchor_k5
06375600,-5.314411019549695e-06,0.006946353883082752,1,35,flow_freshness_vs_context_gru_tuned_anchor_k5
06378300,-3.0205195698134956e-05,0.024664666924285455,2,32,flow_freshness_vs_context_gru_tuned_anchor_k5
06426400,1.6751974537374162e-05,0.014030888587616912,1,31,flow_freshness_vs_context_gru_tuned_anchor_k5
06436180,-8.44357743543312e-05,0.0009584029460496556,1,31,flow_freshness_vs_context_gru_tuned_anchor_k5
06436198,5.136281163524154e-06,0.0023584717311186595,1,30,flow_freshness_vs_context_gru_tuned_anchor_k5
06453305,4.067485300901104e-05,0.0003665765733433349,1,19,flow_freshness_vs_context_gru_tuned_anchor_k5
06463720,-8.88149881602079e-05,0.0043405626518264375,2,38,flow_freshness_vs_context_gru_tuned_anchor_k5
06485500,0.0012963626569104448,0.03507739021062655,2,168,flow_freshness_vs_context_gru_tuned_anchor_k5
06607500,0.0031514098581200277,0.04134028862620506,2,226,flow_freshness_vs_context_gru_tuned_anchor_k5
06611100,6.690206008654145e-05,0.003046280510176371,1,19,flow_freshness_vs_context_gru_tuned_anchor_k5
06611200,-0.00029262408654512253,0.005867194937632526,1,19,flow_freshness_vs_context_gru_tuned_anchor_k5
06611800,1.5797360967737205e-05,0.002710877023415438,1,19,flow_freshness_vs_context_gru_tuned_anchor_k5
06710200,-9.07513917605708e-08,0.0020942107922637112,1,5,flow_freshness_vs_context_gru_tuned_anchor_k5
06713500,-0.00037005310493134607,0.019473398407764665,1,229,flow_freshness_vs_context_gru_tuned_anchor_k5
06714000,-3.515956964181077e-05,0.0176091388770767,1,108,flow_freshness_vs_context_gru_tuned_anchor_k5
06720500,-0.000608604958861312,0.01807574277851095,2,102,flow_freshness_vs_context_gru_tuned_anchor_k5
06734900,7.029414816045887e-05,0.0012251428159907119,1,27,flow_freshness_vs_context_gru_tuned_anchor_k5
06752000,3.451126907094888e-06,0.0018501907275619786,1,24,flow_freshness_vs_context_gru_tuned_anchor_k5
06753400,0.00011007008493749238,0.0023950393881394813,1,21,flow_freshness_vs_context_gru_tuned_anchor_k5
06759910,0.00018721762698010197,0.0029567352911754404,2,50,flow_freshness_vs_context_gru_tuned_anchor_k5
06770500,4.0882037300931894e-05,0.0034359159950884868,1,17,flow_freshness_vs_context_gru_tuned_anchor_k5
06775900,0.00036767444844642986,0.012521965013784551,1,195,flow_freshness_vs_context_gru_tuned_anchor_k5
06791150,-5.293238702458648e-06,0.00715936732565509,2,30,flow_freshness_vs_context_gru_tuned_anchor_k5
06805500,0.0017095893330852138,0.06826383891429241,2,590,flow_freshness_vs_context_gru_tuned_anchor_k5
06810000,1.7004332476636531e-06,0.013466814294896547,1,125,flow_freshness_vs_context_gru_tuned_anchor_k5
06818000,-4.510850985152598e-06,0.003917020708547006,1,32,flow_freshness_vs_context_gru_tuned_anchor_k5
06879100,-1.527866454868577e-05,0.0018866850344934935,1,31,flow_freshness_vs_context_gru_tuned_anchor_k5
06879650,1.7910299784619075e-05,0.001068047870337991,1,15,flow_freshness_vs_context_gru_tuned_anchor_k5
06880800,2.9208693570568008e-05,0.0072189323392911385,1,38,flow_freshness_vs_context_gru_tuned_anchor_k5
06885500,4.006847838614577e-06,0.005702319351542998,1,30,flow_freshness_vs_context_gru_tuned_anchor_k5
06887000,-1.0732989371836166e-06,0.008479936483131839,1,54,flow_freshness_vs_context_gru_tuned_anchor_k5
06890900,1.7665118467089345e-06,0.0010168789894751183,1,27,flow_freshness_vs_context_gru_tuned_anchor_k5
06891500,5.1174668832753336e-05,0.0040149291675113125,2,56,flow_freshness_vs_context_gru_tuned_anchor_k5
06893350,1.9439148419519978e-06,0.0014393543791545893,1,12,flow_freshness_vs_context_gru_tuned_anchor_k5
06893390,4.5363239398459165e-05,0.0017890485862127681,1,20,flow_freshness_vs_context_gru_tuned_anchor_k5
06893500,-3.4749902347463184e-05,0.010880381141963876,2,76,flow_freshness_vs_context_gru_tuned_anchor_k5
06893562,8.796227996552079e-05,0.005004870017052979,1,42,flow_freshness_vs_context_gru_tuned_anchor_k5
06893578,-1.3483238352209676e-05,0.002116559390562489,1,31,flow_freshness_vs_context_gru_tuned_anchor_k5
06893620,0.00020801706257799325,0.004511124603697593,1,49,flow_freshness_vs_context_gru_tuned_anchor_k5
06893940,3.157435197857476e-05,0.001726027783471049,1,31,flow_freshness_vs_context_gru_tuned_anchor_k5
06894000,3.3507020793433134e-05,0.002588191151885683,1,44,flow_freshness_vs_context_gru_tuned_anchor_k5
06902000,-7.400366443195564e-06,0.004367371795073977,1,27,flow_freshness_vs_context_gru_tuned_anchor_k5
06923250,1.5134781079131852e-05,0.0017876459251055196,1,25,flow_freshness_vs_context_gru_tuned_anchor_k5
06926510,1.3172882613127065e-05,0.0018247948965000181,1,19,flow_freshness_vs_context_gru_tuned_anchor_k5
07022000,-5.726278487718001e-05,0.02038835886197107,1,305,flow_freshness_vs_context_gru_tuned_anchor_k5
07048600,5.7512717371667536e-05,0.012564831198143061,1,147,flow_freshness_vs_context_gru_tuned_anchor_k5
07048800,-0.00013379182986066583,0.0142791479662454,1,115,flow_freshness_vs_context_gru_tuned_anchor_k5
07049000,0.00046938653022644524,0.026384548792375617,2,248,flow_freshness_vs_context_gru_tuned_anchor_k5
07050500,-1.233261876933221e-05,0.0013015301592749584,1,24,flow_freshness_vs_context_gru_tuned_anchor_k5
07055893,9.744134081651657e-06,0.0010636170628223521,1,19,flow_freshness_vs_context_gru_tuned_anchor_k5
07056000,0.00029155738299131153,0.02040880237777118,2,180,flow_freshness_vs_context_gru_tuned_anchor_k5
07056515,7.002095108425485e-05,0.005315792728257903,1,55,flow_freshness_vs_context_gru_tuned_anchor_k5
07060710,-0.002991479117647345,0.004494125896758957,1,177,flow_freshness_vs_context_gru_tuned_anchor_k5
07061600,7.06558010190061e-05,0.0008188459346071855,1,31,flow_freshness_vs_context_gru_tuned_anchor_k5
07077500,-8.753994112586827e-05,0.0061919682953560685,1,25,flow_freshness_vs_context_gru_tuned_anchor_k5
07077555,-1.900718752108054e-06,0.00590918504606711,1,41,flow_freshness_vs_context_gru_tuned_anchor_k5
07077800,-5.1722831276027685e-05,0.0018675062316747244,1,15,flow_freshness_vs_context_gru_tuned_anchor_k5
07097000,-1.5826092284148294e-05,0.0010833905468011255,1,11,flow_freshness_vs_context_gru_tuned_anchor_k5
07099200,-2.150304192234002e-05,0.006152721819985289,1,115,flow_freshness_vs_context_gru_tuned_anchor_k5
07099400,0.001386960089636428,0.012930317164315256,2,232,flow_freshness_vs_context_gru_tuned_anchor_k5
07143672,-1.2022418775343385e-05,0.03675065483038031,2,202,flow_freshness_vs_context_gru_tuned_anchor_k5
07231975,-7.117663329151902e-05,0.0018835570850144672,1,11,flow_freshness_vs_context_gru_tuned_anchor_k5
07373420,0.0001019380629641804,0.009278437747857571,1,315,flow_freshness_vs_context_gru_tuned_anchor_k5
394340085524601,0.0009217580236863161,0.021811814176159496,1,244,flow_freshness_vs_context_gru_tuned_anchor_k5
401723105400000,-0.002490777343640446,0.005133670462293676,1,265,flow_freshness_vs_context_gru_tuned_anchor_k5
03016000,1.261266170934458e-05,0.0009641972901700053,1,29,flow_values_vs_prior_tail_gru_tuned_anchor_k5
03030852,3.245146986204256e-05,0.0026484987538981887,1,30,flow_values_vs_prior_tail_gru_tuned_anchor_k5
03037525,-6.317868174352417e-05,0.0014338629712571777,1,25,flow_values_vs_prior_tail_gru_tuned_anchor_k5
03039420,1.5706356623868072e-05,0.0009101222875674791,1,20,flow_values_vs_prior_tail_gru_tuned_anchor_k5
03049625,-1.604668050491162e-05,0.0037532651081704942,1,43,flow_values_vs_prior_tail_gru_tuned_anchor_k5
03075001,9.170528021927979e-05,0.005489355482952355,2,134,flow_values_vs_prior_tail_gru_tuned_anchor_k5
03083500,6.492697214753926e-05,0.002404931840766718,1,100,flow_values_vs_prior_tail_gru_tuned_anchor_k5
03085000,2.038379254341356e-05,0.004062277056646025,1,122,flow_values_vs_prior_tail_gru_tuned_anchor_k5
03104500,7.812116519970063e-05,0.004814540887790292,2,68,flow_values_vs_prior_tail_gru_tuned_anchor_k5
03110983,2.744704741548943e-05,0.007601091267055465,2,56,flow_values_vs_prior_tail_gru_tuned_anchor_k5
03127970,8.45767309784706e-05,0.008408894593414191,2,58,flow_values_vs_prior_tail_gru_tuned_anchor_k5
03144270,2.787521922208898e-05,0.002778315984878851,1,26,flow_values_vs_prior_tail_gru_tuned_anchor_k5
03144289,0.00017518018285993112,0.01074427416664382,3,78,flow_values_vs_prior_tail_gru_tuned_anchor_k5
03201660,-4.6203483192823824e-05,0.002100800621420049,1,20,flow_values_vs_prior_tail_gru_tuned_anchor_k5
03201700,9.969881999485685e-06,0.004033206139698618,1,37,flow_values_vs_prior_tail_gru_tuned_anchor_k5
03207962,-2.4488745308816738e-05,0.0013664584320760291,1,16,flow_values_vs_prior_tail_gru_tuned_anchor_k5
03212500,2.793044522242626e-05,0.001989745818303346,1,20,flow_values_vs_prior_tail_gru_tuned_anchor_k5
03216600,-0.0002763643561581636,0.008182307907596649,1,115,flow_values_vs_prior_tail_gru_tuned_anchor_k5
03245500,7.410152625124101e-06,0.003402578231960298,1,33,flow_values_vs_prior_tail_gru_tuned_anchor_k5
03281500,-1.2367615624005648e-05,0.0014770569261787563,1,31,flow_values_vs_prior_tail_gru_tuned_anchor_k5
03290500,-1.4607538895596513e-05,0.004602970440512947,1,53,flow_values_vs_prior_tail_gru_tuned_anchor_k5
03303280,0.001085184645962703,0.022148250950064452,1,294,flow_values_vs_prior_tail_gru_tuned_anchor_k5
03339000,3.925360993378022e-06,0.00045370584577747133,1,10,flow_values_vs_prior_tail_gru_tuned_anchor_k5
03353551,-3.20685190314001e-05,0.006533439445564472,1,21,flow_values_vs_prior_tail_gru_tuned_anchor_k5
03353630,-8.041722533533143e-06,0.0038762664986483272,2,42,flow_values_vs_prior_tail_gru_tuned_anchor_k5
03354000,-0.00014032076249715007,0.0017099491292771512,1,32,flow_values_vs_prior_tail_gru_tuned_anchor_k5
03357330,3.589626920933549e-05,0.003382374856977565,2,54,flow_values_vs_prior_tail_gru_tuned_anchor_k5
03373530,2.184391788293189e-05,0.003407575791181231,1,22,flow_values_vs_prior_tail_gru_tuned_anchor_k5
03378500,0.00016792755934055253,0.013301259019274756,1,285,flow_values_vs_prior_tail_gru_tuned_anchor_k5
03438500,-1.5333517271403334e-06,0.0010989619945580313,2,60,flow_values_vs_prior_tail_gru_tuned_anchor_k5
03459500,-0.00014435376885953876,0.0047958963397370215,1,14,flow_values_vs_prior_tail_gru_tuned_anchor_k5
03460000,-0.0003951705428062205,0.01615821524365371,1,67,flow_values_vs_prior_tail_gru_tuned_anchor_k5
03466208,-7.455219137151671e-05,0.002603291863883061,1,34,flow_values_vs_prior_tail_gru_tuned_anchor_k5
03497300,0.0002485056376205153,0.021478119032386736,3,585,flow_values_vs_prior_tail_gru_tuned_anchor_k5
03524550,-9.326730866715188e-05,0.0023608667651950264,1,19,flow_values_vs_prior_tail_gru_tuned_anchor_k5
03612500,4.875549962001026e-06,0.008161708006648246,1,197,flow_values_vs_prior_tail_gru_tuned_anchor_k5
03612600,-9.744020450002911e-05,0.0027739821016651025,1,106,flow_values_vs_prior_tail_gru_tuned_anchor_k5
05276005,0.00020597777989235868,0.0021951023981993606,1,22,flow_values_vs_prior_tail_gru_tuned_anchor_k5
05288705,0.0009424120415868802,0.022993280843752607,1,200,flow_values_vs_prior_tail_gru_tuned_anchor_k5
05320270,-4.2986574485535984e-05,0.006525827227937192,1,34,flow_values_vs_prior_tail_gru_tuned_anchor_k5
05322000,7.609527745157213e-05,0.003777152224386316,1,33,flow_values_vs_prior_tail_gru_tuned_anchor_k5
05325000,-2.0208601542234112e-05,0.00022765395320576293,1,2,flow_values_vs_prior_tail_gru_tuned_anchor_k5
05325050,-2.6204208898000838e-05,0.0008903414756659732,2,14,flow_values_vs_prior_tail_gru_tuned_anchor_k5
05331833,2.2105213439523097e-06,0.003261213498554254,1,24,flow_values_vs_prior_tail_gru_tuned_anchor_k5
05333500,2.8783463538368014e-05,0.013751743316472139,1,62,flow_values_vs_prior_tail_gru_tuned_anchor_k5
05355250,3.2443963901348735e-06,0.0018433262254462378,1,29,flow_values_vs_prior_tail_gru_tuned_anchor_k5
05357206,9.535202307166377e-05,0.009042498094327084,1,89,flow_values_vs_prior_tail_gru_tuned_anchor_k5
05357215,-0.0001509049314832241,0.006557011694991485,1,121,flow_values_vs_prior_tail_gru_tuned_anchor_k5
05357245,0.0001227748377100234,0.006815048215262379,1,114,flow_values_vs_prior_tail_gru_tuned_anchor_k5
05412500,0.0005493676580671867,0.011231509132441954,1,113,flow_values_vs_prior_tail_gru_tuned_anchor_k5
05418600,-0.00013747567089958772,0.009222267686490628,1,113,flow_values_vs_prior_tail_gru_tuned_anchor_k5
05420500,-0.0003699230411520569,0.031756211945722194,1,291,flow_values_vs_prior_tail_gru_tuned_anchor_k5
05422000,-0.00010668969399666803,0.010930071683483287,1,145,flow_values_vs_prior_tail_gru_tuned_anchor_k5
05427948,-7.791926021331556e-05,0.0038674920415265536,1,20,flow_values_vs_prior_tail_gru_tuned_anchor_k5
05427952,-2.776482630428687e-07,0.005370061440447261,1,21,flow_values_vs_prior_tail_gru_tuned_anchor_k5
05451070,-4.405252400313105e-05,0.0014362583186899596,1,15,flow_values_vs_prior_tail_gru_tuned_anchor_k5
05455100,5.041655646706702e-06,0.003975811459190658,1,26,flow_values_vs_prior_tail_gru_tuned_anchor_k5
05461390,0.0002583341348258447,0.006156177009809196,1,26,flow_values_vs_prior_tail_gru_tuned_anchor_k5
05463050,-2.2015421788680468e-05,0.0020800287085759256,1,17,flow_values_vs_prior_tail_gru_tuned_anchor_k5
05464220,1.228773531434133e-05,0.011143834264351072,2,72,flow_values_vs_prior_tail_gru_tuned_anchor_k5
05464760,-1.2470792809224288e-08,0.0015014873532851786,1,15,flow_values_vs_prior_tail_gru_tuned_anchor_k5
05465500,0.00011929553957409248,0.02291797468303747,1,286,flow_values_vs_prior_tail_gru_tuned_anchor_k5
05531500,4.415807899082643e-05,0.011123322896641877,2,28,flow_values_vs_prior_tail_gru_tuned_anchor_k5
05538020,-1.2928796439357744e-05,0.00029857941247119244,1,9,flow_values_vs_prior_tail_gru_tuned_anchor_k5
05540500,-0.0001701179060116686,0.006686631317582559,2,70,flow_values_vs_prior_tail_gru_tuned_anchor_k5
05543500,-5.415437753014001e-05,0.004443459142565519,1,53,flow_values_vs_prior_tail_gru_tuned_anchor_k5
05552500,-1.9169372762995166e-05,0.002803819344196027,1,40,flow_values_vs_prior_tail_gru_tuned_anchor_k5
05553700,5.854960461857637e-06,0.0019773575329884163,2,60,flow_values_vs_prior_tail_gru_tuned_anchor_k5
05587455,1.874808332446353e-06,0.024094349881401616,1,298,flow_values_vs_prior_tail_gru_tuned_anchor_k5
06126470,-9.033198127112413e-06,0.004065230448376855,1,17,flow_values_vs_prior_tail_gru_tuned_anchor_k5
06177825,-0.00011011166553964851,0.004717386383668168,1,20,flow_values_vs_prior_tail_gru_tuned_anchor_k5
06183450,-1.850611630620367e-05,0.006963028546478232,1,17,flow_values_vs_prior_tail_gru_tuned_anchor_k5
06208500,-2.995067777029127e-07,0.0011547841389035177,1,28,flow_values_vs_prior_tail_gru_tuned_anchor_k5
06214500,0.00010391511980736733,0.0033851746884164657,1,44,flow_values_vs_prior_tail_gru_tuned_anchor_k5
06279500,-0.00017916807941877576,0.002490363415004586,2,66,flow_values_vs_prior_tail_gru_tuned_anchor_k5
06294940,2.066593984467193e-05,0.005008440167175707,1,15,flow_values_vs_prior_tail_gru_tuned_anchor_k5
06294980,-0.00022240679116208032,0.005758587726255286,1,20,flow_values_vs_prior_tail_gru_tuned_anchor_k5
06295000,7.732119543811587e-05,0.007235054614303181,1,61,flow_values_vs_prior_tail_gru_tuned_anchor_k5
06296120,3.0693197007234422e-06,0.00544157513282309,1,36,flow_values_vs_prior_tail_gru_tuned_anchor_k5
06306100,0.00010834644318605744,0.003919186026297164,1,21,flow_values_vs_prior_tail_gru_tuned_anchor_k5
06306300,-3.7316963923339124e-05,0.005896326228282636,1,56,flow_values_vs_prior_tail_gru_tuned_anchor_k5
06307500,6.845605839996986e-06,0.00999491529538617,1,65,flow_values_vs_prior_tail_gru_tuned_anchor_k5
06307600,5.991691100437149e-05,0.005337495820106196,1,27,flow_values_vs_prior_tail_gru_tuned_anchor_k5
06307665,-1.5734797874829039e-07,0.006030797986295234,1,19,flow_values_vs_prior_tail_gru_tuned_anchor_k5
06313500,-1.317614770794674e-05,0.028058975884941814,2,78,flow_values_vs_prior_tail_gru_tuned_anchor_k5
06324500,-0.0001924894613160559,0.00755471141973383,1,84,flow_values_vs_prior_tail_gru_tuned_anchor_k5
06324925,-0.0001890093033701464,0.02048049884243152,2,58,flow_values_vs_prior_tail_gru_tuned_anchor_k5
06324970,5.427411751478035e-05,0.031070377577546833,2,138,flow_values_vs_prior_tail_gru_tuned_anchor_k5
06326600,0.0004083841061654949,0.0449304371785608,3,114,flow_values_vs_prior_tail_gru_tuned_anchor_k5
06330000,-2.1128207701085148e-07,0.025635367485545683,1,75,flow_values_vs_prior_tail_gru_tuned_anchor_k5
06332515,1.1242025072161146e-06,0.007868871589216264,1,20,flow_values_vs_prior_tail_gru_tuned_anchor_k5
06332770,-3.2744561271656834e-05,0.0028040385826341293,1,16,flow_values_vs_prior_tail_gru_tuned_anchor_k5
06336500,0.0001359616148968482,0.006306603323429603,1,21,flow_values_vs_prior_tail_gru_tuned_anchor_k5
06337000,9.698902200070905e-05,0.012983627568005082,2,48,flow_values_vs_prior_tail_gru_tuned_anchor_k5
06339550,8.902294507350428e-05,0.010868717079335193,1,38,flow_values_vs_prior_tail_gru_tuned_anchor_k5
06339800,0.00021665029258696419,0.032408942811253186,2,64,flow_values_vs_prior_tail_gru_tuned_anchor_k5
06339900,0.0001773410335343987,0.013132680694029989,1,34,flow_values_vs_prior_tail_gru_tuned_anchor_k5
06340000,0.0003709736255124281,0.04316964097703196,2,138,flow_values_vs_prior_tail_gru_tuned_anchor_k5
06340520,8.930705879498114e-06,0.007029153260978764,1,20,flow_values_vs_prior_tail_gru_tuned_anchor_k5
06340580,-0.00015226274747974573,0.016353049474270024,2,38,flow_values_vs_prior_tail_gru_tuned_anchor_k5
06342200,1.9191635404718377e-06,0.015534631966333324,1,40,flow_values_vs_prior_tail_gru_tuned_anchor_k5
06342230,-0.0001449821987956882,0.007823678451167175,1,24,flow_values_vs_prior_tail_gru_tuned_anchor_k5
06344600,0.0003934097243241699,0.029527826652287485,2,80,flow_values_vs_prior_tail_gru_tuned_anchor_k5
06349000,-3.1961727738814867e-06,0.004351216099240752,1,18,flow_values_vs_prior_tail_gru_tuned_anchor_k5
06349930,1.1077781608785472e-05,0.026937364658733972,1,62,flow_values_vs_prior_tail_gru_tuned_anchor_k5
06350000,1.4569326146898602e-05,0.012458221994361245,1,34,flow_values_vs_prior_tail_gru_tuned_anchor_k5
06355310,-0.000453411029863152,0.059535824807699755,1,67,flow_values_vs_prior_tail_gru_tuned_anchor_k5
06375600,-0.00011059596842305335,0.006998260278317609,1,35,flow_values_vs_prior_tail_gru_tuned_anchor_k5
06378300,-8.855097465271326e-05,0.024900917089563074,2,32,flow_values_vs_prior_tail_gru_tuned_anchor_k5
06426400,-9.385398165841229e-06,0.014120812104786168,1,31,flow_values_vs_prior_tail_gru_tuned_anchor_k5
06436180,-6.9496034790609e-05,0.001031643639909178,1,31,flow_values_vs_prior_tail_gru_tuned_anchor_k5
06436198,1.8877626045448982e-06,0.002353292778224056,1,30,flow_values_vs_prior_tail_gru_tuned_anchor_k5
06453305,-2.070765869728914e-05,0.0003304583249176607,1,19,flow_values_vs_prior_tail_gru_tuned_anchor_k5
06463720,-4.2022624102768534e-05,0.004388110286025548,2,38,flow_values_vs_prior_tail_gru_tuned_anchor_k5
06485500,0.00047015371931982545,0.03367654486252532,2,168,flow_values_vs_prior_tail_gru_tuned_anchor_k5
06607500,0.0020429999462558725,0.040885420337233816,2,226,flow_values_vs_prior_tail_gru_tuned_anchor_k5
06611100,0.0001427542667797768,0.0029844108105713998,1,19,flow_values_vs_prior_tail_gru_tuned_anchor_k5
06611200,5.525180760538343e-05,0.00618759972778026,1,19,flow_values_vs_prior_tail_gru_tuned_anchor_k5
06611800,6.365432706286214e-05,0.002757869938134558,1,19,flow_values_vs_prior_tail_gru_tuned_anchor_k5
06710200,1.9707339637188463e-05,0.0020632896053470635,1,5,flow_values_vs_prior_tail_gru_tuned_anchor_k5
06713500,6.59332152584199e-05,0.01930477746863183,1,229,flow_values_vs_prior_tail_gru_tuned_anchor_k5
06714000,1.5313221692911262e-05,0.017635904019265018,1,108,flow_values_vs_prior_tail_gru_tuned_anchor_k5
06720500,-0.0005971623165422469,0.019030509929998423,2,102,flow_values_vs_prior_tail_gru_tuned_anchor_k5
06734900,-1.820730688967886e-05,0.0011552236193923006,1,27,flow_values_vs_prior_tail_gru_tuned_anchor_k5
06752000,1.980463089863973e-05,0.0018473974335597248,1,24,flow_values_vs_prior_tail_gru_tuned_anchor_k5
06753400,0.00011500870833509611,0.0023035597932187296,1,21,flow_values_vs_prior_tail_gru_tuned_anchor_k5
06759910,0.00012044412148457994,0.0027915947057252357,2,50,flow_values_vs_prior_tail_gru_tuned_anchor_k5
06770500,0.00016772236934350752,0.003392767290933159,1,17,flow_values_vs_prior_tail_gru_tuned_anchor_k5
06775900,7.473095538109257e-05,0.01569379764202804,1,195,flow_values_vs_prior_tail_gru_tuned_anchor_k5
06791150,1.7404327622103527e-06,0.007167794052606656,2,30,flow_values_vs_prior_tail_gru_tuned_anchor_k5
06805500,0.001283118182249043,0.06663807136882226,2,590,flow_values_vs_prior_tail_gru_tuned_anchor_k5
06810000,2.994319994734555e-05,0.013466228420081385,1,125,flow_values_vs_prior_tail_gru_tuned_anchor_k5
06818000,-1.2032294626327803e-06,0.003921471842022036,1,32,flow_values_vs_prior_tail_gru_tuned_anchor_k5
06879100,4.007560676071989e-07,0.0019007666562085893,1,31,flow_values_vs_prior_tail_gru_tuned_anchor_k5
06879650,3.903310746829812e-05,0.0012331203404105369,1,15,flow_values_vs_prior_tail_gru_tuned_anchor_k5
06880800,3.0972004477633394e-05,0.007193849749101931,1,38,flow_values_vs_prior_tail_gru_tuned_anchor_k5
06885500,-1.4254480965083556e-05,0.005698760580255207,1,30,flow_values_vs_prior_tail_gru_tuned_anchor_k5
06887000,-1.4462860694210469e-05,0.00848539542971603,1,54,flow_values_vs_prior_tail_gru_tuned_anchor_k5
06890900,2.257071575557838e-06,0.001015260647265411,1,27,flow_values_vs_prior_tail_gru_tuned_anchor_k5
06891500,-0.00032406015639044073,0.003985625450847009,2,56,flow_values_vs_prior_tail_gru_tuned_anchor_k5
06893350,3.872094648397447e-06,0.0014381466692268093,1,12,flow_values_vs_prior_tail_gru_tuned_anchor_k5
06893390,1.3933625879332292e-05,0.0017139636372528865,1,20,flow_values_vs_prior_tail_gru_tuned_anchor_k5
06893500,0.0002840687312828402,0.010890597635677743,2,76,flow_values_vs_prior_tail_gru_tuned_anchor_k5
06893562,-1.2973927892442523e-05,0.004916565953885687,1,42,flow_values_vs_prior_tail_gru_tuned_anchor_k5
06893578,-2.198238820409456e-05,0.0021240407952685903,1,31,flow_values_vs_prior_tail_gru_tuned_anchor_k5
06893620,0.0004122849850093535,0.004292352101907618,1,49,flow_values_vs_prior_tail_gru_tuned_anchor_k5
06893940,-5.553494894306157e-06,0.0017507268435778239,1,31,flow_values_vs_prior_tail_gru_tuned_anchor_k5
06894000,-1.7590181245596774e-05,0.002551529671710907,1,44,flow_values_vs_prior_tail_gru_tuned_anchor_k5
06902000,6.808186274216052e-05,0.004367702152328746,1,27,flow_values_vs_prior_tail_gru_tuned_anchor_k5
06923250,3.0563729280600026e-05,0.0018029807143339217,1,25,flow_values_vs_prior_tail_gru_tuned_anchor_k5
06926510,1.6450824953761142e-05,0.0018186205527806112,1,19,flow_values_vs_prior_tail_gru_tuned_anchor_k5
07022000,2.3963980556781714e-05,0.020446693743729604,1,305,flow_values_vs_prior_tail_gru_tuned_anchor_k5
07048600,6.636052977641388e-05,0.012514550091160124,1,147,flow_values_vs_prior_tail_gru_tuned_anchor_k5
07048800,0.0004491136547193212,0.014381055236228301,1,115,flow_values_vs_prior_tail_gru_tuned_anchor_k5
07049000,0.001016095399621104,0.025847423117476075,2,248,flow_values_vs_prior_tail_gru_tuned_anchor_k5
07050500,4.388120679642461e-05,0.0013025809822402028,1,24,flow_values_vs_prior_tail_gru_tuned_anchor_k5
07055893,7.39221751792167e-06,0.0010572861323173135,1,19,flow_values_vs_prior_tail_gru_tuned_anchor_k5
07056000,0.00129910475636121,0.020203425887350877,2,180,flow_values_vs_prior_tail_gru_tuned_anchor_k5
07056515,0.00017669141921727144,0.005206428560748,1,55,flow_values_vs_prior_tail_gru_tuned_anchor_k5
07060710,0.0003504671348393154,0.007473101412865379,1,177,flow_values_vs_prior_tail_gru_tuned_anchor_k5
07061600,-2.7554465049148673e-05,0.0008069889370290436,1,31,flow_values_vs_prior_tail_gru_tuned_anchor_k5
07077500,-2.148826107413865e-05,0.006317921661226443,1,25,flow_values_vs_prior_tail_gru_tuned_anchor_k5
07077555,7.537186373557784e-07,0.005874318584185299,1,41,flow_values_vs_prior_tail_gru_tuned_anchor_k5
07077800,-0.00011391319766739229,0.0017761512282725661,1,15,flow_values_vs_prior_tail_gru_tuned_anchor_k5
07097000,-3.722599271284288e-06,0.0010964645413504255,1,11,flow_values_vs_prior_tail_gru_tuned_anchor_k5
07099200,-2.066961608184221e-06,0.006172057303810668,1,115,flow_values_vs_prior_tail_gru_tuned_anchor_k5
07099400,0.00023648660270080924,0.011722903413166029,2,232,flow_values_vs_prior_tail_gru_tuned_anchor_k5
07143672,0.0015015190527629852,0.03674054821232074,2,202,flow_values_vs_prior_tail_gru_tuned_anchor_k5
07231975,-0.00033203036523222107,0.0019456245590200735,1,11,flow_values_vs_prior_tail_gru_tuned_anchor_k5
07373420,0.0009446190424412114,0.010479441395046725,1,315,flow_values_vs_prior_tail_gru_tuned_anchor_k5
394340085524601,-0.0010501737906990786,0.020082584587353364,1,244,flow_values_vs_prior_tail_gru_tuned_anchor_k5
401723105400000,0.00064162644357095,0.0077361570932195055,1,265,flow_values_vs_prior_tail_gru_tuned_anchor_k5
03016000,4.077824139685128e-05,0.0009923628698575119,1,29,flow_values_vs_context_gru_tuned_anchor_k5
03030852,0.0001193176268694116,0.0027353649109055577,1,30,flow_values_vs_context_gru_tuned_anchor_k5
03037525,-0.00014792115815057778,0.001349120494850124,1,25,flow_values_vs_context_gru_tuned_anchor_k5
03039420,-5.302628103249509e-06,0.0008891133028403616,1,20,flow_values_vs_context_gru_tuned_anchor_k5
03049625,1.7448131576585872e-05,0.0037867599202519916,1,43,flow_values_vs_context_gru_tuned_anchor_k5
03075001,0.00010655587841376666,0.005504206081146841,2,134,flow_values_vs_context_gru_tuned_anchor_k5
03083500,7.045266612337127e-06,0.0023470501352315155,1,100,flow_values_vs_context_gru_tuned_anchor_k5
03085000,2.4046240719972553e-05,0.004065939504822584,1,122,flow_values_vs_context_gru_tuned_anchor_k5
03104500,-0.0001537719572839615,0.004582647765306629,2,68,flow_values_vs_context_gru_tuned_anchor_k5
03110983,7.541040587089893e-05,0.007649054625510876,2,56,flow_values_vs_context_gru_tuned_anchor_k5
03127970,0.0001006226922928981,0.00842494055472862,2,58,flow_values_vs_context_gru_tuned_anchor_k5
03144270,7.738074362167087e-05,0.0028278215092784327,1,26,flow_values_vs_context_gru_tuned_anchor_k5
03144289,0.0005036050444114636,0.011072699028195352,3,78,flow_values_vs_context_gru_tuned_anchor_k5
03201660,0.00011005728745006646,0.0022570613920629393,1,20,flow_values_vs_context_gru_tuned_anchor_k5
03201700,2.313476950584848e-05,0.004046371027204981,1,37,flow_values_vs_context_gru_tuned_anchor_k5
03207962,-2.4416622700439394e-05,0.0013665305546844066,1,16,flow_values_vs_context_gru_tuned_anchor_k5
03212500,0.00016607573367104678,0.0021278911067519665,1,20,flow_values_vs_context_gru_tuned_anchor_k5
03216600,-0.00030771272406319875,0.008150959539691614,1,115,flow_values_vs_context_gru_tuned_anchor_k5
03245500,-7.019035260048485e-06,0.0033881490440751255,1,33,flow_values_vs_context_gru_tuned_anchor_k5
03281500,2.8013838975781655e-06,0.0014922259257003402,1,31,flow_values_vs_context_gru_tuned_anchor_k5
03290500,1.3428963180897612e-06,0.004618920875726633,1,53,flow_values_vs_context_gru_tuned_anchor_k5
03303280,0.0034143730708557653,0.024477439374957517,1,294,flow_values_vs_context_gru_tuned_anchor_k5
03339000,-3.15752082521324e-05,0.0004182052765319609,1,10,flow_values_vs_context_gru_tuned_anchor_k5
03353551,5.9021555224080636e-05,0.006624529519819952,1,21,flow_values_vs_context_gru_tuned_anchor_k5
03353630,6.971971295084094e-05,0.003954027934132701,2,42,flow_values_vs_context_gru_tuned_anchor_k5
03354000,-0.0001479756462245298,0.0017022942455497713,1,32,flow_values_vs_context_gru_tuned_anchor_k5
03357330,7.616298634500363e-05,0.0034226415741132324,2,54,flow_values_vs_context_gru_tuned_anchor_k5
03373530,8.821412587396036e-05,0.0034739459991722597,1,22,flow_values_vs_context_gru_tuned_anchor_k5
03378500,0.00011577953825713053,0.013249110998191333,1,285,flow_values_vs_context_gru_tuned_anchor_k5
03438500,-6.46124463255274e-05,0.0010358828999596443,2,60,flow_values_vs_context_gru_tuned_anchor_k5
03459500,-0.0003913977041892575,0.004548852404407303,1,14,flow_values_vs_context_gru_tuned_anchor_k5
03460000,0.000617374886328643,0.017170760672788575,1,67,flow_values_vs_context_gru_tuned_anchor_k5
03466208,6.126658082449521e-05,0.0027391106360790734,1,34,flow_values_vs_context_gru_tuned_anchor_k5
03497300,-0.0014578740382304779,0.019771739356535745,3,585,flow_values_vs_context_gru_tuned_anchor_k5
03524550,-0.00015164030883205653,0.002302493765030122,1,19,flow_values_vs_context_gru_tuned_anchor_k5
03612500,4.078550094363728e-05,0.008197617957629882,1,197,flow_values_vs_context_gru_tuned_anchor_k5
03612600,-0.0002471464365301303,0.0026242758696350013,1,106,flow_values_vs_context_gru_tuned_anchor_k5
05276005,0.00022342851454351835,0.00221255313285052,1,22,flow_values_vs_context_gru_tuned_anchor_k5
05288705,0.0022547214336301885,0.024305590235795916,1,200,flow_values_vs_context_gru_tuned_anchor_k5
05320270,-0.00010466387464568757,0.006464149927777042,1,34,flow_values_vs_context_gru_tuned_anchor_k5
05322000,-0.00014567822577462385,0.0035553787211601204,1,33,flow_values_vs_context_gru_tuned_anchor_k5
05325000,-2.2439791816556533e-05,0.0002254227629314405,1,2,flow_values_vs_context_gru_tuned_anchor_k5
05325050,-4.8196040570053695e-05,0.0008683496439939203,2,14,flow_values_vs_context_gru_tuned_anchor_k5
05331833,7.663257057290074e-06,0.0032666662342675915,1,24,flow_values_vs_context_gru_tuned_anchor_k5
05333500,5.198477561903656e-05,0.013774944628552806,1,62,flow_values_vs_context_gru_tuned_anchor_k5
05355250,9.130464821890692e-07,0.0018409948755382921,1,29,flow_values_vs_context_gru_tuned_anchor_k5
05357206,3.7469348045010005e-05,0.00898461541930043,1,89,flow_values_vs_context_gru_tuned_anchor_k5
05357215,-0.0007039899939098719,0.006003926632564837,1,121,flow_values_vs_context_gru_tuned_anchor_k5
05357245,0.0003084645081394872,0.007000737885691843,1,114,flow_values_vs_context_gru_tuned_anchor_k5
05412500,0.0015165520771414681,0.012198693551516235,1,113,flow_values_vs_context_gru_tuned_anchor_k5
05418600,0.00013976733374401534,0.00949951069113423,1,113,flow_values_vs_context_gru_tuned_anchor_k5
05420500,-0.00020519467270442324,0.031920940314169824,1,291,flow_values_vs_context_gru_tuned_anchor_k5
05422000,8.326934879677776e-05,0.011120030726276734,1,145,flow_values_vs_context_gru_tuned_anchor_k5
05427948,5.941342348815271e-05,0.0040048247252280214,1,20,flow_values_vs_context_gru_tuned_anchor_k5
05427952,3.238728385528569e-06,0.005373577817095833,1,21,flow_values_vs_context_gru_tuned_anchor_k5
05451070,5.272897798041511e-05,0.0015330398206735059,1,15,flow_values_vs_context_gru_tuned_anchor_k5
05455100,-9.265548359261891e-07,0.003969843248708025,1,26,flow_values_vs_context_gru_tuned_anchor_k5
05461390,0.0007178685685941992,0.00661571144357755,1,26,flow_values_vs_context_gru_tuned_anchor_k5
05463050,-0.00010950734385808679,0.0019925367865065192,1,17,flow_values_vs_context_gru_tuned_anchor_k5
05464220,-3.193931414748085e-06,0.011128352597621984,2,72,flow_values_vs_context_gru_tuned_anchor_k5
05464760,-1.9731400852364775e-05,0.001481768423225623,1,15,flow_values_vs_context_gru_tuned_anchor_k5
05465500,0.00017340086437660899,0.022972080007839988,1,286,flow_values_vs_context_gru_tuned_anchor_k5
05531500,-0.00010801540108299154,0.010971149416568059,2,28,flow_values_vs_context_gru_tuned_anchor_k5
05538020,-1.4844559655784823e-05,0.00029666364925476536,1,9,flow_values_vs_context_gru_tuned_anchor_k5
05540500,-7.270621132193927e-05,0.006784043012272289,2,70,flow_values_vs_context_gru_tuned_anchor_k5
05543500,8.074226849919902e-05,0.004578355788594857,1,53,flow_values_vs_context_gru_tuned_anchor_k5
05552500,-2.9513944728609934e-05,0.0027934747722304126,1,40,flow_values_vs_context_gru_tuned_anchor_k5
05553700,2.0158952534981263e-05,0.0019916615250615403,2,60,flow_values_vs_context_gru_tuned_anchor_k5
05587455,-2.4624240121550752e-05,0.02406785083294762,1,298,flow_values_vs_context_gru_tuned_anchor_k5
06126470,-0.00017154956575567666,0.0039027140807482907,1,17,flow_values_vs_context_gru_tuned_anchor_k5
06177825,-0.00011611367513617404,0.0047113843740716425,1,20,flow_values_vs_context_gru_tuned_anchor_k5
06183450,-1.1494334485866871e-05,0.006970040328298569,1,17,flow_values_vs_context_gru_tuned_anchor_k5
06208500,2.3847893669096962e-06,0.0011574684350481304,1,28,flow_values_vs_context_gru_tuned_anchor_k5
06214500,-0.00036171150544022973,0.0029195480631688687,1,44,flow_values_vs_context_gru_tuned_anchor_k5
06279500,-0.0001498509426561007,0.002519680551767261,2,66,flow_values_vs_context_gru_tuned_anchor_k5
06294940,3.30605652713667e-05,0.005020834792602401,1,15,flow_values_vs_context_gru_tuned_anchor_k5
06294980,-0.00022701471329257547,0.00575397980412479,1,20,flow_values_vs_context_gru_tuned_anchor_k5
06295000,0.00019040169635597417,0.00734813511522104,1,61,flow_values_vs_context_gru_tuned_anchor_k5
06296120,5.662534142286778e-06,0.005444168347264653,1,36,flow_values_vs_context_gru_tuned_anchor_k5
06306100,5.5611956648339105e-05,0.003866451539759445,1,21,flow_values_vs_context_gru_tuned_anchor_k5
06306300,0.00017898472113637756,0.006112627913342353,1,56,flow_values_vs_context_gru_tuned_anchor_k5
06307500,8.4054176169916e-06,0.009996475107163165,1,65,flow_values_vs_context_gru_tuned_anchor_k5
06307600,-3.4010709519187077e-06,0.005274177838149906,1,27,flow_values_vs_context_gru_tuned_anchor_k5
06307665,4.163964000666169e-06,0.006035119298274648,1,19,flow_values_vs_context_gru_tuned_anchor_k5
06313500,3.704809027690884e-05,0.02810920012292667,2,78,flow_values_vs_context_gru_tuned_anchor_k5
06324500,9.819791099382644e-06,0.0077570206721492676,1,84,flow_values_vs_context_gru_tuned_anchor_k5
06324925,-0.00016657820718790495,0.02050292993861376,2,58,flow_values_vs_context_gru_tuned_anchor_k5
06324970,-0.00021987872891576928,0.03079622473111628,2,138,flow_values_vs_context_gru_tuned_anchor_k5
06326600,-3.012776495202601e-05,0.04449192530744328,3,114,flow_values_vs_context_gru_tuned_anchor_k5
06330000,-2.8083784043987813e-05,0.025607494983578706,1,75,flow_values_vs_context_gru_tuned_anchor_k5
06332515,-2.7915401710180973e-07,0.007867468232691946,1,20,flow_values_vs_context_gru_tuned_anchor_k5
06332770,-7.812287277717811e-06,0.0028289708566280685,1,16,flow_values_vs_context_gru_tuned_anchor_k5
06336500,-8.921132106103085e-05,0.006081430387471724,1,21,flow_values_vs_context_gru_tuned_anchor_k5
06337000,3.360584001795628e-05,0.012920244386022326,2,48,flow_values_vs_context_gru_tuned_anchor_k5
06339550,0.00030557502286054266,0.01108526915712223,1,38,flow_values_vs_context_gru_tuned_anchor_k5
06339800,-0.00017300108395303476,0.03201929143471319,2,64,flow_values_vs_context_gru_tuned_anchor_k5
06339900,0.00016942293048075773,0.013124762590976348,1,34,flow_values_vs_context_gru_tuned_anchor_k5
06340000,0.00038887432014132566,0.043187541671660855,2,138,flow_values_vs_context_gru_tuned_anchor_k5
06340520,2.413787546354814e-05,0.007044360430562814,1,20,flow_values_vs_context_gru_tuned_anchor_k5
06340580,-0.0002188202294141412,0.01628649199233563,2,38,flow_values_vs_context_gru_tuned_anchor_k5
06342200,2.9456606219697173e-05,0.01556216940901255,1,40,flow_values_vs_context_gru_tuned_anchor_k5
06342230,-0.00013842760935065028,0.007830233040612212,1,24,flow_values_vs_context_gru_tuned_anchor_k5
06344600,6.19377710017752e-06,0.02914061070506349,2,80,flow_values_vs_context_gru_tuned_anchor_k5
06349000,-7.954242832328788e-06,0.004346458029182304,1,18,flow_values_vs_context_gru_tuned_anchor_k5
06349930,1.9759510942595147e-05,0.02694604638806778,1,62,flow_values_vs_context_gru_tuned_anchor_k5
06350000,1.781806246958533e-05,0.01246147073068393,1,34,flow_values_vs_context_gru_tuned_anchor_k5
06355310,0.00020770642343623233,0.06019694226099914,1,67,flow_values_vs_context_gru_tuned_anchor_k5
06375600,-0.00016250236365790942,0.006946353883082752,1,35,flow_values_vs_context_gru_tuned_anchor_k5
06378300,-0.0003248011399303286,0.024664666924285455,2,32,flow_values_vs_context_gru_tuned_anchor_k5
06426400,-9.930891533509699e-05,0.014030888587616912,1,31,flow_values_vs_context_gru_tuned_anchor_k5
06436180,-0.0001427367286501314,0.0009584029460496556,1,31,flow_values_vs_context_gru_tuned_anchor_k5
06436198,7.066715499148527e-06,0.0023584717311186595,1,30,flow_values_vs_context_gru_tuned_anchor_k5
06453305,1.541058972838505e-05,0.0003665765733433349,1,19,flow_values_vs_context_gru_tuned_anchor_k5
06463720,-8.957025830187948e-05,0.0043405626518264375,2,38,flow_values_vs_context_gru_tuned_anchor_k5
06485500,0.0018709990674210602,0.03507739021062655,2,168,flow_values_vs_context_gru_tuned_anchor_k5
06607500,0.002497868235227123,0.04134028862620506,2,226,flow_values_vs_context_gru_tuned_anchor_k5
06611100,0.0002046239663847477,0.003046280510176371,1,19,flow_values_vs_context_gru_tuned_anchor_k5
06611200,-0.00026515298254234967,0.005867194937632526,1,19,flow_values_vs_context_gru_tuned_anchor_k5
06611800,1.666141234374264e-05,0.002710877023415438,1,19,flow_values_vs_context_gru_tuned_anchor_k5
06710200,5.062852655383588e-05,0.0020942107922637112,1,5,flow_values_vs_context_gru_tuned_anchor_k5
06713500,0.0002345541543912577,0.019473398407764665,1,229,flow_values_vs_context_gru_tuned_anchor_k5
06714000,-1.1451920495410629e-05,0.0176091388770767,1,108,flow_values_vs_context_gru_tuned_anchor_k5
06720500,-0.0015519294680297192,0.01807574277851095,2,102,flow_values_vs_context_gru_tuned_anchor_k5
06734900,5.1711889708732544e-05,0.0012251428159907119,1,27,flow_values_vs_context_gru_tuned_anchor_k5
06752000,2.2597924900893382e-05,0.0018501907275619786,1,24,flow_values_vs_context_gru_tuned_anchor_k5
06753400,0.0002064883032558475,0.0023950393881394813,1,21,flow_values_vs_context_gru_tuned_anchor_k5
06759910,0.00028558470693478477,0.0029567352911754404,2,50,flow_values_vs_context_gru_tuned_anchor_k5
06770500,0.0002108710734988354,0.0034359159950884868,1,17,flow_values_vs_context_gru_tuned_anchor_k5
06775900,-0.003097101672862396,0.012521965013784551,1,195,flow_values_vs_context_gru_tuned_anchor_k5
06791150,-6.686294189354569e-06,0.00715936732565509,2,30,flow_values_vs_context_gru_tuned_anchor_k5
06805500,0.002908885727719199,0.06826383891429241,2,590,flow_values_vs_context_gru_tuned_anchor_k5
06810000,3.05290747625072e-05,0.013466814294896547,1,125,flow_values_vs_context_gru_tuned_anchor_k5
06818000,-5.654362937662023e-06,0.003917020708547006,1,32,flow_values_vs_context_gru_tuned_anchor_k5
06879100,-1.3680865647488706e-05,0.0018866850344934935,1,31,flow_values_vs_context_gru_tuned_anchor_k5
06879650,-0.00012603936260424767,0.001068047870337991,1,15,flow_values_vs_context_gru_tuned_anchor_k5
06880800,5.6054594666841054e-05,0.0072189323392911385,1,38,flow_values_vs_context_gru_tuned_anchor_k5
06885500,-1.0695709677293021e-05,0.005702319351542998,1,30,flow_values_vs_context_gru_tuned_anchor_k5
06887000,-1.9921807278400914e-05,0.008479936483131839,1,54,flow_values_vs_context_gru_tuned_anchor_k5
06890900,3.87541378526536e-06,0.0010168789894751183,1,27,flow_values_vs_context_gru_tuned_anchor_k5
06891500,-0.00029475643972613676,0.0040149291675113125,2,56,flow_values_vs_context_gru_tuned_anchor_k5
06893350,5.079804576177567e-06,0.0014393543791545893,1,12,flow_values_vs_context_gru_tuned_anchor_k5
06893390,8.901857483921394e-05,0.0017890485862127681,1,20,flow_values_vs_context_gru_tuned_anchor_k5
06893500,0.000273852237568974,0.010880381141963876,2,76,flow_values_vs_context_gru_tuned_anchor_k5
06893562,7.533013527484827e-05,0.005004870017052979,1,42,flow_values_vs_context_gru_tuned_anchor_k5
06893578,-2.9463792910195752e-05,0.002116559390562489,1,31,flow_values_vs_context_gru_tuned_anchor_k5
06893620,0.0006310574867993279,0.004511124603697593,1,49,flow_values_vs_context_gru_tuned_anchor_k5
06893940,-3.0252555001080935e-05,0.001726027783471049,1,31,flow_values_vs_context_gru_tuned_anchor_k5
06894000,1.907129892917917e-05,0.002588191151885683,1,44,flow_values_vs_context_gru_tuned_anchor_k5
06902000,6.775150548739102e-05,0.004367371795073977,1,27,flow_values_vs_context_gru_tuned_anchor_k5
06923250,1.5228940052197902e-05,0.0017876459251055196,1,25,flow_values_vs_context_gru_tuned_anchor_k5
06926510,2.262516867316787e-05,0.0018247948965000181,1,19,flow_values_vs_context_gru_tuned_anchor_k5
07022000,-3.4370901201753364e-05,0.02038835886197107,1,305,flow_values_vs_context_gru_tuned_anchor_k5
07048600,0.00011664163675935128,0.012564831198143061,1,147,flow_values_vs_context_gru_tuned_anchor_k5
07048800,0.00034720638473642005,0.0142791479662454,1,115,flow_values_vs_context_gru_tuned_anchor_k5
07049000,0.001553221074520645,0.026384548792375617,2,248,flow_values_vs_context_gru_tuned_anchor_k5
07050500,4.283038383117997e-05,0.0013015301592749584,1,24,flow_values_vs_context_gru_tuned_anchor_k5
07055893,1.372314802296033e-05,0.0010636170628223521,1,19,flow_values_vs_context_gru_tuned_anchor_k5
07056000,0.0015044812467815136,0.02040880237777118,2,180,flow_values_vs_context_gru_tuned_anchor_k5
07056515,0.00028605558672717467,0.005315792728257903,1,55,flow_values_vs_context_gru_tuned_anchor_k5
07060710,-0.002628508381267107,0.004494125896758957,1,177,flow_values_vs_context_gru_tuned_anchor_k5
07061600,-1.5697467471006717e-05,0.0008188459346071855,1,31,flow_values_vs_context_gru_tuned_anchor_k5
07077500,-0.0001474416269445134,0.0061919682953560685,1,25,flow_values_vs_context_gru_tuned_anchor_k5
07077555,3.562018051916686e-05,0.00590918504606711,1,41,flow_values_vs_context_gru_tuned_anchor_k5
07077800,-2.2558194265234073e-05,0.0018675062316747244,1,15,flow_values_vs_context_gru_tuned_anchor_k5
07097000,-1.67965938205843e-05,0.0010833905468011255,1,11,flow_values_vs_context_gru_tuned_anchor_k5
07099200,-2.14024454335637e-05,0.006152721819985289,1,115,flow_values_vs_context_gru_tuned_anchor_k5
07099400,0.0014439003538500358,0.012930317164315256,2,232,flow_values_vs_context_gru_tuned_anchor_k5
07143672,0.001511625670822546,0.03675065483038031,2,202,flow_values_vs_context_gru_tuned_anchor_k5
07231975,-0.0003940978392378274,0.0018835570850144672,1,11,flow_values_vs_context_gru_tuned_anchor_k5
07373420,-0.0002563846047479428,0.009278437747857571,1,315,flow_values_vs_context_gru_tuned_anchor_k5
394340085524601,0.0006790557981070545,0.021811814176159496,1,244,flow_values_vs_context_gru_tuned_anchor_k5
401723105400000,-0.0019608601873548795,0.005133670462293676,1,265,flow_values_vs_context_gru_tuned_anchor_k5
03016000,4.306898560612606e-05,0.0009923628698575119,1,29,flow_freshness_gru_tuned_anchor_vs_v4_fusion_gru_tuned_anchor_k5
03030852,5.962461616806182e-05,0.002720643235423543,1,30,flow_freshness_gru_tuned_anchor_vs_v4_fusion_gru_tuned_anchor_k5
03037525,-8.871075923267309e-05,0.0013538020074852675,1,25,flow_freshness_gru_tuned_anchor_vs_v4_fusion_gru_tuned_anchor_k5
03039420,2.5237180031206847e-06,0.0008977249130982909,1,20,flow_freshness_gru_tuned_anchor_vs_v4_fusion_gru_tuned_anchor_k5
03049625,7.108608403436962e-05,0.0038005862676938535,1,43,flow_freshness_gru_tuned_anchor_vs_v4_fusion_gru_tuned_anchor_k5
03075001,0.00012989288515495874,0.005515173530167221,2,134,flow_freshness_gru_tuned_anchor_vs_v4_fusion_gru_tuned_anchor_k5
03083500,-1.069663025517649e-05,0.0023470501352315155,1,100,flow_freshness_gru_tuned_anchor_vs_v4_fusion_gru_tuned_anchor_k5
03085000,2.8735301238554594e-05,0.004064744207552564,1,122,flow_freshness_gru_tuned_anchor_vs_v4_fusion_gru_tuned_anchor_k5
03104500,-0.00011442814214497608,0.004589567804175778,2,68,flow_freshness_gru_tuned_anchor_vs_v4_fusion_gru_tuned_anchor_k5
03110983,7.554816790007257e-06,0.007642537240393039,2,56,flow_freshness_gru_tuned_anchor_vs_v4_fusion_gru_tuned_anchor_k5
03127970,4.147884445141912e-05,0.00842551363071578,2,58,flow_freshness_gru_tuned_anchor_vs_v4_fusion_gru_tuned_anchor_k5
03144270,5.032057154659566e-05,0.0028278215092784327,1,26,flow_freshness_gru_tuned_anchor_vs_v4_fusion_gru_tuned_anchor_k5
03144289,0.0001769001997309972,0.011053537190544378,3,78,flow_freshness_gru_tuned_anchor_vs_v4_fusion_gru_tuned_anchor_k5
03201660,9.762824549081052e-05,0.002235730680318513,1,20,flow_freshness_gru_tuned_anchor_vs_v4_fusion_gru_tuned_anchor_k5
03201700,2.8789255361022304e-05,0.004060577592186161,1,37,flow_freshness_gru_tuned_anchor_vs_v4_fusion_gru_tuned_anchor_k5
03207962,-3.645576817786979e-05,0.0013665305546844066,1,16,flow_freshness_gru_tuned_anchor_vs_v4_fusion_gru_tuned_anchor_k5
03212500,0.00017169191381004274,0.002161657057308631,1,20,flow_freshness_gru_tuned_anchor_vs_v4_fusion_gru_tuned_anchor_k5
03216600,-0.0004498137905103323,0.008150959539691614,1,115,flow_freshness_gru_tuned_anchor_vs_v4_fusion_gru_tuned_anchor_k5
03245500,-4.298478510539391e-05,0.003363301124502311,1,33,flow_freshness_gru_tuned_anchor_vs_v4_fusion_gru_tuned_anchor_k5
03281500,3.060203069042754e-05,0.0015058701610822325,1,31,flow_freshness_gru_tuned_anchor_vs_v4_fusion_gru_tuned_anchor_k5
03290500,4.8224842904300805e-05,0.004643370790941694,1,53,flow_freshness_gru_tuned_anchor_vs_v4_fusion_gru_tuned_anchor_k5
03303280,0.0014229955878522417,0.024477439374957517,1,294,flow_freshness_gru_tuned_anchor_vs_v4_fusion_gru_tuned_anchor_k5
03339000,-2.882990039062875e-05,0.0004182052765319609,1,10,flow_freshness_gru_tuned_anchor_vs_v4_fusion_gru_tuned_anchor_k5
03353551,5.235484690311667e-05,0.006603132201631915,1,21,flow_freshness_gru_tuned_anchor_vs_v4_fusion_gru_tuned_anchor_k5
03353630,6.024322318923373e-05,0.003958346181343587,2,42,flow_freshness_gru_tuned_anchor_vs_v4_fusion_gru_tuned_anchor_k5
03354000,-1.4054380696058388e-05,0.00170258691351183,1,32,flow_freshness_gru_tuned_anchor_vs_v4_fusion_gru_tuned_anchor_k5
03357330,6.321979951495783e-05,0.0034238066040807964,2,54,flow_freshness_gru_tuned_anchor_vs_v4_fusion_gru_tuned_anchor_k5
03373530,6.829904756089933e-05,0.0034739459991722597,1,22,flow_freshness_gru_tuned_anchor_vs_v4_fusion_gru_tuned_anchor_k5
03378500,-3.381994454007894e-05,0.013249110998191333,1,285,flow_freshness_gru_tuned_anchor_vs_v4_fusion_gru_tuned_anchor_k5
03438500,-3.870793234265722e-05,0.001054596618380629,2,60,flow_freshness_gru_tuned_anchor_vs_v4_fusion_gru_tuned_anchor_k5
03459500,-5.866335425647306e-05,0.004548852404407303,1,14,flow_freshness_gru_tuned_anchor_vs_v4_fusion_gru_tuned_anchor_k5
03460000,0.0009866852107342373,0.017157896372475483,1,67,flow_freshness_gru_tuned_anchor_vs_v4_fusion_gru_tuned_anchor_k5
03466208,0.00010675885202404425,0.0027391106360790734,1,34,flow_freshness_gru_tuned_anchor_vs_v4_fusion_gru_tuned_anchor_k5
03497300,-0.001441079183760499,0.019785012869122497,3,585,flow_freshness_gru_tuned_anchor_vs_v4_fusion_gru_tuned_anchor_k5
03524550,-6.36807539954567e-05,0.0023053883350942555,1,19,flow_freshness_gru_tuned_anchor_vs_v4_fusion_gru_tuned_anchor_k5
03612500,4.598840934886114e-05,0.008202652029202024,1,197,flow_freshness_gru_tuned_anchor_vs_v4_fusion_gru_tuned_anchor_k5
03612600,-0.0002640388559588274,0.0026242758696350013,1,106,flow_freshness_gru_tuned_anchor_vs_v4_fusion_gru_tuned_anchor_k5
05276005,2.122568918599503e-05,0.002199220082952861,1,22,flow_freshness_gru_tuned_anchor_vs_v4_fusion_gru_tuned_anchor_k5
05288705,0.0009348856264580178,0.024305590235795916,1,200,flow_freshness_gru_tuned_anchor_vs_v4_fusion_gru_tuned_anchor_k5
05320270,-0.00015934365539079615,0.006371215265659076,1,34,flow_freshness_gru_tuned_anchor_vs_v4_fusion_gru_tuned_anchor_k5
05322000,-0.00020896846060904168,0.0035237842536539003,1,33,flow_freshness_gru_tuned_anchor_vs_v4_fusion_gru_tuned_anchor_k5
05325000,-3.8291997611784995e-06,0.0002254227629314405,1,2,flow_freshness_gru_tuned_anchor_vs_v4_fusion_gru_tuned_anchor_k5
05325050,-2.19019711645532e-05,0.0008621836160901371,2,14,flow_freshness_gru_tuned_anchor_vs_v4_fusion_gru_tuned_anchor_k5
05331833,1.206197224888833e-05,0.0032729898509913247,1,24,flow_freshness_gru_tuned_anchor_vs_v4_fusion_gru_tuned_anchor_k5
05333500,6.493089912542879e-05,0.01381290698544106,1,62,flow_freshness_gru_tuned_anchor_vs_v4_fusion_gru_tuned_anchor_k5
05355250,-8.096887713778522e-06,0.0018334982504554392,1,29,flow_freshness_gru_tuned_anchor_vs_v4_fusion_gru_tuned_anchor_k5
05357206,1.3564079112381862e-05,0.00898461541930043,1,89,flow_freshness_gru_tuned_anchor_vs_v4_fusion_gru_tuned_anchor_k5
05357215,-0.00024469597190927763,0.006003926632564837,1,121,flow_freshness_gru_tuned_anchor_vs_v4_fusion_gru_tuned_anchor_k5
05357245,0.00040041943509691244,0.007208497868111981,1,114,flow_freshness_gru_tuned_anchor_vs_v4_fusion_gru_tuned_anchor_k5
05412500,0.0008612145910780174,0.012134947078222253,1,113,flow_freshness_gru_tuned_anchor_vs_v4_fusion_gru_tuned_anchor_k5
05418600,0.00011150384080150965,0.009447261319499002,1,113,flow_freshness_gru_tuned_anchor_vs_v4_fusion_gru_tuned_anchor_k5
05420500,5.560631265791381e-05,0.031920940314169824,1,291,flow_freshness_gru_tuned_anchor_vs_v4_fusion_gru_tuned_anchor_k5
05422000,0.00037788023400506666,0.011120030726276734,1,145,flow_freshness_gru_tuned_anchor_vs_v4_fusion_gru_tuned_anchor_k5
05427948,-4.332519263437111e-05,0.0040048247252280214,1,20,flow_freshness_gru_tuned_anchor_vs_v4_fusion_gru_tuned_anchor_k5
05427952,1.0117111675130557e-05,0.005380451620975526,1,21,flow_freshness_gru_tuned_anchor_vs_v4_fusion_gru_tuned_anchor_k5
05451070,7.974283938161209e-05,0.001534638305861311,1,15,flow_freshness_gru_tuned_anchor_vs_v4_fusion_gru_tuned_anchor_k5
05455100,-1.0016387189715308e-05,0.003966172214728688,1,26,flow_freshness_gru_tuned_anchor_vs_v4_fusion_gru_tuned_anchor_k5
05461390,0.00045998840333209617,0.006600570417809863,1,26,flow_freshness_gru_tuned_anchor_vs_v4_fusion_gru_tuned_anchor_k5
05463050,-7.317742628591214e-05,0.0019965397120165194,1,17,flow_freshness_gru_tuned_anchor_vs_v4_fusion_gru_tuned_anchor_k5
05464220,-2.266573462601789e-05,0.0111182772680967,2,72,flow_freshness_gru_tuned_anchor_vs_v4_fusion_gru_tuned_anchor_k5
05464760,-3.8535556416768335e-05,0.0014630102832916868,1,15,flow_freshness_gru_tuned_anchor_vs_v4_fusion_gru_tuned_anchor_k5
05465500,4.405232843053455e-05,0.022972080007839988,1,286,flow_freshness_gru_tuned_anchor_vs_v4_fusion_gru_tuned_anchor_k5
05531500,-9.263461313729728e-05,0.010968887119009556,2,28,flow_freshness_gru_tuned_anchor_vs_v4_fusion_gru_tuned_anchor_k5
05538020,8.966893404214397e-07,0.00029891159412812735,1,9,flow_freshness_gru_tuned_anchor_vs_v4_fusion_gru_tuned_anchor_k5
05540500,0.0001055604079484841,0.006787046111151706,2,70,flow_freshness_gru_tuned_anchor_vs_v4_fusion_gru_tuned_anchor_k5
05543500,0.00016630395271694545,0.0045972312826128205,1,53,flow_freshness_gru_tuned_anchor_vs_v4_fusion_gru_tuned_anchor_k5
05552500,-3.3083523418070945e-05,0.0027720154558281175,1,40,flow_freshness_gru_tuned_anchor_vs_v4_fusion_gru_tuned_anchor_k5
05553700,6.3772764118029415e-06,0.0019865335404068334,2,60,flow_freshness_gru_tuned_anchor_vs_v4_fusion_gru_tuned_anchor_k5
05587455,-3.7847931103368525e-05,0.024054669431273646,1,298,flow_freshness_gru_tuned_anchor_vs_v4_fusion_gru_tuned_anchor_k5
06126470,-0.00016027584599166976,0.0039060787308433076,1,17,flow_freshness_gru_tuned_anchor_vs_v4_fusion_gru_tuned_anchor_k5
06177825,6.405458535658859e-05,0.004778776638854887,1,20,flow_freshness_gru_tuned_anchor_vs_v4_fusion_gru_tuned_anchor_k5
06183450,2.3825121301022147e-05,0.0069860384627914805,1,17,flow_freshness_gru_tuned_anchor_vs_v4_fusion_gru_tuned_anchor_k5
06208500,5.948522348586917e-06,0.0011603265028098848,1,28,flow_freshness_gru_tuned_anchor_vs_v4_fusion_gru_tuned_anchor_k5
06214500,-0.0004543226272697354,0.002972385159187657,1,44,flow_freshness_gru_tuned_anchor_vs_v4_fusion_gru_tuned_anchor_k5
06279500,5.1784746606193404e-05,0.002519838820574754,2,66,flow_freshness_gru_tuned_anchor_vs_v4_fusion_gru_tuned_anchor_k5
06294940,-7.88408211522162e-05,0.004931632243113648,1,15,flow_freshness_gru_tuned_anchor_vs_v4_fusion_gru_tuned_anchor_k5
06294980,-5.248600555650516e-05,0.00575397980412479,1,20,flow_freshness_gru_tuned_anchor_vs_v4_fusion_gru_tuned_anchor_k5
06295000,7.998902079903865e-05,0.007288264608634492,1,61,flow_freshness_gru_tuned_anchor_vs_v4_fusion_gru_tuned_anchor_k5
06296120,6.372448059408123e-06,0.005448252168521078,1,36,flow_freshness_gru_tuned_anchor_vs_v4_fusion_gru_tuned_anchor_k5
06306100,3.126269724510271e-05,0.003866451539759445,1,21,flow_freshness_gru_tuned_anchor_vs_v4_fusion_gru_tuned_anchor_k5
06306300,0.00019598971441029333,0.0060995919194279605,1,56,flow_freshness_gru_tuned_anchor_vs_v4_fusion_gru_tuned_anchor_k5
06307500,6.222481143750501e-06,0.01000089718679986,1,65,flow_freshness_gru_tuned_anchor_vs_v4_fusion_gru_tuned_anchor_k5
06307600,-3.174727730602598e-05,0.005277502737532143,1,27,flow_freshness_gru_tuned_anchor_vs_v4_fusion_gru_tuned_anchor_k5
06307665,2.120418218147165e-05,0.00605215331595258,1,19,flow_freshness_gru_tuned_anchor_vs_v4_fusion_gru_tuned_anchor_k5
06313500,-4.688388776417274e-05,0.02812319005903416,2,78,flow_freshness_gru_tuned_anchor_vs_v4_fusion_gru_tuned_anchor_k5
06324500,2.9897379883411913e-05,0.0077570206721492676,1,84,flow_freshness_gru_tuned_anchor_vs_v4_fusion_gru_tuned_anchor_k5
06324925,-0.00011680496859111592,0.020496230260286488,2,58,flow_freshness_gru_tuned_anchor_vs_v4_fusion_gru_tuned_anchor_k5
06324970,-6.30499286520345e-05,0.03080055133424582,2,138,flow_freshness_gru_tuned_anchor_vs_v4_fusion_gru_tuned_anchor_k5
06326600,-0.0002589132067958756,0.044443531117943406,3,114,flow_freshness_gru_tuned_anchor_vs_v4_fusion_gru_tuned_anchor_k5
06330000,-6.275292524353298e-05,0.025572917864391143,1,75,flow_freshness_gru_tuned_anchor_vs_v4_fusion_gru_tuned_anchor_k5
06332515,-1.6488457220312604e-06,0.007867535671169205,1,20,flow_freshness_gru_tuned_anchor_vs_v4_fusion_gru_tuned_anchor_k5
06332770,2.3254206336640548e-05,0.0028315484127447335,1,16,flow_freshness_gru_tuned_anchor_vs_v4_fusion_gru_tuned_anchor_k5
06336500,2.8212926614411347e-05,0.006081430387471724,1,21,flow_freshness_gru_tuned_anchor_vs_v4_fusion_gru_tuned_anchor_k5
06337000,-8.204972037526531e-06,0.012903593257475199,2,48,flow_freshness_gru_tuned_anchor_vs_v4_fusion_gru_tuned_anchor_k5
06339550,-5.521068164114003e-05,0.01108526915712223,1,38,flow_freshness_gru_tuned_anchor_vs_v4_fusion_gru_tuned_anchor_k5
06339800,-0.00038837590151213897,0.03194387912173022,2,64,flow_freshness_gru_tuned_anchor_vs_v4_fusion_gru_tuned_anchor_k5
06339900,6.39219964109645e-05,0.013124762590976348,1,34,flow_freshness_gru_tuned_anchor_vs_v4_fusion_gru_tuned_anchor_k5
06340000,0.00014000710034702522,0.043200503087663614,2,138,flow_freshness_gru_tuned_anchor_vs_v4_fusion_gru_tuned_anchor_k5
06340520,9.39648129203837e-05,0.007123309526582652,1,20,flow_freshness_gru_tuned_anchor_vs_v4_fusion_gru_tuned_anchor_k5
06340580,6.172858245296039e-05,0.016354287632450313,2,38,flow_freshness_gru_tuned_anchor_vs_v4_fusion_gru_tuned_anchor_k5
06342200,0.00014072318851915074,0.015667472039533434,1,40,flow_freshness_gru_tuned_anchor_vs_v4_fusion_gru_tuned_anchor_k5
06342230,-3.890144619259388e-05,0.007830233040612212,1,24,flow_freshness_gru_tuned_anchor_vs_v4_fusion_gru_tuned_anchor_k5
06344600,-5.9440183111306e-05,0.029022940889986575,2,80,flow_freshness_gru_tuned_anchor_vs_v4_fusion_gru_tuned_anchor_k5
06349000,-2.620354811026865e-05,0.0043261558680934165,1,18,flow_freshness_gru_tuned_anchor_vs_v4_fusion_gru_tuned_anchor_k5
06349930,4.6963815120783124e-05,0.026978947810657208,1,62,flow_freshness_gru_tuned_anchor_vs_v4_fusion_gru_tuned_anchor_k5
06350000,3.2580614290294165e-06,0.012460570278637229,1,34,flow_freshness_gru_tuned_anchor_vs_v4_fusion_gru_tuned_anchor_k5
06355310,0.00030333464895255575,0.05985071578638476,1,67,flow_freshness_gru_tuned_anchor_vs_v4_fusion_gru_tuned_anchor_k5
06375600,-5.314411019549695e-06,0.006946353883082752,1,35,flow_freshness_gru_tuned_anchor_vs_v4_fusion_gru_tuned_anchor_k5
06378300,-1.6697430507787892e-05,0.024678174689475807,2,32,flow_freshness_gru_tuned_anchor_vs_v4_fusion_gru_tuned_anchor_k5
06426400,1.6751974537374162e-05,0.014030888587616912,1,31,flow_freshness_gru_tuned_anchor_vs_v4_fusion_gru_tuned_anchor_k5
06436180,-7.52400045879662e-05,0.0009675987158160206,1,31,flow_freshness_gru_tuned_anchor_vs_v4_fusion_gru_tuned_anchor_k5
06436198,6.967648943524607e-06,0.00236030309889866,1,30,flow_freshness_gru_tuned_anchor_vs_v4_fusion_gru_tuned_anchor_k5
06453305,4.067485300901104e-05,0.0003665765733433349,1,19,flow_freshness_gru_tuned_anchor_vs_v4_fusion_gru_tuned_anchor_k5
06463720,-9.446561490289742e-05,0.004334912025083747,2,38,flow_freshness_gru_tuned_anchor_vs_v4_fusion_gru_tuned_anchor_k5
06485500,0.0011811904678451224,0.03496221802156123,2,168,flow_freshness_gru_tuned_anchor_vs_v4_fusion_gru_tuned_anchor_k5
06607500,0.0031717661401932757,0.04136064490827831,2,226,flow_freshness_gru_tuned_anchor_vs_v4_fusion_gru_tuned_anchor_k5
06611100,6.829961822257597e-05,0.003047678068312405,1,19,flow_freshness_gru_tuned_anchor_vs_v4_fusion_gru_tuned_anchor_k5
06611200,-0.00020598432020375515,0.005953834703973894,1,19,flow_freshness_gru_tuned_anchor_vs_v4_fusion_gru_tuned_anchor_k5
06611800,1.5797360967737205e-05,0.002710877023415438,1,19,flow_freshness_gru_tuned_anchor_vs_v4_fusion_gru_tuned_anchor_k5
06710200,-9.07513917605708e-08,0.0020942107922637112,1,5,flow_freshness_gru_tuned_anchor_vs_v4_fusion_gru_tuned_anchor_k5
06713500,-0.00037005310493134607,0.019473398407764665,1,229,flow_freshness_gru_tuned_anchor_vs_v4_fusion_gru_tuned_anchor_k5
06714000,-5.5769376813358464e-05,0.01758852906990515,1,108,flow_freshness_gru_tuned_anchor_vs_v4_fusion_gru_tuned_anchor_k5
06720500,-0.0006170544517495443,0.018067293285622718,2,102,flow_freshness_gru_tuned_anchor_vs_v4_fusion_gru_tuned_anchor_k5
06734900,6.083591310073281e-05,0.001215684580930986,1,27,flow_freshness_gru_tuned_anchor_vs_v4_fusion_gru_tuned_anchor_k5
06752000,6.9086123704690995e-06,0.0018536482130253526,1,24,flow_freshness_gru_tuned_anchor_vs_v4_fusion_gru_tuned_anchor_k5
06753400,0.00011362214671989054,0.0023985914499218795,1,21,flow_freshness_gru_tuned_anchor_vs_v4_fusion_gru_tuned_anchor_k5
06759910,0.00018044898160533637,0.002949966645800675,2,50,flow_freshness_gru_tuned_anchor_vs_v4_fusion_gru_tuned_anchor_k5
06770500,3.5702101551360445e-05,0.0034307360593389155,1,17,flow_freshness_gru_tuned_anchor_vs_v4_fusion_gru_tuned_anchor_k5
06775900,0.00036767444844642986,0.012521965013784551,1,195,flow_freshness_gru_tuned_anchor_vs_v4_fusion_gru_tuned_anchor_k5
06791150,-9.020407088134552e-06,0.007155640157269415,2,30,flow_freshness_gru_tuned_anchor_vs_v4_fusion_gru_tuned_anchor_k5
06805500,0.0018459346801455458,0.06840018426135275,2,590,flow_freshness_gru_tuned_anchor_vs_v4_fusion_gru_tuned_anchor_k5
06810000,1.5568436355220275e-05,0.013480682298004103,1,125,flow_freshness_gru_tuned_anchor_vs_v4_fusion_gru_tuned_anchor_k5
06818000,-1.2633304112333275e-05,0.003908898255419826,1,32,flow_freshness_gru_tuned_anchor_vs_v4_fusion_gru_tuned_anchor_k5
06879100,-3.2998325402623424e-05,0.001868965373639556,1,31,flow_freshness_gru_tuned_anchor_vs_v4_fusion_gru_tuned_anchor_k5
06879650,1.7910299784619075e-05,0.001068047870337991,1,15,flow_freshness_gru_tuned_anchor_vs_v4_fusion_gru_tuned_anchor_k5
06880800,7.247471943152732e-05,0.007262198365152098,1,38,flow_freshness_gru_tuned_anchor_vs_v4_fusion_gru_tuned_anchor_k5
06885500,1.029629020180263e-05,0.005708608793906186,1,30,flow_freshness_gru_tuned_anchor_vs_v4_fusion_gru_tuned_anchor_k5
06887000,6.383593611342196e-06,0.008487393375680365,1,54,flow_freshness_gru_tuned_anchor_vs_v4_fusion_gru_tuned_anchor_k5
06890900,5.760051497277458e-06,0.001020872529125687,1,27,flow_freshness_gru_tuned_anchor_vs_v4_fusion_gru_tuned_anchor_k5
06891500,5.338136578763126e-05,0.00401713586446619,2,56,flow_freshness_gru_tuned_anchor_vs_v4_fusion_gru_tuned_anchor_k5
06893350,4.1579594882006175e-07,0.0014378262602614575,1,12,flow_freshness_gru_tuned_anchor_vs_v4_fusion_gru_tuned_anchor_k5
06893390,4.5363239398459165e-05,0.0017890485862127681,1,20,flow_freshness_gru_tuned_anchor_vs_v4_fusion_gru_tuned_anchor_k5
06893500,-5.1457344175473554e-05,0.010863673700135867,2,76,flow_freshness_gru_tuned_anchor_vs_v4_fusion_gru_tuned_anchor_k5
06893562,0.00013813016788088626,0.005055037904968343,1,42,flow_freshness_gru_tuned_anchor_vs_v4_fusion_gru_tuned_anchor_k5
06893578,-1.1067007998425094e-05,0.0021189756209162736,1,31,flow_freshness_gru_tuned_anchor_vs_v4_fusion_gru_tuned_anchor_k5
06893620,0.00019839052397526994,0.004501498065094869,1,49,flow_freshness_gru_tuned_anchor_vs_v4_fusion_gru_tuned_anchor_k5
06893940,3.157435197857476e-05,0.001726027783471049,1,31,flow_freshness_gru_tuned_anchor_vs_v4_fusion_gru_tuned_anchor_k5
06894000,3.3507020793433134e-05,0.002588191151885683,1,44,flow_freshness_gru_tuned_anchor_vs_v4_fusion_gru_tuned_anchor_k5
06902000,-2.9118974519603148e-05,0.00434565318699757,1,27,flow_freshness_gru_tuned_anchor_vs_v4_fusion_gru_tuned_anchor_k5
06923250,1.5134781079131852e-05,0.0017876459251055196,1,25,flow_freshness_gru_tuned_anchor_vs_v4_fusion_gru_tuned_anchor_k5
06926510,2.7026579337818212e-05,0.0018386485932247094,1,19,flow_freshness_gru_tuned_anchor_vs_v4_fusion_gru_tuned_anchor_k5
07022000,-9.066811234609175e-05,0.020354953534502156,1,305,flow_freshness_gru_tuned_anchor_vs_v4_fusion_gru_tuned_anchor_k5
07048600,9.678863693544157e-05,0.012604107117706835,1,147,flow_freshness_gru_tuned_anchor_vs_v4_fusion_gru_tuned_anchor_k5
07048800,-0.00013986167588739376,0.014273078120218672,1,115,flow_freshness_gru_tuned_anchor_vs_v4_fusion_gru_tuned_anchor_k5
07049000,0.00029495645911192564,0.026210118721261097,2,248,flow_freshness_gru_tuned_anchor_vs_v4_fusion_gru_tuned_anchor_k5
07050500,-2.666633639619488e-05,0.0012871964416480955,1,24,flow_freshness_gru_tuned_anchor_vs_v4_fusion_gru_tuned_anchor_k5
07055893,1.6838219292589984e-05,0.0010707111480332905,1,19,flow_freshness_gru_tuned_anchor_vs_v4_fusion_gru_tuned_anchor_k5
07056000,0.00017167192873605505,0.020288916923515924,2,180,flow_freshness_gru_tuned_anchor_vs_v4_fusion_gru_tuned_anchor_k5
07056515,5.32047156375164e-05,0.005298976492811165,1,55,flow_freshness_gru_tuned_anchor_vs_v4_fusion_gru_tuned_anchor_k5
07060710,-0.0029284448963455977,0.004557160118060704,1,177,flow_freshness_gru_tuned_anchor_vs_v4_fusion_gru_tuned_anchor_k5
07061600,7.06558010190061e-05,0.0008188459346071855,1,31,flow_freshness_gru_tuned_anchor_vs_v4_fusion_gru_tuned_anchor_k5
07077500,-6.729761117375243e-05,0.006212210625308185,1,25,flow_freshness_gru_tuned_anchor_vs_v4_fusion_gru_tuned_anchor_k5
07077555,-1.900718752108054e-06,0.00590918504606711,1,41,flow_freshness_gru_tuned_anchor_vs_v4_fusion_gru_tuned_anchor_k5
07077800,-5.1722831276027685e-05,0.0018675062316747244,1,15,flow_freshness_gru_tuned_anchor_vs_v4_fusion_gru_tuned_anchor_k5
07097000,-3.6110749946892786e-05,0.0010631058891383811,1,11,flow_freshness_gru_tuned_anchor_vs_v4_fusion_gru_tuned_anchor_k5
07099200,-5.171764513400808e-05,0.006122507216773621,1,115,flow_freshness_gru_tuned_anchor_vs_v4_fusion_gru_tuned_anchor_k5
07099400,0.0013253540826236485,0.012868711157302478,2,232,flow_freshness_gru_tuned_anchor_vs_v4_fusion_gru_tuned_anchor_k5
07143672,-0.00012878342926939013,0.03663389381988626,2,202,flow_freshness_gru_tuned_anchor_vs_v4_fusion_gru_tuned_anchor_k5
07231975,-6.55319546301787e-05,0.0018892017636758073,1,11,flow_freshness_gru_tuned_anchor_vs_v4_fusion_gru_tuned_anchor_k5
07373420,0.0001019380629641804,0.009278437747857571,1,315,flow_freshness_gru_tuned_anchor_vs_v4_fusion_gru_tuned_anchor_k5
394340085524601,0.0007029290698027471,0.02159298522227593,1,244,flow_freshness_gru_tuned_anchor_vs_v4_fusion_gru_tuned_anchor_k5
401723105400000,-0.0024229230533548553,0.005201524752579267,1,265,flow_freshness_gru_tuned_anchor_vs_v4_fusion_gru_tuned_anchor_k5
03016000,3.8050438164746446e-05,0.0009873443224161322,1,29,flow_freshness_gru_tuned_anchor_vs_v4_fusion_tree_episodic_k5
03030852,8.197240491976241e-05,0.0027429910241752436,1,30,flow_freshness_gru_tuned_anchor_vs_v4_fusion_tree_episodic_k5
03037525,-7.473678253461268e-05,0.001367775984183328,1,25,flow_freshness_gru_tuned_anchor_vs_v4_fusion_tree_episodic_k5
03039420,8.657866987096765e-06,0.0009038590620822671,1,20,flow_freshness_gru_tuned_anchor_vs_v4_fusion_tree_episodic_k5
03049625,8.634346198150212e-05,0.0038158436456409857,1,43,flow_freshness_gru_tuned_anchor_vs_v4_fusion_tree_episodic_k5
03075001,0.00020533804192450058,0.005590618686936762,2,134,flow_freshness_gru_tuned_anchor_vs_v4_fusion_tree_episodic_k5
03083500,-3.4767113479511325e-05,0.0023229796520071806,1,100,flow_freshness_gru_tuned_anchor_vs_v4_fusion_tree_episodic_k5
03085000,-4.751149107495793e-06,0.0040312577572065135,1,122,flow_freshness_gru_tuned_anchor_vs_v4_fusion_tree_episodic_k5
03104500,-8.2769381105911e-05,0.004621226565214844,2,68,flow_freshness_gru_tuned_anchor_vs_v4_fusion_tree_episodic_k5
03110983,-0.0002665018202302447,0.007368480603372787,2,56,flow_freshness_gru_tuned_anchor_vs_v4_fusion_tree_episodic_k5
03127970,-5.952075843549958e-05,0.008324514027828864,2,58,flow_freshness_gru_tuned_anchor_vs_v4_fusion_tree_episodic_k5
03144270,0.00017809843811247356,0.0029555993758443107,1,26,flow_freshness_gru_tuned_anchor_vs_v4_fusion_tree_episodic_k5
03144289,0.00031529299010017606,0.011191929980913555,3,78,flow_freshness_gru_tuned_anchor_vs_v4_fusion_tree_episodic_k5
03201660,0.00010712602935934683,0.002245228464187049,1,20,flow_freshness_gru_tuned_anchor_vs_v4_fusion_tree_episodic_k5
03201700,6.294113947450896e-06,0.0040380824507725895,1,37,flow_freshness_gru_tuned_anchor_vs_v4_fusion_tree_episodic_k5
03207962,-0.00010656954622895377,0.0012964167766333224,1,16,flow_freshness_gru_tuned_anchor_vs_v4_fusion_tree_episodic_k5
03212500,0.00021894373086611923,0.0022089088743647073,1,20,flow_freshness_gru_tuned_anchor_vs_v4_fusion_tree_episodic_k5
03216600,-0.0007506844126546233,0.007850088917547323,1,115,flow_freshness_gru_tuned_anchor_vs_v4_fusion_tree_episodic_k5
03245500,-6.082995197925599e-05,0.003345455957628449,1,33,flow_freshness_gru_tuned_anchor_vs_v4_fusion_tree_episodic_k5
03281500,4.509323755424013e-05,0.001520361367946045,1,31,flow_freshness_gru_tuned_anchor_vs_v4_fusion_tree_episodic_k5
03290500,0.00015107603940082254,0.0047462219874382155,1,53,flow_freshness_gru_tuned_anchor_vs_v4_fusion_tree_episodic_k5
03303280,0.0018399138405330376,0.024894357627638312,1,294,flow_freshness_gru_tuned_anchor_vs_v4_fusion_tree_episodic_k5
03339000,-2.3113800211534345e-05,0.00042392137671105526,1,10,flow_freshness_gru_tuned_anchor_vs_v4_fusion_tree_episodic_k5
03353551,3.722529502724126e-05,0.0065880026497560406,1,21,flow_freshness_gru_tuned_anchor_vs_v4_fusion_tree_episodic_k5
03353630,3.928660417626874e-05,0.003937389562330621,2,42,flow_freshness_gru_tuned_anchor_vs_v4_fusion_tree_episodic_k5
03354000,-2.706627134742783e-06,0.0017139346670731455,1,32,flow_freshness_gru_tuned_anchor_vs_v4_fusion_tree_episodic_k5
03357330,1.9748115214985916e-05,0.003380334919780825,2,54,flow_freshness_gru_tuned_anchor_vs_v4_fusion_tree_episodic_k5
03373530,-5.658714688730618e-06,0.0033999882369226296,1,22,flow_freshness_gru_tuned_anchor_vs_v4_fusion_tree_episodic_k5
03378500,-0.00013520529849018944,0.013147725644241224,1,285,flow_freshness_gru_tuned_anchor_vs_v4_fusion_tree_episodic_k5
03438500,-7.483210214581679e-05,0.0010184724485774693,2,60,flow_freshness_gru_tuned_anchor_vs_v4_fusion_tree_episodic_k5
03459500,2.803383739765524e-05,0.00463554959606143,1,14,flow_freshness_gru_tuned_anchor_vs_v4_fusion_tree_episodic_k5
03460000,0.0006931477974720095,0.016864358959213253,1,67,flow_freshness_gru_tuned_anchor_vs_v4_fusion_tree_episodic_k5
03466208,5.1650927172298425e-05,0.0026840027112273275,1,34,flow_freshness_gru_tuned_anchor_vs_v4_fusion_tree_episodic_k5
03497300,-0.0012759072547234623,0.019950184798159534,3,585,flow_freshness_gru_tuned_anchor_vs_v4_fusion_tree_episodic_k5
03524550,-5.971985747020706e-05,0.002309349231619505,1,19,flow_freshness_gru_tuned_anchor_vs_v4_fusion_tree_episodic_k5
03612500,9.993716683868957e-05,0.008256600786691852,1,197,flow_freshness_gru_tuned_anchor_vs_v4_fusion_tree_episodic_k5
03612600,-0.0004028708314554456,0.002485443894138383,1,106,flow_freshness_gru_tuned_anchor_vs_v4_fusion_tree_episodic_k5
05276005,5.2076617584107316e-05,0.0022300710113509737,1,22,flow_freshness_gru_tuned_anchor_vs_v4_fusion_tree_episodic_k5
05288705,0.0019301254743722014,0.0253008300837101,1,200,flow_freshness_gru_tuned_anchor_vs_v4_fusion_tree_episodic_k5
05320270,-0.0005701703235885802,0.005960388597461292,1,34,flow_freshness_gru_tuned_anchor_vs_v4_fusion_tree_episodic_k5
05322000,-0.0002163509239367513,0.00351640179032619,1,33,flow_freshness_gru_tuned_anchor_vs_v4_fusion_tree_episodic_k5
05325000,2.852355381797593e-06,0.00023210431807441662,1,2,flow_freshness_gru_tuned_anchor_vs_v4_fusion_tree_episodic_k5
05325050,-3.055295159543109e-05,0.0008535326356592591,2,14,flow_freshness_gru_tuned_anchor_vs_v4_fusion_tree_episodic_k5
05331833,3.59171898735069e-05,0.0032968450686159433,1,24,flow_freshness_gru_tuned_anchor_vs_v4_fusion_tree_episodic_k5
05333500,9.236969038903226e-05,0.013840345776704665,1,62,flow_freshness_gru_tuned_anchor_vs_v4_fusion_tree_episodic_k5
05355250,2.0559080011032932e-05,0.0018621542181802505,1,29,flow_freshness_gru_tuned_anchor_vs_v4_fusion_tree_episodic_k5
05357206,-3.438964514479249e-05,0.008936661695043256,1,89,flow_freshness_gru_tuned_anchor_vs_v4_fusion_tree_episodic_k5
05357215,-9.80156732142672e-05,0.006150606931259847,1,121,flow_freshness_gru_tuned_anchor_vs_v4_fusion_tree_episodic_k5
05357245,0.000264933301375501,0.007073011734390569,1,114,flow_freshness_gru_tuned_anchor_vs_v4_fusion_tree_episodic_k5
05412500,0.001434717698297526,0.012708450185441762,1,113,flow_freshness_gru_tuned_anchor_vs_v4_fusion_tree_episodic_k5
05418600,0.0001174867768245095,0.009453244255522002,1,113,flow_freshness_gru_tuned_anchor_vs_v4_fusion_tree_episodic_k5
05420500,-0.00014743617136510332,0.03171789783014681,1,291,flow_freshness_gru_tuned_anchor_vs_v4_fusion_tree_episodic_k5
05422000,6.378395207833189e-05,0.01080593444435,1,145,flow_freshness_gru_tuned_anchor_vs_v4_fusion_tree_episodic_k5
05427948,-0.00010047907777499372,0.003947670840087399,1,20,flow_freshness_gru_tuned_anchor_vs_v4_fusion_tree_episodic_k5
05427952,-2.6967943168319874e-05,0.005343366566132076,1,21,flow_freshness_gru_tuned_anchor_vs_v4_fusion_tree_episodic_k5
05451070,4.8876542637525406e-05,0.0015037720091172241,1,15,flow_freshness_gru_tuned_anchor_vs_v4_fusion_tree_episodic_k5
05455100,-1.7548710571963874e-06,0.003974433730861208,1,26,flow_freshness_gru_tuned_anchor_vs_v4_fusion_tree_episodic_k5
05461390,0.0007011869994690017,0.006841769013946769,1,26,flow_freshness_gru_tuned_anchor_vs_v4_fusion_tree_episodic_k5
05463050,-3.20089829543308e-05,0.0020377081553481008,1,17,flow_freshness_gru_tuned_anchor_vs_v4_fusion_tree_episodic_k5
05464220,-3.9900697698818676e-05,0.0111010423050239,2,72,flow_freshness_gru_tuned_anchor_vs_v4_fusion_tree_episodic_k5
05464760,6.972393062159196e-05,0.001571269770330047,1,15,flow_freshness_gru_tuned_anchor_vs_v4_fusion_tree_episodic_k5
05465500,0.00021866089203786165,0.023146688571447315,1,286,flow_freshness_gru_tuned_anchor_vs_v4_fusion_tree_episodic_k5
05531500,-6.295873827117998e-05,0.010998562993875674,2,28,flow_freshness_gru_tuned_anchor_vs_v4_fusion_tree_episodic_k5
05538020,7.080984658284617e-06,0.00030509588944599057,1,9,flow_freshness_gru_tuned_anchor_vs_v4_fusion_tree_episodic_k5
05540500,1.3825400485045792e-05,0.006695311103688268,2,70,flow_freshness_gru_tuned_anchor_vs_v4_fusion_tree_episodic_k5
05543500,4.893563610748618e-05,0.004479862966003362,1,53,flow_freshness_gru_tuned_anchor_vs_v4_fusion_tree_episodic_k5
05552500,-2.959156853155105e-05,0.002775507410714637,1,40,flow_freshness_gru_tuned_anchor_vs_v4_fusion_tree_episodic_k5
05553700,1.4524453091002192e-05,0.0019946807170860325,2,60,flow_freshness_gru_tuned_anchor_vs_v4_fusion_tree_episodic_k5
05587455,-0.00015847134981598389,0.02393404601256103,1,298,flow_freshness_gru_tuned_anchor_vs_v4_fusion_tree_episodic_k5
06126470,-0.00026805100887800087,0.0037983035679569764,1,17,flow_freshness_gru_tuned_anchor_vs_v4_fusion_tree_episodic_k5
06177825,4.6135083616281005e-05,0.0047608571371145795,1,20,flow_freshness_gru_tuned_anchor_vs_v4_fusion_tree_episodic_k5
06183450,0.000249562706084587,0.007211776047575045,1,17,flow_freshness_gru_tuned_anchor_vs_v4_fusion_tree_episodic_k5
06208500,5.5325209030705576e-05,0.0012097031894920036,1,28,flow_freshness_gru_tuned_anchor_vs_v4_fusion_tree_episodic_k5
06214500,-0.0004861671397669383,0.002940540646690454,1,44,flow_freshness_gru_tuned_anchor_vs_v4_fusion_tree_episodic_k5
06279500,0.00013021539866072968,0.00259826947262929,2,66,flow_freshness_gru_tuned_anchor_vs_v4_fusion_tree_episodic_k5
06294940,-4.907264013311171e-05,0.004961400424132753,1,15,flow_freshness_gru_tuned_anchor_vs_v4_fusion_tree_episodic_k5
06294980,-0.00020692189963506216,0.005599543910046233,1,20,flow_freshness_gru_tuned_anchor_vs_v4_fusion_tree_episodic_k5
06295000,0.00011120051243430036,0.007319476100269753,1,61,flow_freshness_gru_tuned_anchor_vs_v4_fusion_tree_episodic_k5
06296120,-7.719273008162499e-05,0.005364686990380045,1,36,flow_freshness_gru_tuned_anchor_vs_v4_fusion_tree_episodic_k5
06306100,-0.00031883671225782295,0.0035163521302565195,1,21,flow_freshness_gru_tuned_anchor_vs_v4_fusion_tree_episodic_k5
06306300,0.00018983137596200535,0.006093433580979672,1,56,flow_freshness_gru_tuned_anchor_vs_v4_fusion_tree_episodic_k5
06307500,1.1300765814659808e-05,0.010005975471470769,1,65,flow_freshness_gru_tuned_anchor_vs_v4_fusion_tree_episodic_k5
06307600,-6.820812691825987e-05,0.005241041887919909,1,27,flow_freshness_gru_tuned_anchor_vs_v4_fusion_tree_episodic_k5
06307665,-2.4336077590564533e-05,0.006006613056180545,1,19,flow_freshness_gru_tuned_anchor_vs_v4_fusion_tree_episodic_k5
06313500,-0.00019226062332477518,0.027977813323473554,2,78,flow_freshness_gru_tuned_anchor_vs_v4_fusion_tree_episodic_k5
06324500,7.729239166163348e-05,0.00780441568392749,1,84,flow_freshness_gru_tuned_anchor_vs_v4_fusion_tree_episodic_k5
06324925,0.0003709256445555126,0.020983960873433113,2,58,flow_freshness_gru_tuned_anchor_vs_v4_fusion_tree_episodic_k5
06324970,0.0003562118525704349,0.031219813115468294,2,138,flow_freshness_gru_tuned_anchor_vs_v4_fusion_tree_episodic_k5
06326600,-0.00045925758831081827,0.044243186736428464,3,114,flow_freshness_gru_tuned_anchor_vs_v4_fusion_tree_episodic_k5
06330000,-0.0005725487149079325,0.025063122074726742,1,75,flow_freshness_gru_tuned_anchor_vs_v4_fusion_tree_episodic_k5
06332515,1.3321724997628643e-05,0.007882506241888864,1,20,flow_freshness_gru_tuned_anchor_vs_v4_fusion_tree_episodic_k5
06332770,-2.7244463945705515e-05,0.0027810497424623874,1,16,flow_freshness_gru_tuned_anchor_vs_v4_fusion_tree_episodic_k5
06336500,-8.288626939320918e-05,0.005970331191464103,1,21,flow_freshness_gru_tuned_anchor_vs_v4_fusion_tree_episodic_k5
06337000,-0.00019500742069058791,0.012716790808822136,2,48,flow_freshness_gru_tuned_anchor_vs_v4_fusion_tree_episodic_k5
06339550,-0.00028028999793742,0.010860189840825952,1,38,flow_freshness_gru_tuned_anchor_vs_v4_fusion_tree_episodic_k5
06339800,-0.0005064530193848318,0.031825802003857526,2,64,flow_freshness_gru_tuned_anchor_vs_v4_fusion_tree_episodic_k5
06339900,3.2295494308432553e-06,0.013064070143996227,1,34,flow_freshness_gru_tuned_anchor_vs_v4_fusion_tree_episodic_k5
06340000,0.00032107472497806485,0.04338157071229465,2,138,flow_freshness_gru_tuned_anchor_vs_v4_fusion_tree_episodic_k5
06340520,-3.169555722295015e-05,0.006997649156439319,1,20,flow_freshness_gru_tuned_anchor_vs_v4_fusion_tree_episodic_k5
06340580,-0.0007325549765391495,0.015560004073458204,2,38,flow_freshness_gru_tuned_anchor_vs_v4_fusion_tree_episodic_k5
06342200,9.713690137463877e-05,0.01562388575238892,1,40,flow_freshness_gru_tuned_anchor_vs_v4_fusion_tree_episodic_k5
06342230,0.0007591098953683398,0.008628244382173146,1,24,flow_freshness_gru_tuned_anchor_vs_v4_fusion_tree_episodic_k5
06344600,0.00019655227471544184,0.029278933347813327,2,80,flow_freshness_gru_tuned_anchor_vs_v4_fusion_tree_episodic_k5
06349000,-4.75836420565428e-05,0.0043047757741471425,1,18,flow_freshness_gru_tuned_anchor_vs_v4_fusion_tree_episodic_k5
06349930,1.8581129524199143e-05,0.026950565125060624,1,62,flow_freshness_gru_tuned_anchor_vs_v4_fusion_tree_episodic_k5
06350000,4.6837968957461195e-05,0.01250415018616566,1,34,flow_freshness_gru_tuned_anchor_vs_v4_fusion_tree_episodic_k5
06355310,0.002084615935945662,0.06163199707337787,1,67,flow_freshness_gru_tuned_anchor_vs_v4_fusion_tree_episodic_k5
06375600,9.653792491610445e-05,0.007048206219018406,1,35,flow_freshness_gru_tuned_anchor_vs_v4_fusion_tree_episodic_k5
06378300,-0.00013928315365171047,0.02455558896633188,2,32,flow_freshness_gru_tuned_anchor_vs_v4_fusion_tree_episodic_k5
06426400,0.000347601356337427,0.014361737969416965,1,31,flow_freshness_gru_tuned_anchor_vs_v4_fusion_tree_episodic_k5
06436180,-9.227344336891155e-05,0.0009505652770350753,1,31,flow_freshness_gru_tuned_anchor_vs_v4_fusion_tree_episodic_k5
06436198,0.0003907035510490349,0.00274403900100417,1,30,flow_freshness_gru_tuned_anchor_vs_v4_fusion_tree_episodic_k5
06453305,4.526145550608227e-05,0.00037116317584040613,1,19,flow_freshness_gru_tuned_anchor_vs_v4_fusion_tree_episodic_k5
06463720,-0.0001486576106077774,0.004280720029378867,2,38,flow_freshness_gru_tuned_anchor_vs_v4_fusion_tree_episodic_k5
06485500,0.0010440139442792072,0.03482504149799531,2,168,flow_freshness_gru_tuned_anchor_vs_v4_fusion_tree_episodic_k5
06607500,0.0038529065898828393,0.042041785357967876,2,226,flow_freshness_gru_tuned_anchor_vs_v4_fusion_tree_episodic_k5
06611100,4.182002770279381e-05,0.0030211984777926233,1,19,flow_freshness_gru_tuned_anchor_vs_v4_fusion_tree_episodic_k5
06611200,-0.0001692886630221408,0.005990530361155508,1,19,flow_freshness_gru_tuned_anchor_vs_v4_fusion_tree_episodic_k5
06611800,3.430430746465321e-05,0.002729383969912354,1,19,flow_freshness_gru_tuned_anchor_vs_v4_fusion_tree_episodic_k5
06710200,-2.5271344085261296e-08,0.002094276272311386,1,5,flow_freshness_gru_tuned_anchor_vs_v4_fusion_tree_episodic_k5
06713500,-0.00026473896084322024,0.019578712551852794,1,229,flow_freshness_gru_tuned_anchor_vs_v4_fusion_tree_episodic_k5
06714000,0.0019099378255048936,0.019554236272223403,1,108,flow_freshness_gru_tuned_anchor_vs_v4_fusion_tree_episodic_k5
06720500,-0.0013363298969426818,0.01734801784042958,2,102,flow_freshness_gru_tuned_anchor_vs_v4_fusion_tree_episodic_k5
06734900,6.258911996935085e-05,0.0012174377877996038,1,27,flow_freshness_gru_tuned_anchor_vs_v4_fusion_tree_episodic_k5
06752000,0.0002703008659133545,0.002117040466568238,1,24,flow_freshness_gru_tuned_anchor_vs_v4_fusion_tree_episodic_k5
06753400,0.00010801982812498736,0.002392989131326976,1,21,flow_freshness_gru_tuned_anchor_vs_v4_fusion_tree_episodic_k5
06759910,0.0002288015224454225,0.002998319186640761,2,50,flow_freshness_gru_tuned_anchor_vs_v4_fusion_tree_episodic_k5
06770500,4.411196874879029e-05,0.0034391459265363453,1,17,flow_freshness_gru_tuned_anchor_vs_v4_fusion_tree_episodic_k5
06775900,-0.0006092640060587876,0.011545026559279333,1,195,flow_freshness_gru_tuned_anchor_vs_v4_fusion_tree_episodic_k5
06791150,-3.403696449016133e-05,0.0071306235998673875,2,30,flow_freshness_gru_tuned_anchor_vs_v4_fusion_tree_episodic_k5
06805500,-0.001478099099554249,0.06507615048165295,2,590,flow_freshness_gru_tuned_anchor_vs_v4_fusion_tree_episodic_k5
06810000,3.440496266243251e-05,0.013499518824311316,1,125,flow_freshness_gru_tuned_anchor_vs_v4_fusion_tree_episodic_k5
06818000,3.6131604134387612e-06,0.003925144719945598,1,32,flow_freshness_gru_tuned_anchor_vs_v4_fusion_tree_episodic_k5
06879100,-3.858427715153039e-05,0.0018633794218906488,1,31,flow_freshness_gru_tuned_anchor_vs_v4_fusion_tree_episodic_k5
06879650,2.065779154391693e-05,0.001070795362097289,1,15,flow_freshness_gru_tuned_anchor_vs_v4_fusion_tree_episodic_k5
06880800,-1.3326837962124757e-05,0.007176396807758446,1,38,flow_freshness_gru_tuned_anchor_vs_v4_fusion_tree_episodic_k5
06885500,1.440246443804261e-05,0.005712714968142426,1,30,flow_freshness_gru_tuned_anchor_vs_v4_fusion_tree_episodic_k5
06887000,1.6659525984830853e-05,0.008497669308053853,1,54,flow_freshness_gru_tuned_anchor_vs_v4_fusion_tree_episodic_k5
06890900,-1.2588265813389006e-05,0.0010025242118150205,1,27,flow_freshness_gru_tuned_anchor_vs_v4_fusion_tree_episodic_k5
06891500,6.230634750412591e-05,0.004026060846182685,2,56,flow_freshness_gru_tuned_anchor_vs_v4_fusion_tree_episodic_k5
06893350,1.1021063135108407e-05,0.0014484315274477459,1,12,flow_freshness_gru_tuned_anchor_vs_v4_fusion_tree_episodic_k5
06893390,0.00020518420221088754,0.0019488695490251966,1,20,flow_freshness_gru_tuned_anchor_vs_v4_fusion_tree_episodic_k5
06893500,6.359127868939949e-06,0.01092149017218028,2,76,flow_freshness_gru_tuned_anchor_vs_v4_fusion_tree_episodic_k5
06893562,0.000147203265887181,0.005064111002974638,1,42,flow_freshness_gru_tuned_anchor_vs_v4_fusion_tree_episodic_k5
06893578,2.2931059170660543e-05,0.0021529736880853594,1,31,flow_freshness_gru_tuned_anchor_vs_v4_fusion_tree_episodic_k5
06893620,0.0002468251608273091,0.004549932701946908,1,49,flow_freshness_gru_tuned_anchor_vs_v4_fusion_tree_episodic_k5
06893940,3.220601284733418e-05,0.0017266594443398084,1,31,flow_freshness_gru_tuned_anchor_vs_v4_fusion_tree_episodic_k5
06894000,-7.961999751889824e-06,0.0025467221313403596,1,44,flow_freshness_gru_tuned_anchor_vs_v4_fusion_tree_episodic_k5
06902000,-0.00019431310717772773,0.0041804590543394445,1,27,flow_freshness_gru_tuned_anchor_vs_v4_fusion_tree_episodic_k5
06923250,7.1703401559217835e-06,0.0017796814841823095,1,25,flow_freshness_gru_tuned_anchor_vs_v4_fusion_tree_episodic_k5
06926510,2.9809605104110826e-05,0.0018414316189910018,1,19,flow_freshness_gru_tuned_anchor_vs_v4_fusion_tree_episodic_k5
07022000,-0.00024325357650399404,0.020202368070344257,1,305,flow_freshness_gru_tuned_anchor_vs_v4_fusion_tree_episodic_k5
07048600,9.444951722787213e-05,0.012601767997999266,1,147,flow_freshness_gru_tuned_anchor_vs_v4_fusion_tree_episodic_k5
07048800,-0.0001448254817097078,0.014268114314396358,1,115,flow_freshness_gru_tuned_anchor_vs_v4_fusion_tree_episodic_k5
07049000,4.4168391144412515e-05,0.025959330653293585,2,248,flow_freshness_gru_tuned_anchor_vs_v4_fusion_tree_episodic_k5
07050500,-2.1594084333345324e-05,0.0012922686937109453,1,24,flow_freshness_gru_tuned_anchor_vs_v4_fusion_tree_episodic_k5
07055893,-3.948022020098536e-06,0.0010499249067206019,1,19,flow_freshness_gru_tuned_anchor_vs_v4_fusion_tree_episodic_k5
07056000,0.0001647484095922823,0.020281993404372152,2,180,flow_freshness_gru_tuned_anchor_vs_v4_fusion_tree_episodic_k5
07056515,7.383474796285558e-05,0.005319606525136504,1,55,flow_freshness_gru_tuned_anchor_vs_v4_fusion_tree_episodic_k5
07060710,-0.0029368270023119973,0.004548778012094305,1,177,flow_freshness_gru_tuned_anchor_vs_v4_fusion_tree_episodic_k5
07061600,7.334062674414894e-05,0.0008215307603323284,1,31,flow_freshness_gru_tuned_anchor_vs_v4_fusion_tree_episodic_k5
07077500,-8.30297204910035e-05,0.006196478515990933,1,25,flow_freshness_gru_tuned_anchor_vs_v4_fusion_tree_episodic_k5
07077555,9.239985551493397e-05,0.006003485620334152,1,41,flow_freshness_gru_tuned_anchor_vs_v4_fusion_tree_episodic_k5
07077800,-2.854453372405828e-05,0.0018906845292266938,1,15,flow_freshness_gru_tuned_anchor_vs_v4_fusion_tree_episodic_k5
07097000,3.4693095739663316e-05,0.0011339097348249372,1,11,flow_freshness_gru_tuned_anchor_vs_v4_fusion_tree_episodic_k5
07099200,-0.00013915432846385893,0.006035070533443769,1,115,flow_freshness_gru_tuned_anchor_vs_v4_fusion_tree_episodic_k5
07099400,0.0015119973556284249,0.013055354430307253,2,232,flow_freshness_gru_tuned_anchor_vs_v4_fusion_tree_episodic_k5
07143672,-0.0005292603835380563,0.036233416865617596,2,202,flow_freshness_gru_tuned_anchor_vs_v4_fusion_tree_episodic_k5
07231975,-9.819939056579548e-05,0.0018565343277401906,1,11,flow_freshness_gru_tuned_anchor_vs_v4_fusion_tree_episodic_k5
07373420,0.00016628513701754183,0.009342784821910931,1,315,flow_freshness_gru_tuned_anchor_vs_v4_fusion_tree_episodic_k5
394340085524601,0.001063794076519245,0.021953850228992426,1,244,flow_freshness_gru_tuned_anchor_vs_v4_fusion_tree_episodic_k5
401723105400000,-0.0024565951574425688,0.0051678526484915535,1,265,flow_freshness_gru_tuned_anchor_vs_v4_fusion_tree_episodic_k5
03016000,4.077824139685128e-05,0.0009923628698575119,1,29,flow_values_gru_tuned_anchor_vs_v4_fusion_gru_tuned_anchor_k5
03030852,0.00010459595138739714,0.002720643235423543,1,30,flow_values_gru_tuned_anchor_vs_v4_fusion_gru_tuned_anchor_k5
03037525,-0.0001432396455154342,0.0013538020074852675,1,25,flow_values_gru_tuned_anchor_vs_v4_fusion_gru_tuned_anchor_k5
03039420,3.308982154679867e-06,0.0008977249130982909,1,20,flow_values_gru_tuned_anchor_vs_v4_fusion_gru_tuned_anchor_k5
03049625,3.127447901844806e-05,0.0038005862676938535,1,43,flow_values_gru_tuned_anchor_vs_v4_fusion_gru_tuned_anchor_k5
03075001,0.00011752332743414583,0.005515173530167221,2,134,flow_values_gru_tuned_anchor_vs_v4_fusion_gru_tuned_anchor_k5
03083500,7.045266612337127e-06,0.0023470501352315155,1,100,flow_values_gru_tuned_anchor_vs_v4_fusion_gru_tuned_anchor_k5
03085000,2.285094344995198e-05,0.004064744207552564,1,122,flow_values_gru_tuned_anchor_vs_v4_fusion_gru_tuned_anchor_k5
03104500,-0.00014685191841481266,0.004589567804175778,2,68,flow_values_gru_tuned_anchor_vs_v4_fusion_gru_tuned_anchor_k5
03110983,6.889302075306171e-05,0.007642537240393039,2,56,flow_values_gru_tuned_anchor_vs_v4_fusion_gru_tuned_anchor_k5
03127970,0.00010119576828006146,0.00842551363071578,2,58,flow_values_gru_tuned_anchor_vs_v4_fusion_gru_tuned_anchor_k5
03144270,7.738074362167087e-05,0.0028278215092784327,1,26,flow_values_gru_tuned_anchor_vs_v4_fusion_gru_tuned_anchor_k5
03144289,0.00048444320676048784,0.011053537190544378,3,78,flow_values_gru_tuned_anchor_vs_v4_fusion_gru_tuned_anchor_k5
03201660,8.872657570564013e-05,0.002235730680318513,1,20,flow_values_gru_tuned_anchor_vs_v4_fusion_gru_tuned_anchor_k5
03201700,3.734133448702848e-05,0.004060577592186161,1,37,flow_values_gru_tuned_anchor_vs_v4_fusion_gru_tuned_anchor_k5
03207962,-2.4416622700439394e-05,0.0013665305546844066,1,16,flow_values_gru_tuned_anchor_vs_v4_fusion_gru_tuned_anchor_k5
03212500,0.00019984168422771122,0.002161657057308631,1,20,flow_values_gru_tuned_anchor_vs_v4_fusion_gru_tuned_anchor_k5
03216600,-0.00030771272406319875,0.008150959539691614,1,115,flow_values_gru_tuned_anchor_vs_v4_fusion_gru_tuned_anchor_k5
03245500,-3.1866954832862864e-05,0.003363301124502311,1,33,flow_values_gru_tuned_anchor_vs_v4_fusion_gru_tuned_anchor_k5
03281500,1.6445619279470297e-05,0.0015058701610822325,1,31,flow_values_gru_tuned_anchor_vs_v4_fusion_gru_tuned_anchor_k5
03290500,2.5792811533150884e-05,0.004643370790941694,1,53,flow_values_gru_tuned_anchor_vs_v4_fusion_gru_tuned_anchor_k5
03303280,0.0034143730708557653,0.024477439374957517,1,294,flow_values_gru_tuned_anchor_vs_v4_fusion_gru_tuned_anchor_k5
03339000,-3.15752082521324e-05,0.0004182052765319609,1,10,flow_values_gru_tuned_anchor_vs_v4_fusion_gru_tuned_anchor_k5
03353551,3.762423703604421e-05,0.006603132201631915,1,21,flow_values_gru_tuned_anchor_vs_v4_fusion_gru_tuned_anchor_k5
03353630,7.403796016172608e-05,0.003958346181343587,2,42,flow_values_gru_tuned_anchor_vs_v4_fusion_gru_tuned_anchor_k5
03354000,-0.0001476829782624712,0.00170258691351183,1,32,flow_values_gru_tuned_anchor_vs_v4_fusion_gru_tuned_anchor_k5
03357330,7.732801631256743e-05,0.0034238066040807964,2,54,flow_values_gru_tuned_anchor_vs_v4_fusion_gru_tuned_anchor_k5
03373530,8.821412587396036e-05,0.0034739459991722597,1,22,flow_values_gru_tuned_anchor_vs_v4_fusion_gru_tuned_anchor_k5
03378500,0.00011577953825713053,0.013249110998191333,1,285,flow_values_gru_tuned_anchor_vs_v4_fusion_gru_tuned_anchor_k5
03438500,-4.5898727904542834e-05,0.001054596618380629,2,60,flow_values_gru_tuned_anchor_vs_v4_fusion_gru_tuned_anchor_k5
03459500,-0.0003913977041892575,0.004548852404407303,1,14,flow_values_gru_tuned_anchor_vs_v4_fusion_gru_tuned_anchor_k5
03460000,0.0006045105860155519,0.017157896372475483,1,67,flow_values_gru_tuned_anchor_vs_v4_fusion_gru_tuned_anchor_k5
03466208,6.126658082449521e-05,0.0027391106360790734,1,34,flow_values_gru_tuned_anchor_vs_v4_fusion_gru_tuned_anchor_k5
03497300,-0.0014446005256437248,0.019785012869122497,3,585,flow_values_gru_tuned_anchor_vs_v4_fusion_gru_tuned_anchor_k5
03524550,-0.00014874573876792256,0.0023053883350942555,1,19,flow_values_gru_tuned_anchor_vs_v4_fusion_gru_tuned_anchor_k5
03612500,4.5819572515778386e-05,0.008202652029202024,1,197,flow_values_gru_tuned_anchor_vs_v4_fusion_gru_tuned_anchor_k5
03612600,-0.0002471464365301303,0.0026242758696350013,1,106,flow_values_gru_tuned_anchor_vs_v4_fusion_gru_tuned_anchor_k5
05276005,0.00021009546464585948,0.002199220082952861,1,22,flow_values_gru_tuned_anchor_vs_v4_fusion_gru_tuned_anchor_k5
05288705,0.0022547214336301885,0.024305590235795916,1,200,flow_values_gru_tuned_anchor_vs_v4_fusion_gru_tuned_anchor_k5
05320270,-0.0001975985367636526,0.006371215265659076,1,34,flow_values_gru_tuned_anchor_vs_v4_fusion_gru_tuned_anchor_k5
05322000,-0.0001772726932808441,0.0035237842536539003,1,33,flow_values_gru_tuned_anchor_vs_v4_fusion_gru_tuned_anchor_k5
05325000,-2.2439791816556533e-05,0.0002254227629314405,1,2,flow_values_gru_tuned_anchor_vs_v4_fusion_gru_tuned_anchor_k5
05325050,-5.436206847383697e-05,0.0008621836160901371,2,14,flow_values_gru_tuned_anchor_vs_v4_fusion_gru_tuned_anchor_k5
05331833,1.3986873781022768e-05,0.0032729898509913247,1,24,flow_values_gru_tuned_anchor_vs_v4_fusion_gru_tuned_anchor_k5
05333500,8.994713250729166e-05,0.01381290698544106,1,62,flow_values_gru_tuned_anchor_vs_v4_fusion_gru_tuned_anchor_k5
05355250,-6.583578600663943e-06,0.0018334982504554392,1,29,flow_values_gru_tuned_anchor_vs_v4_fusion_gru_tuned_anchor_k5
05357206,3.7469348045010005e-05,0.00898461541930043,1,89,flow_values_gru_tuned_anchor_vs_v4_fusion_gru_tuned_anchor_k5
05357215,-0.0007039899939098719,0.006003926632564837,1,121,flow_values_gru_tuned_anchor_vs_v4_fusion_gru_tuned_anchor_k5
05357245,0.0005162244905596256,0.007208497868111981,1,114,flow_values_gru_tuned_anchor_vs_v4_fusion_gru_tuned_anchor_k5
05412500,0.0014528056038474871,0.012134947078222253,1,113,flow_values_gru_tuned_anchor_vs_v4_fusion_gru_tuned_anchor_k5
05418600,8.751796210878782e-05,0.009447261319499002,1,113,flow_values_gru_tuned_anchor_vs_v4_fusion_gru_tuned_anchor_k5
05420500,-0.00020519467270442324,0.031920940314169824,1,291,flow_values_gru_tuned_anchor_vs_v4_fusion_gru_tuned_anchor_k5
05422000,8.326934879677776e-05,0.011120030726276734,1,145,flow_values_gru_tuned_anchor_vs_v4_fusion_gru_tuned_anchor_k5
05427948,5.941342348815271e-05,0.0040048247252280214,1,20,flow_values_gru_tuned_anchor_vs_v4_fusion_gru_tuned_anchor_k5
05427952,1.0112532265221899e-05,0.005380451620975526,1,21,flow_values_gru_tuned_anchor_vs_v4_fusion_gru_tuned_anchor_k5
05451070,5.432746316822006e-05,0.001534638305861311,1,15,flow_values_gru_tuned_anchor_vs_v4_fusion_gru_tuned_anchor_k5
05455100,-4.597588815262529e-06,0.003966172214728688,1,26,flow_values_gru_tuned_anchor_vs_v4_fusion_gru_tuned_anchor_k5
05461390,0.0007027275428265123,0.006600570417809863,1,26,flow_values_gru_tuned_anchor_vs_v4_fusion_gru_tuned_anchor_k5
05463050,-0.0001055044183480867,0.0019965397120165194,1,17,flow_values_gru_tuned_anchor_vs_v4_fusion_gru_tuned_anchor_k5
05464220,-1.3269260940031248e-05,0.0111182772680967,2,72,flow_values_gru_tuned_anchor_vs_v4_fusion_gru_tuned_anchor_k5
05464760,-3.8489540786301106e-05,0.0014630102832916868,1,15,flow_values_gru_tuned_anchor_vs_v4_fusion_gru_tuned_anchor_k5
05465500,0.00017340086437660899,0.022972080007839988,1,286,flow_values_gru_tuned_anchor_vs_v4_fusion_gru_tuned_anchor_k5
05531500,-0.00011027769864149341,0.010968887119009556,2,28,flow_values_gru_tuned_anchor_vs_v4_fusion_gru_tuned_anchor_k5
05538020,-1.2596614782422847e-05,0.00029891159412812735,1,9,flow_values_gru_tuned_anchor_vs_v4_fusion_gru_tuned_anchor_k5
05540500,-6.970311244252199e-05,0.006787046111151706,2,70,flow_values_gru_tuned_anchor_vs_v4_fusion_gru_tuned_anchor_k5
05543500,9.961776251716228e-05,0.0045972312826128205,1,53,flow_values_gru_tuned_anchor_vs_v4_fusion_gru_tuned_anchor_k5
05552500,-5.0973261130905054e-05,0.0027720154558281175,1,40,flow_values_gru_tuned_anchor_vs_v4_fusion_gru_tuned_anchor_k5
05553700,1.5030967880274346e-05,0.0019865335404068334,2,60,flow_values_gru_tuned_anchor_vs_v4_fusion_gru_tuned_anchor_k5
05587455,-3.7805641795522504e-05,0.024054669431273646,1,298,flow_values_gru_tuned_anchor_vs_v4_fusion_gru_tuned_anchor_k5
06126470,-0.00016818491566066002,0.0039060787308433076,1,17,flow_values_gru_tuned_anchor_vs_v4_fusion_gru_tuned_anchor_k5
06177825,-4.872141035292983e-05,0.004778776638854887,1,20,flow_values_gru_tuned_anchor_vs_v4_fusion_gru_tuned_anchor_k5
06183450,4.503800007044073e-06,0.0069860384627914805,1,17,flow_values_gru_tuned_anchor_vs_v4_fusion_gru_tuned_anchor_k5
06208500,5.242857128664219e-06,0.0011603265028098848,1,28,flow_values_gru_tuned_anchor_vs_v4_fusion_gru_tuned_anchor_k5
06214500,-0.0003088744094214414,0.002972385159187657,1,44,flow_values_gru_tuned_anchor_vs_v4_fusion_gru_tuned_anchor_k5
06279500,-0.00014969267384860776,0.002519838820574754,2,66,flow_values_gru_tuned_anchor_vs_v4_fusion_gru_tuned_anchor_k5
06294940,-5.614198421738629e-05,0.004931632243113648,1,15,flow_values_gru_tuned_anchor_vs_v4_fusion_gru_tuned_anchor_k5
06294980,-0.00022701471329257547,0.00575397980412479,1,20,flow_values_gru_tuned_anchor_vs_v4_fusion_gru_tuned_anchor_k5
06295000,0.00013053118976942609,0.007288264608634492,1,61,flow_values_gru_tuned_anchor_vs_v4_fusion_gru_tuned_anchor_k5
06296120,9.746355398712014e-06,0.005448252168521078,1,36,flow_values_gru_tuned_anchor_vs_v4_fusion_gru_tuned_anchor_k5
06306100,5.5611956648339105e-05,0.003866451539759445,1,21,flow_values_gru_tuned_anchor_vs_v4_fusion_gru_tuned_anchor_k5
06306300,0.00016594872722198501,0.0060995919194279605,1,56,flow_values_gru_tuned_anchor_vs_v4_fusion_gru_tuned_anchor_k5
06307500,1.2827497253687507e-05,0.01000089718679986,1,65,flow_values_gru_tuned_anchor_vs_v4_fusion_gru_tuned_anchor_k5
06307600,-7.617156968141927e-08,0.005277502737532143,1,27,flow_values_gru_tuned_anchor_vs_v4_fusion_gru_tuned_anchor_k5
06307665,2.119798167859809e-05,0.00605215331595258,1,19,flow_values_gru_tuned_anchor_vs_v4_fusion_gru_tuned_anchor_k5
06313500,5.103802638439786e-05,0.02812319005903416,2,78,flow_values_gru_tuned_anchor_vs_v4_fusion_gru_tuned_anchor_k5
06324500,9.819791099382644e-06,0.0077570206721492676,1,84,flow_values_gru_tuned_anchor_vs_v4_fusion_gru_tuned_anchor_k5
06324925,-0.00017327788551517865,0.020496230260286488,2,58,flow_values_gru_tuned_anchor_vs_v4_fusion_gru_tuned_anchor_k5
06324970,-0.00021555212578622653,0.03080055133424582,2,138,flow_values_gru_tuned_anchor_vs_v4_fusion_gru_tuned_anchor_k5
06326600,-7.85219544518988e-05,0.044443531117943406,3,114,flow_values_gru_tuned_anchor_vs_v4_fusion_gru_tuned_anchor_k5
06330000,-6.266090323155227e-05,0.025572917864391143,1,75,flow_values_gru_tuned_anchor_vs_v4_fusion_gru_tuned_anchor_k5
06332515,-2.1171553984351242e-07,0.007867535671169205,1,20,flow_values_gru_tuned_anchor_vs_v4_fusion_gru_tuned_anchor_k5
06332770,-5.234731161052872e-06,0.0028315484127447335,1,16,flow_values_gru_tuned_anchor_vs_v4_fusion_gru_tuned_anchor_k5
06336500,-8.921132106103085e-05,0.006081430387471724,1,21,flow_values_gru_tuned_anchor_vs_v4_fusion_gru_tuned_anchor_k5
06337000,1.6954711470827084e-05,0.012903593257475199,2,48,flow_values_gru_tuned_anchor_vs_v4_fusion_gru_tuned_anchor_k5
06339550,0.00030557502286054266,0.01108526915712223,1,38,flow_values_gru_tuned_anchor_vs_v4_fusion_gru_tuned_anchor_k5
06339800,-0.0002484133969360014,0.03194387912173022,2,64,flow_values_gru_tuned_anchor_vs_v4_fusion_gru_tuned_anchor_k5
06339900,0.00016942293048075773,0.013124762590976348,1,34,flow_values_gru_tuned_anchor_vs_v4_fusion_gru_tuned_anchor_k5
06340000,0.000401835736144084,0.043200503087663614,2,138,flow_values_gru_tuned_anchor_vs_v4_fusion_gru_tuned_anchor_k5
06340520,0.00010308697148338631,0.007123309526582652,1,20,flow_values_gru_tuned_anchor_vs_v4_fusion_gru_tuned_anchor_k5
06340580,-0.0001510245892994592,0.016354287632450313,2,38,flow_values_gru_tuned_anchor_vs_v4_fusion_gru_tuned_anchor_k5
06342200,0.00013475923674057918,0.015667472039533434,1,40,flow_values_gru_tuned_anchor_vs_v4_fusion_gru_tuned_anchor_k5
06342230,-0.00013842760935065028,0.007830233040612212,1,24,flow_values_gru_tuned_anchor_vs_v4_fusion_gru_tuned_anchor_k5
06344600,-0.00011147603797673774,0.029022940889986575,2,80,flow_values_gru_tuned_anchor_vs_v4_fusion_gru_tuned_anchor_k5
06349000,-2.8256403921216416e-05,0.0043261558680934165,1,18,flow_values_gru_tuned_anchor_vs_v4_fusion_gru_tuned_anchor_k5
06349930,5.26609335320223e-05,0.026978947810657208,1,62,flow_values_gru_tuned_anchor_vs_v4_fusion_gru_tuned_anchor_k5
06350000,1.691761042288087e-05,0.012460570278637229,1,34,flow_values_gru_tuned_anchor_vs_v4_fusion_gru_tuned_anchor_k5
06355310,-0.00013852005117814405,0.05985071578638476,1,67,flow_values_gru_tuned_anchor_vs_v4_fusion_gru_tuned_anchor_k5
06375600,-0.00016250236365790942,0.006946353883082752,1,35,flow_values_gru_tuned_anchor_vs_v4_fusion_gru_tuned_anchor_k5
06378300,-0.00031129337473998153,0.024678174689475807,2,32,flow_values_gru_tuned_anchor_vs_v4_fusion_gru_tuned_anchor_k5
06426400,-9.930891533509699e-05,0.014030888587616912,1,31,flow_values_gru_tuned_anchor_vs_v4_fusion_gru_tuned_anchor_k5
06436180,-0.0001335409588837664,0.0009675987158160206,1,31,flow_values_gru_tuned_anchor_vs_v4_fusion_gru_tuned_anchor_k5
06436198,8.898083279148982e-06,0.00236030309889866,1,30,flow_values_gru_tuned_anchor_vs_v4_fusion_gru_tuned_anchor_k5
06453305,1.541058972838505e-05,0.0003665765733433349,1,19,flow_values_gru_tuned_anchor_vs_v4_fusion_gru_tuned_anchor_k5
06463720,-9.5220885044569e-05,0.004334912025083747,2,38,flow_values_gru_tuned_anchor_vs_v4_fusion_gru_tuned_anchor_k5
06485500,0.0017558268783557378,0.03496221802156123,2,168,flow_values_gru_tuned_anchor_vs_v4_fusion_gru_tuned_anchor_k5
06607500,0.002518224517300371,0.04136064490827831,2,226,flow_values_gru_tuned_anchor_vs_v4_fusion_gru_tuned_anchor_k5
06611100,0.00020602152452078222,0.003047678068312405,1,19,flow_values_gru_tuned_anchor_vs_v4_fusion_gru_tuned_anchor_k5
06611200,-0.00017851321620098216,0.005953834703973894,1,19,flow_values_gru_tuned_anchor_vs_v4_fusion_gru_tuned_anchor_k5
06611800,1.666141234374264e-05,0.002710877023415438,1,19,flow_values_gru_tuned_anchor_vs_v4_fusion_gru_tuned_anchor_k5
06710200,5.062852655383588e-05,0.0020942107922637112,1,5,flow_values_gru_tuned_anchor_vs_v4_fusion_gru_tuned_anchor_k5
06713500,0.0002345541543912577,0.019473398407764665,1,229,flow_values_gru_tuned_anchor_vs_v4_fusion_gru_tuned_anchor_k5
06714000,-3.206172766695832e-05,0.01758852906990515,1,108,flow_values_gru_tuned_anchor_vs_v4_fusion_gru_tuned_anchor_k5
06720500,-0.0015603789609179514,0.018067293285622718,2,102,flow_values_gru_tuned_anchor_vs_v4_fusion_gru_tuned_anchor_k5
06734900,4.2253654649006476e-05,0.001215684580930986,1,27,flow_values_gru_tuned_anchor_vs_v4_fusion_gru_tuned_anchor_k5
06752000,2.6055410364267595e-05,0.0018536482130253526,1,24,flow_values_gru_tuned_anchor_vs_v4_fusion_gru_tuned_anchor_k5
06753400,0.00021004036503824566,0.0023985914499218795,1,21,flow_values_gru_tuned_anchor_vs_v4_fusion_gru_tuned_anchor_k5
06759910,0.00027881606156001916,0.002949966645800675,2,50,flow_values_gru_tuned_anchor_vs_v4_fusion_gru_tuned_anchor_k5
06770500,0.00020569113774926396,0.0034307360593389155,1,17,flow_values_gru_tuned_anchor_vs_v4_fusion_gru_tuned_anchor_k5
06775900,-0.003097101672862396,0.012521965013784551,1,195,flow_values_gru_tuned_anchor_vs_v4_fusion_gru_tuned_anchor_k5
06791150,-1.0413462575030475e-05,0.007155640157269415,2,30,flow_values_gru_tuned_anchor_vs_v4_fusion_gru_tuned_anchor_k5
06805500,0.0030452310747795313,0.06840018426135275,2,590,flow_values_gru_tuned_anchor_vs_v4_fusion_gru_tuned_anchor_k5
06810000,4.4397077870063827e-05,0.013480682298004103,1,125,flow_values_gru_tuned_anchor_vs_v4_fusion_gru_tuned_anchor_k5
06818000,-1.37768160648427e-05,0.003908898255419826,1,32,flow_values_gru_tuned_anchor_vs_v4_fusion_gru_tuned_anchor_k5
06879100,-3.140052650142636e-05,0.001868965373639556,1,31,flow_values_gru_tuned_anchor_vs_v4_fusion_gru_tuned_anchor_k5
06879650,-0.00012603936260424767,0.001068047870337991,1,15,flow_values_gru_tuned_anchor_vs_v4_fusion_gru_tuned_anchor_k5
06880800,9.932062052780036e-05,0.007262198365152098,1,38,flow_values_gru_tuned_anchor_vs_v4_fusion_gru_tuned_anchor_k5
06885500,-4.4062673141049705e-06,0.005708608793906186,1,30,flow_values_gru_tuned_anchor_vs_v4_fusion_gru_tuned_anchor_k5
06887000,-1.24649147298751e-05,0.008487393375680365,1,54,flow_values_gru_tuned_anchor_vs_v4_fusion_gru_tuned_anchor_k5
06890900,7.868953435833883e-06,0.001020872529125687,1,27,flow_values_gru_tuned_anchor_vs_v4_fusion_gru_tuned_anchor_k5
06891500,-0.0002925497427712588,0.00401713586446619,2,56,flow_values_gru_tuned_anchor_vs_v4_fusion_gru_tuned_anchor_k5
06893350,3.5516856830456297e-06,0.0014378262602614575,1,12,flow_values_gru_tuned_anchor_vs_v4_fusion_gru_tuned_anchor_k5
06893390,8.901857483921394e-05,0.0017890485862127681,1,20,flow_values_gru_tuned_anchor_vs_v4_fusion_gru_tuned_anchor_k5
06893500,0.00025714479574096363,0.010863673700135867,2,76,flow_values_gru_tuned_anchor_vs_v4_fusion_gru_tuned_anchor_k5
06893562,0.00012549802319021373,0.005055037904968343,1,42,flow_values_gru_tuned_anchor_vs_v4_fusion_gru_tuned_anchor_k5
06893578,-2.7047562556411126e-05,0.0021189756209162736,1,31,flow_values_gru_tuned_anchor_vs_v4_fusion_gru_tuned_anchor_k5
06893620,0.0006214309481966046,0.004501498065094869,1,49,flow_values_gru_tuned_anchor_vs_v4_fusion_gru_tuned_anchor_k5
06893940,-3.0252555001080935e-05,0.001726027783471049,1,31,flow_values_gru_tuned_anchor_vs_v4_fusion_gru_tuned_anchor_k5
06894000,1.907129892917917e-05,0.002588191151885683,1,44,flow_values_gru_tuned_anchor_vs_v4_fusion_gru_tuned_anchor_k5
06902000,4.6032897410983465e-05,0.00434565318699757,1,27,flow_values_gru_tuned_anchor_vs_v4_fusion_gru_tuned_anchor_k5
06923250,1.5228940052197902e-05,0.0017876459251055196,1,25,flow_values_gru_tuned_anchor_vs_v4_fusion_gru_tuned_anchor_k5
06926510,3.647886539785902e-05,0.0018386485932247094,1,19,flow_values_gru_tuned_anchor_vs_v4_fusion_gru_tuned_anchor_k5
07022000,-6.777622867066511e-05,0.020354953534502156,1,305,flow_values_gru_tuned_anchor_vs_v4_fusion_gru_tuned_anchor_k5
07048600,0.00015591755632312533,0.012604107117706835,1,147,flow_values_gru_tuned_anchor_vs_v4_fusion_gru_tuned_anchor_k5
07048800,0.00034113653870969217,0.014273078120218672,1,115,flow_values_gru_tuned_anchor_vs_v4_fusion_gru_tuned_anchor_k5
07049000,0.0013787910034061255,0.026210118721261097,2,248,flow_values_gru_tuned_anchor_vs_v4_fusion_gru_tuned_anchor_k5
07050500,2.8496666204317315e-05,0.0012871964416480955,1,24,flow_values_gru_tuned_anchor_vs_v4_fusion_gru_tuned_anchor_k5
07055893,2.0817233233898656e-05,0.0010707111480332905,1,19,flow_values_gru_tuned_anchor_vs_v4_fusion_gru_tuned_anchor_k5
07056000,0.001384595792526257,0.020288916923515924,2,180,flow_values_gru_tuned_anchor_vs_v4_fusion_gru_tuned_anchor_k5
07056515,0.0002692393512804362,0.005298976492811165,1,55,flow_values_gru_tuned_anchor_vs_v4_fusion_gru_tuned_anchor_k5
07060710,-0.0025654741599653594,0.004557160118060704,1,177,flow_values_gru_tuned_anchor_vs_v4_fusion_gru_tuned_anchor_k5
07061600,-1.5697467471006717e-05,0.0008188459346071855,1,31,flow_values_gru_tuned_anchor_vs_v4_fusion_gru_tuned_anchor_k5
07077500,-0.00012719929699239762,0.006212210625308185,1,25,flow_values_gru_tuned_anchor_vs_v4_fusion_gru_tuned_anchor_k5
07077555,3.562018051916686e-05,0.00590918504606711,1,41,flow_values_gru_tuned_anchor_vs_v4_fusion_gru_tuned_anchor_k5
07077800,-2.2558194265234073e-05,0.0018675062316747244,1,15,flow_values_gru_tuned_anchor_vs_v4_fusion_gru_tuned_anchor_k5
07097000,-3.70812514833288e-05,0.0010631058891383811,1,11,flow_values_gru_tuned_anchor_vs_v4_fusion_gru_tuned_anchor_k5
07099200,-5.1617048645231754e-05,0.006122507216773621,1,115,flow_values_gru_tuned_anchor_vs_v4_fusion_gru_tuned_anchor_k5
07099400,0.0013822943468372562,0.012868711157302478,2,232,flow_values_gru_tuned_anchor_vs_v4_fusion_gru_tuned_anchor_k5
07143672,0.0013948646603284991,0.03663389381988626,2,202,flow_values_gru_tuned_anchor_vs_v4_fusion_gru_tuned_anchor_k5
07231975,-0.0003884531605764871,0.0018892017636758073,1,11,flow_values_gru_tuned_anchor_vs_v4_fusion_gru_tuned_anchor_k5
07373420,-0.0002563846047479428,0.009278437747857571,1,315,flow_values_gru_tuned_anchor_vs_v4_fusion_gru_tuned_anchor_k5
394340085524601,0.0004602268442234855,0.02159298522227593,1,244,flow_values_gru_tuned_anchor_vs_v4_fusion_gru_tuned_anchor_k5
401723105400000,-0.0018930058970692885,0.005201524752579267,1,265,flow_values_gru_tuned_anchor_vs_v4_fusion_gru_tuned_anchor_k5
03016000,3.575969395547167e-05,0.0009873443224161322,1,29,flow_values_gru_tuned_anchor_vs_v4_fusion_tree_episodic_k5
03030852,0.00012694374013909774,0.0027429910241752436,1,30,flow_values_gru_tuned_anchor_vs_v4_fusion_tree_episodic_k5
03037525,-0.00012926566881737384,0.001367775984183328,1,25,flow_values_gru_tuned_anchor_vs_v4_fusion_tree_episodic_k5
03039420,9.443131138655949e-06,0.0009038590620822671,1,20,flow_values_gru_tuned_anchor_vs_v4_fusion_tree_episodic_k5
03049625,4.653185696558056e-05,0.0038158436456409857,1,43,flow_values_gru_tuned_anchor_vs_v4_fusion_tree_episodic_k5
03075001,0.00019296848420368768,0.005590618686936762,2,134,flow_values_gru_tuned_anchor_vs_v4_fusion_tree_episodic_k5
03083500,-1.70252166119977e-05,0.0023229796520071806,1,100,flow_values_gru_tuned_anchor_vs_v4_fusion_tree_episodic_k5
03085000,-1.0635506896098398e-05,0.0040312577572065135,1,122,flow_values_gru_tuned_anchor_vs_v4_fusion_tree_episodic_k5
03104500,-0.00011519315737574754,0.004621226565214844,2,68,flow_values_gru_tuned_anchor_vs_v4_fusion_tree_episodic_k5
03110983,-0.00020516361626719023,0.007368480603372787,2,56,flow_values_gru_tuned_anchor_vs_v4_fusion_tree_episodic_k5
03127970,1.961653931427573e-07,0.008324514027828864,2,58,flow_values_gru_tuned_anchor_vs_v4_fusion_tree_episodic_k5
03144270,0.00020515861018754875,0.0029555993758443107,1,26,flow_values_gru_tuned_anchor_vs_v4_fusion_tree_episodic_k5
03144289,0.0006228359971296668,0.011191929980913555,3,78,flow_values_gru_tuned_anchor_vs_v4_fusion_tree_episodic_k5
03201660,9.822435957417642e-05,0.002245228464187049,1,20,flow_values_gru_tuned_anchor_vs_v4_fusion_tree_episodic_k5
03201700,1.4846193073457077e-05,0.0040380824507725895,1,37,flow_values_gru_tuned_anchor_vs_v4_fusion_tree_episodic_k5
03207962,-9.453040075152339e-05,0.0012964167766333224,1,16,flow_values_gru_tuned_anchor_vs_v4_fusion_tree_episodic_k5
03212500,0.00024709350128378774,0.0022089088743647073,1,20,flow_values_gru_tuned_anchor_vs_v4_fusion_tree_episodic_k5
03216600,-0.0006085833462074898,0.007850088917547323,1,115,flow_values_gru_tuned_anchor_vs_v4_fusion_tree_episodic_k5
03245500,-4.971212170672493e-05,0.003345455957628449,1,33,flow_values_gru_tuned_anchor_vs_v4_fusion_tree_episodic_k5
03281500,3.09368261432829e-05,0.001520361367946045,1,31,flow_values_gru_tuned_anchor_vs_v4_fusion_tree_episodic_k5
03290500,0.00012864400802967263,0.0047462219874382155,1,53,flow_values_gru_tuned_anchor_vs_v4_fusion_tree_episodic_k5
03303280,0.0038312913235365614,0.024894357627638312,1,294,flow_values_gru_tuned_anchor_vs_v4_fusion_tree_episodic_k5
03339000,-2.5859108073037994e-05,0.00042392137671105526,1,10,flow_values_gru_tuned_anchor_vs_v4_fusion_tree_episodic_k5
03353551,2.2494685160168827e-05,0.0065880026497560406,1,21,flow_values_gru_tuned_anchor_vs_v4_fusion_tree_episodic_k5
03353630,5.30813411487611e-05,0.003937389562330621,2,42,flow_values_gru_tuned_anchor_vs_v4_fusion_tree_episodic_k5
03354000,-0.0001363352247011556,0.0017139346670731455,1,32,flow_values_gru_tuned_anchor_vs_v4_fusion_tree_episodic_k5
03357330,3.3856332012595526e-05,0.003380334919780825,2,54,flow_values_gru_tuned_anchor_vs_v4_fusion_tree_episodic_k5
03373530,1.4256363624330411e-05,0.0033999882369226296,1,22,flow_values_gru_tuned_anchor_vs_v4_fusion_tree_episodic_k5
03378500,1.4394184307020041e-05,0.013147725644241224,1,285,flow_values_gru_tuned_anchor_vs_v4_fusion_tree_episodic_k5
03438500,-8.20228977077024e-05,0.0010184724485774693,2,60,flow_values_gru_tuned_anchor_vs_v4_fusion_tree_episodic_k5
03459500,-0.0003047005125351292,0.00463554959606143,1,14,flow_values_gru_tuned_anchor_vs_v4_fusion_tree_episodic_k5
03460000,0.00031097317275332416,0.016864358959213253,1,67,flow_values_gru_tuned_anchor_vs_v4_fusion_tree_episodic_k5
03466208,6.158655972749397e-06,0.0026840027112273275,1,34,flow_values_gru_tuned_anchor_vs_v4_fusion_tree_episodic_k5
03497300,-0.001279428596606688,0.019950184798159534,3,585,flow_values_gru_tuned_anchor_vs_v4_fusion_tree_episodic_k5
03524550,-0.00014478484224267292,0.002309349231619505,1,19,flow_values_gru_tuned_anchor_vs_v4_fusion_tree_episodic_k5
03612500,9.976833000560682e-05,0.008256600786691852,1,197,flow_values_gru_tuned_anchor_vs_v4_fusion_tree_episodic_k5
03612600,-0.00038597841202674853,0.002485443894138383,1,106,flow_values_gru_tuned_anchor_vs_v4_fusion_tree_episodic_k5
05276005,0.00024094639304397174,0.0022300710113509737,1,22,flow_values_gru_tuned_anchor_vs_v4_fusion_tree_episodic_k5
05288705,0.0032499612815443724,0.0253008300837101,1,200,flow_values_gru_tuned_anchor_vs_v4_fusion_tree_episodic_k5
05320270,-0.0006084252049614367,0.005960388597461292,1,34,flow_values_gru_tuned_anchor_vs_v4_fusion_tree_episodic_k5
05322000,-0.00018465515660855375,0.00351640179032619,1,33,flow_values_gru_tuned_anchor_vs_v4_fusion_tree_episodic_k5
05325000,-1.575823667358044e-05,0.00023210431807441662,1,2,flow_values_gru_tuned_anchor_vs_v4_fusion_tree_episodic_k5
05325050,-6.301304890471485e-05,0.0008535326356592591,2,14,flow_values_gru_tuned_anchor_vs_v4_fusion_tree_episodic_k5
05331833,3.784209140564134e-05,0.0032968450686159433,1,24,flow_values_gru_tuned_anchor_vs_v4_fusion_tree_episodic_k5
05333500,0.00011738592377089512,0.013840345776704665,1,62,flow_values_gru_tuned_anchor_vs_v4_fusion_tree_episodic_k5
05355250,2.207238912414751e-05,0.0018621542181802505,1,29,flow_values_gru_tuned_anchor_vs_v4_fusion_tree_episodic_k5
05357206,-1.0484376212164352e-05,0.008936661695043256,1,89,flow_values_gru_tuned_anchor_vs_v4_fusion_tree_episodic_k5
05357215,-0.0005573096952148615,0.006150606931259847,1,121,flow_values_gru_tuned_anchor_vs_v4_fusion_tree_episodic_k5
05357245,0.00038073835683821413,0.007073011734390569,1,114,flow_values_gru_tuned_anchor_vs_v4_fusion_tree_episodic_k5
05412500,0.0020263087110669958,0.012708450185441762,1,113,flow_values_gru_tuned_anchor_vs_v4_fusion_tree_episodic_k5
05418600,9.350089813178765e-05,0.009453244255522002,1,113,flow_values_gru_tuned_anchor_vs_v4_fusion_tree_episodic_k5
05420500,-0.0004082371567274404,0.03171789783014681,1,291,flow_values_gru_tuned_anchor_vs_v4_fusion_tree_episodic_k5
05422000,-0.000230826933129957,0.01080593444435,1,145,flow_values_gru_tuned_anchor_vs_v4_fusion_tree_episodic_k5
05427948,2.2595383475300914e-06,0.003947670840087399,1,20,flow_values_gru_tuned_anchor_vs_v4_fusion_tree_episodic_k5
05427952,-2.697252257822854e-05,0.005343366566132076,1,21,flow_values_gru_tuned_anchor_vs_v4_fusion_tree_episodic_k5
05451070,2.3461166424133373e-05,0.0015037720091172241,1,15,flow_values_gru_tuned_anchor_vs_v4_fusion_tree_episodic_k5
05455100,3.6639273172563855e-06,0.003974433730861208,1,26,flow_values_gru_tuned_anchor_vs_v4_fusion_tree_episodic_k5
05461390,0.0009439261389634178,0.006841769013946769,1,26,flow_values_gru_tuned_anchor_vs_v4_fusion_tree_episodic_k5
05463050,-6.433597501650537e-05,0.0020377081553481008,1,17,flow_values_gru_tuned_anchor_vs_v4_fusion_tree_episodic_k5
05464220,-3.0504224012832052e-05,0.0111010423050239,2,72,flow_values_gru_tuned_anchor_vs_v4_fusion_tree_episodic_k5
05464760,6.976994625205919e-05,0.001571269770330047,1,15,flow_values_gru_tuned_anchor_vs_v4_fusion_tree_episodic_k5
05465500,0.00034800942798393614,0.023146688571447315,1,286,flow_values_gru_tuned_anchor_vs_v4_fusion_tree_episodic_k5
05531500,-8.060182377537613e-05,0.010998562993875674,2,28,flow_values_gru_tuned_anchor_vs_v4_fusion_tree_episodic_k5
05538020,-6.412319464559672e-06,0.00030509588944599057,1,9,flow_values_gru_tuned_anchor_vs_v4_fusion_tree_episodic_k5
05540500,-0.00016143811990596032,0.006695311103688268,2,70,flow_values_gru_tuned_anchor_vs_v4_fusion_tree_episodic_k5
05543500,-1.775055409229699e-05,0.004479862966003362,1,53,flow_values_gru_tuned_anchor_vs_v4_fusion_tree_episodic_k5
05552500,-4.748130624438516e-05,0.002775507410714637,1,40,flow_values_gru_tuned_anchor_vs_v4_fusion_tree_episodic_k5
05553700,2.317814455947359e-05,0.0019946807170860325,2,60,flow_values_gru_tuned_anchor_vs_v4_fusion_tree_episodic_k5
05587455,-0.00015842906050813786,0.02393404601256103,1,298,flow_values_gru_tuned_anchor_vs_v4_fusion_tree_episodic_k5
06126470,-0.0002759600785469912,0.0037983035679569764,1,17,flow_values_gru_tuned_anchor_vs_v4_fusion_tree_episodic_k5
06177825,-6.664091209323736e-05,0.0047608571371145795,1,20,flow_values_gru_tuned_anchor_vs_v4_fusion_tree_episodic_k5
06183450,0.00023024138479060894,0.007211776047575045,1,17,flow_values_gru_tuned_anchor_vs_v4_fusion_tree_episodic_k5
06208500,5.461954381078288e-05,0.0012097031894920036,1,28,flow_values_gru_tuned_anchor_vs_v4_fusion_tree_episodic_k5
06214500,-0.00034071892191864434,0.002940540646690454,1,44,flow_values_gru_tuned_anchor_vs_v4_fusion_tree_episodic_k5
06279500,-7.126202179407148e-05,0.00259826947262929,2,66,flow_values_gru_tuned_anchor_vs_v4_fusion_tree_episodic_k5
06294940,-2.6373803198281827e-05,0.004961400424132753,1,15,flow_values_gru_tuned_anchor_vs_v4_fusion_tree_episodic_k5
06294980,-0.0003814506073711325,0.005599543910046233,1,20,flow_values_gru_tuned_anchor_vs_v4_fusion_tree_episodic_k5
06295000,0.0001617426814046878,0.007319476100269753,1,61,flow_values_gru_tuned_anchor_vs_v4_fusion_tree_episodic_k5
06296120,-7.381882274232112e-05,0.005364686990380045,1,36,flow_values_gru_tuned_anchor_vs_v4_fusion_tree_episodic_k5
06306100,-0.0002944874528545866,0.0035163521302565195,1,21,flow_values_gru_tuned_anchor_vs_v4_fusion_tree_episodic_k5
06306300,0.000159790388773697,0.006093433580979672,1,56,flow_values_gru_tuned_anchor_vs_v4_fusion_tree_episodic_k5
06307500,1.7905781924596817e-05,0.010005975471470769,1,65,flow_values_gru_tuned_anchor_vs_v4_fusion_tree_episodic_k5
06307600,-3.653702118191528e-05,0.005241041887919909,1,27,flow_values_gru_tuned_anchor_vs_v4_fusion_tree_episodic_k5
06307665,-2.4342278093438094e-05,0.006006613056180545,1,19,flow_values_gru_tuned_anchor_vs_v4_fusion_tree_episodic_k5
06313500,-9.433870917620461e-05,0.027977813323473554,2,78,flow_values_gru_tuned_anchor_vs_v4_fusion_tree_episodic_k5
06324500,5.721480287760421e-05,0.00780441568392749,1,84,flow_values_gru_tuned_anchor_vs_v4_fusion_tree_episodic_k5
06324925,0.00031445272763144983,0.020983960873433113,2,58,flow_values_gru_tuned_anchor_vs_v4_fusion_tree_episodic_k5
06324970,0.00020370965543624296,0.031219813115468294,2,138,flow_values_gru_tuned_anchor_vs_v4_fusion_tree_episodic_k5
06326600,-0.0002788663359668414,0.044243186736428464,3,114,flow_values_gru_tuned_anchor_vs_v4_fusion_tree_episodic_k5
06330000,-0.0005724566928959518,0.025063122074726742,1,75,flow_values_gru_tuned_anchor_vs_v4_fusion_tree_episodic_k5
06332515,1.4758855179816388e-05,0.007882506241888864,1,20,flow_values_gru_tuned_anchor_vs_v4_fusion_tree_episodic_k5
06332770,-5.5733401443398926e-05,0.0027810497424623874,1,16,flow_values_gru_tuned_anchor_vs_v4_fusion_tree_episodic_k5
06336500,-0.0002003105170686514,0.005970331191464103,1,21,flow_values_gru_tuned_anchor_vs_v4_fusion_tree_episodic_k5
06337000,-0.00016984773718223433,0.012716790808822136,2,48,flow_values_gru_tuned_anchor_vs_v4_fusion_tree_episodic_k5
06339550,8.049570656426275e-05,0.010860189840825952,1,38,flow_values_gru_tuned_anchor_vs_v4_fusion_tree_episodic_k5
06339800,-0.00036649051480869407,0.031825802003857526,2,64,flow_values_gru_tuned_anchor_vs_v4_fusion_tree_episodic_k5
06339900,0.00010873048350063648,0.013064070143996227,1,34,flow_values_gru_tuned_anchor_vs_v4_fusion_tree_episodic_k5
06340000,0.0005829033607751237,0.04338157071229465,2,138,flow_values_gru_tuned_anchor_vs_v4_fusion_tree_episodic_k5
06340520,-2.2573398659947538e-05,0.006997649156439319,1,20,flow_values_gru_tuned_anchor_vs_v4_fusion_tree_episodic_k5
06340580,-0.0009453081482915691,0.015560004073458204,2,38,flow_values_gru_tuned_anchor_vs_v4_fusion_tree_episodic_k5
06342200,9.117294959606716e-05,0.01562388575238892,1,40,flow_values_gru_tuned_anchor_vs_v4_fusion_tree_episodic_k5
06342230,0.0006595837322102834,0.008628244382173146,1,24,flow_values_gru_tuned_anchor_vs_v4_fusion_tree_episodic_k5
06344600,0.00014451641985001006,0.029278933347813327,2,80,flow_values_gru_tuned_anchor_vs_v4_fusion_tree_episodic_k5
06349000,-4.963649786749056e-05,0.0043047757741471425,1,18,flow_values_gru_tuned_anchor_vs_v4_fusion_tree_episodic_k5
06349930,2.4278247935438314e-05,0.026950565125060624,1,62,flow_values_gru_tuned_anchor_vs_v4_fusion_tree_episodic_k5
06350000,6.049751795131265e-05,0.01250415018616566,1,34,flow_values_gru_tuned_anchor_vs_v4_fusion_tree_episodic_k5
06355310,0.001642761235814962,0.06163199707337787,1,67,flow_values_gru_tuned_anchor_vs_v4_fusion_tree_episodic_k5
06375600,-6.0650027722255274e-05,0.007048206219018406,1,35,flow_values_gru_tuned_anchor_vs_v4_fusion_tree_episodic_k5
06378300,-0.0004338790978839041,0.02455558896633188,2,32,flow_values_gru_tuned_anchor_vs_v4_fusion_tree_episodic_k5
06426400,0.0002315404664649558,0.014361737969416965,1,31,flow_values_gru_tuned_anchor_vs_v4_fusion_tree_episodic_k5
06436180,-0.00015057439766471173,0.0009505652770350753,1,31,flow_values_gru_tuned_anchor_vs_v4_fusion_tree_episodic_k5
06436198,0.0003926339853846593,0.00274403900100417,1,30,flow_values_gru_tuned_anchor_vs_v4_fusion_tree_episodic_k5
06453305,1.9997192225456278e-05,0.00037116317584040613,1,19,flow_values_gru_tuned_anchor_vs_v4_fusion_tree_episodic_k5
06463720,-0.00014941288074944898,0.004280720029378867,2,38,flow_values_gru_tuned_anchor_vs_v4_fusion_tree_episodic_k5
06485500,0.0016186503547898226,0.03482504149799531,2,168,flow_values_gru_tuned_anchor_vs_v4_fusion_tree_episodic_k5
06607500,0.0031993649669899344,0.042041785357967876,2,226,flow_values_gru_tuned_anchor_vs_v4_fusion_tree_episodic_k5
06611100,0.00017954193400100004,0.0030211984777926233,1,19,flow_values_gru_tuned_anchor_vs_v4_fusion_tree_episodic_k5
06611200,-0.00014181755901936785,0.005990530361155508,1,19,flow_values_gru_tuned_anchor_vs_v4_fusion_tree_episodic_k5
06611800,3.516835884065866e-05,0.002729383969912354,1,19,flow_values_gru_tuned_anchor_vs_v4_fusion_tree_episodic_k5
06710200,5.069400660151119e-05,0.002094276272311386,1,5,flow_values_gru_tuned_anchor_vs_v4_fusion_tree_episodic_k5
06713500,0.0003398682984793836,0.019578712551852794,1,229,flow_values_gru_tuned_anchor_vs_v4_fusion_tree_episodic_k5
06714000,0.0019336454746512939,0.019554236272223403,1,108,flow_values_gru_tuned_anchor_vs_v4_fusion_tree_episodic_k5
06720500,-0.002279654406111089,0.01734801784042958,2,102,flow_values_gru_tuned_anchor_vs_v4_fusion_tree_episodic_k5
06734900,4.400686151762452e-05,0.0012174377877996038,1,27,flow_values_gru_tuned_anchor_vs_v4_fusion_tree_episodic_k5
06752000,0.00028944766390715296,0.002117040466568238,1,24,flow_values_gru_tuned_anchor_vs_v4_fusion_tree_episodic_k5
06753400,0.00020443804644334248,0.002392989131326976,1,21,flow_values_gru_tuned_anchor_vs_v4_fusion_tree_episodic_k5
06759910,0.00032716860240010524,0.002998319186640761,2,50,flow_values_gru_tuned_anchor_vs_v4_fusion_tree_episodic_k5
06770500,0.00021410100494669379,0.0034391459265363453,1,17,flow_values_gru_tuned_anchor_vs_v4_fusion_tree_episodic_k5
06775900,-0.004074040127367613,0.011545026559279333,1,195,flow_values_gru_tuned_anchor_vs_v4_fusion_tree_episodic_k5
06791150,-3.543001997705723e-05,0.0071306235998673875,2,30,flow_values_gru_tuned_anchor_vs_v4_fusion_tree_episodic_k5
06805500,-0.00027880270492026374,0.06507615048165295,2,590,flow_values_gru_tuned_anchor_vs_v4_fusion_tree_episodic_k5
06810000,6.323360417727606e-05,0.013499518824311316,1,125,flow_values_gru_tuned_anchor_vs_v4_fusion_tree_episodic_k5
06818000,2.469648460929335e-06,0.003925144719945598,1,32,flow_values_gru_tuned_anchor_vs_v4_fusion_tree_episodic_k5
06879100,-3.698647825033332e-05,0.0018633794218906488,1,31,flow_values_gru_tuned_anchor_vs_v4_fusion_tree_episodic_k5
06879650,-0.00012329187084494982,0.001070795362097289,1,15,flow_values_gru_tuned_anchor_vs_v4_fusion_tree_episodic_k5
06880800,1.3519063134148287e-05,0.007176396807758446,1,38,flow_values_gru_tuned_anchor_vs_v4_fusion_tree_episodic_k5
06885500,-3.000930778649901e-07,0.005712714968142426,1,30,flow_values_gru_tuned_anchor_vs_v4_fusion_tree_episodic_k5
06887000,-2.188982356386439e-06,0.008497669308053853,1,54,flow_values_gru_tuned_anchor_vs_v4_fusion_tree_episodic_k5
06890900,-1.0479363874832584e-05,0.0010025242118150205,1,27,flow_values_gru_tuned_anchor_vs_v4_fusion_tree_episodic_k5
06891500,-0.00028362476105476414,0.004026060846182685,2,56,flow_values_gru_tuned_anchor_vs_v4_fusion_tree_episodic_k5
06893350,1.4156952869333975e-05,0.0014484315274477459,1,12,flow_values_gru_tuned_anchor_vs_v4_fusion_tree_episodic_k5
06893390,0.0002488395376516423,0.0019488695490251966,1,20,flow_values_gru_tuned_anchor_vs_v4_fusion_tree_episodic_k5
06893500,0.0003149612677853771,0.01092149017218028,2,76,flow_values_gru_tuned_anchor_vs_v4_fusion_tree_episodic_k5
06893562,0.0001345711211965085,0.005064111002974638,1,42,flow_values_gru_tuned_anchor_vs_v4_fusion_tree_episodic_k5
06893578,6.950504612674487e-06,0.0021529736880853594,1,31,flow_values_gru_tuned_anchor_vs_v4_fusion_tree_episodic_k5
06893620,0.0006698655850486438,0.004549932701946908,1,49,flow_values_gru_tuned_anchor_vs_v4_fusion_tree_episodic_k5
06893940,-2.9620894132321508e-05,0.0017266594443398084,1,31,flow_values_gru_tuned_anchor_vs_v4_fusion_tree_episodic_k5
06894000,-2.2397721616143785e-05,0.0025467221313403596,1,44,flow_values_gru_tuned_anchor_vs_v4_fusion_tree_episodic_k5
06902000,-0.00011916123524714111,0.0041804590543394445,1,27,flow_values_gru_tuned_anchor_vs_v4_fusion_tree_episodic_k5
06923250,7.2644991289878444e-06,0.0017796814841823095,1,25,flow_values_gru_tuned_anchor_vs_v4_fusion_tree_episodic_k5
06926510,3.926189116415163e-05,0.0018414316189910018,1,19,flow_values_gru_tuned_anchor_vs_v4_fusion_tree_episodic_k5
07022000,-0.00022036169282856738,0.020202368070344257,1,305,flow_values_gru_tuned_anchor_vs_v4_fusion_tree_episodic_k5
07048600,0.00015357843661555588,0.012601767997999266,1,147,flow_values_gru_tuned_anchor_vs_v4_fusion_tree_episodic_k5
07048800,0.0003361727328873781,0.014268114314396358,1,115,flow_values_gru_tuned_anchor_vs_v4_fusion_tree_episodic_k5
07049000,0.0011280029354386123,0.025959330653293585,2,248,flow_values_gru_tuned_anchor_vs_v4_fusion_tree_episodic_k5
07050500,3.356891826716686e-05,0.0012922686937109453,1,24,flow_values_gru_tuned_anchor_vs_v4_fusion_tree_episodic_k5
07055893,3.099192121014212e-08,0.0010499249067206019,1,19,flow_values_gru_tuned_anchor_vs_v4_fusion_tree_episodic_k5
07056000,0.0013776722733824843,0.020281993404372152,2,180,flow_values_gru_tuned_anchor_vs_v4_fusion_tree_episodic_k5
07056515,0.0002898693836057754,0.005319606525136504,1,55,flow_values_gru_tuned_anchor_vs_v4_fusion_tree_episodic_k5
07060710,-0.002573856265931759,0.004548778012094305,1,177,flow_values_gru_tuned_anchor_vs_v4_fusion_tree_episodic_k5
07061600,-1.3012641745863873e-05,0.0008215307603323284,1,31,flow_values_gru_tuned_anchor_vs_v4_fusion_tree_episodic_k5
07077500,-0.0001429314063096487,0.006196478515990933,1,25,flow_values_gru_tuned_anchor_vs_v4_fusion_tree_episodic_k5
07077555,0.00012992075478620888,0.006003485620334152,1,41,flow_values_gru_tuned_anchor_vs_v4_fusion_tree_episodic_k5
07077800,6.201032867353157e-07,0.0018906845292266938,1,15,flow_values_gru_tuned_anchor_vs_v4_fusion_tree_episodic_k5
07097000,3.3722594203227305e-05,0.0011339097348249372,1,11,flow_values_gru_tuned_anchor_vs_v4_fusion_tree_episodic_k5
07099200,-0.0001390537319750826,0.006035070533443769,1,115,flow_values_gru_tuned_anchor_vs_v4_fusion_tree_episodic_k5
07099400,0.0015689376198420326,0.013055354430307253,2,232,flow_values_gru_tuned_anchor_vs_v4_fusion_tree_episodic_k5
07143672,0.0009943877060598328,0.036233416865617596,2,202,flow_values_gru_tuned_anchor_vs_v4_fusion_tree_episodic_k5
07231975,-0.0004211205965121038,0.0018565343277401906,1,11,flow_values_gru_tuned_anchor_vs_v4_fusion_tree_episodic_k5
07373420,-0.0001920375306945814,0.009342784821910931,1,315,flow_values_gru_tuned_anchor_vs_v4_fusion_tree_episodic_k5
394340085524601,0.0008210918509399834,0.021953850228992426,1,244,flow_values_gru_tuned_anchor_vs_v4_fusion_tree_episodic_k5
401723105400000,-0.001926678001157002,0.0051678526484915535,1,265,flow_values_gru_tuned_anchor_vs_v4_fusion_tree_episodic_k5
