split_seed,seed,model_name,k,region,n_query_cells,n_stations,q90_threshold_train,unstable,mae,log_mae,signed_bias,log_signed_bias,n_actual_nontail,n_false_q90,q90_false_positive_rate
142,42,context_constant,0,overall,3975,71,9.851500511169434,False,1.9859771810113265,0.31922102419752224,-0.26141020140709365,0.09935629979216112,3623,51,0.014076731990063483
142,42,context_constant,0,q90,352,44,9.851500511169434,False,9.126215374769481,0.5796069526563895,-8.715630368442358,-0.5492798504101208,0,0,
142,42,context_constant,0,nontail,3623,69,9.851500511169434,False,1.292252686337611,0.2939226949627661,0.5599769083904257,0.16237587607457993,3623,51,0.014076731990063483
142,42,context_constant,1,overall,3975,71,9.851500511169434,False,1.8679348409468752,0.2948668890800889,-0.21232967027381466,0.08422860783508841,3623,53,0.01462876069555617
142,42,context_constant,1,q90,352,44,9.851500511169434,False,8.367965489772429,0.5309331768290165,-7.810178900875622,-0.4922702891452109,0,0,
142,42,context_constant,1,nontail,3623,69,9.851500511169434,False,1.2364110241136999,0.27193138444646414,0.5258549637785829,0.14023954124305568,3623,53,0.01462876069555617
142,42,context_constant,3,overall,3975,71,9.851500511169434,False,1.5797400157551038,0.24831033980110845,-0.333107490196228,0.01845235330838214,3623,57,0.01573281810654154
142,42,context_constant,3,q90,352,44,9.851500511169434,False,7.587794980079335,0.49401962798962856,-6.035800978216098,-0.40679473136013394,0,0,
142,42,context_constant,3,nontail,3623,69,9.851500511169434,False,0.9960151061657776,0.22443794967073055,0.22094939851009118,0.05976810649726364,3623,57,0.01573281810654154
142,42,context_constant,5,overall,3975,71,9.851500511169434,False,1.575285745794082,0.24777245121139846,-0.3073156513645775,0.028231397382834398,3623,58,0.016008832459287883
142,42,context_constant,5,q90,352,44,9.851500511169434,False,7.461541908847622,0.4792912447371377,-5.993294204269159,-0.3967738536432623,0,0,
142,42,context_constant,5,nontail,3623,69,9.851500511169434,False,1.0033944486936555,0.22527876771124386,0.2451172635187822,0.06952365472790369,3623,58,0.016008832459287883
142,42,context_gru_tuned_anchor,0,overall,3975,71,9.851500511169434,False,1.9859771810113265,0.31922102419752224,-0.26141020140709365,0.09935629979216112,3623,51,0.014076731990063483
142,42,context_gru_tuned_anchor,0,q90,352,44,9.851500511169434,False,9.126215374769481,0.5796069526563895,-8.715630368442358,-0.5492798504101208,0,0,
142,42,context_gru_tuned_anchor,0,nontail,3623,69,9.851500511169434,False,1.292252686337611,0.2939226949627661,0.5599769083904257,0.16237587607457993,3623,51,0.014076731990063483
142,42,context_gru_tuned_anchor,1,overall,3975,71,9.851500511169434,False,1.8679348409468752,0.2948668890800889,-0.21232967027381466,0.08422860783508841,3623,53,0.01462876069555617
142,42,context_gru_tuned_anchor,1,q90,352,44,9.851500511169434,False,8.367965489772429,0.5309331768290165,-7.810178900875622,-0.4922702891452109,0,0,
142,42,context_gru_tuned_anchor,1,nontail,3623,69,9.851500511169434,False,1.2364110241136999,0.27193138444646414,0.5258549637785829,0.14023954124305568,3623,53,0.01462876069555617
142,42,context_gru_tuned_anchor,3,overall,3975,71,9.851500511169434,False,1.56335406752704,0.24539708154281842,-0.34247660555754555,0.016987726169978408,3623,58,0.016008832459287883
142,42,context_gru_tuned_anchor,3,q90,352,44,9.851500511169434,False,7.520758470390451,0.49333258782102374,-5.971923230682424,-0.40667060937734995,0,0,
142,42,context_gru_tuned_anchor,3,nontail,3623,69,9.851500511169434,False,0.984550217179836,0.22130839862536653,0.2044638338694367,0.058149121177612846,3623,58,0.016008832459287883
142,42,context_gru_tuned_anchor,5,overall,3975,71,9.851500511169434,False,1.5656828941125807,0.24652765824358855,-0.2906465574309583,0.029347520273252492,3623,56,0.015456803753795198
142,42,context_gru_tuned_anchor,5,q90,352,44,9.851500511169434,False,7.382707737192775,0.47718127604524835,-5.799769259561498,-0.38968533929260335,0,0,
142,42,context_gru_tuned_anchor,5,nontail,3623,69,9.851500511169434,False,1.0005179079783746,0.2241180326663917,0.24460356433275957,0.07005951766965914,3623,56,0.015456803753795198
142,42,mae_constant,0,overall,3975,71,9.851500511169434,False,1.7837125960302624,0.30718769493763853,-0.7453792626371428,-0.06544571502050986,3623,46,0.01269666022633177
142,42,mae_constant,0,q90,352,44,9.851500511169434,False,8.79688057892445,0.5732785870582654,-8.169711286886338,-0.52942806657839,0,0,
142,42,mae_constant,0,nontail,3623,69,9.851500511169434,False,1.1023338684622932,0.2813350882507877,-0.024053048854168316,-0.020366557485766868,3623,46,0.01269666022633177
142,42,mae_constant,1,overall,3975,71,9.851500511169434,False,1.6996795370643707,0.2924828734147631,-0.6510992678557054,-0.05851517758735743,3623,49,0.013524703284570798
142,42,mae_constant,1,q90,352,44,9.851500511169434,False,8.18324013899016,0.53280425627235,-7.4190391980895445,-0.48261805937448715,0,0,
142,42,mae_constant,1,nontail,3623,69,9.851500511169434,False,1.069755901437024,0.2691339562836921,0.00645382500720144,-0.017310591777512083,3623,49,0.013524703284570798
142,42,mae_constant,3,overall,3975,71,9.851500511169434,False,1.5796917317276398,0.26130296365980127,-0.5743068966577057,-0.044042979732748545,3623,52,0.014352746342809827
142,42,mae_constant,3,q90,352,44,9.851500511169434,False,7.804442792023392,0.504065930952257,-6.686217343430578,-0.4355736494377292,0,0,
142,42,mae_constant,3,nontail,3623,69,9.851500511169434,False,0.9749132682376853,0.23771682938242217,0.019508305457682208,-0.006003014031353793,3623,52,0.014352746342809827
142,42,mae_constant,5,overall,3975,71,9.851500511169434,False,1.5327927918301951,0.2484009129791788,-0.41779109581708646,-0.01802545570516913,3623,56,0.015456803753795198
142,42,mae_constant,5,q90,352,44,9.851500511169434,False,7.395757192336558,0.4709359936507329,-5.70224432901484,-0.37838766467400636,0,0,
142,42,mae_constant,5,nontail,3623,69,9.851500511169434,False,0.9631644537186191,0.22678006053744904,0.0956308026332612,0.01698627423052799,3623,56,0.015456803753795198
142,42,mae_gru_tuned_anchor,0,overall,3975,71,9.851500511169434,False,1.7837125960302624,0.30718769493763853,-0.7453792626371428,-0.06544571502050986,3623,46,0.01269666022633177
142,42,mae_gru_tuned_anchor,0,q90,352,44,9.851500511169434,False,8.79688057892445,0.5732785870582654,-8.169711286886338,-0.52942806657839,0,0,
142,42,mae_gru_tuned_anchor,0,nontail,3623,69,9.851500511169434,False,1.1023338684622932,0.2813350882507877,-0.024053048854168316,-0.020366557485766868,3623,46,0.01269666022633177
142,42,mae_gru_tuned_anchor,1,overall,3975,71,9.851500511169434,False,1.6996795370643707,0.2924828734147631,-0.6510992678557054,-0.05851517758735743,3623,49,0.013524703284570798
142,42,mae_gru_tuned_anchor,1,q90,352,44,9.851500511169434,False,8.18324013899016,0.53280425627235,-7.4190391980895445,-0.48261805937448715,0,0,
142,42,mae_gru_tuned_anchor,1,nontail,3623,69,9.851500511169434,False,1.069755901437024,0.2691339562836921,0.00645382500720144,-0.017310591777512083,3623,49,0.013524703284570798
142,42,mae_gru_tuned_anchor,3,overall,3975,71,9.851500511169434,False,1.5741903240996138,0.25992349931181485,-0.5743383146430194,-0.04324452497984986,3623,52,0.014352746342809827
142,42,mae_gru_tuned_anchor,3,q90,352,44,9.851500511169434,False,7.774362996596954,0.5029782834114838,-6.6777639953851065,-0.4352578258120101,0,0,
142,42,mae_gru_tuned_anchor,3,nontail,3623,69,9.851500511169434,False,0.9717998243151638,0.23630901297367424,0.018652532616493394,-0.005157668260854445,3623,52,0.014352746342809827
142,42,mae_gru_tuned_anchor,5,overall,3975,71,9.851500511169434,False,1.5201718006931422,0.24531694882826147,-0.39555690611274025,-0.013999222223656193,3623,57,0.01573281810654154
142,42,mae_gru_tuned_anchor,5,q90,352,44,9.851500511169434,False,7.311848868729424,0.46967295489547123,-5.482672934118498,-0.37124766866815284,0,0,
142,42,mae_gru_tuned_anchor,5,nontail,3623,69,9.851500511169434,False,0.9574695296611876,0.2235191806428743,0.09869229119833527,0.02070998372402883,3623,57,0.01573281810654154
142,42,mae_integrated_constant,0,overall,3975,71,9.851500511169434,False,1.7837125960302624,0.30718769493763853,-0.7453792626371428,-0.06544571502050986,3623,46,0.01269666022633177
142,42,mae_integrated_constant,0,q90,352,44,9.851500511169434,False,8.79688057892445,0.5732785870582654,-8.169711286886338,-0.52942806657839,0,0,
142,42,mae_integrated_constant,0,nontail,3623,69,9.851500511169434,False,1.1023338684622932,0.2813350882507877,-0.024053048854168316,-0.020366557485766868,3623,46,0.01269666022633177
142,42,mae_integrated_constant,1,overall,3975,71,9.851500511169434,False,1.6996795370643707,0.2924828734147631,-0.6510992678557054,-0.05851517758735743,3623,49,0.013524703284570798
142,42,mae_integrated_constant,1,q90,352,44,9.851500511169434,False,8.18324013899016,0.53280425627235,-7.4190391980895445,-0.48261805937448715,0,0,
142,42,mae_integrated_constant,1,nontail,3623,69,9.851500511169434,False,1.069755901437024,0.2691339562836921,0.00645382500720144,-0.017310591777512083,3623,49,0.013524703284570798
142,42,mae_integrated_constant,3,overall,3975,71,9.851500511169434,False,1.5796917317276398,0.26130296365980127,-0.5743068966577057,-0.044042979732748545,3623,52,0.014352746342809827
142,42,mae_integrated_constant,3,q90,352,44,9.851500511169434,False,7.804442792023392,0.504065930952257,-6.686217343430578,-0.4355736494377292,0,0,
142,42,mae_integrated_constant,3,nontail,3623,69,9.851500511169434,False,0.9749132682376853,0.23771682938242217,0.019508305457682208,-0.006003014031353793,3623,52,0.014352746342809827
142,42,mae_integrated_constant,5,overall,3975,71,9.851500511169434,False,1.5327927918301951,0.2484009129791788,-0.41779109581708646,-0.01802545570516913,3623,56,0.015456803753795198
142,42,mae_integrated_constant,5,q90,352,44,9.851500511169434,False,7.395757192336558,0.4709359936507329,-5.70224432901484,-0.37838766467400636,0,0,
142,42,mae_integrated_constant,5,nontail,3623,69,9.851500511169434,False,0.9631644537186191,0.22678006053744904,0.0956308026332612,0.01698627423052799,3623,56,0.015456803753795198
142,42,mae_integrated_gru_tuned_anchor,0,overall,3975,71,9.851500511169434,False,1.7837125960302624,0.30718769493763853,-0.7453792626371428,-0.06544571502050986,3623,46,0.01269666022633177
142,42,mae_integrated_gru_tuned_anchor,0,q90,352,44,9.851500511169434,False,8.79688057892445,0.5732785870582654,-8.169711286886338,-0.52942806657839,0,0,
142,42,mae_integrated_gru_tuned_anchor,0,nontail,3623,69,9.851500511169434,False,1.1023338684622932,0.2813350882507877,-0.024053048854168316,-0.020366557485766868,3623,46,0.01269666022633177
142,42,mae_integrated_gru_tuned_anchor,1,overall,3975,71,9.851500511169434,False,1.6996795370643707,0.2924828734147631,-0.6510992678557054,-0.05851517758735743,3623,49,0.013524703284570798
142,42,mae_integrated_gru_tuned_anchor,1,q90,352,44,9.851500511169434,False,8.18324013899016,0.53280425627235,-7.4190391980895445,-0.48261805937448715,0,0,
142,42,mae_integrated_gru_tuned_anchor,1,nontail,3623,69,9.851500511169434,False,1.069755901437024,0.2691339562836921,0.00645382500720144,-0.017310591777512083,3623,49,0.013524703284570798
142,42,mae_integrated_gru_tuned_anchor,3,overall,3975,71,9.851500511169434,False,1.5741903240996138,0.25992349931181485,-0.5743383146430194,-0.04324452497984986,3623,52,0.014352746342809827
142,42,mae_integrated_gru_tuned_anchor,3,q90,352,44,9.851500511169434,False,7.774362996596954,0.5029782834114838,-6.6777639953851065,-0.4352578258120101,0,0,
142,42,mae_integrated_gru_tuned_anchor,3,nontail,3623,69,9.851500511169434,False,0.9717998243151638,0.23630901297367424,0.018652532616493394,-0.005157668260854445,3623,52,0.014352746342809827
142,42,mae_integrated_gru_tuned_anchor,5,overall,3975,71,9.851500511169434,False,1.5201718006931422,0.24531694882826147,-0.39555690611274025,-0.013999222223656193,3623,57,0.01573281810654154
142,42,mae_integrated_gru_tuned_anchor,5,q90,352,44,9.851500511169434,False,7.311848868729424,0.46967295489547123,-5.482672934118498,-0.37124766866815284,0,0,
142,42,mae_integrated_gru_tuned_anchor,5,nontail,3623,69,9.851500511169434,False,0.9574695296611876,0.2235191806428743,0.09869229119833527,0.02070998372402883,3623,57,0.01573281810654154
142,42,prior_ecological_affine_constant,0,overall,3975,71,9.851500511169434,False,1.7539578344867166,0.2752277567874956,-0.4699237911220218,0.018124324530231127,3623,58,0.016008832459287883
142,42,prior_ecological_affine_constant,0,q90,352,44,9.851500511169434,False,8.652596657413751,0.5410188937362119,-7.995018474563531,-0.49449066099704225,0,0,
142,42,prior_ecological_affine_constant,0,nontail,3623,69,9.851500511169434,False,1.0837064224882853,0.24940427342951935,0.26119222559655697,0.06792848542054311,3623,58,0.016008832459287883
142,42,prior_ecological_affine_constant,1,overall,3975,71,9.851500511169434,False,1.6810580999628244,0.2744195594895467,-0.466450206200168,-0.0069641714858597065,3623,60,0.016560861164780567
142,42,prior_ecological_affine_constant,1,q90,352,44,9.851500511169434,False,8.060939903676854,0.5101940770447878,-7.317258811410891,-0.46015592296095503,0,0,
142,42,prior_ecological_affine_constant,1,nontail,3623,69,9.851500511169434,False,1.0612075907419194,0.2515124023878507,0.19915416284045429,0.03706660315373001,3623,60,0.016560861164780567
142,42,prior_ecological_affine_constant,3,overall,3975,71,9.851500511169434,False,1.570637688496509,0.24943041541403832,-0.439446071141898,-0.00037125009646009875,3623,52,0.014352746342809827
142,42,prior_ecological_affine_constant,3,q90,352,44,9.851500511169434,False,7.758015125483293,0.49285815756052725,-6.717541309487703,-0.4275022778229161,0,0,
142,42,prior_ecological_affine_constant,3,nontail,3623,69,9.851500511169434,False,0.9694903360760427,0.22577969357148683,0.17051515543765594,0.04112754144638078,3623,52,0.014352746342809827
142,42,prior_ecological_affine_constant,5,overall,3975,71,9.851500511169434,False,1.5283434356458125,0.24477568097554428,-0.34825896689156144,0.0036406286095445376,3623,58,0.016008832459287883
142,42,prior_ecological_affine_constant,5,q90,352,44,9.851500511169434,False,7.334597750355249,0.4649634320257048,-5.706749871393408,-0.3752145302146123,0,0,
142,42,prior_ecological_affine_constant,5,nontail,3623,69,9.851500511169434,False,0.9642248822983871,0.22338288816029267,0.17235621345197982,0.04044907903905136,3623,58,0.016008832459287883
142,42,prior_ecological_affine_gru_tuned_anchor,0,overall,3975,71,9.851500511169434,False,1.7539578344867166,0.2752277567874956,-0.4699237911220218,0.018124324530231127,3623,58,0.016008832459287883
142,42,prior_ecological_affine_gru_tuned_anchor,0,q90,352,44,9.851500511169434,False,8.652596657413751,0.5410188937362119,-7.995018474563531,-0.49449066099704225,0,0,
142,42,prior_ecological_affine_gru_tuned_anchor,0,nontail,3623,69,9.851500511169434,False,1.0837064224882853,0.24940427342951935,0.26119222559655697,0.06792848542054311,3623,58,0.016008832459287883
142,42,prior_ecological_affine_gru_tuned_anchor,1,overall,3975,71,9.851500511169434,False,1.6810580999628244,0.2744195594895467,-0.466450206200168,-0.0069641714858597065,3623,60,0.016560861164780567
142,42,prior_ecological_affine_gru_tuned_anchor,1,q90,352,44,9.851500511169434,False,8.060939903676854,0.5101940770447878,-7.317258811410891,-0.46015592296095503,0,0,
142,42,prior_ecological_affine_gru_tuned_anchor,1,nontail,3623,69,9.851500511169434,False,1.0612075907419194,0.2515124023878507,0.19915416284045429,0.03706660315373001,3623,60,0.016560861164780567
142,42,prior_ecological_affine_gru_tuned_anchor,3,overall,3975,71,9.851500511169434,False,1.5515487821148741,0.24685495147018835,-0.4407900826760707,-0.0020408415851606693,3623,56,0.015456803753795198
142,42,prior_ecological_affine_gru_tuned_anchor,3,q90,352,44,9.851500511169434,False,7.651035358332951,0.4873919182796284,-6.539315842845739,-0.41867500346459285,0,0,
142,42,prior_ecological_affine_gru_tuned_anchor,3,nontail,3623,69,9.851500511169434,False,0.9589406466390908,0.22348508883786072,0.1517247027447748,0.03843810541499393,3623,56,0.015456803753795198
142,42,prior_ecological_affine_gru_tuned_anchor,5,overall,3975,71,9.851500511169434,False,1.5171463938983436,0.24117864506530923,-0.326854771800214,0.00809618925731438,3623,58,0.016008832459287883
142,42,prior_ecological_affine_gru_tuned_anchor,5,q90,352,44,9.851500511169434,False,7.270412604413334,0.46443961285957425,-5.50737234894848,-0.3689957618523032,0,0,
142,42,prior_ecological_affine_gru_tuned_anchor,5,nontail,3623,69,9.851500511169434,False,0.9581760085543538,0.21948726757053108,0.17646904469335198,0.04473333162291896,3623,58,0.016008832459287883
142,42,prior_encoder_constant,0,overall,3975,71,9.851500511169434,False,1.7498309344537188,0.2831975592709367,-0.49881393447107486,-0.0035613654070162206,3623,70,0.019321004692243997
142,42,prior_encoder_constant,0,q90,352,44,9.851500511169434,False,8.352289619908985,0.5252271514564999,-7.515805919894438,-0.46653922887873006,0,0,
142,42,prior_encoder_constant,0,nontail,3623,69,9.851500511169434,False,1.1083555115223762,0.25968267755707575,0.1829363219101075,0.04142019902633825,3623,70,0.019321004692243997
142,42,prior_encoder_constant,1,overall,3975,71,9.851500511169434,False,1.6440187784365752,0.2681117177657352,-0.5018239394561606,-0.019522007679866622,3623,65,0.017940932928512284
142,42,prior_encoder_constant,1,q90,352,44,9.851500511169434,False,7.867404934715585,0.49975305851809,-6.9779927576501395,-0.44057681951312394,0,0,
142,42,prior_encoder_constant,1,nontail,3623,69,9.851500511169434,False,1.039372924997378,0.24560612793829145,0.12738153225354992,0.021386436638462545,3623,65,0.017940932928512284
142,42,prior_encoder_constant,3,overall,3975,71,9.851500511169434,False,1.5449125856629942,0.2455442094361374,-0.466721554740672,-0.01869644994189272,3623,64,0.01766491857576594
142,42,prior_encoder_constant,3,q90,352,44,9.851500511169434,False,7.583712030103078,0.48153474136336655,-6.311736460949709,-0.40340930927497215,0,0,
142,42,prior_encoder_constant,3,nontail,3623,69,9.851500511169434,False,0.9582006330152136,0.22261606501483333,0.10116286341709262,0.018681117401536475,3623,64,0.01766491857576594
142,42,prior_encoder_constant,5,overall,3975,71,9.851500511169434,False,1.5443702681138154,0.24555455879069693,-0.43242430526218334,-0.0068369243514887195,3623,65,0.017940932928512284
142,42,prior_encoder_constant,5,q90,352,44,9.851500511169434,False,7.4967113134604375,0.4715741122911421,-6.248343799240934,-0.39495228547549127,0,0,
142,42,prior_encoder_constant,5,nontail,3623,69,9.851500511169434,False,0.9660583586570087,0.2235951652405571,0.13263328841171138,0.030871220035938524,3623,65,0.017940932928512284
142,42,prior_encoder_gru_tuned_anchor,0,overall,3975,71,9.851500511169434,False,1.7498309344537188,0.2831975592709367,-0.49881393447107486,-0.0035613654070162206,3623,70,0.019321004692243997
142,42,prior_encoder_gru_tuned_anchor,0,q90,352,44,9.851500511169434,False,8.352289619908985,0.5252271514564999,-7.515805919894438,-0.46653922887873006,0,0,
142,42,prior_encoder_gru_tuned_anchor,0,nontail,3623,69,9.851500511169434,False,1.1083555115223762,0.25968267755707575,0.1829363219101075,0.04142019902633825,3623,70,0.019321004692243997
142,42,prior_encoder_gru_tuned_anchor,1,overall,3975,71,9.851500511169434,False,1.6440187784365752,0.2681117177657352,-0.5018239394561606,-0.019522007679866622,3623,65,0.017940932928512284
142,42,prior_encoder_gru_tuned_anchor,1,q90,352,44,9.851500511169434,False,7.867404934715585,0.49975305851809,-6.9779927576501395,-0.44057681951312394,0,0,
142,42,prior_encoder_gru_tuned_anchor,1,nontail,3623,69,9.851500511169434,False,1.039372924997378,0.24560612793829145,0.12738153225354992,0.021386436638462545,3623,65,0.017940932928512284
142,42,prior_encoder_gru_tuned_anchor,3,overall,3975,71,9.851500511169434,False,1.5388366617281561,0.2440661115439552,-0.4663145889647934,-0.01777831765573121,3623,65,0.017940932928512284
142,42,prior_encoder_gru_tuned_anchor,3,q90,352,44,9.851500511169434,False,7.554390744861342,0.4805940826931753,-6.303133424408899,-0.40318793779841755,0,0,
142,42,prior_encoder_gru_tuned_anchor,3,nontail,3623,69,9.851500511169434,False,0.9543831598615039,0.22108575111212372,0.1007735231181007,0.01966694491402468,3623,65,0.017940932928512284
142,42,prior_encoder_gru_tuned_anchor,5,overall,3975,71,9.851500511169434,False,1.5407871272402855,0.24489737774649267,-0.42952600396833424,-0.006182316466705129,3623,65,0.017940932928512284
142,42,prior_encoder_gru_tuned_anchor,5,q90,352,44,9.851500511169434,False,7.473904741485711,0.4708929629731891,-6.218816892228802,-0.3938471913465255,0,0,
142,42,prior_encoder_gru_tuned_anchor,5,nontail,3623,69,9.851500511169434,False,0.9643429096818011,0.22294031288317578,0.13294443287066246,0.031482060005195725,3623,65,0.017940932928512284
142,42,prior_encoder_integrated_constant,0,overall,3975,71,9.851500511169434,False,1.7498309344537188,0.2831975592709367,-0.49881393447107486,-0.0035613654070162206,3623,70,0.019321004692243997
142,42,prior_encoder_integrated_constant,0,q90,352,44,9.851500511169434,False,8.352289619908985,0.5252271514564999,-7.515805919894438,-0.46653922887873006,0,0,
142,42,prior_encoder_integrated_constant,0,nontail,3623,69,9.851500511169434,False,1.1083555115223762,0.25968267755707575,0.1829363219101075,0.04142019902633825,3623,70,0.019321004692243997
142,42,prior_encoder_integrated_constant,1,overall,3975,71,9.851500511169434,False,1.6440187784365752,0.2681117177657352,-0.5018239394561606,-0.019522007679866622,3623,65,0.017940932928512284
142,42,prior_encoder_integrated_constant,1,q90,352,44,9.851500511169434,False,7.867404934715585,0.49975305851809,-6.9779927576501395,-0.44057681951312394,0,0,
142,42,prior_encoder_integrated_constant,1,nontail,3623,69,9.851500511169434,False,1.039372924997378,0.24560612793829145,0.12738153225354992,0.021386436638462545,3623,65,0.017940932928512284
142,42,prior_encoder_integrated_constant,3,overall,3975,71,9.851500511169434,False,1.5449125856629942,0.2455442094361374,-0.466721554740672,-0.01869644994189272,3623,64,0.01766491857576594
142,42,prior_encoder_integrated_constant,3,q90,352,44,9.851500511169434,False,7.583712030103078,0.48153474136336655,-6.311736460949709,-0.40340930927497215,0,0,
142,42,prior_encoder_integrated_constant,3,nontail,3623,69,9.851500511169434,False,0.9582006330152136,0.22261606501483333,0.10116286341709262,0.018681117401536475,3623,64,0.01766491857576594
142,42,prior_encoder_integrated_constant,5,overall,3975,71,9.851500511169434,False,1.5211446142118492,0.24081344505100638,-0.3593907413483208,-0.0013386432995802584,3623,62,0.017112889870273255
142,42,prior_encoder_integrated_constant,5,q90,352,44,9.851500511169434,False,7.310919206431962,0.4630887019916525,-5.583710589089433,-0.36808517324759593,0,0,
142,42,prior_encoder_integrated_constant,5,nontail,3623,69,9.851500511169434,False,0.958627182122012,0.21921783631705455,0.14818877463425492,0.034293368442539954,3623,62,0.017112889870273255
142,42,prior_encoder_integrated_gru_tuned_anchor,0,overall,3975,71,9.851500511169434,False,1.7498309344537188,0.2831975592709367,-0.49881393447107486,-0.0035613654070162206,3623,70,0.019321004692243997
142,42,prior_encoder_integrated_gru_tuned_anchor,0,q90,352,44,9.851500511169434,False,8.352289619908985,0.5252271514564999,-7.515805919894438,-0.46653922887873006,0,0,
142,42,prior_encoder_integrated_gru_tuned_anchor,0,nontail,3623,69,9.851500511169434,False,1.1083555115223762,0.25968267755707575,0.1829363219101075,0.04142019902633825,3623,70,0.019321004692243997
142,42,prior_encoder_integrated_gru_tuned_anchor,1,overall,3975,71,9.851500511169434,False,1.6440187784365752,0.2681117177657352,-0.5018239394561606,-0.019522007679866622,3623,65,0.017940932928512284
142,42,prior_encoder_integrated_gru_tuned_anchor,1,q90,352,44,9.851500511169434,False,7.867404934715585,0.49975305851809,-6.9779927576501395,-0.44057681951312394,0,0,
142,42,prior_encoder_integrated_gru_tuned_anchor,1,nontail,3623,69,9.851500511169434,False,1.039372924997378,0.24560612793829145,0.12738153225354992,0.021386436638462545,3623,65,0.017940932928512284
142,42,prior_encoder_integrated_gru_tuned_anchor,3,overall,3975,71,9.851500511169434,False,1.5388366617281561,0.2440661115439552,-0.4663145889647934,-0.01777831765573121,3623,65,0.017940932928512284
142,42,prior_encoder_integrated_gru_tuned_anchor,3,q90,352,44,9.851500511169434,False,7.554390744861342,0.4805940826931753,-6.303133424408899,-0.40318793779841755,0,0,
142,42,prior_encoder_integrated_gru_tuned_anchor,3,nontail,3623,69,9.851500511169434,False,0.9543831598615039,0.22108575111212372,0.1007735231181007,0.01966694491402468,3623,65,0.017940932928512284
142,42,prior_encoder_integrated_gru_tuned_anchor,5,overall,3975,71,9.851500511169434,False,1.5091512172802717,0.23781806708576297,-0.33767999362149315,0.0022944186844714347,3623,64,0.01766491857576594
142,42,prior_encoder_integrated_gru_tuned_anchor,5,q90,352,44,9.851500511169434,False,7.2371079938768155,0.4623600397875948,-5.372694389228178,-0.36157178606009277,0,0,
142,42,prior_encoder_integrated_gru_tuned_anchor,5,nontail,3623,69,9.851500511169434,False,0.9526398219278057,0.21600223093035453,0.15150716267261474,0.037646586520542806,3623,64,0.01766491857576594
142,42,selective_constant,0,overall,3975,71,9.851500511169434,False,1.7628290437115177,0.29756732718638584,-0.7000422530195263,-0.054934993839606504,3623,60,0.016560861164780567
142,42,selective_constant,0,q90,352,44,9.851500511169434,False,8.61253858401918,0.5587130297086168,-7.803415975201703,-0.502096687648197,0,0,
142,42,selective_constant,0,nontail,3623,69,9.851500511169434,False,1.0973314565770163,0.27219518054332065,-0.009899401733816524,-0.011490081827289682,3623,60,0.016560861164780567
142,42,selective_constant,1,overall,3975,71,9.851500511169434,False,1.6704842050478337,0.2814736784805773,-0.6137362327022783,-0.049379958014004195,3623,57,0.01573281810654154
142,42,selective_constant,1,q90,352,44,9.851500511169434,False,8.030891750156002,0.5220474867670963,-7.125440510239188,-0.4620319663919284,0,0,
142,42,selective_constant,1,nontail,3623,69,9.851500511169434,False,1.0525257573862068,0.2581002364389392,0.018921759484581344,-0.009287905309331447,3623,57,0.01573281810654154
142,42,selective_constant,3,overall,3975,71,9.851500511169434,False,1.5623190126593463,0.25448868540779074,-0.5538269049658981,-0.04020899889767982,3623,55,0.015180789401048854
142,42,selective_constant,3,q90,352,44,9.851500511169434,False,7.713538414321542,0.49852079081769496,-6.474875520883188,-0.4222494225354403,0,0,
142,42,selective_constant,3,nontail,3623,69,9.851500511169434,False,0.9646846683631569,0.23077924541212796,0.021444724292419715,-0.0030910775285129225,3623,55,0.015180789401048854
142,42,selective_constant,5,overall,3975,71,9.851500511169434,False,1.5216556721878025,0.24529027317083837,-0.4130907329486015,-0.0191397089572056,3623,60,0.016560861164780567
142,42,selective_constant,5,q90,352,44,9.851500511169434,False,7.353688567764649,0.4693130905989911,-5.573871558736476,-0.37167216634051153,0,0,
142,42,selective_constant,5,nontail,3623,69,9.851500511169434,False,0.9550325479142588,0.22352487661143736,0.08831551896344143,0.015111305395243668,3623,60,0.016560861164780567
142,42,selective_gru_tuned_anchor,0,overall,3975,71,9.851500511169434,False,1.7628290437115177,0.29756732718638584,-0.7000422530195263,-0.054934993839606504,3623,60,0.016560861164780567
142,42,selective_gru_tuned_anchor,0,q90,352,44,9.851500511169434,False,8.61253858401918,0.5587130297086168,-7.803415975201703,-0.502096687648197,0,0,
142,42,selective_gru_tuned_anchor,0,nontail,3623,69,9.851500511169434,False,1.0973314565770163,0.27219518054332065,-0.009899401733816524,-0.011490081827289682,3623,60,0.016560861164780567
142,42,selective_gru_tuned_anchor,1,overall,3975,71,9.851500511169434,False,1.6704842050478337,0.2814736784805773,-0.6137362327022783,-0.049379958014004195,3623,57,0.01573281810654154
142,42,selective_gru_tuned_anchor,1,q90,352,44,9.851500511169434,False,8.030891750156002,0.5220474867670963,-7.125440510239188,-0.4620319663919284,0,0,
142,42,selective_gru_tuned_anchor,1,nontail,3623,69,9.851500511169434,False,1.0525257573862068,0.2581002364389392,0.018921759484581344,-0.009287905309331447,3623,57,0.01573281810654154
142,42,selective_gru_tuned_anchor,3,overall,3975,71,9.851500511169434,False,1.5566254182801187,0.253104413682764,-0.5539515658219888,-0.03947265856005279,3623,55,0.015180789401048854
142,42,selective_gru_tuned_anchor,3,q90,352,44,9.851500511169434,False,7.685717595007605,0.4976101337478388,-6.466840885926709,-0.4220438636223964,0,0,
142,42,selective_gru_tuned_anchor,3,nontail,3623,69,9.851500511169434,False,0.9611408899312158,0.22934895868334185,0.020527330307423697,-0.0023031680323285413,3623,55,0.015180789401048854
142,42,selective_gru_tuned_anchor,5,overall,3975,71,9.851500511169434,False,1.5092513512420789,0.24230849638235874,-0.39153935794092765,-0.015264602692926796,3623,62,0.017112889870273255
142,42,selective_gru_tuned_anchor,5,q90,352,44,9.851500511169434,False,7.27927291229996,0.46844100160084134,-5.363262375438945,-0.36505211416683475,0,0,
142,42,selective_gru_tuned_anchor,5,nontail,3623,69,9.851500511169434,False,0.9486530654313216,0.22033812877625716,0.09149859462857338,0.01871972080660828,3623,62,0.017112889870273255
142,42,selective_integrated_constant,0,overall,3975,71,9.851500511169434,False,1.7628290437115177,0.29756732718638584,-0.7000422530195263,-0.054934993839606504,3623,60,0.016560861164780567
142,42,selective_integrated_constant,0,q90,352,44,9.851500511169434,False,8.61253858401918,0.5587130297086168,-7.803415975201703,-0.502096687648197,0,0,
142,42,selective_integrated_constant,0,nontail,3623,69,9.851500511169434,False,1.0973314565770163,0.27219518054332065,-0.009899401733816524,-0.011490081827289682,3623,60,0.016560861164780567
142,42,selective_integrated_constant,1,overall,3975,71,9.851500511169434,False,1.6704842050478337,0.2814736784805773,-0.6137362327022783,-0.049379958014004195,3623,57,0.01573281810654154
142,42,selective_integrated_constant,1,q90,352,44,9.851500511169434,False,8.030891750156002,0.5220474867670963,-7.125440510239188,-0.4620319663919284,0,0,
142,42,selective_integrated_constant,1,nontail,3623,69,9.851500511169434,False,1.0525257573862068,0.2581002364389392,0.018921759484581344,-0.009287905309331447,3623,57,0.01573281810654154
142,42,selective_integrated_constant,3,overall,3975,71,9.851500511169434,False,1.5623190126593463,0.25448868540779074,-0.5538269049658981,-0.04020899889767982,3623,55,0.015180789401048854
142,42,selective_integrated_constant,3,q90,352,44,9.851500511169434,False,7.713538414321542,0.49852079081769496,-6.474875520883188,-0.4222494225354403,0,0,
142,42,selective_integrated_constant,3,nontail,3623,69,9.851500511169434,False,0.9646846683631569,0.23077924541212796,0.021444724292419715,-0.0030910775285129225,3623,55,0.015180789401048854
142,42,selective_integrated_constant,5,overall,3975,71,9.851500511169434,False,1.5216556721878025,0.24529027317083837,-0.4130907329486015,-0.0191397089572056,3623,60,0.016560861164780567
142,42,selective_integrated_constant,5,q90,352,44,9.851500511169434,False,7.353688567764649,0.4693130905989911,-5.573871558736476,-0.37167216634051153,0,0,
142,42,selective_integrated_constant,5,nontail,3623,69,9.851500511169434,False,0.9550325479142588,0.22352487661143736,0.08831551896344143,0.015111305395243668,3623,60,0.016560861164780567
142,42,selective_integrated_gru_tuned_anchor,0,overall,3975,71,9.851500511169434,False,1.7628290437115177,0.29756732718638584,-0.7000422530195263,-0.054934993839606504,3623,60,0.016560861164780567
142,42,selective_integrated_gru_tuned_anchor,0,q90,352,44,9.851500511169434,False,8.61253858401918,0.5587130297086168,-7.803415975201703,-0.502096687648197,0,0,
142,42,selective_integrated_gru_tuned_anchor,0,nontail,3623,69,9.851500511169434,False,1.0973314565770163,0.27219518054332065,-0.009899401733816524,-0.011490081827289682,3623,60,0.016560861164780567
142,42,selective_integrated_gru_tuned_anchor,1,overall,3975,71,9.851500511169434,False,1.6704842050478337,0.2814736784805773,-0.6137362327022783,-0.049379958014004195,3623,57,0.01573281810654154
142,42,selective_integrated_gru_tuned_anchor,1,q90,352,44,9.851500511169434,False,8.030891750156002,0.5220474867670963,-7.125440510239188,-0.4620319663919284,0,0,
142,42,selective_integrated_gru_tuned_anchor,1,nontail,3623,69,9.851500511169434,False,1.0525257573862068,0.2581002364389392,0.018921759484581344,-0.009287905309331447,3623,57,0.01573281810654154
142,42,selective_integrated_gru_tuned_anchor,3,overall,3975,71,9.851500511169434,False,1.5566254182801187,0.253104413682764,-0.5539515658219888,-0.03947265856005279,3623,55,0.015180789401048854
142,42,selective_integrated_gru_tuned_anchor,3,q90,352,44,9.851500511169434,False,7.685717595007605,0.4976101337478388,-6.466840885926709,-0.4220438636223964,0,0,
142,42,selective_integrated_gru_tuned_anchor,3,nontail,3623,69,9.851500511169434,False,0.9611408899312158,0.22934895868334185,0.020527330307423697,-0.0023031680323285413,3623,55,0.015180789401048854
142,42,selective_integrated_gru_tuned_anchor,5,overall,3975,71,9.851500511169434,False,1.5092513512420789,0.24230849638235874,-0.39153935794092765,-0.015264602692926796,3623,62,0.017112889870273255
142,42,selective_integrated_gru_tuned_anchor,5,q90,352,44,9.851500511169434,False,7.27927291229996,0.46844100160084134,-5.363262375438945,-0.36505211416683475,0,0,
142,42,selective_integrated_gru_tuned_anchor,5,nontail,3623,69,9.851500511169434,False,0.9486530654313216,0.22033812877625716,0.09149859462857338,0.01871972080660828,3623,62,0.017112889870273255
142,42,station_constant,0,overall,3975,71,9.851500511169434,False,1.7829550064551356,0.29540698202437404,-0.5177922002503211,-0.023892309750899624,3623,72,0.019873033397736682
142,42,station_constant,0,q90,352,44,9.851500511169434,False,8.362896569668864,0.5274074795585487,-7.409376092399637,-0.46245003247424016,0,0,
142,42,station_constant,0,nontail,3623,69,9.851500511169434,False,1.1436672807440582,0.272866497582743,0.15177377547050663,0.01871666579384668,3623,72,0.019873033397736682
142,42,station_constant,1,overall,3975,71,9.851500511169434,False,1.666052348851766,0.27482623983026117,-0.4936500539703416,-0.02784106922294259,3623,67,0.01849296163400497
142,42,station_constant,1,q90,352,44,9.851500511169434,False,7.85445521896472,0.4989679909753873,-6.9118333590379,-0.4369024037067692,0,0,
142,42,station_constant,1,nontail,3623,69,9.851500511169434,False,1.0648053683715675,0.2530492880215158,0.12992171621563148,0.011902124190887656,3623,67,0.01849296163400497
142,42,station_constant,3,overall,3975,71,9.851500511169434,False,1.5560911609973425,0.24960556925370952,-0.4809886177805913,-0.02758362803982377,3623,64,0.01766491857576594
142,42,station_constant,3,q90,352,44,9.851500511169434,False,7.579572258388091,0.4830607725300197,-6.298050625355329,-0.40431562187166503,0,0,
142,42,station_constant,3,nontail,3623,69,9.851500511169434,False,0.9708674937929421,0.22692374989040257,0.0841799791463498,0.00901854193776611,3623,64,0.01766491857576594
142,42,station_constant,5,overall,3975,71,9.851500511169434,False,1.5534032982373087,0.2493580597527017,-0.44761051880047575,-0.017089514384824978,3623,65,0.017940932928512284
142,42,station_constant,5,q90,352,44,9.851500511169434,False,7.500932919975089,0.4732555819668269,-6.215087730203138,-0.39451938614949084,0,0,
142,42,station_constant,5,nontail,3623,69,9.851500511169434,False,0.9755588525150622,0.22760483650694624,0.11274056549809933,0.01958045935549034,3623,65,0.017940932928512284
142,42,station_gru_tuned_anchor,0,overall,3975,71,9.851500511169434,False,1.7829550064551356,0.29540698202437404,-0.5177922002503211,-0.023892309750899624,3623,72,0.019873033397736682
142,42,station_gru_tuned_anchor,0,q90,352,44,9.851500511169434,False,8.362896569668864,0.5274074795585487,-7.409376092399637,-0.46245003247424016,0,0,
142,42,station_gru_tuned_anchor,0,nontail,3623,69,9.851500511169434,False,1.1436672807440582,0.272866497582743,0.15177377547050663,0.01871666579384668,3623,72,0.019873033397736682
142,42,station_gru_tuned_anchor,1,overall,3975,71,9.851500511169434,False,1.666052348851766,0.27482623983026117,-0.4936500539703416,-0.02784106922294259,3623,67,0.01849296163400497
142,42,station_gru_tuned_anchor,1,q90,352,44,9.851500511169434,False,7.85445521896472,0.4989679909753873,-6.9118333590379,-0.4369024037067692,0,0,
142,42,station_gru_tuned_anchor,1,nontail,3623,69,9.851500511169434,False,1.0648053683715675,0.2530492880215158,0.12992171621563148,0.011902124190887656,3623,67,0.01849296163400497
142,42,station_gru_tuned_anchor,3,overall,3975,71,9.851500511169434,False,1.5401935245533187,0.2448506405774654,-0.48293944253810894,-0.024943269902888174,3623,65,0.017940932928512284
142,42,station_gru_tuned_anchor,3,q90,352,44,9.851500511169434,False,7.522252829287857,0.48353624748661406,-6.233861461355306,-0.4045185621344886,0,0,
142,42,station_gru_tuned_anchor,3,nontail,3623,69,9.851500511169434,False,0.9589942766188563,0.22166065061554974,0.07580318805080989,0.011935146565652623,3623,65,0.017940932928512284
142,42,station_gru_tuned_anchor,5,overall,3975,71,9.851500511169434,False,1.5501826346385812,0.2488585266409331,-0.4451922719126375,-0.01661589485810045,3623,63,0.017388904223019596
142,42,station_gru_tuned_anchor,5,q90,352,44,9.851500511169434,False,7.47931388781925,0.4725794525573223,-6.187413560191522,-0.39344617078818817,0,0,
142,42,station_gru_tuned_anchor,5,nontail,3623,69,9.851500511169434,False,0.9741257201700202,0.22712246097088928,0.11270502134548205,0.019995823918435806,3623,63,0.017388904223019596
142,42,station_integrated_constant,0,overall,3975,71,9.851500511169434,False,1.7829550064551356,0.29540698202437404,-0.5177922002503211,-0.023892309750899624,3623,72,0.019873033397736682
142,42,station_integrated_constant,0,q90,352,44,9.851500511169434,False,8.362896569668864,0.5274074795585487,-7.409376092399637,-0.46245003247424016,0,0,
142,42,station_integrated_constant,0,nontail,3623,69,9.851500511169434,False,1.1436672807440582,0.272866497582743,0.15177377547050663,0.01871666579384668,3623,72,0.019873033397736682
142,42,station_integrated_constant,1,overall,3975,71,9.851500511169434,False,1.666052348851766,0.27482623983026117,-0.4936500539703416,-0.02784106922294259,3623,67,0.01849296163400497
142,42,station_integrated_constant,1,q90,352,44,9.851500511169434,False,7.85445521896472,0.4989679909753873,-6.9118333590379,-0.4369024037067692,0,0,
142,42,station_integrated_constant,1,nontail,3623,69,9.851500511169434,False,1.0648053683715675,0.2530492880215158,0.12992171621563148,0.011902124190887656,3623,67,0.01849296163400497
142,42,station_integrated_constant,3,overall,3975,71,9.851500511169434,False,1.5560911609973425,0.24960556925370952,-0.4809886177805913,-0.02758362803982377,3623,64,0.01766491857576594
142,42,station_integrated_constant,3,q90,352,44,9.851500511169434,False,7.579572258388091,0.4830607725300197,-6.298050625355329,-0.40431562187166503,0,0,
142,42,station_integrated_constant,3,nontail,3623,69,9.851500511169434,False,0.9708674937929421,0.22692374989040257,0.0841799791463498,0.00901854193776611,3623,64,0.01766491857576594
142,42,station_integrated_constant,5,overall,3975,71,9.851500511169434,False,1.5534032982373087,0.2493580597527017,-0.44761051880047575,-0.017089514384824978,3623,65,0.017940932928512284
142,42,station_integrated_constant,5,q90,352,44,9.851500511169434,False,7.500932919975089,0.4732555819668269,-6.215087730203138,-0.39451938614949084,0,0,
142,42,station_integrated_constant,5,nontail,3623,69,9.851500511169434,False,0.9755588525150622,0.22760483650694624,0.11274056549809933,0.01958045935549034,3623,65,0.017940932928512284
142,42,station_integrated_gru_tuned_anchor,0,overall,3975,71,9.851500511169434,False,1.7829550064551356,0.29540698202437404,-0.5177922002503211,-0.023892309750899624,3623,72,0.019873033397736682
142,42,station_integrated_gru_tuned_anchor,0,q90,352,44,9.851500511169434,False,8.362896569668864,0.5274074795585487,-7.409376092399637,-0.46245003247424016,0,0,
142,42,station_integrated_gru_tuned_anchor,0,nontail,3623,69,9.851500511169434,False,1.1436672807440582,0.272866497582743,0.15177377547050663,0.01871666579384668,3623,72,0.019873033397736682
142,42,station_integrated_gru_tuned_anchor,1,overall,3975,71,9.851500511169434,False,1.666052348851766,0.27482623983026117,-0.4936500539703416,-0.02784106922294259,3623,67,0.01849296163400497
142,42,station_integrated_gru_tuned_anchor,1,q90,352,44,9.851500511169434,False,7.85445521896472,0.4989679909753873,-6.9118333590379,-0.4369024037067692,0,0,
142,42,station_integrated_gru_tuned_anchor,1,nontail,3623,69,9.851500511169434,False,1.0648053683715675,0.2530492880215158,0.12992171621563148,0.011902124190887656,3623,67,0.01849296163400497
142,42,station_integrated_gru_tuned_anchor,3,overall,3975,71,9.851500511169434,False,1.5401935245533187,0.2448506405774654,-0.48293944253810894,-0.024943269902888174,3623,65,0.017940932928512284
142,42,station_integrated_gru_tuned_anchor,3,q90,352,44,9.851500511169434,False,7.522252829287857,0.48353624748661406,-6.233861461355306,-0.4045185621344886,0,0,
142,42,station_integrated_gru_tuned_anchor,3,nontail,3623,69,9.851500511169434,False,0.9589942766188563,0.22166065061554974,0.07580318805080989,0.011935146565652623,3623,65,0.017940932928512284
142,42,station_integrated_gru_tuned_anchor,5,overall,3975,71,9.851500511169434,False,1.512866414932943,0.2391261931216304,-0.34597882639367894,-0.0018362382792653767,3623,63,0.017388904223019596
142,42,station_integrated_gru_tuned_anchor,5,q90,352,44,9.851500511169434,False,7.2394704012003475,0.46322078917876186,-5.377870467564019,-0.3624031083056468,0,0,
142,42,station_integrated_gru_tuned_anchor,5,nontail,3623,69,9.851500511169434,False,0.9564864527010559,0.21735382276222925,0.14290493228475318,0.033195375921476075,3623,63,0.017388904223019596
142,42,tail2_constant,0,overall,3975,71,9.851500511169434,False,1.7498309344537188,0.2831975592709367,-0.49881393447107486,-0.0035613654070162206,3623,70,0.019321004692243997
142,42,tail2_constant,0,q90,352,44,9.851500511169434,False,8.352289619908985,0.5252271514564999,-7.515805919894438,-0.46653922887873006,0,0,
142,42,tail2_constant,0,nontail,3623,69,9.851500511169434,False,1.1083555115223762,0.25968267755707575,0.1829363219101075,0.04142019902633825,3623,70,0.019321004692243997
142,42,tail2_constant,1,overall,3975,71,9.851500511169434,False,1.6440187784365752,0.2681117177657352,-0.5018239394561606,-0.019522007679866622,3623,65,0.017940932928512284
142,42,tail2_constant,1,q90,352,44,9.851500511169434,False,7.867404934715585,0.49975305851809,-6.9779927576501395,-0.44057681951312394,0,0,
142,42,tail2_constant,1,nontail,3623,69,9.851500511169434,False,1.039372924997378,0.24560612793829145,0.12738153225354992,0.021386436638462545,3623,65,0.017940932928512284
142,42,tail2_constant,3,overall,3975,71,9.851500511169434,False,1.5449125856629942,0.2455442094361374,-0.466721554740672,-0.01869644994189272,3623,64,0.01766491857576594
142,42,tail2_constant,3,q90,352,44,9.851500511169434,False,7.583712030103078,0.48153474136336655,-6.311736460949709,-0.40340930927497215,0,0,
142,42,tail2_constant,3,nontail,3623,69,9.851500511169434,False,0.9582006330152136,0.22261606501483333,0.10116286341709262,0.018681117401536475,3623,64,0.01766491857576594
142,42,tail2_constant,5,overall,3975,71,9.851500511169434,False,1.5443702681138154,0.24555455879069693,-0.43242430526218334,-0.0068369243514887195,3623,65,0.017940932928512284
142,42,tail2_constant,5,q90,352,44,9.851500511169434,False,7.4967113134604375,0.4715741122911421,-6.248343799240934,-0.39495228547549127,0,0,
142,42,tail2_constant,5,nontail,3623,69,9.851500511169434,False,0.9660583586570087,0.2235951652405571,0.13263328841171138,0.030871220035938524,3623,65,0.017940932928512284
142,42,tail2_gru_tuned_anchor,0,overall,3975,71,9.851500511169434,False,1.7498309344537188,0.2831975592709367,-0.49881393447107486,-0.0035613654070162206,3623,70,0.019321004692243997
142,42,tail2_gru_tuned_anchor,0,q90,352,44,9.851500511169434,False,8.352289619908985,0.5252271514564999,-7.515805919894438,-0.46653922887873006,0,0,
142,42,tail2_gru_tuned_anchor,0,nontail,3623,69,9.851500511169434,False,1.1083555115223762,0.25968267755707575,0.1829363219101075,0.04142019902633825,3623,70,0.019321004692243997
142,42,tail2_gru_tuned_anchor,1,overall,3975,71,9.851500511169434,False,1.6440187784365752,0.2681117177657352,-0.5018239394561606,-0.019522007679866622,3623,65,0.017940932928512284
142,42,tail2_gru_tuned_anchor,1,q90,352,44,9.851500511169434,False,7.867404934715585,0.49975305851809,-6.9779927576501395,-0.44057681951312394,0,0,
142,42,tail2_gru_tuned_anchor,1,nontail,3623,69,9.851500511169434,False,1.039372924997378,0.24560612793829145,0.12738153225354992,0.021386436638462545,3623,65,0.017940932928512284
142,42,tail2_gru_tuned_anchor,3,overall,3975,71,9.851500511169434,False,1.5388366617281561,0.2440661115439552,-0.4663145889647934,-0.01777831765573121,3623,65,0.017940932928512284
142,42,tail2_gru_tuned_anchor,3,q90,352,44,9.851500511169434,False,7.554390744861342,0.4805940826931753,-6.303133424408899,-0.40318793779841755,0,0,
142,42,tail2_gru_tuned_anchor,3,nontail,3623,69,9.851500511169434,False,0.9543831598615039,0.22108575111212372,0.1007735231181007,0.01966694491402468,3623,65,0.017940932928512284
142,42,tail2_gru_tuned_anchor,5,overall,3975,71,9.851500511169434,False,1.5407871272402855,0.24489737774649267,-0.42952600396833424,-0.006182316466705129,3623,65,0.017940932928512284
142,42,tail2_gru_tuned_anchor,5,q90,352,44,9.851500511169434,False,7.473904741485711,0.4708929629731891,-6.218816892228802,-0.3938471913465255,0,0,
142,42,tail2_gru_tuned_anchor,5,nontail,3623,69,9.851500511169434,False,0.9643429096818011,0.22294031288317578,0.13294443287066246,0.031482060005195725,3623,65,0.017940932928512284
142,42,tail2_integrated_constant,0,overall,3975,71,9.851500511169434,False,1.7498309344537188,0.2831975592709367,-0.49881393447107486,-0.0035613654070162206,3623,70,0.019321004692243997
142,42,tail2_integrated_constant,0,q90,352,44,9.851500511169434,False,8.352289619908985,0.5252271514564999,-7.515805919894438,-0.46653922887873006,0,0,
142,42,tail2_integrated_constant,0,nontail,3623,69,9.851500511169434,False,1.1083555115223762,0.25968267755707575,0.1829363219101075,0.04142019902633825,3623,70,0.019321004692243997
142,42,tail2_integrated_constant,1,overall,3975,71,9.851500511169434,False,1.6440187784365752,0.2681117177657352,-0.5018239394561606,-0.019522007679866622,3623,65,0.017940932928512284
142,42,tail2_integrated_constant,1,q90,352,44,9.851500511169434,False,7.867404934715585,0.49975305851809,-6.9779927576501395,-0.44057681951312394,0,0,
142,42,tail2_integrated_constant,1,nontail,3623,69,9.851500511169434,False,1.039372924997378,0.24560612793829145,0.12738153225354992,0.021386436638462545,3623,65,0.017940932928512284
142,42,tail2_integrated_constant,3,overall,3975,71,9.851500511169434,False,1.5449125856629942,0.2455442094361374,-0.466721554740672,-0.01869644994189272,3623,64,0.01766491857576594
142,42,tail2_integrated_constant,3,q90,352,44,9.851500511169434,False,7.583712030103078,0.48153474136336655,-6.311736460949709,-0.40340930927497215,0,0,
142,42,tail2_integrated_constant,3,nontail,3623,69,9.851500511169434,False,0.9582006330152136,0.22261606501483333,0.10116286341709262,0.018681117401536475,3623,64,0.01766491857576594
142,42,tail2_integrated_constant,5,overall,3975,71,9.851500511169434,False,1.5211446142118492,0.24081344505100638,-0.3593907413483208,-0.0013386432995802584,3623,62,0.017112889870273255
142,42,tail2_integrated_constant,5,q90,352,44,9.851500511169434,False,7.310919206431962,0.4630887019916525,-5.583710589089433,-0.36808517324759593,0,0,
142,42,tail2_integrated_constant,5,nontail,3623,69,9.851500511169434,False,0.958627182122012,0.21921783631705455,0.14818877463425492,0.034293368442539954,3623,62,0.017112889870273255
142,42,tail2_integrated_gru_tuned_anchor,0,overall,3975,71,9.851500511169434,False,1.7498309344537188,0.2831975592709367,-0.49881393447107486,-0.0035613654070162206,3623,70,0.019321004692243997
142,42,tail2_integrated_gru_tuned_anchor,0,q90,352,44,9.851500511169434,False,8.352289619908985,0.5252271514564999,-7.515805919894438,-0.46653922887873006,0,0,
142,42,tail2_integrated_gru_tuned_anchor,0,nontail,3623,69,9.851500511169434,False,1.1083555115223762,0.25968267755707575,0.1829363219101075,0.04142019902633825,3623,70,0.019321004692243997
142,42,tail2_integrated_gru_tuned_anchor,1,overall,3975,71,9.851500511169434,False,1.6440187784365752,0.2681117177657352,-0.5018239394561606,-0.019522007679866622,3623,65,0.017940932928512284
142,42,tail2_integrated_gru_tuned_anchor,1,q90,352,44,9.851500511169434,False,7.867404934715585,0.49975305851809,-6.9779927576501395,-0.44057681951312394,0,0,
142,42,tail2_integrated_gru_tuned_anchor,1,nontail,3623,69,9.851500511169434,False,1.039372924997378,0.24560612793829145,0.12738153225354992,0.021386436638462545,3623,65,0.017940932928512284
142,42,tail2_integrated_gru_tuned_anchor,3,overall,3975,71,9.851500511169434,False,1.5388366617281561,0.2440661115439552,-0.4663145889647934,-0.01777831765573121,3623,65,0.017940932928512284
142,42,tail2_integrated_gru_tuned_anchor,3,q90,352,44,9.851500511169434,False,7.554390744861342,0.4805940826931753,-6.303133424408899,-0.40318793779841755,0,0,
142,42,tail2_integrated_gru_tuned_anchor,3,nontail,3623,69,9.851500511169434,False,0.9543831598615039,0.22108575111212372,0.1007735231181007,0.01966694491402468,3623,65,0.017940932928512284
142,42,tail2_integrated_gru_tuned_anchor,5,overall,3975,71,9.851500511169434,False,1.5091512172802717,0.23781806708576297,-0.33767999362149315,0.0022944186844714347,3623,64,0.01766491857576594
142,42,tail2_integrated_gru_tuned_anchor,5,q90,352,44,9.851500511169434,False,7.2371079938768155,0.4623600397875948,-5.372694389228178,-0.36157178606009277,0,0,
142,42,tail2_integrated_gru_tuned_anchor,5,nontail,3623,69,9.851500511169434,False,0.9526398219278057,0.21600223093035453,0.15150716267261474,0.037646586520542806,3623,64,0.01766491857576594
142,43,context_constant,0,overall,3975,71,9.851500511169434,False,1.9866003246983654,0.32018857645851173,-0.25878829281734095,0.10081578144431597,3623,52,0.014352746342809827
142,43,context_constant,0,q90,352,44,9.851500511169434,False,9.117664251195029,0.5807206860583679,-8.702477664804725,-0.5502440249589235,0,0,
142,43,context_constant,0,nontail,3623,69,9.851500511169434,False,1.2937671747875663,0.2948760446950148,0.5615756759763546,0.16407083301868533,3623,52,0.014352746342809827
142,43,context_constant,1,overall,3975,71,9.851500511169434,False,1.8710641956711864,0.2960381316809664,-0.2038424672700087,0.08594220170425577,3623,51,0.014076731990063483
142,43,context_constant,1,q90,352,44,9.851500511169434,False,8.36337138503881,0.531774427649988,-7.782022641942237,-0.49175622392736573,0,0,
142,43,context_constant,1,nontail,3623,69,9.851500511169434,False,1.2402907673914723,0.2731346880759166,0.5324311792893686,0.142069677779975,3623,51,0.014076731990063483
142,43,context_constant,3,overall,3975,71,9.851500511169434,False,1.584138179066211,0.2495389598531066,-0.32759862152166946,0.020291957852992207,3623,56,0.015456803753795198
142,43,context_constant,3,q90,352,44,9.851500511169434,False,7.599768389987019,0.4954866635401267,-6.039731583317296,-0.40847576074150704,0,0,
142,43,context_constant,3,nontail,3623,69,9.851500511169434,False,0.9996772808481256,0.2256434059757036,0.22737537863070728,0.06194976545588036,3623,56,0.015456803753795198
142,43,context_constant,5,overall,3975,71,9.851500511169434,False,1.5767642981105223,0.24830457838827033,-0.3084171918777904,0.027978178667293723,3623,60,0.016560861164780567
142,43,context_constant,5,q90,352,44,9.851500511169434,False,7.4757563846506745,0.4810936171249795,-5.997482956312123,-0.3988157986913098,0,0,
142,43,context_constant,5,nontail,3623,69,9.851500511169434,False,1.0036356162275157,0.22568748160788898,0.24431566737721505,0.06944422338996235,3623,60,0.016560861164780567
142,43,context_gru_tuned_anchor,0,overall,3975,71,9.851500511169434,False,1.9866003246983654,0.32018857645851173,-0.25878829281734095,0.10081578144431597,3623,52,0.014352746342809827
142,43,context_gru_tuned_anchor,0,q90,352,44,9.851500511169434,False,9.117664251195029,0.5807206860583679,-8.702477664804725,-0.5502440249589235,0,0,
142,43,context_gru_tuned_anchor,0,nontail,3623,69,9.851500511169434,False,1.2937671747875663,0.2948760446950148,0.5615756759763546,0.16407083301868533,3623,52,0.014352746342809827
142,43,context_gru_tuned_anchor,1,overall,3975,71,9.851500511169434,False,1.8710641956711864,0.2960381316809664,-0.2038424672700087,0.08594220170425577,3623,51,0.014076731990063483
142,43,context_gru_tuned_anchor,1,q90,352,44,9.851500511169434,False,8.36337138503881,0.531774427649988,-7.782022641942237,-0.49175622392736573,0,0,
142,43,context_gru_tuned_anchor,1,nontail,3623,69,9.851500511169434,False,1.2402907673914723,0.2731346880759166,0.5324311792893686,0.142069677779975,3623,51,0.014076731990063483
142,43,context_gru_tuned_anchor,3,overall,3975,71,9.851500511169434,False,1.581236790390463,0.24900089811198503,-0.3317850483162271,0.019709318666374907,3623,56,0.015456803753795198
142,43,context_gru_tuned_anchor,3,q90,352,44,9.851500511169434,False,7.595986506651863,0.49547569998540913,-6.047574022019757,-0.4089376434787106,0,0,
142,43,context_gru_tuned_anchor,3,nontail,3623,69,9.851500511169434,False,0.9968614384379341,0.22505413292858858,0.22354415917580775,0.0613553939286079,3623,56,0.015456803753795198
142,43,context_gru_tuned_anchor,5,overall,3975,71,9.851500511169434,False,1.5756961141541557,0.24808460814119274,-0.3098272378071568,0.027791536784975403,3623,60,0.016560861164780567
142,43,context_gru_tuned_anchor,5,q90,352,44,9.851500511169434,False,7.475964906206744,0.481334634706535,-5.996700606417632,-0.3990303321185632,0,0,
142,43,context_gru_tuned_anchor,5,nontail,3623,69,9.851500511169434,False,1.0024433913270758,0.2254227231422967,0.24269261473242001,0.0692602913679303,3623,60,0.016560861164780567
142,43,mae_constant,0,overall,3975,71,9.851500511169434,False,1.8373958247896207,0.3302858305291598,-0.7099010464911087,-0.09106011679077004,3623,52,0.014352746342809827
142,43,mae_constant,0,q90,352,44,9.851500511169434,False,8.738266143737883,0.57216715293793,-7.8523753054775876,-0.511465136259464,0,0,
142,43,mae_constant,0,nontail,3623,69,9.851500511169434,False,1.1669276072158452,0.3067853542697374,-0.01595930231135692,-0.05021480438310228,3623,52,0.014352746342809827
142,43,mae_constant,1,overall,3975,71,9.851500511169434,False,1.7598236780393017,0.3183350481600628,-0.6307728988716506,-0.07946601603447617,3623,49,0.013524703284570798
142,43,mae_constant,1,q90,352,44,9.851500511169434,False,8.205366608561764,0.5372418727089724,-7.1981771530761,-0.4715884489674993,0,0,
142,43,mae_constant,1,nontail,3623,69,9.851500511169434,False,1.1335937272957446,0.2970667063877149,0.007296738853981746,-0.04136855636226415,3623,49,0.013524703284570798
142,43,mae_constant,3,overall,3975,71,9.851500511169434,False,1.6236061326047386,0.2819208032347144,-0.5619597651497693,-0.05527738543591189,3623,50,0.01380071763731714
142,43,mae_constant,3,q90,352,44,9.851500511169434,False,7.818694931345892,0.5075283907783383,-6.500741446903192,-0.4273206052407387,0,0,
142,43,mae_constant,3,nontail,3623,69,9.851500511169434,False,1.0217095670080272,0.2600014350825324,0.015034756511065676,-0.01913076292106257,3623,50,0.01380071763731714
142,43,mae_constant,5,overall,3975,71,9.851500511169434,False,1.569565010938212,0.2647339493648505,-0.41110445382795113,-0.02467620008659227,3623,59,0.016284846812034227
142,43,mae_constant,5,q90,352,44,9.851500511169434,False,7.385793092265789,0.4722718029427649,-5.543125757912105,-0.37144524294932585,0,0,
142,43,mae_constant,5,nontail,3623,69,9.851500511169434,False,1.0044774358271695,0.2445701832982135,0.08750760773363385,0.00901485790062336,3623,59,0.016284846812034227
142,43,mae_gru_tuned_anchor,0,overall,3975,71,9.851500511169434,False,1.8373958247896207,0.3302858305291598,-0.7099010464911087,-0.09106011679077004,3623,52,0.014352746342809827
142,43,mae_gru_tuned_anchor,0,q90,352,44,9.851500511169434,False,8.738266143737883,0.57216715293793,-7.8523753054775876,-0.511465136259464,0,0,
142,43,mae_gru_tuned_anchor,0,nontail,3623,69,9.851500511169434,False,1.1669276072158452,0.3067853542697374,-0.01595930231135692,-0.05021480438310228,3623,52,0.014352746342809827
142,43,mae_gru_tuned_anchor,1,overall,3975,71,9.851500511169434,False,1.7598236780393017,0.3183350481600628,-0.6307728988716506,-0.07946601603447617,3623,49,0.013524703284570798
142,43,mae_gru_tuned_anchor,1,q90,352,44,9.851500511169434,False,8.205366608561764,0.5372418727089724,-7.1981771530761,-0.4715884489674993,0,0,
142,43,mae_gru_tuned_anchor,1,nontail,3623,69,9.851500511169434,False,1.1335937272957446,0.2970667063877149,0.007296738853981746,-0.04136855636226415,3623,49,0.013524703284570798
142,43,mae_gru_tuned_anchor,3,overall,3975,71,9.851500511169434,False,1.6206892915507936,0.2810327546172957,-0.5652637725087938,-0.05546347884785745,3623,50,0.01380071763731714
142,43,mae_gru_tuned_anchor,3,q90,352,44,9.851500511169434,False,7.81309173937351,0.5074433693089948,-6.508811683819266,-0.4277644437150968,0,0,
142,43,mae_gru_tuned_anchor,3,nontail,3623,69,9.851500511169434,False,1.0190537238904025,0.2590353667145968,0.012193821965753873,-0.01929181458253361,3623,50,0.01380071763731714
142,43,mae_gru_tuned_anchor,5,overall,3975,71,9.851500511169434,False,1.5606665109852167,0.2622758142417636,-0.41756009930647925,-0.02446489789956613,3623,58,0.016008832459287883
142,43,mae_gru_tuned_anchor,5,q90,352,44,9.851500511169434,False,7.373236069549651,0.47352236618569793,-5.522751334534984,-0.37234008876010255,0,0,
142,43,mae_gru_tuned_anchor,5,nontail,3623,69,9.851500511169434,False,0.9959343871611263,0.2417517219745086,0.07844523185566084,0.00933363016637614,3623,58,0.016008832459287883
142,43,mae_integrated_constant,0,overall,3975,71,9.851500511169434,False,1.82446628031642,0.30846841232724187,-0.6855399687398844,-0.06432881324643883,3623,52,0.014352746342809827
142,43,mae_integrated_constant,0,q90,352,44,9.851500511169434,False,8.790057242548215,0.5739845232485222,-8.01802991416031,-0.5202939234708143,0,0,
142,43,mae_integrated_constant,0,nontail,3623,69,9.851500511169434,False,1.147709995826883,0.28267164968736036,0.02686313939922424,-0.020028587246168288,3623,52,0.014352746342809827
142,43,mae_integrated_constant,1,overall,3975,71,9.851500511169434,False,1.7515890525229811,0.30242381280356023,-0.5934340763513042,-0.05617692584815156,3623,50,0.01380071763731714
142,43,mae_integrated_constant,1,q90,352,44,9.851500511169434,False,8.201423656359525,0.5353922720531337,-7.302128225172864,-0.4760556905626258,0,0,
142,43,mae_integrated_constant,1,nontail,3623,69,9.851500511169434,False,1.1249421354513653,0.27978928405505077,0.05836287103627218,-0.0153827428010925,3623,50,0.01380071763731714
142,43,mae_integrated_constant,3,overall,3975,71,9.851500511169434,False,1.6073254844377949,0.26839556346415916,-0.5493275755810366,-0.04098721396769059,3623,50,0.01380071763731714
142,43,mae_integrated_constant,3,q90,352,44,9.851500511169434,False,7.824734288724364,0.5078212946691028,-6.614035660703686,-0.43352508338810547,0,0,
142,43,mae_integrated_constant,3,nontail,3623,69,9.851500511169434,False,1.003260372897946,0.24513366520742713,0.039901584221108774,-0.0028493917110010967,3623,50,0.01380071763731714
142,43,mae_integrated_constant,5,overall,3975,71,9.851500511169434,False,1.5566957657725113,0.2558461857561985,-0.407470638393031,-0.01737266498509426,3623,58,0.016008832459287883
142,43,mae_integrated_constant,5,q90,352,44,9.851500511169434,False,7.393366614581336,0.4738954313867989,-5.634430584317806,-0.3773772471270881,0,0,
142,43,mae_integrated_constant,5,nontail,3623,69,9.851500511169434,False,0.9896220316348612,0.23466116382355387,0.10036538174650007,0.01760431898233103,3623,58,0.016008832459287883
142,43,mae_integrated_gru_tuned_anchor,0,overall,3975,71,9.851500511169434,False,1.82446628031642,0.30846841232724187,-0.6855399687398844,-0.06432881324643883,3623,52,0.014352746342809827
142,43,mae_integrated_gru_tuned_anchor,0,q90,352,44,9.851500511169434,False,8.790057242548215,0.5739845232485222,-8.01802991416031,-0.5202939234708143,0,0,
142,43,mae_integrated_gru_tuned_anchor,0,nontail,3623,69,9.851500511169434,False,1.147709995826883,0.28267164968736036,0.02686313939922424,-0.020028587246168288,3623,52,0.014352746342809827
142,43,mae_integrated_gru_tuned_anchor,1,overall,3975,71,9.851500511169434,False,1.7515890525229811,0.30242381280356023,-0.5934340763513042,-0.05617692584815156,3623,50,0.01380071763731714
142,43,mae_integrated_gru_tuned_anchor,1,q90,352,44,9.851500511169434,False,8.201423656359525,0.5353922720531337,-7.302128225172864,-0.4760556905626258,0,0,
142,43,mae_integrated_gru_tuned_anchor,1,nontail,3623,69,9.851500511169434,False,1.1249421354513653,0.27978928405505077,0.05836287103627218,-0.0153827428010925,3623,50,0.01380071763731714
142,43,mae_integrated_gru_tuned_anchor,3,overall,3975,71,9.851500511169434,False,1.6044543026799176,0.2675844081659367,-0.5526803331001624,-0.041251094956637376,3623,50,0.01380071763731714
142,43,mae_integrated_gru_tuned_anchor,3,q90,352,44,9.851500511169434,False,7.819648511120118,0.5077771450680125,-6.621474880828523,-0.43397119687904734,0,0,
142,43,mae_integrated_gru_tuned_anchor,3,nontail,3623,69,9.851500511169434,False,1.0006043547442427,0.24424798989667626,0.036945855362543134,-0.0030955675272450653,3623,50,0.01380071763731714
142,43,mae_integrated_gru_tuned_anchor,5,overall,3975,71,9.851500511169434,False,1.5491032138916097,0.25376498762494093,-0.4137699460320997,-0.017470316976666855,3623,57,0.01573281810654154
142,43,mae_integrated_gru_tuned_anchor,5,q90,352,44,9.851500511169434,False,7.38395879402103,0.47522565672757366,-5.614456557456149,-0.3782805661564806,0,0,
142,43,mae_integrated_gru_tuned_anchor,5,nontail,3623,69,9.851500511169434,False,0.982205845907741,0.23224852184406136,0.09151343437675083,0.01758494322518091,3623,57,0.01573281810654154
142,43,prior_ecological_affine_constant,0,overall,3975,71,9.851500511169434,False,1.8316238253206134,0.3037322949377064,-0.614935917189218,-0.04924645687566386,3623,56,0.015456803753795198
142,43,prior_ecological_affine_constant,0,q90,352,44,9.851500511169434,False,8.7458181506367,0.564304662234171,-8.03813295806038,-0.5141298351071565,0,0,
142,43,prior_ecological_affine_constant,0,nontail,3623,69,9.851500511169434,False,1.15986108656509,0.27841585185508,0.10628002495448868,-0.004079758245389128,3623,56,0.015456803753795198
142,43,prior_ecological_affine_constant,1,overall,3975,71,9.851500511169434,False,1.760845828051684,0.30266539073006327,-0.5571699187803762,-0.05195227770945224,3623,57,0.01573281810654154
142,43,prior_ecological_affine_constant,1,q90,352,44,9.851500511169434,False,8.175501856147088,0.5300074007403924,-7.351661973734712,-0.47482745670556364,0,0,
142,43,prior_ecological_affine_constant,1,nontail,3623,69,9.851500511169434,False,1.1376167576985008,0.2805775112038044,0.10296290024913678,-0.010866971883719084,3623,57,0.01573281810654154
142,43,prior_ecological_affine_constant,3,overall,3975,71,9.851500511169434,False,1.6038502028255812,0.2660727290171174,-0.5178659919459424,-0.03816092461656609,3623,53,0.01462876069555617
142,43,prior_ecological_affine_constant,3,q90,352,44,9.851500511169434,False,7.792008612190219,0.5022840071609509,-6.6347569513633395,-0.43077169458029235,0,0,
142,43,prior_ecological_affine_constant,3,nontail,3623,69,9.851500511169434,False,1.0026269734310596,0.24312313754413112,0.0764331020962668,-1.6019557987112753e-05,3623,53,0.01462876069555617
142,43,prior_ecological_affine_constant,5,overall,3975,71,9.851500511169434,False,1.5446031305272583,0.24792434596905055,-0.3952939240630028,-0.01204067217227584,3623,61,0.01683687551752691
142,43,prior_ecological_affine_constant,5,q90,352,44,9.851500511169434,False,7.400640114188284,0.4745769548234198,-5.74349234897418,-0.38362263464393087,0,0,
142,43,prior_ecological_affine_constant,5,nontail,3623,69,9.851500511169434,False,0.9756478398155056,0.22590344662686504,0.12432126930402286,0.024061135939792214,3623,61,0.01683687551752691
142,43,prior_ecological_affine_gru_tuned_anchor,0,overall,3975,71,9.851500511169434,False,1.8316238253206134,0.3037322949377064,-0.614935917189218,-0.04924645687566386,3623,56,0.015456803753795198
142,43,prior_ecological_affine_gru_tuned_anchor,0,q90,352,44,9.851500511169434,False,8.7458181506367,0.564304662234171,-8.03813295806038,-0.5141298351071565,0,0,
142,43,prior_ecological_affine_gru_tuned_anchor,0,nontail,3623,69,9.851500511169434,False,1.15986108656509,0.27841585185508,0.10628002495448868,-0.004079758245389128,3623,56,0.015456803753795198
142,43,prior_ecological_affine_gru_tuned_anchor,1,overall,3975,71,9.851500511169434,False,1.760845828051684,0.30266539073006327,-0.5571699187803762,-0.05195227770945224,3623,57,0.01573281810654154
142,43,prior_ecological_affine_gru_tuned_anchor,1,q90,352,44,9.851500511169434,False,8.175501856147088,0.5300074007403924,-7.351661973734712,-0.47482745670556364,0,0,
142,43,prior_ecological_affine_gru_tuned_anchor,1,nontail,3623,69,9.851500511169434,False,1.1376167576985008,0.2805775112038044,0.10296290024913678,-0.010866971883719084,3623,57,0.01573281810654154
142,43,prior_ecological_affine_gru_tuned_anchor,3,overall,3975,71,9.851500511169434,False,1.6007882480529303,0.26502898520058416,-0.520554616041907,-0.03807502629248357,3623,53,0.01462876069555617
142,43,prior_ecological_affine_gru_tuned_anchor,3,q90,352,44,9.851500511169434,False,7.787184269358869,0.50223372827637,-6.641844468864854,-0.43119457283830687,0,0,
142,43,prior_ecological_affine_gru_tuned_anchor,3,nontail,3623,69,9.851500511169434,False,0.9997362470869654,0.2419828716033784,0.07417186151638094,0.00011930999902340958,3623,53,0.01462876069555617
142,43,prior_ecological_affine_gru_tuned_anchor,5,overall,3975,71,9.851500511169434,False,1.5382782513888642,0.24819253399402358,-0.3984504438938898,-0.01707653192826071,3623,57,0.01573281810654154
142,43,prior_ecological_affine_gru_tuned_anchor,5,q90,352,44,9.851500511169434,False,7.370465206174523,0.47245585859993144,-5.635657206301334,-0.37769684204962795,0,0,
142,43,prior_ecological_affine_gru_tuned_anchor,5,nontail,3623,69,9.851500511169434,False,0.9716401591767326,0.22640377046620697,0.1103811267291907,0.017960274354577064,3623,57,0.01573281810654154
142,43,prior_encoder_constant,0,overall,3975,71,9.851500511169434,False,1.806871113636596,0.2959927914293754,-0.5128165245059625,-0.029296936705227983,3623,73,0.020149047750483026
142,43,prior_encoder_constant,0,q90,352,44,9.851500511169434,False,8.581219799690427,0.55825974943813,-7.090758701954655,-0.4595858430650086,0,0,
142,43,prior_encoder_constant,0,nontail,3623,69,9.851500511169434,False,1.1486953649501626,0.2705117069085138,0.12627694677803972,0.01250866501672696,3623,73,0.020149047750483026
142,43,prior_encoder_constant,1,overall,3975,71,9.851500511169434,False,1.7016070036374675,0.277509124712682,-0.4685655604360736,-0.02233311916954435,3623,59,0.016284846812034227
142,43,prior_encoder_constant,1,q90,352,44,9.851500511169434,False,8.077109889328637,0.5239603138280893,-6.677269211508164,-0.4333056738153552,0,0,
142,43,prior_encoder_constant,1,nontail,3623,69,9.851500511169434,False,1.0821819371833437,0.25356465367524805,0.13465378407879683,0.017595762761265867,3623,59,0.016284846812034227
142,43,prior_encoder_constant,3,overall,3975,71,9.851500511169434,False,1.5792685805182343,0.2519004457445091,-0.4509291711824199,-0.020238946190371636,3623,60,0.016560861164780567
142,43,prior_encoder_constant,3,q90,352,44,9.851500511169434,False,7.719220959978938,0.4991794464981062,-6.1207076050720195,-0.4014191056006421,0,0,
142,43,prior_encoder_constant,3,nontail,3623,69,9.851500511169434,False,0.982728906885839,0.2278755469685593,0.0999297878926945,0.016795394442367856,3623,60,0.016560861164780567
142,43,prior_encoder_constant,5,overall,3975,71,9.851500511169434,False,1.5336277214932064,0.24336341473570303,-0.3508914358156817,-0.007347157145518414,3623,61,0.01683687551752691
142,43,prior_encoder_constant,5,q90,352,44,9.851500511169434,False,7.342533928826322,0.46914910261458526,-5.32514559195371,-0.3585880198996756,0,0,
142,43,prior_encoder_constant,5,nontail,3623,69,9.851500511169434,False,0.9692515180758017,0.2214267428799574,0.13239243472270795,0.026778369680168397,3623,61,0.01683687551752691
142,43,prior_encoder_gru_tuned_anchor,0,overall,3975,71,9.851500511169434,False,1.806871113636596,0.2959927914293754,-0.5128165245059625,-0.029296936705227983,3623,73,0.020149047750483026
142,43,prior_encoder_gru_tuned_anchor,0,q90,352,44,9.851500511169434,False,8.581219799690427,0.55825974943813,-7.090758701954655,-0.4595858430650086,0,0,
142,43,prior_encoder_gru_tuned_anchor,0,nontail,3623,69,9.851500511169434,False,1.1486953649501626,0.2705117069085138,0.12627694677803972,0.01250866501672696,3623,73,0.020149047750483026
142,43,prior_encoder_gru_tuned_anchor,1,overall,3975,71,9.851500511169434,False,1.7016070036374675,0.277509124712682,-0.4685655604360736,-0.02233311916954435,3623,59,0.016284846812034227
142,43,prior_encoder_gru_tuned_anchor,1,q90,352,44,9.851500511169434,False,8.077109889328637,0.5239603138280893,-6.677269211508164,-0.4333056738153552,0,0,
142,43,prior_encoder_gru_tuned_anchor,1,nontail,3623,69,9.851500511169434,False,1.0821819371833437,0.25356465367524805,0.13465378407879683,0.017595762761265867,3623,59,0.016284846812034227
142,43,prior_encoder_gru_tuned_anchor,3,overall,3975,71,9.851500511169434,False,1.5670631598527234,0.24870864472000415,-0.4739196808908578,-0.022691988643263696,3623,62,0.017112889870273255
142,43,prior_encoder_gru_tuned_anchor,3,q90,352,44,9.851500511169434,False,7.6875233061344685,0.4990738749751386,-6.161866578248237,-0.40441350289249944,0,0,
142,43,prior_encoder_gru_tuned_anchor,3,nontail,3623,69,9.851500511169434,False,0.972417294136142,0.22438389698337502,0.07870447253718454,0.014394948429805847,3623,62,0.017112889870273255
142,43,prior_encoder_gru_tuned_anchor,5,overall,3975,71,9.851500511169434,False,1.526984845089114,0.24173161706574225,-0.35890460280835357,-0.007821847665094767,3623,62,0.017112889870273255
142,43,prior_encoder_gru_tuned_anchor,5,q90,352,44,9.851500511169434,False,7.333637307780743,0.470946847924218,-5.307151655498971,-0.3599659286582524,0,0,
142,43,prior_encoder_gru_tuned_anchor,5,nontail,3623,69,9.851500511169434,False,0.9628276088574129,0.21946174092382023,0.12185249422369096,0.02639143318215654,3623,62,0.017112889870273255
142,43,prior_encoder_integrated_constant,0,overall,3975,71,9.851500511169434,False,1.806871113636596,0.2959927914293754,-0.5128165245059625,-0.029296936705227983,3623,73,0.020149047750483026
142,43,prior_encoder_integrated_constant,0,q90,352,44,9.851500511169434,False,8.581219799690427,0.55825974943813,-7.090758701954655,-0.4595858430650086,0,0,
142,43,prior_encoder_integrated_constant,0,nontail,3623,69,9.851500511169434,False,1.1486953649501626,0.2705117069085138,0.12627694677803972,0.01250866501672696,3623,73,0.020149047750483026
142,43,prior_encoder_integrated_constant,1,overall,3975,71,9.851500511169434,False,1.7016070036374675,0.277509124712682,-0.4685655604360736,-0.02233311916954435,3623,59,0.016284846812034227
142,43,prior_encoder_integrated_constant,1,q90,352,44,9.851500511169434,False,8.077109889328637,0.5239603138280893,-6.677269211508164,-0.4333056738153552,0,0,
142,43,prior_encoder_integrated_constant,1,nontail,3623,69,9.851500511169434,False,1.0821819371833437,0.25356465367524805,0.13465378407879683,0.017595762761265867,3623,59,0.016284846812034227
142,43,prior_encoder_integrated_constant,3,overall,3975,71,9.851500511169434,False,1.5753074078198592,0.2485722049111086,-0.4658419109592944,-0.016109005470360833,3623,58,0.016008832459287883
142,43,prior_encoder_integrated_constant,3,q90,352,44,9.851500511169434,False,7.738363117579726,0.500847959666559,-6.325902948779781,-0.4136851510161302,0,0,
142,43,prior_encoder_integrated_constant,3,nontail,3623,69,9.851500511169434,False,0.9765230827203635,0.22406183624593648,0.10350434499235095,0.022518320842670043,3623,58,0.016008832459287883
142,43,prior_encoder_integrated_constant,5,overall,3975,71,9.851500511169434,False,1.5369324737651613,0.24254180947761803,-0.37277257047124934,-0.0036236102451984633,3623,61,0.01683687551752691
142,43,prior_encoder_integrated_constant,5,q90,352,44,9.851500511169434,False,7.379417650375319,0.47426854438664584,-5.611219753686497,-0.37682056896197014,0,0,
142,43,prior_encoder_integrated_constant,5,nontail,3623,69,9.851500511169434,False,0.9692938366780027,0.22002792300563956,0.13617951578096352,0.03263510614130543,3623,61,0.01683687551752691
142,43,prior_encoder_integrated_gru_tuned_anchor,0,overall,3975,71,9.851500511169434,False,1.806871113636596,0.2959927914293754,-0.5128165245059625,-0.029296936705227983,3623,73,0.020149047750483026
142,43,prior_encoder_integrated_gru_tuned_anchor,0,q90,352,44,9.851500511169434,False,8.581219799690427,0.55825974943813,-7.090758701954655,-0.4595858430650086,0,0,
142,43,prior_encoder_integrated_gru_tuned_anchor,0,nontail,3623,69,9.851500511169434,False,1.1486953649501626,0.2705117069085138,0.12627694677803972,0.01250866501672696,3623,73,0.020149047750483026
142,43,prior_encoder_integrated_gru_tuned_anchor,1,overall,3975,71,9.851500511169434,False,1.7016070036374675,0.277509124712682,-0.4685655604360736,-0.02233311916954435,3623,59,0.016284846812034227
142,43,prior_encoder_integrated_gru_tuned_anchor,1,q90,352,44,9.851500511169434,False,8.077109889328637,0.5239603138280893,-6.677269211508164,-0.4333056738153552,0,0,
142,43,prior_encoder_integrated_gru_tuned_anchor,1,nontail,3623,69,9.851500511169434,False,1.0821819371833437,0.25356465367524805,0.13465378407879683,0.017595762761265867,3623,59,0.016284846812034227
142,43,prior_encoder_integrated_gru_tuned_anchor,3,overall,3975,71,9.851500511169434,False,1.572562956317687,0.24792268682548077,-0.46972969793754166,-0.01649516428791575,3623,58,0.016008832459287883
142,43,prior_encoder_integrated_gru_tuned_anchor,3,q90,352,44,9.851500511169434,False,7.733651671987257,0.5009035490205614,-6.3345899385080084,-0.4143042463988198,0,0,
142,43,prior_encoder_integrated_gru_tuned_anchor,3,nontail,3623,69,9.851500511169434,False,0.973969738565634,0.22334381200001338,0.10008283440604224,0.02215479345512544,3623,58,0.016008832459287883
142,43,prior_encoder_integrated_gru_tuned_anchor,5,overall,3975,71,9.851500511169434,False,1.5267421922638331,0.24060779447199587,-0.3696100993246799,-0.005800698037738083,3623,61,0.01683687551752691
142,43,prior_encoder_integrated_gru_tuned_anchor,5,q90,352,44,9.851500511169434,False,7.350255102090518,0.4731230031589799,-5.450052546689893,-0.36879221307362325,0,0,
142,43,prior_encoder_integrated_gru_tuned_anchor,5,nontail,3623,69,9.851500511169434,False,0.9609468446902771,0.2180173022120405,0.12399071256396342,0.029466487524677475,3623,61,0.01683687551752691
142,43,selective_constant,0,overall,3975,71,9.851500511169434,False,1.8085424711529205,0.31202847311682375,-0.923430341427341,-0.13688956531322008,3623,57,0.01573281810654154
142,43,selective_constant,0,q90,352,44,9.851500511169434,False,8.85931789293784,0.5976991541266217,-7.604204664225356,-0.5141227936852489,0,0,
142,43,selective_constant,0,nontail,3623,69,9.851500511169434,False,1.1235099156827877,0.28427355185945447,-0.27434600203321985,-0.1002386968652614,3623,57,0.01573281810654154
142,43,selective_constant,1,overall,3975,71,9.851500511169434,False,1.720902167895199,0.29953134005247795,-0.7652114315832829,-0.10334456539475553,3623,54,0.014904775048302512
142,43,selective_constant,1,q90,352,44,9.851500511169434,False,8.28839585180598,0.5538631214099105,-7.013980269258025,-0.4712806527698408,0,0,
142,43,selective_constant,1,nontail,3623,69,9.851500511169434,False,1.0828238414429237,0.27482121390348085,-0.15809947164358945,-0.06759697975963821,3623,54,0.014904775048302512
142,43,selective_constant,3,overall,3975,71,9.851500511169434,False,1.5951849205812167,0.2665939859356776,-0.6562015492758646,-0.07460921252106578,3623,56,0.015456803753795198
142,43,selective_constant,3,q90,352,44,9.851500511169434,False,7.863000347463532,0.5194696123362958,-6.38234262080912,-0.4287195614439207,0,0,
142,43,selective_constant,3,nontail,3623,69,9.851500511169434,False,0.9862224501802853,0.2420253355097826,-0.09986656247495224,-0.04020489487799515,3623,56,0.015456803753795198
142,43,selective_constant,5,overall,3975,71,9.851500511169434,False,1.537702008043213,0.24916003648172422,-0.45204319528185194,-0.03241291266529668,3623,59,0.016284846812034227
142,43,selective_constant,5,q90,352,44,9.851500511169434,False,7.420394106876167,0.48021975735130196,-5.4308286968473345,-0.37149461257679045,0,0,
142,43,selective_constant,5,nontail,3623,69,9.851500511169434,False,0.9661569849161913,0.22671095512757258,0.031680927420618364,0.0005312657417819292,3623,59,0.016284846812034227
142,43,selective_gru_tuned_anchor,0,overall,3975,71,9.851500511169434,False,1.8085424711529205,0.31202847311682375,-0.923430341427341,-0.13688956531322008,3623,57,0.01573281810654154
142,43,selective_gru_tuned_anchor,0,q90,352,44,9.851500511169434,False,8.85931789293784,0.5976991541266217,-7.604204664225356,-0.5141227936852489,0,0,
142,43,selective_gru_tuned_anchor,0,nontail,3623,69,9.851500511169434,False,1.1235099156827877,0.28427355185945447,-0.27434600203321985,-0.1002386968652614,3623,57,0.01573281810654154
142,43,selective_gru_tuned_anchor,1,overall,3975,71,9.851500511169434,False,1.720902167895199,0.29953134005247795,-0.7652114315832829,-0.10334456539475553,3623,54,0.014904775048302512
142,43,selective_gru_tuned_anchor,1,q90,352,44,9.851500511169434,False,8.28839585180598,0.5538631214099105,-7.013980269258025,-0.4712806527698408,0,0,
142,43,selective_gru_tuned_anchor,1,nontail,3623,69,9.851500511169434,False,1.0828238414429237,0.27482121390348085,-0.15809947164358945,-0.06759697975963821,3623,54,0.014904775048302512
142,43,selective_gru_tuned_anchor,3,overall,3975,71,9.851500511169434,False,1.5923013511084312,0.2658681323469017,-0.659464816919993,-0.07494029879601245,3623,55,0.015180789401048854
142,43,selective_gru_tuned_anchor,3,q90,352,44,9.851500511169434,False,7.854300017188039,0.5190717108328303,-6.387068233560447,-0.42887931715006805,0,0,
142,43,selective_gru_tuned_anchor,3,nontail,3623,69,9.851500511169434,False,0.9839040200402497,0.24126761906314603,-0.10298775297921484,-0.04055262712595238,3623,55,0.015180789401048854
142,43,selective_gru_tuned_anchor,5,overall,3975,71,9.851500511169434,False,1.5317399352094236,0.24741303172757856,-0.458926139236642,-0.03273756904793951,3623,59,0.016284846812034227
142,43,selective_gru_tuned_anchor,5,q90,352,44,9.851500511169434,False,7.40605452809541,0.4809177664189855,-5.405482721781297,-0.37173883836658655,0,0,
142,43,selective_gru_tuned_anchor,5,nontail,3623,69,9.851500511169434,False,0.9610088458647184,0.2247264000379911,0.021666716699244967,0.00019879495983409292,3623,59,0.016284846812034227
142,43,selective_integrated_constant,0,overall,3975,71,9.851500511169434,False,1.7915621735851708,0.2947281637502588,-0.8456869399420588,-0.09899220466232707,3623,56,0.015456803753795198
142,43,selective_integrated_constant,0,q90,352,44,9.851500511169434,False,8.855779153606049,0.5912879025445321,-7.831901933221138,-0.5215527616080778,0,0,
142,43,selective_integrated_constant,0,nontail,3623,69,9.851500511169434,False,1.105223675940305,0.26591529373767686,-0.16692688539217296,-0.057937466587553596,3623,56,0.015456803753795198
142,43,selective_integrated_constant,1,overall,3975,71,9.851500511169434,False,1.719201633336842,0.288577674535306,-0.6910859594699408,-0.07303835021331527,3623,54,0.014904775048302512
142,43,selective_integrated_constant,1,q90,352,44,9.851500511169434,False,8.253622901224093,0.5467543991030491,-7.162662485941274,-0.47504942319029586,0,0,
142,43,selective_integrated_constant,1,nontail,3623,69,9.851500511169434,False,1.084336525333444,0.26349398503824684,-0.06232666128669223,-0.03398013942449465,3623,54,0.014904775048302512
142,43,selective_integrated_constant,3,overall,3975,71,9.851500511169434,False,1.5853673592776456,0.2584614216892409,-0.618186346981766,-0.05571009285165255,3623,55,0.015180789401048854
142,43,selective_integrated_constant,3,q90,352,44,9.851500511169434,False,7.850077555080289,0.5162325769543684,-6.523415244322456,-0.4342808343017539,0,0,
142,43,selective_integrated_constant,3,nontail,3623,69,9.851500511169434,False,0.9767065839747112,0.23341713611007314,-0.04445171494645754,-0.018929275575793957,3623,55,0.015180789401048854
142,43,selective_integrated_constant,5,overall,3975,71,9.851500511169434,False,1.5371337911992577,0.24661357475395035,-0.4363912542523892,-0.023452645684146102,3623,60,0.016560861164780567
142,43,selective_integrated_constant,5,q90,352,44,9.851500511169434,False,7.418036473367014,0.47983867286329596,-5.548198201610538,-0.3773080726425226,0,0,
142,43,selective_integrated_constant,5,nontail,3623,69,9.851500511169434,False,0.9657626225205244,0.223954111730354,0.060256839998250704,0.010926904492323272,3623,60,0.016560861164780567
142,43,selective_integrated_gru_tuned_anchor,0,overall,3975,71,9.851500511169434,False,1.7915621735851708,0.2947281637502588,-0.8456869399420588,-0.09899220466232707,3623,56,0.015456803753795198
142,43,selective_integrated_gru_tuned_anchor,0,q90,352,44,9.851500511169434,False,8.855779153606049,0.5912879025445321,-7.831901933221138,-0.5215527616080778,0,0,
142,43,selective_integrated_gru_tuned_anchor,0,nontail,3623,69,9.851500511169434,False,1.105223675940305,0.26591529373767686,-0.16692688539217296,-0.057937466587553596,3623,56,0.015456803753795198
142,43,selective_integrated_gru_tuned_anchor,1,overall,3975,71,9.851500511169434,False,1.719201633336842,0.288577674535306,-0.6910859594699408,-0.07303835021331527,3623,54,0.014904775048302512
142,43,selective_integrated_gru_tuned_anchor,1,q90,352,44,9.851500511169434,False,8.253622901224093,0.5467543991030491,-7.162662485941274,-0.47504942319029586,0,0,
142,43,selective_integrated_gru_tuned_anchor,1,nontail,3623,69,9.851500511169434,False,1.084336525333444,0.26349398503824684,-0.06232666128669223,-0.03398013942449465,3623,54,0.014904775048302512
142,43,selective_integrated_gru_tuned_anchor,3,overall,3975,71,9.851500511169434,False,1.5823205670200322,0.25773994550426843,-0.6215265044872896,-0.056083902001324355,3623,55,0.015180789401048854
142,43,selective_integrated_gru_tuned_anchor,3,q90,352,44,9.851500511169434,False,7.841796973783111,0.5158968222387803,-6.528348176854887,-0.4345122721013628,0,0,
142,43,selective_integrated_gru_tuned_anchor,3,nontail,3623,69,9.851500511169434,False,0.9741682912318447,0.2326581843641779,-0.04763712312560198,-0.01931691710615086,3623,55,0.015180789401048854
142,43,selective_integrated_gru_tuned_anchor,5,overall,3975,71,9.851500511169434,False,1.5313043118724554,0.24484369072044168,-0.44310039825409026,-0.02394558038350595,3623,60,0.016560861164780567
142,43,selective_integrated_gru_tuned_anchor,5,q90,352,44,9.851500511169434,False,7.407752079616523,0.4807733778590988,-5.524954445293061,-0.3777348280411397,0,0,
142,43,selective_integrated_gru_tuned_anchor,5,nontail,3623,69,9.851500511169434,False,0.9603659695467831,0.221921457799435,0.05063756049769495,0.0104275400071888,3623,60,0.016560861164780567
142,43,station_constant,0,overall,3975,71,9.851500511169434,False,1.8350773263139668,0.29863977394915836,-0.4586770848576519,-0.018032631257200348,3623,75,0.02070107645597571
142,43,station_constant,0,q90,352,44,9.851500511169434,False,8.46184816135269,0.5434765349843159,-7.0431309433362745,-0.44949160214196415,0,0,
142,43,station_constant,0,nontail,3623,69,9.851500511169434,False,1.1912398065972598,0.27485215598493656,0.18104904215986806,0.023886650484846828,3623,75,0.02070107645597571
142,43,station_constant,1,overall,3975,71,9.851500511169434,False,1.7310556388802423,0.2827139912165055,-0.4076672826026936,-0.014259076438333842,3623,66,0.018216947281258625
142,43,station_constant,1,q90,352,44,9.851500511169434,False,7.926122591105526,0.5099342878888802,-6.54669908199457,-0.42074336709207016,0,0,
142,43,station_constant,1,nontail,3623,69,9.851500511169434,False,1.1291611958266126,0.26063793699937166,0.18878295018393088,0.025233738993660416,3623,66,0.018216947281258625
142,43,station_constant,3,overall,3975,71,9.851500511169434,False,1.5903194400171785,0.2553398628827239,-0.4252869383470059,-0.015511645444654752,3623,67,0.01849296163400497
142,43,station_constant,3,q90,352,44,9.851500511169434,False,7.644882800255233,0.4925056361104014,-6.073187422158833,-0.396216129564606,0,0,
142,43,station_constant,3,nontail,3623,69,9.851500511169434,False,1.0020759117798625,0.23229753548108376,0.12344642359110138,0.02147647997908879,3623,67,0.01849296163400497
142,43,station_constant,5,overall,3975,71,9.851500511169434,False,1.5969000280451406,0.25619158976791934,-0.4068789740733998,-0.011394744784316044,3623,69,0.019044990339497653
142,43,station_constant,5,q90,352,44,9.851500511169434,False,7.564865740798215,0.48356881052438383,-6.0139769793010665,-0.3885049064280837,0,0,
142,43,station_constant,5,nontail,3623,69,9.851500511169434,False,1.0170700719620374,0.23410028926936138,0.13789013932437538,0.025244166863104933,3623,69,0.019044990339497653
142,43,station_gru_tuned_anchor,0,overall,3975,71,9.851500511169434,False,1.8350773263139668,0.29863977394915836,-0.4586770848576519,-0.018032631257200348,3623,75,0.02070107645597571
142,43,station_gru_tuned_anchor,0,q90,352,44,9.851500511169434,False,8.46184816135269,0.5434765349843159,-7.0431309433362745,-0.44949160214196415,0,0,
142,43,station_gru_tuned_anchor,0,nontail,3623,69,9.851500511169434,False,1.1912398065972598,0.27485215598493656,0.18104904215986806,0.023886650484846828,3623,75,0.02070107645597571
142,43,station_gru_tuned_anchor,1,overall,3975,71,9.851500511169434,False,1.7310556388802423,0.2827139912165055,-0.4076672826026936,-0.014259076438333842,3623,66,0.018216947281258625
142,43,station_gru_tuned_anchor,1,q90,352,44,9.851500511169434,False,7.926122591105526,0.5099342878888802,-6.54669908199457,-0.42074336709207016,0,0,
142,43,station_gru_tuned_anchor,1,nontail,3623,69,9.851500511169434,False,1.1291611958266126,0.26063793699937166,0.18878295018393088,0.025233738993660416,3623,66,0.018216947281258625
142,43,station_gru_tuned_anchor,3,overall,3975,71,9.851500511169434,False,1.5874117601321036,0.25459510982749456,-0.42984189947919504,-0.016022380034014246,3623,67,0.01849296163400497
142,43,station_gru_tuned_anchor,3,q90,352,44,9.851500511169434,False,7.641944642391647,0.49272481301486387,-6.082799548693984,-0.3969355026435771,0,0,
142,43,station_gru_tuned_anchor,3,nontail,3623,69,9.851500511169434,False,0.9991711930453359,0.23145912983247555,0.11938280174178367,0.020986016090348475,3623,67,0.01849296163400497
142,43,station_gru_tuned_anchor,5,overall,3975,71,9.851500511169434,False,1.5900162821686035,0.25465327498519397,-0.41741560076068746,-0.01250136209769365,3623,67,0.01849296163400497
142,43,station_gru_tuned_anchor,5,q90,352,44,9.851500511169434,False,7.549760538444546,0.4851130388913265,-6.004677281063649,-0.39032410821209673,0,0,
142,43,station_gru_tuned_anchor,5,nontail,3623,69,9.851500511169434,False,1.0109850985613356,0.23226248368103755,0.12542627378158208,0.02420678215631405,3623,67,0.01849296163400497
142,43,station_integrated_constant,0,overall,3975,71,9.851500511169434,False,1.8350773263139668,0.29863977394915836,-0.4586770848576519,-0.018032631257200348,3623,75,0.02070107645597571
142,43,station_integrated_constant,0,q90,352,44,9.851500511169434,False,8.46184816135269,0.5434765349843159,-7.0431309433362745,-0.44949160214196415,0,0,
142,43,station_integrated_constant,0,nontail,3623,69,9.851500511169434,False,1.1912398065972598,0.27485215598493656,0.18104904215986806,0.023886650484846828,3623,75,0.02070107645597571
142,43,station_integrated_constant,1,overall,3975,71,9.851500511169434,False,1.7310556388802423,0.2827139912165055,-0.4076672826026936,-0.014259076438333842,3623,66,0.018216947281258625
142,43,station_integrated_constant,1,q90,352,44,9.851500511169434,False,7.926122591105526,0.5099342878888802,-6.54669908199457,-0.42074336709207016,0,0,
142,43,station_integrated_constant,1,nontail,3623,69,9.851500511169434,False,1.1291611958266126,0.26063793699937166,0.18878295018393088,0.025233738993660416,3623,66,0.018216947281258625
142,43,station_integrated_constant,3,overall,3975,71,9.851500511169434,False,1.583564717027854,0.250941738785109,-0.44677843386880145,-0.012873437892966863,3623,63,0.017388904223019596
142,43,station_integrated_constant,3,q90,352,44,9.851500511169434,False,7.68544272738329,0.49610791226088613,-6.288709882243805,-0.40980158326793004,0,0,
142,43,station_integrated_constant,3,nontail,3623,69,9.851500511169434,False,0.9907242368608343,0.22712211607920954,0.1208064046153281,0.02569093063366495,3623,63,0.017388904223019596
142,43,station_integrated_constant,5,overall,3975,71,9.851500511169434,False,1.5907894052372489,0.25180773389672795,-0.42808531602610883,-0.008287551758171538,3623,63,0.017388904223019596
142,43,station_integrated_constant,5,q90,352,44,9.851500511169434,False,7.608522054213477,0.4872805103246938,-6.234364047430367,-0.40241929229169493,0,0,
142,43,station_integrated_constant,5,nontail,3623,69,9.851500511169434,False,1.0061242403353354,0.2289298930734754,0.13603560957540903,0.030005126317401265,3623,63,0.017388904223019596
142,43,station_integrated_gru_tuned_anchor,0,overall,3975,71,9.851500511169434,False,1.8350773263139668,0.29863977394915836,-0.4586770848576519,-0.018032631257200348,3623,75,0.02070107645597571
142,43,station_integrated_gru_tuned_anchor,0,q90,352,44,9.851500511169434,False,8.46184816135269,0.5434765349843159,-7.0431309433362745,-0.44949160214196415,0,0,
142,43,station_integrated_gru_tuned_anchor,0,nontail,3623,69,9.851500511169434,False,1.1912398065972598,0.27485215598493656,0.18104904215986806,0.023886650484846828,3623,75,0.02070107645597571
142,43,station_integrated_gru_tuned_anchor,1,overall,3975,71,9.851500511169434,False,1.7310556388802423,0.2827139912165055,-0.4076672826026936,-0.014259076438333842,3623,66,0.018216947281258625
142,43,station_integrated_gru_tuned_anchor,1,q90,352,44,9.851500511169434,False,7.926122591105526,0.5099342878888802,-6.54669908199457,-0.42074336709207016,0,0,
142,43,station_integrated_gru_tuned_anchor,1,nontail,3623,69,9.851500511169434,False,1.1291611958266126,0.26063793699937166,0.18878295018393088,0.025233738993660416,3623,66,0.018216947281258625
142,43,station_integrated_gru_tuned_anchor,3,overall,3975,71,9.851500511169434,False,1.580894246386396,0.25025799404594107,-0.4510984329673733,-0.013375345735631565,3623,63,0.017388904223019596
142,43,station_integrated_gru_tuned_anchor,3,q90,352,44,9.851500511169434,False,7.6821123263124385,0.49627126801011306,-6.297377821317497,-0.41045722964882353,0,0,
142,43,station_integrated_gru_tuned_anchor,3,nontail,3623,69,9.851500511169434,False,0.9881178831145307,0.22635606955370022,0.1169088385477367,0.025203959574178963,3623,63,0.017388904223019596
142,43,station_integrated_gru_tuned_anchor,5,overall,3975,71,9.851500511169434,False,1.5900162821686035,0.25465327498519397,-0.41741560076068746,-0.01250136209769365,3623,67,0.01849296163400497
142,43,station_integrated_gru_tuned_anchor,5,q90,352,44,9.851500511169434,False,7.549760538444546,0.4851130388913265,-6.004677281063649,-0.39032410821209673,0,0,
142,43,station_integrated_gru_tuned_anchor,5,nontail,3623,69,9.851500511169434,False,1.0109850985613356,0.23226248368103755,0.12542627378158208,0.02420678215631405,3623,67,0.01849296163400497
142,43,tail2_constant,0,overall,3975,71,9.851500511169434,False,1.806871113636596,0.2959927914293754,-0.5128165245059625,-0.029296936705227983,3623,73,0.020149047750483026
142,43,tail2_constant,0,q90,352,44,9.851500511169434,False,8.581219799690427,0.55825974943813,-7.090758701954655,-0.4595858430650086,0,0,
142,43,tail2_constant,0,nontail,3623,69,9.851500511169434,False,1.1486953649501626,0.2705117069085138,0.12627694677803972,0.01250866501672696,3623,73,0.020149047750483026
142,43,tail2_constant,1,overall,3975,71,9.851500511169434,False,1.7016070036374675,0.277509124712682,-0.4685655604360736,-0.02233311916954435,3623,59,0.016284846812034227
142,43,tail2_constant,1,q90,352,44,9.851500511169434,False,8.077109889328637,0.5239603138280893,-6.677269211508164,-0.4333056738153552,0,0,
142,43,tail2_constant,1,nontail,3623,69,9.851500511169434,False,1.0821819371833437,0.25356465367524805,0.13465378407879683,0.017595762761265867,3623,59,0.016284846812034227
142,43,tail2_constant,3,overall,3975,71,9.851500511169434,False,1.5792685805182343,0.2519004457445091,-0.4509291711824199,-0.020238946190371636,3623,60,0.016560861164780567
142,43,tail2_constant,3,q90,352,44,9.851500511169434,False,7.719220959978938,0.4991794464981062,-6.1207076050720195,-0.4014191056006421,0,0,
142,43,tail2_constant,3,nontail,3623,69,9.851500511169434,False,0.982728906885839,0.2278755469685593,0.0999297878926945,0.016795394442367856,3623,60,0.016560861164780567
142,43,tail2_constant,5,overall,3975,71,9.851500511169434,False,1.5336277214932064,0.24336341473570303,-0.3508914358156817,-0.007347157145518414,3623,61,0.01683687551752691
142,43,tail2_constant,5,q90,352,44,9.851500511169434,False,7.342533928826322,0.46914910261458526,-5.32514559195371,-0.3585880198996756,0,0,
142,43,tail2_constant,5,nontail,3623,69,9.851500511169434,False,0.9692515180758017,0.2214267428799574,0.13239243472270795,0.026778369680168397,3623,61,0.01683687551752691
142,43,tail2_gru_tuned_anchor,0,overall,3975,71,9.851500511169434,False,1.806871113636596,0.2959927914293754,-0.5128165245059625,-0.029296936705227983,3623,73,0.020149047750483026
142,43,tail2_gru_tuned_anchor,0,q90,352,44,9.851500511169434,False,8.581219799690427,0.55825974943813,-7.090758701954655,-0.4595858430650086,0,0,
142,43,tail2_gru_tuned_anchor,0,nontail,3623,69,9.851500511169434,False,1.1486953649501626,0.2705117069085138,0.12627694677803972,0.01250866501672696,3623,73,0.020149047750483026
142,43,tail2_gru_tuned_anchor,1,overall,3975,71,9.851500511169434,False,1.7016070036374675,0.277509124712682,-0.4685655604360736,-0.02233311916954435,3623,59,0.016284846812034227
142,43,tail2_gru_tuned_anchor,1,q90,352,44,9.851500511169434,False,8.077109889328637,0.5239603138280893,-6.677269211508164,-0.4333056738153552,0,0,
142,43,tail2_gru_tuned_anchor,1,nontail,3623,69,9.851500511169434,False,1.0821819371833437,0.25356465367524805,0.13465378407879683,0.017595762761265867,3623,59,0.016284846812034227
142,43,tail2_gru_tuned_anchor,3,overall,3975,71,9.851500511169434,False,1.5670631598527234,0.24870864472000415,-0.4739196808908578,-0.022691988643263696,3623,62,0.017112889870273255
142,43,tail2_gru_tuned_anchor,3,q90,352,44,9.851500511169434,False,7.6875233061344685,0.4990738749751386,-6.161866578248237,-0.40441350289249944,0,0,
142,43,tail2_gru_tuned_anchor,3,nontail,3623,69,9.851500511169434,False,0.972417294136142,0.22438389698337502,0.07870447253718454,0.014394948429805847,3623,62,0.017112889870273255
142,43,tail2_gru_tuned_anchor,5,overall,3975,71,9.851500511169434,False,1.526984845089114,0.24173161706574225,-0.35890460280835357,-0.007821847665094767,3623,62,0.017112889870273255
142,43,tail2_gru_tuned_anchor,5,q90,352,44,9.851500511169434,False,7.333637307780743,0.470946847924218,-5.307151655498971,-0.3599659286582524,0,0,
142,43,tail2_gru_tuned_anchor,5,nontail,3623,69,9.851500511169434,False,0.9628276088574129,0.21946174092382023,0.12185249422369096,0.02639143318215654,3623,62,0.017112889870273255
142,43,tail2_integrated_constant,0,overall,3975,71,9.851500511169434,False,1.806871113636596,0.2959927914293754,-0.5128165245059625,-0.029296936705227983,3623,73,0.020149047750483026
142,43,tail2_integrated_constant,0,q90,352,44,9.851500511169434,False,8.581219799690427,0.55825974943813,-7.090758701954655,-0.4595858430650086,0,0,
142,43,tail2_integrated_constant,0,nontail,3623,69,9.851500511169434,False,1.1486953649501626,0.2705117069085138,0.12627694677803972,0.01250866501672696,3623,73,0.020149047750483026
142,43,tail2_integrated_constant,1,overall,3975,71,9.851500511169434,False,1.7016070036374675,0.277509124712682,-0.4685655604360736,-0.02233311916954435,3623,59,0.016284846812034227
142,43,tail2_integrated_constant,1,q90,352,44,9.851500511169434,False,8.077109889328637,0.5239603138280893,-6.677269211508164,-0.4333056738153552,0,0,
142,43,tail2_integrated_constant,1,nontail,3623,69,9.851500511169434,False,1.0821819371833437,0.25356465367524805,0.13465378407879683,0.017595762761265867,3623,59,0.016284846812034227
142,43,tail2_integrated_constant,3,overall,3975,71,9.851500511169434,False,1.5753074078198592,0.2485722049111086,-0.4658419109592944,-0.016109005470360833,3623,58,0.016008832459287883
142,43,tail2_integrated_constant,3,q90,352,44,9.851500511169434,False,7.738363117579726,0.500847959666559,-6.325902948779781,-0.4136851510161302,0,0,
142,43,tail2_integrated_constant,3,nontail,3623,69,9.851500511169434,False,0.9765230827203635,0.22406183624593648,0.10350434499235095,0.022518320842670043,3623,58,0.016008832459287883
142,43,tail2_integrated_constant,5,overall,3975,71,9.851500511169434,False,1.5369324737651613,0.24254180947761803,-0.37277257047124934,-0.0036236102451984633,3623,61,0.01683687551752691
142,43,tail2_integrated_constant,5,q90,352,44,9.851500511169434,False,7.379417650375319,0.47426854438664584,-5.611219753686497,-0.37682056896197014,0,0,
142,43,tail2_integrated_constant,5,nontail,3623,69,9.851500511169434,False,0.9692938366780027,0.22002792300563956,0.13617951578096352,0.03263510614130543,3623,61,0.01683687551752691
142,43,tail2_integrated_gru_tuned_anchor,0,overall,3975,71,9.851500511169434,False,1.806871113636596,0.2959927914293754,-0.5128165245059625,-0.029296936705227983,3623,73,0.020149047750483026
142,43,tail2_integrated_gru_tuned_anchor,0,q90,352,44,9.851500511169434,False,8.581219799690427,0.55825974943813,-7.090758701954655,-0.4595858430650086,0,0,
142,43,tail2_integrated_gru_tuned_anchor,0,nontail,3623,69,9.851500511169434,False,1.1486953649501626,0.2705117069085138,0.12627694677803972,0.01250866501672696,3623,73,0.020149047750483026
142,43,tail2_integrated_gru_tuned_anchor,1,overall,3975,71,9.851500511169434,False,1.7016070036374675,0.277509124712682,-0.4685655604360736,-0.02233311916954435,3623,59,0.016284846812034227
142,43,tail2_integrated_gru_tuned_anchor,1,q90,352,44,9.851500511169434,False,8.077109889328637,0.5239603138280893,-6.677269211508164,-0.4333056738153552,0,0,
142,43,tail2_integrated_gru_tuned_anchor,1,nontail,3623,69,9.851500511169434,False,1.0821819371833437,0.25356465367524805,0.13465378407879683,0.017595762761265867,3623,59,0.016284846812034227
142,43,tail2_integrated_gru_tuned_anchor,3,overall,3975,71,9.851500511169434,False,1.572562956317687,0.24792268682548077,-0.46972969793754166,-0.01649516428791575,3623,58,0.016008832459287883
142,43,tail2_integrated_gru_tuned_anchor,3,q90,352,44,9.851500511169434,False,7.733651671987257,0.5009035490205614,-6.3345899385080084,-0.4143042463988198,0,0,
142,43,tail2_integrated_gru_tuned_anchor,3,nontail,3623,69,9.851500511169434,False,0.973969738565634,0.22334381200001338,0.10008283440604224,0.02215479345512544,3623,58,0.016008832459287883
142,43,tail2_integrated_gru_tuned_anchor,5,overall,3975,71,9.851500511169434,False,1.5267421922638331,0.24060779447199587,-0.3696100993246799,-0.005800698037738083,3623,61,0.01683687551752691
142,43,tail2_integrated_gru_tuned_anchor,5,q90,352,44,9.851500511169434,False,7.350255102090518,0.4731230031589799,-5.450052546689893,-0.36879221307362325,0,0,
142,43,tail2_integrated_gru_tuned_anchor,5,nontail,3623,69,9.851500511169434,False,0.9609468446902771,0.2180173022120405,0.12399071256396342,0.029466487524677475,3623,61,0.01683687551752691
142,44,context_constant,0,overall,3975,71,9.851500511169434,False,1.9991748926144957,0.3205209292641124,-0.2609771437880755,0.09932216143316153,3623,54,0.014904775048302512
142,44,context_constant,0,q90,352,44,9.851500511169434,False,9.182837423245026,0.58372048963185,-8.77625901826813,-0.5537739862461194,0,0,
142,44,context_constant,0,nontail,3623,69,9.851500511169434,False,1.3012314173779658,0.2949492358472083,0.5663425415050457,0.1627750579231165,3623,54,0.014904775048302512
142,44,context_constant,1,overall,3975,71,9.851500511169434,False,1.8828933739791816,0.2965093242099871,-0.21393729758885632,0.08390147630371053,3623,52,0.014352746342809827
142,44,context_constant,1,q90,352,44,9.851500511169434,False,8.44131544015305,0.5354563399030767,-7.885143655402886,-0.4970802000865104,0,0,
142,44,context_constant,1,nontail,3623,69,9.851500511169434,False,1.2456964191646078,0.27329393654121326,0.5313744986988992,0.14034794334465941,3623,52,0.014352746342809827
142,44,context_constant,3,overall,3975,71,9.851500511169434,False,1.5831998302325379,0.24878322445007778,-0.342551903890079,0.017727600346214997,3623,54,0.014904775048302512
142,44,context_constant,3,q90,352,44,9.851500511169434,False,7.640340324076607,0.4979150617663197,-6.105556838193174,-0.41227077500933035,0,0,
142,44,context_constant,3,nontail,3623,69,9.851500511169434,False,0.994705915291022,0.22457830953555466,0.2173646671490292,0.05950497493223541,3623,54,0.014904775048302512
142,44,context_constant,5,overall,3975,71,9.851500511169434,False,1.578495536380702,0.24810847202254144,-0.3198969736589903,0.02647328359395991,3623,57,0.01573281810654154
142,44,context_constant,5,q90,352,44,9.851500511169434,False,7.511521945645011,0.48293992238687944,-6.071375856786792,-0.40312967640342345,0,0,
142,44,context_constant,5,nontail,3623,69,9.851500511169434,False,1.0020601800293256,0.22529294054910864,0.23889976022480391,0.06821224078939984,3623,57,0.01573281810654154
142,44,context_gru_tuned_anchor,0,overall,3975,71,9.851500511169434,False,1.9991748926144957,0.3205209292641124,-0.2609771437880755,0.09932216143316153,3623,54,0.014904775048302512
142,44,context_gru_tuned_anchor,0,q90,352,44,9.851500511169434,False,9.182837423245026,0.58372048963185,-8.77625901826813,-0.5537739862461194,0,0,
142,44,context_gru_tuned_anchor,0,nontail,3623,69,9.851500511169434,False,1.3012314173779658,0.2949492358472083,0.5663425415050457,0.1627750579231165,3623,54,0.014904775048302512
142,44,context_gru_tuned_anchor,1,overall,3975,71,9.851500511169434,False,1.8828933739791816,0.2965093242099871,-0.21393729758885632,0.08390147630371053,3623,52,0.014352746342809827
142,44,context_gru_tuned_anchor,1,q90,352,44,9.851500511169434,False,8.44131544015305,0.5354563399030767,-7.885143655402886,-0.4970802000865104,0,0,
142,44,context_gru_tuned_anchor,1,nontail,3623,69,9.851500511169434,False,1.2456964191646078,0.27329393654121326,0.5313744986988992,0.14034794334465941,3623,52,0.014352746342809827
142,44,context_gru_tuned_anchor,3,overall,3975,71,9.851500511169434,False,1.557480999207061,0.24291462657929716,-0.37450074304818826,0.009390706891859796,3623,51,0.014076731990063483
142,44,context_gru_tuned_anchor,3,q90,352,44,9.851500511169434,False,7.583080009239733,0.49744269861694607,-6.007468958249433,-0.40948014926932674,0,0,
142,44,context_gru_tuned_anchor,3,nontail,3623,69,9.851500511169434,False,0.9720515618536245,0.2181854294064425,0.1727818436895535,0.050086964515027796,3623,51,0.014076731990063483
142,44,context_gru_tuned_anchor,5,overall,3975,71,9.851500511169434,False,1.5592720815163312,0.2448175047455908,-0.32297955331822953,0.023837669949901455,3623,57,0.01573281810654154
142,44,context_gru_tuned_anchor,5,q90,352,44,9.851500511169434,False,7.439700528410217,0.48211198564301944,-5.915652290483569,-0.3986526624246545,0,0,
142,44,context_gru_tuned_anchor,5,nontail,3623,69,9.851500511169434,False,0.9879469881388404,0.22176267248616632,0.220388043557895,0.06488558521234797,3623,57,0.01573281810654154
142,44,mae_constant,0,overall,3975,71,9.851500511169434,False,1.8288326916473103,0.3046529762602944,-0.5995574440290212,-0.01972268685048885,3623,55,0.015180789401048854
142,44,mae_constant,0,q90,352,44,9.851500511169434,False,8.897324505326777,0.5683696405318419,-8.19820874163846,-0.518815125844149,0,0,
142,44,mae_constant,0,nontail,3623,69,9.851500511169434,False,1.1420788637656734,0.2790310425524322,0.13870511648947795,0.02876766328083004,3623,55,0.015180789401048854
142,44,mae_constant,1,overall,3975,71,9.851500511169434,False,1.740838118872066,0.29233092634411606,-0.5626323396590459,-0.028258255168462237,3623,55,0.015180789401048854
142,44,mae_constant,1,q90,352,44,9.851500511169434,False,8.310602991322678,0.5322201763145782,-7.508275318386049,-0.4785641659011176,0,0,
142,44,mae_constant,1,nontail,3623,69,9.851500511169434,False,1.1025391304363452,0.2690239939705023,0.11218585755649516,0.015492139691569418,3623,55,0.015180789401048854
142,44,mae_constant,3,overall,3975,71,9.851500511169434,False,1.595805268371722,0.26182701669460845,-0.5237662409127095,-0.025995854963059523,3623,53,0.01462876069555617
142,44,mae_constant,3,q90,352,44,9.851500511169434,False,7.859231901966788,0.5014594927110655,-6.733666516210653,-0.4319003909849258,0,0,
142,44,mae_constant,3,nontail,3623,69,9.851500511169434,False,0.9872692001891488,0.23854503172143904,0.07956936408449627,0.013440633217922238,3623,53,0.01462876069555617
142,44,mae_constant,5,overall,3975,71,9.851500511169434,False,1.5964502256165745,0.26027169878615625,-0.48935718539362955,-0.012426428585204586,3623,54,0.014904775048302512
142,44,mae_constant,5,q90,352,44,9.851500511169434,False,7.76898103886782,0.4912553760801256,-6.695358733201321,-0.42456281706678195,0,0,
142,44,mae_constant,5,nontail,3623,69,9.851500511169434,False,0.996745327392882,0.23783000560164694,0.11359963073342189,0.027615528010300584,3623,54,0.014904775048302512
142,44,mae_gru_tuned_anchor,0,overall,3975,71,9.851500511169434,False,1.8288326916473103,0.3046529762602944,-0.5995574440290212,-0.01972268685048885,3623,55,0.015180789401048854
142,44,mae_gru_tuned_anchor,0,q90,352,44,9.851500511169434,False,8.897324505326777,0.5683696405318419,-8.19820874163846,-0.518815125844149,0,0,
142,44,mae_gru_tuned_anchor,0,nontail,3623,69,9.851500511169434,False,1.1420788637656734,0.2790310425524322,0.13870511648947795,0.02876766328083004,3623,55,0.015180789401048854
142,44,mae_gru_tuned_anchor,1,overall,3975,71,9.851500511169434,False,1.740838118872066,0.29233092634411606,-0.5626323396590459,-0.028258255168462237,3623,55,0.015180789401048854
142,44,mae_gru_tuned_anchor,1,q90,352,44,9.851500511169434,False,8.310602991322678,0.5322201763145782,-7.508275318386049,-0.4785641659011176,0,0,
142,44,mae_gru_tuned_anchor,1,nontail,3623,69,9.851500511169434,False,1.1025391304363452,0.2690239939705023,0.11218585755649516,0.015492139691569418,3623,55,0.015180789401048854
142,44,mae_gru_tuned_anchor,3,overall,3975,71,9.851500511169434,False,1.5903148901529551,0.2606009923314204,-0.5258929377211633,-0.025837227282649713,3623,53,0.01462876069555617
142,44,mae_gru_tuned_anchor,3,q90,352,44,9.851500511169434,False,7.8403506446573115,0.5012308604059701,-6.725753872310505,-0.43182364509419746,0,0,
142,44,mae_gru_tuned_anchor,3,nontail,3623,69,9.851500511169434,False,0.9830798403087561,0.23722210368603217,0.07646727452709719,0.013607216291643628,3623,53,0.01462876069555617
142,44,mae_gru_tuned_anchor,5,overall,3975,71,9.851500511169434,False,1.5359332180257599,0.24874458188097254,-0.3939956252703062,-0.008419740637334448,3623,57,0.01573281810654154
142,44,mae_gru_tuned_anchor,5,q90,352,44,9.851500511169434,False,7.386998024573811,0.4684334254357269,-5.70364378197316,-0.3767218356009918,0,0,
142,44,mae_gru_tuned_anchor,5,nontail,3623,69,9.851500511169434,False,0.9674610093851542,0.22740026144727848,0.12187413767736269,0.02736340521615917,3623,57,0.01573281810654154
142,44,mae_integrated_constant,0,overall,3975,71,9.851500511169434,False,1.8288326916473103,0.3046529762602944,-0.5995574440290212,-0.01972268685048885,3623,55,0.015180789401048854
142,44,mae_integrated_constant,0,q90,352,44,9.851500511169434,False,8.897324505326777,0.5683696405318419,-8.19820874163846,-0.518815125844149,0,0,
142,44,mae_integrated_constant,0,nontail,3623,69,9.851500511169434,False,1.1420788637656734,0.2790310425524322,0.13870511648947795,0.02876766328083004,3623,55,0.015180789401048854
142,44,mae_integrated_constant,1,overall,3975,71,9.851500511169434,False,1.740838118872066,0.29233092634411606,-0.5626323396590459,-0.028258255168462237,3623,55,0.015180789401048854
142,44,mae_integrated_constant,1,q90,352,44,9.851500511169434,False,8.310602991322678,0.5322201763145782,-7.508275318386049,-0.4785641659011176,0,0,
142,44,mae_integrated_constant,1,nontail,3623,69,9.851500511169434,False,1.1025391304363452,0.2690239939705023,0.11218585755649516,0.015492139691569418,3623,55,0.015180789401048854
142,44,mae_integrated_constant,3,overall,3975,71,9.851500511169434,False,1.595805268371722,0.26182701669460845,-0.5237662409127095,-0.025995854963059523,3623,53,0.01462876069555617
142,44,mae_integrated_constant,3,q90,352,44,9.851500511169434,False,7.859231901966788,0.5014594927110655,-6.733666516210653,-0.4319003909849258,0,0,
142,44,mae_integrated_constant,3,nontail,3623,69,9.851500511169434,False,0.9872692001891488,0.23854503172143904,0.07956936408449627,0.013440633217922238,3623,53,0.01462876069555617
142,44,mae_integrated_constant,5,overall,3975,71,9.851500511169434,False,1.5355885504309592,0.24535536268719224,-0.3998871639401704,-0.006182623397355035,3623,57,0.01573281810654154
142,44,mae_integrated_constant,5,q90,352,44,9.851500511169434,False,7.42474991735782,0.47217968214039324,-5.812204557327328,-0.3839497767548909,0,0,
142,44,mae_integrated_constant,5,nontail,3623,69,9.851500511169434,False,0.9634149922862575,0.22331778044939848,0.12595763939195204,0.03052011962827362,3623,57,0.01573281810654154
142,44,mae_integrated_gru_tuned_anchor,0,overall,3975,71,9.851500511169434,False,1.8288326916473103,0.3046529762602944,-0.5995574440290212,-0.01972268685048885,3623,55,0.015180789401048854
142,44,mae_integrated_gru_tuned_anchor,0,q90,352,44,9.851500511169434,False,8.897324505326777,0.5683696405318419,-8.19820874163846,-0.518815125844149,0,0,
142,44,mae_integrated_gru_tuned_anchor,0,nontail,3623,69,9.851500511169434,False,1.1420788637656734,0.2790310425524322,0.13870511648947795,0.02876766328083004,3623,55,0.015180789401048854
142,44,mae_integrated_gru_tuned_anchor,1,overall,3975,71,9.851500511169434,False,1.740838118872066,0.29233092634411606,-0.5626323396590459,-0.028258255168462237,3623,55,0.015180789401048854
142,44,mae_integrated_gru_tuned_anchor,1,q90,352,44,9.851500511169434,False,8.310602991322678,0.5322201763145782,-7.508275318386049,-0.4785641659011176,0,0,
142,44,mae_integrated_gru_tuned_anchor,1,nontail,3623,69,9.851500511169434,False,1.1025391304363452,0.2690239939705023,0.11218585755649516,0.015492139691569418,3623,55,0.015180789401048854
142,44,mae_integrated_gru_tuned_anchor,3,overall,3975,71,9.851500511169434,False,1.5903148901529551,0.2606009923314204,-0.5258929377211633,-0.025837227282649713,3623,53,0.01462876069555617
142,44,mae_integrated_gru_tuned_anchor,3,q90,352,44,9.851500511169434,False,7.8403506446573115,0.5012308604059701,-6.725753872310505,-0.43182364509419746,0,0,
142,44,mae_integrated_gru_tuned_anchor,3,nontail,3623,69,9.851500511169434,False,0.9830798403087561,0.23722210368603217,0.07646727452709719,0.013607216291643628,3623,53,0.01462876069555617
142,44,mae_integrated_gru_tuned_anchor,5,overall,3975,71,9.851500511169434,False,1.5219489406468347,0.2432017786651829,-0.3947438612826773,-0.006548285407380153,3623,56,0.015456803753795198
142,44,mae_integrated_gru_tuned_anchor,5,q90,352,44,9.851500511169434,False,7.3658716036475305,0.473421242227184,-5.643220533625083,-0.38040446158046587,0,0,
142,44,mae_integrated_gru_tuned_anchor,5,nontail,3623,69,9.851500511169434,False,0.9541706416194414,0.2208343342340969,0.11518266056786838,0.02977447860391606,3623,56,0.015456803753795198
142,44,prior_ecological_affine_constant,0,overall,3975,71,9.851500511169434,False,1.912995147254009,0.29604311822028156,-0.32743571666706456,0.050788692569462064,3623,65,0.017940932928512284
142,44,prior_ecological_affine_constant,0,q90,352,44,9.851500511169434,False,8.73579319735299,0.5447108752023763,-8.07729984605046,-0.49709876072216114,0,0,
142,44,prior_ecological_affine_constant,0,nontail,3623,69,9.851500511169434,False,1.250112201177597,0.2718832919829927,0.42551823683637335,0.10401982245040364,3623,65,0.017940932928512284
142,44,prior_ecological_affine_constant,1,overall,3975,71,9.851500511169434,False,1.8093070079531448,0.2876966919125563,-0.31060729742112475,0.02964633470728463,3623,62,0.017112889870273255
142,44,prior_ecological_affine_constant,1,q90,352,44,9.851500511169434,False,8.111196453516934,0.5068517434089966,-7.325588938169949,-0.45328894305815853,0,0,
142,44,prior_ecological_affine_constant,1,nontail,3623,69,9.851500511169434,False,1.197034006341648,0.266404233141718,0.3709476397976405,0.07656690268228768,3623,62,0.017112889870273255
142,44,prior_ecological_affine_constant,3,overall,3975,71,9.851500511169434,False,1.6109612878595514,0.2553233351125825,-0.41069021366189656,0.008216081829035323,3623,54,0.014904775048302512
142,44,prior_ecological_affine_constant,3,q90,352,44,9.851500511169434,False,7.778081291107389,0.49190305493769676,-6.752354117195545,-0.4275038261782668,0,0,
142,44,prior_ecological_affine_constant,3,nontail,3623,69,9.851500511169434,False,1.0117820879856243,0.2323379469319476,0.20544715703748104,0.05054934366137602,3623,54,0.014904775048302512
142,44,prior_ecological_affine_constant,5,overall,3975,71,9.851500511169434,False,1.5450774731173047,0.24618569048320146,-0.3410320031462681,0.00811083499242134,3623,56,0.015456803753795198
142,44,prior_ecological_affine_constant,5,q90,352,44,9.851500511169434,False,7.355923796699752,0.4660303806232978,-5.761505594250923,-0.3791428264970158,0,0,
142,44,prior_ecological_affine_constant,5,nontail,3623,69,9.851500511169434,False,0.9805127737242542,0.22482622845468536,0.18560523231297524,0.045735259183501076,3623,56,0.015456803753795198
142,44,prior_ecological_affine_gru_tuned_anchor,0,overall,3975,71,9.851500511169434,False,1.912995147254009,0.29604311822028156,-0.32743571666706456,0.050788692569462064,3623,65,0.017940932928512284
142,44,prior_ecological_affine_gru_tuned_anchor,0,q90,352,44,9.851500511169434,False,8.73579319735299,0.5447108752023763,-8.07729984605046,-0.49709876072216114,0,0,
142,44,prior_ecological_affine_gru_tuned_anchor,0,nontail,3623,69,9.851500511169434,False,1.250112201177597,0.2718832919829927,0.42551823683637335,0.10401982245040364,3623,65,0.017940932928512284
142,44,prior_ecological_affine_gru_tuned_anchor,1,overall,3975,71,9.851500511169434,False,1.8093070079531448,0.2876966919125563,-0.31060729742112475,0.02964633470728463,3623,62,0.017112889870273255
142,44,prior_ecological_affine_gru_tuned_anchor,1,q90,352,44,9.851500511169434,False,8.111196453516934,0.5068517434089966,-7.325588938169949,-0.45328894305815853,0,0,
142,44,prior_ecological_affine_gru_tuned_anchor,1,nontail,3623,69,9.851500511169434,False,1.197034006341648,0.266404233141718,0.3709476397976405,0.07656690268228768,3623,62,0.017112889870273255
142,44,prior_ecological_affine_gru_tuned_anchor,3,overall,3975,71,9.851500511169434,False,1.6052720929851418,0.25403796089215275,-0.4135543745830932,0.0083345617362195,3623,54,0.014904775048302512
142,44,prior_ecological_affine_gru_tuned_anchor,3,q90,352,44,9.851500511169434,False,7.763249462218051,0.49173204769304296,-6.743175689573477,-0.42736130170057046,0,0,
142,44,prior_ecological_affine_gru_tuned_anchor,3,nontail,3623,69,9.851500511169434,False,1.0069811644811442,0.2309443041011195,0.2014129737129639,0.05066548746896862,3623,54,0.014904775048302512
142,44,prior_ecological_affine_gru_tuned_anchor,5,overall,3975,71,9.851500511169434,False,1.5308731259590465,0.24294487649282395,-0.3362811490059736,0.00882557992343754,3623,57,0.01573281810654154
142,44,prior_ecological_affine_gru_tuned_anchor,5,q90,352,44,9.851500511169434,False,7.305652085425942,0.46750310119819427,-5.603400243982566,-0.3758654596521564,0,0,
142,44,prior_ecological_affine_gru_tuned_anchor,5,nontail,3623,69,9.851500511169434,False,0.9698126253428861,0.22112746134065994,0.17545661567295565,0.046201027323550456,3623,57,0.01573281810654154
142,44,prior_encoder_constant,0,overall,3975,71,9.851500511169434,False,1.8457013822264023,0.293249832343915,-0.37566302694248205,0.02259524265723673,3623,72,0.019873033397736682
142,44,prior_encoder_constant,0,q90,352,44,9.851500511169434,False,8.438477656733635,0.5232850682133371,-7.428917510287953,-0.45339998403446286,0,0,
142,44,prior_encoder_constant,0,nontail,3623,69,9.851500511169434,False,1.2051666738006375,0.27090028693236745,0.3096103868410138,0.06884153572802841,3623,72,0.019873033397736682
142,44,prior_encoder_constant,1,overall,3975,71,9.851500511169434,False,1.7370560056121747,0.2806876701047868,-0.4132618216412337,0.0008380576492960014,3623,63,0.017388904223019596
142,44,prior_encoder_constant,1,q90,352,44,9.851500511169434,False,7.96753965937203,0.49956332344400745,-6.996339887235357,-0.434590315632837,0,0,
142,44,prior_encoder_constant,1,nontail,3623,69,9.851500511169434,False,1.131720580239978,0.2594223568352848,0.22633063739523637,0.04314299482713504,3623,63,0.017388904223019596
142,44,prior_encoder_constant,3,overall,3975,71,9.851500511169434,False,1.5932132058772261,0.25571878344771737,-0.42327881873259365,-0.00703172904721876,3623,63,0.017388904223019596
142,44,prior_encoder_constant,3,q90,352,44,9.851500511169434,False,7.610545519360034,0.47987973362261466,-6.329866150011991,-0.4006916516638899,0,0,
142,44,prior_encoder_constant,3,nontail,3623,69,9.851500511169434,False,1.008586936391731,0.23393996631783498,0.15058779473976291,0.031215108590393243,3623,63,0.017388904223019596
142,44,prior_encoder_constant,5,overall,3975,71,9.851500511169434,False,1.597605747816573,0.25445840045344326,-0.37689454778015924,0.007461256166025833,3623,61,0.01683687551752691
142,44,prior_encoder_constant,5,q90,352,44,9.851500511169434,False,7.50686964236009,0.46911430696696943,-6.237294406157278,-0.3908469222476773,0,0,
142,44,prior_encoder_constant,5,nontail,3623,69,9.851500511169434,False,1.0234790873475372,0.23360306534641562,0.19248462697798216,0.04615970463459428,3623,61,0.01683687551752691
142,44,prior_encoder_gru_tuned_anchor,0,overall,3975,71,9.851500511169434,False,1.8457013822264023,0.293249832343915,-0.37566302694248205,0.02259524265723673,3623,72,0.019873033397736682
142,44,prior_encoder_gru_tuned_anchor,0,q90,352,44,9.851500511169434,False,8.438477656733635,0.5232850682133371,-7.428917510287953,-0.45339998403446286,0,0,
142,44,prior_encoder_gru_tuned_anchor,0,nontail,3623,69,9.851500511169434,False,1.2051666738006375,0.27090028693236745,0.3096103868410138,0.06884153572802841,3623,72,0.019873033397736682
142,44,prior_encoder_gru_tuned_anchor,1,overall,3975,71,9.851500511169434,False,1.7370560056121747,0.2806876701047868,-0.4132618216412337,0.0008380576492960014,3623,63,0.017388904223019596
142,44,prior_encoder_gru_tuned_anchor,1,q90,352,44,9.851500511169434,False,7.96753965937203,0.49956332344400745,-6.996339887235357,-0.434590315632837,0,0,
142,44,prior_encoder_gru_tuned_anchor,1,nontail,3623,69,9.851500511169434,False,1.131720580239978,0.2594223568352848,0.22633063739523637,0.04314299482713504,3623,63,0.017388904223019596
142,44,prior_encoder_gru_tuned_anchor,3,overall,3975,71,9.851500511169434,False,1.5876984872781694,0.25463134946233046,-0.4254558060008353,-0.0067975484890969795,3623,62,0.017112889870273255
142,44,prior_encoder_gru_tuned_anchor,3,q90,352,44,9.851500511169434,False,7.588580646548167,0.47949389080650334,-6.321867768129729,-0.4006736353024484,0,0,
142,44,prior_encoder_gru_tuned_anchor,3,nontail,3623,69,9.851500511169434,False,1.0046704662836792,0.23278436780261508,0.1474221986001501,0.031470291024648454,3623,62,0.017112889870273255
142,44,prior_encoder_gru_tuned_anchor,5,overall,3975,71,9.851500511169434,False,1.5933363925035242,0.25382839780553856,-0.3764081175947034,0.00774181442297448,3623,61,0.01683687551752691
142,44,prior_encoder_gru_tuned_anchor,5,q90,352,44,9.851500511169434,False,7.486134917778636,0.4688230183311232,-6.213773734195787,-0.390329175869644,0,0,
142,44,prior_encoder_gru_tuned_anchor,5,nontail,3623,69,9.851500511169434,False,1.0208094587754428,0.23294015424357178,0.19073311813358312,0.046417218392889384,3623,61,0.01683687551752691
142,44,prior_encoder_integrated_constant,0,overall,3975,71,9.851500511169434,False,1.8457013822264023,0.293249832343915,-0.37566302694248205,0.02259524265723673,3623,72,0.019873033397736682
142,44,prior_encoder_integrated_constant,0,q90,352,44,9.851500511169434,False,8.438477656733635,0.5232850682133371,-7.428917510287953,-0.45339998403446286,0,0,
142,44,prior_encoder_integrated_constant,0,nontail,3623,69,9.851500511169434,False,1.2051666738006375,0.27090028693236745,0.3096103868410138,0.06884153572802841,3623,72,0.019873033397736682
142,44,prior_encoder_integrated_constant,1,overall,3975,71,9.851500511169434,False,1.7370560056121747,0.2806876701047868,-0.4132618216412337,0.0008380576492960014,3623,63,0.017388904223019596
142,44,prior_encoder_integrated_constant,1,q90,352,44,9.851500511169434,False,7.96753965937203,0.49956332344400745,-6.996339887235357,-0.434590315632837,0,0,
142,44,prior_encoder_integrated_constant,1,nontail,3623,69,9.851500511169434,False,1.131720580239978,0.2594223568352848,0.22633063739523637,0.04314299482713504,3623,63,0.017388904223019596
142,44,prior_encoder_integrated_constant,3,overall,3975,71,9.851500511169434,False,1.5854401071025495,0.2509096476187416,-0.45114123972033343,-0.006922502866277643,3623,59,0.016284846812034227
142,44,prior_encoder_integrated_constant,3,q90,352,44,9.851500511169434,False,7.690501187213602,0.4878778358569669,-6.529597396718736,-0.4155962045979729,0,0,
142,44,prior_encoder_integrated_constant,3,nontail,3623,69,9.851500511169434,False,0.9922903692612325,0.227886516992229,0.1394236422182362,0.03278302929203226,3623,59,0.016284846812034227
142,44,prior_encoder_integrated_constant,5,overall,3975,71,9.851500511169434,False,1.597605747816573,0.25445840045344326,-0.37689454778015924,0.007461256166025833,3623,61,0.01683687551752691
142,44,prior_encoder_integrated_constant,5,q90,352,44,9.851500511169434,False,7.50686964236009,0.46911430696696943,-6.237294406157278,-0.3908469222476773,0,0,
142,44,prior_encoder_integrated_constant,5,nontail,3623,69,9.851500511169434,False,1.0234790873475372,0.23360306534641562,0.19248462697798216,0.04615970463459428,3623,61,0.01683687551752691
142,44,prior_encoder_integrated_gru_tuned_anchor,0,overall,3975,71,9.851500511169434,False,1.8457013822264023,0.293249832343915,-0.37566302694248205,0.02259524265723673,3623,72,0.019873033397736682
142,44,prior_encoder_integrated_gru_tuned_anchor,0,q90,352,44,9.851500511169434,False,8.438477656733635,0.5232850682133371,-7.428917510287953,-0.45339998403446286,0,0,
142,44,prior_encoder_integrated_gru_tuned_anchor,0,nontail,3623,69,9.851500511169434,False,1.2051666738006375,0.27090028693236745,0.3096103868410138,0.06884153572802841,3623,72,0.019873033397736682
142,44,prior_encoder_integrated_gru_tuned_anchor,1,overall,3975,71,9.851500511169434,False,1.7370560056121747,0.2806876701047868,-0.4132618216412337,0.0008380576492960014,3623,63,0.017388904223019596
142,44,prior_encoder_integrated_gru_tuned_anchor,1,q90,352,44,9.851500511169434,False,7.96753965937203,0.49956332344400745,-6.996339887235357,-0.434590315632837,0,0,
142,44,prior_encoder_integrated_gru_tuned_anchor,1,nontail,3623,69,9.851500511169434,False,1.131720580239978,0.2594223568352848,0.22633063739523637,0.04314299482713504,3623,63,0.017388904223019596
142,44,prior_encoder_integrated_gru_tuned_anchor,3,overall,3975,71,9.851500511169434,False,1.5798333523730201,0.24972425146534394,-0.45402296652998514,-0.006966624405575783,3623,59,0.016284846812034227
142,44,prior_encoder_integrated_gru_tuned_anchor,3,q90,352,44,9.851500511169434,False,7.670563141032075,0.4875334385550531,-6.520873537061024,-0.4155122150464258,0,0,
142,44,prior_encoder_integrated_gru_tuned_anchor,3,nontail,3623,69,9.851500511169434,False,0.9880760005629217,0.2266194118695455,0.13541435083874961,0.03272646085679773,3623,59,0.016284846812034227
142,44,prior_encoder_integrated_gru_tuned_anchor,5,overall,3975,71,9.851500511169434,False,1.5933363925035242,0.25382839780553856,-0.3764081175947034,0.00774181442297448,3623,61,0.01683687551752691
142,44,prior_encoder_integrated_gru_tuned_anchor,5,q90,352,44,9.851500511169434,False,7.486134917778636,0.4688230183311232,-6.213773734195787,-0.390329175869644,0,0,
142,44,prior_encoder_integrated_gru_tuned_anchor,5,nontail,3623,69,9.851500511169434,False,1.0208094587754428,0.23294015424357178,0.19073311813358312,0.046417218392889384,3623,61,0.01683687551752691
142,44,selective_constant,0,overall,3975,71,9.851500511169434,False,1.806880738781941,0.29581216142662853,-0.6884663593822115,-0.04437169356895208,3623,62,0.017112889870273255
142,44,selective_constant,0,q90,352,44,9.851500511169434,False,8.853509582299845,0.5734376117287318,-7.935877914266439,-0.5097205145570277,0,0,
142,44,selective_constant,0,nontail,3623,69,9.851500511169434,False,1.1222510526328102,0.26883889106882,0.015670783129311514,0.0008402261075046292,3623,62,0.017112889870273255
142,44,selective_constant,1,overall,3975,71,9.851500511169434,False,1.7087014422257385,0.28113762250172514,-0.6329997815804923,-0.04469939318213405,3623,57,0.01573281810654154
142,44,selective_constant,1,q90,352,44,9.851500511169434,False,8.282542269919682,0.5361284605114107,-7.346762225732134,-0.4735830735982017,0,0,
142,44,selective_constant,1,nontail,3623,69,9.851500511169434,False,1.0700064459938123,0.25636346435118434,0.019289586440865102,-0.0030303190704984305,3623,57,0.01573281810654154
142,44,selective_constant,3,overall,3975,71,9.851500511169434,False,1.585862948360195,0.25680457274170604,-0.567053783810622,-0.037592064307282576,3623,55,0.015180789401048854
142,44,selective_constant,3,q90,352,44,9.851500511169434,False,7.820332034789237,0.5036854809950143,-6.589938980913351,-0.42743440632885826,0,0,
142,44,selective_constant,3,nontail,3623,69,9.851500511169434,False,0.980140310098251,0.23281835145957394,0.018111987478409322,0.0002838684533010929,3623,55,0.015180789401048854
142,44,selective_constant,5,overall,3975,71,9.851500511169434,False,1.5667040691707357,0.2507120180464909,-0.536742049538636,-0.02497540349232279,3623,57,0.01573281810654154
142,44,selective_constant,5,q90,352,44,9.851500511169434,False,7.717974592915121,0.49271257799460294,-6.531602099592968,-0.41900797972514314,0,0,
142,44,selective_constant,5,nontail,3623,69,9.851500511169434,False,0.9690647580037406,0.22719995701923848,0.045700881076634566,0.013307640072113519,3623,57,0.01573281810654154
142,44,selective_gru_tuned_anchor,0,overall,3975,71,9.851500511169434,False,1.806880738781941,0.29581216142662853,-0.6884663593822115,-0.04437169356895208,3623,62,0.017112889870273255
142,44,selective_gru_tuned_anchor,0,q90,352,44,9.851500511169434,False,8.853509582299845,0.5734376117287318,-7.935877914266439,-0.5097205145570277,0,0,
142,44,selective_gru_tuned_anchor,0,nontail,3623,69,9.851500511169434,False,1.1222510526328102,0.26883889106882,0.015670783129311514,0.0008402261075046292,3623,62,0.017112889870273255
142,44,selective_gru_tuned_anchor,1,overall,3975,71,9.851500511169434,False,1.7087014422257385,0.28113762250172514,-0.6329997815804923,-0.04469939318213405,3623,57,0.01573281810654154
142,44,selective_gru_tuned_anchor,1,q90,352,44,9.851500511169434,False,8.282542269919682,0.5361284605114107,-7.346762225732134,-0.4735830735982017,0,0,
142,44,selective_gru_tuned_anchor,1,nontail,3623,69,9.851500511169434,False,1.0700064459938123,0.25636346435118434,0.019289586440865102,-0.0030303190704984305,3623,57,0.01573281810654154
142,44,selective_gru_tuned_anchor,3,overall,3975,71,9.851500511169434,False,1.5808048792422138,0.2556926341196278,-0.5695163007987939,-0.03756623165124987,3623,56,0.015456803753795198
142,44,selective_gru_tuned_anchor,3,q90,352,44,9.851500511169434,False,7.80188927628617,0.5034794117221911,-6.5821541570102,-0.4274539675185199,0,0,
142,44,selective_gru_tuned_anchor,3,nontail,3623,69,9.851500511169434,False,0.9763826579450919,0.2316184012418739,0.014653869056688994,0.0003141114415679628,3623,56,0.015456803753795198
142,44,selective_gru_tuned_anchor,5,overall,3975,71,9.851500511169434,False,1.5631901577945588,0.250220624296441,-0.5361923196997258,-0.024853082669442653,3623,57,0.01573281810654154
142,44,selective_gru_tuned_anchor,5,q90,352,44,9.851500511169434,False,7.699316870236225,0.4925226346289034,-6.508144236376495,-0.418476159124997,0,0,
142,44,selective_gru_tuned_anchor,5,nontail,3623,69,9.851500511169434,False,0.9670221746923048,0.22667927523847053,0.04402492420593885,0.013390175103771574,3623,57,0.01573281810654154
142,44,selective_integrated_constant,0,overall,3975,71,9.851500511169434,False,1.806880738781941,0.29581216142662853,-0.6884663593822115,-0.04437169356895208,3623,62,0.017112889870273255
142,44,selective_integrated_constant,0,q90,352,44,9.851500511169434,False,8.853509582299845,0.5734376117287318,-7.935877914266439,-0.5097205145570277,0,0,
142,44,selective_integrated_constant,0,nontail,3623,69,9.851500511169434,False,1.1222510526328102,0.26883889106882,0.015670783129311514,0.0008402261075046292,3623,62,0.017112889870273255
142,44,selective_integrated_constant,1,overall,3975,71,9.851500511169434,False,1.7087014422257385,0.28113762250172514,-0.6329997815804923,-0.04469939318213405,3623,57,0.01573281810654154
142,44,selective_integrated_constant,1,q90,352,44,9.851500511169434,False,8.282542269919682,0.5361284605114107,-7.346762225732134,-0.4735830735982017,0,0,
142,44,selective_integrated_constant,1,nontail,3623,69,9.851500511169434,False,1.0700064459938123,0.25636346435118434,0.019289586440865102,-0.0030303190704984305,3623,57,0.01573281810654154
142,44,selective_integrated_constant,3,overall,3975,71,9.851500511169434,False,1.585862948360195,0.25680457274170604,-0.567053783810622,-0.037592064307282576,3623,55,0.015180789401048854
142,44,selective_integrated_constant,3,q90,352,44,9.851500511169434,False,7.820332034789237,0.5036854809950143,-6.589938980913351,-0.42743440632885826,0,0,
142,44,selective_integrated_constant,3,nontail,3623,69,9.851500511169434,False,0.980140310098251,0.23281835145957394,0.018111987478409322,0.0002838684533010929,3623,55,0.015180789401048854
142,44,selective_integrated_constant,5,overall,3975,71,9.851500511169434,False,1.5667040691707357,0.2507120180464909,-0.536742049538636,-0.02497540349232279,3623,57,0.01573281810654154
142,44,selective_integrated_constant,5,q90,352,44,9.851500511169434,False,7.717974592915121,0.49271257799460294,-6.531602099592968,-0.41900797972514314,0,0,
142,44,selective_integrated_constant,5,nontail,3623,69,9.851500511169434,False,0.9690647580037406,0.22719995701923848,0.045700881076634566,0.013307640072113519,3623,57,0.01573281810654154
142,44,selective_integrated_gru_tuned_anchor,0,overall,3975,71,9.851500511169434,False,1.806880738781941,0.29581216142662853,-0.6884663593822115,-0.04437169356895208,3623,62,0.017112889870273255
142,44,selective_integrated_gru_tuned_anchor,0,q90,352,44,9.851500511169434,False,8.853509582299845,0.5734376117287318,-7.935877914266439,-0.5097205145570277,0,0,
142,44,selective_integrated_gru_tuned_anchor,0,nontail,3623,69,9.851500511169434,False,1.1222510526328102,0.26883889106882,0.015670783129311514,0.0008402261075046292,3623,62,0.017112889870273255
142,44,selective_integrated_gru_tuned_anchor,1,overall,3975,71,9.851500511169434,False,1.7087014422257385,0.28113762250172514,-0.6329997815804923,-0.04469939318213405,3623,57,0.01573281810654154
142,44,selective_integrated_gru_tuned_anchor,1,q90,352,44,9.851500511169434,False,8.282542269919682,0.5361284605114107,-7.346762225732134,-0.4735830735982017,0,0,
142,44,selective_integrated_gru_tuned_anchor,1,nontail,3623,69,9.851500511169434,False,1.0700064459938123,0.25636346435118434,0.019289586440865102,-0.0030303190704984305,3623,57,0.01573281810654154
142,44,selective_integrated_gru_tuned_anchor,3,overall,3975,71,9.851500511169434,False,1.5808048792422138,0.2556926341196278,-0.5695163007987939,-0.03756623165124987,3623,56,0.015456803753795198
142,44,selective_integrated_gru_tuned_anchor,3,q90,352,44,9.851500511169434,False,7.80188927628617,0.5034794117221911,-6.5821541570102,-0.4274539675185199,0,0,
142,44,selective_integrated_gru_tuned_anchor,3,nontail,3623,69,9.851500511169434,False,0.9763826579450919,0.2316184012418739,0.014653869056688994,0.0003141114415679628,3623,56,0.015456803753795198
142,44,selective_integrated_gru_tuned_anchor,5,overall,3975,71,9.851500511169434,False,1.5061233473059403,0.2384868863489727,-0.41234649228766557,-0.01115502143891221,3623,57,0.01573281810654154
142,44,selective_integrated_gru_tuned_anchor,5,q90,352,44,9.851500511169434,False,7.348301073387447,0.47456221600676396,-5.563493501537255,-0.37814516695257355,0,0,
142,44,selective_integrated_gru_tuned_anchor,5,nontail,3623,69,9.851500511169434,False,0.9385145812058324,0.21555050323013675,0.08812376640840267,0.024500659273428052,3623,57,0.01573281810654154
142,44,station_constant,0,overall,3975,71,9.851500511169434,False,1.940033452051531,0.3069031801825721,-0.33582597207515236,0.015419393380868467,3623,102,0.028153463980126966
142,44,station_constant,0,q90,352,44,9.851500511169434,False,8.453508476735024,0.528672726936236,-7.431561190948304,-0.4579265349619435,0,0,
142,44,station_constant,0,nontail,3623,69,9.851500511169434,False,1.3072034192917765,0.28535670475963815,0.3535747447460866,0.061408288433772086,3623,102,0.028153463980126966
142,44,station_constant,1,overall,3975,71,9.851500511169434,False,1.8083993109645184,0.2894354279812556,-0.3570030068240127,-0.00035366012825645385,3623,68,0.01876897598675131
142,44,station_constant,1,q90,352,44,9.851500511169434,False,7.931143851095954,0.49981712406422213,-6.9421018234953005,-0.43352139940918966,0,0,
142,44,station_constant,1,nontail,3623,69,9.851500511169434,False,1.213531500275513,0.26899536256000134,0.2827857824302774,0.041731640513998164,3623,68,0.01876897598675131
142,44,station_constant,3,overall,3975,71,9.851500511169434,False,1.6138164919716134,0.25624940345284963,-0.4177535209579744,-0.0100531820615599,3623,66,0.018216947281258625
142,44,station_constant,3,q90,352,44,9.851500511169434,False,7.619306269494822,0.4821106526557759,-6.352060044641558,-0.40339686497997024,0,0,
142,44,station_constant,3,nontail,3623,69,9.851500511169434,False,1.0303408083701315,0.23430539028160202,0.1588062075368147,0.02816293065919098,3623,66,0.018216947281258625
142,44,station_constant,5,overall,3975,71,9.851500511169434,False,1.627544987617809,0.25703779070471255,-0.37467423158306545,0.0015093406115193866,3623,65,0.017940932928512284
142,44,station_constant,5,q90,352,44,9.851500511169434,False,7.535868667609015,0.4725507766440977,-6.282589959572403,-0.39472397401109804,0,0,
142,44,station_constant,5,nontail,3623,69,9.851500511169434,False,1.0535096756230793,0.23609918428719565,0.19932144499773688,0.040006201430498496,3623,65,0.017940932928512284
142,44,station_gru_tuned_anchor,0,overall,3975,71,9.851500511169434,False,1.940033452051531,0.3069031801825721,-0.33582597207515236,0.015419393380868467,3623,102,0.028153463980126966
142,44,station_gru_tuned_anchor,0,q90,352,44,9.851500511169434,False,8.453508476735024,0.528672726936236,-7.431561190948304,-0.4579265349619435,0,0,
142,44,station_gru_tuned_anchor,0,nontail,3623,69,9.851500511169434,False,1.3072034192917765,0.28535670475963815,0.3535747447460866,0.061408288433772086,3623,102,0.028153463980126966
142,44,station_gru_tuned_anchor,1,overall,3975,71,9.851500511169434,False,1.8083993109645184,0.2894354279812556,-0.3570030068240127,-0.00035366012825645385,3623,68,0.01876897598675131
142,44,station_gru_tuned_anchor,1,q90,352,44,9.851500511169434,False,7.931143851095954,0.49981712406422213,-6.9421018234953005,-0.43352139940918966,0,0,
142,44,station_gru_tuned_anchor,1,nontail,3623,69,9.851500511169434,False,1.213531500275513,0.26899536256000134,0.2827857824302774,0.041731640513998164,3623,68,0.01876897598675131
142,44,station_gru_tuned_anchor,3,overall,3975,71,9.851500511169434,False,1.6067680013926091,0.2546570475640202,-0.42095031973440034,-0.0100546796313701,3623,66,0.018216947281258625
142,44,station_gru_tuned_anchor,3,q90,352,44,9.851500511169434,False,7.596224907182215,0.4816088434486266,-6.342992253620389,-0.40326152998051046,0,0,
142,44,station_gru_tuned_anchor,3,nontail,3623,69,9.851500511169434,False,1.0248500243465306,0.23260708009193035,0.15441781736962074,0.02814813884031011,3623,66,0.018216947281258625
142,44,station_gru_tuned_anchor,5,overall,3975,71,9.851500511169434,False,1.6226879208956995,0.2562534184134779,-0.37444803928892845,0.0017202799877735991,3623,65,0.017940932928512284
142,44,station_gru_tuned_anchor,5,q90,352,44,9.851500511169434,False,7.513700981871455,0.47215555906349865,-6.25839298496652,-0.39413956820956386,0,0,
142,44,station_gru_tuned_anchor,5,nontail,3623,69,9.851500511169434,False,1.0503344576156919,0.23527700287143885,0.19721870674433462,0.040180855909789266,3623,65,0.017940932928512284
142,44,station_integrated_constant,0,overall,3975,71,9.851500511169434,False,1.940033452051531,0.3069031801825721,-0.33582597207515236,0.015419393380868467,3623,102,0.028153463980126966
142,44,station_integrated_constant,0,q90,352,44,9.851500511169434,False,8.453508476735024,0.528672726936236,-7.431561190948304,-0.4579265349619435,0,0,
142,44,station_integrated_constant,0,nontail,3623,69,9.851500511169434,False,1.3072034192917765,0.28535670475963815,0.3535747447460866,0.061408288433772086,3623,102,0.028153463980126966
142,44,station_integrated_constant,1,overall,3975,71,9.851500511169434,False,1.8083993109645184,0.2894354279812556,-0.3570030068240127,-0.00035366012825645385,3623,68,0.01876897598675131
142,44,station_integrated_constant,1,q90,352,44,9.851500511169434,False,7.931143851095954,0.49981712406422213,-6.9421018234953005,-0.43352139940918966,0,0,
142,44,station_integrated_constant,1,nontail,3623,69,9.851500511169434,False,1.213531500275513,0.26899536256000134,0.2827857824302774,0.041731640513998164,3623,68,0.01876897598675131
142,44,station_integrated_constant,3,overall,3975,71,9.851500511169434,False,1.6138164919716134,0.25624940345284963,-0.4177535209579744,-0.0100531820615599,3623,66,0.018216947281258625
142,44,station_integrated_constant,3,q90,352,44,9.851500511169434,False,7.619306269494822,0.4821106526557759,-6.352060044641558,-0.40339686497997024,0,0,
142,44,station_integrated_constant,3,nontail,3623,69,9.851500511169434,False,1.0303408083701315,0.23430539028160202,0.1588062075368147,0.02816293065919098,3623,66,0.018216947281258625
142,44,station_integrated_constant,5,overall,3975,71,9.851500511169434,False,1.627544987617809,0.25703779070471255,-0.37467423158306545,0.0015093406115193866,3623,65,0.017940932928512284
142,44,station_integrated_constant,5,q90,352,44,9.851500511169434,False,7.535868667609015,0.4725507766440977,-6.282589959572403,-0.39472397401109804,0,0,
142,44,station_integrated_constant,5,nontail,3623,69,9.851500511169434,False,1.0535096756230793,0.23609918428719565,0.19932144499773688,0.040006201430498496,3623,65,0.017940932928512284
142,44,station_integrated_gru_tuned_anchor,0,overall,3975,71,9.851500511169434,False,1.940033452051531,0.3069031801825721,-0.33582597207515236,0.015419393380868467,3623,102,0.028153463980126966
142,44,station_integrated_gru_tuned_anchor,0,q90,352,44,9.851500511169434,False,8.453508476735024,0.528672726936236,-7.431561190948304,-0.4579265349619435,0,0,
142,44,station_integrated_gru_tuned_anchor,0,nontail,3623,69,9.851500511169434,False,1.3072034192917765,0.28535670475963815,0.3535747447460866,0.061408288433772086,3623,102,0.028153463980126966
142,44,station_integrated_gru_tuned_anchor,1,overall,3975,71,9.851500511169434,False,1.8083993109645184,0.2894354279812556,-0.3570030068240127,-0.00035366012825645385,3623,68,0.01876897598675131
142,44,station_integrated_gru_tuned_anchor,1,q90,352,44,9.851500511169434,False,7.931143851095954,0.49981712406422213,-6.9421018234953005,-0.43352139940918966,0,0,
142,44,station_integrated_gru_tuned_anchor,1,nontail,3623,69,9.851500511169434,False,1.213531500275513,0.26899536256000134,0.2827857824302774,0.041731640513998164,3623,68,0.01876897598675131
142,44,station_integrated_gru_tuned_anchor,3,overall,3975,71,9.851500511169434,False,1.6067680013926091,0.2546570475640202,-0.42095031973440034,-0.0100546796313701,3623,66,0.018216947281258625
142,44,station_integrated_gru_tuned_anchor,3,q90,352,44,9.851500511169434,False,7.596224907182215,0.4816088434486266,-6.342992253620389,-0.40326152998051046,0,0,
142,44,station_integrated_gru_tuned_anchor,3,nontail,3623,69,9.851500511169434,False,1.0248500243465306,0.23260708009193035,0.15441781736962074,0.02814813884031011,3623,66,0.018216947281258625
142,44,station_integrated_gru_tuned_anchor,5,overall,3975,71,9.851500511169434,False,1.6226879208956995,0.2562534184134779,-0.37444803928892845,0.0017202799877735991,3623,65,0.017940932928512284
142,44,station_integrated_gru_tuned_anchor,5,q90,352,44,9.851500511169434,False,7.513700981871455,0.47215555906349865,-6.25839298496652,-0.39413956820956386,0,0,
142,44,station_integrated_gru_tuned_anchor,5,nontail,3623,69,9.851500511169434,False,1.0503344576156919,0.23527700287143885,0.19721870674433462,0.040180855909789266,3623,65,0.017940932928512284
142,44,tail2_constant,0,overall,3975,71,9.851500511169434,False,1.8457013822264023,0.293249832343915,-0.37566302694248205,0.02259524265723673,3623,72,0.019873033397736682
142,44,tail2_constant,0,q90,352,44,9.851500511169434,False,8.438477656733635,0.5232850682133371,-7.428917510287953,-0.45339998403446286,0,0,
142,44,tail2_constant,0,nontail,3623,69,9.851500511169434,False,1.2051666738006375,0.27090028693236745,0.3096103868410138,0.06884153572802841,3623,72,0.019873033397736682
142,44,tail2_constant,1,overall,3975,71,9.851500511169434,False,1.7370560056121747,0.2806876701047868,-0.4132618216412337,0.0008380576492960014,3623,63,0.017388904223019596
142,44,tail2_constant,1,q90,352,44,9.851500511169434,False,7.96753965937203,0.49956332344400745,-6.996339887235357,-0.434590315632837,0,0,
142,44,tail2_constant,1,nontail,3623,69,9.851500511169434,False,1.131720580239978,0.2594223568352848,0.22633063739523637,0.04314299482713504,3623,63,0.017388904223019596
142,44,tail2_constant,3,overall,3975,71,9.851500511169434,False,1.5932132058772261,0.25571878344771737,-0.42327881873259365,-0.00703172904721876,3623,63,0.017388904223019596
142,44,tail2_constant,3,q90,352,44,9.851500511169434,False,7.610545519360034,0.47987973362261466,-6.329866150011991,-0.4006916516638899,0,0,
142,44,tail2_constant,3,nontail,3623,69,9.851500511169434,False,1.008586936391731,0.23393996631783498,0.15058779473976291,0.031215108590393243,3623,63,0.017388904223019596
142,44,tail2_constant,5,overall,3975,71,9.851500511169434,False,1.597605747816573,0.25445840045344326,-0.37689454778015924,0.007461256166025833,3623,61,0.01683687551752691
142,44,tail2_constant,5,q90,352,44,9.851500511169434,False,7.50686964236009,0.46911430696696943,-6.237294406157278,-0.3908469222476773,0,0,
142,44,tail2_constant,5,nontail,3623,69,9.851500511169434,False,1.0234790873475372,0.23360306534641562,0.19248462697798216,0.04615970463459428,3623,61,0.01683687551752691
142,44,tail2_gru_tuned_anchor,0,overall,3975,71,9.851500511169434,False,1.8457013822264023,0.293249832343915,-0.37566302694248205,0.02259524265723673,3623,72,0.019873033397736682
142,44,tail2_gru_tuned_anchor,0,q90,352,44,9.851500511169434,False,8.438477656733635,0.5232850682133371,-7.428917510287953,-0.45339998403446286,0,0,
142,44,tail2_gru_tuned_anchor,0,nontail,3623,69,9.851500511169434,False,1.2051666738006375,0.27090028693236745,0.3096103868410138,0.06884153572802841,3623,72,0.019873033397736682
142,44,tail2_gru_tuned_anchor,1,overall,3975,71,9.851500511169434,False,1.7370560056121747,0.2806876701047868,-0.4132618216412337,0.0008380576492960014,3623,63,0.017388904223019596
142,44,tail2_gru_tuned_anchor,1,q90,352,44,9.851500511169434,False,7.96753965937203,0.49956332344400745,-6.996339887235357,-0.434590315632837,0,0,
142,44,tail2_gru_tuned_anchor,1,nontail,3623,69,9.851500511169434,False,1.131720580239978,0.2594223568352848,0.22633063739523637,0.04314299482713504,3623,63,0.017388904223019596
142,44,tail2_gru_tuned_anchor,3,overall,3975,71,9.851500511169434,False,1.5876984872781694,0.25463134946233046,-0.4254558060008353,-0.0067975484890969795,3623,62,0.017112889870273255
142,44,tail2_gru_tuned_anchor,3,q90,352,44,9.851500511169434,False,7.588580646548167,0.47949389080650334,-6.321867768129729,-0.4006736353024484,0,0,
142,44,tail2_gru_tuned_anchor,3,nontail,3623,69,9.851500511169434,False,1.0046704662836792,0.23278436780261508,0.1474221986001501,0.031470291024648454,3623,62,0.017112889870273255
142,44,tail2_gru_tuned_anchor,5,overall,3975,71,9.851500511169434,False,1.5933363925035242,0.25382839780553856,-0.3764081175947034,0.00774181442297448,3623,61,0.01683687551752691
142,44,tail2_gru_tuned_anchor,5,q90,352,44,9.851500511169434,False,7.486134917778636,0.4688230183311232,-6.213773734195787,-0.390329175869644,0,0,
142,44,tail2_gru_tuned_anchor,5,nontail,3623,69,9.851500511169434,False,1.0208094587754428,0.23294015424357178,0.19073311813358312,0.046417218392889384,3623,61,0.01683687551752691
142,44,tail2_integrated_constant,0,overall,3975,71,9.851500511169434,False,1.8457013822264023,0.293249832343915,-0.37566302694248205,0.02259524265723673,3623,72,0.019873033397736682
142,44,tail2_integrated_constant,0,q90,352,44,9.851500511169434,False,8.438477656733635,0.5232850682133371,-7.428917510287953,-0.45339998403446286,0,0,
142,44,tail2_integrated_constant,0,nontail,3623,69,9.851500511169434,False,1.2051666738006375,0.27090028693236745,0.3096103868410138,0.06884153572802841,3623,72,0.019873033397736682
142,44,tail2_integrated_constant,1,overall,3975,71,9.851500511169434,False,1.7370560056121747,0.2806876701047868,-0.4132618216412337,0.0008380576492960014,3623,63,0.017388904223019596
142,44,tail2_integrated_constant,1,q90,352,44,9.851500511169434,False,7.96753965937203,0.49956332344400745,-6.996339887235357,-0.434590315632837,0,0,
142,44,tail2_integrated_constant,1,nontail,3623,69,9.851500511169434,False,1.131720580239978,0.2594223568352848,0.22633063739523637,0.04314299482713504,3623,63,0.017388904223019596
142,44,tail2_integrated_constant,3,overall,3975,71,9.851500511169434,False,1.5854401071025495,0.2509096476187416,-0.45114123972033343,-0.006922502866277643,3623,59,0.016284846812034227
142,44,tail2_integrated_constant,3,q90,352,44,9.851500511169434,False,7.690501187213602,0.4878778358569669,-6.529597396718736,-0.4155962045979729,0,0,
142,44,tail2_integrated_constant,3,nontail,3623,69,9.851500511169434,False,0.9922903692612325,0.227886516992229,0.1394236422182362,0.03278302929203226,3623,59,0.016284846812034227
142,44,tail2_integrated_constant,5,overall,3975,71,9.851500511169434,False,1.597605747816573,0.25445840045344326,-0.37689454778015924,0.007461256166025833,3623,61,0.01683687551752691
142,44,tail2_integrated_constant,5,q90,352,44,9.851500511169434,False,7.50686964236009,0.46911430696696943,-6.237294406157278,-0.3908469222476773,0,0,
142,44,tail2_integrated_constant,5,nontail,3623,69,9.851500511169434,False,1.0234790873475372,0.23360306534641562,0.19248462697798216,0.04615970463459428,3623,61,0.01683687551752691
142,44,tail2_integrated_gru_tuned_anchor,0,overall,3975,71,9.851500511169434,False,1.8457013822264023,0.293249832343915,-0.37566302694248205,0.02259524265723673,3623,72,0.019873033397736682
142,44,tail2_integrated_gru_tuned_anchor,0,q90,352,44,9.851500511169434,False,8.438477656733635,0.5232850682133371,-7.428917510287953,-0.45339998403446286,0,0,
142,44,tail2_integrated_gru_tuned_anchor,0,nontail,3623,69,9.851500511169434,False,1.2051666738006375,0.27090028693236745,0.3096103868410138,0.06884153572802841,3623,72,0.019873033397736682
142,44,tail2_integrated_gru_tuned_anchor,1,overall,3975,71,9.851500511169434,False,1.7370560056121747,0.2806876701047868,-0.4132618216412337,0.0008380576492960014,3623,63,0.017388904223019596
142,44,tail2_integrated_gru_tuned_anchor,1,q90,352,44,9.851500511169434,False,7.96753965937203,0.49956332344400745,-6.996339887235357,-0.434590315632837,0,0,
142,44,tail2_integrated_gru_tuned_anchor,1,nontail,3623,69,9.851500511169434,False,1.131720580239978,0.2594223568352848,0.22633063739523637,0.04314299482713504,3623,63,0.017388904223019596
142,44,tail2_integrated_gru_tuned_anchor,3,overall,3975,71,9.851500511169434,False,1.5798333523730201,0.24972425146534394,-0.45402296652998514,-0.006966624405575783,3623,59,0.016284846812034227
142,44,tail2_integrated_gru_tuned_anchor,3,q90,352,44,9.851500511169434,False,7.670563141032075,0.4875334385550531,-6.520873537061024,-0.4155122150464258,0,0,
142,44,tail2_integrated_gru_tuned_anchor,3,nontail,3623,69,9.851500511169434,False,0.9880760005629217,0.2266194118695455,0.13541435083874961,0.03272646085679773,3623,59,0.016284846812034227
142,44,tail2_integrated_gru_tuned_anchor,5,overall,3975,71,9.851500511169434,False,1.5933363925035242,0.25382839780553856,-0.3764081175947034,0.00774181442297448,3623,61,0.01683687551752691
142,44,tail2_integrated_gru_tuned_anchor,5,q90,352,44,9.851500511169434,False,7.486134917778636,0.4688230183311232,-6.213773734195787,-0.390329175869644,0,0,
142,44,tail2_integrated_gru_tuned_anchor,5,nontail,3623,69,9.851500511169434,False,1.0208094587754428,0.23294015424357178,0.19073311813358312,0.046417218392889384,3623,61,0.01683687551752691
143,42,context_constant,0,overall,3907,71,10.0,False,1.7108539025725604,0.24263649789070207,-0.26752241399747445,0.04382146868980768,3467,90,0.025959042399769254
143,42,context_constant,0,q90,440,42,10.0,False,6.3892898000170275,0.4252168986490927,-4.979206325838941,-0.32791093233872864,0,0,
143,42,context_constant,0,nontail,3467,69,10.0,False,1.1171095140881169,0.2194650596635051,0.3304415090513416,0.09099835258151692,3467,90,0.025959042399769254
143,42,context_constant,1,overall,3907,71,10.0,False,1.7238258917819502,0.24329626737931867,-0.2734186558406577,0.03992480604210709,3467,85,0.02451687337755985
143,42,context_constant,1,q90,440,42,10.0,False,6.438770940538625,0.4279182349592056,-5.146528821040803,-0.3394157558435604,0,0,
143,42,context_constant,1,nontail,3467,69,10.0,False,1.1254480949971402,0.21986573212256924,0.34503201410109696,0.08806724827738072,3467,85,0.02451687337755985
143,42,context_constant,3,overall,3907,71,10.0,False,1.651692919871553,0.22784620020075086,-0.32812395596333455,0.014488662122877506,3467,67,0.019325064897606
143,42,context_constant,3,q90,440,42,10.0,False,6.5074598057809885,0.4440624452358515,-4.6519063802782545,-0.3251150139736189,0,0,
143,42,context_constant,3,nontail,3467,69,10.0,False,1.035443300661818,0.20040600758020155,0.220611050295265,0.05758806145442017,3467,67,0.019325064897606
143,42,context_constant,5,overall,3907,71,10.0,False,1.6076240849607295,0.22026819063919514,-0.3217511243922063,0.0027798371019797613,3467,86,0.024805307182001732
143,42,context_constant,5,q90,440,42,10.0,False,6.231790073396975,0.4215870629377831,-4.1890413678864595,-0.2896840585889784,0,0,
143,42,context_constant,5,nontail,3467,69,10.0,False,1.0207671380579468,0.1947186366122616,0.16905006024507996,0.03989668570423577,3467,86,0.024805307182001732
143,42,context_gru_tuned_anchor,0,overall,3907,71,10.0,False,1.7108539025725604,0.24263649789070207,-0.26752241399747445,0.04382146868980768,3467,90,0.025959042399769254
143,42,context_gru_tuned_anchor,0,q90,440,42,10.0,False,6.3892898000170275,0.4252168986490927,-4.979206325838941,-0.32791093233872864,0,0,
143,42,context_gru_tuned_anchor,0,nontail,3467,69,10.0,False,1.1171095140881169,0.2194650596635051,0.3304415090513416,0.09099835258151692,3467,90,0.025959042399769254
143,42,context_gru_tuned_anchor,1,overall,3907,71,10.0,False,1.7238258917819502,0.24329626737931867,-0.2734186558406577,0.03992480604210709,3467,85,0.02451687337755985
143,42,context_gru_tuned_anchor,1,q90,440,42,10.0,False,6.438770940538625,0.4279182349592056,-5.146528821040803,-0.3394157558435604,0,0,
143,42,context_gru_tuned_anchor,1,nontail,3467,69,10.0,False,1.1254480949971402,0.21986573212256924,0.34503201410109696,0.08806724827738072,3467,85,0.02451687337755985
143,42,context_gru_tuned_anchor,3,overall,3907,71,10.0,False,1.6695860456818707,0.2292829649453067,-0.3292283420302305,0.012270512142954031,3467,67,0.019325064897606
143,42,context_gru_tuned_anchor,3,q90,440,42,10.0,False,6.569848372135006,0.44673010073689184,-4.626255426608371,-0.323825245528389,0,0,
143,42,context_gru_tuned_anchor,3,nontail,3467,69,10.0,False,1.0476894712257478,0.2016865589031096,0.21611112067942678,0.05492471848139963,3467,67,0.019325064897606
143,42,context_gru_tuned_anchor,5,overall,3907,71,10.0,False,1.6045567522231414,0.21938344178965125,-0.31192831344651817,0.0032593824931953265,3467,89,0.025670608595327372
143,42,context_gru_tuned_anchor,5,q90,440,42,10.0,False,6.218610131449017,0.4196344024222729,-4.1731264888436135,-0.28774230431884795,0,0,
143,42,context_gru_tuned_anchor,5,nontail,3467,69,10.0,False,1.0189832053932062,0.1939694173655516,0.17809972150436787,0.040190660888724326,3467,89,0.025670608595327372
143,42,mae_constant,0,overall,3907,71,10.0,False,1.765660433442461,0.25080696811646297,-0.47845400133961774,-0.027792278832419734,3467,84,0.02422843957311797
143,42,mae_constant,0,q90,440,42,10.0,False,6.398506094716335,0.43185723612950694,-4.267375567239208,-0.29379137769169017,0,0,
143,42,mae_constant,0,nontail,3467,69,10.0,False,1.1777019416742163,0.22782972037324425,0.0024013459334769655,0.0059658992749004325,3467,84,0.02422843957311797
143,42,mae_constant,1,overall,3907,71,10.0,False,1.750694799455649,0.24658346696312627,-0.5668346964118972,-0.03427109379830466,3467,78,0.022497836746466687
143,42,mae_constant,1,q90,440,42,10.0,False,6.462965667830852,0.4378795119682278,-4.803645857397611,-0.32831201363520646,0,0,
143,42,mae_constant,1,nontail,3467,69,10.0,False,1.1526563852401632,0.22230591870750332,-0.029137289191327926,0.0030458963165602994,3467,78,0.022497836746466687
143,42,mae_constant,3,overall,3907,71,10.0,False,1.6399386324589726,0.22593721258913188,-0.4724829302076358,-0.02219792619124418,3467,68,0.01961349870204788
143,42,mae_constant,3,q90,440,42,10.0,False,6.510496050829889,0.4446602748981666,-4.46749399632692,-0.31529165695115313,0,0,
143,42,mae_constant,3,nontail,3467,69,10.0,False,1.0218119338482994,0.1981788775975036,0.03452741565117153,0.014998855330059522,3467,68,0.01961349870204788
143,42,mae_constant,5,overall,3907,71,10.0,False,1.6119146256736891,0.2205338953164012,-0.388925170137794,-0.012104779434367698,3467,90,0.025959042399769254
143,42,mae_constant,5,q90,440,42,10.0,False,6.205107841676438,0.4169047925984234,-4.134804916517469,-0.2827425341340748,0,0,
143,42,mae_constant,5,nontail,3467,69,10.0,False,1.028988460389233,0.19561229312312461,0.08646770220343952,0.022242094539636093,3467,90,0.025959042399769254
143,42,mae_gru_tuned_anchor,0,overall,3907,71,10.0,False,1.765660433442461,0.25080696811646297,-0.47845400133961774,-0.027792278832419734,3467,84,0.02422843957311797
143,42,mae_gru_tuned_anchor,0,q90,440,42,10.0,False,6.398506094716335,0.43185723612950694,-4.267375567239208,-0.29379137769169017,0,0,
143,42,mae_gru_tuned_anchor,0,nontail,3467,69,10.0,False,1.1777019416742163,0.22782972037324425,0.0024013459334769655,0.0059658992749004325,3467,84,0.02422843957311797
143,42,mae_gru_tuned_anchor,1,overall,3907,71,10.0,False,1.750694799455649,0.24658346696312627,-0.5668346964118972,-0.03427109379830466,3467,78,0.022497836746466687
143,42,mae_gru_tuned_anchor,1,q90,440,42,10.0,False,6.462965667830852,0.4378795119682278,-4.803645857397611,-0.32831201363520646,0,0,
143,42,mae_gru_tuned_anchor,1,nontail,3467,69,10.0,False,1.1526563852401632,0.22230591870750332,-0.029137289191327926,0.0030458963165602994,3467,78,0.022497836746466687
143,42,mae_gru_tuned_anchor,3,overall,3907,71,10.0,False,1.6581466850650362,0.22802353742015796,-0.46879767618935536,-0.023525124455092337,3467,71,0.02047880011537352
143,42,mae_gru_tuned_anchor,3,q90,440,42,10.0,False,6.583469134734394,0.44823101559516165,-4.449217405836157,-0.31498500675486957,0,0,
143,42,mae_gru_tuned_anchor,3,nontail,3467,69,10.0,False,1.0330697084701363,0.20007681391366772,0.03636087040556613,0.013464303930226951,3467,71,0.02047880011537352
143,42,mae_gru_tuned_anchor,5,overall,3907,71,10.0,False,1.6027723948886905,0.21842017938776773,-0.37426274019978983,-0.01020429482078992,3467,93,0.026824343813094894
143,42,mae_gru_tuned_anchor,5,q90,440,42,10.0,False,6.191141672934039,0.41516784260551093,-4.140042762527287,-0.2827641522945447,0,0,
143,42,mae_gru_tuned_anchor,5,nontail,3467,69,10.0,False,1.02045843978631,0.19345076150031257,0.10365569355391618,0.024386514896098485,3467,93,0.026824343813094894
143,42,mae_integrated_constant,0,overall,3907,71,10.0,False,1.765660433442461,0.25080696811646297,-0.47845400133961774,-0.027792278832419734,3467,84,0.02422843957311797
143,42,mae_integrated_constant,0,q90,440,42,10.0,False,6.398506094716335,0.43185723612950694,-4.267375567239208,-0.29379137769169017,0,0,
143,42,mae_integrated_constant,0,nontail,3467,69,10.0,False,1.1777019416742163,0.22782972037324425,0.0024013459334769655,0.0059658992749004325,3467,84,0.02422843957311797
143,42,mae_integrated_constant,1,overall,3907,71,10.0,False,1.750694799455649,0.24658346696312627,-0.5668346964118972,-0.03427109379830466,3467,78,0.022497836746466687
143,42,mae_integrated_constant,1,q90,440,42,10.0,False,6.462965667830852,0.4378795119682278,-4.803645857397611,-0.32831201363520646,0,0,
143,42,mae_integrated_constant,1,nontail,3467,69,10.0,False,1.1526563852401632,0.22230591870750332,-0.029137289191327926,0.0030458963165602994,3467,78,0.022497836746466687
143,42,mae_integrated_constant,3,overall,3907,71,10.0,False,1.6293758623539263,0.22309876552678162,-0.43913094781269346,-0.01288605581242624,3467,67,0.019325064897606
143,42,mae_integrated_constant,3,q90,440,42,10.0,False,6.502529055265495,0.4441440570625138,-4.538127015188441,-0.31911024683082445,0,0,
143,42,mae_integrated_constant,3,nontail,3467,69,10.0,False,1.0109197317277103,0.19504571439447063,0.08107622543372393,0.02597712389570622,3467,67,0.019325064897606
143,42,mae_integrated_constant,5,overall,3907,71,10.0,False,1.5973664620861445,0.2176575212064313,-0.3588969791230823,-0.005246441547731466,3467,88,0.025382174790885493
143,42,mae_integrated_constant,5,q90,440,42,10.0,False,6.201058077469541,0.4173245787918901,-4.153799702641361,-0.28474999511566734,0,0,
143,42,mae_integrated_constant,5,nontail,3467,69,10.0,False,1.0131079357611676,0.19231760042835175,0.12271744209065949,0.030225598708943414,3467,88,0.025382174790885493
143,42,mae_integrated_gru_tuned_anchor,0,overall,3907,71,10.0,False,1.765660433442461,0.25080696811646297,-0.47845400133961774,-0.027792278832419734,3467,84,0.02422843957311797
143,42,mae_integrated_gru_tuned_anchor,0,q90,440,42,10.0,False,6.398506094716335,0.43185723612950694,-4.267375567239208,-0.29379137769169017,0,0,
143,42,mae_integrated_gru_tuned_anchor,0,nontail,3467,69,10.0,False,1.1777019416742163,0.22782972037324425,0.0024013459334769655,0.0059658992749004325,3467,84,0.02422843957311797
143,42,mae_integrated_gru_tuned_anchor,1,overall,3907,71,10.0,False,1.750694799455649,0.24658346696312627,-0.5668346964118972,-0.03427109379830466,3467,78,0.022497836746466687
143,42,mae_integrated_gru_tuned_anchor,1,q90,440,42,10.0,False,6.462965667830852,0.4378795119682278,-4.803645857397611,-0.32831201363520646,0,0,
143,42,mae_integrated_gru_tuned_anchor,1,nontail,3467,69,10.0,False,1.1526563852401632,0.22230591870750332,-0.029137289191327926,0.0030458963165602994,3467,78,0.022497836746466687
143,42,mae_integrated_gru_tuned_anchor,3,overall,3907,71,10.0,False,1.6455244926098107,0.22463776711609149,-0.4377081077347985,-0.014549597938768522,3467,69,0.01990193250648976
143,42,mae_integrated_gru_tuned_anchor,3,q90,440,42,10.0,False,6.573070218139642,0.4474308434167193,-4.51760482305602,-0.31837905996667487,0,0,
143,42,mae_integrated_gru_tuned_anchor,3,nontail,3467,69,10.0,False,1.0201653581324164,0.19636290309178336,0.08007515005041563,0.024009664620296606,3467,69,0.01990193250648976
143,42,mae_integrated_gru_tuned_anchor,5,overall,3907,71,10.0,False,1.5919483770985536,0.21633258326170657,-0.34644349316194034,-0.003992676104265576,3467,90,0.025959042399769254
143,42,mae_integrated_gru_tuned_anchor,5,q90,440,42,10.0,False,6.189458683417165,0.41556851032618675,-4.148267274542548,-0.28376681331517783,0,0,
143,42,mae_integrated_gru_tuned_anchor,5,nontail,3467,69,10.0,False,1.0084743261091713,0.19104737763483282,0.13604928555379897,0.031513704159017206,3467,90,0.025959042399769254
143,42,prior_ecological_affine_constant,0,overall,3907,71,10.0,False,1.6563491147908058,0.23008879239692198,-0.4767420835069461,-0.0031573788596939074,3467,90,0.025959042399769254
143,42,prior_ecological_affine_constant,0,q90,440,42,10.0,False,6.401011559603674,0.43065757536468796,-4.974124924203544,-0.3325030577147202,0,0,
143,42,prior_ecological_affine_constant,0,nontail,3467,69,10.0,False,1.0541998573008544,0.2046344328625069,0.0940247033135047,0.03864016907691169,3467,90,0.025959042399769254
143,42,prior_ecological_affine_constant,1,overall,3907,71,10.0,False,1.6916381577035884,0.23672775886736097,-0.4070618332738997,0.011940193009477728,3467,84,0.02422843957311797
143,42,prior_ecological_affine_constant,1,q90,440,42,10.0,False,6.456574835178596,0.4316648741058766,-5.18831475230368,-0.3447933386862229,0,0,
143,42,prior_ecological_affine_constant,1,nontail,3467,69,10.0,False,1.0869158796277292,0.21198811920628602,0.19973115327732704,0.057213557285828526,3467,84,0.02422843957311797
143,42,prior_ecological_affine_constant,3,overall,3907,71,10.0,False,1.6391192635353946,0.225130230185965,-0.38405123203583086,0.0009362785742402382,3467,67,0.019325064897606
143,42,prior_ecological_affine_constant,3,q90,440,42,10.0,False,6.498495407266441,0.44405511579970414,-4.633072344388541,-0.32462023429880155,0,0,
143,42,prior_ecological_affine_constant,3,nontail,3467,69,10.0,False,1.022411590261192,0.1973462816223523,0.15519575078366524,0.042252940144513786,3467,67,0.019325064897606
143,42,prior_ecological_affine_constant,5,overall,3907,71,10.0,False,1.6002873173318009,0.2186272429605788,-0.325267707675225,0.0014946695502241613,3467,87,0.02509374098644361
143,42,prior_ecological_affine_constant,5,q90,440,42,10.0,False,6.20889971448621,0.41909867946298823,-4.1701331452702375,-0.287382188108397,0,0,
143,42,prior_ecological_affine_constant,5,nontail,3467,69,10.0,False,1.0154042902917262,0.19318523775115856,0.16268752524713018,0.038156284020888505,3467,87,0.02509374098644361
143,42,prior_ecological_affine_gru_tuned_anchor,0,overall,3907,71,10.0,False,1.6563491147908058,0.23008879239692198,-0.4767420835069461,-0.0031573788596939074,3467,90,0.025959042399769254
143,42,prior_ecological_affine_gru_tuned_anchor,0,q90,440,42,10.0,False,6.401011559603674,0.43065757536468796,-4.974124924203544,-0.3325030577147202,0,0,
143,42,prior_ecological_affine_gru_tuned_anchor,0,nontail,3467,69,10.0,False,1.0541998573008544,0.2046344328625069,0.0940247033135047,0.03864016907691169,3467,90,0.025959042399769254
143,42,prior_ecological_affine_gru_tuned_anchor,1,overall,3907,71,10.0,False,1.6916381577035884,0.23672775886736097,-0.4070618332738997,0.011940193009477728,3467,84,0.02422843957311797
143,42,prior_ecological_affine_gru_tuned_anchor,1,q90,440,42,10.0,False,6.456574835178596,0.4316648741058766,-5.18831475230368,-0.3447933386862229,0,0,
143,42,prior_ecological_affine_gru_tuned_anchor,1,nontail,3467,69,10.0,False,1.0869158796277292,0.21198811920628602,0.19973115327732704,0.057213557285828526,3467,84,0.02422843957311797
143,42,prior_ecological_affine_gru_tuned_anchor,3,overall,3907,71,10.0,False,1.6537894864602958,0.22608155729996757,-0.3748871567373089,0.0017903815077052092,3467,69,0.01990193250648976
143,42,prior_ecological_affine_gru_tuned_anchor,3,q90,440,42,10.0,False,6.561058642007158,0.44619787561662577,-4.62096688430623,-0.3236152164207592,0,0,
143,42,prior_ecological_affine_gru_tuned_anchor,3,nontail,3467,69,10.0,False,1.0310036692002384,0.1981464029707695,0.1639865323686402,0.04308789033046965,3467,69,0.01990193250648976
143,42,prior_ecological_affine_gru_tuned_anchor,5,overall,3907,71,10.0,False,1.5962571558117067,0.21746145736033703,-0.31565106277324256,0.0020362472199240565,3467,90,0.025959042399769254
143,42,prior_ecological_affine_gru_tuned_anchor,5,q90,440,42,10.0,False,6.195488094551613,0.41698277733107225,-4.15524872104247,-0.2854066999632829,0,0,
143,42,prior_ecological_affine_gru_tuned_anchor,5,nontail,3467,69,10.0,False,1.0125647378579832,0.19214003227031007,0.1716356316710781,0.038515882858981186,3467,90,0.025959042399769254
143,42,prior_encoder_constant,0,overall,3907,71,10.0,False,1.6852481105920116,0.23570460732001763,-0.3973260892306585,0.014380279539582635,3467,89,0.025670608595327372
143,42,prior_encoder_constant,0,q90,440,42,10.0,False,6.398335581117655,0.4273945999242976,-5.018102674318738,-0.3320617699437467,0,0,
143,42,prior_encoder_constant,0,nontail,3467,69,10.0,False,1.0871060606839402,0.2113770628302907,0.18910070553102445,0.05834754281407496,3467,89,0.025670608595327372
143,42,prior_encoder_constant,1,overall,3907,71,10.0,False,1.6968790763294042,0.23737685874596104,-0.37927510484922666,0.017079052447140728,3467,84,0.02422843957311797
143,42,prior_encoder_constant,1,q90,440,42,10.0,False,6.45255947205753,0.4301225164551485,-5.193838575004962,-0.3438055028044998,0,0,
143,42,prior_encoder_constant,1,nontail,3467,69,10.0,False,1.0933315210596102,0.21291533887516714,0.23174535285729878,0.06287922675078128,3467,84,0.02422843957311797
143,42,prior_encoder_constant,3,overall,3907,71,10.0,False,1.6374794735770901,0.22488024103840104,-0.37094692650742284,0.004149067885177609,3467,67,0.019325064897606
143,42,prior_encoder_constant,3,q90,440,42,10.0,False,6.494924012328519,0.4431285582338237,-4.651049492513993,-0.3249453560521709,0,0,
143,42,prior_encoder_constant,3,nontail,3467,69,10.0,False,1.0210169419789856,0.19718215636404682,0.1722446307590585,0.045914728840595366,3467,67,0.019325064897606
143,42,prior_encoder_constant,5,overall,3907,71,10.0,False,1.5975848244630724,0.21811922564857225,-0.32830177922212816,0.0008083288174417149,3467,87,0.02509374098644361
143,42,prior_encoder_constant,5,q90,440,42,10.0,False,6.204620179950741,0.41861630935553035,-4.1715434596870224,-0.2872572446703947,0,0,
143,42,prior_encoder_constant,5,nontail,3467,69,10.0,False,1.012901941159186,0.19267396553000818,0.159447381263754,0.037366982504966395,3467,87,0.02509374098644361
143,42,prior_encoder_gru_tuned_anchor,0,overall,3907,71,10.0,False,1.6852481105920116,0.23570460732001763,-0.3973260892306585,0.014380279539582635,3467,89,0.025670608595327372
143,42,prior_encoder_gru_tuned_anchor,0,q90,440,42,10.0,False,6.398335581117655,0.4273945999242976,-5.018102674318738,-0.3320617699437467,0,0,
143,42,prior_encoder_gru_tuned_anchor,0,nontail,3467,69,10.0,False,1.0871060606839402,0.2113770628302907,0.18910070553102445,0.05834754281407496,3467,89,0.025670608595327372
143,42,prior_encoder_gru_tuned_anchor,1,overall,3907,71,10.0,False,1.6968790763294042,0.23737685874596104,-0.37927510484922666,0.017079052447140728,3467,84,0.02422843957311797
143,42,prior_encoder_gru_tuned_anchor,1,q90,440,42,10.0,False,6.45255947205753,0.4301225164551485,-5.193838575004962,-0.3438055028044998,0,0,
143,42,prior_encoder_gru_tuned_anchor,1,nontail,3467,69,10.0,False,1.0933315210596102,0.21291533887516714,0.23174535285729878,0.06287922675078128,3467,84,0.02422843957311797
143,42,prior_encoder_gru_tuned_anchor,3,overall,3907,71,10.0,False,1.652846104706331,0.22579373872700761,-0.3678463678046831,0.0029221797696794456,3467,69,0.01990193250648976
143,42,prior_encoder_gru_tuned_anchor,3,q90,440,42,10.0,False,6.558302441688254,0.4454738348249762,-4.6222286576310525,-0.3231372827282991,0,0,
143,42,prior_encoder_gru_tuned_anchor,3,nontail,3467,69,10.0,False,1.0302903538346706,0.1979139457408218,0.1720810067334197,0.04430267111640877,3467,69,0.01990193250648976
143,42,prior_encoder_gru_tuned_anchor,5,overall,3907,71,10.0,False,1.5932765922072643,0.2168622743095322,-0.3187477315002524,0.0013673901851179082,3467,90,0.025959042399769254
143,42,prior_encoder_gru_tuned_anchor,5,q90,440,42,10.0,False,6.1919952430668665,0.4165303710054648,-4.157488283314267,-0.2853307295696499,0,0,
143,42,prior_encoder_gru_tuned_anchor,5,nontail,3467,69,10.0,False,1.0096491891561468,0.19152222165703423,0.16843018681476532,0.03775249912428659,3467,90,0.025959042399769254
143,42,prior_encoder_integrated_constant,0,overall,3907,71,10.0,False,1.6663477752378912,0.23195061875737105,-0.436267301479381,0.005033875744430058,3467,90,0.025959042399769254
143,42,prior_encoder_integrated_constant,0,q90,440,42,10.0,False,6.394721166212319,0.42847862708632106,-4.982524054385536,-0.33118251037265617,0,0,
143,42,prior_encoder_integrated_constant,0,nontail,3467,69,10.0,False,1.0662657758064669,0.20700907746382105,0.14070211625315673,0.0477033911443487,3467,90,0.025959042399769254
143,42,prior_encoder_integrated_constant,1,overall,3907,71,10.0,False,1.6853986892908226,0.23519655312705995,-0.4076078151677889,0.009984591361855734,3467,84,0.02422843957311797
143,42,prior_encoder_integrated_constant,1,q90,440,42,10.0,False,6.446278764150671,0.4306549100090704,-5.161675637993339,-0.3427484610655529,0,0,
143,42,prior_encoder_integrated_constant,1,nontail,3467,69,10.0,False,1.0811912381981394,0.21039076223346762,0.1957350870656239,0.05475025131803105,3467,84,0.02422843957311797
143,42,prior_encoder_integrated_constant,3,overall,3907,71,10.0,False,1.6375762711170647,0.22482101859132114,-0.3779028844961634,0.002215897763503766,3467,67,0.019325064897606
143,42,prior_encoder_integrated_constant,3,q90,440,42,10.0,False,6.49544792497665,0.44342373713545813,-4.638832895407251,-0.32449746169720883,0,0,
143,42,prior_encoder_integrated_constant,3,nontail,3467,69,10.0,False,1.0210595339673048,0.19707795653207097,0.16285546704721082,0.04367937574524981,3467,67,0.019325064897606
143,42,prior_encoder_integrated_constant,5,overall,3907,71,10.0,False,1.5997409240836216,0.218479488477712,-0.32608603274760584,0.0011820035923803172,3467,87,0.02509374098644361
143,42,prior_encoder_integrated_constant,5,q90,440,42,10.0,False,6.206488168762384,0.4187562746539802,-4.169236547809802,-0.28712872203941786,0,0,
143,42,prior_encoder_integrated_constant,5,nontail,3467,69,10.0,False,1.0150946051742893,0.19306218651129783,0.16165155785734545,0.03777176975274698,3467,87,0.02509374098644361
143,42,prior_encoder_integrated_gru_tuned_anchor,0,overall,3907,71,10.0,False,1.6663477752378912,0.23195061875737105,-0.436267301479381,0.005033875744430058,3467,90,0.025959042399769254
143,42,prior_encoder_integrated_gru_tuned_anchor,0,q90,440,42,10.0,False,6.394721166212319,0.42847862708632106,-4.982524054385536,-0.33118251037265617,0,0,
143,42,prior_encoder_integrated_gru_tuned_anchor,0,nontail,3467,69,10.0,False,1.0662657758064669,0.20700907746382105,0.14070211625315673,0.0477033911443487,3467,90,0.025959042399769254
143,42,prior_encoder_integrated_gru_tuned_anchor,1,overall,3907,71,10.0,False,1.6853986892908226,0.23519655312705995,-0.4076078151677889,0.009984591361855734,3467,84,0.02422843957311797
143,42,prior_encoder_integrated_gru_tuned_anchor,1,q90,440,42,10.0,False,6.446278764150671,0.4306549100090704,-5.161675637993339,-0.3427484610655529,0,0,
143,42,prior_encoder_integrated_gru_tuned_anchor,1,nontail,3467,69,10.0,False,1.0811912381981394,0.21039076223346762,0.1957350870656239,0.05475025131803105,3467,84,0.02422843957311797
143,42,prior_encoder_integrated_gru_tuned_anchor,3,overall,3907,71,10.0,False,1.6529193655679515,0.22577574904623426,-0.3756553962769013,0.0008149123535049148,3467,69,0.01990193250648976
143,42,prior_encoder_integrated_gru_tuned_anchor,3,q90,440,42,10.0,False,6.558189668176803,0.44578445216699164,-4.611037480324018,-0.3227987134397067,0,0,
143,42,prior_encoder_integrated_gru_tuned_anchor,3,nontail,3467,69,10.0,False,1.0303872244811634,0.19785425225559877,0.16186064554044266,0.04188500042648244,3467,69,0.01990193250648976
143,42,prior_encoder_integrated_gru_tuned_anchor,5,overall,3907,71,10.0,False,1.5955767548611717,0.21727274835848934,-0.3165283632670446,0.0017354614988119963,3467,90,0.025959042399769254
143,42,prior_encoder_integrated_gru_tuned_anchor,5,q90,440,42,10.0,False,6.193258902513926,0.4166448682383661,-4.154604179835565,-0.2851671164601427,0,0,
143,42,prior_encoder_integrated_gru_tuned_anchor,5,nontail,3467,69,10.0,False,1.0120808953378917,0.1919702583823873,0.17056519291701913,0.03814651840736119,3467,90,0.025959042399769254
143,42,selective_constant,0,overall,3907,71,10.0,False,1.7957933521261018,0.2570517152563156,-0.7005898147877773,-0.08001881304339017,3467,85,0.02451687337755985
143,42,selective_constant,0,q90,440,42,10.0,False,6.450531243752721,0.4422243720684631,-4.170566326372586,-0.2964331016289587,0,0,
143,42,selective_constant,0,nontail,3467,69,10.0,False,1.2050564982709784,0.23355129154782267,-0.26021206310121375,-0.052553486542770006,3467,85,0.02451687337755985
143,42,selective_constant,1,overall,3907,71,10.0,False,1.7663166027132462,0.24947875423142055,-0.7453950034905817,-0.07509709451737219,3467,80,0.02307470435535045
143,42,selective_constant,1,q90,440,42,10.0,False,6.48581906615427,0.44503445347344245,-4.743634351665728,-0.3308809229904551,0,0,
143,42,selective_constant,1,nontail,3467,69,10.0,False,1.1673604204478725,0.22466060953384642,-0.23797495353469347,-0.04263534530244387,3467,80,0.02307470435535045
143,42,selective_constant,3,overall,3907,71,10.0,False,1.633469155354763,0.22384591455817113,-0.5291102132605973,-0.03469764060498448,3467,70,0.020190366310931643
143,42,selective_constant,3,q90,440,42,10.0,False,6.516785134580025,0.4461386852300101,-4.411719037451353,-0.3134787367790479,0,0,
143,42,selective_constant,3,nontail,3467,69,10.0,False,1.013723256635664,0.1956345447584569,-0.03636493415937646,0.0006827119524392081,3467,70,0.020190366310931643
143,42,selective_constant,5,overall,3907,71,10.0,False,1.608747661608823,0.21915750071011256,-0.38619524256814614,-0.012084341562528604,3467,90,0.025959042399769254
143,42,selective_constant,5,q90,440,42,10.0,False,6.208825552599339,0.4169976350235052,-4.102110822243849,-0.28065552823957746,0,0,
143,42,selective_constant,5,nontail,3467,69,10.0,False,1.0249477562047773,0.1940494363611386,0.08539485118937033,0.022000262457633358,3467,90,0.025959042399769254
143,42,selective_gru_tuned_anchor,0,overall,3907,71,10.0,False,1.7957933521261018,0.2570517152563156,-0.7005898147877773,-0.08001881304339017,3467,85,0.02451687337755985
143,42,selective_gru_tuned_anchor,0,q90,440,42,10.0,False,6.450531243752721,0.4422243720684631,-4.170566326372586,-0.2964331016289587,0,0,
143,42,selective_gru_tuned_anchor,0,nontail,3467,69,10.0,False,1.2050564982709784,0.23355129154782267,-0.26021206310121375,-0.052553486542770006,3467,85,0.02451687337755985
143,42,selective_gru_tuned_anchor,1,overall,3907,71,10.0,False,1.7663166027132462,0.24947875423142055,-0.7453950034905817,-0.07509709451737219,3467,80,0.02307470435535045
143,42,selective_gru_tuned_anchor,1,q90,440,42,10.0,False,6.48581906615427,0.44503445347344245,-4.743634351665728,-0.3308809229904551,0,0,
143,42,selective_gru_tuned_anchor,1,nontail,3467,69,10.0,False,1.1673604204478725,0.22466060953384642,-0.23797495353469347,-0.04263534530244387,3467,80,0.02307470435535045
143,42,selective_gru_tuned_anchor,3,overall,3907,71,10.0,False,1.6482916886550887,0.22526805973075992,-0.5207227420848209,-0.0350210547055225,3467,70,0.020190366310931643
143,42,selective_gru_tuned_anchor,3,q90,440,42,10.0,False,6.593627989962782,0.44955555591918656,-4.386383915631223,-0.31239579220835817,0,0,
143,42,selective_gru_tuned_anchor,3,nontail,3467,69,10.0,False,1.0206747366575737,0.19680353757243632,-0.030128304138349375,0.00018081564384228718,3467,70,0.020190366310931643
143,42,selective_gru_tuned_anchor,5,overall,3907,71,10.0,False,1.599014315338459,0.21704662809859587,-0.36928123318202377,-0.009580313872908766,3467,93,0.026824343813094894
143,42,selective_gru_tuned_anchor,5,q90,440,42,10.0,False,6.1951187692818355,0.41515260762085626,-4.106189043341669,-0.2804461990849224,0,0,
143,42,selective_gru_tuned_anchor,5,nontail,3467,69,10.0,False,1.0157186823026685,0.19190482510182788,0.10497300289246249,0.024795512343787504,3467,93,0.026824343813094894
143,42,selective_integrated_constant,0,overall,3907,71,10.0,False,1.7957933521261018,0.2570517152563156,-0.7005898147877773,-0.08001881304339017,3467,85,0.02451687337755985
143,42,selective_integrated_constant,0,q90,440,42,10.0,False,6.450531243752721,0.4422243720684631,-4.170566326372586,-0.2964331016289587,0,0,
143,42,selective_integrated_constant,0,nontail,3467,69,10.0,False,1.2050564982709784,0.23355129154782267,-0.26021206310121375,-0.052553486542770006,3467,85,0.02451687337755985
143,42,selective_integrated_constant,1,overall,3907,71,10.0,False,1.7663166027132462,0.24947875423142055,-0.7453950034905817,-0.07509709451737219,3467,80,0.02307470435535045
143,42,selective_integrated_constant,1,q90,440,42,10.0,False,6.48581906615427,0.44503445347344245,-4.743634351665728,-0.3308809229904551,0,0,
143,42,selective_integrated_constant,1,nontail,3467,69,10.0,False,1.1673604204478725,0.22466060953384642,-0.23797495353469347,-0.04263534530244387,3467,80,0.02307470435535045
143,42,selective_integrated_constant,3,overall,3907,71,10.0,False,1.6248728631383458,0.22190088183817097,-0.4665122105488626,-0.01883049744493059,3467,68,0.01961349870204788
143,42,selective_integrated_constant,3,q90,440,42,10.0,False,6.506253175066199,0.4449704791977613,-4.5112128080292715,-0.3182873935970154,0,0,
143,42,selective_integrated_constant,3,nontail,3467,69,10.0,False,1.0053726216476466,0.19359092428460312,0.04680427716137104,0.019173838957410722,3467,68,0.01961349870204788
143,42,selective_integrated_constant,5,overall,3907,71,10.0,False,1.596202196584738,0.21718683712109674,-0.3567683257562024,-0.005009362792807263,3467,90,0.025959042399769254
143,42,selective_integrated_constant,5,q90,440,42,10.0,False,6.202003348964507,0.4173678752013398,-4.140046189572374,-0.2838822800837503,0,0,
143,42,selective_integrated_constant,5,nontail,3467,69,10.0,False,1.0116759470759122,0.1917816866292285,0.12337077435314735,0.03038264286280708,3467,90,0.025959042399769254
143,42,selective_integrated_gru_tuned_anchor,0,overall,3907,71,10.0,False,1.7957933521261018,0.2570517152563156,-0.7005898147877773,-0.08001881304339017,3467,85,0.02451687337755985
143,42,selective_integrated_gru_tuned_anchor,0,q90,440,42,10.0,False,6.450531243752721,0.4422243720684631,-4.170566326372586,-0.2964331016289587,0,0,
143,42,selective_integrated_gru_tuned_anchor,0,nontail,3467,69,10.0,False,1.2050564982709784,0.23355129154782267,-0.26021206310121375,-0.052553486542770006,3467,85,0.02451687337755985
143,42,selective_integrated_gru_tuned_anchor,1,overall,3907,71,10.0,False,1.7663166027132462,0.24947875423142055,-0.7453950034905817,-0.07509709451737219,3467,80,0.02307470435535045
143,42,selective_integrated_gru_tuned_anchor,1,q90,440,42,10.0,False,6.48581906615427,0.44503445347344245,-4.743634351665728,-0.3308809229904551,0,0,
143,42,selective_integrated_gru_tuned_anchor,1,nontail,3467,69,10.0,False,1.1673604204478725,0.22466060953384642,-0.23797495353469347,-0.04263534530244387,3467,80,0.02307470435535045
143,42,selective_integrated_gru_tuned_anchor,3,overall,3907,71,10.0,False,1.6395875766786532,0.22316670155011872,-0.4627329686844269,-0.020024448851649473,3467,70,0.020190366310931643
143,42,selective_integrated_gru_tuned_anchor,3,q90,440,42,10.0,False,6.578158864669876,0.44814281016075586,-4.4871829699879955,-0.31715897001400817,0,0,
143,42,selective_integrated_gru_tuned_anchor,3,nontail,3467,69,10.0,False,1.0128291784334447,0.1946147869874766,0.048013498166905665,0.01768515291109579,3467,70,0.020190366310931643
143,42,selective_integrated_gru_tuned_anchor,5,overall,3907,71,10.0,False,1.5908822958709687,0.21597030122576952,-0.3432685899125879,-0.003496709898031391,3467,91,0.026247476204211133
143,42,selective_integrated_gru_tuned_anchor,5,q90,440,42,10.0,False,6.188707945768093,0.415381545597069,-4.133679109086447,-0.2827609708114388,0,0,
143,42,selective_integrated_gru_tuned_anchor,5,nontail,3467,69,10.0,False,1.007368224352441,0.190662845926268,0.1377757217218217,0.0319449615187264,3467,91,0.026247476204211133
143,42,station_constant,0,overall,3907,71,10.0,False,1.7108539025725604,0.24263649789070207,-0.26752241399747445,0.04382146868980768,3467,90,0.025959042399769254
143,42,station_constant,0,q90,440,42,10.0,False,6.3892898000170275,0.4252168986490927,-4.979206325838941,-0.32791093233872864,0,0,
143,42,station_constant,0,nontail,3467,69,10.0,False,1.1171095140881169,0.2194650596635051,0.3304415090513416,0.09099835258151692,3467,90,0.025959042399769254
143,42,station_constant,1,overall,3907,71,10.0,False,1.7238258917819502,0.24329626737931867,-0.2734186558406577,0.03992480604210709,3467,85,0.02451687337755985
143,42,station_constant,1,q90,440,42,10.0,False,6.438770940538625,0.4279182349592056,-5.146528821040803,-0.3394157558435604,0,0,
143,42,station_constant,1,nontail,3467,69,10.0,False,1.1254480949971402,0.21986573212256924,0.34503201410109696,0.08806724827738072,3467,85,0.02451687337755985
143,42,station_constant,3,overall,3907,71,10.0,False,1.651692919871553,0.22784620020075086,-0.32812395596333455,0.014488662122877506,3467,67,0.019325064897606
143,42,station_constant,3,q90,440,42,10.0,False,6.5074598057809885,0.4440624452358515,-4.6519063802782545,-0.3251150139736189,0,0,
143,42,station_constant,3,nontail,3467,69,10.0,False,1.035443300661818,0.20040600758020155,0.220611050295265,0.05758806145442017,3467,67,0.019325064897606
143,42,station_constant,5,overall,3907,71,10.0,False,1.6076240849607295,0.22026819063919514,-0.3217511243922063,0.0027798371019797613,3467,86,0.024805307182001732
143,42,station_constant,5,q90,440,42,10.0,False,6.231790073396975,0.4215870629377831,-4.1890413678864595,-0.2896840585889784,0,0,
143,42,station_constant,5,nontail,3467,69,10.0,False,1.0207671380579468,0.1947186366122616,0.16905006024507996,0.03989668570423577,3467,86,0.024805307182001732
143,42,station_gru_tuned_anchor,0,overall,3907,71,10.0,False,1.7108539025725604,0.24263649789070207,-0.26752241399747445,0.04382146868980768,3467,90,0.025959042399769254
143,42,station_gru_tuned_anchor,0,q90,440,42,10.0,False,6.3892898000170275,0.4252168986490927,-4.979206325838941,-0.32791093233872864,0,0,
143,42,station_gru_tuned_anchor,0,nontail,3467,69,10.0,False,1.1171095140881169,0.2194650596635051,0.3304415090513416,0.09099835258151692,3467,90,0.025959042399769254
143,42,station_gru_tuned_anchor,1,overall,3907,71,10.0,False,1.7238258917819502,0.24329626737931867,-0.2734186558406577,0.03992480604210709,3467,85,0.02451687337755985
143,42,station_gru_tuned_anchor,1,q90,440,42,10.0,False,6.438770940538625,0.4279182349592056,-5.146528821040803,-0.3394157558435604,0,0,
143,42,station_gru_tuned_anchor,1,nontail,3467,69,10.0,False,1.1254480949971402,0.21986573212256924,0.34503201410109696,0.08806724827738072,3467,85,0.02451687337755985
143,42,station_gru_tuned_anchor,3,overall,3907,71,10.0,False,1.6695860456818707,0.2292829649453067,-0.3292283420302305,0.012270512142954031,3467,67,0.019325064897606
143,42,station_gru_tuned_anchor,3,q90,440,42,10.0,False,6.569848372135006,0.44673010073689184,-4.626255426608371,-0.323825245528389,0,0,
143,42,station_gru_tuned_anchor,3,nontail,3467,69,10.0,False,1.0476894712257478,0.2016865589031096,0.21611112067942678,0.05492471848139963,3467,67,0.019325064897606
143,42,station_gru_tuned_anchor,5,overall,3907,71,10.0,False,1.6045567522231414,0.21938344178965125,-0.31192831344651817,0.0032593824931953265,3467,89,0.025670608595327372
143,42,station_gru_tuned_anchor,5,q90,440,42,10.0,False,6.218610131449017,0.4196344024222729,-4.1731264888436135,-0.28774230431884795,0,0,
143,42,station_gru_tuned_anchor,5,nontail,3467,69,10.0,False,1.0189832053932062,0.1939694173655516,0.17809972150436787,0.040190660888724326,3467,89,0.025670608595327372
143,42,station_integrated_constant,0,overall,3907,71,10.0,False,1.6601876429411209,0.23140285320845044,-0.41030667611151145,0.010516669916299053,3467,90,0.025959042399769254
143,42,station_integrated_constant,0,q90,440,42,10.0,False,6.388283357772896,0.42868483707528976,-4.927497260212437,-0.32836391645059365,0,0,
143,42,station_integrated_constant,0,nontail,3467,69,10.0,False,1.060140883631637,0.2063656242204466,0.16297392873544764,0.05352430129831024,3467,90,0.025959042399769254
143,42,station_integrated_constant,1,overall,3907,71,10.0,False,1.6880648856140141,0.2359784475680736,-0.3825740762486413,0.014437731721217475,3467,89,0.025670608595327372
143,42,station_integrated_constant,1,q90,440,42,10.0,False,6.434776928287389,0.4302714438902183,-5.1058507743898165,-0.33960516478109704,0,0,
143,42,station_integrated_constant,1,nontail,3467,69,10.0,False,1.0856555118683304,0.21132055360160584,0.21686109744103774,0.05936962513368312,3467,89,0.025670608595327372
143,42,station_integrated_constant,3,overall,3907,71,10.0,False,1.6437213723729704,0.22595762846853926,-0.39885134149990153,-0.004023509836857416,3467,69,0.01990193250648976
143,42,station_integrated_constant,3,q90,440,42,10.0,False,6.498797056755742,0.4446411134210407,-4.602226834087699,-0.32341218610254274,0,0,
143,42,station_integrated_constant,3,nontail,3467,69,10.0,False,1.0275594741530627,0.19820431627381743,0.1346027158230379,0.036510386199168424,3467,69,0.01990193250648976
143,42,station_integrated_constant,5,overall,3907,71,10.0,False,1.6124117007910441,0.22090735656947624,-0.3174392168285812,0.002352684898911104,3467,87,0.02509374098644361
143,42,station_integrated_constant,5,q90,440,42,10.0,False,6.213407667810037,0.41932884598229186,-4.16095872553577,-0.2867843305152553,0,0,
143,42,station_integrated_constant,5,nontail,3467,69,10.0,False,1.0284952815558674,0.19572551193675664,0.1703452030823398,0.039047316217697726,3467,87,0.02509374098644361
143,42,station_integrated_gru_tuned_anchor,0,overall,3907,71,10.0,False,1.6601876429411209,0.23140285320845044,-0.41030667611151145,0.010516669916299053,3467,90,0.025959042399769254
143,42,station_integrated_gru_tuned_anchor,0,q90,440,42,10.0,False,6.388283357772896,0.42868483707528976,-4.927497260212437,-0.32836391645059365,0,0,
143,42,station_integrated_gru_tuned_anchor,0,nontail,3467,69,10.0,False,1.060140883631637,0.2063656242204466,0.16297392873544764,0.05352430129831024,3467,90,0.025959042399769254
143,42,station_integrated_gru_tuned_anchor,1,overall,3907,71,10.0,False,1.6880648856140141,0.2359784475680736,-0.3825740762486413,0.014437731721217475,3467,89,0.025670608595327372
143,42,station_integrated_gru_tuned_anchor,1,q90,440,42,10.0,False,6.434776928287389,0.4302714438902183,-5.1058507743898165,-0.33960516478109704,0,0,
143,42,station_integrated_gru_tuned_anchor,1,nontail,3467,69,10.0,False,1.0856555118683304,0.21132055360160584,0.21686109744103774,0.05936962513368312,3467,89,0.025670608595327372
143,42,station_integrated_gru_tuned_anchor,3,overall,3907,71,10.0,False,1.6591114330828074,0.22702796366274913,-0.3991844883126658,-0.005960739262348255,3467,70,0.020190366310931643
143,42,station_integrated_gru_tuned_anchor,3,q90,440,42,10.0,False,6.5614687714655435,0.4471667076023541,-4.577592290417428,-0.3220481314191144,0,0,
143,42,station_integrated_gru_tuned_anchor,3,nontail,3467,69,10.0,False,1.0369489788317536,0.19908996327814388,0.131100897590448,0.034154187922242785,3467,70,0.020190366310931643
143,42,station_integrated_gru_tuned_anchor,5,overall,3907,71,10.0,False,1.6088360398201826,0.21993564192131368,-0.3079290279623216,0.002878790341959463,3467,90,0.025959042399769254
143,42,station_integrated_gru_tuned_anchor,5,q90,440,42,10.0,False,6.198930112222894,0.41718382500940654,-4.1446400369332075,-0.2847201976314854,0,0,
143,42,station_integrated_gru_tuned_anchor,5,nontail,3467,69,10.0,False,1.0263031895585175,0.1949027026196809,0.17899131929674666,0.03937822925407821,3467,90,0.025959042399769254
143,42,tail2_constant,0,overall,3907,71,10.0,False,1.6852481105920116,0.23570460732001763,-0.3973260892306585,0.014380279539582635,3467,89,0.025670608595327372
143,42,tail2_constant,0,q90,440,42,10.0,False,6.398335581117655,0.4273945999242976,-5.018102674318738,-0.3320617699437467,0,0,
143,42,tail2_constant,0,nontail,3467,69,10.0,False,1.0871060606839402,0.2113770628302907,0.18910070553102445,0.05834754281407496,3467,89,0.025670608595327372
143,42,tail2_constant,1,overall,3907,71,10.0,False,1.6968790763294042,0.23737685874596104,-0.37927510484922666,0.017079052447140728,3467,84,0.02422843957311797
143,42,tail2_constant,1,q90,440,42,10.0,False,6.45255947205753,0.4301225164551485,-5.193838575004962,-0.3438055028044998,0,0,
143,42,tail2_constant,1,nontail,3467,69,10.0,False,1.0933315210596102,0.21291533887516714,0.23174535285729878,0.06287922675078128,3467,84,0.02422843957311797
143,42,tail2_constant,3,overall,3907,71,10.0,False,1.6374794735770901,0.22488024103840104,-0.37094692650742284,0.004149067885177609,3467,67,0.019325064897606
143,42,tail2_constant,3,q90,440,42,10.0,False,6.494924012328519,0.4431285582338237,-4.651049492513993,-0.3249453560521709,0,0,
143,42,tail2_constant,3,nontail,3467,69,10.0,False,1.0210169419789856,0.19718215636404682,0.1722446307590585,0.045914728840595366,3467,67,0.019325064897606
143,42,tail2_constant,5,overall,3907,71,10.0,False,1.5975848244630724,0.21811922564857225,-0.32830177922212816,0.0008083288174417149,3467,87,0.02509374098644361
143,42,tail2_constant,5,q90,440,42,10.0,False,6.204620179950741,0.41861630935553035,-4.1715434596870224,-0.2872572446703947,0,0,
143,42,tail2_constant,5,nontail,3467,69,10.0,False,1.012901941159186,0.19267396553000818,0.159447381263754,0.037366982504966395,3467,87,0.02509374098644361
143,42,tail2_gru_tuned_anchor,0,overall,3907,71,10.0,False,1.6852481105920116,0.23570460732001763,-0.3973260892306585,0.014380279539582635,3467,89,0.025670608595327372
143,42,tail2_gru_tuned_anchor,0,q90,440,42,10.0,False,6.398335581117655,0.4273945999242976,-5.018102674318738,-0.3320617699437467,0,0,
143,42,tail2_gru_tuned_anchor,0,nontail,3467,69,10.0,False,1.0871060606839402,0.2113770628302907,0.18910070553102445,0.05834754281407496,3467,89,0.025670608595327372
143,42,tail2_gru_tuned_anchor,1,overall,3907,71,10.0,False,1.6968790763294042,0.23737685874596104,-0.37927510484922666,0.017079052447140728,3467,84,0.02422843957311797
143,42,tail2_gru_tuned_anchor,1,q90,440,42,10.0,False,6.45255947205753,0.4301225164551485,-5.193838575004962,-0.3438055028044998,0,0,
143,42,tail2_gru_tuned_anchor,1,nontail,3467,69,10.0,False,1.0933315210596102,0.21291533887516714,0.23174535285729878,0.06287922675078128,3467,84,0.02422843957311797
143,42,tail2_gru_tuned_anchor,3,overall,3907,71,10.0,False,1.652846104706331,0.22579373872700761,-0.3678463678046831,0.0029221797696794456,3467,69,0.01990193250648976
143,42,tail2_gru_tuned_anchor,3,q90,440,42,10.0,False,6.558302441688254,0.4454738348249762,-4.6222286576310525,-0.3231372827282991,0,0,
143,42,tail2_gru_tuned_anchor,3,nontail,3467,69,10.0,False,1.0302903538346706,0.1979139457408218,0.1720810067334197,0.04430267111640877,3467,69,0.01990193250648976
143,42,tail2_gru_tuned_anchor,5,overall,3907,71,10.0,False,1.5932765922072643,0.2168622743095322,-0.3187477315002524,0.0013673901851179082,3467,90,0.025959042399769254
143,42,tail2_gru_tuned_anchor,5,q90,440,42,10.0,False,6.1919952430668665,0.4165303710054648,-4.157488283314267,-0.2853307295696499,0,0,
143,42,tail2_gru_tuned_anchor,5,nontail,3467,69,10.0,False,1.0096491891561468,0.19152222165703423,0.16843018681476532,0.03775249912428659,3467,90,0.025959042399769254
143,42,tail2_integrated_constant,0,overall,3907,71,10.0,False,1.6663477752378912,0.23195061875737105,-0.436267301479381,0.005033875744430058,3467,90,0.025959042399769254
143,42,tail2_integrated_constant,0,q90,440,42,10.0,False,6.394721166212319,0.42847862708632106,-4.982524054385536,-0.33118251037265617,0,0,
143,42,tail2_integrated_constant,0,nontail,3467,69,10.0,False,1.0662657758064669,0.20700907746382105,0.14070211625315673,0.0477033911443487,3467,90,0.025959042399769254
143,42,tail2_integrated_constant,1,overall,3907,71,10.0,False,1.6853986892908226,0.23519655312705995,-0.4076078151677889,0.009984591361855734,3467,84,0.02422843957311797
143,42,tail2_integrated_constant,1,q90,440,42,10.0,False,6.446278764150671,0.4306549100090704,-5.161675637993339,-0.3427484610655529,0,0,
143,42,tail2_integrated_constant,1,nontail,3467,69,10.0,False,1.0811912381981394,0.21039076223346762,0.1957350870656239,0.05475025131803105,3467,84,0.02422843957311797
143,42,tail2_integrated_constant,3,overall,3907,71,10.0,False,1.6375762711170647,0.22482101859132114,-0.3779028844961634,0.002215897763503766,3467,67,0.019325064897606
143,42,tail2_integrated_constant,3,q90,440,42,10.0,False,6.49544792497665,0.44342373713545813,-4.638832895407251,-0.32449746169720883,0,0,
143,42,tail2_integrated_constant,3,nontail,3467,69,10.0,False,1.0210595339673048,0.19707795653207097,0.16285546704721082,0.04367937574524981,3467,67,0.019325064897606
143,42,tail2_integrated_constant,5,overall,3907,71,10.0,False,1.5997409240836216,0.218479488477712,-0.32608603274760584,0.0011820035923803172,3467,87,0.02509374098644361
143,42,tail2_integrated_constant,5,q90,440,42,10.0,False,6.206488168762384,0.4187562746539802,-4.169236547809802,-0.28712872203941786,0,0,
143,42,tail2_integrated_constant,5,nontail,3467,69,10.0,False,1.0150946051742893,0.19306218651129783,0.16165155785734545,0.03777176975274698,3467,87,0.02509374098644361
143,42,tail2_integrated_gru_tuned_anchor,0,overall,3907,71,10.0,False,1.6663477752378912,0.23195061875737105,-0.436267301479381,0.005033875744430058,3467,90,0.025959042399769254
143,42,tail2_integrated_gru_tuned_anchor,0,q90,440,42,10.0,False,6.394721166212319,0.42847862708632106,-4.982524054385536,-0.33118251037265617,0,0,
143,42,tail2_integrated_gru_tuned_anchor,0,nontail,3467,69,10.0,False,1.0662657758064669,0.20700907746382105,0.14070211625315673,0.0477033911443487,3467,90,0.025959042399769254
143,42,tail2_integrated_gru_tuned_anchor,1,overall,3907,71,10.0,False,1.6853986892908226,0.23519655312705995,-0.4076078151677889,0.009984591361855734,3467,84,0.02422843957311797
143,42,tail2_integrated_gru_tuned_anchor,1,q90,440,42,10.0,False,6.446278764150671,0.4306549100090704,-5.161675637993339,-0.3427484610655529,0,0,
143,42,tail2_integrated_gru_tuned_anchor,1,nontail,3467,69,10.0,False,1.0811912381981394,0.21039076223346762,0.1957350870656239,0.05475025131803105,3467,84,0.02422843957311797
143,42,tail2_integrated_gru_tuned_anchor,3,overall,3907,71,10.0,False,1.6529193655679515,0.22577574904623426,-0.3756553962769013,0.0008149123535049148,3467,69,0.01990193250648976
143,42,tail2_integrated_gru_tuned_anchor,3,q90,440,42,10.0,False,6.558189668176803,0.44578445216699164,-4.611037480324018,-0.3227987134397067,0,0,
143,42,tail2_integrated_gru_tuned_anchor,3,nontail,3467,69,10.0,False,1.0303872244811634,0.19785425225559877,0.16186064554044266,0.04188500042648244,3467,69,0.01990193250648976
143,42,tail2_integrated_gru_tuned_anchor,5,overall,3907,71,10.0,False,1.5955767548611717,0.21727274835848934,-0.3165283632670446,0.0017354614988119963,3467,90,0.025959042399769254
143,42,tail2_integrated_gru_tuned_anchor,5,q90,440,42,10.0,False,6.193258902513926,0.4166448682383661,-4.154604179835565,-0.2851671164601427,0,0,
143,42,tail2_integrated_gru_tuned_anchor,5,nontail,3467,69,10.0,False,1.0120808953378917,0.1919702583823873,0.17056519291701913,0.03814651840736119,3467,90,0.025959042399769254
143,43,context_constant,0,overall,3907,71,10.0,False,1.724983560091,0.24699324926493085,-0.2697019470527842,0.044628195372172226,3467,84,0.02422843957311797
143,43,context_constant,0,q90,440,42,10.0,False,6.364495428574885,0.4240953437016099,-4.856730332545058,-0.321253907036791,0,0,
143,43,context_constant,0,nontail,3467,69,10.0,False,1.1361790541397714,0.22451706768081234,0.3124418342038068,0.0910626127531771,3467,84,0.02422843957311797
143,43,context_constant,1,overall,3907,71,10.0,False,1.7309622576467185,0.24613575589061276,-0.28577559231808086,0.03904849769952939,3467,80,0.02307470435535045
143,43,context_constant,1,q90,440,42,10.0,False,6.412077377609723,0.4266468711510265,-5.073704619079844,-0.3355642356329033,0,0,
143,43,context_constant,1,nontail,3467,69,10.0,False,1.136877846690929,0.22322693249442527,0.3218646649000257,0.0865909270812053,3467,80,0.02307470435535045
143,43,context_constant,3,overall,3907,71,10.0,False,1.6451139578894203,0.2268324752312827,-0.34246050284315294,0.01296907545292071,3467,65,0.018748197288722238
143,43,context_constant,3,q90,440,42,10.0,False,6.529584166494888,0.4452233918401889,-4.647448941735859,-0.32560940176298414,0,0,
143,43,context_constant,3,nontail,3467,69,10.0,False,1.0252215749109357,0.19911629314073798,0.20388934230042677,0.055938365898550405,3467,65,0.018748197288722238
143,43,context_constant,5,overall,3907,71,10.0,False,1.6016889952341113,0.2194466789567173,-0.3398982938816447,0.00014233913740002344,3467,87,0.02509374098644361
143,43,context_constant,5,q90,440,42,10.0,False,6.225048763424987,0.4209675542153673,-4.234919502219382,-0.29263402860073634,0,0,
143,43,context_constant,5,nontail,3467,69,10.0,False,1.014934366447268,0.19387148855758088,0.1544222517395276,0.03729884384024976,3467,87,0.02509374098644361
143,43,context_gru_tuned_anchor,0,overall,3907,71,10.0,False,1.724983560091,0.24699324926493085,-0.2697019470527842,0.044628195372172226,3467,84,0.02422843957311797
143,43,context_gru_tuned_anchor,0,q90,440,42,10.0,False,6.364495428574885,0.4240953437016099,-4.856730332545058,-0.321253907036791,0,0,
143,43,context_gru_tuned_anchor,0,nontail,3467,69,10.0,False,1.1361790541397714,0.22451706768081234,0.3124418342038068,0.0910626127531771,3467,84,0.02422843957311797
143,43,context_gru_tuned_anchor,1,overall,3907,71,10.0,False,1.7309622576467185,0.24613575589061276,-0.28577559231808086,0.03904849769952939,3467,80,0.02307470435535045
143,43,context_gru_tuned_anchor,1,q90,440,42,10.0,False,6.412077377609723,0.4266468711510265,-5.073704619079844,-0.3355642356329033,0,0,
143,43,context_gru_tuned_anchor,1,nontail,3467,69,10.0,False,1.136877846690929,0.22322693249442527,0.3218646649000257,0.0865909270812053,3467,80,0.02307470435535045
143,43,context_gru_tuned_anchor,3,overall,3907,71,10.0,False,1.6316217859249749,0.22395755747454582,-0.33249091634518674,0.013952331128036597,3467,63,0.018171329679838477
143,43,context_gru_tuned_anchor,3,q90,440,42,10.0,False,6.499913037204208,0.4388894369671098,-4.621180277522194,-0.3193999992451979,0,0,
143,43,context_gru_tuned_anchor,3,nontail,3467,69,10.0,False,1.013782688560434,0.19668036480747686,0.21179039860084248,0.05625836671044882,3467,63,0.018171329679838477
143,43,context_gru_tuned_anchor,5,overall,3907,71,10.0,False,1.6003482571822234,0.21834154541413536,-0.32744434099210507,0.0012677957335013562,3467,88,0.025382174790885493
143,43,context_gru_tuned_anchor,5,q90,440,42,10.0,False,6.209258557105861,0.4172675649573847,-4.2182273740729785,-0.2890054906838005,0,0,
143,43,context_gru_tuned_anchor,5,nontail,3467,69,10.0,False,1.0154274230413523,0.19309567042162604,0.16633833410324655,0.038106632198344974,3467,88,0.025382174790885493
143,43,mae_constant,0,overall,3907,71,10.0,False,1.709192338099275,0.2407666445098889,-0.6362569351134713,-0.023292493054408114,3467,79,0.022786270550908566
143,43,mae_constant,0,q90,440,42,10.0,False,6.546331298137001,0.4460266160963136,-5.355706632583795,-0.36356721785609447,0,0,
143,43,mae_constant,0,nontail,3467,69,10.0,False,1.095306805241877,0.2147169221279948,-0.03730744942355438,0.0198920696547762,3467,79,0.022786270550908566
143,43,mae_constant,1,overall,3907,71,10.0,False,1.7096601888572847,0.24065795705778215,-0.5726518632095499,-0.012984113742458893,3467,72,0.020767233919815404
143,43,mae_constant,1,q90,440,42,10.0,False,6.571185788882869,0.44512212988146754,-5.46706293591333,-0.3691039127265686,0,0,
143,43,mae_constant,1,nontail,3467,69,10.0,False,1.0926797262062156,0.21470923019235916,0.04850212351951381,0.032211361179089494,3467,72,0.020767233919815404
143,43,mae_constant,3,overall,3907,71,10.0,False,1.629613266636179,0.2237092431313708,-0.4461174423535717,-0.007548337037561565,3467,64,0.018459763484280356
143,43,mae_constant,3,q90,440,42,10.0,False,6.542414969062202,0.4482475042030412,-4.747516207721792,-0.33405470424639905,0,0,
143,43,mae_constant,3,nontail,3467,69,10.0,False,1.0061253090164932,0.19521289618255766,0.0997768341858043,0.033888871376597206,3467,64,0.018459763484280356
143,43,mae_constant,5,overall,3907,71,10.0,False,1.5919951775529486,0.2176187134723702,-0.3487200007582091,-0.0026530181467693446,3467,90,0.025959042399769254
143,43,mae_constant,5,q90,440,42,10.0,False,6.188873841784827,0.4174725753869742,-4.20353523123815,-0.2894810823579459,0,0,
143,43,mae_constant,5,nontail,3467,69,10.0,False,1.00860128881282,0.19225508519362033,0.1404979690748379,0.03374858215692771,3467,90,0.025959042399769254
143,43,mae_gru_tuned_anchor,0,overall,3907,71,10.0,False,1.709192338099275,0.2407666445098889,-0.6362569351134713,-0.023292493054408114,3467,79,0.022786270550908566
143,43,mae_gru_tuned_anchor,0,q90,440,42,10.0,False,6.546331298137001,0.4460266160963136,-5.355706632583795,-0.36356721785609447,0,0,
143,43,mae_gru_tuned_anchor,0,nontail,3467,69,10.0,False,1.095306805241877,0.2147169221279948,-0.03730744942355438,0.0198920696547762,3467,79,0.022786270550908566
143,43,mae_gru_tuned_anchor,1,overall,3907,71,10.0,False,1.7096601888572847,0.24065795705778215,-0.5726518632095499,-0.012984113742458893,3467,72,0.020767233919815404
143,43,mae_gru_tuned_anchor,1,q90,440,42,10.0,False,6.571185788882869,0.44512212988146754,-5.46706293591333,-0.3691039127265686,0,0,
143,43,mae_gru_tuned_anchor,1,nontail,3467,69,10.0,False,1.0926797262062156,0.21470923019235916,0.04850212351951381,0.032211361179089494,3467,72,0.020767233919815404
143,43,mae_gru_tuned_anchor,3,overall,3907,71,10.0,False,1.6148229287809426,0.22049207918636943,-0.4346135695124904,-0.0063438044242193296,3467,64,0.018459763484280356
143,43,mae_gru_tuned_anchor,3,q90,440,42,10.0,False,6.510011361208875,0.4413446658256705,-4.7158973456741275,-0.32714267596467417,0,0,
143,43,mae_gru_tuned_anchor,3,nontail,3467,69,10.0,False,0.9935702866499099,0.1924634844008798,0.10872789616709427,0.03436906072657389,3467,64,0.018459763484280356
143,43,mae_gru_tuned_anchor,5,overall,3907,71,10.0,False,1.5883679838609956,0.21612464179029292,-0.3340362586558519,-0.0011662587528067036,3467,91,0.026247476204211133
143,43,mae_gru_tuned_anchor,5,q90,440,42,10.0,False,6.16886018281836,0.41336271733373553,-4.184636310848415,-0.28555195251680376,0,0,
143,43,mae_gru_tuned_anchor,5,nontail,3467,69,10.0,False,1.0070537157498796,0.19109298524598523,0.15464675921687013,0.03492537818291833,3467,91,0.026247476204211133
143,43,mae_integrated_constant,0,overall,3907,71,10.0,False,1.6751288371145314,0.2348176990505333,-0.6089881296338443,-0.021445484388691715,3467,83,0.02394000576867609
143,43,mae_integrated_constant,0,q90,440,42,10.0,False,6.471240841190681,0.4397334936500866,-5.18267451140435,-0.35091816474161114,0,0,
143,43,mae_integrated_constant,0,nontail,3467,69,10.0,False,1.0664500710939069,0.20881165647083805,-0.028537593729886075,0.020368181419005017,3467,83,0.02394000576867609
143,43,mae_integrated_constant,1,overall,3907,71,10.0,False,1.6901850629625872,0.23738185636054693,-0.5462209812848607,-0.01125966811118313,3467,79,0.022786270550908566
143,43,mae_integrated_constant,1,q90,440,42,10.0,False,6.503997266588941,0.43946676172374,-5.323463429748713,-0.35858967335453906,0,0,
143,43,mae_integrated_constant,1,nontail,3467,69,10.0,False,1.0792599491478783,0.2117350844079063,0.06006303294187562,0.03282028640484703,3467,79,0.022786270550908566
143,43,mae_integrated_constant,3,overall,3907,71,10.0,False,1.6297607062656854,0.22356136281509437,-0.4317898380434881,-0.005541521861153054,3467,64,0.018459763484280356
143,43,mae_integrated_constant,3,q90,440,42,10.0,False,6.53384199625806,0.44730524965815244,-4.707645977719019,-0.33113719099313244,0,0,
143,43,mae_integrated_constant,3,nontail,3467,69,10.0,False,1.007379463809197,0.19516583059388135,0.11086280154613778,0.035780109064163054,3467,64,0.018459763484280356
143,43,mae_integrated_constant,5,overall,3907,71,10.0,False,1.5933519828888802,0.2177454199199343,-0.3461430906448479,-0.0019620590847812215,3467,90,0.025959042399769254
143,43,mae_integrated_constant,5,q90,440,42,10.0,False,6.193246979739268,0.417838492593094,-4.206828682553198,-0.289750754310646,0,0,
143,43,mae_integrated_constant,5,nontail,3467,69,10.0,False,1.0095752887399991,0.1923514331947568,0.14381989188750693,0.03456145574053765,3467,90,0.025959042399769254
143,43,mae_integrated_gru_tuned_anchor,0,overall,3907,71,10.0,False,1.6751288371145314,0.2348176990505333,-0.6089881296338443,-0.021445484388691715,3467,83,0.02394000576867609
143,43,mae_integrated_gru_tuned_anchor,0,q90,440,42,10.0,False,6.471240841190681,0.4397334936500866,-5.18267451140435,-0.35091816474161114,0,0,
143,43,mae_integrated_gru_tuned_anchor,0,nontail,3467,69,10.0,False,1.0664500710939069,0.20881165647083805,-0.028537593729886075,0.020368181419005017,3467,83,0.02394000576867609
143,43,mae_integrated_gru_tuned_anchor,1,overall,3907,71,10.0,False,1.6901850629625872,0.23738185636054693,-0.5462209812848607,-0.01125966811118313,3467,79,0.022786270550908566
143,43,mae_integrated_gru_tuned_anchor,1,q90,440,42,10.0,False,6.503997266588941,0.43946676172374,-5.323463429748713,-0.35858967335453906,0,0,
143,43,mae_integrated_gru_tuned_anchor,1,nontail,3467,69,10.0,False,1.0792599491478783,0.2117350844079063,0.06006303294187562,0.03282028640484703,3467,79,0.022786270550908566
143,43,mae_integrated_gru_tuned_anchor,3,overall,3907,71,10.0,False,1.6143671007967435,0.22023618483387553,-0.4211398907748184,-0.004407638797169089,3467,63,0.018171329679838477
143,43,mae_integrated_gru_tuned_anchor,3,q90,440,42,10.0,False,6.503698846329726,0.4407027239911198,-4.679132286068944,-0.32455833630603936,0,0,
143,43,mae_integrated_gru_tuned_anchor,3,nontail,3467,69,10.0,False,0.9938577359180264,0.1922565836717217,0.11924564540326506,0.03622296602080118,3467,63,0.018171329679838477
143,43,mae_integrated_gru_tuned_anchor,5,overall,3907,71,10.0,False,1.5901458887299396,0.2162962864610135,-0.33184177557916034,-0.0005433965375646651,3467,90,0.025959042399769254
143,43,mae_integrated_gru_tuned_anchor,5,q90,440,42,10.0,False,6.173969529969186,0.4138025720307584,-4.188411041185445,-0.2858842622823011,0,0,
143,43,mae_integrated_gru_tuned_anchor,5,nontail,3467,69,10.0,False,1.0084088243673006,0.1912305911478645,0.15759880038471769,0.03566946210901279,3467,90,0.025959042399769254
143,43,prior_ecological_affine_constant,0,overall,3907,71,10.0,False,1.6590941997742565,0.23193179057621524,-0.5817193241542171,-0.020805621019454865,3467,89,0.025670608595327372
143,43,prior_ecological_affine_constant,0,q90,440,42,10.0,False,6.405728039486664,0.43478996011447985,-5.009642390224907,-0.33907978766046015,0,0,
143,43,prior_ecological_affine_constant,0,nontail,3467,69,10.0,False,1.056694750834695,0.20618688299131865,-0.019767738036217758,0.019586831626072197,3467,89,0.025670608595327372
143,43,prior_ecological_affine_constant,1,overall,3907,71,10.0,False,1.69359046026244,0.23851056019869024,-0.4486017716700985,0.005976657512065034,3467,81,0.023363138159792327
143,43,prior_ecological_affine_constant,1,q90,440,42,10.0,False,6.439588540094387,0.43213614748788015,-5.169093703627932,-0.34546783973593087,0,0,
143,43,prior_ecological_affine_constant,1,nontail,3467,69,10.0,False,1.091271696164933,0.21393736769587993,0.1504799849094938,0.05057878580428257,3467,81,0.023363138159792327
143,43,prior_ecological_affine_constant,3,overall,3907,71,10.0,False,1.634409236708926,0.22451771944187693,-0.3878041664907733,0.003148517546826811,3467,64,0.018459763484280356
143,43,prior_ecological_affine_constant,3,q90,440,42,10.0,False,6.524999172347948,0.4454137866296103,-4.662114653837824,-0.32700520139152345,0,0,
143,43,prior_ecological_affine_constant,3,nontail,3467,69,10.0,False,1.0137401938242503,0.19648360650198576,0.15465231301101567,0.045048614556597255,3467,64,0.018459763484280356
143,43,prior_ecological_affine_constant,5,overall,3907,71,10.0,False,1.594018206028876,0.2178928211024486,-0.34541738185289633,-0.0012566661362966884,3467,88,0.025382174790885493
143,43,prior_ecological_affine_constant,5,q90,440,42,10.0,False,6.2042981863051905,0.418808309363937,-4.221271700983924,-0.29089605720115586,0,0,
143,43,prior_ecological_affine_constant,5,nontail,3467,69,10.0,False,1.0089235445574083,0.19239446089620257,0.14647067710806486,0.03550172211537277,3467,88,0.025382174790885493
143,43,prior_ecological_affine_gru_tuned_anchor,0,overall,3907,71,10.0,False,1.6590941997742565,0.23193179057621524,-0.5817193241542171,-0.020805621019454865,3467,89,0.025670608595327372
143,43,prior_ecological_affine_gru_tuned_anchor,0,q90,440,42,10.0,False,6.405728039486664,0.43478996011447985,-5.009642390224907,-0.33907978766046015,0,0,
143,43,prior_ecological_affine_gru_tuned_anchor,0,nontail,3467,69,10.0,False,1.056694750834695,0.20618688299131865,-0.019767738036217758,0.019586831626072197,3467,89,0.025670608595327372
143,43,prior_ecological_affine_gru_tuned_anchor,1,overall,3907,71,10.0,False,1.69359046026244,0.23851056019869024,-0.4486017716700985,0.005976657512065034,3467,81,0.023363138159792327
143,43,prior_ecological_affine_gru_tuned_anchor,1,q90,440,42,10.0,False,6.439588540094387,0.43213614748788015,-5.169093703627932,-0.34546783973593087,0,0,
143,43,prior_ecological_affine_gru_tuned_anchor,1,nontail,3467,69,10.0,False,1.091271696164933,0.21393736769587993,0.1504799849094938,0.05057878580428257,3467,81,0.023363138159792327
143,43,prior_ecological_affine_gru_tuned_anchor,3,overall,3907,71,10.0,False,1.6201855622569719,0.22144868926682598,-0.37739348816839313,0.004209856123182214,3467,65,0.018748197288722238
143,43,prior_ecological_affine_gru_tuned_anchor,3,q90,440,42,10.0,False,6.494100963613416,0.43885128223711745,-4.634114582116593,-0.3205426669907689,0,0,
143,43,prior_ecological_affine_gru_tuned_anchor,3,nontail,3467,69,10.0,False,1.0016326990908813,0.19385793619300756,0.16283070604481945,0.045424482650479166,3467,65,0.018748197288722238
143,43,prior_ecological_affine_gru_tuned_anchor,5,overall,3907,71,10.0,False,1.591541613173243,0.21657626135823294,-0.3318207292150643,4.510898058621664e-05,3467,89,0.025670608595327372
143,43,prior_ecological_affine_gru_tuned_anchor,5,q90,440,42,10.0,False,6.18608485443566,0.4148966066296781,-4.203587162356189,-0.28713433222871465,0,0,
143,43,prior_ecological_affine_gru_tuned_anchor,5,nontail,3467,69,10.0,False,1.0084441150032215,0.19140725301689004,0.15954853256229223,0.036491302846202694,3467,89,0.025670608595327372
143,43,prior_encoder_constant,0,overall,3907,71,10.0,False,1.705219004756438,0.24146853562796985,-0.37080742989906196,0.021023309681240436,3467,86,0.024805307182001732
143,43,prior_encoder_constant,0,q90,440,42,10.0,False,6.353114687146835,0.4241270457902053,-4.869501318750703,-0.32292448117859257,0,0,
143,43,prior_encoder_constant,0,nontail,3467,69,10.0,False,1.1153505016552627,0.21828718446806686,0.20012574318854176,0.06467402441395649,3467,86,0.024805307182001732
143,43,prior_encoder_constant,1,overall,3907,71,10.0,False,1.7095482115362555,0.2415127197193915,-0.3703027199745572,0.02024630257011951,3467,80,0.02307470435535045
143,43,prior_encoder_constant,1,q90,440,42,10.0,False,6.4095252580952184,0.4271969401256353,-5.097590687841337,-0.3378558079118174,0,0,
143,43,prior_encoder_constant,1,nontail,3467,69,10.0,False,1.1130700169917085,0.21794737302808856,0.22964152746166508,0.06569335437630706,3467,80,0.02307470435535045
143,43,prior_encoder_constant,3,overall,3907,71,10.0,False,1.633985638847553,0.2243631812111127,-0.37656020553891567,0.004620770410710463,3467,64,0.018459763484280356
143,43,prior_encoder_constant,3,q90,440,42,10.0,False,6.517428334286755,0.44411629054458823,-4.635748519255866,-0.32462545694987116,0,0,
143,43,prior_encoder_constant,3,nontail,3467,69,10.0,False,1.0142236584629991,0.1964741220513985,0.16397710569138663,0.046405696871240014,3467,64,0.018459763484280356
143,43,prior_encoder_constant,5,overall,3907,71,10.0,False,1.592893958608486,0.21757341757400248,-0.34626575423880895,-0.0016883703923748939,3467,91,0.026247476204211133
143,43,prior_encoder_constant,5,q90,440,42,10.0,False,6.199994862566078,0.4182382473395769,-4.216938112167059,-0.2903349976641401,0,0,
143,43,prior_encoder_constant,5,nontail,3467,69,10.0,False,1.008202756490995,0.19210686865653703,0.14496465749710966,0.034944025338682703,3467,91,0.026247476204211133
143,43,prior_encoder_gru_tuned_anchor,0,overall,3907,71,10.0,False,1.705219004756438,0.24146853562796985,-0.37080742989906196,0.021023309681240436,3467,86,0.024805307182001732
143,43,prior_encoder_gru_tuned_anchor,0,q90,440,42,10.0,False,6.353114687146835,0.4241270457902053,-4.869501318750703,-0.32292448117859257,0,0,
143,43,prior_encoder_gru_tuned_anchor,0,nontail,3467,69,10.0,False,1.1153505016552627,0.21828718446806686,0.20012574318854176,0.06467402441395649,3467,86,0.024805307182001732
143,43,prior_encoder_gru_tuned_anchor,1,overall,3907,71,10.0,False,1.7095482115362555,0.2415127197193915,-0.3703027199745572,0.02024630257011951,3467,80,0.02307470435535045
143,43,prior_encoder_gru_tuned_anchor,1,q90,440,42,10.0,False,6.4095252580952184,0.4271969401256353,-5.097590687841337,-0.3378558079118174,0,0,
143,43,prior_encoder_gru_tuned_anchor,1,nontail,3467,69,10.0,False,1.1130700169917085,0.21794737302808856,0.22964152746166508,0.06569335437630706,3467,80,0.02307470435535045
143,43,prior_encoder_gru_tuned_anchor,3,overall,3907,71,10.0,False,1.6208249183065149,0.2214674990503251,-0.36523189322501004,0.005782908858658456,3467,64,0.018459763484280356
143,43,prior_encoder_gru_tuned_anchor,3,q90,440,42,10.0,False,6.484572136166789,0.4373605811071266,-4.606123955349278,-0.3179950838718283,0,0,
143,43,prior_encoder_gru_tuned_anchor,3,nontail,3467,69,10.0,False,1.0035625081944524,0.19406831932578147,0.17298342472557493,0.04687385688329479,3467,64,0.018459763484280356
143,43,prior_encoder_gru_tuned_anchor,5,overall,3907,71,10.0,False,1.590391274163467,0.21625045061029244,-0.33213679096673704,-0.00030229401106302814,3467,90,0.025959042399769254
143,43,prior_encoder_gru_tuned_anchor,5,q90,440,42,10.0,False,6.181206879504939,0.4142656543431421,-4.19889996076955,-0.28652300637399164,0,0,
143,43,prior_encoder_gru_tuned_anchor,5,nontail,3467,69,10.0,False,1.0077668535259567,0.1911201680482925,0.15859750228773012,0.03602222673877504,3467,90,0.025959042399769254
143,43,prior_encoder_integrated_constant,0,overall,3907,71,10.0,False,1.6590941997742565,0.23193179057621524,-0.5817193241542171,-0.020805621019454865,3467,89,0.025670608595327372
143,43,prior_encoder_integrated_constant,0,q90,440,42,10.0,False,6.405728039486664,0.43478996011447985,-5.009642390224907,-0.33907978766046015,0,0,
143,43,prior_encoder_integrated_constant,0,nontail,3467,69,10.0,False,1.056694750834695,0.20618688299131865,-0.019767738036217758,0.019586831626072197,3467,89,0.025670608595327372
143,43,prior_encoder_integrated_constant,1,overall,3907,71,10.0,False,1.6910215962118327,0.23797915778023812,-0.444680945564991,0.005483571794474265,3467,81,0.023363138159792327
143,43,prior_encoder_integrated_constant,1,q90,440,42,10.0,False,6.425880498469358,0.430729982313402,-5.138852243265191,-0.34303049102885425,0,0,
143,43,prior_encoder_integrated_constant,1,nontail,3467,69,10.0,False,1.090116514875429,0.21351698218329776,0.15106043631793029,0.04971379609279113,3467,81,0.023363138159792327
143,43,prior_encoder_integrated_constant,3,overall,3907,71,10.0,False,1.633093775993388,0.22416696291721128,-0.386517371556235,0.00262567389505089,3467,64,0.018459763484280356
143,43,prior_encoder_integrated_constant,3,q90,440,42,10.0,False,6.519252455648485,0.4446541264913327,-4.643624748562045,-0.32550786471082516,0,0,
143,43,prior_encoder_integrated_constant,3,nontail,3467,69,10.0,False,1.0129871076783483,0.19618474429228674,0.15375584617741272,0.044269388053281476,3467,64,0.018459763484280356
143,43,prior_encoder_integrated_constant,5,overall,3907,71,10.0,False,1.592893958608486,0.21757341757400248,-0.34626575423880895,-0.0016883703923748939,3467,91,0.026247476204211133
143,43,prior_encoder_integrated_constant,5,q90,440,42,10.0,False,6.199994862566078,0.4182382473395769,-4.216938112167059,-0.2903349976641401,0,0,
143,43,prior_encoder_integrated_constant,5,nontail,3467,69,10.0,False,1.008202756490995,0.19210686865653703,0.14496465749710966,0.034944025338682703,3467,91,0.026247476204211133
143,43,prior_encoder_integrated_gru_tuned_anchor,0,overall,3907,71,10.0,False,1.6590941997742565,0.23193179057621524,-0.5817193241542171,-0.020805621019454865,3467,89,0.025670608595327372
143,43,prior_encoder_integrated_gru_tuned_anchor,0,q90,440,42,10.0,False,6.405728039486664,0.43478996011447985,-5.009642390224907,-0.33907978766046015,0,0,
143,43,prior_encoder_integrated_gru_tuned_anchor,0,nontail,3467,69,10.0,False,1.056694750834695,0.20618688299131865,-0.019767738036217758,0.019586831626072197,3467,89,0.025670608595327372
143,43,prior_encoder_integrated_gru_tuned_anchor,1,overall,3907,71,10.0,False,1.6910215962118327,0.23797915778023812,-0.444680945564991,0.005483571794474265,3467,81,0.023363138159792327
143,43,prior_encoder_integrated_gru_tuned_anchor,1,q90,440,42,10.0,False,6.425880498469358,0.430729982313402,-5.138852243265191,-0.34303049102885425,0,0,
143,43,prior_encoder_integrated_gru_tuned_anchor,1,nontail,3467,69,10.0,False,1.090116514875429,0.21351698218329776,0.15106043631793029,0.04971379609279113,3467,81,0.023363138159792327
143,43,prior_encoder_integrated_gru_tuned_anchor,3,overall,3907,71,10.0,False,1.6191537157734033,0.22114639227229482,-0.37556312869078295,0.003763578585821648,3467,65,0.018748197288722238
143,43,prior_encoder_integrated_gru_tuned_anchor,3,q90,440,42,10.0,False,6.48721594207648,0.43798264575273227,-4.61502009962499,-0.31897044994432716,0,0,
143,43,prior_encoder_integrated_gru_tuned_anchor,3,nontail,3467,69,10.0,False,1.0013436841687444,0.1936275138380887,0.1624700605826671,0.04472203620141595,3467,65,0.018748197288722238
143,43,prior_encoder_integrated_gru_tuned_anchor,5,overall,3907,71,10.0,False,1.590391274163467,0.21625045061029244,-0.33213679096673704,-0.00030229401106302814,3467,90,0.025959042399769254
143,43,prior_encoder_integrated_gru_tuned_anchor,5,q90,440,42,10.0,False,6.181206879504939,0.4142656543431421,-4.19889996076955,-0.28652300637399164,0,0,
143,43,prior_encoder_integrated_gru_tuned_anchor,5,nontail,3467,69,10.0,False,1.0077668535259567,0.1911201680482925,0.15859750228773012,0.03602222673877504,3467,90,0.025959042399769254
143,43,selective_constant,0,overall,3907,71,10.0,False,1.7204800219154226,0.23997328566082674,-0.6314261834049907,-0.06051426254845899,3467,83,0.02394000576867609
143,43,selective_constant,0,q90,440,42,10.0,False,6.544743804507295,0.4514354251096101,-4.309110596062585,-0.3067897854678562,0,0,
143,43,selective_constant,0,nontail,3467,69,10.0,False,1.1082284890799963,0.21313644073510865,-0.1646880404660403,-0.029259220701174673,3467,83,0.02394000576867609
143,43,selective_constant,1,overall,3907,71,10.0,False,1.6788566058721779,0.23108657560371987,-0.6518821378510777,-0.05424772391973636,3467,80,0.02307470435535045
143,43,selective_constant,1,q90,440,42,10.0,False,6.561497401816342,0.4524053584206102,-4.823414526382122,-0.3378050888104688,0,0,
143,43,selective_constant,1,nontail,3467,69,10.0,False,1.0591963952533625,0.20299881545389817,-0.12246931669340252,-0.018261210925239017,3467,80,0.02307470435535045
143,43,selective_constant,3,overall,3907,71,10.0,False,1.6255263210273294,0.2215167604219398,-0.49183461182656524,-0.026061943425061136,3467,67,0.019325064897606
143,43,selective_constant,3,q90,440,42,10.0,False,6.560159910008304,0.4521730762878621,-4.525896432378178,-0.32387058185710105,0,0,
143,43,selective_constant,3,nontail,3467,69,10.0,False,0.999267659604881,0.1922439657922871,0.02013169940582862,0.011733211149527138,3467,67,0.019325064897606
143,43,selective_constant,5,overall,3907,71,10.0,False,1.5951414380001998,0.217467080004303,-0.37881327600068404,-0.008157343540283519,3467,88,0.025382174790885493
143,43,selective_constant,5,q90,440,42,10.0,False,6.215573401521843,0.41982366520788705,-4.2343093744784275,-0.29140672671182094,0,0,
143,43,selective_constant,5,nontail,3467,69,10.0,False,1.0087583794626969,0.1917858289256826,0.11049110338501178,0.02779008322506879,3467,88,0.025382174790885493
143,43,selective_gru_tuned_anchor,0,overall,3907,71,10.0,False,1.7204800219154226,0.23997328566082674,-0.6314261834049907,-0.06051426254845899,3467,83,0.02394000576867609
143,43,selective_gru_tuned_anchor,0,q90,440,42,10.0,False,6.544743804507295,0.4514354251096101,-4.309110596062585,-0.3067897854678562,0,0,
143,43,selective_gru_tuned_anchor,0,nontail,3467,69,10.0,False,1.1082284890799963,0.21313644073510865,-0.1646880404660403,-0.029259220701174673,3467,83,0.02394000576867609
143,43,selective_gru_tuned_anchor,1,overall,3907,71,10.0,False,1.6788566058721779,0.23108657560371987,-0.6518821378510777,-0.05424772391973636,3467,80,0.02307470435535045
143,43,selective_gru_tuned_anchor,1,q90,440,42,10.0,False,6.561497401816342,0.4524053584206102,-4.823414526382122,-0.3378050888104688,0,0,
143,43,selective_gru_tuned_anchor,1,nontail,3467,69,10.0,False,1.0591963952533625,0.20299881545389817,-0.12246931669340252,-0.018261210925239017,3467,80,0.02307470435535045
143,43,selective_gru_tuned_anchor,3,overall,3907,71,10.0,False,1.6060962546873625,0.21765497694686933,-0.4684594828958635,-0.02218485390390956,3467,65,0.018748197288722238
143,43,selective_gru_tuned_anchor,3,q90,440,42,10.0,False,6.5227977995439606,0.4440517662297946,-4.492266298641297,-0.3158111330821061,0,0,
143,43,selective_gru_tuned_anchor,3,nontail,3467,69,10.0,False,0.982113364656528,0.1889227625584969,0.04220535671417138,0.015079513802582071,3467,65,0.018748197288722238
143,43,selective_gru_tuned_anchor,5,overall,3907,71,10.0,False,1.585934036119208,0.21522377778738236,-0.3580255302135486,-0.005237030003142364,3467,90,0.025959042399769254
143,43,selective_gru_tuned_anchor,5,q90,440,42,10.0,False,6.1934740412575096,0.4150950331198282,-4.214438751746663,-0.2869748504314351,0,0,
143,43,selective_gru_tuned_anchor,5,nontail,3467,69,10.0,False,1.001187107287119,0.18985794209477314,0.13139524206062805,0.030518563013427813,3467,90,0.025959042399769254
143,43,selective_integrated_constant,0,overall,3907,71,10.0,False,1.6835034837091332,0.23216898292455035,-0.6189994685922974,-0.04891315099240299,3467,83,0.02394000576867609
143,43,selective_integrated_constant,0,q90,440,42,10.0,False,6.487833744138886,0.44548876223303296,-4.484243544603165,-0.31396412887979414,0,0,
143,43,selective_integrated_constant,0,nontail,3467,69,10.0,False,1.073781731592291,0.20509638330074523,-0.12845796485858468,-0.015275299746238532,3467,83,0.02394000576867609
143,43,selective_integrated_constant,1,overall,3907,71,10.0,False,1.6788566058721779,0.23108657560371987,-0.6518821378510777,-0.05424772391973636,3467,80,0.02307470435535045
143,43,selective_integrated_constant,1,q90,440,42,10.0,False,6.561497401816342,0.4524053584206102,-4.823414526382122,-0.3378050888104688,0,0,
143,43,selective_integrated_constant,1,nontail,3467,69,10.0,False,1.0591963952533625,0.20299881545389817,-0.12246931669340252,-0.018261210925239017,3467,80,0.02307470435535045
143,43,selective_integrated_constant,3,overall,3907,71,10.0,False,1.6216643745290544,0.22122430726904235,-0.4558203081794992,-0.014526915624676617,3467,65,0.018748197288722238
143,43,selective_integrated_constant,3,q90,440,42,10.0,False,6.538412925545946,0.44887460096709203,-4.600135759465822,-0.3260776150942696,0,0,
143,43,selective_integrated_constant,3,nontail,3467,69,10.0,False,0.997675518905336,0.19233300953984078,0.07013838768608556,0.02501225592612259,3467,65,0.018748197288722238
143,43,selective_integrated_constant,5,overall,3907,71,10.0,False,1.591534507690587,0.21693794007281647,-0.3704641478556638,-0.00624941845956035,3467,89,0.025670608595327372
143,43,selective_integrated_constant,5,q90,440,42,10.0,False,6.206730605248638,0.41913745551834936,-4.234185572142813,-0.29132344087986556,0,0,
143,43,selective_integrated_constant,5,nontail,3467,69,10.0,False,1.005815937478432,0.1912766228544621,0.11988411481706364,0.029929574867504635,3467,89,0.025670608595327372
143,43,selective_integrated_gru_tuned_anchor,0,overall,3907,71,10.0,False,1.6835034837091332,0.23216898292455035,-0.6189994685922974,-0.04891315099240299,3467,83,0.02394000576867609
143,43,selective_integrated_gru_tuned_anchor,0,q90,440,42,10.0,False,6.487833744138886,0.44548876223303296,-4.484243544603165,-0.31396412887979414,0,0,
143,43,selective_integrated_gru_tuned_anchor,0,nontail,3467,69,10.0,False,1.073781731592291,0.20509638330074523,-0.12845796485858468,-0.015275299746238532,3467,83,0.02394000576867609
143,43,selective_integrated_gru_tuned_anchor,1,overall,3907,71,10.0,False,1.6788566058721779,0.23108657560371987,-0.6518821378510777,-0.05424772391973636,3467,80,0.02307470435535045
143,43,selective_integrated_gru_tuned_anchor,1,q90,440,42,10.0,False,6.561497401816342,0.4524053584206102,-4.823414526382122,-0.3378050888104688,0,0,
143,43,selective_integrated_gru_tuned_anchor,1,nontail,3467,69,10.0,False,1.0591963952533625,0.20299881545389817,-0.12246931669340252,-0.018261210925239017,3467,80,0.02307470435535045
143,43,selective_integrated_gru_tuned_anchor,3,overall,3907,71,10.0,False,1.6038814176035225,0.21762755715776083,-0.4387306330968455,-0.01199750911587573,3467,65,0.018748197288722238
143,43,selective_integrated_gru_tuned_anchor,3,q90,440,42,10.0,False,6.504318540538931,0.44155917964136054,-4.570234535966352,-0.3188890002063859,0,0,
143,43,selective_integrated_gru_tuned_anchor,3,nontail,3467,69,10.0,False,0.9819626595730695,0.1892081992423343,0.08560213796245156,0.026950358227598288,3467,65,0.018748197288722238
143,43,selective_integrated_gru_tuned_anchor,5,overall,3907,71,10.0,False,1.584752111763897,0.21503651049049305,-0.35135309112104085,-0.003730843823011599,3467,89,0.025670608595327372
143,43,selective_integrated_gru_tuned_anchor,5,q90,440,42,10.0,False,6.186412236646767,0.4146724066759167,-4.214715175882141,-0.2870594752989519,0,0,
143,43,selective_integrated_gru_tuned_anchor,5,nontail,3467,69,10.0,False,1.0007514036737724,0.18970054443292558,0.13894956745838918,0.03222664041391189,3467,89,0.025670608595327372
143,43,station_constant,0,overall,3907,71,10.0,False,1.7113295750329593,0.24340295004697216,-0.29232235310812005,0.03742951590157537,3467,89,0.025670608595327372
143,43,station_constant,0,q90,440,42,10.0,False,6.344302593773025,0.42230000885034374,-4.819921090119318,-0.3184178003289255,0,0,
143,43,station_constant,0,nontail,3467,69,10.0,False,1.1233549202173754,0.22069896796635963,0.2822791595209331,0.08259040979872577,3467,89,0.025670608595327372
143,43,station_constant,1,overall,3907,71,10.0,False,1.7176644973920907,0.24324331130812823,-0.30705806631825217,0.03316707381988184,3467,81,0.023363138159792327
143,43,station_constant,1,q90,440,42,10.0,False,6.397315225814117,0.4253703252447244,-5.056986631167446,-0.3341780409187771,0,0,
143,43,station_constant,1,nontail,3467,69,10.0,False,1.1237659336465786,0.2201294127987246,0.29575951906785836,0.07978716337425448,3467,81,0.023363138159792327
143,43,station_constant,3,overall,3907,71,10.0,False,1.6396578125655517,0.2255465144701071,-0.35525371798272043,0.00931560795851239,3467,65,0.018748197288722238
143,43,station_constant,3,q90,440,42,10.0,False,6.521287048945725,0.4443303916293605,-4.639588799767873,-0.3247502947665183,0,0,
143,43,station_constant,3,nontail,3467,69,10.0,False,1.0201259798550595,0.19778046141268812,0.18847499156024675,0.05171220363172077,3467,65,0.018748197288722238
143,43,station_constant,5,overall,3907,71,10.0,False,1.5968863427878288,0.21840853980036176,-0.3454172796705065,-0.0012012203578209968,3467,88,0.025382174790885493
143,43,station_constant,5,q90,440,42,10.0,False,6.215477868761654,0.4198039866183818,-4.231602224294774,-0.29181266682173346,0,0,
143,43,station_constant,5,nontail,3467,69,10.0,False,1.010736855787978,0.19284926763424443,0.1477818480002976,0.03568053229407444,3467,88,0.025382174790885493
143,43,station_gru_tuned_anchor,0,overall,3907,71,10.0,False,1.7113295750329593,0.24340295004697216,-0.29232235310812005,0.03742951590157537,3467,89,0.025670608595327372
143,43,station_gru_tuned_anchor,0,q90,440,42,10.0,False,6.344302593773025,0.42230000885034374,-4.819921090119318,-0.3184178003289255,0,0,
143,43,station_gru_tuned_anchor,0,nontail,3467,69,10.0,False,1.1233549202173754,0.22069896796635963,0.2822791595209331,0.08259040979872577,3467,89,0.025670608595327372
143,43,station_gru_tuned_anchor,1,overall,3907,71,10.0,False,1.7176644973920907,0.24324331130812823,-0.30705806631825217,0.03316707381988184,3467,81,0.023363138159792327
143,43,station_gru_tuned_anchor,1,q90,440,42,10.0,False,6.397315225814117,0.4253703252447244,-5.056986631167446,-0.3341780409187771,0,0,
143,43,station_gru_tuned_anchor,1,nontail,3467,69,10.0,False,1.1237659336465786,0.2201294127987246,0.29575951906785836,0.07978716337425448,3467,81,0.023363138159792327
143,43,station_gru_tuned_anchor,3,overall,3907,71,10.0,False,1.6262839862777212,0.2226533368556267,-0.34558871081934217,0.01022970689917103,3467,65,0.018748197288722238
143,43,station_gru_tuned_anchor,3,q90,440,42,10.0,False,6.490606588627501,0.43787590605284676,-4.612317398298352,-0.31842145691630264,0,0,
143,43,station_gru_tuned_anchor,3,nontail,3467,69,10.0,False,1.0089485536172358,0.19533925250409026,0.19590555583504615,0.051939113325132506,3467,65,0.018748197288722238
143,43,station_gru_tuned_anchor,5,overall,3907,71,10.0,False,1.5947961147374778,0.2171539946110171,-0.3324768418433199,-1.5944680292918218e-06,3467,89,0.025670608595327372
143,43,station_gru_tuned_anchor,5,q90,440,42,10.0,False,6.1981780078964945,0.41599464576209505,-4.214522739096725,-0.2881424763307612,0,0,
143,43,station_gru_tuned_anchor,5,nontail,3467,69,10.0,False,1.0105768955306802,0.19191895379576632,0.1601969957083092,0.03656661667116944,3467,89,0.025670608595327372
143,43,station_integrated_constant,0,overall,3907,71,10.0,False,1.6590941997742565,0.23193179057621524,-0.5817193241542171,-0.020805621019454865,3467,89,0.025670608595327372
143,43,station_integrated_constant,0,q90,440,42,10.0,False,6.405728039486664,0.43478996011447985,-5.009642390224907,-0.33907978766046015,0,0,
143,43,station_integrated_constant,0,nontail,3467,69,10.0,False,1.056694750834695,0.20618688299131865,-0.019767738036217758,0.019586831626072197,3467,89,0.025670608595327372
143,43,station_integrated_constant,1,overall,3907,71,10.0,False,1.684580971446206,0.2365404673656946,-0.519905057065743,-0.010382759981624488,3467,88,0.025382174790885493
143,43,station_integrated_constant,1,q90,440,42,10.0,False,6.446385676498688,0.43501743609735916,-5.180636636007852,-0.3487109702075068,0,0,
143,43,station_integrated_constant,1,nontail,3467,69,10.0,False,1.080256174727691,0.2113515818041335,0.07159246088479888,0.0325547688615795,3467,88,0.025382174790885493
143,43,station_integrated_constant,3,overall,3907,71,10.0,False,1.6365483461388945,0.2248877425957074,-0.3855538935409703,0.002923186544769344,3467,65,0.018748197288722238
143,43,station_integrated_constant,3,q90,440,42,10.0,False,6.523424411272299,0.44539122580851476,-4.653275621841233,-0.32651977721858544,0,0,
143,43,station_integrated_constant,3,nontail,3467,69,10.0,False,1.016350633805841,0.1969034528311746,0.1560664007919156,0.044733080994113474,3467,65,0.018748197288722238
143,43,station_integrated_constant,5,overall,3907,71,10.0,False,1.5968863427878288,0.21840853980036176,-0.3454172796705065,-0.0012012203578209968,3467,88,0.025382174790885493
143,43,station_integrated_constant,5,q90,440,42,10.0,False,6.215477868761654,0.4198039866183818,-4.231602224294774,-0.29181266682173346,0,0,
143,43,station_integrated_constant,5,nontail,3467,69,10.0,False,1.010736855787978,0.19284926763424443,0.1477818480002976,0.03568053229407444,3467,88,0.025382174790885493
143,43,station_integrated_gru_tuned_anchor,0,overall,3907,71,10.0,False,1.6590941997742565,0.23193179057621524,-0.5817193241542171,-0.020805621019454865,3467,89,0.025670608595327372
143,43,station_integrated_gru_tuned_anchor,0,q90,440,42,10.0,False,6.405728039486664,0.43478996011447985,-5.009642390224907,-0.33907978766046015,0,0,
143,43,station_integrated_gru_tuned_anchor,0,nontail,3467,69,10.0,False,1.056694750834695,0.20618688299131865,-0.019767738036217758,0.019586831626072197,3467,89,0.025670608595327372
143,43,station_integrated_gru_tuned_anchor,1,overall,3907,71,10.0,False,1.684580971446206,0.2365404673656946,-0.519905057065743,-0.010382759981624488,3467,88,0.025382174790885493
143,43,station_integrated_gru_tuned_anchor,1,q90,440,42,10.0,False,6.446385676498688,0.43501743609735916,-5.180636636007852,-0.3487109702075068,0,0,
143,43,station_integrated_gru_tuned_anchor,1,nontail,3467,69,10.0,False,1.080256174727691,0.2113515818041335,0.07159246088479888,0.0325547688615795,3467,88,0.025382174790885493
143,43,station_integrated_gru_tuned_anchor,3,overall,3907,71,10.0,False,1.6219133381465272,0.2217366986153693,-0.37594514832450865,0.003886725100855696,3467,64,0.018459763484280356
143,43,station_integrated_gru_tuned_anchor,3,q90,440,42,10.0,False,6.493728658652583,0.4389938748759057,-4.626934905410355,-0.3202373992965327,0,0,
143,43,station_integrated_gru_tuned_anchor,3,nontail,3467,69,10.0,False,1.0036269980765347,0.19416440050327355,0.16355167691857542,0.04502160099784183,3467,64,0.018459763484280356
143,43,station_integrated_gru_tuned_anchor,5,overall,3907,71,10.0,False,1.5947961147374778,0.2171539946110171,-0.3324768418433199,-1.5944680292918218e-06,3467,89,0.025670608595327372
143,43,station_integrated_gru_tuned_anchor,5,q90,440,42,10.0,False,6.1981780078964945,0.41599464576209505,-4.214522739096725,-0.2881424763307612,0,0,
143,43,station_integrated_gru_tuned_anchor,5,nontail,3467,69,10.0,False,1.0105768955306802,0.19191895379576632,0.1601969957083092,0.03656661667116944,3467,89,0.025670608595327372
143,43,tail2_constant,0,overall,3907,71,10.0,False,1.705219004756438,0.24146853562796985,-0.37080742989906196,0.021023309681240436,3467,86,0.024805307182001732
143,43,tail2_constant,0,q90,440,42,10.0,False,6.353114687146835,0.4241270457902053,-4.869501318750703,-0.32292448117859257,0,0,
143,43,tail2_constant,0,nontail,3467,69,10.0,False,1.1153505016552627,0.21828718446806686,0.20012574318854176,0.06467402441395649,3467,86,0.024805307182001732
143,43,tail2_constant,1,overall,3907,71,10.0,False,1.7095482115362555,0.2415127197193915,-0.3703027199745572,0.02024630257011951,3467,80,0.02307470435535045
143,43,tail2_constant,1,q90,440,42,10.0,False,6.4095252580952184,0.4271969401256353,-5.097590687841337,-0.3378558079118174,0,0,
143,43,tail2_constant,1,nontail,3467,69,10.0,False,1.1130700169917085,0.21794737302808856,0.22964152746166508,0.06569335437630706,3467,80,0.02307470435535045
143,43,tail2_constant,3,overall,3907,71,10.0,False,1.633985638847553,0.2243631812111127,-0.37656020553891567,0.004620770410710463,3467,64,0.018459763484280356
143,43,tail2_constant,3,q90,440,42,10.0,False,6.517428334286755,0.44411629054458823,-4.635748519255866,-0.32462545694987116,0,0,
143,43,tail2_constant,3,nontail,3467,69,10.0,False,1.0142236584629991,0.1964741220513985,0.16397710569138663,0.046405696871240014,3467,64,0.018459763484280356
143,43,tail2_constant,5,overall,3907,71,10.0,False,1.592893958608486,0.21757341757400248,-0.34626575423880895,-0.0016883703923748939,3467,91,0.026247476204211133
143,43,tail2_constant,5,q90,440,42,10.0,False,6.199994862566078,0.4182382473395769,-4.216938112167059,-0.2903349976641401,0,0,
143,43,tail2_constant,5,nontail,3467,69,10.0,False,1.008202756490995,0.19210686865653703,0.14496465749710966,0.034944025338682703,3467,91,0.026247476204211133
143,43,tail2_gru_tuned_anchor,0,overall,3907,71,10.0,False,1.705219004756438,0.24146853562796985,-0.37080742989906196,0.021023309681240436,3467,86,0.024805307182001732
143,43,tail2_gru_tuned_anchor,0,q90,440,42,10.0,False,6.353114687146835,0.4241270457902053,-4.869501318750703,-0.32292448117859257,0,0,
143,43,tail2_gru_tuned_anchor,0,nontail,3467,69,10.0,False,1.1153505016552627,0.21828718446806686,0.20012574318854176,0.06467402441395649,3467,86,0.024805307182001732
143,43,tail2_gru_tuned_anchor,1,overall,3907,71,10.0,False,1.7095482115362555,0.2415127197193915,-0.3703027199745572,0.02024630257011951,3467,80,0.02307470435535045
143,43,tail2_gru_tuned_anchor,1,q90,440,42,10.0,False,6.4095252580952184,0.4271969401256353,-5.097590687841337,-0.3378558079118174,0,0,
143,43,tail2_gru_tuned_anchor,1,nontail,3467,69,10.0,False,1.1130700169917085,0.21794737302808856,0.22964152746166508,0.06569335437630706,3467,80,0.02307470435535045
143,43,tail2_gru_tuned_anchor,3,overall,3907,71,10.0,False,1.6208249183065149,0.2214674990503251,-0.36523189322501004,0.005782908858658456,3467,64,0.018459763484280356
143,43,tail2_gru_tuned_anchor,3,q90,440,42,10.0,False,6.484572136166789,0.4373605811071266,-4.606123955349278,-0.3179950838718283,0,0,
143,43,tail2_gru_tuned_anchor,3,nontail,3467,69,10.0,False,1.0035625081944524,0.19406831932578147,0.17298342472557493,0.04687385688329479,3467,64,0.018459763484280356
143,43,tail2_gru_tuned_anchor,5,overall,3907,71,10.0,False,1.590391274163467,0.21625045061029244,-0.33213679096673704,-0.00030229401106302814,3467,90,0.025959042399769254
143,43,tail2_gru_tuned_anchor,5,q90,440,42,10.0,False,6.181206879504939,0.4142656543431421,-4.19889996076955,-0.28652300637399164,0,0,
143,43,tail2_gru_tuned_anchor,5,nontail,3467,69,10.0,False,1.0077668535259567,0.1911201680482925,0.15859750228773012,0.03602222673877504,3467,90,0.025959042399769254
143,43,tail2_integrated_constant,0,overall,3907,71,10.0,False,1.6590941997742565,0.23193179057621524,-0.5817193241542171,-0.020805621019454865,3467,89,0.025670608595327372
143,43,tail2_integrated_constant,0,q90,440,42,10.0,False,6.405728039486664,0.43478996011447985,-5.009642390224907,-0.33907978766046015,0,0,
143,43,tail2_integrated_constant,0,nontail,3467,69,10.0,False,1.056694750834695,0.20618688299131865,-0.019767738036217758,0.019586831626072197,3467,89,0.025670608595327372
143,43,tail2_integrated_constant,1,overall,3907,71,10.0,False,1.6910215962118327,0.23797915778023812,-0.444680945564991,0.005483571794474265,3467,81,0.023363138159792327
143,43,tail2_integrated_constant,1,q90,440,42,10.0,False,6.425880498469358,0.430729982313402,-5.138852243265191,-0.34303049102885425,0,0,
143,43,tail2_integrated_constant,1,nontail,3467,69,10.0,False,1.090116514875429,0.21351698218329776,0.15106043631793029,0.04971379609279113,3467,81,0.023363138159792327
143,43,tail2_integrated_constant,3,overall,3907,71,10.0,False,1.633093775993388,0.22416696291721128,-0.386517371556235,0.00262567389505089,3467,64,0.018459763484280356
143,43,tail2_integrated_constant,3,q90,440,42,10.0,False,6.519252455648485,0.4446541264913327,-4.643624748562045,-0.32550786471082516,0,0,
143,43,tail2_integrated_constant,3,nontail,3467,69,10.0,False,1.0129871076783483,0.19618474429228674,0.15375584617741272,0.044269388053281476,3467,64,0.018459763484280356
143,43,tail2_integrated_constant,5,overall,3907,71,10.0,False,1.592893958608486,0.21757341757400248,-0.34626575423880895,-0.0016883703923748939,3467,91,0.026247476204211133
143,43,tail2_integrated_constant,5,q90,440,42,10.0,False,6.199994862566078,0.4182382473395769,-4.216938112167059,-0.2903349976641401,0,0,
143,43,tail2_integrated_constant,5,nontail,3467,69,10.0,False,1.008202756490995,0.19210686865653703,0.14496465749710966,0.034944025338682703,3467,91,0.026247476204211133
143,43,tail2_integrated_gru_tuned_anchor,0,overall,3907,71,10.0,False,1.6590941997742565,0.23193179057621524,-0.5817193241542171,-0.020805621019454865,3467,89,0.025670608595327372
143,43,tail2_integrated_gru_tuned_anchor,0,q90,440,42,10.0,False,6.405728039486664,0.43478996011447985,-5.009642390224907,-0.33907978766046015,0,0,
143,43,tail2_integrated_gru_tuned_anchor,0,nontail,3467,69,10.0,False,1.056694750834695,0.20618688299131865,-0.019767738036217758,0.019586831626072197,3467,89,0.025670608595327372
143,43,tail2_integrated_gru_tuned_anchor,1,overall,3907,71,10.0,False,1.6910215962118327,0.23797915778023812,-0.444680945564991,0.005483571794474265,3467,81,0.023363138159792327
143,43,tail2_integrated_gru_tuned_anchor,1,q90,440,42,10.0,False,6.425880498469358,0.430729982313402,-5.138852243265191,-0.34303049102885425,0,0,
143,43,tail2_integrated_gru_tuned_anchor,1,nontail,3467,69,10.0,False,1.090116514875429,0.21351698218329776,0.15106043631793029,0.04971379609279113,3467,81,0.023363138159792327
143,43,tail2_integrated_gru_tuned_anchor,3,overall,3907,71,10.0,False,1.6191537157734033,0.22114639227229482,-0.37556312869078295,0.003763578585821648,3467,65,0.018748197288722238
143,43,tail2_integrated_gru_tuned_anchor,3,q90,440,42,10.0,False,6.48721594207648,0.43798264575273227,-4.61502009962499,-0.31897044994432716,0,0,
143,43,tail2_integrated_gru_tuned_anchor,3,nontail,3467,69,10.0,False,1.0013436841687444,0.1936275138380887,0.1624700605826671,0.04472203620141595,3467,65,0.018748197288722238
143,43,tail2_integrated_gru_tuned_anchor,5,overall,3907,71,10.0,False,1.590391274163467,0.21625045061029244,-0.33213679096673704,-0.00030229401106302814,3467,90,0.025959042399769254
143,43,tail2_integrated_gru_tuned_anchor,5,q90,440,42,10.0,False,6.181206879504939,0.4142656543431421,-4.19889996076955,-0.28652300637399164,0,0,
143,43,tail2_integrated_gru_tuned_anchor,5,nontail,3467,69,10.0,False,1.0077668535259567,0.1911201680482925,0.15859750228773012,0.03602222673877504,3467,90,0.025959042399769254
143,44,context_constant,0,overall,3907,71,10.0,False,1.7278365660323305,0.24582662503187575,-0.26807008722107784,0.04337518670307263,3467,89,0.025670608595327372
143,44,context_constant,0,q90,440,42,10.0,False,6.385829123999139,0.4241635109286618,-4.90370288954871,-0.322677192752753,0,0,
143,44,context_constant,0,nontail,3467,69,10.0,False,1.1366866596275438,0.22319373498440362,0.32024212305413374,0.08983121409290917,3467,89,0.025670608595327372
143,44,context_constant,1,overall,3907,71,10.0,False,1.7324092068251418,0.2450146069905745,-0.27720152545807614,0.038842823870112154,3467,81,0.023363138159792327
143,44,context_constant,1,q90,440,42,10.0,False,6.417804310383052,0.426321746372488,-5.088318022761071,-0.3355019572845115,0,0,
143,44,context_constant,1,nontail,3467,69,10.0,False,1.1377816194108124,0.2220047594774387,0.33338147391121076,0.08635124720672434,3467,81,0.023363138159792327
143,44,context_constant,3,overall,3907,71,10.0,False,1.6508979956877254,0.2275416845637736,-0.33580080215629887,0.012844492263774947,3467,64,0.018459763484280356
143,44,context_constant,3,q90,440,42,10.0,False,6.524765127362284,0.4451196092998147,-4.631406282176807,-0.32463496100569966,0,0,
143,44,context_constant,3,nontail,3467,69,10.0,False,1.0323512584691488,0.19992867998233202,0.20935824347653176,0.05567430461986634,3467,64,0.018459763484280356
143,44,context_constant,5,overall,3907,71,10.0,False,1.6078493433613148,0.22039640456971693,-0.3272380350781337,0.001702752391890122,3467,87,0.02509374098644361
143,44,context_constant,5,q90,440,42,10.0,False,6.2317952978410105,0.42149689019904096,-4.190196584252288,-0.2902770811849718,0,0,
143,44,context_constant,5,nontail,3467,69,10.0,False,1.0210203211602573,0.19487456618583965,0.16301341044728535,0.03875816824819796,3467,87,0.02509374098644361
143,44,context_gru_tuned_anchor,0,overall,3907,71,10.0,False,1.7278365660323305,0.24582662503187575,-0.26807008722107784,0.04337518670307263,3467,89,0.025670608595327372
143,44,context_gru_tuned_anchor,0,q90,440,42,10.0,False,6.385829123999139,0.4241635109286618,-4.90370288954871,-0.322677192752753,0,0,
143,44,context_gru_tuned_anchor,0,nontail,3467,69,10.0,False,1.1366866596275438,0.22319373498440362,0.32024212305413374,0.08983121409290917,3467,89,0.025670608595327372
143,44,context_gru_tuned_anchor,1,overall,3907,71,10.0,False,1.7324092068251418,0.2450146069905745,-0.27720152545807614,0.038842823870112154,3467,81,0.023363138159792327
143,44,context_gru_tuned_anchor,1,q90,440,42,10.0,False,6.417804310383052,0.426321746372488,-5.088318022761071,-0.3355019572845115,0,0,
143,44,context_gru_tuned_anchor,1,nontail,3467,69,10.0,False,1.1377816194108124,0.2220047594774387,0.33338147391121076,0.08635124720672434,3467,81,0.023363138159792327
143,44,context_gru_tuned_anchor,3,overall,3907,71,10.0,False,1.6265672622207321,0.22249086867392354,-0.32184162165939656,0.01420508934967308,3467,63,0.018171329679838477
143,44,context_gru_tuned_anchor,3,q90,440,42,10.0,False,6.476647229527413,0.4377419687734582,-4.595732409479681,-0.31811500319570973,0,0,
143,44,context_gru_tuned_anchor,3,nontail,3467,69,10.0,False,1.01103937482098,0.19517316344063967,0.22056159340865236,0.05638012272722383,3467,63,0.018171329679838477
143,44,context_gru_tuned_anchor,5,overall,3907,71,10.0,False,1.58925650599366,0.21693333502433154,-0.32290805578078574,0.0018443006825044235,3467,88,0.025382174790885493
143,44,context_gru_tuned_anchor,5,q90,440,42,10.0,False,6.201040491851589,0.4172928192881029,-4.172213653439935,-0.2869794334323122,0,0,
143,44,context_gru_tuned_anchor,5,nontail,3467,69,10.0,False,1.0039709698593975,0.19150553777135798,0.1656106817358066,0.038499173197796985,3467,88,0.025382174790885493
143,44,mae_constant,0,overall,3907,71,10.0,False,1.714867178277791,0.2406161511036221,-0.6546228723273997,-0.02656293048272605,3467,78,0.022497836746466687
143,44,mae_constant,0,q90,440,42,10.0,False,6.6069367357271025,0.4499586812155087,-5.485325793275028,-0.37181131012002916,0,0,
143,44,mae_constant,0,nontail,3467,69,10.0,False,1.0940103552960496,0.21404830765129154,-0.04155414281573054,0.017252843108394037,3467,78,0.022497836746466687
143,44,mae_constant,1,overall,3907,71,10.0,False,1.711718977102286,0.23990579282660612,-0.5762170849048619,-0.013749338766546692,3467,73,0.021055667724257283
143,44,mae_constant,1,q90,440,42,10.0,False,6.604217623944888,0.4475608946446236,-5.545041556693861,-0.3741706144508541,0,0,
143,44,mae_constant,1,nontail,3467,69,10.0,False,1.0908076980106376,0.2135521023737859,0.05438077133602631,0.0319920403223184,3467,73,0.021055667724257283
143,44,mae_constant,3,overall,3907,71,10.0,False,1.6345305960769494,0.22462507501254572,-0.4436792043933337,-0.008248404128716089,3467,65,0.018748197288722238
143,44,mae_constant,3,q90,440,42,10.0,False,6.53361578260898,0.44824263644811135,-4.747972421464685,-0.334421024207834,0,0,
143,44,mae_constant,3,nontail,3467,69,10.0,False,1.0127834134769802,0.19624557485920022,0.10258240954130558,0.0331464481455302,3467,65,0.018748197288722238
143,44,mae_constant,5,overall,3907,71,10.0,False,1.5979762964401973,0.21867389933013354,-0.3344865810600773,-0.000832964144878452,3467,90,0.025959042399769254
143,44,mae_constant,5,q90,440,42,10.0,False,6.185170866597987,0.41725004254406217,-4.153192701585172,-0.2867048077094536,0,0,
143,44,mae_constant,5,nontail,3467,69,10.0,False,1.0158114245424683,0.1934724274483543,0.15014875007088363,0.035447281360865154,3467,90,0.025959042399769254
143,44,mae_gru_tuned_anchor,0,overall,3907,71,10.0,False,1.714867178277791,0.2406161511036221,-0.6546228723273997,-0.02656293048272605,3467,78,0.022497836746466687
143,44,mae_gru_tuned_anchor,0,q90,440,42,10.0,False,6.6069367357271025,0.4499586812155087,-5.485325793275028,-0.37181131012002916,0,0,
143,44,mae_gru_tuned_anchor,0,nontail,3467,69,10.0,False,1.0940103552960496,0.21404830765129154,-0.04155414281573054,0.017252843108394037,3467,78,0.022497836746466687
143,44,mae_gru_tuned_anchor,1,overall,3907,71,10.0,False,1.711718977102286,0.23990579282660612,-0.5762170849048619,-0.013749338766546692,3467,73,0.021055667724257283
143,44,mae_gru_tuned_anchor,1,q90,440,42,10.0,False,6.604217623944888,0.4475608946446236,-5.545041556693861,-0.3741706144508541,0,0,
143,44,mae_gru_tuned_anchor,1,nontail,3467,69,10.0,False,1.0908076980106376,0.2135521023737859,0.05438077133602631,0.0319920403223184,3467,73,0.021055667724257283
143,44,mae_gru_tuned_anchor,3,overall,3907,71,10.0,False,1.6115156768322867,0.21971116823246722,-0.4257881333946224,-0.006265404168001031,3467,64,0.018459763484280356
143,44,mae_gru_tuned_anchor,3,q90,440,42,10.0,False,6.483860467437714,0.4403496003419519,-4.707496763566844,-0.32717226328621596,0,0,
143,44,mae_gru_tuned_anchor,3,nontail,3467,69,10.0,False,0.9931621412492498,0.1917097519855179,0.11760725087874876,0.03446116578066196,3467,64,0.018459763484280356
143,44,mae_gru_tuned_anchor,5,overall,3907,71,10.0,False,1.5801484747577776,0.2153297409449548,-0.3279531557386886,-0.0005089644089452997,3467,90,0.025959042399769254
143,44,mae_gru_tuned_anchor,5,q90,440,42,10.0,False,6.15183051367046,0.4127213769675863,-4.131094893091986,-0.2829502305478121,0,0,
143,44,mae_gru_tuned_anchor,5,nontail,3467,69,10.0,False,0.9999523117576101,0.19027859590602836,0.15470688592137793,0.035335903517533324,3467,90,0.025959042399769254
143,44,mae_integrated_constant,0,overall,3907,71,10.0,False,1.6805215298262917,0.2340319337537177,-0.6580839244903118,-0.031290876558742596,3467,81,0.023363138159792327
143,44,mae_integrated_constant,0,q90,440,42,10.0,False,6.554625666535716,0.4460704616222615,-5.361682141073237,-0.36317449719344375,0,0,
143,44,mae_integrated_constant,0,nontail,3467,69,10.0,False,1.0619447140916085,0.2071219388699106,-0.06114616409328633,0.01082876378716699,3467,81,0.023363138159792327
143,44,mae_integrated_constant,1,overall,3907,71,10.0,False,1.7005992396991394,0.23789817986477874,-0.5746765327576001,-0.01531268933476985,3467,75,0.021632535333141044
143,44,mae_integrated_constant,1,q90,440,42,10.0,False,6.578726520487496,0.4454850459156529,-5.491307849088828,-0.37031333850230064,0,0,
143,44,mae_integrated_constant,1,nontail,3467,69,10.0,False,1.0815118432333541,0.21155314927280164,0.04929744450970306,0.029740753305470585,3467,75,0.021632535333141044
143,44,mae_integrated_constant,3,overall,3907,71,10.0,False,1.6348494269811094,0.22448782877736506,-0.4369096427234646,-0.0075972567743792345,3467,64,0.018459763484280356
143,44,mae_integrated_constant,3,q90,440,42,10.0,False,6.533565236021754,0.44804814387416214,-4.724787180329711,-0.33278790334355585,0,0,
143,44,mae_integrated_constant,3,nontail,3467,69,10.0,False,1.0131491224013907,0.19611559380690335,0.10726864298370246,0.03367297238352031,3467,64,0.018459763484280356
143,44,mae_integrated_constant,5,overall,3907,71,10.0,False,1.601580918213915,0.21907093255351895,-0.32898756258274836,0.0007548916884730142,3467,89,0.025670608595327372
143,44,mae_integrated_constant,5,q90,440,42,10.0,False,6.201013397952364,0.4184834032286903,-4.1644329024089775,-0.28758049036725064,0,0,
143,44,mae_integrated_constant,5,nontail,3467,69,10.0,False,1.017862922515929,0.19376332162272134,0.15777215749903448,0.03734778701714865,3467,89,0.025670608595327372
143,44,mae_integrated_gru_tuned_anchor,0,overall,3907,71,10.0,False,1.6805215298262917,0.2340319337537177,-0.6580839244903118,-0.031290876558742596,3467,81,0.023363138159792327
143,44,mae_integrated_gru_tuned_anchor,0,q90,440,42,10.0,False,6.554625666535716,0.4460704616222615,-5.361682141073237,-0.36317449719344375,0,0,
143,44,mae_integrated_gru_tuned_anchor,0,nontail,3467,69,10.0,False,1.0619447140916085,0.2071219388699106,-0.06114616409328633,0.01082876378716699,3467,81,0.023363138159792327
143,44,mae_integrated_gru_tuned_anchor,1,overall,3907,71,10.0,False,1.7005992396991394,0.23789817986477874,-0.5746765327576001,-0.01531268933476985,3467,75,0.021632535333141044
143,44,mae_integrated_gru_tuned_anchor,1,q90,440,42,10.0,False,6.578726520487496,0.4454850459156529,-5.491307849088828,-0.37031333850230064,0,0,
143,44,mae_integrated_gru_tuned_anchor,1,nontail,3467,69,10.0,False,1.0815118432333541,0.21155314927280164,0.04929744450970306,0.029740753305470585,3467,75,0.021632535333141044
143,44,mae_integrated_gru_tuned_anchor,3,overall,3907,71,10.0,False,1.608410800067501,0.21894670086637047,-0.42195231057788174,-0.006001343048217656,3467,63,0.018171329679838477
143,44,mae_integrated_gru_tuned_anchor,3,q90,440,42,10.0,False,6.486178899988944,0.44047440642336383,-4.687317310829935,-0.3259027671533129,0,0,
143,44,mae_integrated_gru_tuned_anchor,3,nontail,3467,69,10.0,False,0.9893689875594437,0.19083242614901336,0.11936888933873308,0.034597626264225925,3467,63,0.018171329679838477
143,44,mae_integrated_gru_tuned_anchor,5,overall,3907,71,10.0,False,1.5829417729886113,0.21553504478173924,-0.3240579566282688,0.0009130209436718621,3467,91,0.026247476204211133
143,44,mae_integrated_gru_tuned_anchor,5,q90,440,42,10.0,False,6.170198174692848,0.41421741150586266,-4.144591874548073,-0.2840807768911069,0,0,
143,44,mae_integrated_gru_tuned_anchor,5,nontail,3467,69,10.0,False,1.0007690539952845,0.19032009198144664,0.16080934186746632,0.03708183289847505,3467,91,0.026247476204211133
143,44,prior_ecological_affine_constant,0,overall,3907,71,10.0,False,1.6757515541558343,0.2337575929730711,-0.5382506214176358,-0.010806979418500659,3467,83,0.02394000576867609
143,44,prior_ecological_affine_constant,0,q90,440,42,10.0,False,6.465637712126824,0.43602842130612124,-5.136154806467872,-0.3442658810899221,0,0,
143,44,prior_ecological_affine_constant,0,nontail,3467,69,10.0,False,1.0678629157055213,0.2080872253738378,0.045273417065809216,0.03151258122050293,3467,83,0.02394000576867609
143,44,prior_ecological_affine_constant,1,overall,3907,71,10.0,False,1.695638206055579,0.23731712182645825,-0.48079629735469953,-0.0018880153405579116,3467,80,0.02307470435535045
143,44,prior_ecological_affine_constant,1,q90,440,42,10.0,False,6.48418514144011,0.43573863074610053,-5.264285716335929,-0.35199375655188797,0,0,
143,44,prior_ecological_affine_constant,1,nontail,3467,69,10.0,False,1.087919529514133,0.21213527471811022,0.12628052535996467,0.04254421025303459,3467,80,0.02307470435535045
143,44,prior_ecological_affine_constant,3,overall,3907,71,10.0,False,1.6399423399546769,0.22530423164252533,-0.40417361205320057,-0.0018000920384975635,3467,64,0.018459763484280356
143,44,prior_ecological_affine_constant,3,q90,440,42,10.0,False,6.5275089307016945,0.4466220252694546,-4.675872319610536,-0.3287173435465236,0,0,
143,44,prior_ecological_affine_constant,3,nontail,3467,69,10.0,False,1.0196569924125114,0.19721659703166614,0.13795140419289909,0.0396892620611654,3467,64,0.018459763484280356
143,44,prior_ecological_affine_constant,5,overall,3907,71,10.0,False,1.5990328178929583,0.21853298715296743,-0.33245901455236704,0.0003011043041078222,3467,88,0.025382174790885493
143,44,prior_ecological_affine_constant,5,q90,440,42,10.0,False,6.2065887468815015,0.4189234334691013,-4.174536632000209,-0.28826831108808526,0,0,
143,44,prior_ecological_affine_constant,5,nontail,3467,69,10.0,False,1.0142838681511186,0.1931012604788691,0.15514241367868284,0.03692370100804925,3467,88,0.025382174790885493
143,44,prior_ecological_affine_gru_tuned_anchor,0,overall,3907,71,10.0,False,1.6757515541558343,0.2337575929730711,-0.5382506214176358,-0.010806979418500659,3467,83,0.02394000576867609
143,44,prior_ecological_affine_gru_tuned_anchor,0,q90,440,42,10.0,False,6.465637712126824,0.43602842130612124,-5.136154806467872,-0.3442658810899221,0,0,
143,44,prior_ecological_affine_gru_tuned_anchor,0,nontail,3467,69,10.0,False,1.0678629157055213,0.2080872253738378,0.045273417065809216,0.03151258122050293,3467,83,0.02394000576867609
143,44,prior_ecological_affine_gru_tuned_anchor,1,overall,3907,71,10.0,False,1.695638206055579,0.23731712182645825,-0.48079629735469953,-0.0018880153405579116,3467,80,0.02307470435535045
143,44,prior_ecological_affine_gru_tuned_anchor,1,q90,440,42,10.0,False,6.48418514144011,0.43573863074610053,-5.264285716335929,-0.35199375655188797,0,0,
143,44,prior_ecological_affine_gru_tuned_anchor,1,nontail,3467,69,10.0,False,1.087919529514133,0.21213527471811022,0.12628052535996467,0.04254421025303459,3467,80,0.02307470435535045
143,44,prior_ecological_affine_gru_tuned_anchor,3,overall,3907,71,10.0,False,1.6132857370221978,0.21979230167019279,-0.3902094624936776,-0.0003694077406029872,3467,63,0.018171329679838477
143,44,prior_ecological_affine_gru_tuned_anchor,3,q90,440,42,10.0,False,6.479732799628239,0.4391462216036366,-4.6397299312498514,-0.32204760680822736,0,0,
143,44,prior_ecological_affine_gru_tuned_anchor,3,nontail,3467,69,10.0,False,0.9956806872539091,0.19195390398610998,0.14910089408339666,0.04045505363515551,3467,63,0.018171329679838477
143,44,prior_ecological_affine_gru_tuned_anchor,5,overall,3907,71,10.0,False,1.5811808899882926,0.21513346866951383,-0.3271770910003479,0.0005121776202837038,3467,90,0.025959042399769254
143,44,prior_ecological_affine_gru_tuned_anchor,5,q90,440,42,10.0,False,6.1758573473975975,0.41468118650757774,-4.154946547266679,-0.28480007777515426,0,0,
143,44,prior_ecological_affine_gru_tuned_anchor,5,nontail,3467,69,10.0,False,0.9980664852406447,0.18980869340307366,0.15860847599047578,0.036721405302427554,3467,90,0.025959042399769254
143,44,prior_encoder_constant,0,overall,3907,71,10.0,False,1.731756120247193,0.24773076406210845,-0.43597479817837825,-0.023926648861671777,3467,90,0.025959042399769254
143,44,prior_encoder_constant,0,q90,440,42,10.0,False,6.3541434554720295,0.4279753570397464,-4.223606059713724,-0.2922722416986479,0,0,
143,44,prior_encoder_constant,0,nontail,3467,69,10.0,False,1.145124903777932,0.22485576524175635,0.044716795440183026,0.010129324847087824,3467,90,0.025959042399769254
143,44,prior_encoder_constant,1,overall,3907,71,10.0,False,1.6954288644636009,0.23894221977033508,-0.5466403777118843,-0.03344183555959686,3467,80,0.02307470435535045
143,44,prior_encoder_constant,1,q90,440,42,10.0,False,6.437112729119374,0.4371108065047196,-4.899835480783722,-0.33619058714794814,0,0,
143,44,prior_encoder_constant,1,nontail,3467,69,10.0,False,1.0936576211845297,0.2137924712375606,0.005827417313096454,0.004980273093092667,3467,80,0.02307470435535045
143,44,prior_encoder_constant,3,overall,3907,71,10.0,False,1.633563244308495,0.22513077332285553,-0.47824794336286847,-0.02440183031745445,3467,65,0.018748197288722238
143,44,prior_encoder_constant,3,q90,440,42,10.0,False,6.526987419011082,0.4492736157256808,-4.586618767609999,-0.32721819644991573,0,0,
143,44,prior_encoder_constant,3,nontail,3467,69,10.0,False,1.0125345056672668,0.19668460930288345,0.043148988471206365,0.0140288593561201,3467,65,0.018748197288722238
143,44,prior_encoder_constant,5,overall,3907,71,10.0,False,1.5941032315392996,0.21715835360896676,-0.40217113637618274,-0.01368144195298913,3467,88,0.025382174790885493
143,44,prior_encoder_constant,5,q90,440,42,10.0,False,6.215154141912171,0.4203592345377716,-4.290804422868745,-0.2962528486104544,0,0,
143,44,prior_encoder_constant,5,nontail,3467,69,10.0,False,1.0076416219159758,0.19136995222198258,0.09133871250086577,0.02217994222044172,3467,88,0.025382174790885493
143,44,prior_encoder_gru_tuned_anchor,0,overall,3907,71,10.0,False,1.731756120247193,0.24773076406210845,-0.43597479817837825,-0.023926648861671777,3467,90,0.025959042399769254
143,44,prior_encoder_gru_tuned_anchor,0,q90,440,42,10.0,False,6.3541434554720295,0.4279753570397464,-4.223606059713724,-0.2922722416986479,0,0,
143,44,prior_encoder_gru_tuned_anchor,0,nontail,3467,69,10.0,False,1.145124903777932,0.22485576524175635,0.044716795440183026,0.010129324847087824,3467,90,0.025959042399769254
143,44,prior_encoder_gru_tuned_anchor,1,overall,3907,71,10.0,False,1.6954288644636009,0.23894221977033508,-0.5466403777118843,-0.03344183555959686,3467,80,0.02307470435535045
143,44,prior_encoder_gru_tuned_anchor,1,q90,440,42,10.0,False,6.437112729119374,0.4371108065047196,-4.899835480783722,-0.33619058714794814,0,0,
143,44,prior_encoder_gru_tuned_anchor,1,nontail,3467,69,10.0,False,1.0936576211845297,0.2137924712375606,0.005827417313096454,0.004980273093092667,3467,80,0.02307470435535045
143,44,prior_encoder_gru_tuned_anchor,3,overall,3907,71,10.0,False,1.6122983373565394,0.22100649750643253,-0.4563443926686068,-0.021456592761863198,3467,64,0.018459763484280356
143,44,prior_encoder_gru_tuned_anchor,3,q90,440,42,10.0,False,6.479465152764869,0.44173351383226583,-4.554645643165158,-0.3205399987589238,0,0,
143,44,prior_encoder_gru_tuned_anchor,3,nontail,3467,69,10.0,False,0.9946019431310804,0.19299383895916777,0.06377460076043343,0.016500343678490598,3467,64,0.018459763484280356
143,44,prior_encoder_gru_tuned_anchor,5,overall,3907,71,10.0,False,1.577109424552263,0.21422805551875984,-0.3940193392932007,-0.012791480085363561,3467,88,0.025382174790885493
143,44,prior_encoder_gru_tuned_anchor,5,q90,440,42,10.0,False,6.185805620524539,0.4162856707737699,-4.273306686724965,-0.2929641715756968,0,0,
143,44,prior_encoder_gru_tuned_anchor,5,nontail,3467,69,10.0,False,0.9922157625309763,0.18858474697759905,0.09830440828971711,0.02276548104983882,3467,88,0.025382174790885493
143,44,prior_encoder_integrated_constant,0,overall,3907,71,10.0,False,1.731756120247193,0.24773076406210845,-0.43597479817837825,-0.023926648861671777,3467,90,0.025959042399769254
143,44,prior_encoder_integrated_constant,0,q90,440,42,10.0,False,6.3541434554720295,0.4279753570397464,-4.223606059713724,-0.2922722416986479,0,0,
143,44,prior_encoder_integrated_constant,0,nontail,3467,69,10.0,False,1.145124903777932,0.22485576524175635,0.044716795440183026,0.010129324847087824,3467,90,0.025959042399769254
143,44,prior_encoder_integrated_constant,1,overall,3907,71,10.0,False,1.6954288644636009,0.23894221977033508,-0.5466403777118843,-0.03344183555959686,3467,80,0.02307470435535045
143,44,prior_encoder_integrated_constant,1,q90,440,42,10.0,False,6.437112729119374,0.4371108065047196,-4.899835480783722,-0.33619058714794814,0,0,
143,44,prior_encoder_integrated_constant,1,nontail,3467,69,10.0,False,1.0936576211845297,0.2137924712375606,0.005827417313096454,0.004980273093092667,3467,80,0.02307470435535045
143,44,prior_encoder_integrated_constant,3,overall,3907,71,10.0,False,1.6254428368993452,0.2227218765399126,-0.4569028409546267,-0.015452671163675016,3467,64,0.018459763484280356
143,44,prior_encoder_integrated_constant,3,q90,440,42,10.0,False,6.522533458512626,0.44788060477692343,-4.649119206426031,-0.329192512231957,0,0,
143,44,prior_encoder_integrated_constant,3,nontail,3467,69,10.0,False,1.0039487862763734,0.1941467855608861,0.0751350017934026,0.024364326260623827,3467,64,0.018459763484280356
143,44,prior_encoder_integrated_constant,5,overall,3907,71,10.0,False,1.5905738771402904,0.21657584230928784,-0.36804352777707205,-0.006213508307125978,3467,90,0.025959042399769254
143,44,prior_encoder_integrated_constant,5,q90,440,42,10.0,False,6.207622664626853,0.4194467771990914,-4.242315253448339,-0.29263445170779623,0,0,
143,44,prior_encoder_integrated_constant,5,nontail,3467,69,10.0,False,1.0046201804301411,0.19082931466247116,0.12364368286479638,0.030136423938704693,3467,90,0.025959042399769254
143,44,prior_encoder_integrated_gru_tuned_anchor,0,overall,3907,71,10.0,False,1.731756120247193,0.24773076406210845,-0.43597479817837825,-0.023926648861671777,3467,90,0.025959042399769254
143,44,prior_encoder_integrated_gru_tuned_anchor,0,q90,440,42,10.0,False,6.3541434554720295,0.4279753570397464,-4.223606059713724,-0.2922722416986479,0,0,
143,44,prior_encoder_integrated_gru_tuned_anchor,0,nontail,3467,69,10.0,False,1.145124903777932,0.22485576524175635,0.044716795440183026,0.010129324847087824,3467,90,0.025959042399769254
143,44,prior_encoder_integrated_gru_tuned_anchor,1,overall,3907,71,10.0,False,1.6954288644636009,0.23894221977033508,-0.5466403777118843,-0.03344183555959686,3467,80,0.02307470435535045
143,44,prior_encoder_integrated_gru_tuned_anchor,1,q90,440,42,10.0,False,6.437112729119374,0.4371108065047196,-4.899835480783722,-0.33619058714794814,0,0,
143,44,prior_encoder_integrated_gru_tuned_anchor,1,nontail,3467,69,10.0,False,1.0936576211845297,0.2137924712375606,0.005827417313096454,0.004980273093092667,3467,80,0.02307470435535045
143,44,prior_encoder_integrated_gru_tuned_anchor,3,overall,3907,71,10.0,False,1.6007621593153265,0.21782414930856683,-0.4396004832536146,-0.013335377100891273,3467,63,0.018171329679838477
143,44,prior_encoder_integrated_gru_tuned_anchor,3,q90,440,42,10.0,False,6.4768915424524796,0.4405115121073121,-4.615662836682179,-0.3225835267324361,0,0,
143,44,prior_encoder_integrated_gru_tuned_anchor,3,nontail,3467,69,10.0,False,0.981928317786527,0.18956270147717144,0.09038723970818759,0.025911575837637632,3467,63,0.018171329679838477
143,44,prior_encoder_integrated_gru_tuned_anchor,5,overall,3907,71,10.0,False,1.5722782382390939,0.21332603534100733,-0.3621468075569478,-0.00576700695689293,3467,90,0.025959042399769254
143,44,prior_encoder_integrated_gru_tuned_anchor,5,q90,440,42,10.0,False,6.177745220161714,0.41532703057594994,-4.224549845271027,-0.28935779886319324,0,0,
143,44,prior_encoder_integrated_gru_tuned_anchor,5,nontail,3467,69,10.0,False,0.9877943985950349,0.18768991249607658,0.12803413752358148,0.030223748289363823,3467,90,0.025959042399769254
143,44,selective_constant,0,overall,3907,71,10.0,False,1.7305135553087792,0.2505869145767549,-0.6182800992209709,-0.061112277526026694,3467,86,0.024805307182001732
143,44,selective_constant,0,q90,440,42,10.0,False,6.492240951225822,0.4469012751580793,-4.386648245169284,-0.31219649432903623,0,0,
143,44,selective_constant,0,nontail,3467,69,10.0,False,1.1261985699602073,0.2256724875055744,-0.14003320443664494,-0.0292469601353938,3467,86,0.024805307182001732
143,44,selective_constant,1,overall,3907,71,10.0,False,1.6863080292305774,0.23805500060876533,-0.6576602256565101,-0.05618352092967254,3467,78,0.022497836746466687
143,44,selective_constant,1,q90,440,42,10.0,False,6.5562283063615,0.45235589276161237,-4.954586812956518,-0.3474260613534175,0,0,
143,44,selective_constant,1,nontail,3467,69,10.0,False,1.0682621907715044,0.210857887096434,-0.11233351714425062,-0.01922167559178739,3467,78,0.022497836746466687
143,44,selective_constant,3,overall,3907,71,10.0,False,1.6392311780106699,0.22610446613800544,-0.506481545378598,-0.030362957012697138,3467,65,0.018748197288722238
143,44,selective_constant,3,q90,440,42,10.0,False,6.575348309838753,0.4553166371078829,-4.586198215494094,-0.3300036214978418,0,0,
143,44,selective_constant,3,nontail,3467,69,10.0,False,1.0127842388689463,0.19701494919922663,0.01127886271220636,0.0076647015893979474,3467,65,0.018748197288722238
143,44,selective_constant,5,overall,3907,71,10.0,False,1.5989937915886785,0.21774523281396388,-0.39171052158835556,-0.010967747668973318,3467,89,0.025670608595327372
143,44,selective_constant,5,q90,440,42,10.0,False,6.233288746411431,0.42264104500747285,-4.265642860937274,-0.2952869535970591,0,0,
143,44,selective_constant,5,nontail,3467,69,10.0,False,1.0108513687095289,0.1917417262188834,0.09993361723873527,0.025115451237388887,3467,89,0.025670608595327372
143,44,selective_gru_tuned_anchor,0,overall,3907,71,10.0,False,1.7305135553087792,0.2505869145767549,-0.6182800992209709,-0.061112277526026694,3467,86,0.024805307182001732
143,44,selective_gru_tuned_anchor,0,q90,440,42,10.0,False,6.492240951225822,0.4469012751580793,-4.386648245169284,-0.31219649432903623,0,0,
143,44,selective_gru_tuned_anchor,0,nontail,3467,69,10.0,False,1.1261985699602073,0.2256724875055744,-0.14003320443664494,-0.0292469601353938,3467,86,0.024805307182001732
143,44,selective_gru_tuned_anchor,1,overall,3907,71,10.0,False,1.6863080292305774,0.23805500060876533,-0.6576602256565101,-0.05618352092967254,3467,78,0.022497836746466687
143,44,selective_gru_tuned_anchor,1,q90,440,42,10.0,False,6.5562283063615,0.45235589276161237,-4.954586812956518,-0.3474260613534175,0,0,
143,44,selective_gru_tuned_anchor,1,nontail,3467,69,10.0,False,1.0682621907715044,0.210857887096434,-0.11233351714425062,-0.01922167559178739,3467,78,0.022497836746466687
143,44,selective_gru_tuned_anchor,3,overall,3907,71,10.0,False,1.6153720365257864,0.22149904131416367,-0.4828232332040518,-0.027083044285787942,3467,64,0.018459763484280356
143,44,selective_gru_tuned_anchor,3,q90,440,42,10.0,False,6.5284000404001,0.44755083748781355,-4.550478201269766,-0.32282944775681777,0,0,
143,44,selective_gru_tuned_anchor,3,nontail,3467,69,10.0,False,0.9918553587915209,0.1928106103027977,0.03340641373823675,0.010450390247599169,3467,64,0.018459763484280356
143,44,selective_gru_tuned_anchor,5,overall,3907,71,10.0,False,1.580597139228545,0.21454706897404205,-0.3827249827662194,-0.01000000670719228,3467,90,0.025959042399769254
143,44,selective_gru_tuned_anchor,5,q90,440,42,10.0,False,6.204592611168334,0.41843285072615827,-4.246974023963612,-0.2917740251791324,0,0,
143,44,selective_gru_tuned_anchor,5,nontail,3467,69,10.0,False,0.9937618327233512,0.18867174622499935,0.10769024022970007,0.02576018023473262,3467,90,0.025959042399769254
143,44,selective_integrated_constant,0,overall,3907,71,10.0,False,1.7305135553087792,0.2505869145767549,-0.6182800992209709,-0.061112277526026694,3467,86,0.024805307182001732
143,44,selective_integrated_constant,0,q90,440,42,10.0,False,6.492240951225822,0.4469012751580793,-4.386648245169284,-0.31219649432903623,0,0,
143,44,selective_integrated_constant,0,nontail,3467,69,10.0,False,1.1261985699602073,0.2256724875055744,-0.14003320443664494,-0.0292469601353938,3467,86,0.024805307182001732
143,44,selective_integrated_constant,1,overall,3907,71,10.0,False,1.6863080292305774,0.23805500060876533,-0.6576602256565101,-0.05618352092967254,3467,78,0.022497836746466687
143,44,selective_integrated_constant,1,q90,440,42,10.0,False,6.5562283063615,0.45235589276161237,-4.954586812956518,-0.3474260613534175,0,0,
143,44,selective_integrated_constant,1,nontail,3467,69,10.0,False,1.0682621907715044,0.210857887096434,-0.11233351714425062,-0.01922167559178739,3467,78,0.022497836746466687
143,44,selective_integrated_constant,3,overall,3907,71,10.0,False,1.627715246192087,0.22296109595500352,-0.469676342628862,-0.018039322295481258,3467,64,0.018459763484280356
143,44,selective_integrated_constant,3,q90,440,42,10.0,False,6.54744306194317,0.45091484956351197,-4.647526395879659,-0.33049276261407645,0,0,
143,44,selective_integrated_constant,3,nontail,3467,69,10.0,False,1.0033482894772103,0.19403128586335544,0.06053825887974792,0.021614416885419208,3467,64,0.018459763484280356
143,44,selective_integrated_constant,5,overall,3907,71,10.0,False,1.5928549350182164,0.2168956362927106,-0.3614464885400272,-0.004628086226176312,3467,90,0.025959042399769254
143,44,selective_integrated_constant,5,q90,440,42,10.0,False,6.217251768695321,0.4205921856144839,-4.228230839580717,-0.2920551834537954,0,0,
143,44,selective_integrated_constant,5,nontail,3467,69,10.0,False,1.0059686913441679,0.19104432919678319,0.12929049284385033,0.03184953788116502,3467,90,0.025959042399769254
143,44,selective_integrated_gru_tuned_anchor,0,overall,3907,71,10.0,False,1.7305135553087792,0.2505869145767549,-0.6182800992209709,-0.061112277526026694,3467,86,0.024805307182001732
143,44,selective_integrated_gru_tuned_anchor,0,q90,440,42,10.0,False,6.492240951225822,0.4469012751580793,-4.386648245169284,-0.31219649432903623,0,0,
143,44,selective_integrated_gru_tuned_anchor,0,nontail,3467,69,10.0,False,1.1261985699602073,0.2256724875055744,-0.14003320443664494,-0.0292469601353938,3467,86,0.024805307182001732
143,44,selective_integrated_gru_tuned_anchor,1,overall,3907,71,10.0,False,1.6863080292305774,0.23805500060876533,-0.6576602256565101,-0.05618352092967254,3467,78,0.022497836746466687
143,44,selective_integrated_gru_tuned_anchor,1,q90,440,42,10.0,False,6.5562283063615,0.45235589276161237,-4.954586812956518,-0.3474260613534175,0,0,
143,44,selective_integrated_gru_tuned_anchor,1,nontail,3467,69,10.0,False,1.0682621907715044,0.210857887096434,-0.11233351714425062,-0.01922167559178739,3467,78,0.022497836746466687
143,44,selective_integrated_gru_tuned_anchor,3,overall,3907,71,10.0,False,1.6015145975353853,0.21776996182650635,-0.4514604917659755,-0.01574708271454211,3467,63,0.018171329679838477
143,44,selective_integrated_gru_tuned_anchor,3,q90,440,42,10.0,False,6.500860866038352,0.4433438336348772,-4.611976180411897,-0.323600965002354,0,0,
143,44,selective_integrated_gru_tuned_anchor,3,nontail,3467,69,10.0,False,0.9797342807943107,0.189142184614022,0.07655419038118515,0.02332292253686753,3467,63,0.018171329679838477
143,44,selective_integrated_gru_tuned_anchor,5,overall,3907,71,10.0,False,1.5741038771151423,0.21350071807729926,-0.3550962174487922,-0.004117634848691403,3467,91,0.026247476204211133
143,44,selective_integrated_gru_tuned_anchor,5,q90,440,42,10.0,False,6.187974146521385,0.4164137014933817,-4.209692216962072,-0.28864378292953746,0,0,
143,44,selective_integrated_gru_tuned_anchor,5,nontail,3467,69,10.0,False,0.9885535689124465,0.18774885401526398,0.13409392959067806,0.03199182726713561,3467,91,0.026247476204211133
143,44,station_constant,0,overall,3907,71,10.0,False,1.713015190662997,0.24204690707425414,-0.30039020772307773,0.0342663884284214,3467,90,0.025959042399769254
143,44,station_constant,0,q90,440,42,10.0,False,6.365977241545986,0.4225843198780101,-4.8774266923960115,-0.32068758351032706,0,0,
143,44,station_constant,0,nontail,3467,69,10.0,False,1.1225037103086513,0.21913474623385823,0.28048549266806466,0.07931390722076329,3467,90,0.025959042399769254
143,44,station_constant,1,overall,3907,71,10.0,False,1.7177311256420071,0.24178211086224569,-0.30578853304068404,0.0316107391028732,3467,83,0.02394000576867609
143,44,station_constant,1,q90,440,42,10.0,False,6.407721191421767,0.4254883230227901,-5.08037678058608,-0.33481303396437717,0,0,
143,44,station_constant,1,nontail,3467,69,10.0,False,1.1225203875563152,0.21846779492609347,0.3001586342278405,0.07811390038051676,3467,83,0.02394000576867609
143,44,station_constant,3,overall,3907,71,10.0,False,1.644865649718917,0.22613204401396794,-0.35118514181982485,0.00857762695589445,3467,65,0.018748197288722238
143,44,station_constant,3,q90,440,42,10.0,False,6.5138686039277625,0.4440675910464941,-4.62415813495226,-0.32381503463647743,0,0,
143,44,station_constant,3,nontail,3467,69,10.0,False,1.026936229513583,0.19847365327433383,0.19110159512227815,0.05076187013462061,3467,65,0.018748197288722238
143,44,station_constant,5,overall,3907,71,10.0,False,1.6020832107139338,0.21910696527224613,-0.3323743835351804,0.00038909423143176,3467,87,0.02509374098644361
143,44,station_constant,5,q90,440,42,10.0,False,6.21951461967773,0.42004756984428376,-4.184388188760384,-0.2891814910319102,0,0,
143,44,station_constant,5,nontail,3467,69,10.0,False,1.0160809551777148,0.19360541753307783,0.15648805497047,0.037138750278697535,3467,87,0.02509374098644361
143,44,station_gru_tuned_anchor,0,overall,3907,71,10.0,False,1.713015190662997,0.24204690707425414,-0.30039020772307773,0.0342663884284214,3467,90,0.025959042399769254
143,44,station_gru_tuned_anchor,0,q90,440,42,10.0,False,6.365977241545986,0.4225843198780101,-4.8774266923960115,-0.32068758351032706,0,0,
143,44,station_gru_tuned_anchor,0,nontail,3467,69,10.0,False,1.1225037103086513,0.21913474623385823,0.28048549266806466,0.07931390722076329,3467,90,0.025959042399769254
143,44,station_gru_tuned_anchor,1,overall,3907,71,10.0,False,1.7177311256420071,0.24178211086224569,-0.30578853304068404,0.0316107391028732,3467,83,0.02394000576867609
143,44,station_gru_tuned_anchor,1,q90,440,42,10.0,False,6.407721191421767,0.4254883230227901,-5.08037678058608,-0.33481303396437717,0,0,
143,44,station_gru_tuned_anchor,1,nontail,3467,69,10.0,False,1.1225203875563152,0.21846779492609347,0.3001586342278405,0.07811390038051676,3467,83,0.02394000576867609
143,44,station_gru_tuned_anchor,3,overall,3907,71,10.0,False,1.620880850333419,0.2210655611208261,-0.33641364054234146,0.01005177433785778,3467,64,0.018459763484280356
143,44,station_gru_tuned_anchor,3,q90,440,42,10.0,False,6.464863662572998,0.4365827291173914,-4.5877157256987555,-0.31719609794375925,0,0,
143,44,station_gru_tuned_anchor,3,nontail,3467,69,10.0,False,1.0061267582118694,0.19371408897819878,0.20312282252913888,0.05158308780884466,3467,64,0.018459763484280356
143,44,station_gru_tuned_anchor,5,overall,3907,71,10.0,False,1.5837786213396046,0.21560200463407836,-0.32786032305325885,0.0005045283378058836,3467,90,0.025959042399769254
143,44,station_gru_tuned_anchor,5,q90,440,42,10.0,False,6.189477835939715,0.4159042199084377,-4.165935573719239,-0.2858446208168058,0,0,
143,44,station_gru_tuned_anchor,5,nontail,3467,69,10.0,False,0.9992653088434843,0.1901814754386015,0.15923316131161894,0.03684534911312435,3467,90,0.025959042399769254
143,44,station_integrated_constant,0,overall,3907,71,10.0,False,1.6742082054016882,0.23376712367583186,-0.4809675921881508,-0.00048521739082092274,3467,85,0.02451687337755985
143,44,station_integrated_constant,0,q90,440,42,10.0,False,6.436033637844036,0.4324746526011928,-5.057732590633729,-0.3375765903174696,0,0,
143,44,station_integrated_constant,0,nontail,3467,69,10.0,False,1.0698807781520103,0.20854897751858964,0.09987365364861121,0.04229534334979789,3467,85,0.02451687337755985
143,44,station_integrated_constant,1,overall,3907,71,10.0,False,1.6910034787900647,0.23637714356711148,-0.5693038457446556,-0.021482260619459296,3467,79,0.022786270550908566
143,44,station_integrated_constant,1,q90,440,42,10.0,False,6.516412785913145,0.4410690386366634,-5.3301402903230715,-0.3595333793536737,0,0,
143,44,station_integrated_constant,1,nontail,3467,69,10.0,False,1.0786065664352462,0.21039951627244674,0.03489806819088031,0.02142010230037177,3467,79,0.022786270550908566
143,44,station_integrated_constant,3,overall,3907,71,10.0,False,1.6443653365143638,0.22638139299538917,-0.42857148834810144,-0.0073342735121955825,3467,63,0.018171329679838477
143,44,station_integrated_constant,3,q90,440,42,10.0,False,6.540138019469212,0.44853476933052655,-4.6997927995086695,-0.33133902193636144,0,0,
143,44,station_integrated_constant,3,nontail,3467,69,10.0,False,1.0230385466383518,0.19818771385277004,0.11349294110406172,0.03378545227569971,3467,63,0.018171329679838477
143,44,station_integrated_constant,5,overall,3907,71,10.0,False,1.6020832107139338,0.21910696527224613,-0.3323743835351804,0.00038909423143176,3467,87,0.02509374098644361
143,44,station_integrated_constant,5,q90,440,42,10.0,False,6.21951461967773,0.42004756984428376,-4.184388188760384,-0.2891814910319102,0,0,
143,44,station_integrated_constant,5,nontail,3467,69,10.0,False,1.0160809551777148,0.19360541753307783,0.15648805497047,0.037138750278697535,3467,87,0.02509374098644361
143,44,station_integrated_gru_tuned_anchor,0,overall,3907,71,10.0,False,1.6742082054016882,0.23376712367583186,-0.4809675921881508,-0.00048521739082092274,3467,85,0.02451687337755985
143,44,station_integrated_gru_tuned_anchor,0,q90,440,42,10.0,False,6.436033637844036,0.4324746526011928,-5.057732590633729,-0.3375765903174696,0,0,
143,44,station_integrated_gru_tuned_anchor,0,nontail,3467,69,10.0,False,1.0698807781520103,0.20854897751858964,0.09987365364861121,0.04229534334979789,3467,85,0.02451687337755985
143,44,station_integrated_gru_tuned_anchor,1,overall,3907,71,10.0,False,1.6910034787900647,0.23637714356711148,-0.5693038457446556,-0.021482260619459296,3467,79,0.022786270550908566
143,44,station_integrated_gru_tuned_anchor,1,q90,440,42,10.0,False,6.516412785913145,0.4410690386366634,-5.3301402903230715,-0.3595333793536737,0,0,
143,44,station_integrated_gru_tuned_anchor,1,nontail,3467,69,10.0,False,1.0786065664352462,0.21039951627244674,0.03489806819088031,0.02142010230037177,3467,79,0.022786270550908566
143,44,station_integrated_gru_tuned_anchor,3,overall,3907,71,10.0,False,1.6147452189872487,0.22034662442146924,-0.4168762079128128,-0.006175958587525125,3467,61,0.017594462070954716
143,44,station_integrated_gru_tuned_anchor,3,q90,440,42,10.0,False,6.493961488000055,0.4412205086091593,-4.665464862713676,-0.3248363001512713,0,0,
143,44,station_integrated_gru_tuned_anchor,3,nontail,3467,69,10.0,False,0.9955196180741722,0.1923153267455005,0.12231589134083,0.03426550385494626,3467,61,0.017594462070954716
143,44,station_integrated_gru_tuned_anchor,5,overall,3907,71,10.0,False,1.5837786213396046,0.21560200463407836,-0.32786032305325885,0.0005045283378058836,3467,90,0.025959042399769254
143,44,station_integrated_gru_tuned_anchor,5,q90,440,42,10.0,False,6.189477835939715,0.4159042199084377,-4.165935573719239,-0.2858446208168058,0,0,
143,44,station_integrated_gru_tuned_anchor,5,nontail,3467,69,10.0,False,0.9992653088434843,0.1901814754386015,0.15923316131161894,0.03684534911312435,3467,90,0.025959042399769254
143,44,tail2_constant,0,overall,3907,71,10.0,False,1.731756120247193,0.24773076406210845,-0.43597479817837825,-0.023926648861671777,3467,90,0.025959042399769254
143,44,tail2_constant,0,q90,440,42,10.0,False,6.3541434554720295,0.4279753570397464,-4.223606059713724,-0.2922722416986479,0,0,
143,44,tail2_constant,0,nontail,3467,69,10.0,False,1.145124903777932,0.22485576524175635,0.044716795440183026,0.010129324847087824,3467,90,0.025959042399769254
143,44,tail2_constant,1,overall,3907,71,10.0,False,1.6954288644636009,0.23894221977033508,-0.5466403777118843,-0.03344183555959686,3467,80,0.02307470435535045
143,44,tail2_constant,1,q90,440,42,10.0,False,6.437112729119374,0.4371108065047196,-4.899835480783722,-0.33619058714794814,0,0,
143,44,tail2_constant,1,nontail,3467,69,10.0,False,1.0936576211845297,0.2137924712375606,0.005827417313096454,0.004980273093092667,3467,80,0.02307470435535045
143,44,tail2_constant,3,overall,3907,71,10.0,False,1.633563244308495,0.22513077332285553,-0.47824794336286847,-0.02440183031745445,3467,65,0.018748197288722238
143,44,tail2_constant,3,q90,440,42,10.0,False,6.526987419011082,0.4492736157256808,-4.586618767609999,-0.32721819644991573,0,0,
143,44,tail2_constant,3,nontail,3467,69,10.0,False,1.0125345056672668,0.19668460930288345,0.043148988471206365,0.0140288593561201,3467,65,0.018748197288722238
143,44,tail2_constant,5,overall,3907,71,10.0,False,1.5941032315392996,0.21715835360896676,-0.40217113637618274,-0.01368144195298913,3467,88,0.025382174790885493
143,44,tail2_constant,5,q90,440,42,10.0,False,6.215154141912171,0.4203592345377716,-4.290804422868745,-0.2962528486104544,0,0,
143,44,tail2_constant,5,nontail,3467,69,10.0,False,1.0076416219159758,0.19136995222198258,0.09133871250086577,0.02217994222044172,3467,88,0.025382174790885493
143,44,tail2_gru_tuned_anchor,0,overall,3907,71,10.0,False,1.731756120247193,0.24773076406210845,-0.43597479817837825,-0.023926648861671777,3467,90,0.025959042399769254
143,44,tail2_gru_tuned_anchor,0,q90,440,42,10.0,False,6.3541434554720295,0.4279753570397464,-4.223606059713724,-0.2922722416986479,0,0,
143,44,tail2_gru_tuned_anchor,0,nontail,3467,69,10.0,False,1.145124903777932,0.22485576524175635,0.044716795440183026,0.010129324847087824,3467,90,0.025959042399769254
143,44,tail2_gru_tuned_anchor,1,overall,3907,71,10.0,False,1.6954288644636009,0.23894221977033508,-0.5466403777118843,-0.03344183555959686,3467,80,0.02307470435535045
143,44,tail2_gru_tuned_anchor,1,q90,440,42,10.0,False,6.437112729119374,0.4371108065047196,-4.899835480783722,-0.33619058714794814,0,0,
143,44,tail2_gru_tuned_anchor,1,nontail,3467,69,10.0,False,1.0936576211845297,0.2137924712375606,0.005827417313096454,0.004980273093092667,3467,80,0.02307470435535045
143,44,tail2_gru_tuned_anchor,3,overall,3907,71,10.0,False,1.6122983373565394,0.22100649750643253,-0.4563443926686068,-0.021456592761863198,3467,64,0.018459763484280356
143,44,tail2_gru_tuned_anchor,3,q90,440,42,10.0,False,6.479465152764869,0.44173351383226583,-4.554645643165158,-0.3205399987589238,0,0,
143,44,tail2_gru_tuned_anchor,3,nontail,3467,69,10.0,False,0.9946019431310804,0.19299383895916777,0.06377460076043343,0.016500343678490598,3467,64,0.018459763484280356
143,44,tail2_gru_tuned_anchor,5,overall,3907,71,10.0,False,1.577109424552263,0.21422805551875984,-0.3940193392932007,-0.012791480085363561,3467,88,0.025382174790885493
143,44,tail2_gru_tuned_anchor,5,q90,440,42,10.0,False,6.185805620524539,0.4162856707737699,-4.273306686724965,-0.2929641715756968,0,0,
143,44,tail2_gru_tuned_anchor,5,nontail,3467,69,10.0,False,0.9922157625309763,0.18858474697759905,0.09830440828971711,0.02276548104983882,3467,88,0.025382174790885493
143,44,tail2_integrated_constant,0,overall,3907,71,10.0,False,1.731756120247193,0.24773076406210845,-0.43597479817837825,-0.023926648861671777,3467,90,0.025959042399769254
143,44,tail2_integrated_constant,0,q90,440,42,10.0,False,6.3541434554720295,0.4279753570397464,-4.223606059713724,-0.2922722416986479,0,0,
143,44,tail2_integrated_constant,0,nontail,3467,69,10.0,False,1.145124903777932,0.22485576524175635,0.044716795440183026,0.010129324847087824,3467,90,0.025959042399769254
143,44,tail2_integrated_constant,1,overall,3907,71,10.0,False,1.6954288644636009,0.23894221977033508,-0.5466403777118843,-0.03344183555959686,3467,80,0.02307470435535045
143,44,tail2_integrated_constant,1,q90,440,42,10.0,False,6.437112729119374,0.4371108065047196,-4.899835480783722,-0.33619058714794814,0,0,
143,44,tail2_integrated_constant,1,nontail,3467,69,10.0,False,1.0936576211845297,0.2137924712375606,0.005827417313096454,0.004980273093092667,3467,80,0.02307470435535045
143,44,tail2_integrated_constant,3,overall,3907,71,10.0,False,1.6254428368993452,0.2227218765399126,-0.4569028409546267,-0.015452671163675016,3467,64,0.018459763484280356
143,44,tail2_integrated_constant,3,q90,440,42,10.0,False,6.522533458512626,0.44788060477692343,-4.649119206426031,-0.329192512231957,0,0,
143,44,tail2_integrated_constant,3,nontail,3467,69,10.0,False,1.0039487862763734,0.1941467855608861,0.0751350017934026,0.024364326260623827,3467,64,0.018459763484280356
143,44,tail2_integrated_constant,5,overall,3907,71,10.0,False,1.5905738771402904,0.21657584230928784,-0.36804352777707205,-0.006213508307125978,3467,90,0.025959042399769254
143,44,tail2_integrated_constant,5,q90,440,42,10.0,False,6.207622664626853,0.4194467771990914,-4.242315253448339,-0.29263445170779623,0,0,
143,44,tail2_integrated_constant,5,nontail,3467,69,10.0,False,1.0046201804301411,0.19082931466247116,0.12364368286479638,0.030136423938704693,3467,90,0.025959042399769254
143,44,tail2_integrated_gru_tuned_anchor,0,overall,3907,71,10.0,False,1.731756120247193,0.24773076406210845,-0.43597479817837825,-0.023926648861671777,3467,90,0.025959042399769254
143,44,tail2_integrated_gru_tuned_anchor,0,q90,440,42,10.0,False,6.3541434554720295,0.4279753570397464,-4.223606059713724,-0.2922722416986479,0,0,
143,44,tail2_integrated_gru_tuned_anchor,0,nontail,3467,69,10.0,False,1.145124903777932,0.22485576524175635,0.044716795440183026,0.010129324847087824,3467,90,0.025959042399769254
143,44,tail2_integrated_gru_tuned_anchor,1,overall,3907,71,10.0,False,1.6954288644636009,0.23894221977033508,-0.5466403777118843,-0.03344183555959686,3467,80,0.02307470435535045
143,44,tail2_integrated_gru_tuned_anchor,1,q90,440,42,10.0,False,6.437112729119374,0.4371108065047196,-4.899835480783722,-0.33619058714794814,0,0,
143,44,tail2_integrated_gru_tuned_anchor,1,nontail,3467,69,10.0,False,1.0936576211845297,0.2137924712375606,0.005827417313096454,0.004980273093092667,3467,80,0.02307470435535045
143,44,tail2_integrated_gru_tuned_anchor,3,overall,3907,71,10.0,False,1.6007621593153265,0.21782414930856683,-0.4396004832536146,-0.013335377100891273,3467,63,0.018171329679838477
143,44,tail2_integrated_gru_tuned_anchor,3,q90,440,42,10.0,False,6.4768915424524796,0.4405115121073121,-4.615662836682179,-0.3225835267324361,0,0,
143,44,tail2_integrated_gru_tuned_anchor,3,nontail,3467,69,10.0,False,0.981928317786527,0.18956270147717144,0.09038723970818759,0.025911575837637632,3467,63,0.018171329679838477
143,44,tail2_integrated_gru_tuned_anchor,5,overall,3907,71,10.0,False,1.5722782382390939,0.21332603534100733,-0.3621468075569478,-0.00576700695689293,3467,90,0.025959042399769254
143,44,tail2_integrated_gru_tuned_anchor,5,q90,440,42,10.0,False,6.177745220161714,0.41532703057594994,-4.224549845271027,-0.28935779886319324,0,0,
143,44,tail2_integrated_gru_tuned_anchor,5,nontail,3467,69,10.0,False,0.9877943985950349,0.18768991249607658,0.12803413752358148,0.030223748289363823,3467,90,0.025959042399769254
144,42,context_constant,0,overall,4983,71,10.0,False,1.980918209844218,0.29019106964029495,-0.21435850925199276,0.06764179529874098,4425,76,0.017175141242937852
144,42,context_constant,0,q90,558,47,10.0,False,7.1429456893638665,0.4928763794631917,-6.190048741328351,-0.42620463224527944,0,0,
144,42,context_constant,0,nontail,4425,70,10.0,False,1.3299777954776726,0.2646321085372042,0.5391861573013651,0.12991666683988526,4425,76,0.017175141242937852
144,42,context_constant,1,overall,4983,71,10.0,False,1.980918209844218,0.29019106964029495,-0.21435850925199276,0.06764179529874098,4425,76,0.017175141242937852
144,42,context_constant,1,q90,558,47,10.0,False,7.1429456893638665,0.4928763794631917,-6.190048741328351,-0.42620463224527944,0,0,
144,42,context_constant,1,nontail,4425,70,10.0,False,1.3299777954776726,0.2646321085372042,0.5391861573013651,0.12991666683988526,4425,76,0.017175141242937852
144,42,context_constant,3,overall,4983,71,10.0,False,1.696040239279963,0.23936700522871343,-0.337788521564904,0.03772044786354097,4425,88,0.019887005649717515
144,42,context_constant,3,q90,558,47,10.0,False,6.79757980840133,0.4609567646687217,-5.768526973680777,-0.38947932579108174,0,0,
144,42,context_constant,3,nontail,4425,70,10.0,False,1.052727452936523,0.21142416098746497,0.3470368018883518,0.09159106338880187,4425,88,0.019887005649717515
144,42,context_constant,5,overall,4983,71,10.0,False,1.67665498274302,0.23597053727578746,-0.3385877460016394,0.03632532222284912,4425,95,0.021468926553672316
144,42,context_constant,5,q90,558,47,10.0,False,6.625303684139023,0.44541884842696494,-5.747649477612095,-0.38307668992607985,0,0,
144,42,context_constant,5,nontail,4425,70,10.0,False,1.0526219939568118,0.2095587502424864,0.343504106255679,0.0892126268056971,4425,95,0.021468926553672316
144,42,context_gru_tuned_anchor,0,overall,4983,71,10.0,False,1.980918209844218,0.29019106964029495,-0.21435850925199276,0.06764179529874098,4425,76,0.017175141242937852
144,42,context_gru_tuned_anchor,0,q90,558,47,10.0,False,7.1429456893638665,0.4928763794631917,-6.190048741328351,-0.42620463224527944,0,0,
144,42,context_gru_tuned_anchor,0,nontail,4425,70,10.0,False,1.3299777954776726,0.2646321085372042,0.5391861573013651,0.12991666683988526,4425,76,0.017175141242937852
144,42,context_gru_tuned_anchor,1,overall,4983,71,10.0,False,1.980918209844218,0.29019106964029495,-0.21435850925199276,0.06764179529874098,4425,76,0.017175141242937852
144,42,context_gru_tuned_anchor,1,q90,558,47,10.0,False,7.1429456893638665,0.4928763794631917,-6.190048741328351,-0.42620463224527944,0,0,
144,42,context_gru_tuned_anchor,1,nontail,4425,70,10.0,False,1.3299777954776726,0.2646321085372042,0.5391861573013651,0.12991666683988526,4425,76,0.017175141242937852
144,42,context_gru_tuned_anchor,3,overall,4983,71,10.0,False,1.6912955286814415,0.23822511844357439,-0.33672556304324325,0.03688524042600913,4425,88,0.019887005649717515
144,42,context_gru_tuned_anchor,3,q90,558,47,10.0,False,6.766830762847656,0.4582962277517202,-5.74956855842727,-0.38767297198923684,0,0,
144,42,context_gru_tuned_anchor,3,nontail,4425,70,10.0,False,1.05126193305099,0.210473778557937,0.34584311298484427,0.09042275060176218,4425,88,0.019887005649717515
144,42,context_gru_tuned_anchor,5,overall,4983,71,10.0,False,1.6239007513123207,0.22367470919697008,-0.34389895687894634,0.02119675765177243,4425,109,0.02463276836158192
144,42,context_gru_tuned_anchor,5,q90,558,47,10.0,False,6.432189700224054,0.4293916894140045,-5.357404441234536,-0.3547477530538765,0,0,
144,42,context_gru_tuned_anchor,5,nontail,4425,70,10.0,False,1.0175673652122648,0.19773344931875422,0.2883125821652161,0.0686039976458407,4425,109,0.02463276836158192
144,42,mae_constant,0,overall,4983,71,10.0,False,1.9009773848846734,0.2724545662236628,-0.3877928143104085,0.023079036269040475,4425,76,0.017175141242937852
144,42,mae_constant,0,q90,558,47,10.0,False,7.220155256916368,0.5043844442261052,-6.264992561529879,-0.4375585661936332,0,0,
144,42,mae_constant,0,nontail,4425,70,10.0,False,1.2302200396657614,0.24320781550606665,0.3533320351694705,0.0811662186812827,4425,76,0.017175141242937852
144,42,mae_constant,1,overall,4983,71,10.0,False,1.9009773848846734,0.2724545662236628,-0.3877928143104085,0.023079036269040475,4425,76,0.017175141242937852
144,42,mae_constant,1,q90,558,47,10.0,False,7.220155256916368,0.5043844442261052,-6.264992561529879,-0.4375585661936332,0,0,
144,42,mae_constant,1,nontail,4425,70,10.0,False,1.2302200396657614,0.24320781550606665,0.3533320351694705,0.0811662186812827,4425,76,0.017175141242937852
144,42,mae_constant,3,overall,4983,71,10.0,False,1.7434588224911587,0.24446741063948385,-0.4178581203003161,0.017854524723074628,4425,78,0.017627118644067796
144,42,mae_constant,3,q90,558,47,10.0,False,6.98656392479424,0.4806922677735391,-6.032630205875133,-0.4136554108577221,0,0,
144,42,mae_constant,3,nontail,4425,70,10.0,False,1.0822943824719227,0.21467905577376567,0.2901741562535252,0.07226865897258526,4425,78,0.017627118644067796
144,42,mae_constant,5,overall,4983,71,10.0,False,1.6350257903005558,0.2254130423034936,-0.41468805496096334,0.01260948381165929,4425,91,0.02056497175141243
144,42,mae_constant,5,q90,558,47,10.0,False,6.61451624907267,0.445652331852539,-5.727038570665305,-0.38287943620288784,0,0,
144,42,mae_constant,5,nontail,4425,70,10.0,False,1.0071036036350554,0.19764049460442756,0.255208349053279,0.0624813069456971,4425,91,0.02056497175141243
144,42,mae_gru_tuned_anchor,0,overall,4983,71,10.0,False,1.9009773848846734,0.2724545662236628,-0.3877928143104085,0.023079036269040475,4425,76,0.017175141242937852
144,42,mae_gru_tuned_anchor,0,q90,558,47,10.0,False,7.220155256916368,0.5043844442261052,-6.264992561529879,-0.4375585661936332,0,0,
144,42,mae_gru_tuned_anchor,0,nontail,4425,70,10.0,False,1.2302200396657614,0.24320781550606665,0.3533320351694705,0.0811662186812827,4425,76,0.017175141242937852
144,42,mae_gru_tuned_anchor,1,overall,4983,71,10.0,False,1.9009773848846734,0.2724545662236628,-0.3877928143104085,0.023079036269040475,4425,76,0.017175141242937852
144,42,mae_gru_tuned_anchor,1,q90,558,47,10.0,False,7.220155256916368,0.5043844442261052,-6.264992561529879,-0.4375585661936332,0,0,
144,42,mae_gru_tuned_anchor,1,nontail,4425,70,10.0,False,1.2302200396657614,0.24320781550606665,0.3533320351694705,0.0811662186812827,4425,76,0.017175141242937852
144,42,mae_gru_tuned_anchor,3,overall,4983,71,10.0,False,1.6554534493267716,0.22827002125659066,-0.41533724464987487,0.011809225896401838,4425,84,0.018983050847457626
144,42,mae_gru_tuned_anchor,3,q90,558,47,10.0,False,6.777986363888891,0.4608714036870302,-5.7393636849141165,-0.38907965190352645,0,0,
144,42,mae_gru_tuned_anchor,3,nontail,4425,70,10.0,False,1.009493366541312,0.19893859269248096,0.2560315132410736,0.062361992859647025,4425,84,0.018983050847457626
144,42,mae_gru_tuned_anchor,5,overall,4983,71,10.0,False,1.6317268629768384,0.2249664164641513,-0.4057456780710818,0.013063604795055053,4425,96,0.02169491525423729
144,42,mae_gru_tuned_anchor,5,q90,558,47,10.0,False,6.573551196973581,0.4424428110568176,-5.647100746100366,-0.3770353167653832,0,0,
144,42,mae_gru_tuned_anchor,5,nontail,4425,70,10.0,False,1.0085544384864018,0.1975422745019574,0.2551980796600687,0.06225573998843911,4425,96,0.02169491525423729
144,42,mae_integrated_constant,0,overall,4983,71,10.0,False,1.8888565824098567,0.27059373353981,-0.41449925094613793,0.018097879469984195,4425,78,0.017627118644067796
144,42,mae_integrated_constant,0,q90,558,47,10.0,False,7.181265238876941,0.5006822136984194,-6.242058105599085,-0.4348565824206581,0,0,
144,42,mae_integrated_constant,0,nontail,4425,70,10.0,False,1.2214748806451936,0.24157918621133445,0.3203657978439966,0.07521620483382113,4425,78,0.017627118644067796
144,42,mae_integrated_constant,1,overall,4983,71,10.0,False,1.8888565824098567,0.27059373353981,-0.41449925094613793,0.018097879469984195,4425,78,0.017627118644067796
144,42,mae_integrated_constant,1,q90,558,47,10.0,False,7.181265238876941,0.5006822136984194,-6.242058105599085,-0.4348565824206581,0,0,
144,42,mae_integrated_constant,1,nontail,4425,70,10.0,False,1.2214748806451936,0.24157918621133445,0.3203657978439966,0.07521620483382113,4425,78,0.017627118644067796
144,42,mae_integrated_constant,3,overall,4983,71,10.0,False,1.7320179207615842,0.2424179404432667,-0.4404701971997995,0.01409349634311625,4425,79,0.017853107344632767
144,42,mae_integrated_constant,3,q90,558,47,10.0,False,6.961021452286993,0.47835599777978516,-6.021205225002768,-0.4121341979406958,0,0,
144,42,mae_integrated_constant,3,nontail,4425,70,10.0,False,1.0726317127183798,0.21266575151811928,0.2632699486790834,0.06784153101212577,4425,79,0.017853107344632767
144,42,mae_integrated_constant,5,overall,4983,71,10.0,False,1.6350257903005558,0.2254130423034936,-0.41468805496096334,0.01260948381165929,4425,91,0.02056497175141243
144,42,mae_integrated_constant,5,q90,558,47,10.0,False,6.61451624907267,0.445652331852539,-5.727038570665305,-0.38287943620288784,0,0,
144,42,mae_integrated_constant,5,nontail,4425,70,10.0,False,1.0071036036350554,0.19764049460442756,0.255208349053279,0.0624813069456971,4425,91,0.02056497175141243
144,42,mae_integrated_gru_tuned_anchor,0,overall,4983,71,10.0,False,1.8888565824098567,0.27059373353981,-0.41449925094613793,0.018097879469984195,4425,78,0.017627118644067796
144,42,mae_integrated_gru_tuned_anchor,0,q90,558,47,10.0,False,7.181265238876941,0.5006822136984194,-6.242058105599085,-0.4348565824206581,0,0,
144,42,mae_integrated_gru_tuned_anchor,0,nontail,4425,70,10.0,False,1.2214748806451936,0.24157918621133445,0.3203657978439966,0.07521620483382113,4425,78,0.017627118644067796
144,42,mae_integrated_gru_tuned_anchor,1,overall,4983,71,10.0,False,1.8888565824098567,0.27059373353981,-0.41449925094613793,0.018097879469984195,4425,78,0.017627118644067796
144,42,mae_integrated_gru_tuned_anchor,1,q90,558,47,10.0,False,7.181265238876941,0.5006822136984194,-6.242058105599085,-0.4348565824206581,0,0,
144,42,mae_integrated_gru_tuned_anchor,1,nontail,4425,70,10.0,False,1.2214748806451936,0.24157918621133445,0.3203657978439966,0.07521620483382113,4425,78,0.017627118644067796
144,42,mae_integrated_gru_tuned_anchor,3,overall,4983,71,10.0,False,1.641679215583498,0.22624427688708804,-0.44907541480879887,0.006752528394780541,4425,86,0.01943502824858757
144,42,mae_integrated_gru_tuned_anchor,3,q90,558,47,10.0,False,6.752140708230253,0.4587529537406338,-5.736669723281229,-0.38820689833969707,0,0,
144,42,mae_integrated_gru_tuned_anchor,3,nontail,4425,70,10.0,False,0.9972413595616021,0.19692453865335274,0.21769918951382608,0.05655758152875534,4425,86,0.01943502824858757
144,42,mae_integrated_gru_tuned_anchor,5,overall,4983,71,10.0,False,1.6267766010346607,0.22410400818028858,-0.42156364232692184,0.010560105587968573,4425,98,0.02214689265536723
144,42,mae_integrated_gru_tuned_anchor,5,q90,558,47,10.0,False,6.563906690165743,0.4417918517349369,-5.644573133843272,-0.3767314108630116,0,0,
144,42,mae_integrated_gru_tuned_anchor,5,nontail,4425,70,10.0,False,1.004196128778131,0.19665320214560075,0.23706670711175018,0.05939822223873623,4425,98,0.02214689265536723
144,42,prior_ecological_affine_constant,0,overall,4983,71,10.0,False,1.9085934359719756,0.2773368867791629,-0.45446679533825485,0.014221188807298273,4425,78,0.017627118644067796
144,42,prior_ecological_affine_constant,0,q90,558,47,10.0,False,7.146666426948103,0.497685325778462,-6.268752252665044,-0.43581976325021116,0,0,
144,42,prior_ecological_affine_constant,0,nontail,4425,70,10.0,False,1.2480635537200706,0.24955057514942075,0.2787244555517672,0.07097211564302489,4425,78,0.017627118644067796
144,42,prior_ecological_affine_constant,1,overall,4983,71,10.0,False,1.9085934359719756,0.2773368867791629,-0.45446679533825485,0.014221188807298273,4425,78,0.017627118644067796
144,42,prior_ecological_affine_constant,1,q90,558,47,10.0,False,7.146666426948103,0.497685325778462,-6.268752252665044,-0.43581976325021116,0,0,
144,42,prior_ecological_affine_constant,1,nontail,4425,70,10.0,False,1.2480635537200706,0.24955057514942075,0.2787244555517672,0.07097211564302489,4425,78,0.017627118644067796
144,42,prior_ecological_affine_constant,3,overall,4983,71,10.0,False,1.741317241680066,0.24645267521316025,-0.4784110094530987,0.01113023931856235,4425,76,0.017175141242937852
144,42,prior_ecological_affine_constant,3,q90,558,47,10.0,False,6.943990574060034,0.47728289363809306,-6.057849677000737,-0.41435296496318913,0,0,
144,42,prior_ecological_affine_constant,3,nontail,4425,70,10.0,False,1.0852513163765585,0.2173445934321179,0.22516566320036613,0.06478439253646456,4425,76,0.017175141242937852
144,42,prior_ecological_affine_constant,5,overall,4983,71,10.0,False,1.6398021644648948,0.22801864321231133,-0.4505191765851325,0.01119013389404345,4425,95,0.021468926553672316
144,42,prior_ecological_affine_constant,5,q90,558,47,10.0,False,6.622270713042264,0.44711664183774685,-5.782548187183857,-0.38723562605462697,0,0,
144,42,prior_ecological_affine_constant,5,nontail,4425,70,10.0,False,1.011504435627342,0.20039001423310387,0.2218587189886728,0.061432297521469004,4425,95,0.021468926553672316
144,42,prior_ecological_affine_gru_tuned_anchor,0,overall,4983,71,10.0,False,1.9085934359719756,0.2773368867791629,-0.45446679533825485,0.014221188807298273,4425,78,0.017627118644067796
144,42,prior_ecological_affine_gru_tuned_anchor,0,q90,558,47,10.0,False,7.146666426948103,0.497685325778462,-6.268752252665044,-0.43581976325021116,0,0,
144,42,prior_ecological_affine_gru_tuned_anchor,0,nontail,4425,70,10.0,False,1.2480635537200706,0.24955057514942075,0.2787244555517672,0.07097211564302489,4425,78,0.017627118644067796
144,42,prior_ecological_affine_gru_tuned_anchor,1,overall,4983,71,10.0,False,1.9085934359719756,0.2773368867791629,-0.45446679533825485,0.014221188807298273,4425,78,0.017627118644067796
144,42,prior_ecological_affine_gru_tuned_anchor,1,q90,558,47,10.0,False,7.146666426948103,0.497685325778462,-6.268752252665044,-0.43581976325021116,0,0,
144,42,prior_ecological_affine_gru_tuned_anchor,1,nontail,4425,70,10.0,False,1.2480635537200706,0.24955057514942075,0.2787244555517672,0.07097211564302489,4425,78,0.017627118644067796
144,42,prior_ecological_affine_gru_tuned_anchor,3,overall,4983,71,10.0,False,1.645376970463703,0.22827227313687382,-0.4624882560064525,0.007970668823227712,4425,88,0.019887005649717515
144,42,prior_ecological_affine_gru_tuned_anchor,3,q90,558,47,10.0,False,6.762423123902078,0.46012006801166316,-5.780024109464996,-0.39156526118499346,0,0,
144,42,prior_ecological_affine_gru_tuned_anchor,3,nontail,4425,70,10.0,False,1.0001087775555415,0.19903587324079866,0.20806202788730274,0.058352826776806796,4425,88,0.019887005649717515
144,42,prior_ecological_affine_gru_tuned_anchor,5,overall,4983,71,10.0,False,1.6337278532237975,0.2271827292706578,-0.4397368098408932,0.01199711055452023,4425,100,0.022598870056497175
144,42,prior_ecological_affine_gru_tuned_anchor,5,q90,558,47,10.0,False,6.57181477521328,0.44300130640735325,-5.697523424496294,-0.38081212906625544,0,0,
144,42,prior_ecological_affine_gru_tuned_anchor,5,nontail,4425,70,10.0,False,1.0110267227220728,0.1999676408995219,0.22327899376988955,0.06153102144907229,4425,100,0.022598870056497175
144,42,prior_encoder_constant,0,overall,4983,71,10.0,False,1.9321107868543916,0.27819573360727057,-0.1804448845370411,0.045213405969018225,4425,90,0.020338983050847456
144,42,prior_encoder_constant,0,q90,558,47,10.0,False,6.85219134017933,0.46725569737469214,-5.542113880648299,-0.3779125459357641,0,0,
144,42,prior_encoder_constant,0,nontail,4425,70,10.0,False,1.3116802899605349,0.2543549517355822,0.4956706634471582,0.09857030566684163,4425,90,0.020338983050847456
144,42,prior_encoder_constant,1,overall,4983,71,10.0,False,1.9321107868543916,0.27819573360727057,-0.1804448845370411,0.045213405969018225,4425,90,0.020338983050847456
144,42,prior_encoder_constant,1,q90,558,47,10.0,False,6.85219134017933,0.46725569737469214,-5.542113880648299,-0.3779125459357641,0,0,
144,42,prior_encoder_constant,1,nontail,4425,70,10.0,False,1.3116802899605349,0.2543549517355822,0.4956706634471582,0.09857030566684163,4425,90,0.020338983050847456
144,42,prior_encoder_constant,3,overall,4983,71,10.0,False,1.757939753475998,0.2473360233467124,-0.2757093477824452,0.03307589164133982,4425,88,0.019887005649717515
144,42,prior_encoder_constant,3,q90,558,47,10.0,False,6.720505002335235,0.4544431631330261,-5.48976915428422,-0.36951635302962943,0,0,
144,42,prior_encoder_constant,3,nontail,4425,70,10.0,False,1.1321518644673076,0.22121946199060777,0.38179243120693124,0.08384345605408576,4425,88,0.019887005649717515
144,42,prior_encoder_constant,5,overall,4983,71,10.0,False,1.6429222257036036,0.22744022483483747,-0.32334700793575594,0.021893892671743746,4425,104,0.02350282485875706
144,42,prior_encoder_constant,5,q90,558,47,10.0,False,6.424631668653083,0.4283701376071549,-5.353207431447937,-0.3533163105939289,0,0,
144,42,prior_encoder_constant,5,nontail,4425,70,10.0,False,1.039940560355398,0.20210262227507408,0.31092691665628874,0.06920853525304213,4425,104,0.02350282485875706
144,42,prior_encoder_gru_tuned_anchor,0,overall,4983,71,10.0,False,1.9321107868543916,0.27819573360727057,-0.1804448845370411,0.045213405969018225,4425,90,0.020338983050847456
144,42,prior_encoder_gru_tuned_anchor,0,q90,558,47,10.0,False,6.85219134017933,0.46725569737469214,-5.542113880648299,-0.3779125459357641,0,0,
144,42,prior_encoder_gru_tuned_anchor,0,nontail,4425,70,10.0,False,1.3116802899605349,0.2543549517355822,0.4956706634471582,0.09857030566684163,4425,90,0.020338983050847456
144,42,prior_encoder_gru_tuned_anchor,1,overall,4983,71,10.0,False,1.9321107868543916,0.27819573360727057,-0.18044488453704108,0.045213405969018225,4425,90,0.020338983050847456
144,42,prior_encoder_gru_tuned_anchor,1,q90,558,47,10.0,False,6.85219134017933,0.46725569737469214,-5.542113880648299,-0.3779125459357641,0,0,
144,42,prior_encoder_gru_tuned_anchor,1,nontail,4425,70,10.0,False,1.3116802899605347,0.2543549517355822,0.4956706634471581,0.09857030566684163,4425,90,0.020338983050847456
144,42,prior_encoder_gru_tuned_anchor,3,overall,4983,71,10.0,False,1.7576740665139396,0.2473446622149463,-0.2748222569635133,0.033174943945903416,4425,88,0.019887005649717515
144,42,prior_encoder_gru_tuned_anchor,3,q90,558,47,10.0,False,6.717449802953919,0.4541801410244932,-5.48886777567418,-0.3693946012479164,0,0,
144,42,prior_encoder_gru_tuned_anchor,3,nontail,4425,70,10.0,False,1.132237939749305,0.22126235776845427,0.3826777203111877,0.08393964591610716,4425,88,0.019887005649717515
144,42,prior_encoder_gru_tuned_anchor,5,overall,4983,71,10.0,False,1.6393595072084441,0.2269160555172412,-0.3128337272408614,0.022699495482851724,4425,108,0.02440677966101695
144,42,prior_encoder_gru_tuned_anchor,5,q90,558,47,10.0,False,6.385076234891181,0.42533528531953474,-5.271421236930908,-0.34754141775698055,0,0,
144,42,prior_encoder_gru_tuned_anchor,5,nontail,4425,70,10.0,False,1.040916584259977,0.20189505433539265,0.3124525621166631,0.06938750216936615,4425,108,0.02440677966101695
144,42,prior_encoder_integrated_constant,0,overall,4983,71,10.0,False,1.912825551420251,0.275515610576518,-0.2589883036161124,0.03450698741731999,4425,88,0.019887005649717515
144,42,prior_encoder_integrated_constant,0,q90,558,47,10.0,False,6.895612580909276,0.47233051051247105,-5.6998990949379005,-0.3900856143481883,0,0,
144,42,prior_encoder_integrated_constant,0,nontail,4425,70,10.0,False,1.28448766159994,0.25069691811001815,0.42711976905226245,0.08804883414842815,4425,88,0.019887005649717515
144,42,prior_encoder_integrated_constant,1,overall,4983,71,10.0,False,1.912825551420251,0.275515610576518,-0.2589883036161124,0.03450698741731999,4425,88,0.019887005649717515
144,42,prior_encoder_integrated_constant,1,q90,558,47,10.0,False,6.895612580909276,0.47233051051247105,-5.6998990949379005,-0.3900856143481883,0,0,
144,42,prior_encoder_integrated_constant,1,nontail,4425,70,10.0,False,1.28448766159994,0.25069691811001815,0.42711976905226245,0.08804883414842815,4425,88,0.019887005649717515
144,42,prior_encoder_integrated_constant,3,overall,4983,71,10.0,False,1.7441717406240922,0.24514446144711835,-0.33393650560581245,0.02534091898525549,4425,86,0.01943502824858757
144,42,prior_encoder_integrated_constant,3,q90,558,47,10.0,False,6.757509133089787,0.45850966430333456,-5.613842292130551,-0.3789808821690466,0,0,
144,42,prior_encoder_integrated_constant,3,nontail,4425,70,10.0,False,1.1119813982521465,0.21823874773101248,0.3318685630678156,0.07632658340200138,4425,86,0.01943502824858757
144,42,prior_encoder_integrated_constant,5,overall,4983,71,10.0,False,1.6429222257036036,0.22744022483483747,-0.32334700793575594,0.021893892671743746,4425,104,0.02350282485875706
144,42,prior_encoder_integrated_constant,5,q90,558,47,10.0,False,6.424631668653083,0.4283701376071549,-5.353207431447937,-0.3533163105939289,0,0,
144,42,prior_encoder_integrated_constant,5,nontail,4425,70,10.0,False,1.039940560355398,0.20210262227507408,0.31092691665628874,0.06920853525304213,4425,104,0.02350282485875706
144,42,prior_encoder_integrated_gru_tuned_anchor,0,overall,4983,71,10.0,False,1.912825551420251,0.275515610576518,-0.2589883036161124,0.03450698741731999,4425,88,0.019887005649717515
144,42,prior_encoder_integrated_gru_tuned_anchor,0,q90,558,47,10.0,False,6.895612580909276,0.47233051051247105,-5.6998990949379005,-0.3900856143481883,0,0,
144,42,prior_encoder_integrated_gru_tuned_anchor,0,nontail,4425,70,10.0,False,1.28448766159994,0.25069691811001815,0.42711976905226245,0.08804883414842815,4425,88,0.019887005649717515
144,42,prior_encoder_integrated_gru_tuned_anchor,1,overall,4983,71,10.0,False,1.912825551420251,0.275515610576518,-0.2589883036161124,0.03450698741731999,4425,88,0.019887005649717515
144,42,prior_encoder_integrated_gru_tuned_anchor,1,q90,558,47,10.0,False,6.895612580909276,0.47233051051247105,-5.6998990949379005,-0.3900856143481883,0,0,
144,42,prior_encoder_integrated_gru_tuned_anchor,1,nontail,4425,70,10.0,False,1.28448766159994,0.25069691811001815,0.42711976905226245,0.08804883414842815,4425,88,0.019887005649717515
144,42,prior_encoder_integrated_gru_tuned_anchor,3,overall,4983,71,10.0,False,1.6439843149175588,0.22699138812519126,-0.4064820839659468,0.011087547516282041,4425,91,0.02056497175141243
144,42,prior_encoder_integrated_gru_tuned_anchor,3,q90,558,47,10.0,False,6.666741485660761,0.4505627699429943,-5.556624778007294,-0.3738409047045326,0,0,
144,42,prior_encoder_integrated_gru_tuned_anchor,3,nontail,4425,70,10.0,False,1.0106061225390939,0.19879865794342086,0.2429596388080807,0.05962767776243223,4425,91,0.02056497175141243
144,42,prior_encoder_integrated_gru_tuned_anchor,5,overall,4983,71,10.0,False,1.6331970090964218,0.225811769892639,-0.35191593426417483,0.017697390920771643,4425,107,0.02418079096045198
144,42,prior_encoder_integrated_gru_tuned_anchor,5,q90,558,47,10.0,False,6.419566599184628,0.42875265517962774,-5.362393218503357,-0.3545325997761409,0,0,
144,42,prior_encoder_integrated_gru_tuned_anchor,5,nontail,4425,70,10.0,False,1.0296276912954685,0.2002205802903476,0.27991374361276605,0.06463622364594164,4425,107,0.02418079096045198
144,42,selective_constant,0,overall,4983,71,10.0,False,1.9063172824571948,0.2734273515292033,-0.40573793741172903,0.02427983493611324,4425,77,0.017401129943502826
144,42,selective_constant,0,q90,558,47,10.0,False,7.190515222753204,0.5016074534520539,-6.244420009483011,-0.43537768761254136,0,0,
144,42,selective_constant,0,nontail,4425,70,10.0,False,1.2399709659181724,0.24465345393079635,0.3305297679477681,0.08224342761004527,4425,77,0.017401129943502826
144,42,selective_constant,1,overall,4983,71,10.0,False,1.9063172824571948,0.2734273515292033,-0.40573793741172903,0.02427983493611324,4425,77,0.017401129943502826
144,42,selective_constant,1,q90,558,47,10.0,False,7.190515222753204,0.5016074534520539,-6.244420009483011,-0.43537768761254136,0,0,
144,42,selective_constant,1,nontail,4425,70,10.0,False,1.2399709659181724,0.24465345393079635,0.3305297679477681,0.08224342761004527,4425,77,0.017401129943502826
144,42,selective_constant,3,overall,4983,71,10.0,False,1.7446572244012126,0.24501492112959605,-0.4369172008578165,0.019218215550158447,4425,78,0.017627118644067796
144,42,selective_constant,3,q90,558,47,10.0,False,6.976757910222157,0.4800624209148536,-6.034385968352566,-0.41365653885820974,0,0,
144,42,selective_constant,3,nontail,4425,70,10.0,False,1.0848804599519273,0.2153750330210822,0.26893309795847065,0.0738044557670781,4425,78,0.017627118644067796
144,42,selective_constant,5,overall,4983,71,10.0,False,1.6405586727130537,0.22693562634370307,-0.4310521526676926,0.013475425009124494,4425,93,0.021016949152542375
144,42,selective_constant,5,q90,558,47,10.0,False,6.624201707660839,0.4471660859326365,-5.745698419453427,-0.38485480502373987,0,0,
144,42,selective_constant,5,nontail,4425,70,10.0,False,1.0121128391535366,0.19916419211757316,0.23913374944901697,0.0637055421522518,4425,93,0.021016949152542375
144,42,selective_gru_tuned_anchor,0,overall,4983,71,10.0,False,1.9063172824571948,0.2734273515292033,-0.40573793741172903,0.02427983493611324,4425,77,0.017401129943502826
144,42,selective_gru_tuned_anchor,0,q90,558,47,10.0,False,7.190515222753204,0.5016074534520539,-6.244420009483011,-0.43537768761254136,0,0,
144,42,selective_gru_tuned_anchor,0,nontail,4425,70,10.0,False,1.2399709659181724,0.24465345393079635,0.3305297679477681,0.08224342761004527,4425,77,0.017401129943502826
144,42,selective_gru_tuned_anchor,1,overall,4983,71,10.0,False,1.9063172824571948,0.2734273515292033,-0.40573793741172903,0.02427983493611324,4425,77,0.017401129943502826
144,42,selective_gru_tuned_anchor,1,q90,558,47,10.0,False,7.190515222753204,0.5016074534520539,-6.244420009483011,-0.43537768761254136,0,0,
144,42,selective_gru_tuned_anchor,1,nontail,4425,70,10.0,False,1.2399709659181724,0.24465345393079635,0.3305297679477681,0.08224342761004527,4425,77,0.017401129943502826
144,42,selective_gru_tuned_anchor,3,overall,4983,71,10.0,False,1.6562340956305757,0.2291045146554177,-0.4309316907094624,0.013665067399369613,4425,85,0.0192090395480226
144,42,selective_gru_tuned_anchor,3,q90,558,47,10.0,False,6.783652244590866,0.461755684140555,-5.758576479774065,-0.3906770110027983,0,0,
144,42,selective_gru_tuned_anchor,3,nontail,4425,70,10.0,False,1.0096579765074476,0.1997668078593258,0.24089334709800608,0.06465328881143961,4425,85,0.0192090395480226
144,42,selective_gru_tuned_anchor,5,overall,4983,71,10.0,False,1.6358332111620075,0.22635692122931936,-0.4207077877908531,0.01417777629083553,4425,100,0.022598870056497175
144,42,selective_gru_tuned_anchor,5,q90,558,47,10.0,False,6.57470606031865,0.44314220955228334,-5.661143177567114,-0.3784849808891012,0,0,
144,42,selective_gru_tuned_anchor,5,nontail,4425,70,10.0,False,1.0130329739124242,0.19901992893910153,0.24011999695381434,0.06369321550132248,4425,100,0.022598870056497175
144,42,selective_integrated_constant,0,overall,4983,71,10.0,False,1.8970319114034027,0.2735945150294336,-0.45017824913252763,0.012380786196491668,4425,81,0.01830508474576271
144,42,selective_integrated_constant,0,q90,558,47,10.0,False,7.131966432047404,0.4965386360657826,-6.20883737364486,-0.43173027499038236,0,0,
144,42,selective_integrated_constant,0,nontail,4425,70,10.0,False,1.23689779557982,0.24548088349535838,0.2759984269076715,0.06838394374276867,4425,81,0.01830508474576271
144,42,selective_integrated_constant,1,overall,4983,71,10.0,False,1.8970319114034027,0.2735945150294336,-0.45017824913252763,0.012380786196491668,4425,81,0.01830508474576271
144,42,selective_integrated_constant,1,q90,558,47,10.0,False,7.131966432047404,0.4965386360657826,-6.20883737364486,-0.43173027499038236,0,0,
144,42,selective_integrated_constant,1,nontail,4425,70,10.0,False,1.23689779557982,0.24548088349535838,0.2759984269076715,0.06838394374276867,4425,81,0.01830508474576271
144,42,selective_integrated_constant,3,overall,4983,71,10.0,False,1.7389148267976267,0.24438259527951797,-0.4548165450990537,0.014696322587343588,4425,78,0.017627118644067796
144,42,selective_integrated_constant,3,q90,558,47,10.0,False,6.954959899748442,0.4781426218552989,-6.022678549840334,-0.4123219159256205,0,0,
144,42,selective_integrated_constant,3,nontail,4425,70,10.0,False,1.0811627023441677,0.2149050597248771,0.24730029075306703,0.06854404622355464,4425,78,0.017627118644067796
144,42,selective_integrated_constant,5,overall,4983,71,10.0,False,1.6405586727130537,0.22693562634370307,-0.4310521526676926,0.013475425009124494,4425,93,0.021016949152542375
144,42,selective_integrated_constant,5,q90,558,47,10.0,False,6.624201707660839,0.4471660859326365,-5.745698419453427,-0.38485480502373987,0,0,
144,42,selective_integrated_constant,5,nontail,4425,70,10.0,False,1.0121128391535366,0.19916419211757316,0.23913374944901697,0.0637055421522518,4425,93,0.021016949152542375
144,42,selective_integrated_gru_tuned_anchor,0,overall,4983,71,10.0,False,1.8970319114034027,0.2735945150294336,-0.45017824913252763,0.012380786196491668,4425,81,0.01830508474576271
144,42,selective_integrated_gru_tuned_anchor,0,q90,558,47,10.0,False,7.131966432047404,0.4965386360657826,-6.20883737364486,-0.43173027499038236,0,0,
144,42,selective_integrated_gru_tuned_anchor,0,nontail,4425,70,10.0,False,1.23689779557982,0.24548088349535838,0.2759984269076715,0.06838394374276867,4425,81,0.01830508474576271
144,42,selective_integrated_gru_tuned_anchor,1,overall,4983,71,10.0,False,1.8970319114034027,0.2735945150294336,-0.45017824913252763,0.012380786196491668,4425,81,0.01830508474576271
144,42,selective_integrated_gru_tuned_anchor,1,q90,558,47,10.0,False,7.131966432047404,0.4965386360657826,-6.20883737364486,-0.43173027499038236,0,0,
144,42,selective_integrated_gru_tuned_anchor,1,nontail,4425,70,10.0,False,1.23689779557982,0.24548088349535838,0.2759984269076715,0.06838394374276867,4425,81,0.01830508474576271
144,42,selective_integrated_gru_tuned_anchor,3,overall,4983,71,10.0,False,1.6488813387375418,0.2283678346529818,-0.45675090830039516,0.007288584567808463,4425,87,0.01966101694915254
144,42,selective_integrated_gru_tuned_anchor,3,q90,558,47,10.0,False,6.756724792430808,0.4594755121891921,-5.74644463552021,-0.3891772316835068,0,0,
144,42,selective_integrated_gru_tuned_anchor,3,nontail,4425,70,10.0,False,1.004773621865035,0.19922476480773765,0.210288436284612,0.057283595973059064,4425,87,0.01966101694915254
144,42,selective_integrated_gru_tuned_anchor,5,overall,4983,71,10.0,False,1.6358332111620075,0.22635692122931936,-0.4207077877908531,0.01417777629083553,4425,100,0.022598870056497175
144,42,selective_integrated_gru_tuned_anchor,5,q90,558,47,10.0,False,6.57470606031865,0.44314220955228334,-5.661143177567114,-0.3784849808891012,0,0,
144,42,selective_integrated_gru_tuned_anchor,5,nontail,4425,70,10.0,False,1.0130329739124242,0.19901992893910153,0.24011999695381434,0.06369321550132248,4425,100,0.022598870056497175
144,42,station_constant,0,overall,4983,71,10.0,False,1.925274077998224,0.27709483167745713,-0.1804251550975901,0.04734629188146913,4425,91,0.02056497175141243
144,42,station_constant,0,q90,558,47,10.0,False,6.8380677170394275,0.4664502729127184,-5.443703223979279,-0.3719622586016417,0,0,
144,42,station_constant,0,nontail,4425,70,10.0,False,1.3057624733462485,0.2532167895962648,0.48328313019867714,0.10022181078984783,4425,91,0.02056497175141243
144,42,station_constant,1,overall,4983,71,10.0,False,1.925274077998224,0.27709483167745713,-0.1804251550975901,0.04734629188146913,4425,91,0.02056497175141243
144,42,station_constant,1,q90,558,47,10.0,False,6.8380677170394275,0.4664502729127184,-5.443703223979279,-0.3719622586016417,0,0,
144,42,station_constant,1,nontail,4425,70,10.0,False,1.3057624733462485,0.2532167895962648,0.48328313019867714,0.10022181078984783,4425,91,0.02056497175141243
144,42,station_constant,3,overall,4983,71,10.0,False,1.7507963733178096,0.24609997380588292,-0.27751414853040773,0.034568181407999735,4425,93,0.021016949152542375
144,42,station_constant,3,q90,558,47,10.0,False,6.709202498616732,0.45382844068083983,-5.420996697169297,-0.3652921139619008,0,0,
144,42,station_constant,3,nontail,4425,70,10.0,False,1.125532956839437,0.21990506205080362,0.37108771861998796,0.08499124238345837,4425,93,0.021016949152542375
144,42,station_constant,5,overall,4983,71,10.0,False,1.6399794451133338,0.22700753123614126,-0.3294306808566613,0.022076587492381547,4425,110,0.024858757062146894
144,42,station_constant,5,q90,558,47,10.0,False,6.420648075058937,0.42852582570293546,-5.316295624030523,-0.35130105323456134,0,0,
144,42,station_constant,5,nontail,4425,70,10.0,False,1.0371290280490069,0.2015957327474472,0.29942144079102573,0.0691601408315079,4425,110,0.024858757062146894
144,42,station_gru_tuned_anchor,0,overall,4983,71,10.0,False,1.925274077998224,0.27709483167745713,-0.1804251550975901,0.04734629188146913,4425,91,0.02056497175141243
144,42,station_gru_tuned_anchor,0,q90,558,47,10.0,False,6.8380677170394275,0.4664502729127184,-5.443703223979279,-0.3719622586016417,0,0,
144,42,station_gru_tuned_anchor,0,nontail,4425,70,10.0,False,1.3057624733462485,0.2532167895962648,0.48328313019867714,0.10022181078984783,4425,91,0.02056497175141243
144,42,station_gru_tuned_anchor,1,overall,4983,71,10.0,False,1.925274077998224,0.27709483167745713,-0.1804251550975901,0.04734629188146913,4425,91,0.02056497175141243
144,42,station_gru_tuned_anchor,1,q90,558,47,10.0,False,6.8380677170394275,0.4664502729127184,-5.443703223979279,-0.3719622586016417,0,0,
144,42,station_gru_tuned_anchor,1,nontail,4425,70,10.0,False,1.3057624733462485,0.2532167895962648,0.48328313019867714,0.10022181078984783,4425,91,0.02056497175141243
144,42,station_gru_tuned_anchor,3,overall,4983,71,10.0,False,1.7504755483959031,0.24610243874221197,-0.27656895915467583,0.034672821704906466,4425,93,0.021016949152542375
144,42,station_gru_tuned_anchor,3,q90,558,47,10.0,False,6.705882877512144,0.453547753846242,-5.420047998368234,-0.36516624930961183,0,0,
144,42,station_gru_tuned_anchor,3,nontail,4425,70,10.0,False,1.1255902851988722,0.21994323290536483,0.3720324654512372,0.08509320625317793,4425,93,0.021016949152542375
144,42,station_gru_tuned_anchor,5,overall,4983,71,10.0,False,1.6375876490048273,0.22671579451499796,-0.3185827721910529,0.022877129173341643,4425,109,0.02463276836158192
144,42,station_gru_tuned_anchor,5,q90,558,47,10.0,False,6.383427658154162,0.4257132047244287,-5.23513844113018,-0.3456301142964231,0,0,
144,42,station_gru_tuned_anchor,5,nontail,4425,70,10.0,False,1.0391291800544706,0.20162188380384263,0.30140323080737247,0.06934651716342724,4425,109,0.02463276836158192
144,42,station_integrated_constant,0,overall,4983,71,10.0,False,1.9087166641039277,0.2750535431270356,-0.2589735065365241,0.035997110705833855,4425,92,0.0207909604519774
144,42,station_integrated_constant,0,q90,558,47,10.0,False,6.879442957132407,0.47143302750195115,-5.626091102436135,-0.38562189366109284,0,0,
144,42,station_integrated_constant,0,nontail,4425,70,10.0,False,1.2818996535932177,0.250289757300775,0.4178291191159016,0.08916398176498527,4425,92,0.0207909604519774
144,42,station_integrated_constant,1,overall,4983,71,10.0,False,1.9087166641039277,0.2750535431270356,-0.2589735065365241,0.035997110705833855,4425,92,0.0207909604519774
144,42,station_integrated_constant,1,q90,558,47,10.0,False,6.879442957132407,0.47143302750195115,-5.626091102436135,-0.38562189366109284,0,0,
144,42,station_integrated_constant,1,nontail,4425,70,10.0,False,1.2818996535932177,0.250289757300775,0.4178291191159016,0.08916398176498527,4425,92,0.0207909604519774
144,42,station_integrated_constant,3,overall,4983,71,10.0,False,1.7403846676382437,0.2446546247443055,-0.33525885844880315,0.026380594141921614,4425,89,0.020112994350282486
144,42,station_integrated_constant,3,q90,558,47,10.0,False,6.746317345204698,0.45792332589662066,-5.562085619782025,-0.3758191909176021,0,0,
144,42,station_integrated_constant,3,nontail,4425,70,10.0,False,1.1091280723654569,0.21776108005662373,0.32385285518372525,0.0770986687324785,4425,89,0.020112994350282486
144,42,station_integrated_constant,5,overall,4983,71,10.0,False,1.6399794451133338,0.22700753123614126,-0.3294306808566613,0.022076587492381547,4425,110,0.024858757062146894
144,42,station_integrated_constant,5,q90,558,47,10.0,False,6.420648075058937,0.42852582570293546,-5.316295624030523,-0.35130105323456134,0,0,
144,42,station_integrated_constant,5,nontail,4425,70,10.0,False,1.0371290280490069,0.2015957327474472,0.29942144079102573,0.0691601408315079,4425,110,0.024858757062146894
144,42,station_integrated_gru_tuned_anchor,0,overall,4983,71,10.0,False,1.9087166641039277,0.2750535431270356,-0.2589735065365241,0.035997110705833855,4425,92,0.0207909604519774
144,42,station_integrated_gru_tuned_anchor,0,q90,558,47,10.0,False,6.879442957132407,0.47143302750195115,-5.626091102436135,-0.38562189366109284,0,0,
144,42,station_integrated_gru_tuned_anchor,0,nontail,4425,70,10.0,False,1.2818996535932177,0.250289757300775,0.4178291191159016,0.08916398176498527,4425,92,0.0207909604519774
144,42,station_integrated_gru_tuned_anchor,1,overall,4983,71,10.0,False,1.9087166641039277,0.2750535431270356,-0.2589735065365241,0.035997110705833855,4425,92,0.0207909604519774
144,42,station_integrated_gru_tuned_anchor,1,q90,558,47,10.0,False,6.879442957132407,0.47143302750195115,-5.626091102436135,-0.38562189366109284,0,0,
144,42,station_integrated_gru_tuned_anchor,1,nontail,4425,70,10.0,False,1.2818996535932177,0.250289757300775,0.4178291191159016,0.08916398176498527,4425,92,0.0207909604519774
144,42,station_integrated_gru_tuned_anchor,3,overall,4983,71,10.0,False,1.6436331604201209,0.22713448867621625,-0.4074229160870483,0.011496849850517065,4425,93,0.021016949152542375
144,42,station_integrated_gru_tuned_anchor,3,q90,558,47,10.0,False,6.659090183892331,0.45012028170964075,-5.536023344411566,-0.3725846834062065,0,0,
144,42,station_integrated_gru_tuned_anchor,3,nontail,4425,70,10.0,False,1.0111755289856594,0.19901560223267933,0.2393022904677723,0.05993018217983949,4425,93,0.021016949152542375
144,42,station_integrated_gru_tuned_anchor,5,overall,4983,71,10.0,False,1.633105228776504,0.22598722693407622,-0.3561145222457677,0.01778802786599455,4425,109,0.02463276836158192
144,42,station_integrated_gru_tuned_anchor,5,q90,558,47,10.0,False,6.418992119191779,0.4291183452512526,-5.334923725401337,-0.35310890447492815,0,0,
144,42,station_integrated_gru_tuned_anchor,5,nontail,4425,70,10.0,False,1.0295967802224424,0.2003720486242492,0.27172175693181594,0.06455875967305327,4425,109,0.02463276836158192
144,42,tail2_constant,0,overall,4983,71,10.0,False,1.9321107868543916,0.27819573360727057,-0.1804448845370411,0.045213405969018225,4425,90,0.020338983050847456
144,42,tail2_constant,0,q90,558,47,10.0,False,6.85219134017933,0.46725569737469214,-5.542113880648299,-0.3779125459357641,0,0,
144,42,tail2_constant,0,nontail,4425,70,10.0,False,1.3116802899605349,0.2543549517355822,0.4956706634471582,0.09857030566684163,4425,90,0.020338983050847456
144,42,tail2_constant,1,overall,4983,71,10.0,False,1.9321107868543916,0.27819573360727057,-0.1804448845370411,0.045213405969018225,4425,90,0.020338983050847456
144,42,tail2_constant,1,q90,558,47,10.0,False,6.85219134017933,0.46725569737469214,-5.542113880648299,-0.3779125459357641,0,0,
144,42,tail2_constant,1,nontail,4425,70,10.0,False,1.3116802899605349,0.2543549517355822,0.4956706634471582,0.09857030566684163,4425,90,0.020338983050847456
144,42,tail2_constant,3,overall,4983,71,10.0,False,1.757939753475998,0.2473360233467124,-0.2757093477824452,0.03307589164133982,4425,88,0.019887005649717515
144,42,tail2_constant,3,q90,558,47,10.0,False,6.720505002335235,0.4544431631330261,-5.48976915428422,-0.36951635302962943,0,0,
144,42,tail2_constant,3,nontail,4425,70,10.0,False,1.1321518644673076,0.22121946199060777,0.38179243120693124,0.08384345605408576,4425,88,0.019887005649717515
144,42,tail2_constant,5,overall,4983,71,10.0,False,1.6429222257036036,0.22744022483483747,-0.32334700793575594,0.021893892671743746,4425,104,0.02350282485875706
144,42,tail2_constant,5,q90,558,47,10.0,False,6.424631668653083,0.4283701376071549,-5.353207431447937,-0.3533163105939289,0,0,
144,42,tail2_constant,5,nontail,4425,70,10.0,False,1.039940560355398,0.20210262227507408,0.31092691665628874,0.06920853525304213,4425,104,0.02350282485875706
144,42,tail2_gru_tuned_anchor,0,overall,4983,71,10.0,False,1.9321107868543916,0.27819573360727057,-0.1804448845370411,0.045213405969018225,4425,90,0.020338983050847456
144,42,tail2_gru_tuned_anchor,0,q90,558,47,10.0,False,6.85219134017933,0.46725569737469214,-5.542113880648299,-0.3779125459357641,0,0,
144,42,tail2_gru_tuned_anchor,0,nontail,4425,70,10.0,False,1.3116802899605349,0.2543549517355822,0.4956706634471582,0.09857030566684163,4425,90,0.020338983050847456
144,42,tail2_gru_tuned_anchor,1,overall,4983,71,10.0,False,1.9321107868543916,0.27819573360727057,-0.18044488453704108,0.045213405969018225,4425,90,0.020338983050847456
144,42,tail2_gru_tuned_anchor,1,q90,558,47,10.0,False,6.85219134017933,0.46725569737469214,-5.542113880648299,-0.3779125459357641,0,0,
144,42,tail2_gru_tuned_anchor,1,nontail,4425,70,10.0,False,1.3116802899605347,0.2543549517355822,0.4956706634471581,0.09857030566684163,4425,90,0.020338983050847456
144,42,tail2_gru_tuned_anchor,3,overall,4983,71,10.0,False,1.7576740665139396,0.2473446622149463,-0.2748222569635133,0.033174943945903416,4425,88,0.019887005649717515
144,42,tail2_gru_tuned_anchor,3,q90,558,47,10.0,False,6.717449802953919,0.4541801410244932,-5.48886777567418,-0.3693946012479164,0,0,
144,42,tail2_gru_tuned_anchor,3,nontail,4425,70,10.0,False,1.132237939749305,0.22126235776845427,0.3826777203111877,0.08393964591610716,4425,88,0.019887005649717515
144,42,tail2_gru_tuned_anchor,5,overall,4983,71,10.0,False,1.6393595072084441,0.2269160555172412,-0.3128337272408614,0.022699495482851724,4425,108,0.02440677966101695
144,42,tail2_gru_tuned_anchor,5,q90,558,47,10.0,False,6.385076234891181,0.42533528531953474,-5.271421236930908,-0.34754141775698055,0,0,
144,42,tail2_gru_tuned_anchor,5,nontail,4425,70,10.0,False,1.040916584259977,0.20189505433539265,0.3124525621166631,0.06938750216936615,4425,108,0.02440677966101695
144,42,tail2_integrated_constant,0,overall,4983,71,10.0,False,1.912825551420251,0.275515610576518,-0.2589883036161124,0.03450698741731999,4425,88,0.019887005649717515
144,42,tail2_integrated_constant,0,q90,558,47,10.0,False,6.895612580909276,0.47233051051247105,-5.6998990949379005,-0.3900856143481883,0,0,
144,42,tail2_integrated_constant,0,nontail,4425,70,10.0,False,1.28448766159994,0.25069691811001815,0.42711976905226245,0.08804883414842815,4425,88,0.019887005649717515
144,42,tail2_integrated_constant,1,overall,4983,71,10.0,False,1.912825551420251,0.275515610576518,-0.2589883036161124,0.03450698741731999,4425,88,0.019887005649717515
144,42,tail2_integrated_constant,1,q90,558,47,10.0,False,6.895612580909276,0.47233051051247105,-5.6998990949379005,-0.3900856143481883,0,0,
144,42,tail2_integrated_constant,1,nontail,4425,70,10.0,False,1.28448766159994,0.25069691811001815,0.42711976905226245,0.08804883414842815,4425,88,0.019887005649717515
144,42,tail2_integrated_constant,3,overall,4983,71,10.0,False,1.7441717406240922,0.24514446144711835,-0.33393650560581245,0.02534091898525549,4425,86,0.01943502824858757
144,42,tail2_integrated_constant,3,q90,558,47,10.0,False,6.757509133089787,0.45850966430333456,-5.613842292130551,-0.3789808821690466,0,0,
144,42,tail2_integrated_constant,3,nontail,4425,70,10.0,False,1.1119813982521465,0.21823874773101248,0.3318685630678156,0.07632658340200138,4425,86,0.01943502824858757
144,42,tail2_integrated_constant,5,overall,4983,71,10.0,False,1.6429222257036036,0.22744022483483747,-0.32334700793575594,0.021893892671743746,4425,104,0.02350282485875706
144,42,tail2_integrated_constant,5,q90,558,47,10.0,False,6.424631668653083,0.4283701376071549,-5.353207431447937,-0.3533163105939289,0,0,
144,42,tail2_integrated_constant,5,nontail,4425,70,10.0,False,1.039940560355398,0.20210262227507408,0.31092691665628874,0.06920853525304213,4425,104,0.02350282485875706
144,42,tail2_integrated_gru_tuned_anchor,0,overall,4983,71,10.0,False,1.912825551420251,0.275515610576518,-0.2589883036161124,0.03450698741731999,4425,88,0.019887005649717515
144,42,tail2_integrated_gru_tuned_anchor,0,q90,558,47,10.0,False,6.895612580909276,0.47233051051247105,-5.6998990949379005,-0.3900856143481883,0,0,
144,42,tail2_integrated_gru_tuned_anchor,0,nontail,4425,70,10.0,False,1.28448766159994,0.25069691811001815,0.42711976905226245,0.08804883414842815,4425,88,0.019887005649717515
144,42,tail2_integrated_gru_tuned_anchor,1,overall,4983,71,10.0,False,1.912825551420251,0.275515610576518,-0.2589883036161124,0.03450698741731999,4425,88,0.019887005649717515
144,42,tail2_integrated_gru_tuned_anchor,1,q90,558,47,10.0,False,6.895612580909276,0.47233051051247105,-5.6998990949379005,-0.3900856143481883,0,0,
144,42,tail2_integrated_gru_tuned_anchor,1,nontail,4425,70,10.0,False,1.28448766159994,0.25069691811001815,0.42711976905226245,0.08804883414842815,4425,88,0.019887005649717515
144,42,tail2_integrated_gru_tuned_anchor,3,overall,4983,71,10.0,False,1.6439843149175588,0.22699138812519126,-0.4064820839659468,0.011087547516282041,4425,91,0.02056497175141243
144,42,tail2_integrated_gru_tuned_anchor,3,q90,558,47,10.0,False,6.666741485660761,0.4505627699429943,-5.556624778007294,-0.3738409047045326,0,0,
144,42,tail2_integrated_gru_tuned_anchor,3,nontail,4425,70,10.0,False,1.0106061225390939,0.19879865794342086,0.2429596388080807,0.05962767776243223,4425,91,0.02056497175141243
144,42,tail2_integrated_gru_tuned_anchor,5,overall,4983,71,10.0,False,1.6331970090964218,0.225811769892639,-0.35191593426417483,0.017697390920771643,4425,107,0.02418079096045198
144,42,tail2_integrated_gru_tuned_anchor,5,q90,558,47,10.0,False,6.419566599184628,0.42875265517962774,-5.362393218503357,-0.3545325997761409,0,0,
144,42,tail2_integrated_gru_tuned_anchor,5,nontail,4425,70,10.0,False,1.0296276912954685,0.2002205802903476,0.27991374361276605,0.06463622364594164,4425,107,0.02418079096045198
144,43,context_constant,0,overall,4983,71,10.0,False,2.014782118144112,0.29507648141644754,-0.1532503917918399,0.07690961517814651,4425,79,0.017853107344632767
144,43,context_constant,0,q90,558,47,10.0,False,7.142828158470794,0.49254526825852457,-6.148694214152177,-0.42337526538608256,0,0,
144,43,context_constant,0,nontail,4425,70,10.0,False,1.368126820855459,0.27017533270280264,0.6027852359769891,0.13999638655777133,4425,79,0.017853107344632767
144,43,context_constant,1,overall,4983,71,10.0,False,2.014782118144112,0.29507648141644754,-0.1532503917918399,0.07690961517814651,4425,79,0.017853107344632767
144,43,context_constant,1,q90,558,47,10.0,False,7.142828158470794,0.49254526825852457,-6.148694214152177,-0.42337526538608256,0,0,
144,43,context_constant,1,nontail,4425,70,10.0,False,1.368126820855459,0.27017533270280264,0.6027852359769891,0.13999638655777133,4425,79,0.017853107344632767
144,43,context_constant,3,overall,4983,71,10.0,False,1.7058953317756496,0.24154090400636088,-0.3033924960989323,0.043592347773819984,4425,89,0.020112994350282486
144,43,context_constant,3,q90,558,47,10.0,False,6.791182617388438,0.45995582637136506,-5.751332285942534,-0.3874989521914299,0,0,
144,43,context_constant,3,nontail,4425,70,10.0,False,1.0646319859288842,0.21399841210135015,0.38360194519660007,0.09795369136265826,4425,89,0.020112994350282486
144,43,context_constant,5,overall,4983,71,10.0,False,1.6342050441452407,0.22582128323407594,-0.3341250289737986,0.02419853968942331,4425,107,0.02418079096045198
144,43,context_constant,5,q90,558,47,10.0,False,6.4690643162322745,0.4321683808357515,-5.448091724404186,-0.3611779128548094,0,0,
144,43,context_constant,5,nontail,4425,70,10.0,False,1.0245210952583332,0.19980056448566122,0.31075483906013507,0.07279516353567908,4425,107,0.02418079096045198
144,43,context_gru_tuned_anchor,0,overall,4983,71,10.0,False,2.014782118144112,0.29507648141644754,-0.1532503917918399,0.07690961517814651,4425,79,0.017853107344632767
144,43,context_gru_tuned_anchor,0,q90,558,47,10.0,False,7.142828158470794,0.49254526825852457,-6.148694214152177,-0.42337526538608256,0,0,
144,43,context_gru_tuned_anchor,0,nontail,4425,70,10.0,False,1.368126820855459,0.27017533270280264,0.6027852359769891,0.13999638655777133,4425,79,0.017853107344632767
144,43,context_gru_tuned_anchor,1,overall,4983,71,10.0,False,2.014782118144112,0.29507648141644754,-0.1532503917918399,0.07690961517814651,4425,79,0.017853107344632767
144,43,context_gru_tuned_anchor,1,q90,558,47,10.0,False,7.142828158470794,0.49254526825852457,-6.148694214152177,-0.42337526538608256,0,0,
144,43,context_gru_tuned_anchor,1,nontail,4425,70,10.0,False,1.368126820855459,0.27017533270280264,0.6027852359769891,0.13999638655777133,4425,79,0.017853107344632767
144,43,context_gru_tuned_anchor,3,overall,4983,71,10.0,False,1.698478494756745,0.24026991702370062,-0.32292121384952793,0.038183051974881185,4425,91,0.02056497175141243
144,43,context_gru_tuned_anchor,3,q90,558,47,10.0,False,6.780665739388215,0.45799421207388336,-5.739640055756921,-0.385591852627065,0,0,
144,43,context_gru_tuned_anchor,3,nontail,4425,70,10.0,False,1.0576060693320306,0.21281451439364368,0.36013621299438753,0.09162178570773677,4425,91,0.02056497175141243
144,43,context_gru_tuned_anchor,5,overall,4983,71,10.0,False,1.628081154816891,0.22467254532449557,-0.3492861358064789,0.020705473260773807,4425,110,0.024858757062146894
144,43,context_gru_tuned_anchor,5,q90,558,47,10.0,False,6.471094550981551,0.4323568036398009,-5.455673702906577,-0.3617751832942457,0,0,
144,43,context_gru_tuned_anchor,5,nontail,4425,70,10.0,False,1.0173689570632458,0.19848320834371808,0.29463799129902524,0.06893693232466101,4425,110,0.024858757062146894
144,43,mae_constant,0,overall,4983,71,10.0,False,1.9090571225528814,0.2743352401745305,-0.48020426826535334,0.006064066827288147,4425,73,0.016497175141242937
144,43,mae_constant,0,q90,558,47,10.0,False,7.361666890234212,0.5201420383404767,-6.529971334734215,-0.46174932053007645,0,0,
144,43,mae_constant,0,nontail,4425,70,10.0,False,1.2214737891367953,0.24333858630411279,0.28268161265885566,0.06505612787709819,4425,73,0.016497175141242937
144,43,mae_constant,1,overall,4983,71,10.0,False,1.9090571225528814,0.2743352401745305,-0.48020426826535334,0.006064066827288147,4425,73,0.016497175141242937
144,43,mae_constant,1,q90,558,47,10.0,False,7.361666890234212,0.5201420383404767,-6.529971334734215,-0.46174932053007645,0,0,
144,43,mae_constant,1,nontail,4425,70,10.0,False,1.2214737891367953,0.24333858630411279,0.28268161265885566,0.06505612787709819,4425,73,0.016497175141242937
144,43,mae_constant,3,overall,4983,71,10.0,False,1.6614986695867069,0.23028976711248753,-0.45761021480590913,0.006476272999079476,4425,85,0.0192090395480226
144,43,mae_constant,3,q90,558,47,10.0,False,6.869503616374964,0.47070967032466204,-5.900412641613779,-0.4028684294873964,0,0,
144,43,mae_constant,3,nontail,4425,70,10.0,False,1.0047604186696792,0.19997240982607095,0.2287363963034223,0.05809533378720457,4425,85,0.0192090395480226
144,43,mae_constant,5,overall,4983,71,10.0,False,1.635820162629866,0.22610594033144518,-0.4633940853087508,0.004496560075376466,4425,92,0.0207909604519774
144,43,mae_constant,5,q90,558,47,10.0,False,6.69067609594911,0.45432518188212784,-5.8776317370435605,-0.39645890141437956,0,0,
144,43,mae_constant,5,nontail,4425,70,10.0,False,0.9983942618858801,0.19732710715963026,0.21935045924899477,0.05505772335476265,4425,92,0.0207909604519774
144,43,mae_gru_tuned_anchor,0,overall,4983,71,10.0,False,1.9090571225528814,0.2743352401745305,-0.48020426826535334,0.006064066827288147,4425,73,0.016497175141242937
144,43,mae_gru_tuned_anchor,0,q90,558,47,10.0,False,7.361666890234212,0.5201420383404767,-6.529971334734215,-0.46174932053007645,0,0,
144,43,mae_gru_tuned_anchor,0,nontail,4425,70,10.0,False,1.2214737891367953,0.24333858630411279,0.28268161265885566,0.06505612787709819,4425,73,0.016497175141242937
144,43,mae_gru_tuned_anchor,1,overall,4983,71,10.0,False,1.9090571225528814,0.2743352401745305,-0.48020426826535334,0.006064066827288147,4425,73,0.016497175141242937
144,43,mae_gru_tuned_anchor,1,q90,558,47,10.0,False,7.361666890234212,0.5201420383404767,-6.529971334734215,-0.46174932053007645,0,0,
144,43,mae_gru_tuned_anchor,1,nontail,4425,70,10.0,False,1.2214737891367953,0.24333858630411279,0.28268161265885566,0.06505612787709819,4425,73,0.016497175141242937
144,43,mae_gru_tuned_anchor,3,overall,4983,71,10.0,False,1.6528639490033836,0.22902862022191622,-0.4712605199457981,0.00206831017347162,4425,86,0.01943502824858757
144,43,mae_gru_tuned_anchor,3,q90,558,47,10.0,False,6.852958146330978,0.467839904051287,-5.884515825185927,-0.40018455248499435,0,0,
144,43,mae_gru_tuned_anchor,3,nontail,4425,70,10.0,False,0.9971232570013955,0.19891411256614472,0.2113601490539741,0.05279307793921718,4425,86,0.01943502824858757
144,43,mae_gru_tuned_anchor,5,overall,4983,71,10.0,False,1.5897179572305595,0.2160439421590865,-0.4252648523277332,0.0006986152292992116,4425,107,0.02418079096045198
144,43,mae_gru_tuned_anchor,5,q90,558,47,10.0,False,6.454789290717587,0.43255776922797945,-5.472454020967463,-0.36422269894730547,0,0,
144,43,mae_gru_tuned_anchor,5,nontail,4425,70,10.0,False,0.9762242161942294,0.18874118159311082,0.21119425639564976,0.04671581145767105,4425,107,0.02418079096045198
144,43,mae_integrated_constant,0,overall,4983,71,10.0,False,1.902033985008227,0.27227665638902093,-0.48528315928046134,0.005465532022229087,4425,77,0.017401129943502826
144,43,mae_integrated_constant,0,q90,558,47,10.0,False,7.3167414553434424,0.5150234665425338,-6.48986333439788,-0.45690164771995523,0,0,
144,43,mae_integrated_constant,0,nontail,4425,70,10.0,False,1.2192301955286677,0.2416658721933915,0.2719045780563793,0.06377081706090452,4425,77,0.017401129943502826
144,43,mae_integrated_constant,1,overall,4983,71,10.0,False,1.902033985008227,0.27227665638902093,-0.48528315928046134,0.005465532022229087,4425,77,0.017401129943502826
144,43,mae_integrated_constant,1,q90,558,47,10.0,False,7.3167414553434424,0.5150234665425338,-6.48986333439788,-0.45690164771995523,0,0,
144,43,mae_integrated_constant,1,nontail,4425,70,10.0,False,1.2192301955286677,0.2416658721933915,0.2719045780563793,0.06377081706090452,4425,77,0.017401129943502826
144,43,mae_integrated_constant,3,overall,4983,71,10.0,False,1.6614986695867069,0.23028976711248753,-0.45761021480590913,0.006476272999079476,4425,85,0.0192090395480226
144,43,mae_integrated_constant,3,q90,558,47,10.0,False,6.869503616374964,0.47070967032466204,-5.900412641613779,-0.4028684294873964,0,0,
144,43,mae_integrated_constant,3,nontail,4425,70,10.0,False,1.0047604186696792,0.19997240982607095,0.2287363963034223,0.05809533378720457,4425,85,0.0192090395480226
144,43,mae_integrated_constant,5,overall,4983,71,10.0,False,1.635820162629866,0.22610594033144518,-0.4633940853087508,0.004496560075376466,4425,92,0.0207909604519774
144,43,mae_integrated_constant,5,q90,558,47,10.0,False,6.69067609594911,0.45432518188212784,-5.8776317370435605,-0.39645890141437956,0,0,
144,43,mae_integrated_constant,5,nontail,4425,70,10.0,False,0.9983942618858801,0.19732710715963026,0.21935045924899477,0.05505772335476265,4425,92,0.0207909604519774
144,43,mae_integrated_gru_tuned_anchor,0,overall,4983,71,10.0,False,1.902033985008227,0.27227665638902093,-0.48528315928046134,0.005465532022229087,4425,77,0.017401129943502826
144,43,mae_integrated_gru_tuned_anchor,0,q90,558,47,10.0,False,7.3167414553434424,0.5150234665425338,-6.48986333439788,-0.45690164771995523,0,0,
144,43,mae_integrated_gru_tuned_anchor,0,nontail,4425,70,10.0,False,1.2192301955286677,0.2416658721933915,0.2719045780563793,0.06377081706090452,4425,77,0.017401129943502826
144,43,mae_integrated_gru_tuned_anchor,1,overall,4983,71,10.0,False,1.902033985008227,0.27227665638902093,-0.48528315928046134,0.005465532022229087,4425,77,0.017401129943502826
144,43,mae_integrated_gru_tuned_anchor,1,q90,558,47,10.0,False,7.3167414553434424,0.5150234665425338,-6.48986333439788,-0.45690164771995523,0,0,
144,43,mae_integrated_gru_tuned_anchor,1,nontail,4425,70,10.0,False,1.2192301955286677,0.2416658721933915,0.2719045780563793,0.06377081706090452,4425,77,0.017401129943502826
144,43,mae_integrated_gru_tuned_anchor,3,overall,4983,71,10.0,False,1.6459222566939886,0.22768641091475905,-0.478676842881781,0.0012854374798842386,4425,89,0.020112994350282486
144,43,mae_integrated_gru_tuned_anchor,3,q90,558,47,10.0,False,6.8345615835423175,0.4658272283873297,-5.873698425017961,-0.3985152624720009,0,0,
144,43,mae_integrated_gru_tuned_anchor,3,nontail,4425,70,10.0,False,0.9916260432744703,0.19765645020296374,0.2016445227299679,0.051700983372121964,4425,89,0.020112994350282486
144,43,mae_integrated_gru_tuned_anchor,5,overall,4983,71,10.0,False,1.5897179572305595,0.2160439421590865,-0.4252648523277332,0.0006986152292992116,4425,107,0.02418079096045198
144,43,mae_integrated_gru_tuned_anchor,5,q90,558,47,10.0,False,6.454789290717587,0.43255776922797945,-5.472454020967463,-0.36422269894730547,0,0,
144,43,mae_integrated_gru_tuned_anchor,5,nontail,4425,70,10.0,False,0.9762242161942294,0.18874118159311082,0.21119425639564976,0.04671581145767105,4425,107,0.02418079096045198
144,43,prior_ecological_affine_constant,0,overall,4983,71,10.0,False,1.943087309139971,0.2831332748093508,-0.4622367763866286,0.011717855434916003,4425,78,0.017627118644067796
144,43,prior_ecological_affine_constant,0,q90,558,47,10.0,False,7.232983793294629,0.505978076633407,-6.387040999197982,-0.4464571112151339,0,0,
144,43,prior_ecological_affine_constant,0,nontail,4425,70,10.0,False,1.2760223965618243,0.2550321675962834,0.2848910781509388,0.06949449529722737,4425,78,0.017627118644067796
144,43,prior_ecological_affine_constant,1,overall,4983,71,10.0,False,1.943087309139971,0.2831332748093508,-0.4622367763866286,0.011717855434916003,4425,78,0.017627118644067796
144,43,prior_ecological_affine_constant,1,q90,558,47,10.0,False,7.232983793294629,0.505978076633407,-6.387040999197982,-0.4464571112151339,0,0,
144,43,prior_ecological_affine_constant,1,nontail,4425,70,10.0,False,1.2760223965618243,0.2550321675962834,0.2848910781509388,0.06949449529722737,4425,78,0.017627118644067796
144,43,prior_ecological_affine_constant,3,overall,4983,71,10.0,False,1.6656410227792517,0.23298779165740613,-0.4488344306149847,0.01366935123372704,4425,87,0.01966101694915254
144,43,prior_ecological_affine_constant,3,q90,558,47,10.0,False,6.845371057743064,0.4679134082811253,-5.870537013066542,-0.3995195086376827,0,0,
144,43,prior_ecological_affine_constant,3,nontail,4425,70,10.0,False,1.0124682861668657,0.20336327322214393,0.23485145435856758,0.06577316678361328,4425,87,0.01966101694915254
144,43,prior_ecological_affine_constant,5,overall,4983,71,10.0,False,1.6505637198869123,0.230452369918208,-0.44632265663640075,0.012750253855204013,4425,92,0.0207909604519774
144,43,prior_ecological_affine_constant,5,q90,558,47,10.0,False,6.669995266877078,0.4518440048300814,-5.839536034266538,-0.39257478537316687,0,0,
144,43,prior_ecological_affine_constant,5,nontail,4425,70,10.0,False,1.0176048943003557,0.20253450951576157,0.2337706913223827,0.0638624282934935,4425,92,0.0207909604519774
144,43,prior_ecological_affine_gru_tuned_anchor,0,overall,4983,71,10.0,False,1.943087309139971,0.2831332748093508,-0.4622367763866286,0.011717855434916003,4425,78,0.017627118644067796
144,43,prior_ecological_affine_gru_tuned_anchor,0,q90,558,47,10.0,False,7.232983793294629,0.505978076633407,-6.387040999197982,-0.4464571112151339,0,0,
144,43,prior_ecological_affine_gru_tuned_anchor,0,nontail,4425,70,10.0,False,1.2760223965618243,0.2550321675962834,0.2848910781509388,0.06949449529722737,4425,78,0.017627118644067796
144,43,prior_ecological_affine_gru_tuned_anchor,1,overall,4983,71,10.0,False,1.943087309139971,0.2831332748093508,-0.4622367763866286,0.011717855434916003,4425,78,0.017627118644067796
144,43,prior_ecological_affine_gru_tuned_anchor,1,q90,558,47,10.0,False,7.232983793294629,0.505978076633407,-6.387040999197982,-0.4464571112151339,0,0,
144,43,prior_ecological_affine_gru_tuned_anchor,1,nontail,4425,70,10.0,False,1.2760223965618243,0.2550321675962834,0.2848910781509388,0.06949449529722737,4425,78,0.017627118644067796
144,43,prior_ecological_affine_gru_tuned_anchor,3,overall,4983,71,10.0,False,1.656088284864569,0.23142652259880836,-0.46421620452964957,0.008882885301369246,4425,88,0.019887005649717515
144,43,prior_ecological_affine_gru_tuned_anchor,3,q90,558,47,10.0,False,6.832689583343058,0.4655387063104014,-5.856622868321948,-0.3972152900200814,0,0,
144,43,prior_ecological_affine_gru_tuned_anchor,3,nontail,4425,70,10.0,False,1.0033100872259255,0.20190457943246512,0.21577541544687096,0.06009255351139625,4425,88,0.019887005649717515
144,43,prior_ecological_affine_gru_tuned_anchor,5,overall,4983,71,10.0,False,1.5968315403347193,0.2184460422580744,-0.4232878517716215,0.004498139892544924,4425,107,0.02418079096045198
144,43,prior_ecological_affine_gru_tuned_anchor,5,q90,558,47,10.0,False,6.468817600818281,0.43351009620264724,-5.482738964802027,-0.36476745397205196,0,0,
144,43,prior_ecological_affine_gru_tuned_anchor,5,nontail,4425,70,10.0,False,0.9824658405042498,0.19132610054031815,0.2147175089223822,0.0510631571527585,4425,107,0.02418079096045198
144,43,prior_encoder_constant,0,overall,4983,71,10.0,False,1.9362969174587414,0.27876632084914443,-0.2528081406497927,0.032053481309903493,4425,88,0.019887005649717515
144,43,prior_encoder_constant,0,q90,558,47,10.0,False,6.941547359181241,0.47793143978938335,-5.688814778432113,-0.392647742056037,0,0,
144,43,prior_encoder_constant,0,nontail,4425,70,10.0,False,1.305126353282209,0.2536512617827821,0.4326815099451305,0.08560902540893056,4425,88,0.019887005649717515
144,43,prior_encoder_constant,1,overall,4983,71,10.0,False,1.9362969174587414,0.27876632084914443,-0.2528081406497927,0.032053481309903493,4425,88,0.019887005649717515
144,43,prior_encoder_constant,1,q90,558,47,10.0,False,6.941547359181241,0.47793143978938335,-5.688814778432113,-0.392647742056037,0,0,
144,43,prior_encoder_constant,1,nontail,4425,70,10.0,False,1.305126353282209,0.2536512617827821,0.4326815099451305,0.08560902540893056,4425,88,0.019887005649717515
144,43,prior_encoder_constant,3,overall,4983,71,10.0,False,1.7615538851239434,0.24865120258829473,-0.3228192920330427,0.02482078241961142,4425,89,0.020112994350282486
144,43,prior_encoder_constant,3,q90,558,47,10.0,False,6.785822563931461,0.46248349437293346,-5.600733124367826,-0.3804145314440788,0,0,
144,43,prior_encoder_constant,3,nontail,4425,70,10.0,False,1.1279850890166905,0.2216865881666386,0.3427345878410385,0.07592164233733777,4425,89,0.020112994350282486
144,43,prior_encoder_constant,5,overall,4983,71,10.0,False,1.645231620290061,0.2287537299657865,-0.355763015952239,0.0162170655726027,4425,103,0.02327683615819209
144,43,prior_encoder_constant,5,q90,558,47,10.0,False,6.4720732094262505,0.43415570211199894,-5.431558542879435,-0.3611860447463049,0,0,
144,43,prior_encoder_constant,5,nontail,4425,70,10.0,False,1.0365587148125481,0.20285219313921327,0.28430340303654633,0.06380823745010562,4425,103,0.02327683615819209
144,43,prior_encoder_gru_tuned_anchor,0,overall,4983,71,10.0,False,1.9362969174587414,0.27876632084914443,-0.2528081406497927,0.032053481309903493,4425,88,0.019887005649717515
144,43,prior_encoder_gru_tuned_anchor,0,q90,558,47,10.0,False,6.941547359181241,0.47793143978938335,-5.688814778432113,-0.392647742056037,0,0,
144,43,prior_encoder_gru_tuned_anchor,0,nontail,4425,70,10.0,False,1.305126353282209,0.2536512617827821,0.4326815099451305,0.08560902540893056,4425,88,0.019887005649717515
144,43,prior_encoder_gru_tuned_anchor,1,overall,4983,71,10.0,False,1.9362969174587414,0.27876632084914443,-0.2528081406497927,0.032053481309903493,4425,88,0.019887005649717515
144,43,prior_encoder_gru_tuned_anchor,1,q90,558,47,10.0,False,6.941547359181241,0.47793143978938335,-5.688814778432113,-0.392647742056037,0,0,
144,43,prior_encoder_gru_tuned_anchor,1,nontail,4425,70,10.0,False,1.305126353282209,0.2536512617827821,0.4326815099451305,0.08560902540893056,4425,88,0.019887005649717515
144,43,prior_encoder_gru_tuned_anchor,3,overall,4983,71,10.0,False,1.6566493743281374,0.23000911875492314,-0.37080176173827356,0.012954147397134158,4425,93,0.021016949152542375
144,43,prior_encoder_gru_tuned_anchor,3,q90,558,47,10.0,False,6.666718712487847,0.4492037560294025,-5.448357434550614,-0.365564448867917,0,0,
144,43,prior_encoder_gru_tuned_anchor,3,nontail,4425,70,10.0,False,1.024871139143252,0.2023683034782769,0.2694866146299267,0.06068598394309993,4425,93,0.021016949152542375
144,43,prior_encoder_gru_tuned_anchor,5,overall,4983,71,10.0,False,1.6360901056663955,0.22734120823740558,-0.3706435062996761,0.012977342429644524,4425,103,0.02327683615819209
144,43,prior_encoder_gru_tuned_anchor,5,q90,558,47,10.0,False,6.471620130300337,0.43434518369017266,-5.436307646856311,-0.36173801764786107,0,0,
144,43,prior_encoder_gru_tuned_anchor,5,nontail,4425,70,10.0,False,1.0263215737464546,0.20123765607861593,0.26814532769594035,0.06022958444619777,4425,103,0.02327683615819209
144,43,prior_encoder_integrated_constant,0,overall,4983,71,10.0,False,1.9362969174587414,0.27876632084914443,-0.2528081406497927,0.032053481309903493,4425,88,0.019887005649717515
144,43,prior_encoder_integrated_constant,0,q90,558,47,10.0,False,6.941547359181241,0.47793143978938335,-5.688814778432113,-0.392647742056037,0,0,
144,43,prior_encoder_integrated_constant,0,nontail,4425,70,10.0,False,1.305126353282209,0.2536512617827821,0.4326815099451305,0.08560902540893056,4425,88,0.019887005649717515
144,43,prior_encoder_integrated_constant,1,overall,4983,71,10.0,False,1.9362969174587414,0.27876632084914443,-0.2528081406497927,0.032053481309903493,4425,88,0.019887005649717515
144,43,prior_encoder_integrated_constant,1,q90,558,47,10.0,False,6.941547359181241,0.47793143978938335,-5.688814778432113,-0.392647742056037,0,0,
144,43,prior_encoder_integrated_constant,1,nontail,4425,70,10.0,False,1.305126353282209,0.2536512617827821,0.4326815099451305,0.08560902540893056,4425,88,0.019887005649717515
144,43,prior_encoder_integrated_constant,3,overall,4983,71,10.0,False,1.7615538851239434,0.24865120258829473,-0.3228192920330427,0.02482078241961142,4425,89,0.020112994350282486
144,43,prior_encoder_integrated_constant,3,q90,558,47,10.0,False,6.785822563931461,0.46248349437293346,-5.600733124367826,-0.3804145314440788,0,0,
144,43,prior_encoder_integrated_constant,3,nontail,4425,70,10.0,False,1.1279850890166905,0.2216865881666386,0.3427345878410385,0.07592164233733777,4425,89,0.020112994350282486
144,43,prior_encoder_integrated_constant,5,overall,4983,71,10.0,False,1.645231620290061,0.2287537299657865,-0.355763015952239,0.0162170655726027,4425,103,0.02327683615819209
144,43,prior_encoder_integrated_constant,5,q90,558,47,10.0,False,6.4720732094262505,0.43415570211199894,-5.431558542879435,-0.3611860447463049,0,0,
144,43,prior_encoder_integrated_constant,5,nontail,4425,70,10.0,False,1.0365587148125481,0.20285219313921327,0.28430340303654633,0.06380823745010562,4425,103,0.02327683615819209
144,43,prior_encoder_integrated_gru_tuned_anchor,0,overall,4983,71,10.0,False,1.9362969174587414,0.27876632084914443,-0.2528081406497927,0.032053481309903493,4425,88,0.019887005649717515
144,43,prior_encoder_integrated_gru_tuned_anchor,0,q90,558,47,10.0,False,6.941547359181241,0.47793143978938335,-5.688814778432113,-0.392647742056037,0,0,
144,43,prior_encoder_integrated_gru_tuned_anchor,0,nontail,4425,70,10.0,False,1.305126353282209,0.2536512617827821,0.4326815099451305,0.08560902540893056,4425,88,0.019887005649717515
144,43,prior_encoder_integrated_gru_tuned_anchor,1,overall,4983,71,10.0,False,1.9362969174587414,0.27876632084914443,-0.2528081406497927,0.032053481309903493,4425,88,0.019887005649717515
144,43,prior_encoder_integrated_gru_tuned_anchor,1,q90,558,47,10.0,False,6.941547359181241,0.47793143978938335,-5.688814778432113,-0.392647742056037,0,0,
144,43,prior_encoder_integrated_gru_tuned_anchor,1,nontail,4425,70,10.0,False,1.305126353282209,0.2536512617827821,0.4326815099451305,0.08560902540893056,4425,88,0.019887005649717515
144,43,prior_encoder_integrated_gru_tuned_anchor,3,overall,4983,71,10.0,False,1.648795189528237,0.2286125437618584,-0.4035110947287588,0.009309294632014579,4425,92,0.0207909604519774
144,43,prior_encoder_integrated_gru_tuned_anchor,3,q90,558,47,10.0,False,6.691063921113073,0.45159208207100016,-5.545915282241422,-0.372457271922893,0,0,
144,43,prior_encoder_integrated_gru_tuned_anchor,3,nontail,4425,70,10.0,False,1.0129565562572,0.20049444604965477,0.244954789255889,0.057450705736565646,4425,92,0.0207909604519774
144,43,prior_encoder_integrated_gru_tuned_anchor,5,overall,4983,71,10.0,False,1.6360901056663955,0.22734120823740558,-0.3706435062996761,0.012977342429644524,4425,103,0.02327683615819209
144,43,prior_encoder_integrated_gru_tuned_anchor,5,q90,558,47,10.0,False,6.471620130300337,0.43434518369017266,-5.436307646856311,-0.36173801764786107,0,0,
144,43,prior_encoder_integrated_gru_tuned_anchor,5,nontail,4425,70,10.0,False,1.0263215737464546,0.20123765607861593,0.26814532769594035,0.06022958444619777,4425,103,0.02327683615819209
144,43,selective_constant,0,overall,4983,71,10.0,False,1.9334508233052785,0.2773222473298933,-0.3974048074460891,0.025568145033789454,4425,77,0.017401129943502826
144,43,selective_constant,0,q90,558,47,10.0,False,7.2428061656270755,0.5073293302308987,-6.296864808618647,-0.44143503002321427,0,0,
144,43,selective_constant,0,nontail,4425,70,10.0,False,1.26393211573114,0.24831796433356318,0.3465270977865182,0.08445803693928282,4425,77,0.017401129943502826
144,43,selective_constant,1,overall,4983,71,10.0,False,1.9334508233052785,0.2773222473298933,-0.3974048074460891,0.025568145033789454,4425,77,0.017401129943502826
144,43,selective_constant,1,q90,558,47,10.0,False,7.2428061656270755,0.5073293302308987,-6.296864808618647,-0.44143503002321427,0,0,
144,43,selective_constant,1,nontail,4425,70,10.0,False,1.26393211573114,0.24831796433356318,0.3465270977865182,0.08445803693928282,4425,77,0.017401129943502826
144,43,selective_constant,3,overall,4983,71,10.0,False,1.6682105531517315,0.23205751655096543,-0.42404261708121266,0.0163424152251709,4425,87,0.01966101694915254
144,43,selective_constant,3,q90,558,47,10.0,False,6.831533862454832,0.46625040013490615,-5.807219181998382,-0.3948165406826445,0,0,
144,43,selective_constant,3,nontail,4425,70,10.0,False,1.0171067324531708,0.20252539699393968,0.25478507178291854,0.0681902564447327,4425,87,0.01966101694915254
144,43,selective_constant,5,overall,4983,71,10.0,False,1.6461918266405764,0.22833544224618463,-0.42699500565710813,0.014685827904788914,4425,93,0.021016949152542375
144,43,selective_constant,5,q90,558,47,10.0,False,6.649660055813759,0.45010787604631,-5.785063557895679,-0.38870949697418666,0,0,
144,43,selective_constant,5,nontail,4425,70,10.0,False,1.0152460024872123,0.2003695624585078,0.2486665202522981,0.06555466209291734,4425,93,0.021016949152542375
144,43,selective_gru_tuned_anchor,0,overall,4983,71,10.0,False,1.9334508233052785,0.2773222473298933,-0.3974048074460891,0.025568145033789454,4425,77,0.017401129943502826
144,43,selective_gru_tuned_anchor,0,q90,558,47,10.0,False,7.2428061656270755,0.5073293302308987,-6.296864808618647,-0.44143503002321427,0,0,
144,43,selective_gru_tuned_anchor,0,nontail,4425,70,10.0,False,1.26393211573114,0.24831796433356318,0.3465270977865182,0.08445803693928282,4425,77,0.017401129943502826
144,43,selective_gru_tuned_anchor,1,overall,4983,71,10.0,False,1.9334508233052785,0.2773222473298933,-0.3974048074460891,0.025568145033789454,4425,77,0.017401129943502826
144,43,selective_gru_tuned_anchor,1,q90,558,47,10.0,False,7.2428061656270755,0.5073293302308987,-6.296864808618647,-0.44143503002321427,0,0,
144,43,selective_gru_tuned_anchor,1,nontail,4425,70,10.0,False,1.26393211573114,0.24831796433356318,0.3465270977865182,0.08445803693928282,4425,77,0.017401129943502826
144,43,selective_gru_tuned_anchor,3,overall,4983,71,10.0,False,1.6591928507779017,0.23057330996487235,-0.4403079232381062,0.011487796503039377,4425,89,0.020112994350282486
144,43,selective_gru_tuned_anchor,3,q90,558,47,10.0,False,6.817890442158221,0.4638275628854881,-5.793252662622857,-0.39251614184020533,0,0,
144,43,selective_gru_tuned_anchor,3,nontail,4425,70,10.0,False,1.008672340949604,0.20115955332539132,0.23470748118600482,0.0624333778805604,4425,89,0.020112994350282486
144,43,selective_gru_tuned_anchor,5,overall,4983,71,10.0,False,1.6019546015330972,0.21869351241329843,-0.40998288491730933,0.006024371036094246,4425,110,0.024858757062146894
144,43,selective_gru_tuned_anchor,5,q90,558,47,10.0,False,6.4605468468774765,0.43271360342529047,-5.455744585776259,-0.362863260020191,0,0,
144,43,selective_gru_tuned_anchor,5,nontail,4425,70,10.0,False,0.9892778844930601,0.1917052161907693,0.22629621769948025,0.052541726545564785,4425,110,0.024858757062146894
144,43,selective_integrated_constant,0,overall,4983,71,10.0,False,1.9278648166965504,0.277212047038976,-0.423183563666013,0.019439367214809808,4425,78,0.017627118644067796
144,43,selective_integrated_constant,0,q90,558,47,10.0,False,7.228030563774497,0.5056973787613263,-6.315033439811203,-0.4418886338722974,0,0,
144,43,selective_integrated_constant,0,nontail,4425,70,10.0,False,1.259504932658247,0.2483996594455135,0.31978869190212617,0.07761361006376029,4425,78,0.017627118644067796
144,43,selective_integrated_constant,1,overall,4983,71,10.0,False,1.9278648166965504,0.277212047038976,-0.423183563666013,0.019439367214809808,4425,78,0.017627118644067796
144,43,selective_integrated_constant,1,q90,558,47,10.0,False,7.228030563774497,0.5056973787613263,-6.315033439811203,-0.4418886338722974,0,0,
144,43,selective_integrated_constant,1,nontail,4425,70,10.0,False,1.259504932658247,0.2483996594455135,0.31978869190212617,0.07761361006376029,4425,78,0.017627118644067796
144,43,selective_integrated_constant,3,overall,4983,71,10.0,False,1.6682105531517315,0.23205751655096543,-0.42404261708121266,0.0163424152251709,4425,87,0.01966101694915254
144,43,selective_integrated_constant,3,q90,558,47,10.0,False,6.831533862454832,0.46625040013490615,-5.807219181998382,-0.3948165406826445,0,0,
144,43,selective_integrated_constant,3,nontail,4425,70,10.0,False,1.0171067324531708,0.20252539699393968,0.25478507178291854,0.0681902564447327,4425,87,0.01966101694915254
144,43,selective_integrated_constant,5,overall,4983,71,10.0,False,1.6461918266405764,0.22833544224618463,-0.42699500565710813,0.014685827904788914,4425,93,0.021016949152542375
144,43,selective_integrated_constant,5,q90,558,47,10.0,False,6.649660055813759,0.45010787604631,-5.785063557895679,-0.38870949697418666,0,0,
144,43,selective_integrated_constant,5,nontail,4425,70,10.0,False,1.0152460024872123,0.2003695624585078,0.2486665202522981,0.06555466209291734,4425,93,0.021016949152542375
144,43,selective_integrated_gru_tuned_anchor,0,overall,4983,71,10.0,False,1.9278648166965504,0.277212047038976,-0.423183563666013,0.019439367214809808,4425,78,0.017627118644067796
144,43,selective_integrated_gru_tuned_anchor,0,q90,558,47,10.0,False,7.228030563774497,0.5056973787613263,-6.315033439811203,-0.4418886338722974,0,0,
144,43,selective_integrated_gru_tuned_anchor,0,nontail,4425,70,10.0,False,1.259504932658247,0.2483996594455135,0.31978869190212617,0.07761361006376029,4425,78,0.017627118644067796
144,43,selective_integrated_gru_tuned_anchor,1,overall,4983,71,10.0,False,1.9278648166965504,0.277212047038976,-0.423183563666013,0.019439367214809808,4425,78,0.017627118644067796
144,43,selective_integrated_gru_tuned_anchor,1,q90,558,47,10.0,False,7.228030563774497,0.5056973787613263,-6.315033439811203,-0.4418886338722974,0,0,
144,43,selective_integrated_gru_tuned_anchor,1,nontail,4425,70,10.0,False,1.259504932658247,0.2483996594455135,0.31978869190212617,0.07761361006376029,4425,78,0.017627118644067796
144,43,selective_integrated_gru_tuned_anchor,3,overall,4983,71,10.0,False,1.6591928507779017,0.23057330996487235,-0.4403079232381062,0.011487796503039377,4425,89,0.020112994350282486
144,43,selective_integrated_gru_tuned_anchor,3,q90,558,47,10.0,False,6.817890442158221,0.4638275628854881,-5.793252662622857,-0.39251614184020533,0,0,
144,43,selective_integrated_gru_tuned_anchor,3,nontail,4425,70,10.0,False,1.008672340949604,0.20115955332539132,0.23470748118600482,0.0624333778805604,4425,89,0.020112994350282486
144,43,selective_integrated_gru_tuned_anchor,5,overall,4983,71,10.0,False,1.6019546015330972,0.21869351241329843,-0.40998288491730933,0.006024371036094246,4425,110,0.024858757062146894
144,43,selective_integrated_gru_tuned_anchor,5,q90,558,47,10.0,False,6.4605468468774765,0.43271360342529047,-5.455744585776259,-0.362863260020191,0,0,
144,43,selective_integrated_gru_tuned_anchor,5,nontail,4425,70,10.0,False,0.9892778844930601,0.1917052161907693,0.22629621769948025,0.052541726545564785,4425,110,0.024858757062146894
144,43,station_constant,0,overall,4983,71,10.0,False,1.9875731870633118,0.2917882922141218,-0.2937703200225662,0.0292340072183137,4425,85,0.0192090395480226
144,43,station_constant,0,q90,558,47,10.0,False,7.035110933878114,0.48694917456055903,-5.950280967253846,-0.4119810649771334,0,0,
144,43,station_constant,0,nontail,4425,70,10.0,False,1.3510701220412418,0.26717817416907963,0.4195252598994799,0.08487197564431583,4425,85,0.0192090395480226
144,43,station_constant,1,overall,4983,71,10.0,False,1.9875731870633118,0.2917882922141218,-0.2937703200225662,0.0292340072183137,4425,85,0.0192090395480226
144,43,station_constant,1,q90,558,47,10.0,False,7.035110933878114,0.48694917456055903,-5.950280967253846,-0.4119810649771334,0,0,
144,43,station_constant,1,nontail,4425,70,10.0,False,1.3510701220412418,0.26717817416907963,0.4195252598994799,0.08487197564431583,4425,85,0.0192090395480226
144,43,station_constant,3,overall,4983,71,10.0,False,1.6714496624941413,0.23368935096883556,-0.39423144657729453,0.014480561173412568,4425,91,0.02056497175141243
144,43,station_constant,3,q90,558,47,10.0,False,6.731504898509173,0.4565978758788,-5.628738083041878,-0.37997010068065107,0,0,
144,43,station_constant,3,nontail,4425,70,10.0,False,1.0333681208678394,0.20558020816662986,0.265848712326036,0.06422145819365381,4425,91,0.02056497175141243
144,43,station_constant,5,overall,4983,71,10.0,False,1.660130658327345,0.2326313039775298,-0.38784792586941974,0.013983031282075583,4425,98,0.02214689265536723
144,43,station_constant,5,q90,558,47,10.0,False,6.531737851253137,0.43913676438143046,-5.588133252857025,-0.3723907178595846,0,0,
144,43,station_constant,5,nontail,4425,70,10.0,False,1.0458127343380588,0.20659061541134305,0.2679168679066445,0.06270541591960019,4425,98,0.02214689265536723
144,43,station_gru_tuned_anchor,0,overall,4983,71,10.0,False,1.9875731870633118,0.2917882922141218,-0.2937703200225662,0.0292340072183137,4425,85,0.0192090395480226
144,43,station_gru_tuned_anchor,0,q90,558,47,10.0,False,7.035110933878114,0.48694917456055903,-5.950280967253846,-0.4119810649771334,0,0,
144,43,station_gru_tuned_anchor,0,nontail,4425,70,10.0,False,1.3510701220412418,0.26717817416907963,0.4195252598994799,0.08487197564431583,4425,85,0.0192090395480226
144,43,station_gru_tuned_anchor,1,overall,4983,71,10.0,False,1.9875731870633118,0.2917882922141218,-0.2937703200225662,0.0292340072183137,4425,85,0.0192090395480226
144,43,station_gru_tuned_anchor,1,q90,558,47,10.0,False,7.035110933878114,0.48694917456055903,-5.950280967253846,-0.4119810649771334,0,0,
144,43,station_gru_tuned_anchor,1,nontail,4425,70,10.0,False,1.3510701220412418,0.26717817416907963,0.4195252598994799,0.08487197564431583,4425,85,0.0192090395480226
144,43,station_gru_tuned_anchor,3,overall,4983,71,10.0,False,1.6615596666205739,0.23211870795021738,-0.40835554474319513,0.00995580963882917,4425,92,0.0207909604519774
144,43,station_gru_tuned_anchor,3,q90,558,47,10.0,False,6.716654331687769,0.4539910392288951,-5.612458215266059,-0.3774331297596556,0,0,
144,43,station_gru_tuned_anchor,3,nontail,4425,70,10.0,False,1.0241036613985415,0.2041402309211773,0.24789062252273908,0.058806211488400824,4425,92,0.0207909604519774
144,43,station_gru_tuned_anchor,5,overall,4983,71,10.0,False,1.651192973467535,0.23130932803994603,-0.401876666985074,0.010838976188623266,4425,101,0.022824858757062146
144,43,station_gru_tuned_anchor,5,q90,558,47,10.0,False,6.529624324612961,0.4392397794117493,-5.592199222145566,-0.3729327385448183,0,0,
144,43,station_gru_tuned_anchor,5,nontail,4425,70,10.0,False,1.0360145115603834,0.20508894569746774,0.2526318043775373,0.059233239877043695,4425,101,0.022824858757062146
144,43,station_integrated_constant,0,overall,4983,71,10.0,False,1.9875731870633118,0.2917882922141218,-0.2937703200225662,0.0292340072183137,4425,85,0.0192090395480226
144,43,station_integrated_constant,0,q90,558,47,10.0,False,7.035110933878114,0.48694917456055903,-5.950280967253846,-0.4119810649771334,0,0,
144,43,station_integrated_constant,0,nontail,4425,70,10.0,False,1.3510701220412418,0.26717817416907963,0.4195252598994799,0.08487197564431583,4425,85,0.0192090395480226
144,43,station_integrated_constant,1,overall,4983,71,10.0,False,1.9875731870633118,0.2917882922141218,-0.2937703200225662,0.0292340072183137,4425,85,0.0192090395480226
144,43,station_integrated_constant,1,q90,558,47,10.0,False,7.035110933878114,0.48694917456055903,-5.950280967253846,-0.4119810649771334,0,0,
144,43,station_integrated_constant,1,nontail,4425,70,10.0,False,1.3510701220412418,0.26717817416907963,0.4195252598994799,0.08487197564431583,4425,85,0.0192090395480226
144,43,station_integrated_constant,3,overall,4983,71,10.0,False,1.6714496624941413,0.23368935096883556,-0.39423144657729453,0.014480561173412568,4425,91,0.02056497175141243
144,43,station_integrated_constant,3,q90,558,47,10.0,False,6.731504898509173,0.4565978758788,-5.628738083041878,-0.37997010068065107,0,0,
144,43,station_integrated_constant,3,nontail,4425,70,10.0,False,1.0333681208678394,0.20558020816662986,0.265848712326036,0.06422145819365381,4425,91,0.02056497175141243
144,43,station_integrated_constant,5,overall,4983,71,10.0,False,1.660130658327345,0.2326313039775298,-0.38784792586941974,0.013983031282075583,4425,98,0.02214689265536723
144,43,station_integrated_constant,5,q90,558,47,10.0,False,6.531737851253137,0.43913676438143046,-5.588133252857025,-0.3723907178595846,0,0,
144,43,station_integrated_constant,5,nontail,4425,70,10.0,False,1.0458127343380588,0.20659061541134305,0.2679168679066445,0.06270541591960019,4425,98,0.02214689265536723
144,43,station_integrated_gru_tuned_anchor,0,overall,4983,71,10.0,False,1.9875731870633118,0.2917882922141218,-0.2937703200225662,0.0292340072183137,4425,85,0.0192090395480226
144,43,station_integrated_gru_tuned_anchor,0,q90,558,47,10.0,False,7.035110933878114,0.48694917456055903,-5.950280967253846,-0.4119810649771334,0,0,
144,43,station_integrated_gru_tuned_anchor,0,nontail,4425,70,10.0,False,1.3510701220412418,0.26717817416907963,0.4195252598994799,0.08487197564431583,4425,85,0.0192090395480226
144,43,station_integrated_gru_tuned_anchor,1,overall,4983,71,10.0,False,1.9875731870633118,0.2917882922141218,-0.2937703200225662,0.0292340072183137,4425,85,0.0192090395480226
144,43,station_integrated_gru_tuned_anchor,1,q90,558,47,10.0,False,7.035110933878114,0.48694917456055903,-5.950280967253846,-0.4119810649771334,0,0,
144,43,station_integrated_gru_tuned_anchor,1,nontail,4425,70,10.0,False,1.3510701220412418,0.26717817416907963,0.4195252598994799,0.08487197564431583,4425,85,0.0192090395480226
144,43,station_integrated_gru_tuned_anchor,3,overall,4983,71,10.0,False,1.6615596666205739,0.23211870795021738,-0.40835554474319513,0.00995580963882917,4425,92,0.0207909604519774
144,43,station_integrated_gru_tuned_anchor,3,q90,558,47,10.0,False,6.716654331687769,0.4539910392288951,-5.612458215266059,-0.3774331297596556,0,0,
144,43,station_integrated_gru_tuned_anchor,3,nontail,4425,70,10.0,False,1.0241036613985415,0.2041402309211773,0.24789062252273908,0.058806211488400824,4425,92,0.0207909604519774
144,43,station_integrated_gru_tuned_anchor,5,overall,4983,71,10.0,False,1.651192973467535,0.23130932803994603,-0.401876666985074,0.010838976188623266,4425,101,0.022824858757062146
144,43,station_integrated_gru_tuned_anchor,5,q90,558,47,10.0,False,6.529624324612961,0.4392397794117493,-5.592199222145566,-0.3729327385448183,0,0,
144,43,station_integrated_gru_tuned_anchor,5,nontail,4425,70,10.0,False,1.0360145115603834,0.20508894569746774,0.2526318043775373,0.059233239877043695,4425,101,0.022824858757062146
144,43,tail2_constant,0,overall,4983,71,10.0,False,1.9362969174587414,0.27876632084914443,-0.2528081406497927,0.032053481309903493,4425,88,0.019887005649717515
144,43,tail2_constant,0,q90,558,47,10.0,False,6.941547359181241,0.47793143978938335,-5.688814778432113,-0.392647742056037,0,0,
144,43,tail2_constant,0,nontail,4425,70,10.0,False,1.305126353282209,0.2536512617827821,0.4326815099451305,0.08560902540893056,4425,88,0.019887005649717515
144,43,tail2_constant,1,overall,4983,71,10.0,False,1.9362969174587414,0.27876632084914443,-0.2528081406497927,0.032053481309903493,4425,88,0.019887005649717515
144,43,tail2_constant,1,q90,558,47,10.0,False,6.941547359181241,0.47793143978938335,-5.688814778432113,-0.392647742056037,0,0,
144,43,tail2_constant,1,nontail,4425,70,10.0,False,1.305126353282209,0.2536512617827821,0.4326815099451305,0.08560902540893056,4425,88,0.019887005649717515
144,43,tail2_constant,3,overall,4983,71,10.0,False,1.7615538851239434,0.24865120258829473,-0.3228192920330427,0.02482078241961142,4425,89,0.020112994350282486
144,43,tail2_constant,3,q90,558,47,10.0,False,6.785822563931461,0.46248349437293346,-5.600733124367826,-0.3804145314440788,0,0,
144,43,tail2_constant,3,nontail,4425,70,10.0,False,1.1279850890166905,0.2216865881666386,0.3427345878410385,0.07592164233733777,4425,89,0.020112994350282486
144,43,tail2_constant,5,overall,4983,71,10.0,False,1.645231620290061,0.2287537299657865,-0.355763015952239,0.0162170655726027,4425,103,0.02327683615819209
144,43,tail2_constant,5,q90,558,47,10.0,False,6.4720732094262505,0.43415570211199894,-5.431558542879435,-0.3611860447463049,0,0,
144,43,tail2_constant,5,nontail,4425,70,10.0,False,1.0365587148125481,0.20285219313921327,0.28430340303654633,0.06380823745010562,4425,103,0.02327683615819209
144,43,tail2_gru_tuned_anchor,0,overall,4983,71,10.0,False,1.9362969174587414,0.27876632084914443,-0.2528081406497927,0.032053481309903493,4425,88,0.019887005649717515
144,43,tail2_gru_tuned_anchor,0,q90,558,47,10.0,False,6.941547359181241,0.47793143978938335,-5.688814778432113,-0.392647742056037,0,0,
144,43,tail2_gru_tuned_anchor,0,nontail,4425,70,10.0,False,1.305126353282209,0.2536512617827821,0.4326815099451305,0.08560902540893056,4425,88,0.019887005649717515
144,43,tail2_gru_tuned_anchor,1,overall,4983,71,10.0,False,1.9362969174587414,0.27876632084914443,-0.2528081406497927,0.032053481309903493,4425,88,0.019887005649717515
144,43,tail2_gru_tuned_anchor,1,q90,558,47,10.0,False,6.941547359181241,0.47793143978938335,-5.688814778432113,-0.392647742056037,0,0,
144,43,tail2_gru_tuned_anchor,1,nontail,4425,70,10.0,False,1.305126353282209,0.2536512617827821,0.4326815099451305,0.08560902540893056,4425,88,0.019887005649717515
144,43,tail2_gru_tuned_anchor,3,overall,4983,71,10.0,False,1.6566493743281374,0.23000911875492314,-0.37080176173827356,0.012954147397134158,4425,93,0.021016949152542375
144,43,tail2_gru_tuned_anchor,3,q90,558,47,10.0,False,6.666718712487847,0.4492037560294025,-5.448357434550614,-0.365564448867917,0,0,
144,43,tail2_gru_tuned_anchor,3,nontail,4425,70,10.0,False,1.024871139143252,0.2023683034782769,0.2694866146299267,0.06068598394309993,4425,93,0.021016949152542375
144,43,tail2_gru_tuned_anchor,5,overall,4983,71,10.0,False,1.6360901056663955,0.22734120823740558,-0.3706435062996761,0.012977342429644524,4425,103,0.02327683615819209
144,43,tail2_gru_tuned_anchor,5,q90,558,47,10.0,False,6.471620130300337,0.43434518369017266,-5.436307646856311,-0.36173801764786107,0,0,
144,43,tail2_gru_tuned_anchor,5,nontail,4425,70,10.0,False,1.0263215737464546,0.20123765607861593,0.26814532769594035,0.06022958444619777,4425,103,0.02327683615819209
144,43,tail2_integrated_constant,0,overall,4983,71,10.0,False,1.9362969174587414,0.27876632084914443,-0.2528081406497927,0.032053481309903493,4425,88,0.019887005649717515
144,43,tail2_integrated_constant,0,q90,558,47,10.0,False,6.941547359181241,0.47793143978938335,-5.688814778432113,-0.392647742056037,0,0,
144,43,tail2_integrated_constant,0,nontail,4425,70,10.0,False,1.305126353282209,0.2536512617827821,0.4326815099451305,0.08560902540893056,4425,88,0.019887005649717515
144,43,tail2_integrated_constant,1,overall,4983,71,10.0,False,1.9362969174587414,0.27876632084914443,-0.2528081406497927,0.032053481309903493,4425,88,0.019887005649717515
144,43,tail2_integrated_constant,1,q90,558,47,10.0,False,6.941547359181241,0.47793143978938335,-5.688814778432113,-0.392647742056037,0,0,
144,43,tail2_integrated_constant,1,nontail,4425,70,10.0,False,1.305126353282209,0.2536512617827821,0.4326815099451305,0.08560902540893056,4425,88,0.019887005649717515
144,43,tail2_integrated_constant,3,overall,4983,71,10.0,False,1.7615538851239434,0.24865120258829473,-0.3228192920330427,0.02482078241961142,4425,89,0.020112994350282486
144,43,tail2_integrated_constant,3,q90,558,47,10.0,False,6.785822563931461,0.46248349437293346,-5.600733124367826,-0.3804145314440788,0,0,
144,43,tail2_integrated_constant,3,nontail,4425,70,10.0,False,1.1279850890166905,0.2216865881666386,0.3427345878410385,0.07592164233733777,4425,89,0.020112994350282486
144,43,tail2_integrated_constant,5,overall,4983,71,10.0,False,1.645231620290061,0.2287537299657865,-0.355763015952239,0.0162170655726027,4425,103,0.02327683615819209
144,43,tail2_integrated_constant,5,q90,558,47,10.0,False,6.4720732094262505,0.43415570211199894,-5.431558542879435,-0.3611860447463049,0,0,
144,43,tail2_integrated_constant,5,nontail,4425,70,10.0,False,1.0365587148125481,0.20285219313921327,0.28430340303654633,0.06380823745010562,4425,103,0.02327683615819209
144,43,tail2_integrated_gru_tuned_anchor,0,overall,4983,71,10.0,False,1.9362969174587414,0.27876632084914443,-0.2528081406497927,0.032053481309903493,4425,88,0.019887005649717515
144,43,tail2_integrated_gru_tuned_anchor,0,q90,558,47,10.0,False,6.941547359181241,0.47793143978938335,-5.688814778432113,-0.392647742056037,0,0,
144,43,tail2_integrated_gru_tuned_anchor,0,nontail,4425,70,10.0,False,1.305126353282209,0.2536512617827821,0.4326815099451305,0.08560902540893056,4425,88,0.019887005649717515
144,43,tail2_integrated_gru_tuned_anchor,1,overall,4983,71,10.0,False,1.9362969174587414,0.27876632084914443,-0.2528081406497927,0.032053481309903493,4425,88,0.019887005649717515
144,43,tail2_integrated_gru_tuned_anchor,1,q90,558,47,10.0,False,6.941547359181241,0.47793143978938335,-5.688814778432113,-0.392647742056037,0,0,
144,43,tail2_integrated_gru_tuned_anchor,1,nontail,4425,70,10.0,False,1.305126353282209,0.2536512617827821,0.4326815099451305,0.08560902540893056,4425,88,0.019887005649717515
144,43,tail2_integrated_gru_tuned_anchor,3,overall,4983,71,10.0,False,1.648795189528237,0.2286125437618584,-0.4035110947287588,0.009309294632014579,4425,92,0.0207909604519774
144,43,tail2_integrated_gru_tuned_anchor,3,q90,558,47,10.0,False,6.691063921113073,0.45159208207100016,-5.545915282241422,-0.372457271922893,0,0,
144,43,tail2_integrated_gru_tuned_anchor,3,nontail,4425,70,10.0,False,1.0129565562572,0.20049444604965477,0.244954789255889,0.057450705736565646,4425,92,0.0207909604519774
144,43,tail2_integrated_gru_tuned_anchor,5,overall,4983,71,10.0,False,1.6360901056663955,0.22734120823740558,-0.3706435062996761,0.012977342429644524,4425,103,0.02327683615819209
144,43,tail2_integrated_gru_tuned_anchor,5,q90,558,47,10.0,False,6.471620130300337,0.43434518369017266,-5.436307646856311,-0.36173801764786107,0,0,
144,43,tail2_integrated_gru_tuned_anchor,5,nontail,4425,70,10.0,False,1.0263215737464546,0.20123765607861593,0.26814532769594035,0.06022958444619777,4425,103,0.02327683615819209
144,44,context_constant,0,overall,4983,71,10.0,False,1.9942758971023253,0.29232920540648993,-0.20813290200329365,0.06849002111463345,4425,78,0.017627118644067796
144,44,context_constant,0,q90,558,47,10.0,False,7.175607381531261,0.4949368581907186,-6.183371329343051,-0.4256100729385294,0,0,
144,44,context_constant,0,nontail,4425,70,10.0,False,1.3409012149980664,0.2667800369875974,0.5453547912070078,0.13079688043252383,4425,78,0.017627118644067796
144,44,context_constant,1,overall,4983,71,10.0,False,1.9942758971023253,0.29232920540648993,-0.20813290200329365,0.06849002111463345,4425,78,0.017627118644067796
144,44,context_constant,1,q90,558,47,10.0,False,7.175607381531261,0.4949368581907186,-6.183371329343051,-0.4256100729385294,0,0,
144,44,context_constant,1,nontail,4425,70,10.0,False,1.3409012149980664,0.2667800369875974,0.5453547912070078,0.13079688043252383,4425,78,0.017627118644067796
144,44,context_constant,3,overall,4983,71,10.0,False,1.6963005424674351,0.23927331945554786,-0.33351713069781197,0.038673551425580106,4425,88,0.019887005649717515
144,44,context_constant,3,q90,558,47,10.0,False,6.801250919518141,0.46085984225064314,-5.761574567421069,-0.38854269461405766,0,0,
144,44,context_constant,3,nontail,4425,70,10.0,False,1.0525576474630747,0.2113308833607087,0.350970112170341,0.09254624414651069,4425,88,0.019887005649717515
144,44,context_constant,5,overall,4983,71,10.0,False,1.6258584942803693,0.22427011215815731,-0.35555196850957277,0.02083621783250498,4425,108,0.02440677966101695
144,44,context_constant,5,q90,558,47,10.0,False,6.460767866432455,0.43168505811787794,-5.45791607816062,-0.3618774621276192,0,0,
144,44,context_constant,5,nontail,4425,70,10.0,False,1.0161682276903437,0.19811473592188064,0.28786479379218655,0.0690970615427308,4425,108,0.02440677966101695
144,44,context_gru_tuned_anchor,0,overall,4983,71,10.0,False,1.9942758971023253,0.29232920540648993,-0.20813290200329365,0.06849002111463345,4425,78,0.017627118644067796
144,44,context_gru_tuned_anchor,0,q90,558,47,10.0,False,7.175607381531261,0.4949368581907186,-6.183371329343051,-0.4256100729385294,0,0,
144,44,context_gru_tuned_anchor,0,nontail,4425,70,10.0,False,1.3409012149980664,0.2667800369875974,0.5453547912070078,0.13079688043252383,4425,78,0.017627118644067796
144,44,context_gru_tuned_anchor,1,overall,4983,71,10.0,False,1.9942758971023253,0.29232920540648993,-0.20813290200329365,0.06849002111463345,4425,78,0.017627118644067796
144,44,context_gru_tuned_anchor,1,q90,558,47,10.0,False,7.175607381531261,0.4949368581907186,-6.183371329343051,-0.4256100729385294,0,0,
144,44,context_gru_tuned_anchor,1,nontail,4425,70,10.0,False,1.3409012149980664,0.2667800369875974,0.5453547912070078,0.13079688043252383,4425,78,0.017627118644067796
144,44,context_gru_tuned_anchor,3,overall,4983,71,10.0,False,1.693740922868051,0.23835171816985173,-0.3422294936849809,0.03563533334112139,4425,88,0.019887005649717515
144,44,context_gru_tuned_anchor,3,q90,558,47,10.0,False,6.7792985531622865,0.45928552916536647,-5.751080442211202,-0.3878761682760725,0,0,
144,44,context_gru_tuned_anchor,3,nontail,4425,70,10.0,False,1.0524434860987435,0.21049159013923088,0.33983577846815605,0.08904085151115398,4425,88,0.019887005649717515
144,44,context_gru_tuned_anchor,5,overall,4983,71,10.0,False,1.6172173703055515,0.2224335026331477,-0.3537118394586369,0.019755935532499217,4425,111,0.025084745762711864
144,44,context_gru_tuned_anchor,5,q90,558,47,10.0,False,6.419490232048773,0.42873120095454587,-5.398971362233741,-0.3578681313328118,0,0,
144,44,context_gru_tuned_anchor,5,nontail,4425,70,10.0,False,1.0116426229942028,0.19641901321770358,0.28250393765063053,0.06737497040500624,4425,111,0.025084745762711864
144,44,mae_constant,0,overall,4983,71,10.0,False,1.9435625664410354,0.28781700659572135,-0.48701611316247106,-0.008367665254900404,4425,73,0.016497175141242937
144,44,mae_constant,0,q90,558,47,10.0,False,7.255172479967033,0.5074684783947216,-6.2744622269352694,-0.43924412822732434,0,0,
144,44,mae_constant,0,nontail,4425,70,10.0,False,1.2737595536167403,0.26011858371123725,0.24279065101497996,0.04596658702501204,4425,73,0.016497175141242937
144,44,mae_constant,1,overall,4983,71,10.0,False,1.9435625664410354,0.28781700659572135,-0.48701611316247106,-0.008367665254900404,4425,73,0.016497175141242937
144,44,mae_constant,1,q90,558,47,10.0,False,7.255172479967033,0.5074684783947216,-6.2744622269352694,-0.43924412822732434,0,0,
144,44,mae_constant,1,nontail,4425,70,10.0,False,1.2737595536167403,0.26011858371123725,0.24279065101497996,0.04596658702501204,4425,73,0.016497175141242937
144,44,mae_constant,3,overall,4983,71,10.0,False,1.7655181898774064,0.2522295457741327,-0.5122464280065582,-0.00894554696365225,4425,75,0.01694915254237288
144,44,mae_constant,3,q90,558,47,10.0,False,7.024673101844253,0.4846499814527252,-6.057144868508521,-0.4166860089263952,0,0,
144,44,mae_constant,3,nontail,4425,70,10.0,False,1.1023298416565026,0.22292093490212034,0.1869746634736894,0.04247121637537836,4425,75,0.01694915254237288
144,44,mae_constant,5,overall,4983,71,10.0,False,1.626970364634346,0.2245908101850094,-0.4928215545692954,-0.007666150160377218,4425,90,0.020338983050847456
144,44,mae_constant,5,q90,558,47,10.0,False,6.628436573941594,0.44741571033372285,-5.745839663174212,-0.38498099689942644,0,0,
144,44,mae_constant,5,nontail,4425,70,10.0,False,0.9962769985793305,0.19649221260693434,0.16959293234630746,0.03991389153010628,4425,90,0.020338983050847456
144,44,mae_gru_tuned_anchor,0,overall,4983,71,10.0,False,1.9435625664410354,0.28781700659572135,-0.48701611316247106,-0.008367665254900404,4425,73,0.016497175141242937
144,44,mae_gru_tuned_anchor,0,q90,558,47,10.0,False,7.255172479967033,0.5074684783947216,-6.2744622269352694,-0.43924412822732434,0,0,
144,44,mae_gru_tuned_anchor,0,nontail,4425,70,10.0,False,1.2737595536167403,0.26011858371123725,0.24279065101497996,0.04596658702501204,4425,73,0.016497175141242937
144,44,mae_gru_tuned_anchor,1,overall,4983,71,10.0,False,1.9435625664410354,0.28781700659572135,-0.48701611316247106,-0.008367665254900404,4425,73,0.016497175141242937
144,44,mae_gru_tuned_anchor,1,q90,558,47,10.0,False,7.255172479967033,0.5074684783947216,-6.2744622269352694,-0.43924412822732434,0,0,
144,44,mae_gru_tuned_anchor,1,nontail,4425,70,10.0,False,1.2737595536167403,0.26011858371123725,0.24279065101497996,0.04596658702501204,4425,73,0.016497175141242937
144,44,mae_gru_tuned_anchor,3,overall,4983,71,10.0,False,1.6496348145283115,0.22772655507063957,-0.498395326944998,-0.009766184022541289,4425,86,0.01943502824858757
144,44,mae_gru_tuned_anchor,3,q90,558,47,10.0,False,6.827444459894021,0.4661274081636875,-5.791063003317554,-0.3941275495817396,0,0,
144,44,mae_gru_tuned_anchor,3,nontail,4425,70,10.0,False,0.9967042422991442,0.1976638034263637,0.16901903766876158,0.038702435634415236,4425,86,0.01943502824858757
144,44,mae_gru_tuned_anchor,5,overall,4983,71,10.0,False,1.6243453783411397,0.22454395820340362,-0.48870774253028676,-0.00859829630164315,4425,93,0.021016949152542375
144,44,mae_gru_tuned_anchor,5,q90,558,47,10.0,False,6.588133646974894,0.4450268620638112,-5.697093719452165,-0.38206627977585333,0,0,
144,44,mae_gru_tuned_anchor,5,nontail,4425,70,10.0,False,0.9984032644659677,0.19674069032676916,0.16807855693240434,0.038496649411036914,4425,93,0.021016949152542375
144,44,mae_integrated_constant,0,overall,4983,71,10.0,False,1.9281029370012133,0.28255631933938,-0.47493364323466813,-0.0020409611606036896,4425,76,0.017175141242937852
144,44,mae_integrated_constant,0,q90,558,47,10.0,False,7.21272177218103,0.5026755327261963,-6.256307491947367,-0.4358796442912656,0,0,
144,44,mae_integrated_constant,0,nontail,4425,70,10.0,False,1.2617035449039617,0.2547989134478899,0.25410739802672977,0.05266683210197469,4425,76,0.017175141242937852
144,44,mae_integrated_constant,1,overall,4983,71,10.0,False,1.9281029370012133,0.28255631933938,-0.47493364323466813,-0.0020409611606036896,4425,76,0.017175141242937852
144,44,mae_integrated_constant,1,q90,558,47,10.0,False,7.21272177218103,0.5026755327261963,-6.256307491947367,-0.4358796442912656,0,0,
144,44,mae_integrated_constant,1,nontail,4425,70,10.0,False,1.2617035449039617,0.2547989134478899,0.25410739802672977,0.05266683210197469,4425,76,0.017175141242937852
144,44,mae_integrated_constant,3,overall,4983,71,10.0,False,1.74684021350988,0.24686724204920876,-0.48980866756339003,0.0015205951026489,4425,76,0.017175141242937852
144,44,mae_integrated_constant,3,q90,558,47,10.0,False,6.961897955726608,0.47776454821656145,-6.032512893526475,-0.4119694890872309,0,0,
144,44,mae_integrated_constant,3,nontail,4425,70,10.0,False,1.0892125931354317,0.21775070039013916,0.20913572974449715,0.05366239554964392,4425,76,0.017175141242937852
144,44,mae_integrated_constant,5,overall,4983,71,10.0,False,1.622225679665804,0.22347932313468474,-0.475090092764904,0.00027205337831555897,4425,91,0.02056497175141243
144,44,mae_integrated_constant,5,q90,558,47,10.0,False,6.602196201398731,0.44475686015016186,-5.745841988722332,-0.3838008274161754,0,0,
144,44,mae_integrated_constant,5,nontail,4425,70,10.0,False,0.9942429562472791,0.1955758506703602,0.1895606547931174,0.04870429461748527,4425,91,0.02056497175141243
144,44,mae_integrated_gru_tuned_anchor,0,overall,4983,71,10.0,False,1.9281029370012133,0.28255631933938,-0.47493364323466813,-0.0020409611606036896,4425,76,0.017175141242937852
144,44,mae_integrated_gru_tuned_anchor,0,q90,558,47,10.0,False,7.21272177218103,0.5026755327261963,-6.256307491947367,-0.4358796442912656,0,0,
144,44,mae_integrated_gru_tuned_anchor,0,nontail,4425,70,10.0,False,1.2617035449039617,0.2547989134478899,0.25410739802672977,0.05266683210197469,4425,76,0.017175141242937852
144,44,mae_integrated_gru_tuned_anchor,1,overall,4983,71,10.0,False,1.9281029370012133,0.28255631933938,-0.47493364323466813,-0.0020409611606036896,4425,76,0.017175141242937852
144,44,mae_integrated_gru_tuned_anchor,1,q90,558,47,10.0,False,7.2127217721810295,0.5026755327261963,-6.256307491947367,-0.4358796442912656,0,0,
144,44,mae_integrated_gru_tuned_anchor,1,nontail,4425,70,10.0,False,1.2617035449039617,0.2547989134478899,0.25410739802672977,0.05266683210197469,4425,76,0.017175141242937852
144,44,mae_integrated_gru_tuned_anchor,3,overall,4983,71,10.0,False,1.745597305790955,0.24750809452601805,-0.4891911408049067,0.00010379022330658376,4425,78,0.017627118644067796
144,44,mae_integrated_gru_tuned_anchor,3,q90,558,47,10.0,False,6.936520401929759,0.4761767826149351,-6.027542998071027,-0.41175651242273936,0,0,
144,44,mae_integrated_gru_tuned_anchor,3,nontail,4425,70,10.0,False,1.0910131051931131,0.21867258538395803,0.20920441543339724,0.052040072455282554,4425,78,0.017627118644067796
144,44,mae_integrated_gru_tuned_anchor,5,overall,4983,71,10.0,False,1.6180483629496623,0.22313166144640875,-0.4718574210454386,-0.0006093823779035523,4425,94,0.021242937853107345
144,44,mae_integrated_gru_tuned_anchor,5,q90,558,47,10.0,False,6.558168367161977,0.44199321071528286,-5.692974782482527,-0.38045348732912515,0,0,
144,44,mae_integrated_gru_tuned_anchor,5,nontail,4425,70,10.0,False,0.9950908573337366,0.19553284913182534,0.18653432758323826,0.0472896030600132,4425,94,0.021242937853107345
144,44,prior_ecological_affine_constant,0,overall,4983,71,10.0,False,1.941503210050223,0.28370094517423483,-0.43868623345125934,0.010727247728047427,4425,83,0.018757062146892656
144,44,prior_ecological_affine_constant,0,q90,558,47,10.0,False,7.099613302033908,0.4919425740060761,-6.201843286983661,-0.42860959914683394,0,0,
144,44,prior_ecological_affine_constant,0,nontail,4425,70,10.0,False,1.2910567848916026,0.25744132282662635,0.2880576390619791,0.06612836875769347,4425,83,0.018757062146892656
144,44,prior_ecological_affine_constant,1,overall,4983,71,10.0,False,1.941503210050223,0.28370094517423483,-0.43868623345125934,0.010727247728047427,4425,83,0.018757062146892656
144,44,prior_ecological_affine_constant,1,q90,558,47,10.0,False,7.099613302033908,0.4919425740060761,-6.201843286983661,-0.42860959914683394,0,0,
144,44,prior_ecological_affine_constant,1,nontail,4425,70,10.0,False,1.2910567848916026,0.25744132282662635,0.2880576390619791,0.06612836875769347,4425,83,0.018757062146892656
144,44,prior_ecological_affine_constant,3,overall,4983,71,10.0,False,1.6544477313880694,0.23026219120997662,-0.45893566346641584,0.011304506870018214,4425,86,0.01943502824858757
144,44,prior_ecological_affine_constant,3,q90,558,47,10.0,False,6.818038099048504,0.46471164108359,-5.830101949751827,-0.39548972229109736,0,0,
144,44,prior_ecological_affine_constant,3,nontail,4425,70,10.0,False,1.003310234178008,0.200697718208965,0.21837750890584617,0.06260194864897924,4425,86,0.01943502824858757
144,44,prior_ecological_affine_constant,5,overall,4983,71,10.0,False,1.6404481063259297,0.22836226673487722,-0.456492849851015,0.010608831861068098,4425,93,0.021016949152542375
144,44,prior_ecological_affine_constant,5,q90,558,47,10.0,False,6.633079684255933,0.44791124606624505,-5.806975816318335,-0.3889156232111761,0,0,
144,44,prior_ecological_affine_constant,5,nontail,4425,70,10.0,False,1.0108688022615357,0.2006767683242776,0.2182121208357116,0.060989542805771436,4425,93,0.021016949152542375
144,44,prior_ecological_affine_gru_tuned_anchor,0,overall,4983,71,10.0,False,1.941503210050223,0.28370094517423483,-0.43868623345125934,0.010727247728047427,4425,83,0.018757062146892656
144,44,prior_ecological_affine_gru_tuned_anchor,0,q90,558,47,10.0,False,7.099613302033908,0.4919425740060761,-6.201843286983661,-0.42860959914683394,0,0,
144,44,prior_ecological_affine_gru_tuned_anchor,0,nontail,4425,70,10.0,False,1.2910567848916026,0.25744132282662635,0.2880576390619791,0.06612836875769347,4425,83,0.018757062146892656
144,44,prior_ecological_affine_gru_tuned_anchor,1,overall,4983,71,10.0,False,1.941503210050223,0.28370094517423483,-0.43868623345125934,0.010727247728047427,4425,83,0.018757062146892656
144,44,prior_ecological_affine_gru_tuned_anchor,1,q90,558,47,10.0,False,7.099613302033908,0.4919425740060761,-6.201843286983661,-0.42860959914683394,0,0,
144,44,prior_ecological_affine_gru_tuned_anchor,1,nontail,4425,70,10.0,False,1.2910567848916026,0.25744132282662635,0.2880576390619791,0.06612836875769347,4425,83,0.018757062146892656
144,44,prior_ecological_affine_gru_tuned_anchor,3,overall,4983,71,10.0,False,1.6523249885611289,0.22946318866318632,-0.4625784326578816,0.009330273563722739,4425,87,0.01966101694915254
144,44,prior_ecological_affine_gru_tuned_anchor,3,q90,558,47,10.0,False,6.799209222318537,0.4632962635808468,-5.822145101505092,-0.39492542237453176,0,0,
144,44,prior_ecological_affine_gru_tuned_anchor,3,nontail,4425,70,10.0,False,1.0032941631517205,0.19997644158882374,0.21327200829505474,0.060307602000682296,4425,87,0.01966101694915254
144,44,prior_ecological_affine_gru_tuned_anchor,5,overall,4983,71,10.0,False,1.6333115562157472,0.22730002919978465,-0.4540405669837359,0.009640836438988772,4425,90,0.020338983050847456
144,44,prior_ecological_affine_gru_tuned_anchor,5,q90,558,47,10.0,False,6.582229475693691,0.4445177152802819,-5.750946484784848,-0.38516836091654705,0,0,
144,44,prior_ecological_affine_gru_tuned_anchor,5,nontail,4425,70,10.0,False,1.0092446185731045,0.19990851081946437,0.21390824705762462,0.05942694539365295,4425,90,0.020338983050847456
144,44,prior_encoder_constant,0,overall,4983,71,10.0,False,2.0228241721676423,0.2999201158062499,-0.16463090286530813,0.03469143144110671,4425,86,0.01943502824858757
144,44,prior_encoder_constant,0,q90,558,47,10.0,False,6.860698388400829,0.4662459119990368,-5.3511694904457965,-0.36518263718072536,0,0,
144,44,prior_encoder_constant,0,nontail,4425,70,10.0,False,1.4127600337138302,0.2789461509982103,0.48940040377196015,0.0851162292469784,4425,86,0.01943502824858757
144,44,prior_encoder_constant,1,overall,4983,71,10.0,False,2.0228241721676423,0.2999201158062499,-0.16463090286530813,0.03469143144110671,4425,86,0.01943502824858757
144,44,prior_encoder_constant,1,q90,558,47,10.0,False,6.860698388400829,0.4662459119990368,-5.3511694904457965,-0.36518263718072536,0,0,
144,44,prior_encoder_constant,1,nontail,4425,70,10.0,False,1.4127600337138302,0.2789461509982103,0.48940040377196015,0.0851162292469784,4425,86,0.01943502824858757
144,44,prior_encoder_constant,3,overall,4983,71,10.0,False,1.8154429431069887,0.2606946147199205,-0.2807379162193539,0.023319253590040903,4425,92,0.0207909604519774
144,44,prior_encoder_constant,3,q90,558,47,10.0,False,6.729203274747454,0.454451827897279,-5.36063673417041,-0.3610861576766861,0,0,
144,44,prior_encoder_constant,3,nontail,4425,70,10.0,False,1.195809436879784,0.23626150173619934,0.3598459347222707,0.07179342748537056,4425,92,0.0207909604519774
144,44,prior_encoder_constant,5,overall,4983,71,10.0,False,1.6576349379626314,0.2309822227632996,-0.3425678705909279,0.013539722644302645,4425,102,0.02305084745762712
144,44,prior_encoder_constant,5,q90,558,47,10.0,False,6.421780170360642,0.42807896696162134,-5.2839529333221655,-0.34880324310053534,0,0,
144,44,prior_encoder_constant,5,nontail,4425,70,10.0,False,1.0568681493348142,0.20612798925761297,0.28054916104840105,0.059231784765346636,4425,102,0.02305084745762712
144,44,prior_encoder_gru_tuned_anchor,0,overall,4983,71,10.0,False,2.0228241721676423,0.2999201158062499,-0.16463090286530813,0.03469143144110671,4425,86,0.01943502824858757
144,44,prior_encoder_gru_tuned_anchor,0,q90,558,47,10.0,False,6.860698388400829,0.4662459119990368,-5.3511694904457965,-0.36518263718072536,0,0,
144,44,prior_encoder_gru_tuned_anchor,0,nontail,4425,70,10.0,False,1.4127600337138302,0.2789461509982103,0.48940040377196015,0.0851162292469784,4425,86,0.01943502824858757
144,44,prior_encoder_gru_tuned_anchor,1,overall,4983,71,10.0,False,2.0228241721676423,0.2999201158062499,-0.16463090286530813,0.03469143144110671,4425,86,0.01943502824858757
144,44,prior_encoder_gru_tuned_anchor,1,q90,558,47,10.0,False,6.860698388400829,0.4662459119990368,-5.3511694904457965,-0.36518263718072536,0,0,
144,44,prior_encoder_gru_tuned_anchor,1,nontail,4425,70,10.0,False,1.4127600337138302,0.2789461509982103,0.48940040377196015,0.0851162292469784,4425,86,0.01943502824858757
144,44,prior_encoder_gru_tuned_anchor,3,overall,4983,71,10.0,False,1.8182483445988316,0.2622249423607296,-0.2815177092449423,0.021428511628265704,4425,90,0.020338983050847456
144,44,prior_encoder_gru_tuned_anchor,3,q90,558,47,10.0,False,6.713900800438708,0.453621537740178,-5.359678950219992,-0.3612508942601321,0,0,
144,44,prior_encoder_gru_tuned_anchor,3,nontail,4425,70,10.0,False,1.2008982722013963,0.23808950728237202,0.35884703029496223,0.0696850333199552,4425,90,0.020338983050847456
144,44,prior_encoder_gru_tuned_anchor,5,overall,4983,71,10.0,False,1.654911118762244,0.23070974325387075,-0.34203378824840613,0.011964701767371522,4425,105,0.023728813559322035
144,44,prior_encoder_gru_tuned_anchor,5,q90,558,47,10.0,False,6.387210752531278,0.4260894903416144,-5.233204761083282,-0.34590987968162334,0,0,
144,44,prior_encoder_gru_tuned_anchor,5,nontail,4425,70,10.0,False,1.0581601140971324,0.2060720259939926,0.27475116154636453,0.05709329305517697,4425,105,0.023728813559322035
144,44,prior_encoder_integrated_constant,0,overall,4983,71,10.0,False,1.9884076790228713,0.2928978472967933,-0.23314473551179588,0.029829635634584472,4425,87,0.01966101694915254
144,44,prior_encoder_integrated_constant,0,q90,558,47,10.0,False,6.897931434393647,0.47074548198913024,-5.563837939580262,-0.3801820750730282,0,0,
144,44,prior_encoder_integrated_constant,0,nontail,4425,70,10.0,False,1.3693084122439119,0.2704709591254206,0.4390647125944649,0.08153280728991733,4425,87,0.01966101694915254
144,44,prior_encoder_integrated_constant,1,overall,4983,71,10.0,False,1.9884076790228713,0.2928978472967933,-0.23314473551179588,0.029829635634584472,4425,87,0.01966101694915254
144,44,prior_encoder_integrated_constant,1,q90,558,47,10.0,False,6.897931434393647,0.47074548198913024,-5.563837939580262,-0.3801820750730282,0,0,
144,44,prior_encoder_integrated_constant,1,nontail,4425,70,10.0,False,1.3693084122439119,0.2704709591254206,0.4390647125944649,0.08153280728991733,4425,87,0.01966101694915254
144,44,prior_encoder_integrated_constant,3,overall,4983,71,10.0,False,1.790983577634594,0.2557002897160722,-0.3272917543657397,0.020557959209645395,4425,89,0.020112994350282486
144,44,prior_encoder_integrated_constant,3,q90,558,47,10.0,False,6.761141408855158,0.45782623687287644,-5.5213449370419205,-0.37232187688774504,0,0,
144,44,prior_encoder_integrated_constant,3,nontail,4425,70,10.0,False,1.1642382511213565,0.2302118651932481,0.32768715544969723,0.07010077243955362,4425,89,0.020112994350282486
144,44,prior_encoder_integrated_constant,5,overall,4983,71,10.0,False,1.6447553240751043,0.22820870613463415,-0.3710765390652054,0.01230930494206969,4425,102,0.02305084745762712
144,44,prior_encoder_integrated_constant,5,q90,558,47,10.0,False,6.455555652130183,0.43120080760486107,-5.397728542247413,-0.357002839663418,0,0,
144,44,prior_encoder_integrated_constant,5,nontail,4425,70,10.0,False,1.0381052488084979,0.2026110580848293,0.26279279828522895,0.05888019232960916,4425,102,0.02305084745762712
144,44,prior_encoder_integrated_gru_tuned_anchor,0,overall,4983,71,10.0,False,1.9884076790228713,0.2928978472967933,-0.23314473551179588,0.029829635634584472,4425,87,0.01966101694915254
144,44,prior_encoder_integrated_gru_tuned_anchor,0,q90,558,47,10.0,False,6.897931434393647,0.47074548198913024,-5.563837939580262,-0.3801820750730282,0,0,
144,44,prior_encoder_integrated_gru_tuned_anchor,0,nontail,4425,70,10.0,False,1.3693084122439119,0.2704709591254206,0.4390647125944649,0.08153280728991733,4425,87,0.01966101694915254
144,44,prior_encoder_integrated_gru_tuned_anchor,1,overall,4983,71,10.0,False,1.9884076790228713,0.2928978472967933,-0.23314473551179588,0.029829635634584472,4425,87,0.01966101694915254
144,44,prior_encoder_integrated_gru_tuned_anchor,1,q90,558,47,10.0,False,6.897931434393647,0.47074548198913024,-5.563837939580262,-0.3801820750730282,0,0,
144,44,prior_encoder_integrated_gru_tuned_anchor,1,nontail,4425,70,10.0,False,1.3693084122439119,0.2704709591254206,0.4390647125944649,0.08153280728991733,4425,87,0.01966101694915254
144,44,prior_encoder_integrated_gru_tuned_anchor,3,overall,4983,71,10.0,False,1.771361704131299,0.25278330952975125,-0.3776939848707194,0.015025689149631078,4425,85,0.0192090395480226
144,44,prior_encoder_integrated_gru_tuned_anchor,3,q90,558,47,10.0,False,6.7814913408385005,0.46085438842841886,-5.677958052770755,-0.3838808206534357,0,0,
144,44,prior_encoder_integrated_gru_tuned_anchor,3,nontail,4425,70,10.0,False,1.1395758651973742,0.22654519381778365,0.2906782975898952,0.06532847614852627,4425,85,0.0192090395480226
144,44,prior_encoder_integrated_gru_tuned_anchor,5,overall,4983,71,10.0,False,1.641369799461201,0.22787918339886895,-0.36998800531141557,0.010935679005972844,4425,104,0.02350282485875706
144,44,prior_encoder_integrated_gru_tuned_anchor,5,q90,558,47,10.0,False,6.416761091894593,0.4288566954398543,-5.345471951026019,-0.35390089024774,0,0,
144,44,prior_encoder_integrated_gru_tuned_anchor,5,nontail,4425,70,10.0,False,1.0391848636018037,0.20253557849064974,0.2574289532668327,0.056942188755932564,4425,104,0.02350282485875706
144,44,selective_constant,0,overall,4983,71,10.0,False,1.943112316030468,0.2891902630950735,-0.5819978097686618,-0.03433423592118461,4425,79,0.017853107344632767
144,44,selective_constant,0,q90,558,47,10.0,False,7.235647503595222,0.5100973606881182,-6.067540159879703,-0.43021674695377354,0,0,
144,44,selective_constant,0,nontail,4425,70,10.0,False,1.2757146584799295,0.2613335036697811,0.10973837810974747,0.0155872197073317,4425,79,0.017853107344632767
144,44,selective_constant,1,overall,4983,71,10.0,False,1.943112316030468,0.2891902630950735,-0.5819978097686618,-0.03433423592118461,4425,79,0.017853107344632767
144,44,selective_constant,1,q90,558,47,10.0,False,7.235647503595222,0.5100973606881182,-6.067540159879703,-0.43021674695377354,0,0,
144,44,selective_constant,1,nontail,4425,70,10.0,False,1.2757146584799295,0.2613335036697811,0.10973837810974747,0.0155872197073317,4425,79,0.017853107344632767
144,44,selective_constant,3,overall,4983,71,10.0,False,1.7653071231772917,0.25249254476959315,-0.5818192016361665,-0.027752053496298074,4425,78,0.017627118644067796
144,44,selective_constant,3,q90,558,47,10.0,False,7.011074632808172,0.4866238240190333,-5.898398878645981,-0.4095546186480551,0,0,
144,44,selective_constant,3,nontail,4425,70,10.0,False,1.1038069490814655,0.22296819362356204,0.08861050678676616,0.02039389709233027,4425,78,0.017627118644067796
144,44,selective_constant,5,overall,4983,71,10.0,False,1.630285367385759,0.2253722607247199,-0.5412720594408821,-0.02040567129014583,4425,90,0.020338983050847456
144,44,selective_constant,5,q90,558,47,10.0,False,6.615748669243208,0.4490541845238325,-5.652369005389917,-0.3814239234931884,0,0,
144,44,selective_constant,5,nontail,4425,70,10.0,False,1.0016099950837347,0.19716559101174702,0.1032459283194708,0.02511934220800054,4425,90,0.020338983050847456
144,44,selective_gru_tuned_anchor,0,overall,4983,71,10.0,False,1.943112316030468,0.2891902630950735,-0.5819978097686618,-0.03433423592118461,4425,79,0.017853107344632767
144,44,selective_gru_tuned_anchor,0,q90,558,47,10.0,False,7.235647503595222,0.5100973606881182,-6.067540159879703,-0.43021674695377354,0,0,
144,44,selective_gru_tuned_anchor,0,nontail,4425,70,10.0,False,1.2757146584799295,0.2613335036697811,0.10973837810974747,0.0155872197073317,4425,79,0.017853107344632767
144,44,selective_gru_tuned_anchor,1,overall,4983,71,10.0,False,1.943112316030468,0.2891902630950735,-0.5819978097686618,-0.03433423592118461,4425,79,0.017853107344632767
144,44,selective_gru_tuned_anchor,1,q90,558,47,10.0,False,7.235647503595222,0.5100973606881182,-6.067540159879703,-0.43021674695377354,0,0,
144,44,selective_gru_tuned_anchor,1,nontail,4425,70,10.0,False,1.2757146584799295,0.2613335036697811,0.10973837810974747,0.0155872197073317,4425,79,0.017853107344632767
144,44,selective_gru_tuned_anchor,3,overall,4983,71,10.0,False,1.6480576247770609,0.22744306542728335,-0.5463649043217247,-0.022370002471843987,4425,86,0.01943502824858757
144,44,selective_gru_tuned_anchor,3,q90,558,47,10.0,False,6.817710851461405,0.4670302781489017,-5.674764521048035,-0.3884785518696674,0,0,
144,44,selective_gru_tuned_anchor,3,nontail,4425,70,10.0,False,0.9961555907680522,0.1972307118230657,0.1003349795502032,0.02379690613018663,4425,86,0.01943502824858757
144,44,selective_gru_tuned_anchor,5,overall,4983,71,10.0,False,1.6275558188506907,0.22536142828305192,-0.5389468369285176,-0.021739784702663186,4425,93,0.021016949152542375
144,44,selective_gru_tuned_anchor,5,q90,558,47,10.0,False,6.575990072318153,0.4465603806368146,-5.600605773209966,-0.37820423571978523,0,0,
144,44,selective_gru_tuned_anchor,5,nontail,4425,70,10.0,False,1.0035498723117429,0.19746786547776388,0.09933693401951593,0.02321098674763153,4425,93,0.021016949152542375
144,44,selective_integrated_constant,0,overall,4983,71,10.0,False,1.9294614297022157,0.2836136373541692,-0.5461699156893112,-0.02158719393171565,4425,78,0.017627118644067796
144,44,selective_integrated_constant,0,q90,558,47,10.0,False,7.197114784169815,0.5047831188450719,-6.101115941655692,-0.42924004953101996,0,0,
144,44,selective_integrated_constant,0,nontail,4425,70,10.0,False,1.2652014134778269,0.2557237908746384,0.15431819334780533,0.0298185220964,4425,78,0.017627118644067796
144,44,selective_integrated_constant,1,overall,4983,71,10.0,False,1.9294614297022157,0.2836136373541692,-0.5461699156893112,-0.02158719393171565,4425,78,0.017627118644067796
144,44,selective_integrated_constant,1,q90,558,47,10.0,False,7.197114784169815,0.5047831188450719,-6.101115941655692,-0.42924004953101996,0,0,
144,44,selective_integrated_constant,1,nontail,4425,70,10.0,False,1.2652014134778269,0.2557237908746384,0.15431819334780533,0.0298185220964,4425,78,0.017627118644067796
144,44,selective_integrated_constant,3,overall,4983,71,10.0,False,1.748919670249841,0.24716088030051492,-0.5245592658594905,-0.00793583404701935,4425,79,0.017853107344632767
144,44,selective_integrated_constant,3,q90,558,47,10.0,False,6.955287470226687,0.47898351474630196,-5.952716929406749,-0.40852807430133986,0,0,
144,44,selective_integrated_constant,3,nontail,4425,70,10.0,False,1.0923878663205575,0.21792765317718177,0.15994061578104504,0.042579526418949194,4425,79,0.017853107344632767
144,44,selective_integrated_constant,5,overall,4983,71,10.0,False,1.6241448877633289,0.22359759406317323,-0.5201662497830359,-0.012964798282256627,4425,91,0.02056497175141243
144,44,selective_integrated_constant,5,q90,558,47,10.0,False,6.605304837825321,0.44727082565099097,-5.675189910076464,-0.3816524304137518,0,0,
144,44,selective_integrated_constant,5,nontail,4425,70,10.0,False,0.9960121754165283,0.19539202045277723,0.12989097110820297,0.03352733702381667,4425,91,0.02056497175141243
144,44,selective_integrated_gru_tuned_anchor,0,overall,4983,71,10.0,False,1.9294614297022157,0.2836136373541692,-0.5461699156893112,-0.02158719393171565,4425,78,0.017627118644067796
144,44,selective_integrated_gru_tuned_anchor,0,q90,558,47,10.0,False,7.197114784169815,0.5047831188450719,-6.101115941655692,-0.42924004953101996,0,0,
144,44,selective_integrated_gru_tuned_anchor,0,nontail,4425,70,10.0,False,1.2652014134778269,0.2557237908746384,0.15431819334780533,0.0298185220964,4425,78,0.017627118644067796
144,44,selective_integrated_gru_tuned_anchor,1,overall,4983,71,10.0,False,1.9294614297022157,0.2836136373541692,-0.5461699156893112,-0.02158719393171565,4425,78,0.017627118644067796
144,44,selective_integrated_gru_tuned_anchor,1,q90,558,47,10.0,False,7.197114784169815,0.5047831188450719,-6.101115941655692,-0.42924004953101996,0,0,
144,44,selective_integrated_gru_tuned_anchor,1,nontail,4425,70,10.0,False,1.2652014134778269,0.2557237908746384,0.15431819334780533,0.0298185220964,4425,78,0.017627118644067796
144,44,selective_integrated_gru_tuned_anchor,3,overall,4983,71,10.0,False,1.6384063203172288,0.22537144627105724,-0.5061192417756115,-0.007897816947979223,4425,88,0.019887005649717515
144,44,selective_integrated_gru_tuned_anchor,3,q90,558,47,10.0,False,6.77361452130239,0.4616108664832263,-5.71309289688119,-0.387985986900441,0,0,
144,44,selective_integrated_gru_tuned_anchor,3,nontail,4425,70,10.0,False,0.9908478624302863,0.19558125497650575,0.1504889615122785,0.04003194550026343,4425,88,0.019887005649717515
144,44,selective_integrated_gru_tuned_anchor,5,overall,4983,71,10.0,False,1.6197968275503891,0.22332106986148864,-0.49679907260368683,-0.007148625642194563,4425,95,0.021468926553672316
144,44,selective_integrated_gru_tuned_anchor,5,q90,558,47,10.0,False,6.551193785054704,0.44283799576133676,-5.643948288411825,-0.3785778524240483,0,0,
144,44,selective_integrated_gru_tuned_anchor,5,nontail,4425,70,10.0,False,0.997939312909167,0.19563961344293151,0.15226516749144114,0.039689229396059546,4425,95,0.021468926553672316
144,44,station_constant,0,overall,4983,71,10.0,False,1.997556944348718,0.2908161538194464,-0.15397267153931887,0.044786329912248714,4425,88,0.019887005649717515
144,44,station_constant,0,q90,558,47,10.0,False,6.849206278837313,0.466141041735499,-5.380737498812455,-0.3674185034691032,0,0,
144,44,station_constant,0,nontail,4425,70,10.0,False,1.3857557401352414,0.2687073882924052,0.5051312321032595,0.09676605805389714,4425,88,0.019887005649717515
144,44,station_constant,1,overall,4983,71,10.0,False,1.997556944348718,0.2908161538194464,-0.15397267153931887,0.044786329912248714,4425,88,0.019887005649717515
144,44,station_constant,1,q90,558,47,10.0,False,6.849206278837313,0.466141041735499,-5.380737498812455,-0.3674185034691032,0,0,
144,44,station_constant,1,nontail,4425,70,10.0,False,1.3857557401352414,0.2687073882924052,0.5051312321032595,0.09676605805389714,4425,88,0.019887005649717515
144,44,station_constant,3,overall,4983,71,10.0,False,1.7939237591237815,0.2541745580704536,-0.2712133358796018,0.0311180558611365,4425,91,0.02056497175141243
144,44,station_constant,3,q90,558,47,10.0,False,6.716747751721674,0.45401564057834104,-5.377950633230992,-0.36230936375836886,0,0,
144,44,station_constant,3,nontail,4425,70,10.0,False,1.1731473098877088,0.22897425885250983,0.37275489280335333,0.08072992030129109,4425,91,0.02056497175141243
144,44,station_constant,5,overall,4983,71,10.0,False,1.6519144187915975,0.22920006222988346,-0.33750412863622237,0.01788505741739712,4425,106,0.023954802259887005
144,44,station_constant,5,q90,558,47,10.0,False,6.408234359064123,0.4275167994525624,-5.289729326194432,-0.34944679429080006,0,0,
144,44,station_constant,5,nontail,4425,70,10.0,False,1.052134412764011,0.20419198553604057,0.2869798623778977,0.06420622651415962,4425,106,0.023954802259887005
144,44,station_gru_tuned_anchor,0,overall,4983,71,10.0,False,1.997556944348718,0.2908161538194464,-0.15397267153931887,0.044786329912248714,4425,88,0.019887005649717515
144,44,station_gru_tuned_anchor,0,q90,558,47,10.0,False,6.849206278837313,0.466141041735499,-5.380737498812455,-0.3674185034691032,0,0,
144,44,station_gru_tuned_anchor,0,nontail,4425,70,10.0,False,1.3857557401352414,0.2687073882924052,0.5051312321032595,0.09676605805389714,4425,88,0.019887005649717515
144,44,station_gru_tuned_anchor,1,overall,4983,71,10.0,False,1.997556944348718,0.2908161538194464,-0.15397267153931887,0.044786329912248714,4425,88,0.019887005649717515
144,44,station_gru_tuned_anchor,1,q90,558,47,10.0,False,6.849206278837313,0.466141041735499,-5.380737498812455,-0.3674185034691032,0,0,
144,44,station_gru_tuned_anchor,1,nontail,4425,70,10.0,False,1.3857557401352414,0.2687073882924052,0.5051312321032595,0.09676605805389714,4425,88,0.019887005649717515
144,44,station_gru_tuned_anchor,3,overall,4983,71,10.0,False,1.6703942102695182,0.2307248847169797,-0.3456310694589939,0.01594244605688355,4425,93,0.021016949152542375
144,44,station_gru_tuned_anchor,3,q90,558,47,10.0,False,6.624142565159302,0.4457475051985301,-5.3216786152078654,-0.35688813543170717,0,0,
144,44,station_gru_tuned_anchor,3,nontail,4425,70,10.0,False,1.0457181465342638,0.2036101678291367,0.28185696003883004,0.06295701429883466,4425,93,0.021016949152542375
144,44,station_gru_tuned_anchor,5,overall,4983,71,10.0,False,1.6497564499440593,0.2291536718113007,-0.3347620238604023,0.01677772786963145,4425,107,0.02418079096045198
144,44,station_gru_tuned_anchor,5,q90,558,47,10.0,False,6.3739433816049464,0.4254957989876214,-5.2358464867749905,-0.34627128197475227,0,0,
144,44,station_gru_tuned_anchor,5,nontail,4425,70,10.0,False,1.054028470765127,0.2043945967911002,0.2832730338359457,0.06255882334831304,4425,107,0.02418079096045198
144,44,station_integrated_constant,0,overall,4983,71,10.0,False,1.9724485638525318,0.28697760940276784,-0.22515106201730403,0.03703294140608266,4425,87,0.01966101694915254
144,44,station_integrated_constant,0,q90,558,47,10.0,False,6.890720747024615,0.4709133314299691,-5.586013945855256,-0.3820543425499516,0,0,
144,44,station_integrated_constant,0,nontail,4425,70,10.0,False,1.3522461054999841,0.2637830030996767,0.4508628338429394,0.08988055823036899,4425,87,0.01966101694915254
144,44,station_integrated_constant,1,overall,4983,71,10.0,False,1.9724485638525318,0.28697760940276784,-0.22515106201730403,0.03703294140608266,4425,87,0.01966101694915254
144,44,station_integrated_constant,1,q90,558,47,10.0,False,6.890720747024615,0.4709133314299691,-5.586013945855256,-0.3820543425499516,0,0,
144,44,station_integrated_constant,1,nontail,4425,70,10.0,False,1.3522461054999841,0.2637830030996767,0.4508628338429394,0.08988055823036899,4425,87,0.01966101694915254
144,44,station_integrated_constant,3,overall,4983,71,10.0,False,1.7774771549894728,0.25152837016089097,-0.32030046869956325,0.026119081640876396,4425,89,0.020112994350282486
144,44,station_integrated_constant,3,q90,558,47,10.0,False,6.752650869177606,0.45765976863663355,-5.5345633001711265,-0.3733949729137479,0,0,
144,44,station_integrated_constant,3,nontail,4425,70,10.0,False,1.1500993171325289,0.22553485143784818,0.33722691208261374,0.07649848106267985,4425,89,0.020112994350282486
144,44,station_integrated_constant,5,overall,4983,71,10.0,False,1.6441099094546936,0.2278316729703218,-0.3674345611906021,0.01537732180742568,4425,105,0.023728813559322035
144,44,station_integrated_constant,5,q90,558,47,10.0,False,6.445535061504653,0.4308753191994812,-5.4023762414151735,-0.35759282506577406,0,0,
144,44,station_integrated_constant,5,nontail,4425,70,10.0,False,1.0386420597724613,0.20222752503905156,0.26748011848517445,0.06240948948092747,4425,105,0.023728813559322035
144,44,station_integrated_gru_tuned_anchor,0,overall,4983,71,10.0,False,1.9724485638525318,0.28697760940276784,-0.22515106201730403,0.03703294140608266,4425,87,0.01966101694915254
144,44,station_integrated_gru_tuned_anchor,0,q90,558,47,10.0,False,6.890720747024615,0.4709133314299691,-5.586013945855256,-0.3820543425499516,0,0,
144,44,station_integrated_gru_tuned_anchor,0,nontail,4425,70,10.0,False,1.3522461054999841,0.2637830030996767,0.4508628338429394,0.08988055823036899,4425,87,0.01966101694915254
144,44,station_integrated_gru_tuned_anchor,1,overall,4983,71,10.0,False,1.9724485638525318,0.28697760940276784,-0.22515106201730403,0.03703294140608266,4425,87,0.01966101694915254
144,44,station_integrated_gru_tuned_anchor,1,q90,558,47,10.0,False,6.890720747024615,0.4709133314299691,-5.586013945855256,-0.3820543425499516,0,0,
144,44,station_integrated_gru_tuned_anchor,1,nontail,4425,70,10.0,False,1.3522461054999841,0.2637830030996767,0.4508628338429394,0.08988055823036899,4425,87,0.01966101694915254
144,44,station_integrated_gru_tuned_anchor,3,overall,4983,71,10.0,False,1.6538082682558573,0.2286646329444137,-0.4059066980581238,0.01068693232959129,4425,91,0.02056497175141243
144,44,station_integrated_gru_tuned_anchor,3,q90,558,47,10.0,False,6.6723792813846705,0.45072919635117914,-5.535752937510981,-0.3721545350054081,0,0,
144,44,station_integrated_gru_tuned_anchor,3,nontail,4425,70,10.0,False,1.0209579574477494,0.20066191511820464,0.24097560739152446,0.05896389024437766,4425,91,0.02056497175141243
144,44,station_integrated_gru_tuned_anchor,5,overall,4983,71,10.0,False,1.641250531022846,0.22770939162293063,-0.36472447244055856,0.014337577444124111,4425,107,0.02418079096045198
144,44,station_integrated_gru_tuned_anchor,5,q90,558,47,10.0,False,6.40639425149848,0.42846343157788525,-5.347754332187895,-0.35427432094864364,0,0,
144,44,station_integrated_gru_tuned_anchor,5,nontail,4425,70,10.0,False,1.0403578313560882,0.2023939669235262,0.2636440386869021,0.0608201625973816,4425,107,0.02418079096045198
144,44,tail2_constant,0,overall,4983,71,10.0,False,2.0228241721676423,0.2999201158062499,-0.16463090286530813,0.03469143144110671,4425,86,0.01943502824858757
144,44,tail2_constant,0,q90,558,47,10.0,False,6.860698388400829,0.4662459119990368,-5.3511694904457965,-0.36518263718072536,0,0,
144,44,tail2_constant,0,nontail,4425,70,10.0,False,1.4127600337138302,0.2789461509982103,0.48940040377196015,0.0851162292469784,4425,86,0.01943502824858757
144,44,tail2_constant,1,overall,4983,71,10.0,False,2.0228241721676423,0.2999201158062499,-0.16463090286530813,0.03469143144110671,4425,86,0.01943502824858757
144,44,tail2_constant,1,q90,558,47,10.0,False,6.860698388400829,0.4662459119990368,-5.3511694904457965,-0.36518263718072536,0,0,
144,44,tail2_constant,1,nontail,4425,70,10.0,False,1.4127600337138302,0.2789461509982103,0.48940040377196015,0.0851162292469784,4425,86,0.01943502824858757
144,44,tail2_constant,3,overall,4983,71,10.0,False,1.8154429431069887,0.2606946147199205,-0.2807379162193539,0.023319253590040903,4425,92,0.0207909604519774
144,44,tail2_constant,3,q90,558,47,10.0,False,6.729203274747454,0.454451827897279,-5.36063673417041,-0.3610861576766861,0,0,
144,44,tail2_constant,3,nontail,4425,70,10.0,False,1.195809436879784,0.23626150173619934,0.3598459347222707,0.07179342748537056,4425,92,0.0207909604519774
144,44,tail2_constant,5,overall,4983,71,10.0,False,1.6576349379626314,0.2309822227632996,-0.3425678705909279,0.013539722644302645,4425,102,0.02305084745762712
144,44,tail2_constant,5,q90,558,47,10.0,False,6.421780170360642,0.42807896696162134,-5.2839529333221655,-0.34880324310053534,0,0,
144,44,tail2_constant,5,nontail,4425,70,10.0,False,1.0568681493348142,0.20612798925761297,0.28054916104840105,0.059231784765346636,4425,102,0.02305084745762712
144,44,tail2_gru_tuned_anchor,0,overall,4983,71,10.0,False,2.0228241721676423,0.2999201158062499,-0.16463090286530813,0.03469143144110671,4425,86,0.01943502824858757
144,44,tail2_gru_tuned_anchor,0,q90,558,47,10.0,False,6.860698388400829,0.4662459119990368,-5.3511694904457965,-0.36518263718072536,0,0,
144,44,tail2_gru_tuned_anchor,0,nontail,4425,70,10.0,False,1.4127600337138302,0.2789461509982103,0.48940040377196015,0.0851162292469784,4425,86,0.01943502824858757
144,44,tail2_gru_tuned_anchor,1,overall,4983,71,10.0,False,2.0228241721676423,0.2999201158062499,-0.16463090286530813,0.03469143144110671,4425,86,0.01943502824858757
144,44,tail2_gru_tuned_anchor,1,q90,558,47,10.0,False,6.860698388400829,0.4662459119990368,-5.3511694904457965,-0.36518263718072536,0,0,
144,44,tail2_gru_tuned_anchor,1,nontail,4425,70,10.0,False,1.4127600337138302,0.2789461509982103,0.48940040377196015,0.0851162292469784,4425,86,0.01943502824858757
144,44,tail2_gru_tuned_anchor,3,overall,4983,71,10.0,False,1.8182483445988316,0.2622249423607296,-0.2815177092449423,0.021428511628265704,4425,90,0.020338983050847456
144,44,tail2_gru_tuned_anchor,3,q90,558,47,10.0,False,6.713900800438708,0.453621537740178,-5.359678950219992,-0.3612508942601321,0,0,
144,44,tail2_gru_tuned_anchor,3,nontail,4425,70,10.0,False,1.2008982722013963,0.23808950728237202,0.35884703029496223,0.0696850333199552,4425,90,0.020338983050847456
144,44,tail2_gru_tuned_anchor,5,overall,4983,71,10.0,False,1.654911118762244,0.23070974325387075,-0.34203378824840613,0.011964701767371522,4425,105,0.023728813559322035
144,44,tail2_gru_tuned_anchor,5,q90,558,47,10.0,False,6.387210752531278,0.4260894903416144,-5.233204761083282,-0.34590987968162334,0,0,
144,44,tail2_gru_tuned_anchor,5,nontail,4425,70,10.0,False,1.0581601140971324,0.2060720259939926,0.27475116154636453,0.05709329305517697,4425,105,0.023728813559322035
144,44,tail2_integrated_constant,0,overall,4983,71,10.0,False,1.9884076790228713,0.2928978472967933,-0.23314473551179588,0.029829635634584472,4425,87,0.01966101694915254
144,44,tail2_integrated_constant,0,q90,558,47,10.0,False,6.897931434393647,0.47074548198913024,-5.563837939580262,-0.3801820750730282,0,0,
144,44,tail2_integrated_constant,0,nontail,4425,70,10.0,False,1.3693084122439119,0.2704709591254206,0.4390647125944649,0.08153280728991733,4425,87,0.01966101694915254
144,44,tail2_integrated_constant,1,overall,4983,71,10.0,False,1.9884076790228713,0.2928978472967933,-0.23314473551179588,0.029829635634584472,4425,87,0.01966101694915254
144,44,tail2_integrated_constant,1,q90,558,47,10.0,False,6.897931434393647,0.47074548198913024,-5.563837939580262,-0.3801820750730282,0,0,
144,44,tail2_integrated_constant,1,nontail,4425,70,10.0,False,1.3693084122439119,0.2704709591254206,0.4390647125944649,0.08153280728991733,4425,87,0.01966101694915254
144,44,tail2_integrated_constant,3,overall,4983,71,10.0,False,1.790983577634594,0.2557002897160722,-0.3272917543657397,0.020557959209645395,4425,89,0.020112994350282486
144,44,tail2_integrated_constant,3,q90,558,47,10.0,False,6.761141408855158,0.45782623687287644,-5.5213449370419205,-0.37232187688774504,0,0,
144,44,tail2_integrated_constant,3,nontail,4425,70,10.0,False,1.1642382511213565,0.2302118651932481,0.32768715544969723,0.07010077243955362,4425,89,0.020112994350282486
144,44,tail2_integrated_constant,5,overall,4983,71,10.0,False,1.6447553240751043,0.22820870613463415,-0.3710765390652054,0.01230930494206969,4425,102,0.02305084745762712
144,44,tail2_integrated_constant,5,q90,558,47,10.0,False,6.455555652130183,0.43120080760486107,-5.397728542247413,-0.357002839663418,0,0,
144,44,tail2_integrated_constant,5,nontail,4425,70,10.0,False,1.0381052488084979,0.2026110580848293,0.26279279828522895,0.05888019232960916,4425,102,0.02305084745762712
144,44,tail2_integrated_gru_tuned_anchor,0,overall,4983,71,10.0,False,1.9884076790228713,0.2928978472967933,-0.23314473551179588,0.029829635634584472,4425,87,0.01966101694915254
144,44,tail2_integrated_gru_tuned_anchor,0,q90,558,47,10.0,False,6.897931434393647,0.47074548198913024,-5.563837939580262,-0.3801820750730282,0,0,
144,44,tail2_integrated_gru_tuned_anchor,0,nontail,4425,70,10.0,False,1.3693084122439119,0.2704709591254206,0.4390647125944649,0.08153280728991733,4425,87,0.01966101694915254
144,44,tail2_integrated_gru_tuned_anchor,1,overall,4983,71,10.0,False,1.9884076790228713,0.2928978472967933,-0.23314473551179588,0.029829635634584472,4425,87,0.01966101694915254
144,44,tail2_integrated_gru_tuned_anchor,1,q90,558,47,10.0,False,6.897931434393647,0.47074548198913024,-5.563837939580262,-0.3801820750730282,0,0,
144,44,tail2_integrated_gru_tuned_anchor,1,nontail,4425,70,10.0,False,1.3693084122439119,0.2704709591254206,0.4390647125944649,0.08153280728991733,4425,87,0.01966101694915254
144,44,tail2_integrated_gru_tuned_anchor,3,overall,4983,71,10.0,False,1.771361704131299,0.25278330952975125,-0.3776939848707194,0.015025689149631078,4425,85,0.0192090395480226
144,44,tail2_integrated_gru_tuned_anchor,3,q90,558,47,10.0,False,6.7814913408385005,0.46085438842841886,-5.677958052770755,-0.3838808206534357,0,0,
144,44,tail2_integrated_gru_tuned_anchor,3,nontail,4425,70,10.0,False,1.1395758651973742,0.22654519381778365,0.2906782975898952,0.06532847614852627,4425,85,0.0192090395480226
144,44,tail2_integrated_gru_tuned_anchor,5,overall,4983,71,10.0,False,1.641369799461201,0.22787918339886895,-0.36998800531141557,0.010935679005972844,4425,104,0.02350282485875706
144,44,tail2_integrated_gru_tuned_anchor,5,q90,558,47,10.0,False,6.416761091894593,0.4288566954398543,-5.345471951026019,-0.35390089024774,0,0,
144,44,tail2_integrated_gru_tuned_anchor,5,nontail,4425,70,10.0,False,1.0391848636018037,0.20253557849064974,0.2574289532668327,0.056942188755932564,4425,104,0.02350282485875706
