split_seed,seed,candidate_mae,reference_mae,comparison,comparison_role,region,delta_mae,relative_gain_pct,direction
142,42,1.7539578344867166,1.8969578254544714,tuned_vs_frozen_constant_k0,recurrent_update_in_interaction,overall,-0.14299999096775484,7.538385358329991,candidate_better
142,43,1.849475885601917,1.901014818000544,tuned_vs_frozen_constant_k0,recurrent_update_in_interaction,overall,-0.05153893239862706,2.7111273363368604,candidate_better
142,44,1.9541172825548851,1.9104786664885198,tuned_vs_frozen_constant_k0,recurrent_update_in_interaction,overall,0.04363861606636532,-2.2841718586982918,reference_better
143,42,1.6947279587897848,1.694953332844387,tuned_vs_frozen_constant_k0,recurrent_update_in_interaction,overall,-0.00022537405460232307,0.013296770491266763,candidate_better
143,43,1.7076999462129134,1.7080580435342207,tuned_vs_frozen_constant_k0,recurrent_update_in_interaction,overall,-0.00035809732130731575,0.020965172855968994,candidate_better
143,44,1.7074801708555025,1.7079205312352552,tuned_vs_frozen_constant_k0,recurrent_update_in_interaction,overall,-0.00044036037975270226,0.025783423274039485,candidate_better
144,42,1.935407561342791,1.9361865892350871,tuned_vs_frozen_constant_k0,recurrent_update_in_interaction,overall,-0.0007790278922961136,0.040235166209057205,candidate_better
144,43,1.966815819905296,1.9672575769022216,tuned_vs_frozen_constant_k0,recurrent_update_in_interaction,overall,-0.00044175699692550197,0.022455473147608984,candidate_better
144,44,1.9474731923821809,1.9483390850025142,tuned_vs_frozen_constant_k0,recurrent_update_in_interaction,overall,-0.0008658926203333195,0.044442603805394665,candidate_better
142,42,8.652596657413751,9.181213441089632,tuned_vs_frozen_constant_k0,recurrent_update_in_interaction,q90,-0.528616783675881,5.757591706888199,candidate_better
142,43,8.672682542751236,9.159234821214001,tuned_vs_frozen_constant_k0,recurrent_update_in_interaction,q90,-0.4865522784627654,5.312149846140491,candidate_better
142,44,8.612780741374376,9.26535772350324,tuned_vs_frozen_constant_k0,recurrent_update_in_interaction,q90,-0.6525769821288634,7.04319251995511,candidate_better
143,42,6.416924911457904,6.4137654275600084,tuned_vs_frozen_constant_k0,recurrent_update_in_interaction,q90,0.003159483897895221,-0.04926098301505366,reference_better
143,43,6.387112025858167,6.385529131216685,tuned_vs_frozen_constant_k0,recurrent_update_in_interaction,q90,0.0015828946414826461,-0.02478877801597168,reference_better
143,44,6.421442869344237,6.418903059211282,tuned_vs_frozen_constant_k0,recurrent_update_in_interaction,q90,0.0025398101329550116,-0.03956766614992002,reference_better
144,42,7.21929019912102,7.2261382123281095,tuned_vs_frozen_constant_k0,recurrent_update_in_interaction,q90,-0.006848013207089387,0.09476726026920179,candidate_better
144,43,7.275678615238495,7.2815502730598585,tuned_vs_frozen_constant_k0,recurrent_update_in_interaction,q90,-0.005871657821363563,0.08063746868695043,candidate_better
144,44,7.275445579037239,7.280345777585564,tuned_vs_frozen_constant_k0,recurrent_update_in_interaction,q90,-0.004900198548324575,0.06730722273399214,candidate_better
142,42,1.0837064224882853,1.189241022610536,tuned_vs_frozen_constant_k0,recurrent_update_in_interaction,nontail,-0.1055346001222508,8.874113667100792,candidate_better
142,43,1.1865532404689996,1.1958275585108566,tuned_vs_frozen_constant_k0,recurrent_update_in_interaction,nontail,-0.009274318041857077,0.7755564734940767,candidate_better
142,44,1.3071811695257767,1.1959002982662783,tuned_vs_frozen_constant_k0,recurrent_update_in_interaction,nontail,0.11128087125949837,-9.305196379733705,reference_better
143,42,1.0954298165417395,1.096084765877305,tuned_vs_frozen_constant_k0,recurrent_update_in_interaction,nontail,-0.0006549493355654246,0.05975352964979752,candidate_better
143,43,1.1138316695922295,1.114436099899873,tuned_vs_frozen_constant_k0,recurrent_update_in_interaction,nontail,-0.0006044303076435664,0.054236425731168936,candidate_better
143,44,1.1092270450017259,1.1100456214257797,tuned_vs_frozen_constant_k0,recurrent_update_in_interaction,nontail,-0.0008185764240538074,0.07374259293977392,candidate_better
144,42,1.2691010049856721,1.2691147235433569,tuned_vs_frozen_constant_k0,recurrent_update_in_interaction,nontail,-1.3718557684727628e-05,0.0010809548916412837,candidate_better
144,43,1.2973592233412452,1.2971162606409872,tuned_vs_frozen_constant_k0,recurrent_update_in_interaction,nontail,0.00024296270025803146,-0.018730988703974383,reference_better
144,44,1.2756068439633057,1.2759640037683129,tuned_vs_frozen_constant_k0,recurrent_update_in_interaction,nontail,-0.0003571598050071678,0.02799136997222451,candidate_better
142,42,1.8969578254544714,1.7391617738143508,interaction_frozen_vs_additive_constant_k0,prior_additive_readout,overall,0.15779605164012067,-9.07310947238913,reference_better
142,43,1.901014818000544,1.86390786171316,interaction_frozen_vs_additive_constant_k0,prior_additive_readout,overall,0.03710695628738403,-1.9908149458245372,reference_better
142,44,1.9104786664885198,1.9493041239933855,interaction_frozen_vs_additive_constant_k0,prior_additive_readout,overall,-0.03882545750486566,1.9917598812301818,candidate_better
143,42,1.694953332844387,1.689783698536168,interaction_frozen_vs_additive_constant_k0,prior_additive_readout,overall,0.00516963430821904,-0.30593467747956904,reference_better
143,43,1.7080580435342207,1.7092630947220442,interaction_frozen_vs_additive_constant_k0,prior_additive_readout,overall,-0.001205051187823436,0.07050121140182997,candidate_better
143,44,1.7079205312352552,1.7089032329737481,interaction_frozen_vs_additive_constant_k0,prior_additive_readout,overall,-0.0009827017384929082,0.057504820608411666,candidate_better
144,42,1.9361865892350871,1.9473635293589946,interaction_frozen_vs_additive_constant_k0,prior_additive_readout,overall,-0.011176940123907464,0.5739524210760294,candidate_better
144,43,1.9672575769022216,1.9767746680978462,interaction_frozen_vs_additive_constant_k0,prior_additive_readout,overall,-0.009517091195624605,0.48144542467161155,candidate_better
144,44,1.9483390850025142,1.9628828395819782,interaction_frozen_vs_additive_constant_k0,prior_additive_readout,overall,-0.014543754579463997,0.7409384954713438,candidate_better
142,42,9.181213441089632,8.785782197686402,interaction_frozen_vs_additive_constant_k0,prior_additive_readout,q90,0.3954312434032303,-4.500808630418374,reference_better
142,43,9.159234821214001,8.692501941411829,interaction_frozen_vs_additive_constant_k0,prior_additive_readout,q90,0.4667328798021728,-5.369373316773363,reference_better
142,44,9.26535772350324,8.638663043487556,interaction_frozen_vs_additive_constant_k0,prior_additive_readout,q90,0.6266946800156834,-7.254533217245118,reference_better
143,42,6.4137654275600084,6.462056323462877,interaction_frozen_vs_additive_constant_k0,prior_additive_readout,q90,-0.04829089590286895,0.7472992107408705,candidate_better
143,43,6.385529131216685,6.425383680200916,interaction_frozen_vs_additive_constant_k0,prior_additive_readout,q90,-0.039854548984231464,0.62026722399533,candidate_better
143,44,6.418903059211282,6.463103254818462,interaction_frozen_vs_additive_constant_k0,prior_additive_readout,q90,-0.04420019560717936,0.6838850295982302,candidate_better
144,42,7.2261382123281095,7.282665009709695,interaction_frozen_vs_additive_constant_k0,prior_additive_readout,q90,-0.0565267973815855,0.776182857597052,candidate_better
144,43,7.2815502730598585,7.3137523401644255,interaction_frozen_vs_additive_constant_k0,prior_additive_readout,q90,-0.03220206710456708,0.44029474347558883,candidate_better
144,44,7.280345777585564,7.336245127024887,interaction_frozen_vs_additive_constant_k0,prior_additive_readout,q90,-0.05589934943932384,0.7619613095179223,candidate_better
142,42,1.189241022610536,1.0545329056931911,interaction_frozen_vs_additive_constant_k0,prior_additive_readout,nontail,0.13470811691734497,-12.7741975798086,reference_better
142,43,1.1958275585108566,1.2004617904865709,interaction_frozen_vs_additive_constant_k0,prior_additive_readout,nontail,-0.00463423197571422,0.38603744096143977,candidate_better
142,44,1.1959002982662783,1.2993857304902257,interaction_frozen_vs_additive_constant_k0,prior_additive_readout,nontail,-0.10348543222394735,7.9641810584532795,candidate_better
143,42,1.096084765877305,1.0841304089579298,interaction_frozen_vs_additive_constant_k0,prior_additive_readout,nontail,0.011954356919375186,-1.1026677990580325,reference_better
143,43,1.114436099899873,1.1107361095444541,interaction_frozen_vs_additive_constant_k0,prior_additive_readout,nontail,0.003699990355418903,-0.3331115576080679,reference_better
143,44,1.1100456214257797,1.1055435532472773,interaction_frozen_vs_additive_constant_k0,prior_additive_readout,nontail,0.004502068178502405,-0.40722666830073084,reference_better
144,42,1.2691147235433569,1.2745729698029065,interaction_frozen_vs_additive_constant_k0,prior_additive_readout,nontail,-0.005458246259549604,0.4282411747986159,candidate_better
144,43,1.2971162606409872,1.3037727379253825,interaction_frozen_vs_additive_constant_k0,prior_additive_readout,nontail,-0.006656477284395335,0.5105550293210914,candidate_better
144,44,1.2759640037683129,1.28529274774172,interaction_frozen_vs_additive_constant_k0,prior_additive_readout,nontail,-0.009328743973407105,0.7258069408543566,candidate_better
142,42,1.8969578254544714,1.9859771810113263,interaction_frozen_vs_context_constant_k0,environmental_reference,overall,-0.0890193555568548,4.482395689537744,candidate_better
142,43,1.901014818000544,1.9866003246983654,interaction_frozen_vs_context_constant_k0,environmental_reference,overall,-0.0855855066978215,4.3081391678930885,candidate_better
142,44,1.9104786664885198,1.9991748926144954,interaction_frozen_vs_context_constant_k0,environmental_reference,overall,-0.08869622612597561,4.4366416591987035,candidate_better
143,42,1.694953332844387,1.7108539025725602,interaction_frozen_vs_context_constant_k0,environmental_reference,overall,-0.01590056972817311,0.9293937784087714,candidate_better
143,43,1.7080580435342207,1.724983560091,interaction_frozen_vs_context_constant_k0,environmental_reference,overall,-0.016925516556779208,0.9811987168090064,candidate_better
143,44,1.7079205312352552,1.7278365660323305,interaction_frozen_vs_context_constant_k0,environmental_reference,overall,-0.019916034797075266,1.1526573281643748,candidate_better
144,42,1.9361865892350871,1.980918209844218,interaction_frozen_vs_context_constant_k0,environmental_reference,overall,-0.04473162060913083,2.258125569588687,candidate_better
144,43,1.9672575769022216,2.014782118144112,interaction_frozen_vs_context_constant_k0,environmental_reference,overall,-0.04752454124189054,2.3587930830787363,candidate_better
144,44,1.9483390850025142,1.9942758971023253,interaction_frozen_vs_context_constant_k0,environmental_reference,overall,-0.04593681209981115,2.3034331491724513,candidate_better
142,42,9.181213441089632,9.12621537476948,interaction_frozen_vs_context_constant_k0,environmental_reference,q90,0.05499806632015236,-0.6026382685664133,reference_better
142,43,9.159234821214001,9.117664251195029,interaction_frozen_vs_context_constant_k0,environmental_reference,q90,0.041570570018972575,-0.45593442436229203,reference_better
142,44,9.26535772350324,9.182837423245026,interaction_frozen_vs_context_constant_k0,environmental_reference,q90,0.08252030025821355,-0.8986361889553374,reference_better
143,42,6.4137654275600084,6.389289800017027,interaction_frozen_vs_context_constant_k0,environmental_reference,q90,0.024475627542981826,-0.3830727406184842,reference_better
143,43,6.385529131216685,6.364495428574885,interaction_frozen_vs_context_constant_k0,environmental_reference,q90,0.021033702641799934,-0.33048499881647153,reference_better
143,44,6.418903059211282,6.38582912399914,interaction_frozen_vs_context_constant_k0,environmental_reference,q90,0.0330739352121423,-0.5179270313990125,reference_better
144,42,7.2261382123281095,7.1429456893638665,interaction_frozen_vs_context_constant_k0,environmental_reference,q90,0.08319252296424295,-1.1646808835200861,reference_better
144,43,7.2815502730598585,7.142828158470794,interaction_frozen_vs_context_constant_k0,environmental_reference,q90,0.13872211458906403,-1.9421174849985956,reference_better
144,44,7.280345777585564,7.175607381531261,interaction_frozen_vs_context_constant_k0,environmental_reference,q90,0.10473839605430246,-1.4596450235541125,reference_better
142,42,1.189241022610536,1.2922526863376114,interaction_frozen_vs_context_constant_k0,environmental_reference,nontail,-0.10301166372707526,7.971479944763882,candidate_better
142,43,1.1958275585108566,1.293767174787566,interaction_frozen_vs_context_constant_k0,environmental_reference,nontail,-0.09793961627670944,7.570111391393963,candidate_better
142,44,1.1959002982662783,1.3012314173779658,interaction_frozen_vs_context_constant_k0,environmental_reference,nontail,-0.10533111911168747,8.094726095987903,candidate_better
143,42,1.096084765877305,1.117109514088117,interaction_frozen_vs_context_constant_k0,environmental_reference,nontail,-0.021024748210812128,1.8820668829389042,candidate_better
143,43,1.114436099899873,1.1361790541397714,interaction_frozen_vs_context_constant_k0,environmental_reference,nontail,-0.02174295423989836,1.9136908184212653,candidate_better
143,44,1.1100456214257797,1.1366866596275438,interaction_frozen_vs_context_constant_k0,environmental_reference,nontail,-0.02664103820176411,2.3437451276584476,candidate_better
144,42,1.2691147235433569,1.3299777954776726,interaction_frozen_vs_context_constant_k0,environmental_reference,nontail,-0.06086307193431573,4.5762472231693385,candidate_better
144,43,1.2971162606409872,1.368126820855459,interaction_frozen_vs_context_constant_k0,environmental_reference,nontail,-0.07101056021447172,5.1903492521307655,candidate_better
144,44,1.2759640037683129,1.3409012149980664,interaction_frozen_vs_context_constant_k0,environmental_reference,nontail,-0.06493721122975349,4.842803519262018,candidate_better
142,42,1.7539578344867166,1.7391617738143508,interaction_tuned_vs_additive_constant_k0,prior_additive_readout,overall,0.01479606067236583,-0.8507581580473156,reference_better
142,43,1.849475885601917,1.86390786171316,interaction_tuned_vs_additive_constant_k0,prior_additive_readout,overall,-0.014431976111243028,0.7742859187244489,candidate_better
142,44,1.9541172825548851,1.9493041239933855,interaction_tuned_vs_additive_constant_k0,prior_additive_readout,overall,0.004813158561499664,-0.24691675876822305,reference_better
143,42,1.6947279587897848,1.689783698536168,interaction_tuned_vs_additive_constant_k0,prior_additive_readout,overall,0.004944260253616717,-0.2925972275563904,reference_better
143,43,1.7076999462129134,1.7092630947220442,interaction_tuned_vs_additive_constant_k0,prior_additive_readout,overall,-0.0015631485091307518,0.09145160355696902,candidate_better
143,44,1.7074801708555025,1.7089032329737481,interaction_tuned_vs_additive_constant_k0,prior_additive_readout,overall,-0.0014230621182456105,0.0832734171711591,candidate_better
144,42,1.935407561342791,1.9473635293589946,interaction_tuned_vs_additive_constant_k0,prior_additive_readout,overall,-0.011955968016203578,0.6139566565744992,candidate_better
144,43,1.966815819905296,1.9767746680978462,interaction_tuned_vs_additive_constant_k0,prior_additive_readout,overall,-0.009958848192550107,0.5037927869711689,candidate_better
144,44,1.9474731923821809,1.9628828395819782,interaction_tuned_vs_additive_constant_k0,prior_additive_readout,overall,-0.015409647199797316,0.7850518069167589,candidate_better
142,42,8.652596657413751,8.785782197686402,interaction_tuned_vs_additive_constant_k0,prior_additive_readout,q90,-0.13318554027265073,1.5159212609177075,candidate_better
142,43,8.672682542751236,8.692501941411829,interaction_tuned_vs_additive_constant_k0,prior_additive_readout,q90,-0.01981939866059257,0.22800568575280789,candidate_better
142,44,8.612780741374376,8.638663043487556,interaction_tuned_vs_additive_constant_k0,prior_additive_readout,q90,-0.02588230211317999,0.29961004362465404,candidate_better
143,42,6.416924911457904,6.462056323462877,interaction_tuned_vs_additive_constant_k0,prior_additive_readout,q90,-0.045131412004973726,0.6984063546631059,candidate_better
143,43,6.387112025858167,6.425383680200916,interaction_tuned_vs_additive_constant_k0,prior_additive_readout,q90,-0.03827165434274882,0.5956322026446248,candidate_better
143,44,6.421442869344237,6.463103254818462,interaction_tuned_vs_additive_constant_k0,prior_additive_readout,q90,-0.04166038547422435,0.6445879607936855,candidate_better
144,42,7.21929019912102,7.282665009709695,interaction_tuned_vs_additive_constant_k0,prior_additive_readout,q90,-0.06337481058867489,0.8702145506374381,candidate_better
144,43,7.275678615238495,7.3137523401644255,interaction_tuned_vs_additive_constant_k0,prior_additive_readout,q90,-0.03807372492593064,0.5205771696266459,candidate_better
144,44,7.275445579037239,7.336245127024887,interaction_tuned_vs_additive_constant_k0,prior_additive_readout,q90,-0.06079954798764842,0.8287556772561766,candidate_better
142,42,1.0837064224882853,1.0545329056931911,interaction_tuned_vs_additive_constant_k0,prior_additive_readout,nontail,0.029173516795094168,-2.76648709941556,reference_better
142,43,1.1865532404689996,1.2004617904865709,interaction_tuned_vs_additive_constant_k0,prior_additive_readout,nontail,-0.013908550017571297,1.158599976092023,candidate_better
142,44,1.3071811695257767,1.2993857304902257,interaction_tuned_vs_additive_constant_k0,prior_additive_readout,nontail,0.007795439035551022,-0.5999326337537969,reference_better
143,42,1.0954298165417395,1.0841304089579298,interaction_tuned_vs_additive_constant_k0,prior_additive_readout,nontail,0.011299407583809762,-1.0422553864779749,reference_better
143,43,1.1138316695922295,1.1107361095444541,interaction_tuned_vs_additive_constant_k0,prior_additive_readout,nontail,0.0030955600477753364,-0.2786944640743583,reference_better
143,44,1.1092270450017259,1.1055435532472773,interaction_tuned_vs_additive_constant_k0,prior_additive_readout,nontail,0.003683491754448598,-0.33318377585660475,reference_better
144,42,1.2691010049856721,1.2745729698029065,interaction_tuned_vs_additive_constant_k0,prior_additive_readout,nontail,-0.005471964817234332,0.4293175005963379,candidate_better
144,43,1.2973592233412452,1.3037727379253825,interaction_tuned_vs_additive_constant_k0,prior_additive_readout,nontail,-0.006413514584137303,0.49191967262198766,candidate_better
144,44,1.2756068439633057,1.28529274774172,interaction_tuned_vs_additive_constant_k0,prior_additive_readout,nontail,-0.009685903778414273,0.7535951475204805,candidate_better
142,42,1.7539578344867166,1.9859771810113263,interaction_tuned_vs_context_constant_k0,environmental_reference,overall,-0.23201934652460965,11.682880787505201,candidate_better
142,43,1.849475885601917,1.9866003246983654,interaction_tuned_vs_context_constant_k0,environmental_reference,overall,-0.13712443909644856,6.90246736556176,candidate_better
142,44,1.9541172825548851,1.9991748926144954,interaction_tuned_vs_context_constant_k0,environmental_reference,overall,-0.04505761005961029,2.253810320751104,candidate_better
143,42,1.6947279587897848,1.7108539025725602,interaction_tuned_vs_context_constant_k0,environmental_reference,overall,-0.01612594378277543,0.9425669695423577,candidate_better
143,43,1.7076999462129134,1.724983560091,interaction_tuned_vs_context_constant_k0,environmental_reference,overall,-0.017283613878086523,1.0019581796579358,candidate_better
143,44,1.7074801708555025,1.7278365660323305,interaction_tuned_vs_context_constant_k0,environmental_reference,overall,-0.02035639517682797,1.1781435569205967,candidate_better
144,42,1.935407561342791,1.980918209844218,interaction_tuned_vs_context_constant_k0,environmental_reference,overall,-0.04551064850142694,2.2974521752216037,candidate_better
144,43,1.966815819905296,2.014782118144112,interaction_tuned_vs_context_constant_k0,environmental_reference,overall,-0.04796629823881604,2.380718878078958,candidate_better
144,44,1.9474731923821809,1.9942758971023253,interaction_tuned_vs_context_constant_k0,environmental_reference,overall,-0.04680270472014447,2.3468520473094334,candidate_better
142,42,8.652596657413751,9.12621537476948,interaction_tuned_vs_context_constant_k0,environmental_reference,q90,-0.4736187173557287,5.189650889295305,candidate_better
142,43,8.672682542751236,9.117664251195029,interaction_tuned_vs_context_constant_k0,environmental_reference,q90,-0.4449817084437928,4.880435341600453,candidate_better
142,44,8.612780741374376,9.182837423245026,interaction_tuned_vs_context_constant_k0,environmental_reference,q90,-0.5700566818706498,6.207849007841892,candidate_better
143,42,6.416924911457904,6.389289800017027,interaction_tuned_vs_context_constant_k0,environmental_reference,q90,0.027635111440877047,-0.4325224290312013,reference_better
143,43,6.387112025858167,6.364495428574885,interaction_tuned_vs_context_constant_k0,environmental_reference,q90,0.02261659728328258,-0.3553557000251839,reference_better
143,44,6.421442869344237,6.38582912399914,interaction_tuned_vs_context_constant_k0,environmental_reference,q90,0.035613745345097314,-0.5576996291876135,reference_better
144,42,7.21929019912102,7.1429456893638665,interaction_tuned_vs_context_constant_k0,environmental_reference,q90,0.07634450975715357,-1.0688098870866858,reference_better
144,43,7.275678615238495,7.142828158470794,interaction_tuned_vs_context_constant_k0,environmental_reference,q90,0.13285045676770046,-1.8599139419328115,reference_better
144,44,7.275445579037239,7.175607381531261,interaction_tuned_vs_context_constant_k0,environmental_reference,q90,0.09983819750597789,-1.391355354292978,reference_better
142,42,1.0837064224882853,1.2922526863376114,interaction_tuned_vs_context_constant_k0,environmental_reference,nontail,-0.20854626384932606,16.138195420616185,candidate_better
142,43,1.1865532404689996,1.293767174787566,interaction_tuned_vs_context_constant_k0,environmental_reference,nontail,-0.10721393431856652,8.286957375941373,candidate_better
142,44,1.3071811695257767,1.3012314173779658,interaction_tuned_vs_context_constant_k0,environmental_reference,nontail,0.005949752147810905,-0.4572401241125901,reference_better
143,42,1.0954298165417395,1.117109514088117,interaction_tuned_vs_context_constant_k0,environmental_reference,nontail,-0.021679697546377552,1.9406958111957695,candidate_better
143,43,1.1138316695922295,1.1361790541397714,interaction_tuned_vs_context_constant_k0,environmental_reference,nontail,-0.022347384547541926,1.9668893266529763,candidate_better
143,44,1.1092270450017259,1.1366866596275438,interaction_tuned_vs_context_constant_k0,environmental_reference,nontail,-0.02745961462581792,2.4157593821691914,candidate_better
144,42,1.2691010049856721,1.3299777954776726,interaction_tuned_vs_context_constant_k0,environmental_reference,nontail,-0.060876790492000454,4.577278710892763,candidate_better
144,43,1.2973592233412452,1.368126820855459,interaction_tuned_vs_context_constant_k0,environmental_reference,nontail,-0.07076759751421369,5.17259046715891,candidate_better
144,44,1.2756068439633057,1.3409012149980664,interaction_tuned_vs_context_constant_k0,environmental_reference,nontail,-0.06529437103476066,4.869439322184133,candidate_better
142,42,1.525028046365791,1.5516716618280342,tuned_vs_frozen_constant_k5,recurrent_update_in_interaction,overall,-0.026643615462243142,1.717091064926335,candidate_better
142,43,1.5536604598147148,1.5539058491166284,tuned_vs_frozen_constant_k5,recurrent_update_in_interaction,overall,-0.0002453893019136455,0.015791774131823644,candidate_better
142,44,1.551993325992065,1.5528924656961896,tuned_vs_frozen_constant_k5,recurrent_update_in_interaction,overall,-0.0008991397041244742,0.05790096378124332,candidate_better
143,42,1.5981016388717493,1.6024212442741317,tuned_vs_frozen_constant_k5,recurrent_update_in_interaction,overall,-0.004319605402382409,0.26956740731050033,candidate_better
143,43,1.5940182060288757,1.5942521328486008,tuned_vs_frozen_constant_k5,recurrent_update_in_interaction,overall,-0.00023392681972511653,0.014673138263721075,candidate_better
143,44,1.5990328178929585,1.599216509169377,tuned_vs_frozen_constant_k5,recurrent_update_in_interaction,overall,-0.00018369127641859606,0.011486329422272235,candidate_better
144,42,1.6444236562538828,1.6448843210340198,tuned_vs_frozen_constant_k5,recurrent_update_in_interaction,overall,-0.0004606647801370656,0.028005907421346787,candidate_better
144,43,1.6505637198869123,1.6507470664391206,tuned_vs_frozen_constant_k5,recurrent_update_in_interaction,overall,-0.00018334655220830776,0.011106883418776636,candidate_better
144,44,1.6435772186057356,1.6438217679697178,tuned_vs_frozen_constant_k5,recurrent_update_in_interaction,overall,-0.00024454936398221605,0.01487687830562523,candidate_better
142,42,7.298170972897623,7.41540019921673,tuned_vs_frozen_constant_k5,recurrent_update_in_interaction,q90,-0.11722922631910748,1.5808887338472966,candidate_better
142,43,7.36120002314022,7.42078928491854,tuned_vs_frozen_constant_k5,recurrent_update_in_interaction,q90,-0.05958926177832069,0.8030043636924944,candidate_better
142,44,7.315922680038617,7.459479914556789,tuned_vs_frozen_constant_k5,recurrent_update_in_interaction,q90,-0.14355723451817237,1.9244938811086243,candidate_better
143,42,6.207810667124163,6.221990832388585,tuned_vs_frozen_constant_k5,recurrent_update_in_interaction,q90,-0.01418016526442134,0.22790398839237502,candidate_better
143,43,6.2042981863051905,6.205284726869313,tuned_vs_frozen_constant_k5,recurrent_update_in_interaction,q90,-0.0009865405641225067,0.015898393184932136,candidate_better
143,44,6.2065887468815015,6.207516909290081,tuned_vs_frozen_constant_k5,recurrent_update_in_interaction,q90,-0.0009281624085790696,0.01495223327043771,candidate_better
144,42,6.6339695411240776,6.639519432304536,tuned_vs_frozen_constant_k5,recurrent_update_in_interaction,q90,-0.005549891180458566,0.08358874820751927,candidate_better
144,43,6.669995266877078,6.673752070423702,tuned_vs_frozen_constant_k5,recurrent_update_in_interaction,q90,-0.003756803546623999,0.05629222522773869,candidate_better
144,44,6.651072894879892,6.655085586951377,tuned_vs_frozen_constant_k5,recurrent_update_in_interaction,q90,-0.0040126920714849135,0.06029512346696908,candidate_better
142,42,0.9641264978868497,0.9819690824295191,tuned_vs_frozen_constant_k5,recurrent_update_in_interaction,nontail,-0.017842584542669404,1.8170210103280016,candidate_better
142,43,0.9894170355004509,0.9838967490883997,tuned_vs_frozen_constant_k5,recurrent_update_in_interaction,nontail,0.005520286412051156,-0.5610635889554239,reference_better
142,44,0.9919869410557177,0.9790258407999901,tuned_vs_frozen_constant_k5,recurrent_update_in_interaction,nontail,0.012961100255727609,-1.3238772375136376,reference_better
143,42,1.013079437420621,1.016147630553232,tuned_vs_frozen_constant_k5,recurrent_update_in_interaction,nontail,-0.0030681931326110856,0.30194363893174536,candidate_better
143,43,1.0089235445574083,1.0090619565090815,tuned_vs_frozen_constant_k5,recurrent_update_in_interaction,nontail,-0.00013841195167318965,0.013716893277004871,candidate_better
143,44,1.0142838681511186,1.0143730779455207,tuned_vs_frozen_constant_k5,recurrent_update_in_interaction,nontail,-8.920979440207866e-05,0.00879457433775599,candidate_better
144,42,1.015233463314319,1.015052368019568,tuned_vs_frozen_constant_k5,recurrent_update_in_interaction,nontail,0.00018109529475096586,-0.017840980471217627,reference_better
144,43,1.0176048943003557,1.0173376218688615,tuned_vs_frozen_constant_k5,recurrent_update_in_interaction,nontail,0.0002672724314942698,-0.02627175342275745,reference_better
144,44,1.0121235265467572,1.0118929067286409,tuned_vs_frozen_constant_k5,recurrent_update_in_interaction,nontail,0.00023061981811633991,-0.02279093139034849,reference_better
142,42,1.5516716618280342,1.5265638506607402,interaction_frozen_vs_additive_constant_k5,prior_additive_readout,overall,0.025107811167293992,-1.644727219004083,reference_better
142,43,1.5539058491166284,1.5574313951947636,interaction_frozen_vs_additive_constant_k5,prior_additive_readout,overall,-0.0035255460781351555,0.22636926987684713,candidate_better
142,44,1.5528924656961896,1.5605257400089048,interaction_frozen_vs_additive_constant_k5,prior_additive_readout,overall,-0.00763327431271521,0.4891476069258327,candidate_better
143,42,1.6024212442741317,1.6056685256425987,interaction_frozen_vs_additive_constant_k5,prior_additive_readout,overall,-0.00324728136846697,0.2022385888872935,candidate_better
143,43,1.5942521328486008,1.6001042382870412,interaction_frozen_vs_additive_constant_k5,prior_additive_readout,overall,-0.0058521054384403914,0.36573276280458256,candidate_better
143,44,1.599216509169377,1.6060526011511875,interaction_frozen_vs_additive_constant_k5,prior_additive_readout,overall,-0.006836091981810455,0.42564558451637646,candidate_better
144,42,1.6448843210340198,1.6557872105722211,interaction_frozen_vs_additive_constant_k5,prior_additive_readout,overall,-0.010902889538201288,0.6584716604033591,candidate_better
144,43,1.6507470664391206,1.660459614060094,interaction_frozen_vs_additive_constant_k5,prior_additive_readout,overall,-0.0097125476209734,0.5849312767821302,candidate_better
144,44,1.6438217679697178,1.655570616448038,interaction_frozen_vs_additive_constant_k5,prior_additive_readout,overall,-0.01174884847832014,0.7096555327568477,candidate_better
142,42,7.41540019921673,7.360146993253161,interaction_frozen_vs_additive_constant_k5,prior_additive_readout,q90,0.05525320596356931,-0.7507079140432804,reference_better
142,43,7.42078928491854,7.395340365080219,interaction_frozen_vs_additive_constant_k5,prior_additive_readout,q90,0.025448919838320982,-0.3441210083918067,reference_better
142,44,7.459479914556789,7.347673246629015,interaction_frozen_vs_additive_constant_k5,prior_additive_readout,q90,0.11180666792777405,-1.5216608601786863,reference_better
143,42,6.221990832388585,6.226019788548176,interaction_frozen_vs_additive_constant_k5,prior_additive_readout,q90,-0.004028956159591424,0.06471158615657391,candidate_better
143,43,6.205284726869313,6.219661791092904,interaction_frozen_vs_additive_constant_k5,prior_additive_readout,q90,-0.014377064223591418,0.23115508055728817,candidate_better
143,44,6.207516909290081,6.225554948384564,interaction_frozen_vs_additive_constant_k5,prior_additive_readout,q90,-0.018038039094482983,0.2897418662919926,candidate_better
144,42,6.639519432304536,6.688378949310323,interaction_frozen_vs_additive_constant_k5,prior_additive_readout,q90,-0.048859517005786834,0.730513587463899,candidate_better
144,43,6.673752070423702,6.703715027639427,interaction_frozen_vs_additive_constant_k5,prior_additive_readout,q90,-0.029962957215724728,0.44696048522628873,candidate_better
144,44,6.655085586951377,6.70350353116184,interaction_frozen_vs_additive_constant_k5,prior_additive_readout,q90,-0.048417944210463304,0.7222781935653177,candidate_better
142,42,0.9819690824295191,0.9597901089570327,interaction_frozen_vs_additive_constant_k5,prior_additive_readout,nontail,0.02217897347248643,-2.310814965220631,reference_better
142,43,0.9838967490883997,0.9902373688630826,interaction_frozen_vs_additive_constant_k5,prior_additive_readout,nontail,-0.00634061977468281,0.6403131182539212,candidate_better
142,44,0.9790258407999901,0.9982635478117536,interaction_frozen_vs_additive_constant_k5,prior_additive_readout,nontail,-0.019237707011763527,1.9271170477909938,candidate_better
143,42,1.016147630553232,1.0192957088908092,interaction_frozen_vs_additive_constant_k5,prior_additive_readout,nontail,-0.0031480783375772425,0.30884838522502456,candidate_better
143,43,1.0090619565090815,1.0138321519776732,interaction_frozen_vs_additive_constant_k5,prior_additive_readout,nontail,-0.004770195468591698,0.4705113621901291,candidate_better
143,44,1.0143730779455207,1.0197875210292706,interaction_frozen_vs_additive_constant_k5,prior_additive_readout,nontail,-0.005414443083749942,0.5309383545196944,candidate_better
144,42,1.015052368019568,1.0211688625008402,interaction_frozen_vs_additive_constant_k5,prior_additive_readout,nontail,-0.006116494481272161,0.598969935911764,candidate_better
144,43,1.0173376218688615,1.0244965585172088,interaction_frozen_vs_additive_constant_k5,prior_additive_readout,nontail,-0.007158936648347325,0.6987760562816026,candidate_better
144,44,1.0118929067286409,1.0190177200841277,interaction_frozen_vs_additive_constant_k5,prior_additive_readout,nontail,-0.00712481335548687,0.6991844415520698,candidate_better
142,42,1.5516716618280342,1.5752857457940823,interaction_frozen_vs_context_constant_k5,environmental_reference,overall,-0.02361408396604814,1.499034954711953,candidate_better
142,43,1.5539058491166284,1.5767642981105223,interaction_frozen_vs_context_constant_k5,environmental_reference,overall,-0.022858448993893887,1.4497061495675534,candidate_better
142,44,1.5528924656961896,1.578495536380702,interaction_frozen_vs_context_constant_k5,environmental_reference,overall,-0.025603070684512508,1.621991959712299,candidate_better
143,42,1.6024212442741317,1.6076240849607295,interaction_frozen_vs_context_constant_k5,environmental_reference,overall,-0.0052028406865978205,0.3236354030317301,candidate_better
143,43,1.5942521328486008,1.6016889952341113,interaction_frozen_vs_context_constant_k5,environmental_reference,overall,-0.0074368623855105565,0.46431375926532237,candidate_better
143,44,1.599216509169377,1.6078493433613148,interaction_frozen_vs_context_constant_k5,environmental_reference,overall,-0.008632834191937722,0.5369181029044823,candidate_better
144,42,1.6448843210340198,1.6766549827430195,interaction_frozen_vs_context_constant_k5,environmental_reference,overall,-0.03177066170899967,1.8948836842403116,candidate_better
144,43,1.6507470664391206,1.6342050441452405,interaction_frozen_vs_context_constant_k5,environmental_reference,overall,0.016542022293880132,-1.0122366439354824,reference_better
144,44,1.6438217679697178,1.6258584942803695,interaction_frozen_vs_context_constant_k5,environmental_reference,overall,0.017963273689348247,-1.1048485309478995,reference_better
142,42,7.41540019921673,7.461541908847622,interaction_frozen_vs_context_constant_k5,environmental_reference,q90,-0.04614170963089137,0.618393760895164,candidate_better
142,43,7.42078928491854,7.4757563846506745,interaction_frozen_vs_context_constant_k5,environmental_reference,q90,-0.054967099732134095,0.7352714147426331,candidate_better
142,44,7.459479914556789,7.511521945645012,interaction_frozen_vs_context_constant_k5,environmental_reference,q90,-0.05204203108822281,0.6928293821786058,candidate_better
143,42,6.221990832388585,6.231790073396975,interaction_frozen_vs_context_constant_k5,environmental_reference,q90,-0.009799241008390247,0.15724600625143248,candidate_better
143,43,6.205284726869313,6.225048763424988,interaction_frozen_vs_context_constant_k5,environmental_reference,q90,-0.01976403655567527,0.31749207607494334,candidate_better
143,44,6.207516909290081,6.231795297841011,interaction_frozen_vs_context_constant_k5,environmental_reference,q90,-0.024278388550930785,0.3895889930682128,candidate_better
144,42,6.639519432304536,6.6253036841390225,interaction_frozen_vs_context_constant_k5,environmental_reference,q90,0.01421574816551363,-0.2145674952160448,reference_better
144,43,6.673752070423702,6.469064316232274,interaction_frozen_vs_context_constant_k5,environmental_reference,q90,0.20468775419142826,-3.164101393733598,reference_better
144,44,6.655085586951377,6.460767866432455,interaction_frozen_vs_context_constant_k5,environmental_reference,q90,0.1943177205189217,-3.007656745083165,reference_better
142,42,0.9819690824295191,1.0033944486936555,interaction_frozen_vs_context_constant_k5,environmental_reference,nontail,-0.02142536626413638,2.1352884991570953,candidate_better
142,43,0.9838967490883997,1.0036356162275157,interaction_frozen_vs_context_constant_k5,environmental_reference,nontail,-0.01973886713911599,1.966736415085668,candidate_better
142,44,0.9790258407999901,1.0020601800293254,interaction_frozen_vs_context_constant_k5,environmental_reference,nontail,-0.023034339229335288,2.298698190827342,candidate_better
143,42,1.016147630553232,1.0207671380579468,interaction_frozen_vs_context_constant_k5,environmental_reference,nontail,-0.004619507504714848,0.4525525296105837,candidate_better
143,43,1.0090619565090815,1.014934366447268,interaction_frozen_vs_context_constant_k5,environmental_reference,nontail,-0.005872409938186607,0.5785999698426525,candidate_better
143,44,1.0143730779455207,1.0210203211602573,interaction_frozen_vs_context_constant_k5,environmental_reference,nontail,-0.006647243214736642,0.651039266993525,candidate_better
144,42,1.015052368019568,1.0526219939568118,interaction_frozen_vs_context_constant_k5,environmental_reference,nontail,-0.03756962593724378,3.569146963766101,candidate_better
144,43,1.0173376218688615,1.0245210952583335,interaction_frozen_vs_context_constant_k5,environmental_reference,nontail,-0.007183473389472006,0.7011542683423855,candidate_better
144,44,1.0118929067286409,1.0161682276903437,interaction_frozen_vs_context_constant_k5,environmental_reference,nontail,-0.0042753209617028,0.42072964349813,candidate_better
142,42,1.525028046365791,1.5265638506607402,interaction_tuned_vs_additive_constant_k5,prior_additive_readout,overall,-0.0015358042949491502,0.10060531004218998,candidate_better
142,43,1.5536604598147148,1.5574313951947636,interaction_tuned_vs_additive_constant_k5,prior_additive_readout,overall,-0.003770935380048801,0.24212529628486745,candidate_better
142,44,1.551993325992065,1.5605257400089048,interaction_tuned_vs_additive_constant_k5,prior_additive_readout,overall,-0.008532414016839684,0.5467653495283553,candidate_better
143,42,1.5981016388717493,1.6056685256425987,interaction_tuned_vs_additive_constant_k5,prior_additive_readout,overall,-0.007566886770849379,0.4712608268771401,candidate_better
143,43,1.5940182060288757,1.6001042382870412,interaction_tuned_vs_additive_constant_k5,prior_additive_readout,overall,-0.006086032258165508,0.38035223659433903,candidate_better
143,44,1.5990328178929585,1.6060526011511875,interaction_tuned_vs_additive_constant_k5,prior_additive_readout,overall,-0.007019783258229051,0.4370830228846434,candidate_better
144,42,1.6444236562538828,1.6557872105722211,interaction_tuned_vs_additive_constant_k5,prior_additive_readout,overall,-0.011363554318338354,0.6862931568610953,candidate_better
144,43,1.6505637198869123,1.660459614060094,interaction_tuned_vs_additive_constant_k5,prior_additive_readout,overall,-0.009895894173181707,0.595973192565924,candidate_better
144,44,1.6435772186057356,1.655570616448038,interaction_tuned_vs_additive_constant_k5,prior_additive_readout,overall,-0.011993397842302356,0.7244268364724693,candidate_better
142,42,7.298170972897623,7.360146993253161,interaction_tuned_vs_additive_constant_k5,prior_additive_readout,q90,-0.061976020355538175,0.8420486766412383,candidate_better
142,43,7.36120002314022,7.395340365080219,interaction_tuned_vs_additive_constant_k5,prior_additive_readout,q90,-0.03414034193999971,0.4616466620144477,candidate_better
142,44,7.315922680038617,7.347673246629015,interaction_tuned_vs_additive_constant_k5,prior_additive_readout,q90,-0.03175056659039832,0.43211729107530683,candidate_better
143,42,6.207810667124163,6.226019788548176,interaction_tuned_vs_additive_constant_k5,prior_additive_readout,q90,-0.018209121424012764,0.292468094263143,candidate_better
143,43,6.2042981863051905,6.219661791092904,interaction_tuned_vs_additive_constant_k5,prior_additive_readout,q90,-0.015363604787713925,0.24701672379864315,candidate_better
143,44,6.2065887468815015,6.225554948384564,interaction_tuned_vs_additive_constant_k5,prior_additive_readout,q90,-0.018966201503062052,0.30465077668270224,candidate_better
144,42,6.6339695411240776,6.688378949310323,interaction_tuned_vs_additive_constant_k5,prior_additive_readout,q90,-0.0544094081862454,0.8134917085081739,candidate_better
144,43,6.669995266877078,6.703715027639427,interaction_tuned_vs_additive_constant_k5,prior_additive_readout,q90,-0.03371976076234873,0.5030011064510065,candidate_better
144,44,6.651072894879892,6.70350353116184,interaction_tuned_vs_additive_constant_k5,prior_additive_readout,q90,-0.05243063628194822,0.7821378185037031,candidate_better
142,42,0.9641264978868497,0.9597901089570327,interaction_tuned_vs_additive_constant_k5,prior_additive_readout,nontail,0.0043363889298170255,-0.4518059614647685,reference_better
142,43,0.9894170355004509,0.9902373688630826,interaction_tuned_vs_additive_constant_k5,prior_additive_readout,nontail,-0.0008203333626316534,0.0828420930603202,candidate_better
142,44,0.9919869410557177,0.9982635478117536,interaction_tuned_vs_additive_constant_k5,prior_additive_readout,nontail,-0.0062766067560359184,0.628752474213301,candidate_better
143,42,1.013079437420621,1.0192957088908092,interaction_tuned_vs_additive_constant_k5,prior_additive_readout,nontail,-0.006216271470188328,0.6098594761036358,candidate_better
143,43,1.0089235445574083,1.0138321519776732,interaction_tuned_vs_additive_constant_k5,prior_additive_readout,nontail,-0.004908607420264888,0.48416371592573393,candidate_better
143,44,1.0142838681511186,1.0197875210292706,interaction_tuned_vs_additive_constant_k5,prior_additive_readout,nontail,-0.005503652878152021,0.5396862350891651,candidate_better
144,42,1.015233463314319,1.0211688625008402,interaction_tuned_vs_additive_constant_k5,prior_additive_readout,nontail,-0.005935399186521195,0.5812358175498411,candidate_better
144,43,1.0176048943003557,1.0244965585172088,interaction_tuned_vs_additive_constant_k5,prior_additive_readout,nontail,-0.006891664216853055,0.6726878835813355,candidate_better
144,44,1.0121235265467572,1.0190177200841277,interaction_tuned_vs_additive_constant_k5,prior_additive_readout,nontail,-0.00689419353737053,0.6765528608080884,candidate_better
142,42,1.525028046365791,1.5752857457940823,interaction_tuned_vs_context_constant_k5,environmental_reference,overall,-0.05025769942829128,3.1903862243708003,candidate_better
142,43,1.5536604598147148,1.5767642981105223,interaction_tuned_vs_context_constant_k5,environmental_reference,overall,-0.023103838295807533,1.4652689893786541,candidate_better
142,44,1.551993325992065,1.578495536380702,interaction_tuned_vs_context_constant_k5,environmental_reference,overall,-0.026502210388636982,1.678953774516423,candidate_better
143,42,1.5981016388717493,1.6076240849607295,interaction_tuned_vs_context_constant_k5,environmental_reference,overall,-0.00952244608898023,0.5923303947771408,candidate_better
143,43,1.5940182060288757,1.6016889952341113,interaction_tuned_vs_context_constant_k5,environmental_reference,overall,-0.007670789205235673,0.47891876812916623,candidate_better
143,44,1.5990328178929585,1.6078493433613148,interaction_tuned_vs_context_constant_k5,environmental_reference,overall,-0.008816525468356318,0.5483427601447266,candidate_better
144,42,1.6444236562538828,1.6766549827430195,interaction_tuned_vs_context_constant_k5,environmental_reference,overall,-0.032231326489136736,1.922358912291311,candidate_better
144,43,1.6505637198869123,1.6342050441452405,interaction_tuned_vs_context_constant_k5,environmental_reference,overall,0.016358675741671824,-1.00101733257274,reference_better
144,44,1.6435772186057356,1.6258584942803695,interaction_tuned_vs_context_constant_k5,environmental_reference,overall,0.01771872432536603,-1.0898072856708518,reference_better
142,42,7.298170972897623,7.461541908847622,interaction_tuned_vs_context_constant_k5,environmental_reference,q90,-0.16337093594999885,2.189506377445649,candidate_better
142,43,7.36120002314022,7.4757563846506745,interaction_tuned_vs_context_constant_k5,environmental_reference,q90,-0.11455636151045478,1.5323715168897634,candidate_better
142,44,7.315922680038617,7.511521945645012,interaction_tuned_vs_context_constant_k5,environmental_reference,q90,-0.19559926560639518,2.6039898042206855,candidate_better
143,42,6.207810667124163,6.231790073396975,interaction_tuned_vs_context_constant_k5,environmental_reference,q90,-0.023979406272811588,0.3847916247239791,candidate_better
143,43,6.2042981863051905,6.225048763424988,interaction_tuned_vs_context_constant_k5,environmental_reference,q90,-0.020750577119797775,0.3333399931212844,candidate_better
143,44,6.2065887468815015,6.231795297841011,interaction_tuned_vs_context_constant_k5,environmental_reference,q90,-0.025206550959509855,0.40448297408360867,candidate_better
144,42,6.6339695411240776,6.6253036841390225,interaction_tuned_vs_context_constant_k5,environmental_reference,q90,0.008665856985055065,-0.13079939272522267,reference_better
144,43,6.669995266877078,6.469064316232274,interaction_tuned_vs_context_constant_k5,environmental_reference,q90,0.20093095064480426,-3.106028025422858,reference_better
144,44,6.651072894879892,6.460767866432455,interaction_tuned_vs_context_constant_k5,environmental_reference,q90,0.1903050284474368,-2.9455481512682846,reference_better
142,42,0.9641264978868497,1.0033944486936555,interaction_tuned_vs_context_constant_k5,environmental_reference,nontail,-0.039267950806805785,3.913510868824288,candidate_better
142,43,0.9894170355004509,1.0036356162275157,interaction_tuned_vs_context_constant_k5,environmental_reference,nontail,-0.014218580727064833,1.416707468046008,candidate_better
142,44,0.9919869410557177,1.0020601800293254,interaction_tuned_vs_context_constant_k5,environmental_reference,nontail,-0.010073238973607679,1.0052528954212048,candidate_better
143,42,1.013079437420621,1.0207671380579468,interaction_tuned_vs_context_constant_k5,environmental_reference,nontail,-0.007687700637325934,0.7531297149663496,candidate_better
143,43,1.0089235445574083,1.014934366447268,interaction_tuned_vs_context_constant_k5,environmental_reference,nontail,-0.0060108218898597965,0.5922374971792932,candidate_better
143,44,1.0142838681511186,1.0210203211602573,interaction_tuned_vs_context_constant_k5,environmental_reference,nontail,-0.006736453009138721,0.6597765851989679,candidate_better
144,42,1.015233463314319,1.0526219939568118,interaction_tuned_vs_context_constant_k5,environmental_reference,nontail,-0.03738853064249281,3.5519427541076842,candidate_better
144,43,1.0176048943003557,1.0245210952583335,interaction_tuned_vs_context_constant_k5,environmental_reference,nontail,-0.006916200957977736,0.6750667204401317,candidate_better
144,44,1.0121235265467572,1.0161682276903437,interaction_tuned_vs_context_constant_k5,environmental_reference,nontail,-0.00404470114358646,0.3980346003121693,candidate_better
142,42,1.5516716618280342,1.5554958697492671,interaction_frozen_constant_vs_v4_fusion_gru_tuned_anchor_k5,prior_fusion_reference,overall,-0.003824207921232947,0.24585137097467014,candidate_better
142,43,1.5539058491166284,1.5756961141541557,interaction_frozen_constant_vs_v4_fusion_gru_tuned_anchor_k5,prior_fusion_reference,overall,-0.021790265037527234,1.3828976819698746,candidate_better
142,44,1.5528924656961896,1.559272081516331,interaction_frozen_constant_vs_v4_fusion_gru_tuned_anchor_k5,prior_fusion_reference,overall,-0.00637961582014146,0.40914064298115393,candidate_better
143,42,1.6024212442741317,1.6060310175570602,interaction_frozen_constant_vs_v4_fusion_gru_tuned_anchor_k5,prior_fusion_reference,overall,-0.0036097732829285523,0.22476360938653572,candidate_better
143,43,1.5942521328486008,1.6014388507929376,interaction_frozen_constant_vs_v4_fusion_gru_tuned_anchor_k5,prior_fusion_reference,overall,-0.007186717944336785,0.448766304175674,candidate_better
143,44,1.599216509169377,1.5897509213413876,interaction_frozen_constant_vs_v4_fusion_gru_tuned_anchor_k5,prior_fusion_reference,overall,0.009465587827989452,-0.5954132626010855,reference_better
144,42,1.6448843210340198,1.6239007513123207,interaction_frozen_constant_vs_v4_fusion_gru_tuned_anchor_k5,prior_fusion_reference,overall,0.020983569721699125,-1.2921707009952321,reference_better
144,43,1.6507470664391206,1.6280811548168912,interaction_frozen_constant_vs_v4_fusion_gru_tuned_anchor_k5,prior_fusion_reference,overall,0.022665911622229418,-1.3921856140383104,reference_better
144,44,1.6438217679697178,1.6172173703055515,interaction_frozen_constant_vs_v4_fusion_gru_tuned_anchor_k5,prior_fusion_reference,overall,0.026604397664166335,-1.6450724653755078,reference_better
142,42,7.41540019921673,7.293388179711354,interaction_frozen_constant_vs_v4_fusion_gru_tuned_anchor_k5,prior_fusion_reference,q90,0.12201201950537666,-1.6729127327239857,reference_better
142,43,7.42078928491854,7.475964906206744,interaction_frozen_constant_vs_v4_fusion_gru_tuned_anchor_k5,prior_fusion_reference,q90,-0.0551756212882033,0.7380401323499375,candidate_better
142,44,7.459479914556789,7.439700528410219,interaction_frozen_constant_vs_v4_fusion_gru_tuned_anchor_k5,prior_fusion_reference,q90,0.019779386146570488,-0.26586266572208306,reference_better
143,42,6.221990832388585,6.233149392907182,interaction_frozen_constant_vs_v4_fusion_gru_tuned_anchor_k5,prior_fusion_reference,q90,-0.01115856051859776,0.17901962258910498,candidate_better
143,43,6.205284726869313,6.222271754263846,interaction_frozen_constant_vs_v4_fusion_gru_tuned_anchor_k5,prior_fusion_reference,q90,-0.016987027394533172,0.27300362416496915,candidate_better
143,44,6.207516909290081,6.21052286997793,interaction_frozen_constant_vs_v4_fusion_gru_tuned_anchor_k5,prior_fusion_reference,q90,-0.0030059606878491962,0.0484010887775721,candidate_better
144,42,6.639519432304536,6.432189700224054,interaction_frozen_constant_vs_v4_fusion_gru_tuned_anchor_k5,prior_fusion_reference,q90,0.2073297320804821,-3.223314947835876,reference_better
144,43,6.673752070423702,6.471094550981552,interaction_frozen_constant_vs_v4_fusion_gru_tuned_anchor_k5,prior_fusion_reference,q90,0.20265751944215005,-3.131734791472196,reference_better
144,44,6.655085586951377,6.419490232048773,interaction_frozen_constant_vs_v4_fusion_gru_tuned_anchor_k5,prior_fusion_reference,q90,0.2355953549026042,-3.6700009874057304,reference_better
142,42,0.9819690824295191,0.9980191672633014,interaction_frozen_constant_vs_v4_fusion_gru_tuned_anchor_k5,prior_fusion_reference,nontail,-0.01605008483378234,1.6081940467930878,candidate_better
142,43,0.9838967490883997,1.0024433913270756,interaction_frozen_constant_vs_v4_fusion_gru_tuned_anchor_k5,prior_fusion_reference,nontail,-0.01854664223867586,1.8501435990438408,candidate_better
142,44,0.9790258407999901,0.9879469881388404,interaction_frozen_constant_vs_v4_fusion_gru_tuned_anchor_k5,prior_fusion_reference,nontail,-0.0089211473388503,0.9029985865594448,candidate_better
143,42,1.016147630553232,1.0187993806507856,interaction_frozen_constant_vs_v4_fusion_gru_tuned_anchor_k5,prior_fusion_reference,nontail,-0.0026517500975535846,0.26028187177142836,candidate_better
143,43,1.0090619565090815,1.01500490861607,interaction_frozen_constant_vs_v4_fusion_gru_tuned_anchor_k5,prior_fusion_reference,nontail,-0.005942952106988475,0.5855096912872559,candidate_better
143,44,1.0143730779455207,1.003324714995821,interaction_frozen_constant_vs_v4_fusion_gru_tuned_anchor_k5,prior_fusion_reference,nontail,0.011048362949699575,-1.101175201265292,reference_better
144,42,1.015052368019568,1.0175673652122648,interaction_frozen_constant_vs_v4_fusion_gru_tuned_anchor_k5,prior_fusion_reference,nontail,-0.0025149971926967662,0.24715780779507313,candidate_better
144,43,1.0173376218688615,1.0173689570632458,interaction_frozen_constant_vs_v4_fusion_gru_tuned_anchor_k5,prior_fusion_reference,nontail,-3.133519438436316e-05,0.0030800226571536804,candidate_better
144,44,1.0118929067286409,1.0116426229942028,interaction_frozen_constant_vs_v4_fusion_gru_tuned_anchor_k5,prior_fusion_reference,nontail,0.0002502837344380282,-0.024740331096095858,reference_better
142,42,1.5516716618280342,1.5564278417176576,interaction_frozen_constant_vs_v4_fusion_tree_episodic_k5,prior_fusion_reference,overall,-0.004756179889623402,0.30558306412551417,candidate_better
142,43,1.5539058491166284,1.5675289398302115,interaction_frozen_constant_vs_v4_fusion_tree_episodic_k5,prior_fusion_reference,overall,-0.01362309071358303,0.8690806509166316,candidate_better
142,44,1.5528924656961896,1.578495536380702,interaction_frozen_constant_vs_v4_fusion_tree_episodic_k5,prior_fusion_reference,overall,-0.025603070684512508,1.621991959712299,candidate_better
143,42,1.6024212442741317,1.598014837565704,interaction_frozen_constant_vs_v4_fusion_tree_episodic_k5,prior_fusion_reference,overall,0.004406406708427735,-0.27574254035964696,reference_better
143,43,1.5942521328486008,1.5923607121771113,interaction_frozen_constant_vs_v4_fusion_tree_episodic_k5,prior_fusion_reference,overall,0.0018914206714895077,-0.11878091798078749,reference_better
143,44,1.599216509169377,1.5993254849324656,interaction_frozen_constant_vs_v4_fusion_tree_episodic_k5,prior_fusion_reference,overall,-0.00010897576308854795,0.006813857724097261,candidate_better
144,42,1.6448843210340198,1.6178016110267814,interaction_frozen_constant_vs_v4_fusion_tree_episodic_k5,prior_fusion_reference,overall,0.027082710007238386,-1.6740439509174143,reference_better
144,43,1.6507470664391206,1.6292273415552154,interaction_frozen_constant_vs_v4_fusion_tree_episodic_k5,prior_fusion_reference,overall,0.02151972488390519,-1.3208546367361462,reference_better
144,44,1.6438217679697178,1.617607624023374,interaction_frozen_constant_vs_v4_fusion_tree_episodic_k5,prior_fusion_reference,overall,0.026214143946343693,-1.6205502222561785,reference_better
142,42,7.41540019921673,7.370128047542128,interaction_frozen_constant_vs_v4_fusion_tree_episodic_k5,prior_fusion_reference,q90,0.04527215167460241,-0.6142654697797401,reference_better
142,43,7.42078928491854,7.486051479391872,interaction_frozen_constant_vs_v4_fusion_tree_episodic_k5,prior_fusion_reference,q90,-0.06526219447333137,0.8717839391432114,candidate_better
142,44,7.459479914556789,7.511521945645012,interaction_frozen_constant_vs_v4_fusion_tree_episodic_k5,prior_fusion_reference,q90,-0.05204203108822281,0.6928293821786058,candidate_better
143,42,6.221990832388585,6.2299033150219785,interaction_frozen_constant_vs_v4_fusion_tree_episodic_k5,prior_fusion_reference,q90,-0.007912482633393836,0.1270081128597056,candidate_better
143,43,6.205284726869313,6.227416962347187,interaction_frozen_constant_vs_v4_fusion_tree_episodic_k5,prior_fusion_reference,q90,-0.022132235477873685,0.35539992924340513,candidate_better
143,44,6.207516909290081,6.229242440844409,interaction_frozen_constant_vs_v4_fusion_tree_episodic_k5,prior_fusion_reference,q90,-0.021725531554328548,0.3487668325746429,candidate_better
144,42,6.639519432304536,6.453006596276329,interaction_frozen_constant_vs_v4_fusion_tree_episodic_k5,prior_fusion_reference,q90,0.18651283602820712,-2.8903245835179003,reference_better
144,43,6.673752070423702,6.459055107452035,interaction_frozen_constant_vs_v4_fusion_tree_episodic_k5,prior_fusion_reference,q90,0.21469696297166685,-3.323968589832327,reference_better
144,44,6.655085586951377,6.437512393565284,interaction_frozen_constant_vs_v4_fusion_tree_episodic_k5,prior_fusion_reference,q90,0.2175731933860927,-3.3797712545543535,reference_better
142,42,0.9819690824295191,0.9915858675387413,interaction_frozen_constant_vs_v4_fusion_tree_episodic_k5,prior_fusion_reference,nontail,-0.009616785109222259,0.969838863586514,candidate_better
142,43,0.9838967490883997,0.9925027367041546,interaction_frozen_constant_vs_v4_fusion_tree_episodic_k5,prior_fusion_reference,nontail,-0.008605987615754818,0.8670996358491778,candidate_better
142,44,0.9790258407999901,1.0020601800293254,interaction_frozen_constant_vs_v4_fusion_tree_episodic_k5,prior_fusion_reference,nontail,-0.023034339229335288,2.298698190827342,candidate_better
143,42,1.016147630553232,1.010177822832286,interaction_frozen_constant_vs_v4_fusion_tree_episodic_k5,prior_fusion_reference,nontail,0.005969807720946019,-0.5909660245963622,reference_better
143,43,1.0090619565090815,1.0041216726400957,interaction_frozen_constant_vs_v4_fusion_tree_episodic_k5,prior_fusion_reference,nontail,0.0049402838689858175,-0.49200052180893294,reference_better
143,44,1.0143730779455207,1.0117386777212585,interaction_frozen_constant_vs_v4_fusion_tree_episodic_k5,prior_fusion_reference,nontail,0.002634400224262201,-0.2603834648484238,reference_better
144,42,1.015052368019568,1.0080740671241266,interaction_frozen_constant_vs_v4_fusion_tree_episodic_k5,prior_fusion_reference,nontail,0.0069783008954413805,-0.6922408901311572,reference_better
144,43,1.0173376218688615,1.0201778741268708,interaction_frozen_constant_vs_v4_fusion_tree_episodic_k5,prior_fusion_reference,nontail,-0.0028402522580093237,0.27840755323577104,candidate_better
144,44,1.0118929067286409,1.0098094632540213,interaction_frozen_constant_vs_v4_fusion_tree_episodic_k5,prior_fusion_reference,nontail,0.0020834434746195285,-0.20632045454453962,reference_better
142,42,1.525028046365791,1.5554958697492671,interaction_tuned_constant_vs_v4_fusion_gru_tuned_anchor_k5,prior_fusion_reference,overall,-0.03046782338347609,1.9587209439769993,candidate_better
142,43,1.5536604598147148,1.5756961141541557,interaction_tuned_constant_vs_v4_fusion_gru_tuned_anchor_k5,prior_fusion_reference,overall,-0.02203565433944088,1.3984710720232885,candidate_better
142,44,1.551993325992065,1.559272081516331,interaction_tuned_constant_vs_v4_fusion_gru_tuned_anchor_k5,prior_fusion_reference,overall,-0.007278755524265934,0.4668047103868922,candidate_better
143,42,1.5981016388717493,1.6060310175570602,interaction_tuned_constant_vs_v4_fusion_gru_tuned_anchor_k5,prior_fusion_reference,overall,-0.007929378685310962,0.4937251272626342,candidate_better
143,43,1.5940182060288757,1.6014388507929376,interaction_tuned_constant_vs_v4_fusion_gru_tuned_anchor_k5,prior_fusion_reference,overall,-0.007420644764061901,0.4633735943390893,candidate_better
143,44,1.5990328178929585,1.5897509213413876,interaction_tuned_constant_vs_v4_fusion_gru_tuned_anchor_k5,prior_fusion_reference,overall,0.009281896551570856,-0.5838585420500308,reference_better
144,42,1.6444236562538828,1.6239007513123207,interaction_tuned_constant_vs_v4_fusion_gru_tuned_anchor_k5,prior_fusion_reference,overall,0.02052290494156206,-1.2638029094436343,reference_better
144,43,1.6505637198869123,1.6280811548168912,interaction_tuned_constant_vs_v4_fusion_gru_tuned_anchor_k5,prior_fusion_reference,overall,0.02248256507002111,-1.3809241021863983,reference_better
144,44,1.6435772186057356,1.6172173703055515,interaction_tuned_constant_vs_v4_fusion_gru_tuned_anchor_k5,prior_fusion_reference,overall,0.02635984830018412,-1.629950851641171,reference_better
142,42,7.298170972897623,7.293388179711354,interaction_tuned_constant_vs_v4_fusion_gru_tuned_anchor_k5,prior_fusion_reference,q90,0.004782793186269174,-0.0655771099579372,reference_better
142,43,7.36120002314022,7.475964906206744,interaction_tuned_constant_vs_v4_fusion_gru_tuned_anchor_k5,prior_fusion_reference,q90,-0.11476488306652399,1.5351180015738541,candidate_better
142,44,7.315922680038617,7.439700528410219,interaction_tuned_constant_vs_v4_fusion_gru_tuned_anchor_k5,prior_fusion_reference,q90,-0.12377784837160188,1.6637477261205236,candidate_better
143,42,6.207810667124163,6.233149392907182,interaction_tuned_constant_vs_v4_fusion_gru_tuned_anchor_k5,prior_fusion_reference,q90,-0.0253387257830191,0.40651561812159454,candidate_better
143,43,6.2042981863051905,6.222271754263846,interaction_tuned_constant_vs_v4_fusion_gru_tuned_anchor_k5,prior_fusion_reference,q90,-0.01797356795865568,0.28885861416032554,candidate_better
143,44,6.2065887468815015,6.21052286997793,interaction_tuned_constant_vs_v4_fusion_gru_tuned_anchor_k5,prior_fusion_reference,q90,-0.003934123096428266,0.06334608500431216,candidate_better
144,42,6.6339695411240776,6.432189700224054,interaction_tuned_constant_vs_v4_fusion_gru_tuned_anchor_k5,prior_fusion_reference,q90,0.20177984090002354,-3.1370318710126854,reference_better
144,43,6.669995266877078,6.471094550981552,interaction_tuned_constant_vs_v4_fusion_gru_tuned_anchor_k5,prior_fusion_reference,q90,0.19890071589552605,-3.073679643042082,reference_better
144,44,6.651072894879892,6.419490232048773,interaction_tuned_constant_vs_v4_fusion_gru_tuned_anchor_k5,prior_fusion_reference,q90,0.23158266283111928,-3.607493032312159,reference_better
142,42,0.9641264978868497,0.9980191672633014,interaction_tuned_constant_vs_v4_fusion_gru_tuned_anchor_k5,prior_fusion_reference,nontail,-0.033892669376451745,3.3959938334040096,candidate_better
142,43,0.9894170355004509,1.0024433913270756,interaction_tuned_constant_vs_v4_fusion_gru_tuned_anchor_k5,prior_fusion_reference,nontail,-0.013026355826624703,1.299460492166038,candidate_better
142,44,0.9919869410557177,0.9879469881388404,interaction_tuned_constant_vs_v4_fusion_gru_tuned_anchor_k5,prior_fusion_reference,nontail,0.00403995291687731,-0.4089240582116682,reference_better
143,42,1.013079437420621,1.0187993806507856,interaction_tuned_constant_vs_v4_fusion_gru_tuned_anchor_k5,prior_fusion_reference,nontail,-0.00571994323016467,0.561439606148062,candidate_better
143,43,1.0089235445574083,1.01500490861607,interaction_tuned_constant_vs_v4_fusion_gru_tuned_anchor_k5,prior_fusion_reference,nontail,-0.006081364058661665,0.5991462708247797,candidate_better
143,44,1.0142838681511186,1.003324714995821,interaction_tuned_constant_vs_v4_fusion_gru_tuned_anchor_k5,prior_fusion_reference,nontail,0.010959153155297496,-1.0922837832558763,reference_better
144,42,1.015233463314319,1.0175673652122648,interaction_tuned_constant_vs_v4_fusion_gru_tuned_anchor_k5,prior_fusion_reference,nontail,-0.0023339018979458004,0.22936092270008368,candidate_better
144,43,1.0176048943003557,1.0173689570632458,interaction_tuned_constant_vs_v4_fusion_gru_tuned_anchor_k5,prior_fusion_reference,nontail,0.00023593723710990666,-0.023190921589644198,reference_better
144,44,1.0121235265467572,1.0116426229942028,interaction_tuned_constant_vs_v4_fusion_gru_tuned_anchor_k5,prior_fusion_reference,nontail,0.0004809035525543681,-0.04753690103833641,reference_better
142,42,1.525028046365791,1.5564278417176576,interaction_tuned_constant_vs_v4_fusion_tree_episodic_k5,prior_fusion_reference,overall,-0.031399795351866544,2.0174269895618213,candidate_better
142,43,1.5536604598147148,1.5675289398302115,interaction_tuned_constant_vs_v4_fusion_tree_episodic_k5,prior_fusion_reference,overall,-0.013868480015496676,0.8847351817950377,candidate_better
142,44,1.551993325992065,1.578495536380702,interaction_tuned_constant_vs_v4_fusion_tree_episodic_k5,prior_fusion_reference,overall,-0.026502210388636982,1.678953774516423,candidate_better
143,42,1.5981016388717493,1.598014837565704,interaction_tuned_constant_vs_v4_fusion_tree_episodic_k5,prior_fusion_reference,overall,8.680130604532543e-05,-0.005431821032253481,reference_better
143,43,1.5940182060288757,1.5923607121771113,interaction_tuned_constant_vs_v4_fusion_tree_episodic_k5,prior_fusion_reference,overall,0.0016574938517643911,-0.10409035082874496,reference_better
143,44,1.5990328178929585,1.5993254849324656,interaction_tuned_constant_vs_v4_fusion_tree_episodic_k5,prior_fusion_reference,overall,-0.000292667039507144,0.01829940448422329,candidate_better
144,42,1.6444236562538828,1.6178016110267814,interaction_tuned_constant_vs_v4_fusion_tree_episodic_k5,prior_fusion_reference,overall,0.02662204522710132,-1.6455692122969934,reference_better
144,43,1.6505637198869123,1.6292273415552154,interaction_tuned_constant_vs_v4_fusion_tree_episodic_k5,prior_fusion_reference,overall,0.02133637833169688,-1.309601047532749,reference_better
144,44,1.6435772186057356,1.617607624023374,interaction_tuned_constant_vs_v4_fusion_tree_episodic_k5,prior_fusion_reference,overall,0.025969594582361477,-1.6054322566661172,reference_better
142,42,7.298170972897623,7.370128047542128,interaction_tuned_constant_vs_v4_fusion_tree_episodic_k5,prior_fusion_reference,q90,-0.07195707464450507,0.976334117675226,candidate_better
142,43,7.36120002314022,7.486051479391872,interaction_tuned_constant_vs_v4_fusion_tree_episodic_k5,prior_fusion_reference,q90,-0.12485145625165206,1.6677878397624135,candidate_better
142,44,7.315922680038617,7.511521945645012,interaction_tuned_constant_vs_v4_fusion_tree_episodic_k5,prior_fusion_reference,q90,-0.19559926560639518,2.6039898042206855,candidate_better
143,42,6.207810667124163,6.2299033150219785,interaction_tuned_constant_vs_v4_fusion_tree_episodic_k5,prior_fusion_reference,q90,-0.022092647897815176,0.3546226446972889,candidate_better
143,43,6.2042981863051905,6.227416962347187,interaction_tuned_constant_vs_v4_fusion_tree_episodic_k5,prior_fusion_reference,q90,-0.023118776041996192,0.3712418195502165,candidate_better
143,44,6.2065887468815015,6.229242440844409,interaction_tuned_constant_vs_v4_fusion_tree_episodic_k5,prior_fusion_reference,q90,-0.022653693962907617,0.3636669174147067,candidate_better
144,42,6.6339695411240776,6.453006596276329,interaction_tuned_constant_vs_v4_fusion_tree_episodic_k5,prior_fusion_reference,q90,0.18096294484774855,-2.804319849171888,reference_better
144,43,6.669995266877078,6.459055107452035,interaction_tuned_constant_vs_v4_fusion_tree_episodic_k5,prior_fusion_reference,q90,0.21094015942504285,-3.2658052287195094,reference_better
144,44,6.651072894879892,6.437512393565284,interaction_tuned_constant_vs_v4_fusion_tree_episodic_k5,prior_fusion_reference,q90,0.2135605013146078,-3.3174382938365277,reference_better
142,42,0.9641264978868497,0.9915858675387413,interaction_tuned_constant_vs_v4_fusion_tree_episodic_k5,prior_fusion_reference,nontail,-0.027459369651891663,2.769237697996818,candidate_better
142,43,0.9894170355004509,0.9925027367041546,interaction_tuned_constant_vs_v4_fusion_tree_episodic_k5,prior_fusion_reference,nontail,-0.0030857012037036613,0.3109010272304591,candidate_better
142,44,0.9919869410557177,1.0020601800293254,interaction_tuned_constant_vs_v4_fusion_tree_episodic_k5,prior_fusion_reference,nontail,-0.010073238973607679,1.0052528954212048,candidate_better
143,42,1.013079437420621,1.010177822832286,interaction_tuned_constant_vs_v4_fusion_tree_episodic_k5,prior_fusion_reference,nontail,0.002901614588334933,-0.2872380013451137,reference_better
143,43,1.0089235445574083,1.0041216726400957,interaction_tuned_constant_vs_v4_fusion_tree_episodic_k5,prior_fusion_reference,nontail,0.004801871917312628,-0.47821614134542223,reference_better
143,44,1.0142838681511186,1.0117386777212585,interaction_tuned_constant_vs_v4_fusion_tree_episodic_k5,prior_fusion_reference,nontail,0.0025451904298601224,-0.2515659908932877,reference_better
144,42,1.015233463314319,1.0080740671241266,interaction_tuned_constant_vs_v4_fusion_tree_episodic_k5,prior_fusion_reference,nontail,0.007159396190192346,-0.7102053731643965,reference_better
144,43,1.0176048943003557,1.0201778741268708,interaction_tuned_constant_vs_v4_fusion_tree_episodic_k5,prior_fusion_reference,nontail,-0.002572979826515054,0.25220894235891134,candidate_better
144,44,1.0121235265467572,1.0098094632540213,interaction_tuned_constant_vs_v4_fusion_tree_episodic_k5,prior_fusion_reference,nontail,0.0023140632927358684,-0.2291584082881437,reference_better
142,42,1.7539578344867166,1.8969578254544714,tuned_vs_frozen_gru_tuned_anchor_k0,recurrent_update_in_interaction,overall,-0.14299999096775484,7.538385358329991,candidate_better
142,43,1.849475885601917,1.901014818000544,tuned_vs_frozen_gru_tuned_anchor_k0,recurrent_update_in_interaction,overall,-0.05153893239862706,2.7111273363368604,candidate_better
142,44,1.9541172825548851,1.9104786664885198,tuned_vs_frozen_gru_tuned_anchor_k0,recurrent_update_in_interaction,overall,0.04363861606636532,-2.2841718586982918,reference_better
143,42,1.6947279587897848,1.694953332844387,tuned_vs_frozen_gru_tuned_anchor_k0,recurrent_update_in_interaction,overall,-0.00022537405460232307,0.013296770491266763,candidate_better
143,43,1.7076999462129134,1.7080580435342207,tuned_vs_frozen_gru_tuned_anchor_k0,recurrent_update_in_interaction,overall,-0.00035809732130731575,0.020965172855968994,candidate_better
143,44,1.7074801708555025,1.7079205312352552,tuned_vs_frozen_gru_tuned_anchor_k0,recurrent_update_in_interaction,overall,-0.00044036037975270226,0.025783423274039485,candidate_better
144,42,1.935407561342791,1.9361865892350871,tuned_vs_frozen_gru_tuned_anchor_k0,recurrent_update_in_interaction,overall,-0.0007790278922961136,0.040235166209057205,candidate_better
144,43,1.966815819905296,1.9672575769022216,tuned_vs_frozen_gru_tuned_anchor_k0,recurrent_update_in_interaction,overall,-0.00044175699692550197,0.022455473147608984,candidate_better
144,44,1.9474731923821809,1.9483390850025142,tuned_vs_frozen_gru_tuned_anchor_k0,recurrent_update_in_interaction,overall,-0.0008658926203333195,0.044442603805394665,candidate_better
142,42,8.652596657413751,9.181213441089632,tuned_vs_frozen_gru_tuned_anchor_k0,recurrent_update_in_interaction,q90,-0.528616783675881,5.757591706888199,candidate_better
142,43,8.672682542751236,9.159234821214001,tuned_vs_frozen_gru_tuned_anchor_k0,recurrent_update_in_interaction,q90,-0.4865522784627654,5.312149846140491,candidate_better
142,44,8.612780741374376,9.26535772350324,tuned_vs_frozen_gru_tuned_anchor_k0,recurrent_update_in_interaction,q90,-0.6525769821288634,7.04319251995511,candidate_better
143,42,6.416924911457904,6.4137654275600084,tuned_vs_frozen_gru_tuned_anchor_k0,recurrent_update_in_interaction,q90,0.003159483897895221,-0.04926098301505366,reference_better
143,43,6.387112025858167,6.385529131216685,tuned_vs_frozen_gru_tuned_anchor_k0,recurrent_update_in_interaction,q90,0.0015828946414826461,-0.02478877801597168,reference_better
143,44,6.421442869344237,6.418903059211282,tuned_vs_frozen_gru_tuned_anchor_k0,recurrent_update_in_interaction,q90,0.0025398101329550116,-0.03956766614992002,reference_better
144,42,7.21929019912102,7.2261382123281095,tuned_vs_frozen_gru_tuned_anchor_k0,recurrent_update_in_interaction,q90,-0.006848013207089387,0.09476726026920179,candidate_better
144,43,7.275678615238495,7.2815502730598585,tuned_vs_frozen_gru_tuned_anchor_k0,recurrent_update_in_interaction,q90,-0.005871657821363563,0.08063746868695043,candidate_better
144,44,7.275445579037239,7.280345777585564,tuned_vs_frozen_gru_tuned_anchor_k0,recurrent_update_in_interaction,q90,-0.004900198548324575,0.06730722273399214,candidate_better
142,42,1.0837064224882853,1.189241022610536,tuned_vs_frozen_gru_tuned_anchor_k0,recurrent_update_in_interaction,nontail,-0.1055346001222508,8.874113667100792,candidate_better
142,43,1.1865532404689996,1.1958275585108566,tuned_vs_frozen_gru_tuned_anchor_k0,recurrent_update_in_interaction,nontail,-0.009274318041857077,0.7755564734940767,candidate_better
142,44,1.3071811695257767,1.1959002982662783,tuned_vs_frozen_gru_tuned_anchor_k0,recurrent_update_in_interaction,nontail,0.11128087125949837,-9.305196379733705,reference_better
143,42,1.0954298165417395,1.096084765877305,tuned_vs_frozen_gru_tuned_anchor_k0,recurrent_update_in_interaction,nontail,-0.0006549493355654246,0.05975352964979752,candidate_better
143,43,1.1138316695922295,1.114436099899873,tuned_vs_frozen_gru_tuned_anchor_k0,recurrent_update_in_interaction,nontail,-0.0006044303076435664,0.054236425731168936,candidate_better
143,44,1.1092270450017259,1.1100456214257797,tuned_vs_frozen_gru_tuned_anchor_k0,recurrent_update_in_interaction,nontail,-0.0008185764240538074,0.07374259293977392,candidate_better
144,42,1.2691010049856721,1.2691147235433569,tuned_vs_frozen_gru_tuned_anchor_k0,recurrent_update_in_interaction,nontail,-1.3718557684727628e-05,0.0010809548916412837,candidate_better
144,43,1.2973592233412452,1.2971162606409872,tuned_vs_frozen_gru_tuned_anchor_k0,recurrent_update_in_interaction,nontail,0.00024296270025803146,-0.018730988703974383,reference_better
144,44,1.2756068439633057,1.2759640037683129,tuned_vs_frozen_gru_tuned_anchor_k0,recurrent_update_in_interaction,nontail,-0.0003571598050071678,0.02799136997222451,candidate_better
142,42,1.8969578254544714,1.7391617738143508,interaction_frozen_vs_additive_gru_tuned_anchor_k0,prior_additive_readout,overall,0.15779605164012067,-9.07310947238913,reference_better
142,43,1.901014818000544,1.86390786171316,interaction_frozen_vs_additive_gru_tuned_anchor_k0,prior_additive_readout,overall,0.03710695628738403,-1.9908149458245372,reference_better
142,44,1.9104786664885198,1.9493041239933855,interaction_frozen_vs_additive_gru_tuned_anchor_k0,prior_additive_readout,overall,-0.03882545750486566,1.9917598812301818,candidate_better
143,42,1.694953332844387,1.689783698536168,interaction_frozen_vs_additive_gru_tuned_anchor_k0,prior_additive_readout,overall,0.00516963430821904,-0.30593467747956904,reference_better
143,43,1.7080580435342207,1.7092630947220442,interaction_frozen_vs_additive_gru_tuned_anchor_k0,prior_additive_readout,overall,-0.001205051187823436,0.07050121140182997,candidate_better
143,44,1.7079205312352552,1.7089032329737481,interaction_frozen_vs_additive_gru_tuned_anchor_k0,prior_additive_readout,overall,-0.0009827017384929082,0.057504820608411666,candidate_better
144,42,1.9361865892350871,1.9473635293589946,interaction_frozen_vs_additive_gru_tuned_anchor_k0,prior_additive_readout,overall,-0.011176940123907464,0.5739524210760294,candidate_better
144,43,1.9672575769022216,1.9767746680978462,interaction_frozen_vs_additive_gru_tuned_anchor_k0,prior_additive_readout,overall,-0.009517091195624605,0.48144542467161155,candidate_better
144,44,1.9483390850025142,1.9628828395819782,interaction_frozen_vs_additive_gru_tuned_anchor_k0,prior_additive_readout,overall,-0.014543754579463997,0.7409384954713438,candidate_better
142,42,9.181213441089632,8.785782197686402,interaction_frozen_vs_additive_gru_tuned_anchor_k0,prior_additive_readout,q90,0.3954312434032303,-4.500808630418374,reference_better
142,43,9.159234821214001,8.692501941411829,interaction_frozen_vs_additive_gru_tuned_anchor_k0,prior_additive_readout,q90,0.4667328798021728,-5.369373316773363,reference_better
142,44,9.26535772350324,8.638663043487556,interaction_frozen_vs_additive_gru_tuned_anchor_k0,prior_additive_readout,q90,0.6266946800156834,-7.254533217245118,reference_better
143,42,6.4137654275600084,6.462056323462877,interaction_frozen_vs_additive_gru_tuned_anchor_k0,prior_additive_readout,q90,-0.04829089590286895,0.7472992107408705,candidate_better
143,43,6.385529131216685,6.425383680200916,interaction_frozen_vs_additive_gru_tuned_anchor_k0,prior_additive_readout,q90,-0.039854548984231464,0.62026722399533,candidate_better
143,44,6.418903059211282,6.463103254818462,interaction_frozen_vs_additive_gru_tuned_anchor_k0,prior_additive_readout,q90,-0.04420019560717936,0.6838850295982302,candidate_better
144,42,7.2261382123281095,7.282665009709695,interaction_frozen_vs_additive_gru_tuned_anchor_k0,prior_additive_readout,q90,-0.0565267973815855,0.776182857597052,candidate_better
144,43,7.2815502730598585,7.3137523401644255,interaction_frozen_vs_additive_gru_tuned_anchor_k0,prior_additive_readout,q90,-0.03220206710456708,0.44029474347558883,candidate_better
144,44,7.280345777585564,7.336245127024887,interaction_frozen_vs_additive_gru_tuned_anchor_k0,prior_additive_readout,q90,-0.05589934943932384,0.7619613095179223,candidate_better
142,42,1.189241022610536,1.0545329056931911,interaction_frozen_vs_additive_gru_tuned_anchor_k0,prior_additive_readout,nontail,0.13470811691734497,-12.7741975798086,reference_better
142,43,1.1958275585108566,1.2004617904865709,interaction_frozen_vs_additive_gru_tuned_anchor_k0,prior_additive_readout,nontail,-0.00463423197571422,0.38603744096143977,candidate_better
142,44,1.1959002982662783,1.2993857304902257,interaction_frozen_vs_additive_gru_tuned_anchor_k0,prior_additive_readout,nontail,-0.10348543222394735,7.9641810584532795,candidate_better
143,42,1.096084765877305,1.0841304089579298,interaction_frozen_vs_additive_gru_tuned_anchor_k0,prior_additive_readout,nontail,0.011954356919375186,-1.1026677990580325,reference_better
143,43,1.114436099899873,1.1107361095444541,interaction_frozen_vs_additive_gru_tuned_anchor_k0,prior_additive_readout,nontail,0.003699990355418903,-0.3331115576080679,reference_better
143,44,1.1100456214257797,1.1055435532472773,interaction_frozen_vs_additive_gru_tuned_anchor_k0,prior_additive_readout,nontail,0.004502068178502405,-0.40722666830073084,reference_better
144,42,1.2691147235433569,1.2745729698029065,interaction_frozen_vs_additive_gru_tuned_anchor_k0,prior_additive_readout,nontail,-0.005458246259549604,0.4282411747986159,candidate_better
144,43,1.2971162606409872,1.3037727379253825,interaction_frozen_vs_additive_gru_tuned_anchor_k0,prior_additive_readout,nontail,-0.006656477284395335,0.5105550293210914,candidate_better
144,44,1.2759640037683129,1.28529274774172,interaction_frozen_vs_additive_gru_tuned_anchor_k0,prior_additive_readout,nontail,-0.009328743973407105,0.7258069408543566,candidate_better
142,42,1.8969578254544714,1.9859771810113263,interaction_frozen_vs_context_gru_tuned_anchor_k0,environmental_reference,overall,-0.0890193555568548,4.482395689537744,candidate_better
142,43,1.901014818000544,1.9866003246983654,interaction_frozen_vs_context_gru_tuned_anchor_k0,environmental_reference,overall,-0.0855855066978215,4.3081391678930885,candidate_better
142,44,1.9104786664885198,1.9991748926144954,interaction_frozen_vs_context_gru_tuned_anchor_k0,environmental_reference,overall,-0.08869622612597561,4.4366416591987035,candidate_better
143,42,1.694953332844387,1.7108539025725602,interaction_frozen_vs_context_gru_tuned_anchor_k0,environmental_reference,overall,-0.01590056972817311,0.9293937784087714,candidate_better
143,43,1.7080580435342207,1.724983560091,interaction_frozen_vs_context_gru_tuned_anchor_k0,environmental_reference,overall,-0.016925516556779208,0.9811987168090064,candidate_better
143,44,1.7079205312352552,1.7278365660323305,interaction_frozen_vs_context_gru_tuned_anchor_k0,environmental_reference,overall,-0.019916034797075266,1.1526573281643748,candidate_better
144,42,1.9361865892350871,1.980918209844218,interaction_frozen_vs_context_gru_tuned_anchor_k0,environmental_reference,overall,-0.04473162060913083,2.258125569588687,candidate_better
144,43,1.9672575769022216,2.014782118144112,interaction_frozen_vs_context_gru_tuned_anchor_k0,environmental_reference,overall,-0.04752454124189054,2.3587930830787363,candidate_better
144,44,1.9483390850025142,1.9942758971023253,interaction_frozen_vs_context_gru_tuned_anchor_k0,environmental_reference,overall,-0.04593681209981115,2.3034331491724513,candidate_better
142,42,9.181213441089632,9.12621537476948,interaction_frozen_vs_context_gru_tuned_anchor_k0,environmental_reference,q90,0.05499806632015236,-0.6026382685664133,reference_better
142,43,9.159234821214001,9.117664251195029,interaction_frozen_vs_context_gru_tuned_anchor_k0,environmental_reference,q90,0.041570570018972575,-0.45593442436229203,reference_better
142,44,9.26535772350324,9.182837423245026,interaction_frozen_vs_context_gru_tuned_anchor_k0,environmental_reference,q90,0.08252030025821355,-0.8986361889553374,reference_better
143,42,6.4137654275600084,6.389289800017027,interaction_frozen_vs_context_gru_tuned_anchor_k0,environmental_reference,q90,0.024475627542981826,-0.3830727406184842,reference_better
143,43,6.385529131216685,6.364495428574885,interaction_frozen_vs_context_gru_tuned_anchor_k0,environmental_reference,q90,0.021033702641799934,-0.33048499881647153,reference_better
143,44,6.418903059211282,6.38582912399914,interaction_frozen_vs_context_gru_tuned_anchor_k0,environmental_reference,q90,0.0330739352121423,-0.5179270313990125,reference_better
144,42,7.2261382123281095,7.1429456893638665,interaction_frozen_vs_context_gru_tuned_anchor_k0,environmental_reference,q90,0.08319252296424295,-1.1646808835200861,reference_better
144,43,7.2815502730598585,7.142828158470794,interaction_frozen_vs_context_gru_tuned_anchor_k0,environmental_reference,q90,0.13872211458906403,-1.9421174849985956,reference_better
144,44,7.280345777585564,7.175607381531261,interaction_frozen_vs_context_gru_tuned_anchor_k0,environmental_reference,q90,0.10473839605430246,-1.4596450235541125,reference_better
142,42,1.189241022610536,1.2922526863376114,interaction_frozen_vs_context_gru_tuned_anchor_k0,environmental_reference,nontail,-0.10301166372707526,7.971479944763882,candidate_better
142,43,1.1958275585108566,1.293767174787566,interaction_frozen_vs_context_gru_tuned_anchor_k0,environmental_reference,nontail,-0.09793961627670944,7.570111391393963,candidate_better
142,44,1.1959002982662783,1.3012314173779658,interaction_frozen_vs_context_gru_tuned_anchor_k0,environmental_reference,nontail,-0.10533111911168747,8.094726095987903,candidate_better
143,42,1.096084765877305,1.117109514088117,interaction_frozen_vs_context_gru_tuned_anchor_k0,environmental_reference,nontail,-0.021024748210812128,1.8820668829389042,candidate_better
143,43,1.114436099899873,1.1361790541397714,interaction_frozen_vs_context_gru_tuned_anchor_k0,environmental_reference,nontail,-0.02174295423989836,1.9136908184212653,candidate_better
143,44,1.1100456214257797,1.1366866596275438,interaction_frozen_vs_context_gru_tuned_anchor_k0,environmental_reference,nontail,-0.02664103820176411,2.3437451276584476,candidate_better
144,42,1.2691147235433569,1.3299777954776726,interaction_frozen_vs_context_gru_tuned_anchor_k0,environmental_reference,nontail,-0.06086307193431573,4.5762472231693385,candidate_better
144,43,1.2971162606409872,1.368126820855459,interaction_frozen_vs_context_gru_tuned_anchor_k0,environmental_reference,nontail,-0.07101056021447172,5.1903492521307655,candidate_better
144,44,1.2759640037683129,1.3409012149980664,interaction_frozen_vs_context_gru_tuned_anchor_k0,environmental_reference,nontail,-0.06493721122975349,4.842803519262018,candidate_better
142,42,1.7539578344867166,1.7391617738143508,interaction_tuned_vs_additive_gru_tuned_anchor_k0,prior_additive_readout,overall,0.01479606067236583,-0.8507581580473156,reference_better
142,43,1.849475885601917,1.86390786171316,interaction_tuned_vs_additive_gru_tuned_anchor_k0,prior_additive_readout,overall,-0.014431976111243028,0.7742859187244489,candidate_better
142,44,1.9541172825548851,1.9493041239933855,interaction_tuned_vs_additive_gru_tuned_anchor_k0,prior_additive_readout,overall,0.004813158561499664,-0.24691675876822305,reference_better
143,42,1.6947279587897848,1.689783698536168,interaction_tuned_vs_additive_gru_tuned_anchor_k0,prior_additive_readout,overall,0.004944260253616717,-0.2925972275563904,reference_better
143,43,1.7076999462129134,1.7092630947220442,interaction_tuned_vs_additive_gru_tuned_anchor_k0,prior_additive_readout,overall,-0.0015631485091307518,0.09145160355696902,candidate_better
143,44,1.7074801708555025,1.7089032329737481,interaction_tuned_vs_additive_gru_tuned_anchor_k0,prior_additive_readout,overall,-0.0014230621182456105,0.0832734171711591,candidate_better
144,42,1.935407561342791,1.9473635293589946,interaction_tuned_vs_additive_gru_tuned_anchor_k0,prior_additive_readout,overall,-0.011955968016203578,0.6139566565744992,candidate_better
144,43,1.966815819905296,1.9767746680978462,interaction_tuned_vs_additive_gru_tuned_anchor_k0,prior_additive_readout,overall,-0.009958848192550107,0.5037927869711689,candidate_better
144,44,1.9474731923821809,1.9628828395819782,interaction_tuned_vs_additive_gru_tuned_anchor_k0,prior_additive_readout,overall,-0.015409647199797316,0.7850518069167589,candidate_better
142,42,8.652596657413751,8.785782197686402,interaction_tuned_vs_additive_gru_tuned_anchor_k0,prior_additive_readout,q90,-0.13318554027265073,1.5159212609177075,candidate_better
142,43,8.672682542751236,8.692501941411829,interaction_tuned_vs_additive_gru_tuned_anchor_k0,prior_additive_readout,q90,-0.01981939866059257,0.22800568575280789,candidate_better
142,44,8.612780741374376,8.638663043487556,interaction_tuned_vs_additive_gru_tuned_anchor_k0,prior_additive_readout,q90,-0.02588230211317999,0.29961004362465404,candidate_better
143,42,6.416924911457904,6.462056323462877,interaction_tuned_vs_additive_gru_tuned_anchor_k0,prior_additive_readout,q90,-0.045131412004973726,0.6984063546631059,candidate_better
143,43,6.387112025858167,6.425383680200916,interaction_tuned_vs_additive_gru_tuned_anchor_k0,prior_additive_readout,q90,-0.03827165434274882,0.5956322026446248,candidate_better
143,44,6.421442869344237,6.463103254818462,interaction_tuned_vs_additive_gru_tuned_anchor_k0,prior_additive_readout,q90,-0.04166038547422435,0.6445879607936855,candidate_better
144,42,7.21929019912102,7.282665009709695,interaction_tuned_vs_additive_gru_tuned_anchor_k0,prior_additive_readout,q90,-0.06337481058867489,0.8702145506374381,candidate_better
144,43,7.275678615238495,7.3137523401644255,interaction_tuned_vs_additive_gru_tuned_anchor_k0,prior_additive_readout,q90,-0.03807372492593064,0.5205771696266459,candidate_better
144,44,7.275445579037239,7.336245127024887,interaction_tuned_vs_additive_gru_tuned_anchor_k0,prior_additive_readout,q90,-0.06079954798764842,0.8287556772561766,candidate_better
142,42,1.0837064224882853,1.0545329056931911,interaction_tuned_vs_additive_gru_tuned_anchor_k0,prior_additive_readout,nontail,0.029173516795094168,-2.76648709941556,reference_better
142,43,1.1865532404689996,1.2004617904865709,interaction_tuned_vs_additive_gru_tuned_anchor_k0,prior_additive_readout,nontail,-0.013908550017571297,1.158599976092023,candidate_better
142,44,1.3071811695257767,1.2993857304902257,interaction_tuned_vs_additive_gru_tuned_anchor_k0,prior_additive_readout,nontail,0.007795439035551022,-0.5999326337537969,reference_better
143,42,1.0954298165417395,1.0841304089579298,interaction_tuned_vs_additive_gru_tuned_anchor_k0,prior_additive_readout,nontail,0.011299407583809762,-1.0422553864779749,reference_better
143,43,1.1138316695922295,1.1107361095444541,interaction_tuned_vs_additive_gru_tuned_anchor_k0,prior_additive_readout,nontail,0.0030955600477753364,-0.2786944640743583,reference_better
143,44,1.1092270450017259,1.1055435532472773,interaction_tuned_vs_additive_gru_tuned_anchor_k0,prior_additive_readout,nontail,0.003683491754448598,-0.33318377585660475,reference_better
144,42,1.2691010049856721,1.2745729698029065,interaction_tuned_vs_additive_gru_tuned_anchor_k0,prior_additive_readout,nontail,-0.005471964817234332,0.4293175005963379,candidate_better
144,43,1.2973592233412452,1.3037727379253825,interaction_tuned_vs_additive_gru_tuned_anchor_k0,prior_additive_readout,nontail,-0.006413514584137303,0.49191967262198766,candidate_better
144,44,1.2756068439633057,1.28529274774172,interaction_tuned_vs_additive_gru_tuned_anchor_k0,prior_additive_readout,nontail,-0.009685903778414273,0.7535951475204805,candidate_better
142,42,1.7539578344867166,1.9859771810113263,interaction_tuned_vs_context_gru_tuned_anchor_k0,environmental_reference,overall,-0.23201934652460965,11.682880787505201,candidate_better
142,43,1.849475885601917,1.9866003246983654,interaction_tuned_vs_context_gru_tuned_anchor_k0,environmental_reference,overall,-0.13712443909644856,6.90246736556176,candidate_better
142,44,1.9541172825548851,1.9991748926144954,interaction_tuned_vs_context_gru_tuned_anchor_k0,environmental_reference,overall,-0.04505761005961029,2.253810320751104,candidate_better
143,42,1.6947279587897848,1.7108539025725602,interaction_tuned_vs_context_gru_tuned_anchor_k0,environmental_reference,overall,-0.01612594378277543,0.9425669695423577,candidate_better
143,43,1.7076999462129134,1.724983560091,interaction_tuned_vs_context_gru_tuned_anchor_k0,environmental_reference,overall,-0.017283613878086523,1.0019581796579358,candidate_better
143,44,1.7074801708555025,1.7278365660323305,interaction_tuned_vs_context_gru_tuned_anchor_k0,environmental_reference,overall,-0.02035639517682797,1.1781435569205967,candidate_better
144,42,1.935407561342791,1.980918209844218,interaction_tuned_vs_context_gru_tuned_anchor_k0,environmental_reference,overall,-0.04551064850142694,2.2974521752216037,candidate_better
144,43,1.966815819905296,2.014782118144112,interaction_tuned_vs_context_gru_tuned_anchor_k0,environmental_reference,overall,-0.04796629823881604,2.380718878078958,candidate_better
144,44,1.9474731923821809,1.9942758971023253,interaction_tuned_vs_context_gru_tuned_anchor_k0,environmental_reference,overall,-0.04680270472014447,2.3468520473094334,candidate_better
142,42,8.652596657413751,9.12621537476948,interaction_tuned_vs_context_gru_tuned_anchor_k0,environmental_reference,q90,-0.4736187173557287,5.189650889295305,candidate_better
142,43,8.672682542751236,9.117664251195029,interaction_tuned_vs_context_gru_tuned_anchor_k0,environmental_reference,q90,-0.4449817084437928,4.880435341600453,candidate_better
142,44,8.612780741374376,9.182837423245026,interaction_tuned_vs_context_gru_tuned_anchor_k0,environmental_reference,q90,-0.5700566818706498,6.207849007841892,candidate_better
143,42,6.416924911457904,6.389289800017027,interaction_tuned_vs_context_gru_tuned_anchor_k0,environmental_reference,q90,0.027635111440877047,-0.4325224290312013,reference_better
143,43,6.387112025858167,6.364495428574885,interaction_tuned_vs_context_gru_tuned_anchor_k0,environmental_reference,q90,0.02261659728328258,-0.3553557000251839,reference_better
143,44,6.421442869344237,6.38582912399914,interaction_tuned_vs_context_gru_tuned_anchor_k0,environmental_reference,q90,0.035613745345097314,-0.5576996291876135,reference_better
144,42,7.21929019912102,7.1429456893638665,interaction_tuned_vs_context_gru_tuned_anchor_k0,environmental_reference,q90,0.07634450975715357,-1.0688098870866858,reference_better
144,43,7.275678615238495,7.142828158470794,interaction_tuned_vs_context_gru_tuned_anchor_k0,environmental_reference,q90,0.13285045676770046,-1.8599139419328115,reference_better
144,44,7.275445579037239,7.175607381531261,interaction_tuned_vs_context_gru_tuned_anchor_k0,environmental_reference,q90,0.09983819750597789,-1.391355354292978,reference_better
142,42,1.0837064224882853,1.2922526863376114,interaction_tuned_vs_context_gru_tuned_anchor_k0,environmental_reference,nontail,-0.20854626384932606,16.138195420616185,candidate_better
142,43,1.1865532404689996,1.293767174787566,interaction_tuned_vs_context_gru_tuned_anchor_k0,environmental_reference,nontail,-0.10721393431856652,8.286957375941373,candidate_better
142,44,1.3071811695257767,1.3012314173779658,interaction_tuned_vs_context_gru_tuned_anchor_k0,environmental_reference,nontail,0.005949752147810905,-0.4572401241125901,reference_better
143,42,1.0954298165417395,1.117109514088117,interaction_tuned_vs_context_gru_tuned_anchor_k0,environmental_reference,nontail,-0.021679697546377552,1.9406958111957695,candidate_better
143,43,1.1138316695922295,1.1361790541397714,interaction_tuned_vs_context_gru_tuned_anchor_k0,environmental_reference,nontail,-0.022347384547541926,1.9668893266529763,candidate_better
143,44,1.1092270450017259,1.1366866596275438,interaction_tuned_vs_context_gru_tuned_anchor_k0,environmental_reference,nontail,-0.02745961462581792,2.4157593821691914,candidate_better
144,42,1.2691010049856721,1.3299777954776726,interaction_tuned_vs_context_gru_tuned_anchor_k0,environmental_reference,nontail,-0.060876790492000454,4.577278710892763,candidate_better
144,43,1.2973592233412452,1.368126820855459,interaction_tuned_vs_context_gru_tuned_anchor_k0,environmental_reference,nontail,-0.07076759751421369,5.17259046715891,candidate_better
144,44,1.2756068439633057,1.3409012149980664,interaction_tuned_vs_context_gru_tuned_anchor_k0,environmental_reference,nontail,-0.06529437103476066,4.869439322184133,candidate_better
142,42,1.5130588249822532,1.539558284777698,tuned_vs_frozen_gru_tuned_anchor_k5,recurrent_update_in_interaction,overall,-0.02649945979544488,1.7212378418834051,candidate_better
142,43,1.5444465745043028,1.5462988302248233,tuned_vs_frozen_gru_tuned_anchor_k5,recurrent_update_in_interaction,overall,-0.0018522557205205015,0.11978640119977291,candidate_better
142,44,1.5395034928970557,1.5324989685322783,tuned_vs_frozen_gru_tuned_anchor_k5,recurrent_update_in_interaction,overall,0.007004524364777387,-0.45706551903821335,reference_better
143,42,1.5940501801311846,1.5984628174288436,tuned_vs_frozen_gru_tuned_anchor_k5,recurrent_update_in_interaction,overall,-0.00441263729765895,0.2760550479839585,candidate_better
143,43,1.591541613173243,1.591806123593499,tuned_vs_frozen_gru_tuned_anchor_k5,recurrent_update_in_interaction,overall,-0.0002645104202561033,0.016616999792595788,candidate_better
143,44,1.5811808899882924,1.5813323710503115,tuned_vs_frozen_gru_tuned_anchor_k5,recurrent_update_in_interaction,overall,-0.00015148106201912093,0.009579330999121005,candidate_better
144,42,1.6378230189613743,1.6382706465349859,tuned_vs_frozen_gru_tuned_anchor_k5,recurrent_update_in_interaction,overall,-0.00044762757361160865,0.0273231760917092,candidate_better
144,43,1.596831540334719,1.5969706663966794,tuned_vs_frozen_gru_tuned_anchor_k5,recurrent_update_in_interaction,overall,-0.00013912606196031518,0.008711873354205757,candidate_better
144,44,1.6360123442973469,1.6363688421327245,tuned_vs_frozen_gru_tuned_anchor_k5,recurrent_update_in_interaction,overall,-0.0003564978353776116,0.021785909521043756,candidate_better
142,42,7.236168385399439,7.331135890394302,tuned_vs_frozen_gru_tuned_anchor_k5,recurrent_update_in_interaction,q90,-0.09496750499486328,1.2953995999350543,candidate_better
142,43,7.353722684936437,7.41380453276811,tuned_vs_frozen_gru_tuned_anchor_k5,recurrent_update_in_interaction,q90,-0.060081847831673585,0.8104050702459009,candidate_better
142,44,7.272750469040222,7.390756440262646,tuned_vs_frozen_gru_tuned_anchor_k5,recurrent_update_in_interaction,q90,-0.1180059712224244,1.596669734366607,candidate_better
143,42,6.194949879612223,6.208247845294079,tuned_vs_frozen_gru_tuned_anchor_k5,recurrent_update_in_interaction,q90,-0.013297965681855928,0.21419836986591445,candidate_better
143,43,6.18608485443566,6.187194247992043,tuned_vs_frozen_gru_tuned_anchor_k5,recurrent_update_in_interaction,q90,-0.0011093935563826207,0.017930478855465726,candidate_better
143,44,6.175857347397598,6.176854474416323,tuned_vs_frozen_gru_tuned_anchor_k5,recurrent_update_in_interaction,q90,-0.000997127018724342,0.016142957922260504,candidate_better
144,42,6.5830640407686,6.5883442381931605,tuned_vs_frozen_gru_tuned_anchor_k5,recurrent_update_in_interaction,q90,-0.005280197424560207,0.08014452848335019,candidate_better
144,43,6.46881760081828,6.471515675044156,tuned_vs_frozen_gru_tuned_anchor_k5,recurrent_update_in_interaction,q90,-0.0026980742258757573,0.0416915350492042,candidate_better
144,44,6.59978127294318,6.603642253920434,tuned_vs_frozen_gru_tuned_anchor_k5,recurrent_update_in_interaction,q90,-0.003860980977253625,0.05846744612734156,candidate_better
142,42,0.9570183708649885,0.9768656772212407,tuned_vs_frozen_gru_tuned_anchor_k5,recurrent_update_in_interaction,nontail,-0.019847306356252203,2.0317334121830566,candidate_better
142,43,0.9800344323922103,0.9762292725943411,tuned_vs_frozen_gru_tuned_anchor_k5,recurrent_update_in_interaction,nontail,0.0038051597978692175,-0.38978136639531424,reference_better
142,44,0.9824781173512662,0.9633279417453366,tuned_vs_frozen_gru_tuned_anchor_k5,recurrent_update_in_interaction,nontail,0.019150175605929576,-1.9879186283368488,reference_better
143,42,1.010145978293383,1.0134309708004317,tuned_vs_frozen_gru_tuned_anchor_k5,recurrent_update_in_interaction,nontail,-0.003284992507048612,0.3241456598128245,candidate_better
143,43,1.0084441150032215,1.0086014005662827,tuned_vs_frozen_gru_tuned_anchor_k5,recurrent_update_in_interaction,nontail,-0.00015728556306116026,0.015594422432174682,candidate_better
143,44,0.9980664852406447,0.9981106446352425,tuned_vs_frozen_gru_tuned_anchor_k5,recurrent_update_in_interaction,nontail,-4.415939459778695e-05,0.00442429853194648,candidate_better
144,42,1.0142197443470395,1.0140579766716502,tuned_vs_frozen_gru_tuned_anchor_k5,recurrent_update_in_interaction,nontail,0.0001617676753893349,-0.015952507559813256,reference_better
144,43,0.9824658405042498,0.9822822788655403,tuned_vs_frozen_gru_tuned_anchor_k5,recurrent_update_in_interaction,nontail,0.00018356163870947295,-0.018687259523963995,reference_better
144,44,1.0100726692274316,1.0099872457988168,tuned_vs_frozen_gru_tuned_anchor_k5,recurrent_update_in_interaction,nontail,8.542342861472818e-05,-0.008457872014733248,reference_better
142,42,1.539558284777698,1.5122543400675132,interaction_frozen_vs_additive_gru_tuned_anchor_k5,prior_additive_readout,overall,0.027303944710184824,-1.8055127359704493,reference_better
142,43,1.5462988302248233,1.5479626403075077,interaction_frozen_vs_additive_gru_tuned_anchor_k5,prior_additive_readout,overall,-0.0016638100826844582,0.10748386552493772,candidate_better
142,44,1.5324989685322783,1.5423735136793968,interaction_frozen_vs_additive_gru_tuned_anchor_k5,prior_additive_readout,overall,-0.009874545147118496,0.6402174998170418,candidate_better
143,42,1.5984628174288436,1.6022807143709943,interaction_frozen_vs_additive_gru_tuned_anchor_k5,prior_additive_readout,overall,-0.0038178969421507336,0.2382789050574985,candidate_better
143,43,1.591806123593499,1.598592947841694,interaction_frozen_vs_additive_gru_tuned_anchor_k5,prior_additive_readout,overall,-0.006786824248194989,0.42454986789214333,candidate_better
143,44,1.5813323710503115,1.5873258249787265,interaction_frozen_vs_additive_gru_tuned_anchor_k5,prior_additive_readout,overall,-0.0059934539284149935,0.37758183191503036,candidate_better
144,42,1.6382706465349859,1.6496286992754887,interaction_frozen_vs_additive_gru_tuned_anchor_k5,prior_additive_readout,overall,-0.011358052740502833,0.6885217713229141,candidate_better
144,43,1.5969706663966794,1.6108830291313787,interaction_frozen_vs_additive_gru_tuned_anchor_k5,prior_additive_readout,overall,-0.013912362734699313,0.8636482279039903,candidate_better
144,44,1.6363688421327245,1.60351082825333,interaction_frozen_vs_additive_gru_tuned_anchor_k5,prior_additive_readout,overall,0.032858013879394576,-2.049129528809357,reference_better
142,42,7.331135890394302,7.284123989085502,interaction_frozen_vs_additive_gru_tuned_anchor_k5,prior_additive_readout,q90,0.0470119013088004,-0.6454022663431092,reference_better
142,43,7.41380453276811,7.388142904565029,interaction_frozen_vs_additive_gru_tuned_anchor_k5,prior_additive_readout,q90,0.025661628203081044,-0.34733529839041655,reference_better
142,44,7.390756440262646,7.290730128395745,interaction_frozen_vs_additive_gru_tuned_anchor_k5,prior_additive_readout,q90,0.10002631186690181,-1.3719656345161146,reference_better
143,42,6.208247845294079,6.212724889188524,interaction_frozen_vs_additive_gru_tuned_anchor_k5,prior_additive_readout,q90,-0.004477043894445032,0.07206248424481698,candidate_better
143,43,6.187194247992043,6.203056161510216,interaction_frozen_vs_additive_gru_tuned_anchor_k5,prior_additive_readout,q90,-0.015861913518173232,0.2557112672394557,candidate_better
143,44,6.176854474416323,6.194862031681868,interaction_frozen_vs_additive_gru_tuned_anchor_k5,prior_additive_readout,q90,-0.018007557265545593,0.29068536431402503,candidate_better
144,42,6.5883442381931605,6.635202376972438,interaction_frozen_vs_additive_gru_tuned_anchor_k5,prior_additive_readout,q90,-0.04685813877927725,0.7062051180518503,candidate_better
144,43,6.471515675044156,6.500743916533801,interaction_frozen_vs_additive_gru_tuned_anchor_k5,prior_additive_readout,q90,-0.02922824148964498,0.4496137959735136,candidate_better
144,44,6.603642253920434,6.450593232667663,interaction_frozen_vs_additive_gru_tuned_anchor_k5,prior_additive_readout,q90,0.15304902125277042,-2.3726348218282567,reference_better
142,42,0.9768656772212407,0.9514764994784071,interaction_frozen_vs_additive_gru_tuned_anchor_k5,prior_additive_readout,nontail,0.02538917774283367,-2.668397775116027,reference_better
142,43,0.9762292725943411,0.9805479417100339,interaction_frozen_vs_additive_gru_tuned_anchor_k5,prior_additive_readout,nontail,-0.004318669115692786,0.44043426455632195,candidate_better
142,44,0.9633279417453366,0.9838801301905329,interaction_frozen_vs_additive_gru_tuned_anchor_k5,prior_additive_readout,nontail,-0.02055218844519624,2.088891503603818,candidate_better
143,42,1.0134309708004317,1.0171652148268027,interaction_frozen_vs_additive_gru_tuned_anchor_k5,prior_additive_readout,nontail,-0.003734244026371014,0.3671226632545488,candidate_better
143,43,1.0086014005662827,1.01423649730401,interaction_frozen_vs_additive_gru_tuned_anchor_k5,prior_additive_readout,nontail,-0.005635096737727441,0.555599877613,candidate_better
143,44,0.9981106446352425,1.0025793782093633,interaction_frozen_vs_additive_gru_tuned_anchor_k5,prior_additive_readout,nontail,-0.004468733574120809,0.44572366749674464,candidate_better
144,42,1.0140579766716502,1.020939408393026,interaction_frozen_vs_additive_gru_tuned_anchor_k5,prior_additive_readout,nontail,-0.006881431721375897,0.6740293953592547,candidate_better
144,43,0.9822822788655403,0.9942632833301241,interaction_frozen_vs_additive_gru_tuned_anchor_k5,prior_additive_readout,nontail,-0.011981004464583833,1.2050132661497237,candidate_better
144,44,1.0099872457988168,0.9922855216627766,interaction_frozen_vs_additive_gru_tuned_anchor_k5,prior_additive_readout,nontail,0.01770172413604021,-1.78393453795207,reference_better
142,42,1.539558284777698,1.5656828941125804,interaction_frozen_vs_context_gru_tuned_anchor_k5,environmental_reference,overall,-0.026124609334882365,1.6685760209246947,candidate_better
142,43,1.5462988302248233,1.5756961141541557,interaction_frozen_vs_context_gru_tuned_anchor_k5,environmental_reference,overall,-0.029397283929332385,1.8656696342183365,candidate_better
142,44,1.5324989685322783,1.559272081516331,interaction_frozen_vs_context_gru_tuned_anchor_k5,environmental_reference,overall,-0.026773112984052716,1.7170263805414199,candidate_better
143,42,1.5984628174288436,1.6045567522231414,interaction_frozen_vs_context_gru_tuned_anchor_k5,environmental_reference,overall,-0.006093934794297873,0.3797892960691218,candidate_better
143,43,1.591806123593499,1.6003482571822234,interaction_frozen_vs_context_gru_tuned_anchor_k5,environmental_reference,overall,-0.008542133588724354,0.5337671691388435,candidate_better
143,44,1.5813323710503115,1.58925650599366,interaction_frozen_vs_context_gru_tuned_anchor_k5,environmental_reference,overall,-0.007924134943348538,0.4986064183763794,candidate_better
144,42,1.6382706465349859,1.6239007513123207,interaction_frozen_vs_context_gru_tuned_anchor_k5,environmental_reference,overall,0.014369895222665185,-0.8848998444672462,reference_better
144,43,1.5969706663966794,1.6280811548168912,interaction_frozen_vs_context_gru_tuned_anchor_k5,environmental_reference,overall,-0.0311104884202118,1.9108684065390347,candidate_better
144,44,1.6363688421327245,1.6172173703055515,interaction_frozen_vs_context_gru_tuned_anchor_k5,environmental_reference,overall,0.019151471827173028,-1.1842237276708634,reference_better
142,42,7.331135890394302,7.382707737192774,interaction_frozen_vs_context_gru_tuned_anchor_k5,environmental_reference,q90,-0.051571846798472265,0.6985492130300974,candidate_better
142,43,7.41380453276811,7.475964906206744,interaction_frozen_vs_context_gru_tuned_anchor_k5,environmental_reference,q90,-0.06216037343863334,0.8314695724029653,candidate_better
142,44,7.390756440262646,7.439700528410219,interaction_frozen_vs_context_gru_tuned_anchor_k5,environmental_reference,q90,-0.04894408814757245,0.6578771277240048,candidate_better
143,42,6.208247845294079,6.218610131449018,interaction_frozen_vs_context_gru_tuned_anchor_k5,environmental_reference,q90,-0.010362286154938616,0.16663347493893754,candidate_better
143,43,6.187194247992043,6.209258557105862,interaction_frozen_vs_context_gru_tuned_anchor_k5,environmental_reference,q90,-0.02206430911381929,0.35534531073068143,candidate_better
143,44,6.176854474416323,6.201040491851589,interaction_frozen_vs_context_gru_tuned_anchor_k5,environmental_reference,q90,-0.02418601743526594,0.39003159981050306,candidate_better
144,42,6.5883442381931605,6.432189700224054,interaction_frozen_vs_context_gru_tuned_anchor_k5,environmental_reference,q90,0.1561545379691065,-2.427704176132539,reference_better
144,43,6.471515675044156,6.471094550981552,interaction_frozen_vs_context_gru_tuned_anchor_k5,environmental_reference,q90,0.0004211240626039725,-0.00650777174227013,reference_better
144,44,6.603642253920434,6.419490232048773,interaction_frozen_vs_context_gru_tuned_anchor_k5,environmental_reference,q90,0.18415202187166102,-2.8686393345112915,reference_better
142,42,0.9768656772212407,1.0005179079783746,interaction_frozen_vs_context_gru_tuned_anchor_k5,environmental_reference,nontail,-0.023652230757133852,2.363998741904083,candidate_better
142,43,0.9762292725943411,1.0024433913270756,interaction_frozen_vs_context_gru_tuned_anchor_k5,environmental_reference,nontail,-0.026214118732734493,2.6150223503425107,candidate_better
142,44,0.9633279417453366,0.9879469881388404,interaction_frozen_vs_context_gru_tuned_anchor_k5,environmental_reference,nontail,-0.024619046393503763,2.4919400219927557,candidate_better
143,42,1.0134309708004317,1.0189832053932062,interaction_frozen_vs_context_gru_tuned_anchor_k5,environmental_reference,nontail,-0.005552234592774541,0.5448798923660458,candidate_better
143,43,1.0086014005662827,1.0154274230413523,interaction_frozen_vs_context_gru_tuned_anchor_k5,environmental_reference,nontail,-0.006826022475069582,0.6722314485681946,candidate_better
143,44,0.9981106446352425,1.0039709698593975,interaction_frozen_vs_context_gru_tuned_anchor_k5,environmental_reference,nontail,-0.0058603252241550274,0.5837146092955048,candidate_better
144,42,1.0140579766716502,1.0175673652122648,interaction_frozen_vs_context_gru_tuned_anchor_k5,environmental_reference,nontail,-0.0035093885406145553,0.34488021732914653,candidate_better
144,43,0.9822822788655403,1.0173689570632458,interaction_frozen_vs_context_gru_tuned_anchor_k5,environmental_reference,nontail,-0.0350866781977055,3.4487663451996053,candidate_better
144,44,1.0099872457988168,1.0116426229942028,interaction_frozen_vs_context_gru_tuned_anchor_k5,environmental_reference,nontail,-0.0016553771953859986,0.163632606788211,candidate_better
142,42,1.5130588249822532,1.5122543400675132,interaction_tuned_vs_additive_gru_tuned_anchor_k5,prior_additive_readout,overall,0.0008044849147399447,-0.05319772563550096,reference_better
142,43,1.5444465745043028,1.5479626403075077,interaction_tuned_vs_additive_gru_tuned_anchor_k5,prior_additive_readout,overall,-0.0035160658032049596,0.22714151567033714,candidate_better
142,44,1.5395034928970557,1.5423735136793968,interaction_tuned_vs_additive_gru_tuned_anchor_k5,prior_additive_readout,overall,-0.0028700207823411095,0.18607819421733174,candidate_better
143,42,1.5940501801311846,1.6022807143709943,interaction_tuned_vs_additive_gru_tuned_anchor_k5,prior_additive_readout,overall,-0.008230534239809684,0.5136761720957672,candidate_better
143,43,1.591541613173243,1.598592947841694,interaction_tuned_vs_additive_gru_tuned_anchor_k5,prior_additive_readout,overall,-0.0070513346684510925,0.441096320234069,candidate_better
143,44,1.5811808899882924,1.5873258249787265,interaction_tuned_vs_additive_gru_tuned_anchor_k5,prior_additive_readout,overall,-0.006144934990434114,0.3871249931006737,candidate_better
144,42,1.6378230189613743,1.6496286992754887,interaction_tuned_vs_additive_gru_tuned_anchor_k5,prior_additive_readout,overall,-0.011805680314114442,0.7156568213986247,candidate_better
144,43,1.596831540334719,1.6108830291313787,interaction_tuned_vs_additive_gru_tuned_anchor_k5,prior_additive_readout,overall,-0.014051488796659628,0.872284861318362,candidate_better
144,44,1.6360123442973469,1.60351082825333,interaction_tuned_vs_additive_gru_tuned_anchor_k5,prior_additive_readout,overall,0.032501516044016965,-2.026897197783195,reference_better
142,42,7.236168385399439,7.284123989085502,interaction_tuned_vs_additive_gru_tuned_anchor_k5,prior_additive_readout,q90,-0.047955603686062886,0.6583578719681182,candidate_better
142,43,7.353722684936437,7.388142904565029,interaction_tuned_vs_additive_gru_tuned_anchor_k5,prior_additive_readout,q90,-0.03442021962859254,0.46588459472440835,candidate_better
142,44,7.272750469040222,7.290730128395745,interaction_tuned_vs_additive_gru_tuned_anchor_k5,prior_additive_readout,q90,-0.017979659355522593,0.24660985990272444,candidate_better
143,42,6.194949879612223,6.212724889188524,interaction_tuned_vs_additive_gru_tuned_anchor_k5,prior_additive_readout,q90,-0.01777500957630096,0.28610649744419403,candidate_better
143,43,6.18608485443566,6.203056161510216,interaction_tuned_vs_additive_gru_tuned_anchor_k5,prior_additive_readout,q90,-0.016971307074555853,0.2735958958402174,candidate_better
143,44,6.175857347397598,6.194862031681868,interaction_tuned_vs_additive_gru_tuned_anchor_k5,prior_additive_readout,q90,-0.019004684284269935,0.3067813970202393,candidate_better
144,42,6.5830640407686,6.635202376972438,interaction_tuned_vs_additive_gru_tuned_anchor_k5,prior_additive_readout,q90,-0.052138336203837454,0.7857836617732206,candidate_better
144,43,6.46881760081828,6.500743916533801,interaction_tuned_vs_additive_gru_tuned_anchor_k5,prior_additive_readout,q90,-0.03192631571552074,0.49111788012938806,candidate_better
144,44,6.59978127294318,6.450593232667663,interaction_tuned_vs_additive_gru_tuned_anchor_k5,prior_additive_readout,q90,0.1491880402755168,-2.3127801567146555,reference_better
142,42,0.9570183708649885,0.9514764994784071,interaction_tuned_vs_additive_gru_tuned_anchor_k5,prior_additive_readout,nontail,0.005541871386581465,-0.5824496337659912,reference_better
142,43,0.9800344323922103,0.9805479417100339,interaction_tuned_vs_additive_gru_tuned_anchor_k5,prior_additive_readout,nontail,-0.0005135093178235683,0.05236962885547536,candidate_better
142,44,0.9824781173512662,0.9838801301905329,interaction_tuned_vs_additive_gru_tuned_anchor_k5,prior_additive_readout,nontail,-0.0014020128392666642,0.14249833859284466,candidate_better
143,42,1.010145978293383,1.0171652148268027,interaction_tuned_vs_additive_gru_tuned_anchor_k5,prior_additive_readout,nontail,-0.007019236533419626,0.6900783108882536,candidate_better
143,43,1.0084441150032215,1.01423649730401,interaction_tuned_vs_additive_gru_tuned_anchor_k5,prior_additive_readout,nontail,-0.005792382300788601,0.5711076574532292,candidate_better
143,44,0.9980664852406447,1.0025793782093633,interaction_tuned_vs_additive_gru_tuned_anchor_k5,prior_additive_readout,nontail,-0.004512892968718596,0.45012824588300804,candidate_better
144,42,1.0142197443470395,1.020939408393026,interaction_tuned_vs_additive_gru_tuned_anchor_k5,prior_additive_readout,nontail,-0.006719664045986562,0.6581844123897063,candidate_better
144,43,0.9824658405042498,0.9942632833301241,interaction_tuned_vs_additive_gru_tuned_anchor_k5,prior_additive_readout,nontail,-0.01179744282587436,1.186551190582108,candidate_better
144,44,1.0100726692274316,0.9922855216627766,interaction_tuned_vs_additive_gru_tuned_anchor_k5,prior_additive_readout,nontail,0.017787147564654937,-1.7925432928668439,reference_better
142,42,1.5130588249822532,1.5656828941125804,interaction_tuned_vs_context_gru_tuned_anchor_k5,environmental_reference,overall,-0.052624069130327245,3.361093700915363,candidate_better
142,43,1.5444465745043028,1.5756961141541557,interaction_tuned_vs_context_gru_tuned_anchor_k5,environmental_reference,overall,-0.031249539649852887,1.9832212169050067,candidate_better
142,44,1.5395034928970557,1.559272081516331,interaction_tuned_vs_context_gru_tuned_anchor_k5,environmental_reference,overall,-0.01976858861927533,1.2678087970414476,candidate_better
143,42,1.5940501801311846,1.6045567522231414,interaction_tuned_vs_context_gru_tuned_anchor_k5,environmental_reference,overall,-0.010506572091956823,0.6547959165295825,candidate_better
143,43,1.591541613173243,1.6003482571822234,interaction_tuned_vs_context_gru_tuned_anchor_k5,environmental_reference,overall,-0.008806644008980458,0.550295472842055,candidate_better
143,44,1.5811808899882924,1.58925650599366,interaction_tuned_vs_context_gru_tuned_anchor_k5,environmental_reference,overall,-0.008075616005367658,0.5081379862162949,candidate_better
144,42,1.6378230189613743,1.6239007513123207,interaction_tuned_vs_context_gru_tuned_anchor_k5,environmental_reference,overall,0.013922267649053577,-0.8573348856327989,reference_better
144,43,1.596831540334719,1.6280811548168912,interaction_tuned_vs_context_gru_tuned_anchor_k5,environmental_reference,overall,-0.031249614482172117,1.9194138074576927,candidate_better
144,44,1.6360123442973469,1.6172173703055515,interaction_tuned_vs_context_gru_tuned_anchor_k5,environmental_reference,overall,0.018794973991795416,-1.162179824239984,reference_better
142,42,7.236168385399439,7.382707737192774,interaction_tuned_vs_context_gru_tuned_anchor_k5,environmental_reference,q90,-0.14653935179333555,1.9848998092542147,candidate_better
142,43,7.353722684936437,7.475964906206744,interaction_tuned_vs_context_gru_tuned_anchor_k5,environmental_reference,q90,-0.12224222127030693,1.6351363710765732,candidate_better
142,44,7.272750469040222,7.439700528410219,interaction_tuned_vs_context_gru_tuned_anchor_k5,environmental_reference,q90,-0.16695005936999685,2.2440427371029137,candidate_better
143,42,6.194949879612223,6.218610131449018,interaction_tuned_vs_context_gru_tuned_anchor_k5,environmental_reference,q90,-0.023660251836794544,0.3804749186178902,candidate_better
143,43,6.18608485443566,6.209258557105862,interaction_tuned_vs_context_gru_tuned_anchor_k5,environmental_reference,q90,-0.023173702670201912,0.37321207447034155,candidate_better
143,44,6.175857347397598,6.201040491851589,interaction_tuned_vs_context_gru_tuned_anchor_k5,environmental_reference,q90,-0.02518314445399028,0.40611159509572614,candidate_better
144,42,6.5830640407686,6.432189700224054,interaction_tuned_vs_context_gru_tuned_anchor_k5,environmental_reference,q90,0.1508743405445463,-2.3456139755842598,reference_better
144,43,6.46881760081828,6.471094550981552,interaction_tuned_vs_context_gru_tuned_anchor_k5,environmental_reference,q90,-0.002276950163271785,0.03518647649687345,candidate_better
144,44,6.59978127294318,6.419490232048773,interaction_tuned_vs_context_gru_tuned_anchor_k5,environmental_reference,q90,0.1802910408944074,-2.8084946682264578,reference_better
142,42,0.9570183708649885,1.0005179079783746,interaction_tuned_vs_context_gru_tuned_anchor_k5,environmental_reference,nontail,-0.043499537113386055,4.347702001784281,candidate_better
142,43,0.9800344323922103,1.0024433913270756,interaction_tuned_vs_context_gru_tuned_anchor_k5,environmental_reference,nontail,-0.022408958934865275,2.2354338537959095,candidate_better
142,44,0.9824781173512662,0.9879469881388404,interaction_tuned_vs_context_gru_tuned_anchor_k5,environmental_reference,nontail,-0.005468870787574187,0.5535591335600665,candidate_better
143,42,1.010145978293383,1.0189832053932062,interaction_tuned_vs_context_gru_tuned_anchor_k5,environmental_reference,nontail,-0.008837227099823153,0.8672593476565682,candidate_better
143,43,1.0084441150032215,1.0154274230413523,interaction_tuned_vs_context_gru_tuned_anchor_k5,environmental_reference,nontail,-0.006983308038130742,0.6877210403885559,candidate_better
143,44,0.9980664852406447,1.0039709698593975,interaction_tuned_vs_context_gru_tuned_anchor_k5,environmental_reference,nontail,-0.005904484618752814,0.5881130825505565,candidate_better
144,42,1.0142197443470395,1.0175673652122648,interaction_tuned_vs_context_gru_tuned_anchor_k5,environmental_reference,nontail,-0.0033476208652252204,0.3289827268120882,candidate_better
144,43,0.9824658405042498,1.0173689570632458,interaction_tuned_vs_context_gru_tuned_anchor_k5,environmental_reference,nontail,-0.03490311655899603,3.4307235655929524,candidate_better
144,44,1.0100726692274316,1.0116426229942028,interaction_tuned_vs_context_gru_tuned_anchor_k5,environmental_reference,nontail,-0.0015699537667712704,0.1551885746099324,candidate_better
142,42,1.539558284777698,1.5554958697492671,interaction_frozen_gru_tuned_anchor_vs_v4_fusion_gru_tuned_anchor_k5,prior_fusion_reference,overall,-0.015937584971569052,1.0245983471584563,candidate_better
142,43,1.5462988302248233,1.5756961141541557,interaction_frozen_gru_tuned_anchor_vs_v4_fusion_gru_tuned_anchor_k5,prior_fusion_reference,overall,-0.029397283929332385,1.8656696342183365,candidate_better
142,44,1.5324989685322783,1.559272081516331,interaction_frozen_gru_tuned_anchor_vs_v4_fusion_gru_tuned_anchor_k5,prior_fusion_reference,overall,-0.026773112984052716,1.7170263805414199,candidate_better
143,42,1.5984628174288436,1.6060310175570602,interaction_frozen_gru_tuned_anchor_vs_v4_fusion_gru_tuned_anchor_k5,prior_fusion_reference,overall,-0.007568200128216684,0.4712362367526812,candidate_better
143,43,1.591806123593499,1.6014388507929376,interaction_frozen_gru_tuned_anchor_vs_v4_fusion_gru_tuned_anchor_k5,prior_fusion_reference,overall,-0.009632727199438529,0.601504527923058,candidate_better
143,44,1.5813323710503115,1.5897509213413876,interaction_frozen_gru_tuned_anchor_vs_v4_fusion_gru_tuned_anchor_k5,prior_fusion_reference,overall,-0.008418550291076077,0.5295515277306873,candidate_better
144,42,1.6382706465349859,1.6239007513123207,interaction_frozen_gru_tuned_anchor_vs_v4_fusion_gru_tuned_anchor_k5,prior_fusion_reference,overall,0.014369895222665185,-0.8848998444672462,reference_better
144,43,1.5969706663966794,1.6280811548168912,interaction_frozen_gru_tuned_anchor_vs_v4_fusion_gru_tuned_anchor_k5,prior_fusion_reference,overall,-0.0311104884202118,1.9108684065390347,candidate_better
144,44,1.6363688421327245,1.6172173703055515,interaction_frozen_gru_tuned_anchor_vs_v4_fusion_gru_tuned_anchor_k5,prior_fusion_reference,overall,0.019151471827173028,-1.1842237276708634,reference_better
142,42,7.331135890394302,7.293388179711354,interaction_frozen_gru_tuned_anchor_vs_v4_fusion_gru_tuned_anchor_k5,prior_fusion_reference,q90,0.037747710682948465,-0.5175606967959601,reference_better
142,43,7.41380453276811,7.475964906206744,interaction_frozen_gru_tuned_anchor_vs_v4_fusion_gru_tuned_anchor_k5,prior_fusion_reference,q90,-0.06216037343863334,0.8314695724029653,candidate_better
142,44,7.390756440262646,7.439700528410219,interaction_frozen_gru_tuned_anchor_vs_v4_fusion_gru_tuned_anchor_k5,prior_fusion_reference,q90,-0.04894408814757245,0.6578771277240048,candidate_better
143,42,6.208247845294079,6.233149392907182,interaction_frozen_gru_tuned_anchor_vs_v4_fusion_gru_tuned_anchor_k5,prior_fusion_reference,q90,-0.024901547613103148,0.3995018576233522,candidate_better
143,43,6.187194247992043,6.222271754263846,interaction_frozen_gru_tuned_anchor_vs_v4_fusion_gru_tuned_anchor_k5,prior_fusion_reference,q90,-0.035077506271803394,0.5637411488459421,candidate_better
143,44,6.176854474416323,6.21052286997793,interaction_frozen_gru_tuned_anchor_vs_v4_fusion_gru_tuned_anchor_k5,prior_fusion_reference,q90,-0.033668395561607056,0.5421185344049229,candidate_better
144,42,6.5883442381931605,6.432189700224054,interaction_frozen_gru_tuned_anchor_vs_v4_fusion_gru_tuned_anchor_k5,prior_fusion_reference,q90,0.1561545379691065,-2.427704176132539,reference_better
144,43,6.471515675044156,6.471094550981552,interaction_frozen_gru_tuned_anchor_vs_v4_fusion_gru_tuned_anchor_k5,prior_fusion_reference,q90,0.0004211240626039725,-0.00650777174227013,reference_better
144,44,6.603642253920434,6.419490232048773,interaction_frozen_gru_tuned_anchor_vs_v4_fusion_gru_tuned_anchor_k5,prior_fusion_reference,q90,0.18415202187166102,-2.8686393345112915,reference_better
142,42,0.9768656772212407,0.9980191672633014,interaction_frozen_gru_tuned_anchor_vs_v4_fusion_gru_tuned_anchor_k5,prior_fusion_reference,nontail,-0.021153490042060685,2.119547473228023,candidate_better
142,43,0.9762292725943411,1.0024433913270756,interaction_frozen_gru_tuned_anchor_vs_v4_fusion_gru_tuned_anchor_k5,prior_fusion_reference,nontail,-0.026214118732734493,2.6150223503425107,candidate_better
142,44,0.9633279417453366,0.9879469881388404,interaction_frozen_gru_tuned_anchor_vs_v4_fusion_gru_tuned_anchor_k5,prior_fusion_reference,nontail,-0.024619046393503763,2.4919400219927557,candidate_better
143,42,1.0134309708004317,1.0187993806507856,interaction_frozen_gru_tuned_anchor_vs_v4_fusion_gru_tuned_anchor_k5,prior_fusion_reference,nontail,-0.005368409850353917,0.5269349346212482,candidate_better
143,43,1.0086014005662827,1.01500490861607,interaction_frozen_gru_tuned_anchor_vs_v4_fusion_gru_tuned_anchor_k5,prior_fusion_reference,nontail,-0.006403508049787288,0.6308844415854442,candidate_better
143,44,0.9981106446352425,1.003324714995821,interaction_frozen_gru_tuned_anchor_vs_v4_fusion_gru_tuned_anchor_k5,prior_fusion_reference,nontail,-0.005214070360578638,0.5196792506601766,candidate_better
144,42,1.0140579766716502,1.0175673652122648,interaction_frozen_gru_tuned_anchor_vs_v4_fusion_gru_tuned_anchor_k5,prior_fusion_reference,nontail,-0.0035093885406145553,0.34488021732914653,candidate_better
144,43,0.9822822788655403,1.0173689570632458,interaction_frozen_gru_tuned_anchor_vs_v4_fusion_gru_tuned_anchor_k5,prior_fusion_reference,nontail,-0.0350866781977055,3.4487663451996053,candidate_better
144,44,1.0099872457988168,1.0116426229942028,interaction_frozen_gru_tuned_anchor_vs_v4_fusion_gru_tuned_anchor_k5,prior_fusion_reference,nontail,-0.0016553771953859986,0.163632606788211,candidate_better
142,42,1.539558284777698,1.5564278417176576,interaction_frozen_gru_tuned_anchor_vs_v4_fusion_tree_episodic_k5,prior_fusion_reference,overall,-0.016869556939959507,1.0838637351374025,candidate_better
142,43,1.5462988302248233,1.5675289398302115,interaction_frozen_gru_tuned_anchor_vs_v4_fusion_tree_episodic_k5,prior_fusion_reference,overall,-0.02123010960538818,1.3543679523829288,candidate_better
142,44,1.5324989685322783,1.578495536380702,interaction_frozen_gru_tuned_anchor_vs_v4_fusion_tree_episodic_k5,prior_fusion_reference,overall,-0.045996567848423764,2.9139498204656444,candidate_better
143,42,1.5984628174288436,1.598014837565704,interaction_frozen_gru_tuned_anchor_vs_v4_fusion_tree_episodic_k5,prior_fusion_reference,overall,0.0004479798631396026,-0.028033523382164915,reference_better
143,43,1.591806123593499,1.5923607121771113,interaction_frozen_gru_tuned_anchor_vs_v4_fusion_tree_episodic_k5,prior_fusion_reference,overall,-0.0005545885836122366,0.03482807503168983,candidate_better
143,44,1.5813323710503115,1.5993254849324656,interaction_frozen_gru_tuned_anchor_vs_v4_fusion_tree_episodic_k5,prior_fusion_reference,overall,-0.017993113882154077,1.1250439045504157,candidate_better
144,42,1.6382706465349859,1.6178016110267814,interaction_frozen_gru_tuned_anchor_vs_v4_fusion_tree_episodic_k5,prior_fusion_reference,overall,0.020469035508204447,-1.2652376761581596,reference_better
144,43,1.5969706663966794,1.6292273415552154,interaction_frozen_gru_tuned_anchor_vs_v4_fusion_tree_episodic_k5,prior_fusion_reference,overall,-0.03225667515853603,1.979875634037953,candidate_better
144,44,1.6363688421327245,1.617607624023374,interaction_frozen_gru_tuned_anchor_vs_v4_fusion_tree_episodic_k5,prior_fusion_reference,overall,0.018761218109350386,-1.1598126659842833,reference_better
142,42,7.331135890394302,7.370128047542128,interaction_frozen_gru_tuned_anchor_vs_v4_fusion_tree_episodic_k5,prior_fusion_reference,q90,-0.03899215714782578,0.5290567123976797,candidate_better
142,43,7.41380453276811,7.486051479391872,interaction_frozen_gru_tuned_anchor_vs_v4_fusion_tree_episodic_k5,prior_fusion_reference,q90,-0.07224694662376141,0.9650874940233534,candidate_better
142,44,7.390756440262646,7.511521945645012,interaction_frozen_gru_tuned_anchor_vs_v4_fusion_tree_episodic_k5,prior_fusion_reference,q90,-0.12076550538236575,1.6077368375710166,candidate_better
143,42,6.208247845294079,6.2299033150219785,interaction_frozen_gru_tuned_anchor_vs_v4_fusion_tree_episodic_k5,prior_fusion_reference,q90,-0.021655469727899224,0.34760522969404795,candidate_better
143,43,6.187194247992043,6.227416962347187,interaction_frozen_gru_tuned_anchor_vs_v4_fusion_tree_episodic_k5,prior_fusion_reference,q90,-0.04022271435514391,0.6458972411570008,candidate_better
143,44,6.176854474416323,6.229242440844409,interaction_frozen_gru_tuned_anchor_vs_v4_fusion_tree_episodic_k5,prior_fusion_reference,q90,-0.05238796642808641,0.8410006020087568,candidate_better
144,42,6.5883442381931605,6.453006596276329,interaction_frozen_gru_tuned_anchor_vs_v4_fusion_tree_episodic_k5,prior_fusion_reference,q90,0.1353376419168315,-2.097280390119649,reference_better
144,43,6.471515675044156,6.459055107452035,interaction_frozen_gru_tuned_anchor_vs_v4_fusion_tree_episodic_k5,prior_fusion_reference,q90,0.012460567592120775,-0.19291626073516532,reference_better
144,44,6.603642253920434,6.437512393565284,interaction_frozen_gru_tuned_anchor_vs_v4_fusion_tree_episodic_k5,prior_fusion_reference,q90,0.16612986035514954,-2.580653056624893,reference_better
142,42,0.9768656772212407,0.9915858675387413,interaction_frozen_gru_tuned_anchor_vs_v4_fusion_tree_episodic_k5,prior_fusion_reference,nontail,-0.014720190317500603,1.4845098946436375,candidate_better
142,43,0.9762292725943411,0.9925027367041546,interaction_frozen_gru_tuned_anchor_vs_v4_fusion_tree_episodic_k5,prior_fusion_reference,nontail,-0.01627346410981345,1.6396392179081953,candidate_better
142,44,0.9633279417453366,1.0020601800293254,interaction_frozen_gru_tuned_anchor_vs_v4_fusion_tree_episodic_k5,prior_fusion_reference,nontail,-0.03873223828398875,3.8652606955058566,candidate_better
143,42,1.0134309708004317,1.010177822832286,interaction_frozen_gru_tuned_anchor_vs_v4_fusion_tree_episodic_k5,prior_fusion_reference,nontail,0.0032531479681456865,-0.3220371596581506,reference_better
143,43,1.0086014005662827,1.0041216726400957,interaction_frozen_gru_tuned_anchor_vs_v4_fusion_tree_episodic_k5,prior_fusion_reference,nontail,0.004479727926187005,-0.44613397442250236,reference_better
143,44,0.9981106446352425,1.0117386777212585,interaction_frozen_gru_tuned_anchor_vs_v4_fusion_tree_episodic_k5,prior_fusion_reference,nontail,-0.013628033086016011,1.346991410539966,candidate_better
144,42,1.0140579766716502,1.0080740671241266,interaction_frozen_gru_tuned_anchor_vs_v4_fusion_tree_episodic_k5,prior_fusion_reference,nontail,0.0059839095475235915,-0.5935982030164544,reference_better
144,43,0.9822822788655403,1.0201778741268708,interaction_frozen_gru_tuned_anchor_vs_v4_fusion_tree_episodic_k5,prior_fusion_reference,nontail,-0.03789559526133046,3.7146066605065142,candidate_better
144,44,1.0099872457988168,1.0098094632540213,interaction_frozen_gru_tuned_anchor_vs_v4_fusion_tree_episodic_k5,prior_fusion_reference,nontail,0.0001777825447955017,-0.017605553449917544,reference_better
142,42,1.5130588249822532,1.5554958697492671,interaction_tuned_gru_tuned_anchor_vs_v4_fusion_gru_tuned_anchor_k5,prior_fusion_reference,overall,-0.04243704476701393,2.7282004145632643,candidate_better
142,43,1.5444465745043028,1.5756961141541557,interaction_tuned_gru_tuned_anchor_vs_v4_fusion_gru_tuned_anchor_k5,prior_fusion_reference,overall,-0.031249539649852887,1.9832212169050067,candidate_better
142,44,1.5395034928970557,1.559272081516331,interaction_tuned_gru_tuned_anchor_vs_v4_fusion_gru_tuned_anchor_k5,prior_fusion_reference,overall,-0.01976858861927533,1.2678087970414476,candidate_better
143,42,1.5940501801311846,1.6060310175570602,interaction_tuned_gru_tuned_anchor_vs_v4_fusion_gru_tuned_anchor_k5,prior_fusion_reference,overall,-0.011980837425875634,0.7459904133171547,candidate_better
143,43,1.591541613173243,1.6014388507929376,interaction_tuned_gru_tuned_anchor_vs_v4_fusion_gru_tuned_anchor_k5,prior_fusion_reference,overall,-0.009897237619694632,0.6180215757095042,candidate_better
143,44,1.5811808899882924,1.5897509213413876,interaction_tuned_gru_tuned_anchor_vs_v4_fusion_gru_tuned_anchor_k5,prior_fusion_reference,overall,-0.008570031353095198,0.5390801312361582,candidate_better
144,42,1.6378230189613743,1.6239007513123207,interaction_tuned_gru_tuned_anchor_vs_v4_fusion_gru_tuned_anchor_k5,prior_fusion_reference,overall,0.013922267649053577,-0.8573348856327989,reference_better
144,43,1.596831540334719,1.6280811548168912,interaction_tuned_gru_tuned_anchor_vs_v4_fusion_gru_tuned_anchor_k5,prior_fusion_reference,overall,-0.031249614482172117,1.9194138074576927,candidate_better
144,44,1.6360123442973469,1.6172173703055515,interaction_tuned_gru_tuned_anchor_vs_v4_fusion_gru_tuned_anchor_k5,prior_fusion_reference,overall,0.018794973991795416,-1.162179824239984,reference_better
142,42,7.236168385399439,7.293388179711354,interaction_tuned_gru_tuned_anchor_vs_v4_fusion_gru_tuned_anchor_k5,prior_fusion_reference,q90,-0.05721979431191482,0.7845433823348125,candidate_better
142,43,7.353722684936437,7.475964906206744,interaction_tuned_gru_tuned_anchor_vs_v4_fusion_gru_tuned_anchor_k5,prior_fusion_reference,q90,-0.12224222127030693,1.6351363710765732,candidate_better
142,44,7.272750469040222,7.439700528410219,interaction_tuned_gru_tuned_anchor_vs_v4_fusion_gru_tuned_anchor_k5,prior_fusion_reference,q90,-0.16695005936999685,2.2440427371029137,candidate_better
143,42,6.194949879612223,6.233149392907182,interaction_tuned_gru_tuned_anchor_vs_v4_fusion_gru_tuned_anchor_k5,prior_fusion_reference,q90,-0.038199513294959075,0.612844501022658,candidate_better
143,43,6.18608485443566,6.222271754263846,interaction_tuned_gru_tuned_anchor_vs_v4_fusion_gru_tuned_anchor_k5,prior_fusion_reference,q90,-0.036186899828186014,0.5815705462139054,candidate_better
143,44,6.175857347397598,6.21052286997793,interaction_tuned_gru_tuned_anchor_vs_v4_fusion_gru_tuned_anchor_k5,prior_fusion_reference,q90,-0.0346655225803314,0.5581739783602879,candidate_better
144,42,6.5830640407686,6.432189700224054,interaction_tuned_gru_tuned_anchor_vs_v4_fusion_gru_tuned_anchor_k5,prior_fusion_reference,q90,0.1508743405445463,-2.3456139755842598,reference_better
144,43,6.46881760081828,6.471094550981552,interaction_tuned_gru_tuned_anchor_vs_v4_fusion_gru_tuned_anchor_k5,prior_fusion_reference,q90,-0.002276950163271785,0.03518647649687345,candidate_better
144,44,6.59978127294318,6.419490232048773,interaction_tuned_gru_tuned_anchor_vs_v4_fusion_gru_tuned_anchor_k5,prior_fusion_reference,q90,0.1802910408944074,-2.8084946682264578,reference_better
142,42,0.9570183708649885,0.9980191672633014,interaction_tuned_gru_tuned_anchor_vs_v4_fusion_gru_tuned_anchor_k5,prior_fusion_reference,nontail,-0.04100079639831289,4.108217331210417,candidate_better
142,43,0.9800344323922103,1.0024433913270756,interaction_tuned_gru_tuned_anchor_vs_v4_fusion_gru_tuned_anchor_k5,prior_fusion_reference,nontail,-0.022408958934865275,2.2354338537959095,candidate_better
142,44,0.9824781173512662,0.9879469881388404,interaction_tuned_gru_tuned_anchor_vs_v4_fusion_gru_tuned_anchor_k5,prior_fusion_reference,nontail,-0.005468870787574187,0.5535591335600665,candidate_better
143,42,1.010145978293383,1.0187993806507856,interaction_tuned_gru_tuned_anchor_vs_v4_fusion_gru_tuned_anchor_k5,prior_fusion_reference,nontail,-0.008653402357402529,0.8493725577134681,candidate_better
143,43,1.0084441150032215,1.01500490861607,interaction_tuned_gru_tuned_anchor_vs_v4_fusion_gru_tuned_anchor_k5,prior_fusion_reference,nontail,-0.006560793612848448,0.6463804812327334,candidate_better
143,44,0.9980664852406447,1.003324714995821,interaction_tuned_gru_tuned_anchor_vs_v4_fusion_gru_tuned_anchor_k5,prior_fusion_reference,nontail,-0.0052582297551764245,0.5240805570306595,candidate_better
144,42,1.0142197443470395,1.0175673652122648,interaction_tuned_gru_tuned_anchor_vs_v4_fusion_gru_tuned_anchor_k5,prior_fusion_reference,nontail,-0.0033476208652252204,0.3289827268120882,candidate_better
144,43,0.9824658405042498,1.0173689570632458,interaction_tuned_gru_tuned_anchor_vs_v4_fusion_gru_tuned_anchor_k5,prior_fusion_reference,nontail,-0.03490311655899603,3.4307235655929524,candidate_better
144,44,1.0100726692274316,1.0116426229942028,interaction_tuned_gru_tuned_anchor_vs_v4_fusion_gru_tuned_anchor_k5,prior_fusion_reference,nontail,-0.0015699537667712704,0.1551885746099324,candidate_better
142,42,1.5130588249822532,1.5564278417176576,interaction_tuned_gru_tuned_anchor_vs_v4_fusion_tree_episodic_k5,prior_fusion_reference,overall,-0.043369016735404387,2.786445704257179,candidate_better
142,43,1.5444465745043028,1.5675289398302115,interaction_tuned_gru_tuned_anchor_vs_v4_fusion_tree_episodic_k5,prior_fusion_reference,overall,-0.023082365325908683,1.4725320049535306,candidate_better
142,44,1.5395034928970557,1.578495536380702,interaction_tuned_gru_tuned_anchor_vs_v4_fusion_tree_episodic_k5,prior_fusion_reference,overall,-0.03899204348364638,2.470202961298862,candidate_better
143,42,1.5940501801311846,1.598014837565704,interaction_tuned_gru_tuned_anchor_vs_v4_fusion_tree_episodic_k5,prior_fusion_reference,overall,-0.0039646574345193475,0.24809891255821448,candidate_better
143,43,1.591541613173243,1.5923607121771113,interaction_tuned_gru_tuned_anchor_vs_v4_fusion_tree_episodic_k5,prior_fusion_reference,overall,-0.0008190990038683399,0.05143928744313353,candidate_better
143,44,1.5811808899882924,1.5993254849324656,interaction_tuned_gru_tuned_anchor_vs_v4_fusion_tree_episodic_k5,prior_fusion_reference,overall,-0.018144594944173198,1.1345154638700339,candidate_better
144,42,1.6378230189613743,1.6178016110267814,interaction_tuned_gru_tuned_anchor_vs_v4_fusion_tree_episodic_k5,prior_fusion_reference,overall,0.02002140793459284,-1.2375687969482074,reference_better
144,43,1.596831540334719,1.6292273415552154,interaction_tuned_gru_tuned_anchor_vs_v4_fusion_tree_episodic_k5,prior_fusion_reference,overall,-0.032395801220496345,1.988415023134349,candidate_better
144,44,1.6360123442973469,1.617607624023374,interaction_tuned_gru_tuned_anchor_vs_v4_fusion_tree_episodic_k5,prior_fusion_reference,overall,0.018404720273972774,-1.1377740807251957,reference_better
142,42,7.236168385399439,7.370128047542128,interaction_tuned_gru_tuned_anchor_vs_v4_fusion_tree_episodic_k5,prior_fusion_reference,q90,-0.13395966214268906,1.8176029137969119,candidate_better
142,43,7.353722684936437,7.486051479391872,interaction_tuned_gru_tuned_anchor_vs_v4_fusion_tree_episodic_k5,prior_fusion_reference,q90,-0.132328794455435,1.7676714462853904,candidate_better
142,44,7.272750469040222,7.511521945645012,interaction_tuned_gru_tuned_anchor_vs_v4_fusion_tree_episodic_k5,prior_fusion_reference,q90,-0.23877147660479014,3.178736324443865,candidate_better
143,42,6.194949879612223,6.2299033150219785,interaction_tuned_gru_tuned_anchor_vs_v4_fusion_tree_episodic_k5,prior_fusion_reference,q90,-0.03495343540975515,0.561059034824396,candidate_better
143,43,6.18608485443566,6.227416962347187,interaction_tuned_gru_tuned_anchor_vs_v4_fusion_tree_episodic_k5,prior_fusion_reference,q90,-0.04133210791152653,0.6637119075442177,candidate_better
143,44,6.175857347397598,6.229242440844409,interaction_tuned_gru_tuned_anchor_vs_v4_fusion_tree_episodic_k5,prior_fusion_reference,q90,-0.05338509344681075,0.8570077975577073,candidate_better
144,42,6.5830640407686,6.453006596276329,interaction_tuned_gru_tuned_anchor_vs_v4_fusion_tree_episodic_k5,prior_fusion_reference,q90,0.1300574444922713,-2.0154550061566745,reference_better
144,43,6.46881760081828,6.459055107452035,interaction_tuned_gru_tuned_anchor_vs_v4_fusion_tree_episodic_k5,prior_fusion_reference,q90,0.009762493366245018,-0.15114429593550138,reference_better
144,44,6.59978127294318,6.437512393565284,interaction_tuned_gru_tuned_anchor_vs_v4_fusion_tree_episodic_k5,prior_fusion_reference,q90,0.1622688793778959,-2.520676768561936,reference_better
142,42,0.9570183708649885,0.9915858675387413,interaction_tuned_gru_tuned_anchor_vs_v4_fusion_tree_episodic_k5,prior_fusion_reference,nontail,-0.03456749667375281,3.4860820232900602,candidate_better
142,43,0.9800344323922103,0.9925027367041546,interaction_tuned_gru_tuned_anchor_vs_v4_fusion_tree_episodic_k5,prior_fusion_reference,nontail,-0.012468304311944234,1.2562488596604027,candidate_better
142,44,0.9824781173512662,1.0020601800293254,interaction_tuned_gru_tuned_anchor_vs_v4_fusion_tree_episodic_k5,prior_fusion_reference,nontail,-0.019582062678059176,1.9541803045687423,candidate_better
143,42,1.010145978293383,1.010177822832286,interaction_tuned_gru_tuned_anchor_vs_v4_fusion_tree_episodic_k5,prior_fusion_reference,nontail,-3.184453890292538e-05,0.003152369630687879,candidate_better
143,43,1.0084441150032215,1.0041216726400957,interaction_tuned_gru_tuned_anchor_vs_v4_fusion_tree_episodic_k5,prior_fusion_reference,nontail,0.004322442363125845,-0.4304699799737355,reference_better
143,44,0.9980664852406447,1.0117386777212585,interaction_tuned_gru_tuned_anchor_vs_v4_fusion_tree_episodic_k5,prior_fusion_reference,nontail,-0.013672192480613798,1.3513561141507147,candidate_better
144,42,1.0142197443470395,1.0080740671241266,interaction_tuned_gru_tuned_anchor_vs_v4_fusion_tree_episodic_k5,prior_fusion_reference,nontail,0.006145677222912926,-0.6096454043744481,reference_better
144,43,0.9824658405042498,1.0201778741268708,interaction_tuned_gru_tuned_anchor_vs_v4_fusion_tree_episodic_k5,prior_fusion_reference,nontail,-0.03771203362262099,3.6966135591694926,candidate_better
144,44,1.0100726692274316,1.0098094632540213,interaction_tuned_gru_tuned_anchor_vs_v4_fusion_tree_episodic_k5,prior_fusion_reference,nontail,0.0002632059734102299,-0.02606491451981885,reference_better
